<?xml version="1.0" encoding="UTF-8"?>
<gpx version="1.1" creator="FitFilter" xmlns="http://www.topografix.com/GPX/1/1" xmlns:xsi="http://www.w3.org/2001/XMLSchema-instance" xsi:schemaLocation="http://www.topografix.com/GPX/1/1 http://www.topografix.com/GPX/1/1/gpx.xsd">
  <metadata>
    <time>2026-07-23T10:04:37Z</time>
  </metadata>
  <trk>
    <name>Running - 2026-07-23 10:04</name>
    <type>running</type>
    <trkseg>
      <trkpt lat="9.004752" lon="-79.566078">
        <time>2026-07-23T10:04:37Z</time>
      </trkpt>
      <trkpt lat="9.004755" lon="-79.566080">
        <time>2026-07-23T10:04:38Z</time>
      </trkpt>
      <trkpt lat="9.004756" lon="-79.566087">
        <time>2026-07-23T10:04:39Z</time>
      </trkpt>
      <trkpt lat="9.004762" lon="-79.566097">
        <time>2026-07-23T10:04:40Z</time>
      </trkpt>
      <trkpt lat="9.004768" lon="-79.566107">
        <time>2026-07-23T10:04:41Z</time>
      </trkpt>
      <trkpt lat="9.004775" lon="-79.566113">
        <time>2026-07-23T10:04:42Z</time>
      </trkpt>
      <trkpt lat="9.004782" lon="-79.566121">
        <time>2026-07-23T10:04:43Z</time>
      </trkpt>
      <trkpt lat="9.004785" lon="-79.566129">
        <time>2026-07-23T10:04:44Z</time>
      </trkpt>
      <trkpt lat="9.004794" lon="-79.566141">
        <time>2026-07-23T10:04:45Z</time>
      </trkpt>
      <trkpt lat="9.004800" lon="-79.566151">
        <time>2026-07-23T10:04:46Z</time>
      </trkpt>
      <trkpt lat="9.004805" lon="-79.566161">
        <time>2026-07-23T10:04:47Z</time>
      </trkpt>
      <trkpt lat="9.004811" lon="-79.566175">
        <time>2026-07-23T10:04:48Z</time>
      </trkpt>
      <trkpt lat="9.004816" lon="-79.566190">
        <time>2026-07-23T10:04:49Z</time>
      </trkpt>
      <trkpt lat="9.004821" lon="-79.566204">
        <time>2026-07-23T10:04:50Z</time>
      </trkpt>
      <trkpt lat="9.004830" lon="-79.566224">
        <time>2026-07-23T10:04:51Z</time>
      </trkpt>
      <trkpt lat="9.004840" lon="-79.566242">
        <time>2026-07-23T10:04:52Z</time>
      </trkpt>
      <trkpt lat="9.004848" lon="-79.566259">
        <time>2026-07-23T10:04:53Z</time>
      </trkpt>
      <trkpt lat="9.004856" lon="-79.566277">
        <time>2026-07-23T10:04:54Z</time>
      </trkpt>
      <trkpt lat="9.004864" lon="-79.566293">
        <time>2026-07-23T10:04:55Z</time>
      </trkpt>
      <trkpt lat="9.004871" lon="-79.566309">
        <time>2026-07-23T10:04:56Z</time>
      </trkpt>
      <trkpt lat="9.004879" lon="-79.566325">
        <time>2026-07-23T10:04:57Z</time>
      </trkpt>
      <trkpt lat="9.004887" lon="-79.566344">
        <time>2026-07-23T10:04:58Z</time>
      </trkpt>
      <trkpt lat="9.004896" lon="-79.566359">
        <time>2026-07-23T10:04:59Z</time>
      </trkpt>
      <trkpt lat="9.004905" lon="-79.566378">
        <time>2026-07-23T10:05:00Z</time>
      </trkpt>
      <trkpt lat="9.004914" lon="-79.566397">
        <time>2026-07-23T10:05:01Z</time>
      </trkpt>
      <trkpt lat="9.004923" lon="-79.566413">
        <time>2026-07-23T10:05:02Z</time>
      </trkpt>
      <trkpt lat="9.004932" lon="-79.566428">
        <time>2026-07-23T10:05:03Z</time>
      </trkpt>
      <trkpt lat="9.004939" lon="-79.566447">
        <time>2026-07-23T10:05:04Z</time>
      </trkpt>
      <trkpt lat="9.004947" lon="-79.566462">
        <time>2026-07-23T10:05:05Z</time>
      </trkpt>
      <trkpt lat="9.004955" lon="-79.566480">
        <time>2026-07-23T10:05:06Z</time>
      </trkpt>
      <trkpt lat="9.004963" lon="-79.566497">
        <time>2026-07-23T10:05:07Z</time>
      </trkpt>
      <trkpt lat="9.004970" lon="-79.566515">
        <time>2026-07-23T10:05:08Z</time>
      </trkpt>
      <trkpt lat="9.004976" lon="-79.566535">
        <time>2026-07-23T10:05:09Z</time>
      </trkpt>
      <trkpt lat="9.004985" lon="-79.566552">
        <time>2026-07-23T10:05:10Z</time>
      </trkpt>
      <trkpt lat="9.004992" lon="-79.566570">
        <time>2026-07-23T10:05:11Z</time>
      </trkpt>
      <trkpt lat="9.005001" lon="-79.566587">
        <time>2026-07-23T10:05:12Z</time>
      </trkpt>
      <trkpt lat="9.005010" lon="-79.566602">
        <time>2026-07-23T10:05:13Z</time>
      </trkpt>
      <trkpt lat="9.005016" lon="-79.566620">
        <time>2026-07-23T10:05:14Z</time>
      </trkpt>
      <trkpt lat="9.005023" lon="-79.566638">
        <time>2026-07-23T10:05:15Z</time>
      </trkpt>
      <trkpt lat="9.005027" lon="-79.566657">
        <time>2026-07-23T10:05:16Z</time>
      </trkpt>
      <trkpt lat="9.005033" lon="-79.566676">
        <time>2026-07-23T10:05:17Z</time>
      </trkpt>
      <trkpt lat="9.005038" lon="-79.566693">
        <time>2026-07-23T10:05:18Z</time>
      </trkpt>
      <trkpt lat="9.005045" lon="-79.566712">
        <time>2026-07-23T10:05:19Z</time>
      </trkpt>
      <trkpt lat="9.005049" lon="-79.566732">
        <time>2026-07-23T10:05:20Z</time>
      </trkpt>
      <trkpt lat="9.005053" lon="-79.566751">
        <time>2026-07-23T10:05:21Z</time>
      </trkpt>
      <trkpt lat="9.005057" lon="-79.566770">
        <time>2026-07-23T10:05:22Z</time>
      </trkpt>
      <trkpt lat="9.005071" lon="-79.566792">
        <time>2026-07-23T10:05:23Z</time>
      </trkpt>
      <trkpt lat="9.005081" lon="-79.566810">
        <time>2026-07-23T10:05:24Z</time>
      </trkpt>
      <trkpt lat="9.005089" lon="-79.566828">
        <time>2026-07-23T10:05:25Z</time>
      </trkpt>
      <trkpt lat="9.005095" lon="-79.566846">
        <time>2026-07-23T10:05:26Z</time>
      </trkpt>
      <trkpt lat="9.005099" lon="-79.566866">
        <time>2026-07-23T10:05:27Z</time>
      </trkpt>
      <trkpt lat="9.005099" lon="-79.566886">
        <time>2026-07-23T10:05:28Z</time>
      </trkpt>
      <trkpt lat="9.005101" lon="-79.566904">
        <time>2026-07-23T10:05:29Z</time>
      </trkpt>
      <trkpt lat="9.005104" lon="-79.566923">
        <time>2026-07-23T10:05:30Z</time>
      </trkpt>
      <trkpt lat="9.005108" lon="-79.566946">
        <time>2026-07-23T10:05:31Z</time>
      </trkpt>
      <trkpt lat="9.005114" lon="-79.566965">
        <time>2026-07-23T10:05:32Z</time>
      </trkpt>
      <trkpt lat="9.005125" lon="-79.566989">
        <time>2026-07-23T10:05:33Z</time>
      </trkpt>
      <trkpt lat="9.005135" lon="-79.567010">
        <time>2026-07-23T10:05:34Z</time>
      </trkpt>
      <trkpt lat="9.005146" lon="-79.567029">
        <time>2026-07-23T10:05:35Z</time>
      </trkpt>
      <trkpt lat="9.005159" lon="-79.567049">
        <time>2026-07-23T10:05:36Z</time>
      </trkpt>
      <trkpt lat="9.005169" lon="-79.567068">
        <time>2026-07-23T10:05:37Z</time>
      </trkpt>
      <trkpt lat="9.005179" lon="-79.567090">
        <time>2026-07-23T10:05:38Z</time>
      </trkpt>
      <trkpt lat="9.005190" lon="-79.567112">
        <time>2026-07-23T10:05:39Z</time>
      </trkpt>
      <trkpt lat="9.005201" lon="-79.567133">
        <time>2026-07-23T10:05:40Z</time>
      </trkpt>
      <trkpt lat="9.005211" lon="-79.567152">
        <time>2026-07-23T10:05:41Z</time>
      </trkpt>
      <trkpt lat="9.005221" lon="-79.567172">
        <time>2026-07-23T10:05:42Z</time>
      </trkpt>
      <trkpt lat="9.005231" lon="-79.567191">
        <time>2026-07-23T10:05:43Z</time>
      </trkpt>
      <trkpt lat="9.005242" lon="-79.567209">
        <time>2026-07-23T10:05:44Z</time>
      </trkpt>
      <trkpt lat="9.005249" lon="-79.567227">
        <time>2026-07-23T10:05:45Z</time>
      </trkpt>
      <trkpt lat="9.005258" lon="-79.567241">
        <time>2026-07-23T10:05:46Z</time>
      </trkpt>
      <trkpt lat="9.005265" lon="-79.567256">
        <time>2026-07-23T10:05:47Z</time>
      </trkpt>
      <trkpt lat="9.005273" lon="-79.567274">
        <time>2026-07-23T10:05:48Z</time>
      </trkpt>
      <trkpt lat="9.005281" lon="-79.567291">
        <time>2026-07-23T10:05:49Z</time>
      </trkpt>
      <trkpt lat="9.005291" lon="-79.567311">
        <time>2026-07-23T10:05:50Z</time>
      </trkpt>
      <trkpt lat="9.005302" lon="-79.567327">
        <time>2026-07-23T10:05:51Z</time>
      </trkpt>
      <trkpt lat="9.005312" lon="-79.567344">
        <time>2026-07-23T10:05:52Z</time>
      </trkpt>
      <trkpt lat="9.005322" lon="-79.567365">
        <time>2026-07-23T10:05:53Z</time>
      </trkpt>
      <trkpt lat="9.005331" lon="-79.567384">
        <time>2026-07-23T10:05:54Z</time>
      </trkpt>
      <trkpt lat="9.005344" lon="-79.567402">
        <time>2026-07-23T10:05:55Z</time>
      </trkpt>
      <trkpt lat="9.005354" lon="-79.567419">
        <time>2026-07-23T10:05:56Z</time>
      </trkpt>
      <trkpt lat="9.005362" lon="-79.567435">
        <time>2026-07-23T10:05:57Z</time>
      </trkpt>
      <trkpt lat="9.005373" lon="-79.567453">
        <time>2026-07-23T10:05:58Z</time>
      </trkpt>
      <trkpt lat="9.005386" lon="-79.567472">
        <time>2026-07-23T10:05:59Z</time>
      </trkpt>
      <trkpt lat="9.005395" lon="-79.567488">
        <time>2026-07-23T10:06:00Z</time>
      </trkpt>
      <trkpt lat="9.005408" lon="-79.567506">
        <time>2026-07-23T10:06:01Z</time>
      </trkpt>
      <trkpt lat="9.005421" lon="-79.567526">
        <time>2026-07-23T10:06:02Z</time>
      </trkpt>
      <trkpt lat="9.005434" lon="-79.567544">
        <time>2026-07-23T10:06:03Z</time>
      </trkpt>
      <trkpt lat="9.005447" lon="-79.567561">
        <time>2026-07-23T10:06:04Z</time>
      </trkpt>
      <trkpt lat="9.005461" lon="-79.567582">
        <time>2026-07-23T10:06:05Z</time>
      </trkpt>
      <trkpt lat="9.005471" lon="-79.567600">
        <time>2026-07-23T10:06:06Z</time>
      </trkpt>
      <trkpt lat="9.005482" lon="-79.567616">
        <time>2026-07-23T10:06:07Z</time>
      </trkpt>
      <trkpt lat="9.005495" lon="-79.567631">
        <time>2026-07-23T10:06:08Z</time>
      </trkpt>
      <trkpt lat="9.005507" lon="-79.567646">
        <time>2026-07-23T10:06:09Z</time>
      </trkpt>
      <trkpt lat="9.005517" lon="-79.567664">
        <time>2026-07-23T10:06:10Z</time>
      </trkpt>
      <trkpt lat="9.005533" lon="-79.567680">
        <time>2026-07-23T10:06:11Z</time>
      </trkpt>
      <trkpt lat="9.005543" lon="-79.567693">
        <time>2026-07-23T10:06:12Z</time>
      </trkpt>
      <trkpt lat="9.005553" lon="-79.567711">
        <time>2026-07-23T10:06:13Z</time>
      </trkpt>
      <trkpt lat="9.005568" lon="-79.567728">
        <time>2026-07-23T10:06:14Z</time>
      </trkpt>
      <trkpt lat="9.005582" lon="-79.567746">
        <time>2026-07-23T10:06:15Z</time>
      </trkpt>
      <trkpt lat="9.005594" lon="-79.567763">
        <time>2026-07-23T10:06:16Z</time>
      </trkpt>
      <trkpt lat="9.005609" lon="-79.567779">
        <time>2026-07-23T10:06:17Z</time>
      </trkpt>
      <trkpt lat="9.005623" lon="-79.567797">
        <time>2026-07-23T10:06:18Z</time>
      </trkpt>
      <trkpt lat="9.005636" lon="-79.567812">
        <time>2026-07-23T10:06:19Z</time>
      </trkpt>
      <trkpt lat="9.005651" lon="-79.567827">
        <time>2026-07-23T10:06:20Z</time>
      </trkpt>
      <trkpt lat="9.005667" lon="-79.567842">
        <time>2026-07-23T10:06:21Z</time>
      </trkpt>
      <trkpt lat="9.005683" lon="-79.567859">
        <time>2026-07-23T10:06:22Z</time>
      </trkpt>
      <trkpt lat="9.005698" lon="-79.567874">
        <time>2026-07-23T10:06:23Z</time>
      </trkpt>
      <trkpt lat="9.005712" lon="-79.567890">
        <time>2026-07-23T10:06:24Z</time>
      </trkpt>
      <trkpt lat="9.005725" lon="-79.567904">
        <time>2026-07-23T10:06:25Z</time>
      </trkpt>
      <trkpt lat="9.005738" lon="-79.567918">
        <time>2026-07-23T10:06:26Z</time>
      </trkpt>
      <trkpt lat="9.005752" lon="-79.567934">
        <time>2026-07-23T10:06:27Z</time>
      </trkpt>
      <trkpt lat="9.005764" lon="-79.567951">
        <time>2026-07-23T10:06:28Z</time>
      </trkpt>
      <trkpt lat="9.005772" lon="-79.567966">
        <time>2026-07-23T10:06:29Z</time>
      </trkpt>
      <trkpt lat="9.005778" lon="-79.567983">
        <time>2026-07-23T10:06:30Z</time>
      </trkpt>
      <trkpt lat="9.005780" lon="-79.568002">
        <time>2026-07-23T10:06:31Z</time>
      </trkpt>
      <trkpt lat="9.005780" lon="-79.568022">
        <time>2026-07-23T10:06:32Z</time>
      </trkpt>
      <trkpt lat="9.005776" lon="-79.568039">
        <time>2026-07-23T10:06:33Z</time>
      </trkpt>
      <trkpt lat="9.005771" lon="-79.568058">
        <time>2026-07-23T10:06:34Z</time>
      </trkpt>
      <trkpt lat="9.005765" lon="-79.568078">
        <time>2026-07-23T10:06:35Z</time>
      </trkpt>
      <trkpt lat="9.005753" lon="-79.568095">
        <time>2026-07-23T10:06:36Z</time>
      </trkpt>
      <trkpt lat="9.005743" lon="-79.568111">
        <time>2026-07-23T10:06:37Z</time>
      </trkpt>
      <trkpt lat="9.005732" lon="-79.568127">
        <time>2026-07-23T10:06:38Z</time>
      </trkpt>
      <trkpt lat="9.005721" lon="-79.568142">
        <time>2026-07-23T10:06:39Z</time>
      </trkpt>
      <trkpt lat="9.005711" lon="-79.568157">
        <time>2026-07-23T10:06:40Z</time>
      </trkpt>
      <trkpt lat="9.005699" lon="-79.568170">
        <time>2026-07-23T10:06:41Z</time>
      </trkpt>
      <trkpt lat="9.005688" lon="-79.568185">
        <time>2026-07-23T10:06:42Z</time>
      </trkpt>
      <trkpt lat="9.005676" lon="-79.568202">
        <time>2026-07-23T10:06:43Z</time>
      </trkpt>
      <trkpt lat="9.005665" lon="-79.568220">
        <time>2026-07-23T10:06:44Z</time>
      </trkpt>
      <trkpt lat="9.005655" lon="-79.568238">
        <time>2026-07-23T10:06:45Z</time>
      </trkpt>
      <trkpt lat="9.005643" lon="-79.568259">
        <time>2026-07-23T10:06:46Z</time>
      </trkpt>
      <trkpt lat="9.005630" lon="-79.568277">
        <time>2026-07-23T10:06:47Z</time>
      </trkpt>
      <trkpt lat="9.005616" lon="-79.568295">
        <time>2026-07-23T10:06:48Z</time>
      </trkpt>
      <trkpt lat="9.005603" lon="-79.568314">
        <time>2026-07-23T10:06:49Z</time>
      </trkpt>
      <trkpt lat="9.005591" lon="-79.568333">
        <time>2026-07-23T10:06:50Z</time>
      </trkpt>
      <trkpt lat="9.005578" lon="-79.568352">
        <time>2026-07-23T10:06:51Z</time>
      </trkpt>
      <trkpt lat="9.005565" lon="-79.568373">
        <time>2026-07-23T10:06:52Z</time>
      </trkpt>
      <trkpt lat="9.005555" lon="-79.568394">
        <time>2026-07-23T10:06:53Z</time>
      </trkpt>
      <trkpt lat="9.005547" lon="-79.568413">
        <time>2026-07-23T10:06:54Z</time>
      </trkpt>
      <trkpt lat="9.005540" lon="-79.568435">
        <time>2026-07-23T10:06:55Z</time>
      </trkpt>
      <trkpt lat="9.005536" lon="-79.568460">
        <time>2026-07-23T10:06:56Z</time>
      </trkpt>
      <trkpt lat="9.005538" lon="-79.568484">
        <time>2026-07-23T10:06:57Z</time>
      </trkpt>
      <trkpt lat="9.005532" lon="-79.568508">
        <time>2026-07-23T10:06:58Z</time>
      </trkpt>
      <trkpt lat="9.005527" lon="-79.568528">
        <time>2026-07-23T10:06:59Z</time>
      </trkpt>
      <trkpt lat="9.005520" lon="-79.568550">
        <time>2026-07-23T10:07:00Z</time>
      </trkpt>
      <trkpt lat="9.005516" lon="-79.568574">
        <time>2026-07-23T10:07:01Z</time>
      </trkpt>
      <trkpt lat="9.005510" lon="-79.568596">
        <time>2026-07-23T10:07:02Z</time>
      </trkpt>
      <trkpt lat="9.005503" lon="-79.568616">
        <time>2026-07-23T10:07:03Z</time>
      </trkpt>
      <trkpt lat="9.005499" lon="-79.568640">
        <time>2026-07-23T10:07:04Z</time>
      </trkpt>
      <trkpt lat="9.005494" lon="-79.568663">
        <time>2026-07-23T10:07:05Z</time>
      </trkpt>
      <trkpt lat="9.005488" lon="-79.568686">
        <time>2026-07-23T10:07:06Z</time>
      </trkpt>
      <trkpt lat="9.005486" lon="-79.568706">
        <time>2026-07-23T10:07:07Z</time>
      </trkpt>
      <trkpt lat="9.005478" lon="-79.568732">
        <time>2026-07-23T10:07:08Z</time>
      </trkpt>
      <trkpt lat="9.005474" lon="-79.568752">
        <time>2026-07-23T10:07:09Z</time>
      </trkpt>
      <trkpt lat="9.005470" lon="-79.568769">
        <time>2026-07-23T10:07:10Z</time>
      </trkpt>
      <trkpt lat="9.005467" lon="-79.568789">
        <time>2026-07-23T10:07:11Z</time>
      </trkpt>
      <trkpt lat="9.005465" lon="-79.568806">
        <time>2026-07-23T10:07:12Z</time>
      </trkpt>
      <trkpt lat="9.005461" lon="-79.568824">
        <time>2026-07-23T10:07:13Z</time>
      </trkpt>
      <trkpt lat="9.005455" lon="-79.568845">
        <time>2026-07-23T10:07:14Z</time>
      </trkpt>
      <trkpt lat="9.005448" lon="-79.568863">
        <time>2026-07-23T10:07:15Z</time>
      </trkpt>
      <trkpt lat="9.005443" lon="-79.568884">
        <time>2026-07-23T10:07:16Z</time>
      </trkpt>
      <trkpt lat="9.005436" lon="-79.568903">
        <time>2026-07-23T10:07:17Z</time>
      </trkpt>
      <trkpt lat="9.005429" lon="-79.568921">
        <time>2026-07-23T10:07:18Z</time>
      </trkpt>
      <trkpt lat="9.005420" lon="-79.568943">
        <time>2026-07-23T10:07:19Z</time>
      </trkpt>
      <trkpt lat="9.005414" lon="-79.568967">
        <time>2026-07-23T10:07:20Z</time>
      </trkpt>
      <trkpt lat="9.005407" lon="-79.568987">
        <time>2026-07-23T10:07:21Z</time>
      </trkpt>
      <trkpt lat="9.005401" lon="-79.569009">
        <time>2026-07-23T10:07:22Z</time>
      </trkpt>
      <trkpt lat="9.005393" lon="-79.569030">
        <time>2026-07-23T10:07:23Z</time>
      </trkpt>
      <trkpt lat="9.005384" lon="-79.569053">
        <time>2026-07-23T10:07:24Z</time>
      </trkpt>
      <trkpt lat="9.005377" lon="-79.569074">
        <time>2026-07-23T10:07:25Z</time>
      </trkpt>
      <trkpt lat="9.005365" lon="-79.569099">
        <time>2026-07-23T10:07:26Z</time>
      </trkpt>
      <trkpt lat="9.005356" lon="-79.569121">
        <time>2026-07-23T10:07:27Z</time>
      </trkpt>
      <trkpt lat="9.005351" lon="-79.569145">
        <time>2026-07-23T10:07:28Z</time>
      </trkpt>
      <trkpt lat="9.005360" lon="-79.569169">
        <time>2026-07-23T10:07:29Z</time>
      </trkpt>
      <trkpt lat="9.005363" lon="-79.569193">
        <time>2026-07-23T10:07:30Z</time>
      </trkpt>
      <trkpt lat="9.005358" lon="-79.569214">
        <time>2026-07-23T10:07:31Z</time>
      </trkpt>
      <trkpt lat="9.005351" lon="-79.569236">
        <time>2026-07-23T10:07:32Z</time>
      </trkpt>
      <trkpt lat="9.005346" lon="-79.569260">
        <time>2026-07-23T10:07:33Z</time>
      </trkpt>
      <trkpt lat="9.005340" lon="-79.569284">
        <time>2026-07-23T10:07:34Z</time>
      </trkpt>
      <trkpt lat="9.005336" lon="-79.569307">
        <time>2026-07-23T10:07:35Z</time>
      </trkpt>
      <trkpt lat="9.005333" lon="-79.569329">
        <time>2026-07-23T10:07:36Z</time>
      </trkpt>
      <trkpt lat="9.005331" lon="-79.569350">
        <time>2026-07-23T10:07:37Z</time>
      </trkpt>
      <trkpt lat="9.005329" lon="-79.569371">
        <time>2026-07-23T10:07:38Z</time>
      </trkpt>
      <trkpt lat="9.005326" lon="-79.569393">
        <time>2026-07-23T10:07:39Z</time>
      </trkpt>
      <trkpt lat="9.005322" lon="-79.569412">
        <time>2026-07-23T10:07:40Z</time>
      </trkpt>
      <trkpt lat="9.005317" lon="-79.569433">
        <time>2026-07-23T10:07:41Z</time>
      </trkpt>
      <trkpt lat="9.005314" lon="-79.569453">
        <time>2026-07-23T10:07:42Z</time>
      </trkpt>
      <trkpt lat="9.005309" lon="-79.569474">
        <time>2026-07-23T10:07:43Z</time>
      </trkpt>
      <trkpt lat="9.005301" lon="-79.569495">
        <time>2026-07-23T10:07:44Z</time>
      </trkpt>
      <trkpt lat="9.005292" lon="-79.569516">
        <time>2026-07-23T10:07:45Z</time>
      </trkpt>
      <trkpt lat="9.005283" lon="-79.569534">
        <time>2026-07-23T10:07:46Z</time>
      </trkpt>
      <trkpt lat="9.005274" lon="-79.569555">
        <time>2026-07-23T10:07:47Z</time>
      </trkpt>
      <trkpt lat="9.005268" lon="-79.569573">
        <time>2026-07-23T10:07:48Z</time>
      </trkpt>
      <trkpt lat="9.005261" lon="-79.569593">
        <time>2026-07-23T10:07:49Z</time>
      </trkpt>
      <trkpt lat="9.005252" lon="-79.569614">
        <time>2026-07-23T10:07:50Z</time>
      </trkpt>
      <trkpt lat="9.005245" lon="-79.569634">
        <time>2026-07-23T10:07:51Z</time>
      </trkpt>
      <trkpt lat="9.005236" lon="-79.569654">
        <time>2026-07-23T10:07:52Z</time>
      </trkpt>
      <trkpt lat="9.005226" lon="-79.569677">
        <time>2026-07-23T10:07:53Z</time>
      </trkpt>
      <trkpt lat="9.005220" lon="-79.569698">
        <time>2026-07-23T10:07:54Z</time>
      </trkpt>
      <trkpt lat="9.005213" lon="-79.569719">
        <time>2026-07-23T10:07:55Z</time>
      </trkpt>
      <trkpt lat="9.005203" lon="-79.569739">
        <time>2026-07-23T10:07:56Z</time>
      </trkpt>
      <trkpt lat="9.005194" lon="-79.569761">
        <time>2026-07-23T10:07:57Z</time>
      </trkpt>
      <trkpt lat="9.005183" lon="-79.569779">
        <time>2026-07-23T10:07:58Z</time>
      </trkpt>
      <trkpt lat="9.005172" lon="-79.569801">
        <time>2026-07-23T10:07:59Z</time>
      </trkpt>
      <trkpt lat="9.005160" lon="-79.569818">
        <time>2026-07-23T10:08:00Z</time>
      </trkpt>
      <trkpt lat="9.005149" lon="-79.569836">
        <time>2026-07-23T10:08:01Z</time>
      </trkpt>
      <trkpt lat="9.005142" lon="-79.569858">
        <time>2026-07-23T10:08:02Z</time>
      </trkpt>
      <trkpt lat="9.005132" lon="-79.569880">
        <time>2026-07-23T10:08:03Z</time>
      </trkpt>
      <trkpt lat="9.005120" lon="-79.569899">
        <time>2026-07-23T10:08:04Z</time>
      </trkpt>
      <trkpt lat="9.005112" lon="-79.569920">
        <time>2026-07-23T10:08:05Z</time>
      </trkpt>
      <trkpt lat="9.005108" lon="-79.569944">
        <time>2026-07-23T10:08:06Z</time>
      </trkpt>
      <trkpt lat="9.005099" lon="-79.569967">
        <time>2026-07-23T10:08:07Z</time>
      </trkpt>
      <trkpt lat="9.005092" lon="-79.569990">
        <time>2026-07-23T10:08:08Z</time>
      </trkpt>
      <trkpt lat="9.005085" lon="-79.570014">
        <time>2026-07-23T10:08:09Z</time>
      </trkpt>
      <trkpt lat="9.005083" lon="-79.570034">
        <time>2026-07-23T10:08:10Z</time>
      </trkpt>
      <trkpt lat="9.005081" lon="-79.570054">
        <time>2026-07-23T10:08:11Z</time>
      </trkpt>
      <trkpt lat="9.005080" lon="-79.570076">
        <time>2026-07-23T10:08:12Z</time>
      </trkpt>
      <trkpt lat="9.005075" lon="-79.570095">
        <time>2026-07-23T10:08:13Z</time>
      </trkpt>
      <trkpt lat="9.005068" lon="-79.570116">
        <time>2026-07-23T10:08:14Z</time>
      </trkpt>
      <trkpt lat="9.005052" lon="-79.570137">
        <time>2026-07-23T10:08:15Z</time>
      </trkpt>
      <trkpt lat="9.005042" lon="-79.570160">
        <time>2026-07-23T10:08:16Z</time>
      </trkpt>
      <trkpt lat="9.005033" lon="-79.570182">
        <time>2026-07-23T10:08:17Z</time>
      </trkpt>
      <trkpt lat="9.005026" lon="-79.570205">
        <time>2026-07-23T10:08:18Z</time>
      </trkpt>
      <trkpt lat="9.005022" lon="-79.570227">
        <time>2026-07-23T10:08:19Z</time>
      </trkpt>
      <trkpt lat="9.005014" lon="-79.570250">
        <time>2026-07-23T10:08:20Z</time>
      </trkpt>
      <trkpt lat="9.005014" lon="-79.570278">
        <time>2026-07-23T10:08:21Z</time>
      </trkpt>
      <trkpt lat="9.005013" lon="-79.570301">
        <time>2026-07-23T10:08:22Z</time>
      </trkpt>
      <trkpt lat="9.005010" lon="-79.570321">
        <time>2026-07-23T10:08:23Z</time>
      </trkpt>
      <trkpt lat="9.005004" lon="-79.570339">
        <time>2026-07-23T10:08:24Z</time>
      </trkpt>
      <trkpt lat="9.004995" lon="-79.570355">
        <time>2026-07-23T10:08:25Z</time>
      </trkpt>
      <trkpt lat="9.004985" lon="-79.570372">
        <time>2026-07-23T10:08:26Z</time>
      </trkpt>
      <trkpt lat="9.004973" lon="-79.570389">
        <time>2026-07-23T10:08:27Z</time>
      </trkpt>
      <trkpt lat="9.004963" lon="-79.570408">
        <time>2026-07-23T10:08:28Z</time>
      </trkpt>
      <trkpt lat="9.004952" lon="-79.570429">
        <time>2026-07-23T10:08:29Z</time>
      </trkpt>
      <trkpt lat="9.004944" lon="-79.570451">
        <time>2026-07-23T10:08:30Z</time>
      </trkpt>
      <trkpt lat="9.004938" lon="-79.570476">
        <time>2026-07-23T10:08:31Z</time>
      </trkpt>
      <trkpt lat="9.004932" lon="-79.570499">
        <time>2026-07-23T10:08:32Z</time>
      </trkpt>
      <trkpt lat="9.004923" lon="-79.570524">
        <time>2026-07-23T10:08:33Z</time>
      </trkpt>
      <trkpt lat="9.004913" lon="-79.570547">
        <time>2026-07-23T10:08:34Z</time>
      </trkpt>
      <trkpt lat="9.004903" lon="-79.570571">
        <time>2026-07-23T10:08:35Z</time>
      </trkpt>
      <trkpt lat="9.004902" lon="-79.570600">
        <time>2026-07-23T10:08:36Z</time>
      </trkpt>
      <trkpt lat="9.004896" lon="-79.570625">
        <time>2026-07-23T10:08:37Z</time>
      </trkpt>
      <trkpt lat="9.004890" lon="-79.570647">
        <time>2026-07-23T10:08:38Z</time>
      </trkpt>
      <trkpt lat="9.004883" lon="-79.570669">
        <time>2026-07-23T10:08:39Z</time>
      </trkpt>
      <trkpt lat="9.004876" lon="-79.570689">
        <time>2026-07-23T10:08:40Z</time>
      </trkpt>
      <trkpt lat="9.004869" lon="-79.570709">
        <time>2026-07-23T10:08:41Z</time>
      </trkpt>
      <trkpt lat="9.004861" lon="-79.570730">
        <time>2026-07-23T10:08:42Z</time>
      </trkpt>
      <trkpt lat="9.004856" lon="-79.570753">
        <time>2026-07-23T10:08:43Z</time>
      </trkpt>
      <trkpt lat="9.004849" lon="-79.570772">
        <time>2026-07-23T10:08:44Z</time>
      </trkpt>
      <trkpt lat="9.004845" lon="-79.570794">
        <time>2026-07-23T10:08:45Z</time>
      </trkpt>
      <trkpt lat="9.004838" lon="-79.570818">
        <time>2026-07-23T10:08:46Z</time>
      </trkpt>
      <trkpt lat="9.004837" lon="-79.570841">
        <time>2026-07-23T10:08:47Z</time>
      </trkpt>
      <trkpt lat="9.004839" lon="-79.570864">
        <time>2026-07-23T10:08:48Z</time>
      </trkpt>
      <trkpt lat="9.004840" lon="-79.570893">
        <time>2026-07-23T10:08:49Z</time>
      </trkpt>
      <trkpt lat="9.004840" lon="-79.570920">
        <time>2026-07-23T10:08:50Z</time>
      </trkpt>
      <trkpt lat="9.004840" lon="-79.570945">
        <time>2026-07-23T10:08:51Z</time>
      </trkpt>
      <trkpt lat="9.004842" lon="-79.570967">
        <time>2026-07-23T10:08:52Z</time>
      </trkpt>
      <trkpt lat="9.004845" lon="-79.570989">
        <time>2026-07-23T10:08:53Z</time>
      </trkpt>
      <trkpt lat="9.004843" lon="-79.571016">
        <time>2026-07-23T10:08:54Z</time>
      </trkpt>
      <trkpt lat="9.004841" lon="-79.571044">
        <time>2026-07-23T10:08:55Z</time>
      </trkpt>
      <trkpt lat="9.004841" lon="-79.571068">
        <time>2026-07-23T10:08:56Z</time>
      </trkpt>
      <trkpt lat="9.004840" lon="-79.571093">
        <time>2026-07-23T10:08:57Z</time>
      </trkpt>
      <trkpt lat="9.004841" lon="-79.571118">
        <time>2026-07-23T10:08:58Z</time>
      </trkpt>
      <trkpt lat="9.004837" lon="-79.571141">
        <time>2026-07-23T10:08:59Z</time>
      </trkpt>
      <trkpt lat="9.004839" lon="-79.571165">
        <time>2026-07-23T10:09:00Z</time>
      </trkpt>
      <trkpt lat="9.004839" lon="-79.571188">
        <time>2026-07-23T10:09:01Z</time>
      </trkpt>
      <trkpt lat="9.004833" lon="-79.571209">
        <time>2026-07-23T10:09:02Z</time>
      </trkpt>
      <trkpt lat="9.004833" lon="-79.571232">
        <time>2026-07-23T10:09:03Z</time>
      </trkpt>
      <trkpt lat="9.004834" lon="-79.571255">
        <time>2026-07-23T10:09:04Z</time>
      </trkpt>
      <trkpt lat="9.004832" lon="-79.571277">
        <time>2026-07-23T10:09:05Z</time>
      </trkpt>
      <trkpt lat="9.004831" lon="-79.571303">
        <time>2026-07-23T10:09:06Z</time>
      </trkpt>
      <trkpt lat="9.004829" lon="-79.571326">
        <time>2026-07-23T10:09:07Z</time>
      </trkpt>
      <trkpt lat="9.004827" lon="-79.571346">
        <time>2026-07-23T10:09:08Z</time>
      </trkpt>
      <trkpt lat="9.004824" lon="-79.571365">
        <time>2026-07-23T10:09:09Z</time>
      </trkpt>
      <trkpt lat="9.004820" lon="-79.571380">
        <time>2026-07-23T10:09:10Z</time>
      </trkpt>
      <trkpt lat="9.004818" lon="-79.571390">
        <time>2026-07-23T10:09:11Z</time>
      </trkpt>
      <trkpt lat="9.004818" lon="-79.571404">
        <time>2026-07-23T10:09:12Z</time>
      </trkpt>
      <trkpt lat="9.004819" lon="-79.571419">
        <time>2026-07-23T10:09:13Z</time>
      </trkpt>
      <trkpt lat="9.004818" lon="-79.571435">
        <time>2026-07-23T10:09:14Z</time>
      </trkpt>
      <trkpt lat="9.004816" lon="-79.571456">
        <time>2026-07-23T10:09:15Z</time>
      </trkpt>
      <trkpt lat="9.004814" lon="-79.571479">
        <time>2026-07-23T10:09:16Z</time>
      </trkpt>
      <trkpt lat="9.004809" lon="-79.571502">
        <time>2026-07-23T10:09:17Z</time>
      </trkpt>
      <trkpt lat="9.004806" lon="-79.571527">
        <time>2026-07-23T10:09:18Z</time>
      </trkpt>
      <trkpt lat="9.004802" lon="-79.571550">
        <time>2026-07-23T10:09:19Z</time>
      </trkpt>
      <trkpt lat="9.004798" lon="-79.571573">
        <time>2026-07-23T10:09:20Z</time>
      </trkpt>
      <trkpt lat="9.004794" lon="-79.571600">
        <time>2026-07-23T10:09:21Z</time>
      </trkpt>
      <trkpt lat="9.004789" lon="-79.571623">
        <time>2026-07-23T10:09:22Z</time>
      </trkpt>
      <trkpt lat="9.004787" lon="-79.571646">
        <time>2026-07-23T10:09:23Z</time>
      </trkpt>
      <trkpt lat="9.004783" lon="-79.571669">
        <time>2026-07-23T10:09:24Z</time>
      </trkpt>
      <trkpt lat="9.004778" lon="-79.571690">
        <time>2026-07-23T10:09:25Z</time>
      </trkpt>
      <trkpt lat="9.004775" lon="-79.571711">
        <time>2026-07-23T10:09:26Z</time>
      </trkpt>
      <trkpt lat="9.004773" lon="-79.571733">
        <time>2026-07-23T10:09:27Z</time>
      </trkpt>
      <trkpt lat="9.004770" lon="-79.571754">
        <time>2026-07-23T10:09:28Z</time>
      </trkpt>
      <trkpt lat="9.004765" lon="-79.571773">
        <time>2026-07-23T10:09:29Z</time>
      </trkpt>
      <trkpt lat="9.004761" lon="-79.571793">
        <time>2026-07-23T10:09:30Z</time>
      </trkpt>
      <trkpt lat="9.004757" lon="-79.571813">
        <time>2026-07-23T10:09:31Z</time>
      </trkpt>
      <trkpt lat="9.004754" lon="-79.571833">
        <time>2026-07-23T10:09:32Z</time>
      </trkpt>
      <trkpt lat="9.004750" lon="-79.571854">
        <time>2026-07-23T10:09:33Z</time>
      </trkpt>
      <trkpt lat="9.004747" lon="-79.571873">
        <time>2026-07-23T10:09:34Z</time>
      </trkpt>
      <trkpt lat="9.004742" lon="-79.571895">
        <time>2026-07-23T10:09:35Z</time>
      </trkpt>
      <trkpt lat="9.004738" lon="-79.571918">
        <time>2026-07-23T10:09:36Z</time>
      </trkpt>
      <trkpt lat="9.004735" lon="-79.571937">
        <time>2026-07-23T10:09:37Z</time>
      </trkpt>
      <trkpt lat="9.004732" lon="-79.571957">
        <time>2026-07-23T10:09:38Z</time>
      </trkpt>
      <trkpt lat="9.004728" lon="-79.571978">
        <time>2026-07-23T10:09:39Z</time>
      </trkpt>
      <trkpt lat="9.004723" lon="-79.571998">
        <time>2026-07-23T10:09:40Z</time>
      </trkpt>
      <trkpt lat="9.004718" lon="-79.572019">
        <time>2026-07-23T10:09:41Z</time>
      </trkpt>
      <trkpt lat="9.004712" lon="-79.572041">
        <time>2026-07-23T10:09:42Z</time>
      </trkpt>
      <trkpt lat="9.004704" lon="-79.572058">
        <time>2026-07-23T10:09:43Z</time>
      </trkpt>
      <trkpt lat="9.004695" lon="-79.572076">
        <time>2026-07-23T10:09:44Z</time>
      </trkpt>
      <trkpt lat="9.004690" lon="-79.572095">
        <time>2026-07-23T10:09:45Z</time>
      </trkpt>
      <trkpt lat="9.004683" lon="-79.572115">
        <time>2026-07-23T10:09:46Z</time>
      </trkpt>
      <trkpt lat="9.004675" lon="-79.572133">
        <time>2026-07-23T10:09:47Z</time>
      </trkpt>
      <trkpt lat="9.004670" lon="-79.572151">
        <time>2026-07-23T10:09:48Z</time>
      </trkpt>
      <trkpt lat="9.004663" lon="-79.572170">
        <time>2026-07-23T10:09:49Z</time>
      </trkpt>
      <trkpt lat="9.004657" lon="-79.572189">
        <time>2026-07-23T10:09:50Z</time>
      </trkpt>
      <trkpt lat="9.004653" lon="-79.572208">
        <time>2026-07-23T10:09:51Z</time>
      </trkpt>
      <trkpt lat="9.004645" lon="-79.572227">
        <time>2026-07-23T10:09:52Z</time>
      </trkpt>
      <trkpt lat="9.004635" lon="-79.572250">
        <time>2026-07-23T10:09:53Z</time>
      </trkpt>
      <trkpt lat="9.004628" lon="-79.572270">
        <time>2026-07-23T10:09:54Z</time>
      </trkpt>
      <trkpt lat="9.004622" lon="-79.572289">
        <time>2026-07-23T10:09:55Z</time>
      </trkpt>
      <trkpt lat="9.004616" lon="-79.572309">
        <time>2026-07-23T10:09:56Z</time>
      </trkpt>
      <trkpt lat="9.004609" lon="-79.572326">
        <time>2026-07-23T10:09:57Z</time>
      </trkpt>
      <trkpt lat="9.004603" lon="-79.572344">
        <time>2026-07-23T10:09:58Z</time>
      </trkpt>
      <trkpt lat="9.004599" lon="-79.572365">
        <time>2026-07-23T10:09:59Z</time>
      </trkpt>
      <trkpt lat="9.004593" lon="-79.572385">
        <time>2026-07-23T10:10:00Z</time>
      </trkpt>
      <trkpt lat="9.004583" lon="-79.572401">
        <time>2026-07-23T10:10:01Z</time>
      </trkpt>
      <trkpt lat="9.004573" lon="-79.572417">
        <time>2026-07-23T10:10:02Z</time>
      </trkpt>
      <trkpt lat="9.004564" lon="-79.572433">
        <time>2026-07-23T10:10:03Z</time>
      </trkpt>
      <trkpt lat="9.004553" lon="-79.572450">
        <time>2026-07-23T10:10:04Z</time>
      </trkpt>
      <trkpt lat="9.004544" lon="-79.572466">
        <time>2026-07-23T10:10:05Z</time>
      </trkpt>
      <trkpt lat="9.004532" lon="-79.572483">
        <time>2026-07-23T10:10:06Z</time>
      </trkpt>
      <trkpt lat="9.004520" lon="-79.572501">
        <time>2026-07-23T10:10:07Z</time>
      </trkpt>
      <trkpt lat="9.004509" lon="-79.572516">
        <time>2026-07-23T10:10:08Z</time>
      </trkpt>
      <trkpt lat="9.004494" lon="-79.572533">
        <time>2026-07-23T10:10:09Z</time>
      </trkpt>
      <trkpt lat="9.004483" lon="-79.572548">
        <time>2026-07-23T10:10:10Z</time>
      </trkpt>
      <trkpt lat="9.004472" lon="-79.572566">
        <time>2026-07-23T10:10:11Z</time>
      </trkpt>
      <trkpt lat="9.004460" lon="-79.572584">
        <time>2026-07-23T10:10:12Z</time>
      </trkpt>
      <trkpt lat="9.004448" lon="-79.572598">
        <time>2026-07-23T10:10:13Z</time>
      </trkpt>
      <trkpt lat="9.004433" lon="-79.572613">
        <time>2026-07-23T10:10:14Z</time>
      </trkpt>
      <trkpt lat="9.004416" lon="-79.572627">
        <time>2026-07-23T10:10:15Z</time>
      </trkpt>
      <trkpt lat="9.004399" lon="-79.572642">
        <time>2026-07-23T10:10:16Z</time>
      </trkpt>
      <trkpt lat="9.004385" lon="-79.572656">
        <time>2026-07-23T10:10:17Z</time>
      </trkpt>
      <trkpt lat="9.004374" lon="-79.572674">
        <time>2026-07-23T10:10:18Z</time>
      </trkpt>
      <trkpt lat="9.004366" lon="-79.572689">
        <time>2026-07-23T10:10:19Z</time>
      </trkpt>
      <trkpt lat="9.004355" lon="-79.572705">
        <time>2026-07-23T10:10:20Z</time>
      </trkpt>
      <trkpt lat="9.004342" lon="-79.572721">
        <time>2026-07-23T10:10:21Z</time>
      </trkpt>
      <trkpt lat="9.004329" lon="-79.572737">
        <time>2026-07-23T10:10:22Z</time>
      </trkpt>
      <trkpt lat="9.004321" lon="-79.572757">
        <time>2026-07-23T10:10:23Z</time>
      </trkpt>
      <trkpt lat="9.004306" lon="-79.572775">
        <time>2026-07-23T10:10:24Z</time>
      </trkpt>
      <trkpt lat="9.004292" lon="-79.572790">
        <time>2026-07-23T10:10:25Z</time>
      </trkpt>
      <trkpt lat="9.004277" lon="-79.572803">
        <time>2026-07-23T10:10:26Z</time>
      </trkpt>
      <trkpt lat="9.004258" lon="-79.572816">
        <time>2026-07-23T10:10:27Z</time>
      </trkpt>
      <trkpt lat="9.004243" lon="-79.572833">
        <time>2026-07-23T10:10:28Z</time>
      </trkpt>
      <trkpt lat="9.004230" lon="-79.572847">
        <time>2026-07-23T10:10:29Z</time>
      </trkpt>
      <trkpt lat="9.004212" lon="-79.572861">
        <time>2026-07-23T10:10:30Z</time>
      </trkpt>
      <trkpt lat="9.004195" lon="-79.572875">
        <time>2026-07-23T10:10:31Z</time>
      </trkpt>
      <trkpt lat="9.004180" lon="-79.572888">
        <time>2026-07-23T10:10:32Z</time>
      </trkpt>
      <trkpt lat="9.004164" lon="-79.572904">
        <time>2026-07-23T10:10:33Z</time>
      </trkpt>
      <trkpt lat="9.004151" lon="-79.572918">
        <time>2026-07-23T10:10:34Z</time>
      </trkpt>
      <trkpt lat="9.004138" lon="-79.572928">
        <time>2026-07-23T10:10:35Z</time>
      </trkpt>
      <trkpt lat="9.004124" lon="-79.572936">
        <time>2026-07-23T10:10:36Z</time>
      </trkpt>
      <trkpt lat="9.004112" lon="-79.572945">
        <time>2026-07-23T10:10:37Z</time>
      </trkpt>
      <trkpt lat="9.004101" lon="-79.572954">
        <time>2026-07-23T10:10:38Z</time>
      </trkpt>
      <trkpt lat="9.004080" lon="-79.572967">
        <time>2026-07-23T10:10:39Z</time>
      </trkpt>
      <trkpt lat="9.004061" lon="-79.572979">
        <time>2026-07-23T10:10:40Z</time>
      </trkpt>
      <trkpt lat="9.004041" lon="-79.572992">
        <time>2026-07-23T10:10:41Z</time>
      </trkpt>
      <trkpt lat="9.004022" lon="-79.573004">
        <time>2026-07-23T10:10:42Z</time>
      </trkpt>
      <trkpt lat="9.004002" lon="-79.573017">
        <time>2026-07-23T10:10:43Z</time>
      </trkpt>
      <trkpt lat="9.003983" lon="-79.573030">
        <time>2026-07-23T10:10:44Z</time>
      </trkpt>
      <trkpt lat="9.003964" lon="-79.573043">
        <time>2026-07-23T10:10:45Z</time>
      </trkpt>
      <trkpt lat="9.003947" lon="-79.573057">
        <time>2026-07-23T10:10:46Z</time>
      </trkpt>
      <trkpt lat="9.003927" lon="-79.573070">
        <time>2026-07-23T10:10:47Z</time>
      </trkpt>
      <trkpt lat="9.003910" lon="-79.573082">
        <time>2026-07-23T10:10:48Z</time>
      </trkpt>
      <trkpt lat="9.003890" lon="-79.573091">
        <time>2026-07-23T10:10:49Z</time>
      </trkpt>
      <trkpt lat="9.003870" lon="-79.573105">
        <time>2026-07-23T10:10:50Z</time>
      </trkpt>
      <trkpt lat="9.003851" lon="-79.573121">
        <time>2026-07-23T10:10:51Z</time>
      </trkpt>
      <trkpt lat="9.003828" lon="-79.573134">
        <time>2026-07-23T10:10:52Z</time>
      </trkpt>
      <trkpt lat="9.003807" lon="-79.573147">
        <time>2026-07-23T10:10:53Z</time>
      </trkpt>
      <trkpt lat="9.003787" lon="-79.573161">
        <time>2026-07-23T10:10:54Z</time>
      </trkpt>
      <trkpt lat="9.003766" lon="-79.573174">
        <time>2026-07-23T10:10:55Z</time>
      </trkpt>
      <trkpt lat="9.003745" lon="-79.573186">
        <time>2026-07-23T10:10:56Z</time>
      </trkpt>
      <trkpt lat="9.003724" lon="-79.573202">
        <time>2026-07-23T10:10:57Z</time>
      </trkpt>
      <trkpt lat="9.003705" lon="-79.573216">
        <time>2026-07-23T10:10:58Z</time>
      </trkpt>
      <trkpt lat="9.003687" lon="-79.573231">
        <time>2026-07-23T10:10:59Z</time>
      </trkpt>
      <trkpt lat="9.003672" lon="-79.573242">
        <time>2026-07-23T10:11:00Z</time>
      </trkpt>
      <trkpt lat="9.003660" lon="-79.573258">
        <time>2026-07-23T10:11:01Z</time>
      </trkpt>
      <trkpt lat="9.003648" lon="-79.573275">
        <time>2026-07-23T10:11:02Z</time>
      </trkpt>
      <trkpt lat="9.003631" lon="-79.573288">
        <time>2026-07-23T10:11:03Z</time>
      </trkpt>
      <trkpt lat="9.003615" lon="-79.573297">
        <time>2026-07-23T10:11:04Z</time>
      </trkpt>
      <trkpt lat="9.003598" lon="-79.573311">
        <time>2026-07-23T10:11:05Z</time>
      </trkpt>
      <trkpt lat="9.003582" lon="-79.573326">
        <time>2026-07-23T10:11:06Z</time>
      </trkpt>
      <trkpt lat="9.003568" lon="-79.573339">
        <time>2026-07-23T10:11:07Z</time>
      </trkpt>
      <trkpt lat="9.003554" lon="-79.573354">
        <time>2026-07-23T10:11:08Z</time>
      </trkpt>
      <trkpt lat="9.003536" lon="-79.573368">
        <time>2026-07-23T10:11:09Z</time>
      </trkpt>
      <trkpt lat="9.003519" lon="-79.573379">
        <time>2026-07-23T10:11:10Z</time>
      </trkpt>
      <trkpt lat="9.003504" lon="-79.573392">
        <time>2026-07-23T10:11:11Z</time>
      </trkpt>
      <trkpt lat="9.003489" lon="-79.573408">
        <time>2026-07-23T10:11:12Z</time>
      </trkpt>
      <trkpt lat="9.003473" lon="-79.573419">
        <time>2026-07-23T10:11:13Z</time>
      </trkpt>
      <trkpt lat="9.003453" lon="-79.573432">
        <time>2026-07-23T10:11:14Z</time>
      </trkpt>
      <trkpt lat="9.003435" lon="-79.573439">
        <time>2026-07-23T10:11:15Z</time>
      </trkpt>
      <trkpt lat="9.003421" lon="-79.573435">
        <time>2026-07-23T10:11:16Z</time>
      </trkpt>
      <trkpt lat="9.003398" lon="-79.573440">
        <time>2026-07-23T10:11:17Z</time>
      </trkpt>
      <trkpt lat="9.003376" lon="-79.573453">
        <time>2026-07-23T10:11:18Z</time>
      </trkpt>
      <trkpt lat="9.003356" lon="-79.573467">
        <time>2026-07-23T10:11:19Z</time>
      </trkpt>
      <trkpt lat="9.003336" lon="-79.573478">
        <time>2026-07-23T10:11:20Z</time>
      </trkpt>
      <trkpt lat="9.003317" lon="-79.573493">
        <time>2026-07-23T10:11:21Z</time>
      </trkpt>
      <trkpt lat="9.003298" lon="-79.573506">
        <time>2026-07-23T10:11:22Z</time>
      </trkpt>
      <trkpt lat="9.003277" lon="-79.573520">
        <time>2026-07-23T10:11:23Z</time>
      </trkpt>
      <trkpt lat="9.003260" lon="-79.573536">
        <time>2026-07-23T10:11:24Z</time>
      </trkpt>
      <trkpt lat="9.003244" lon="-79.573551">
        <time>2026-07-23T10:11:25Z</time>
      </trkpt>
      <trkpt lat="9.003227" lon="-79.573569">
        <time>2026-07-23T10:11:26Z</time>
      </trkpt>
      <trkpt lat="9.003211" lon="-79.573587">
        <time>2026-07-23T10:11:27Z</time>
      </trkpt>
      <trkpt lat="9.003196" lon="-79.573604">
        <time>2026-07-23T10:11:28Z</time>
      </trkpt>
      <trkpt lat="9.003180" lon="-79.573630">
        <time>2026-07-23T10:11:29Z</time>
      </trkpt>
      <trkpt lat="9.003168" lon="-79.573650">
        <time>2026-07-23T10:11:30Z</time>
      </trkpt>
      <trkpt lat="9.003156" lon="-79.573671">
        <time>2026-07-23T10:11:31Z</time>
      </trkpt>
      <trkpt lat="9.003144" lon="-79.573689">
        <time>2026-07-23T10:11:32Z</time>
      </trkpt>
      <trkpt lat="9.003131" lon="-79.573704">
        <time>2026-07-23T10:11:33Z</time>
      </trkpt>
      <trkpt lat="9.003119" lon="-79.573715">
        <time>2026-07-23T10:11:34Z</time>
      </trkpt>
      <trkpt lat="9.003103" lon="-79.573731">
        <time>2026-07-23T10:11:35Z</time>
      </trkpt>
      <trkpt lat="9.003090" lon="-79.573748">
        <time>2026-07-23T10:11:36Z</time>
      </trkpt>
      <trkpt lat="9.003073" lon="-79.573764">
        <time>2026-07-23T10:11:37Z</time>
      </trkpt>
      <trkpt lat="9.003056" lon="-79.573782">
        <time>2026-07-23T10:11:38Z</time>
      </trkpt>
      <trkpt lat="9.003039" lon="-79.573798">
        <time>2026-07-23T10:11:39Z</time>
      </trkpt>
      <trkpt lat="9.003020" lon="-79.573810">
        <time>2026-07-23T10:11:40Z</time>
      </trkpt>
      <trkpt lat="9.003003" lon="-79.573824">
        <time>2026-07-23T10:11:41Z</time>
      </trkpt>
      <trkpt lat="9.002987" lon="-79.573838">
        <time>2026-07-23T10:11:42Z</time>
      </trkpt>
      <trkpt lat="9.002970" lon="-79.573852">
        <time>2026-07-23T10:11:43Z</time>
      </trkpt>
      <trkpt lat="9.002950" lon="-79.573865">
        <time>2026-07-23T10:11:44Z</time>
      </trkpt>
      <trkpt lat="9.002931" lon="-79.573882">
        <time>2026-07-23T10:11:45Z</time>
      </trkpt>
      <trkpt lat="9.002914" lon="-79.573894">
        <time>2026-07-23T10:11:46Z</time>
      </trkpt>
      <trkpt lat="9.002896" lon="-79.573908">
        <time>2026-07-23T10:11:47Z</time>
      </trkpt>
      <trkpt lat="9.002878" lon="-79.573923">
        <time>2026-07-23T10:11:48Z</time>
      </trkpt>
      <trkpt lat="9.002863" lon="-79.573936">
        <time>2026-07-23T10:11:49Z</time>
      </trkpt>
      <trkpt lat="9.002847" lon="-79.573949">
        <time>2026-07-23T10:11:50Z</time>
      </trkpt>
      <trkpt lat="9.002829" lon="-79.573963">
        <time>2026-07-23T10:11:51Z</time>
      </trkpt>
      <trkpt lat="9.002813" lon="-79.573978">
        <time>2026-07-23T10:11:52Z</time>
      </trkpt>
      <trkpt lat="9.002796" lon="-79.573990">
        <time>2026-07-23T10:11:53Z</time>
      </trkpt>
      <trkpt lat="9.002780" lon="-79.574004">
        <time>2026-07-23T10:11:54Z</time>
      </trkpt>
      <trkpt lat="9.002761" lon="-79.574019">
        <time>2026-07-23T10:11:55Z</time>
      </trkpt>
      <trkpt lat="9.002744" lon="-79.574033">
        <time>2026-07-23T10:11:56Z</time>
      </trkpt>
      <trkpt lat="9.002728" lon="-79.574046">
        <time>2026-07-23T10:11:57Z</time>
      </trkpt>
      <trkpt lat="9.002715" lon="-79.574058">
        <time>2026-07-23T10:11:58Z</time>
      </trkpt>
      <trkpt lat="9.002707" lon="-79.574064">
        <time>2026-07-23T10:11:59Z</time>
      </trkpt>
      <trkpt lat="9.002697" lon="-79.574072">
        <time>2026-07-23T10:12:00Z</time>
      </trkpt>
      <trkpt lat="9.002686" lon="-79.574080">
        <time>2026-07-23T10:12:01Z</time>
      </trkpt>
      <trkpt lat="9.002673" lon="-79.574088">
        <time>2026-07-23T10:12:02Z</time>
      </trkpt>
      <trkpt lat="9.002660" lon="-79.574097">
        <time>2026-07-23T10:12:03Z</time>
      </trkpt>
      <trkpt lat="9.002644" lon="-79.574112">
        <time>2026-07-23T10:12:04Z</time>
      </trkpt>
      <trkpt lat="9.002626" lon="-79.574125">
        <time>2026-07-23T10:12:05Z</time>
      </trkpt>
      <trkpt lat="9.002608" lon="-79.574137">
        <time>2026-07-23T10:12:06Z</time>
      </trkpt>
      <trkpt lat="9.002592" lon="-79.574152">
        <time>2026-07-23T10:12:07Z</time>
      </trkpt>
      <trkpt lat="9.002576" lon="-79.574167">
        <time>2026-07-23T10:12:08Z</time>
      </trkpt>
      <trkpt lat="9.002561" lon="-79.574181">
        <time>2026-07-23T10:12:09Z</time>
      </trkpt>
      <trkpt lat="9.002541" lon="-79.574196">
        <time>2026-07-23T10:12:10Z</time>
      </trkpt>
      <trkpt lat="9.002521" lon="-79.574208">
        <time>2026-07-23T10:12:11Z</time>
      </trkpt>
      <trkpt lat="9.002505" lon="-79.574222">
        <time>2026-07-23T10:12:12Z</time>
      </trkpt>
      <trkpt lat="9.002487" lon="-79.574239">
        <time>2026-07-23T10:12:13Z</time>
      </trkpt>
      <trkpt lat="9.002471" lon="-79.574256">
        <time>2026-07-23T10:12:14Z</time>
      </trkpt>
      <trkpt lat="9.002453" lon="-79.574267">
        <time>2026-07-23T10:12:15Z</time>
      </trkpt>
      <trkpt lat="9.002435" lon="-79.574280">
        <time>2026-07-23T10:12:16Z</time>
      </trkpt>
      <trkpt lat="9.002417" lon="-79.574293">
        <time>2026-07-23T10:12:17Z</time>
      </trkpt>
      <trkpt lat="9.002403" lon="-79.574303">
        <time>2026-07-23T10:12:18Z</time>
      </trkpt>
      <trkpt lat="9.002385" lon="-79.574315">
        <time>2026-07-23T10:12:19Z</time>
      </trkpt>
      <trkpt lat="9.002369" lon="-79.574327">
        <time>2026-07-23T10:12:20Z</time>
      </trkpt>
      <trkpt lat="9.002354" lon="-79.574338">
        <time>2026-07-23T10:12:21Z</time>
      </trkpt>
      <trkpt lat="9.002334" lon="-79.574351">
        <time>2026-07-23T10:12:22Z</time>
      </trkpt>
      <trkpt lat="9.002316" lon="-79.574363">
        <time>2026-07-23T10:12:23Z</time>
      </trkpt>
      <trkpt lat="9.002297" lon="-79.574373">
        <time>2026-07-23T10:12:24Z</time>
      </trkpt>
      <trkpt lat="9.002277" lon="-79.574386">
        <time>2026-07-23T10:12:25Z</time>
      </trkpt>
      <trkpt lat="9.002258" lon="-79.574397">
        <time>2026-07-23T10:12:26Z</time>
      </trkpt>
      <trkpt lat="9.002239" lon="-79.574412">
        <time>2026-07-23T10:12:27Z</time>
      </trkpt>
      <trkpt lat="9.002219" lon="-79.574425">
        <time>2026-07-23T10:12:28Z</time>
      </trkpt>
      <trkpt lat="9.002201" lon="-79.574437">
        <time>2026-07-23T10:12:29Z</time>
      </trkpt>
      <trkpt lat="9.002182" lon="-79.574452">
        <time>2026-07-23T10:12:30Z</time>
      </trkpt>
      <trkpt lat="9.002163" lon="-79.574462">
        <time>2026-07-23T10:12:31Z</time>
      </trkpt>
      <trkpt lat="9.002145" lon="-79.574472">
        <time>2026-07-23T10:12:32Z</time>
      </trkpt>
      <trkpt lat="9.002126" lon="-79.574484">
        <time>2026-07-23T10:12:33Z</time>
      </trkpt>
      <trkpt lat="9.002108" lon="-79.574499">
        <time>2026-07-23T10:12:34Z</time>
      </trkpt>
      <trkpt lat="9.002093" lon="-79.574514">
        <time>2026-07-23T10:12:35Z</time>
      </trkpt>
      <trkpt lat="9.002077" lon="-79.574530">
        <time>2026-07-23T10:12:36Z</time>
      </trkpt>
      <trkpt lat="9.002060" lon="-79.574542">
        <time>2026-07-23T10:12:37Z</time>
      </trkpt>
      <trkpt lat="9.002046" lon="-79.574554">
        <time>2026-07-23T10:12:38Z</time>
      </trkpt>
      <trkpt lat="9.002030" lon="-79.574562">
        <time>2026-07-23T10:12:39Z</time>
      </trkpt>
      <trkpt lat="9.002017" lon="-79.574574">
        <time>2026-07-23T10:12:40Z</time>
      </trkpt>
      <trkpt lat="9.002002" lon="-79.574584">
        <time>2026-07-23T10:12:41Z</time>
      </trkpt>
      <trkpt lat="9.001984" lon="-79.574596">
        <time>2026-07-23T10:12:42Z</time>
      </trkpt>
      <trkpt lat="9.001969" lon="-79.574604">
        <time>2026-07-23T10:12:43Z</time>
      </trkpt>
      <trkpt lat="9.001952" lon="-79.574614">
        <time>2026-07-23T10:12:44Z</time>
      </trkpt>
      <trkpt lat="9.001936" lon="-79.574630">
        <time>2026-07-23T10:12:45Z</time>
      </trkpt>
      <trkpt lat="9.001919" lon="-79.574642">
        <time>2026-07-23T10:12:46Z</time>
      </trkpt>
      <trkpt lat="9.001902" lon="-79.574655">
        <time>2026-07-23T10:12:47Z</time>
      </trkpt>
      <trkpt lat="9.001888" lon="-79.574669">
        <time>2026-07-23T10:12:48Z</time>
      </trkpt>
      <trkpt lat="9.001869" lon="-79.574685">
        <time>2026-07-23T10:12:49Z</time>
      </trkpt>
      <trkpt lat="9.001851" lon="-79.574700">
        <time>2026-07-23T10:12:50Z</time>
      </trkpt>
      <trkpt lat="9.001836" lon="-79.574714">
        <time>2026-07-23T10:12:51Z</time>
      </trkpt>
      <trkpt lat="9.001821" lon="-79.574728">
        <time>2026-07-23T10:12:52Z</time>
      </trkpt>
      <trkpt lat="9.001806" lon="-79.574746">
        <time>2026-07-23T10:12:53Z</time>
      </trkpt>
      <trkpt lat="9.001790" lon="-79.574760">
        <time>2026-07-23T10:12:54Z</time>
      </trkpt>
      <trkpt lat="9.001774" lon="-79.574775">
        <time>2026-07-23T10:12:55Z</time>
      </trkpt>
      <trkpt lat="9.001758" lon="-79.574789">
        <time>2026-07-23T10:12:56Z</time>
      </trkpt>
      <trkpt lat="9.001742" lon="-79.574802">
        <time>2026-07-23T10:12:57Z</time>
      </trkpt>
      <trkpt lat="9.001727" lon="-79.574816">
        <time>2026-07-23T10:12:58Z</time>
      </trkpt>
      <trkpt lat="9.001711" lon="-79.574831">
        <time>2026-07-23T10:12:59Z</time>
      </trkpt>
      <trkpt lat="9.001696" lon="-79.574845">
        <time>2026-07-23T10:13:00Z</time>
      </trkpt>
      <trkpt lat="9.001682" lon="-79.574858">
        <time>2026-07-23T10:13:01Z</time>
      </trkpt>
      <trkpt lat="9.001661" lon="-79.574874">
        <time>2026-07-23T10:13:02Z</time>
      </trkpt>
      <trkpt lat="9.001645" lon="-79.574890">
        <time>2026-07-23T10:13:03Z</time>
      </trkpt>
      <trkpt lat="9.001633" lon="-79.574909">
        <time>2026-07-23T10:13:04Z</time>
      </trkpt>
      <trkpt lat="9.001620" lon="-79.574925">
        <time>2026-07-23T10:13:05Z</time>
      </trkpt>
      <trkpt lat="9.001604" lon="-79.574940">
        <time>2026-07-23T10:13:06Z</time>
      </trkpt>
      <trkpt lat="9.001587" lon="-79.574953">
        <time>2026-07-23T10:13:07Z</time>
      </trkpt>
      <trkpt lat="9.001571" lon="-79.574966">
        <time>2026-07-23T10:13:08Z</time>
      </trkpt>
      <trkpt lat="9.001555" lon="-79.574981">
        <time>2026-07-23T10:13:09Z</time>
      </trkpt>
      <trkpt lat="9.001540" lon="-79.574996">
        <time>2026-07-23T10:13:10Z</time>
      </trkpt>
      <trkpt lat="9.001524" lon="-79.575010">
        <time>2026-07-23T10:13:11Z</time>
      </trkpt>
      <trkpt lat="9.001507" lon="-79.575025">
        <time>2026-07-23T10:13:12Z</time>
      </trkpt>
      <trkpt lat="9.001492" lon="-79.575040">
        <time>2026-07-23T10:13:13Z</time>
      </trkpt>
      <trkpt lat="9.001477" lon="-79.575052">
        <time>2026-07-23T10:13:14Z</time>
      </trkpt>
      <trkpt lat="9.001460" lon="-79.575066">
        <time>2026-07-23T10:13:15Z</time>
      </trkpt>
      <trkpt lat="9.001443" lon="-79.575080">
        <time>2026-07-23T10:13:16Z</time>
      </trkpt>
      <trkpt lat="9.001427" lon="-79.575092">
        <time>2026-07-23T10:13:17Z</time>
      </trkpt>
      <trkpt lat="9.001410" lon="-79.575105">
        <time>2026-07-23T10:13:18Z</time>
      </trkpt>
      <trkpt lat="9.001393" lon="-79.575118">
        <time>2026-07-23T10:13:19Z</time>
      </trkpt>
      <trkpt lat="9.001378" lon="-79.575131">
        <time>2026-07-23T10:13:20Z</time>
      </trkpt>
      <trkpt lat="9.001361" lon="-79.575145">
        <time>2026-07-23T10:13:21Z</time>
      </trkpt>
      <trkpt lat="9.001346" lon="-79.575159">
        <time>2026-07-23T10:13:22Z</time>
      </trkpt>
      <trkpt lat="9.001332" lon="-79.575172">
        <time>2026-07-23T10:13:23Z</time>
      </trkpt>
      <trkpt lat="9.001316" lon="-79.575184">
        <time>2026-07-23T10:13:24Z</time>
      </trkpt>
      <trkpt lat="9.001300" lon="-79.575198">
        <time>2026-07-23T10:13:25Z</time>
      </trkpt>
      <trkpt lat="9.001284" lon="-79.575210">
        <time>2026-07-23T10:13:26Z</time>
      </trkpt>
      <trkpt lat="9.001267" lon="-79.575221">
        <time>2026-07-23T10:13:27Z</time>
      </trkpt>
      <trkpt lat="9.001251" lon="-79.575235">
        <time>2026-07-23T10:13:28Z</time>
      </trkpt>
      <trkpt lat="9.001237" lon="-79.575247">
        <time>2026-07-23T10:13:29Z</time>
      </trkpt>
      <trkpt lat="9.001222" lon="-79.575261">
        <time>2026-07-23T10:13:30Z</time>
      </trkpt>
      <trkpt lat="9.001207" lon="-79.575277">
        <time>2026-07-23T10:13:31Z</time>
      </trkpt>
      <trkpt lat="9.001191" lon="-79.575291">
        <time>2026-07-23T10:13:32Z</time>
      </trkpt>
      <trkpt lat="9.001175" lon="-79.575306">
        <time>2026-07-23T10:13:33Z</time>
      </trkpt>
      <trkpt lat="9.001158" lon="-79.575321">
        <time>2026-07-23T10:13:34Z</time>
      </trkpt>
      <trkpt lat="9.001141" lon="-79.575333">
        <time>2026-07-23T10:13:35Z</time>
      </trkpt>
      <trkpt lat="9.001121" lon="-79.575340">
        <time>2026-07-23T10:13:36Z</time>
      </trkpt>
      <trkpt lat="9.001107" lon="-79.575350">
        <time>2026-07-23T10:13:37Z</time>
      </trkpt>
      <trkpt lat="9.001093" lon="-79.575359">
        <time>2026-07-23T10:13:38Z</time>
      </trkpt>
      <trkpt lat="9.001078" lon="-79.575368">
        <time>2026-07-23T10:13:39Z</time>
      </trkpt>
      <trkpt lat="9.001062" lon="-79.575382">
        <time>2026-07-23T10:13:40Z</time>
      </trkpt>
      <trkpt lat="9.001046" lon="-79.575393">
        <time>2026-07-23T10:13:41Z</time>
      </trkpt>
      <trkpt lat="9.001028" lon="-79.575402">
        <time>2026-07-23T10:13:42Z</time>
      </trkpt>
      <trkpt lat="9.001010" lon="-79.575413">
        <time>2026-07-23T10:13:43Z</time>
      </trkpt>
      <trkpt lat="9.000993" lon="-79.575424">
        <time>2026-07-23T10:13:44Z</time>
      </trkpt>
      <trkpt lat="9.000975" lon="-79.575434">
        <time>2026-07-23T10:13:45Z</time>
      </trkpt>
      <trkpt lat="9.000957" lon="-79.575445">
        <time>2026-07-23T10:13:46Z</time>
      </trkpt>
      <trkpt lat="9.000940" lon="-79.575456">
        <time>2026-07-23T10:13:47Z</time>
      </trkpt>
      <trkpt lat="9.000921" lon="-79.575468">
        <time>2026-07-23T10:13:48Z</time>
      </trkpt>
      <trkpt lat="9.000902" lon="-79.575482">
        <time>2026-07-23T10:13:49Z</time>
      </trkpt>
      <trkpt lat="9.000884" lon="-79.575494">
        <time>2026-07-23T10:13:50Z</time>
      </trkpt>
      <trkpt lat="9.000865" lon="-79.575505">
        <time>2026-07-23T10:13:51Z</time>
      </trkpt>
      <trkpt lat="9.000845" lon="-79.575516">
        <time>2026-07-23T10:13:52Z</time>
      </trkpt>
      <trkpt lat="9.000827" lon="-79.575529">
        <time>2026-07-23T10:13:53Z</time>
      </trkpt>
      <trkpt lat="9.000809" lon="-79.575539">
        <time>2026-07-23T10:13:54Z</time>
      </trkpt>
      <trkpt lat="9.000792" lon="-79.575550">
        <time>2026-07-23T10:13:55Z</time>
      </trkpt>
      <trkpt lat="9.000774" lon="-79.575561">
        <time>2026-07-23T10:13:56Z</time>
      </trkpt>
      <trkpt lat="9.000758" lon="-79.575572">
        <time>2026-07-23T10:13:57Z</time>
      </trkpt>
      <trkpt lat="9.000743" lon="-79.575586">
        <time>2026-07-23T10:13:58Z</time>
      </trkpt>
      <trkpt lat="9.000726" lon="-79.575598">
        <time>2026-07-23T10:13:59Z</time>
      </trkpt>
      <trkpt lat="9.000711" lon="-79.575609">
        <time>2026-07-23T10:14:00Z</time>
      </trkpt>
      <trkpt lat="9.000694" lon="-79.575622">
        <time>2026-07-23T10:14:01Z</time>
      </trkpt>
      <trkpt lat="9.000679" lon="-79.575636">
        <time>2026-07-23T10:14:02Z</time>
      </trkpt>
      <trkpt lat="9.000665" lon="-79.575650">
        <time>2026-07-23T10:14:03Z</time>
      </trkpt>
      <trkpt lat="9.000649" lon="-79.575665">
        <time>2026-07-23T10:14:04Z</time>
      </trkpt>
      <trkpt lat="9.000636" lon="-79.575681">
        <time>2026-07-23T10:14:05Z</time>
      </trkpt>
      <trkpt lat="9.000621" lon="-79.575695">
        <time>2026-07-23T10:14:06Z</time>
      </trkpt>
      <trkpt lat="9.000605" lon="-79.575712">
        <time>2026-07-23T10:14:07Z</time>
      </trkpt>
      <trkpt lat="9.000592" lon="-79.575727">
        <time>2026-07-23T10:14:08Z</time>
      </trkpt>
      <trkpt lat="9.000577" lon="-79.575743">
        <time>2026-07-23T10:14:09Z</time>
      </trkpt>
      <trkpt lat="9.000562" lon="-79.575758">
        <time>2026-07-23T10:14:10Z</time>
      </trkpt>
      <trkpt lat="9.000549" lon="-79.575775">
        <time>2026-07-23T10:14:11Z</time>
      </trkpt>
      <trkpt lat="9.000535" lon="-79.575792">
        <time>2026-07-23T10:14:12Z</time>
      </trkpt>
      <trkpt lat="9.000522" lon="-79.575807">
        <time>2026-07-23T10:14:13Z</time>
      </trkpt>
      <trkpt lat="9.000508" lon="-79.575824">
        <time>2026-07-23T10:14:14Z</time>
      </trkpt>
      <trkpt lat="9.000495" lon="-79.575841">
        <time>2026-07-23T10:14:15Z</time>
      </trkpt>
      <trkpt lat="9.000481" lon="-79.575857">
        <time>2026-07-23T10:14:16Z</time>
      </trkpt>
      <trkpt lat="9.000468" lon="-79.575876">
        <time>2026-07-23T10:14:17Z</time>
      </trkpt>
      <trkpt lat="9.000456" lon="-79.575892">
        <time>2026-07-23T10:14:18Z</time>
      </trkpt>
      <trkpt lat="9.000442" lon="-79.575909">
        <time>2026-07-23T10:14:19Z</time>
      </trkpt>
      <trkpt lat="9.000429" lon="-79.575930">
        <time>2026-07-23T10:14:20Z</time>
      </trkpt>
      <trkpt lat="9.000416" lon="-79.575946">
        <time>2026-07-23T10:14:21Z</time>
      </trkpt>
      <trkpt lat="9.000405" lon="-79.575963">
        <time>2026-07-23T10:14:22Z</time>
      </trkpt>
      <trkpt lat="9.000394" lon="-79.575982">
        <time>2026-07-23T10:14:23Z</time>
      </trkpt>
      <trkpt lat="9.000383" lon="-79.576000">
        <time>2026-07-23T10:14:24Z</time>
      </trkpt>
      <trkpt lat="9.000372" lon="-79.576017">
        <time>2026-07-23T10:14:25Z</time>
      </trkpt>
      <trkpt lat="9.000360" lon="-79.576035">
        <time>2026-07-23T10:14:26Z</time>
      </trkpt>
      <trkpt lat="9.000348" lon="-79.576050">
        <time>2026-07-23T10:14:27Z</time>
      </trkpt>
      <trkpt lat="9.000337" lon="-79.576066">
        <time>2026-07-23T10:14:28Z</time>
      </trkpt>
      <trkpt lat="9.000326" lon="-79.576084">
        <time>2026-07-23T10:14:29Z</time>
      </trkpt>
      <trkpt lat="9.000317" lon="-79.576100">
        <time>2026-07-23T10:14:30Z</time>
      </trkpt>
      <trkpt lat="9.000306" lon="-79.576115">
        <time>2026-07-23T10:14:31Z</time>
      </trkpt>
      <trkpt lat="9.000296" lon="-79.576132">
        <time>2026-07-23T10:14:32Z</time>
      </trkpt>
      <trkpt lat="9.000285" lon="-79.576147">
        <time>2026-07-23T10:14:33Z</time>
      </trkpt>
      <trkpt lat="9.000272" lon="-79.576162">
        <time>2026-07-23T10:14:34Z</time>
      </trkpt>
      <trkpt lat="9.000259" lon="-79.576179">
        <time>2026-07-23T10:14:35Z</time>
      </trkpt>
      <trkpt lat="9.000246" lon="-79.576192">
        <time>2026-07-23T10:14:36Z</time>
      </trkpt>
      <trkpt lat="9.000233" lon="-79.576205">
        <time>2026-07-23T10:14:37Z</time>
      </trkpt>
      <trkpt lat="9.000221" lon="-79.576220">
        <time>2026-07-23T10:14:38Z</time>
      </trkpt>
      <trkpt lat="9.000208" lon="-79.576235">
        <time>2026-07-23T10:14:39Z</time>
      </trkpt>
      <trkpt lat="9.000196" lon="-79.576250">
        <time>2026-07-23T10:14:40Z</time>
      </trkpt>
      <trkpt lat="9.000184" lon="-79.576265">
        <time>2026-07-23T10:14:41Z</time>
      </trkpt>
      <trkpt lat="9.000170" lon="-79.576277">
        <time>2026-07-23T10:14:42Z</time>
      </trkpt>
      <trkpt lat="9.000158" lon="-79.576291">
        <time>2026-07-23T10:14:43Z</time>
      </trkpt>
      <trkpt lat="9.000144" lon="-79.576305">
        <time>2026-07-23T10:14:44Z</time>
      </trkpt>
      <trkpt lat="9.000131" lon="-79.576319">
        <time>2026-07-23T10:14:45Z</time>
      </trkpt>
      <trkpt lat="9.000117" lon="-79.576331">
        <time>2026-07-23T10:14:46Z</time>
      </trkpt>
      <trkpt lat="9.000104" lon="-79.576343">
        <time>2026-07-23T10:14:47Z</time>
      </trkpt>
      <trkpt lat="9.000090" lon="-79.576356">
        <time>2026-07-23T10:14:48Z</time>
      </trkpt>
      <trkpt lat="9.000076" lon="-79.576368">
        <time>2026-07-23T10:14:49Z</time>
      </trkpt>
      <trkpt lat="9.000059" lon="-79.576378">
        <time>2026-07-23T10:14:50Z</time>
      </trkpt>
      <trkpt lat="9.000043" lon="-79.576391">
        <time>2026-07-23T10:14:51Z</time>
      </trkpt>
      <trkpt lat="9.000027" lon="-79.576404">
        <time>2026-07-23T10:14:52Z</time>
      </trkpt>
      <trkpt lat="9.000010" lon="-79.576417">
        <time>2026-07-23T10:14:53Z</time>
      </trkpt>
      <trkpt lat="8.999989" lon="-79.576430">
        <time>2026-07-23T10:14:54Z</time>
      </trkpt>
      <trkpt lat="8.999971" lon="-79.576442">
        <time>2026-07-23T10:14:55Z</time>
      </trkpt>
      <trkpt lat="8.999955" lon="-79.576454">
        <time>2026-07-23T10:14:56Z</time>
      </trkpt>
      <trkpt lat="8.999937" lon="-79.576469">
        <time>2026-07-23T10:14:57Z</time>
      </trkpt>
      <trkpt lat="8.999923" lon="-79.576482">
        <time>2026-07-23T10:14:58Z</time>
      </trkpt>
      <trkpt lat="8.999906" lon="-79.576493">
        <time>2026-07-23T10:14:59Z</time>
      </trkpt>
      <trkpt lat="8.999889" lon="-79.576507">
        <time>2026-07-23T10:15:00Z</time>
      </trkpt>
      <trkpt lat="8.999872" lon="-79.576521">
        <time>2026-07-23T10:15:01Z</time>
      </trkpt>
      <trkpt lat="8.999855" lon="-79.576535">
        <time>2026-07-23T10:15:02Z</time>
      </trkpt>
      <trkpt lat="8.999841" lon="-79.576547">
        <time>2026-07-23T10:15:03Z</time>
      </trkpt>
      <trkpt lat="8.999833" lon="-79.576562">
        <time>2026-07-23T10:15:04Z</time>
      </trkpt>
      <trkpt lat="8.999830" lon="-79.576577">
        <time>2026-07-23T10:15:05Z</time>
      </trkpt>
      <trkpt lat="8.999824" lon="-79.576594">
        <time>2026-07-23T10:15:06Z</time>
      </trkpt>
      <trkpt lat="8.999813" lon="-79.576609">
        <time>2026-07-23T10:15:07Z</time>
      </trkpt>
      <trkpt lat="8.999798" lon="-79.576620">
        <time>2026-07-23T10:15:08Z</time>
      </trkpt>
      <trkpt lat="8.999783" lon="-79.576631">
        <time>2026-07-23T10:15:09Z</time>
      </trkpt>
      <trkpt lat="8.999768" lon="-79.576643">
        <time>2026-07-23T10:15:10Z</time>
      </trkpt>
      <trkpt lat="8.999751" lon="-79.576654">
        <time>2026-07-23T10:15:11Z</time>
      </trkpt>
      <trkpt lat="8.999733" lon="-79.576666">
        <time>2026-07-23T10:15:12Z</time>
      </trkpt>
      <trkpt lat="8.999715" lon="-79.576680">
        <time>2026-07-23T10:15:13Z</time>
      </trkpt>
      <trkpt lat="8.999699" lon="-79.576692">
        <time>2026-07-23T10:15:14Z</time>
      </trkpt>
      <trkpt lat="8.999680" lon="-79.576703">
        <time>2026-07-23T10:15:15Z</time>
      </trkpt>
      <trkpt lat="8.999662" lon="-79.576716">
        <time>2026-07-23T10:15:16Z</time>
      </trkpt>
      <trkpt lat="8.999646" lon="-79.576728">
        <time>2026-07-23T10:15:17Z</time>
      </trkpt>
      <trkpt lat="8.999630" lon="-79.576739">
        <time>2026-07-23T10:15:18Z</time>
      </trkpt>
      <trkpt lat="8.999613" lon="-79.576751">
        <time>2026-07-23T10:15:19Z</time>
      </trkpt>
      <trkpt lat="8.999597" lon="-79.576765">
        <time>2026-07-23T10:15:20Z</time>
      </trkpt>
      <trkpt lat="8.999580" lon="-79.576778">
        <time>2026-07-23T10:15:21Z</time>
      </trkpt>
      <trkpt lat="8.999563" lon="-79.576790">
        <time>2026-07-23T10:15:22Z</time>
      </trkpt>
      <trkpt lat="8.999547" lon="-79.576806">
        <time>2026-07-23T10:15:23Z</time>
      </trkpt>
      <trkpt lat="8.999531" lon="-79.576819">
        <time>2026-07-23T10:15:24Z</time>
      </trkpt>
      <trkpt lat="8.999514" lon="-79.576833">
        <time>2026-07-23T10:15:25Z</time>
      </trkpt>
      <trkpt lat="8.999498" lon="-79.576847">
        <time>2026-07-23T10:15:26Z</time>
      </trkpt>
      <trkpt lat="8.999482" lon="-79.576855">
        <time>2026-07-23T10:15:27Z</time>
      </trkpt>
      <trkpt lat="8.999464" lon="-79.576867">
        <time>2026-07-23T10:15:28Z</time>
      </trkpt>
      <trkpt lat="8.999447" lon="-79.576878">
        <time>2026-07-23T10:15:29Z</time>
      </trkpt>
      <trkpt lat="8.999431" lon="-79.576890">
        <time>2026-07-23T10:15:30Z</time>
      </trkpt>
      <trkpt lat="8.999413" lon="-79.576903">
        <time>2026-07-23T10:15:31Z</time>
      </trkpt>
      <trkpt lat="8.999395" lon="-79.576916">
        <time>2026-07-23T10:15:32Z</time>
      </trkpt>
      <trkpt lat="8.999377" lon="-79.576928">
        <time>2026-07-23T10:15:33Z</time>
      </trkpt>
      <trkpt lat="8.999359" lon="-79.576941">
        <time>2026-07-23T10:15:34Z</time>
      </trkpt>
      <trkpt lat="8.999340" lon="-79.576955">
        <time>2026-07-23T10:15:35Z</time>
      </trkpt>
      <trkpt lat="8.999323" lon="-79.576967">
        <time>2026-07-23T10:15:36Z</time>
      </trkpt>
      <trkpt lat="8.999307" lon="-79.576981">
        <time>2026-07-23T10:15:37Z</time>
      </trkpt>
      <trkpt lat="8.999288" lon="-79.576996">
        <time>2026-07-23T10:15:38Z</time>
      </trkpt>
      <trkpt lat="8.999271" lon="-79.577008">
        <time>2026-07-23T10:15:39Z</time>
      </trkpt>
      <trkpt lat="8.999254" lon="-79.577021">
        <time>2026-07-23T10:15:40Z</time>
      </trkpt>
      <trkpt lat="8.999237" lon="-79.577032">
        <time>2026-07-23T10:15:41Z</time>
      </trkpt>
      <trkpt lat="8.999220" lon="-79.577044">
        <time>2026-07-23T10:15:42Z</time>
      </trkpt>
      <trkpt lat="8.999204" lon="-79.577057">
        <time>2026-07-23T10:15:43Z</time>
      </trkpt>
      <trkpt lat="8.999187" lon="-79.577068">
        <time>2026-07-23T10:15:44Z</time>
      </trkpt>
      <trkpt lat="8.999170" lon="-79.577080">
        <time>2026-07-23T10:15:45Z</time>
      </trkpt>
      <trkpt lat="8.999152" lon="-79.577095">
        <time>2026-07-23T10:15:46Z</time>
      </trkpt>
      <trkpt lat="8.999135" lon="-79.577107">
        <time>2026-07-23T10:15:47Z</time>
      </trkpt>
      <trkpt lat="8.999118" lon="-79.577120">
        <time>2026-07-23T10:15:48Z</time>
      </trkpt>
      <trkpt lat="8.999101" lon="-79.577132">
        <time>2026-07-23T10:15:49Z</time>
      </trkpt>
      <trkpt lat="8.999083" lon="-79.577144">
        <time>2026-07-23T10:15:50Z</time>
      </trkpt>
      <trkpt lat="8.999066" lon="-79.577155">
        <time>2026-07-23T10:15:51Z</time>
      </trkpt>
      <trkpt lat="8.999049" lon="-79.577167">
        <time>2026-07-23T10:15:52Z</time>
      </trkpt>
      <trkpt lat="8.999033" lon="-79.577179">
        <time>2026-07-23T10:15:53Z</time>
      </trkpt>
      <trkpt lat="8.999017" lon="-79.577191">
        <time>2026-07-23T10:15:54Z</time>
      </trkpt>
      <trkpt lat="8.999002" lon="-79.577203">
        <time>2026-07-23T10:15:55Z</time>
      </trkpt>
      <trkpt lat="8.998983" lon="-79.577216">
        <time>2026-07-23T10:15:56Z</time>
      </trkpt>
      <trkpt lat="8.998968" lon="-79.577230">
        <time>2026-07-23T10:15:57Z</time>
      </trkpt>
      <trkpt lat="8.998950" lon="-79.577243">
        <time>2026-07-23T10:15:58Z</time>
      </trkpt>
      <trkpt lat="8.998932" lon="-79.577254">
        <time>2026-07-23T10:15:59Z</time>
      </trkpt>
      <trkpt lat="8.998915" lon="-79.577266">
        <time>2026-07-23T10:16:00Z</time>
      </trkpt>
      <trkpt lat="8.998899" lon="-79.577276">
        <time>2026-07-23T10:16:01Z</time>
      </trkpt>
      <trkpt lat="8.998884" lon="-79.577285">
        <time>2026-07-23T10:16:02Z</time>
      </trkpt>
      <trkpt lat="8.998870" lon="-79.577296">
        <time>2026-07-23T10:16:03Z</time>
      </trkpt>
      <trkpt lat="8.998857" lon="-79.577308">
        <time>2026-07-23T10:16:04Z</time>
      </trkpt>
      <trkpt lat="8.998839" lon="-79.577320">
        <time>2026-07-23T10:16:05Z</time>
      </trkpt>
      <trkpt lat="8.998823" lon="-79.577329">
        <time>2026-07-23T10:16:06Z</time>
      </trkpt>
      <trkpt lat="8.998805" lon="-79.577340">
        <time>2026-07-23T10:16:07Z</time>
      </trkpt>
      <trkpt lat="8.998790" lon="-79.577354">
        <time>2026-07-23T10:16:08Z</time>
      </trkpt>
      <trkpt lat="8.998775" lon="-79.577366">
        <time>2026-07-23T10:16:09Z</time>
      </trkpt>
      <trkpt lat="8.998760" lon="-79.577380">
        <time>2026-07-23T10:16:10Z</time>
      </trkpt>
      <trkpt lat="8.998743" lon="-79.577394">
        <time>2026-07-23T10:16:11Z</time>
      </trkpt>
      <trkpt lat="8.998725" lon="-79.577405">
        <time>2026-07-23T10:16:12Z</time>
      </trkpt>
      <trkpt lat="8.998709" lon="-79.577417">
        <time>2026-07-23T10:16:13Z</time>
      </trkpt>
      <trkpt lat="8.998694" lon="-79.577428">
        <time>2026-07-23T10:16:14Z</time>
      </trkpt>
      <trkpt lat="8.998677" lon="-79.577438">
        <time>2026-07-23T10:16:15Z</time>
      </trkpt>
      <trkpt lat="8.998661" lon="-79.577448">
        <time>2026-07-23T10:16:16Z</time>
      </trkpt>
      <trkpt lat="8.998644" lon="-79.577459">
        <time>2026-07-23T10:16:17Z</time>
      </trkpt>
      <trkpt lat="8.998625" lon="-79.577472">
        <time>2026-07-23T10:16:18Z</time>
      </trkpt>
      <trkpt lat="8.998608" lon="-79.577481">
        <time>2026-07-23T10:16:19Z</time>
      </trkpt>
      <trkpt lat="8.998590" lon="-79.577494">
        <time>2026-07-23T10:16:20Z</time>
      </trkpt>
      <trkpt lat="8.998572" lon="-79.577510">
        <time>2026-07-23T10:16:21Z</time>
      </trkpt>
      <trkpt lat="8.998556" lon="-79.577525">
        <time>2026-07-23T10:16:22Z</time>
      </trkpt>
      <trkpt lat="8.998540" lon="-79.577539">
        <time>2026-07-23T10:16:23Z</time>
      </trkpt>
      <trkpt lat="8.998523" lon="-79.577552">
        <time>2026-07-23T10:16:24Z</time>
      </trkpt>
      <trkpt lat="8.998507" lon="-79.577564">
        <time>2026-07-23T10:16:25Z</time>
      </trkpt>
      <trkpt lat="8.998492" lon="-79.577577">
        <time>2026-07-23T10:16:26Z</time>
      </trkpt>
      <trkpt lat="8.998475" lon="-79.577588">
        <time>2026-07-23T10:16:27Z</time>
      </trkpt>
      <trkpt lat="8.998460" lon="-79.577598">
        <time>2026-07-23T10:16:28Z</time>
      </trkpt>
      <trkpt lat="8.998444" lon="-79.577609">
        <time>2026-07-23T10:16:29Z</time>
      </trkpt>
      <trkpt lat="8.998429" lon="-79.577618">
        <time>2026-07-23T10:16:30Z</time>
      </trkpt>
      <trkpt lat="8.998413" lon="-79.577630">
        <time>2026-07-23T10:16:31Z</time>
      </trkpt>
      <trkpt lat="8.998397" lon="-79.577641">
        <time>2026-07-23T10:16:32Z</time>
      </trkpt>
      <trkpt lat="8.998382" lon="-79.577654">
        <time>2026-07-23T10:16:33Z</time>
      </trkpt>
      <trkpt lat="8.998364" lon="-79.577668">
        <time>2026-07-23T10:16:34Z</time>
      </trkpt>
      <trkpt lat="8.998347" lon="-79.577678">
        <time>2026-07-23T10:16:35Z</time>
      </trkpt>
      <trkpt lat="8.998330" lon="-79.577690">
        <time>2026-07-23T10:16:36Z</time>
      </trkpt>
      <trkpt lat="8.998311" lon="-79.577705">
        <time>2026-07-23T10:16:37Z</time>
      </trkpt>
      <trkpt lat="8.998294" lon="-79.577717">
        <time>2026-07-23T10:16:38Z</time>
      </trkpt>
      <trkpt lat="8.998276" lon="-79.577727">
        <time>2026-07-23T10:16:39Z</time>
      </trkpt>
      <trkpt lat="8.998258" lon="-79.577740">
        <time>2026-07-23T10:16:40Z</time>
      </trkpt>
      <trkpt lat="8.998239" lon="-79.577755">
        <time>2026-07-23T10:16:41Z</time>
      </trkpt>
      <trkpt lat="8.998218" lon="-79.577771">
        <time>2026-07-23T10:16:42Z</time>
      </trkpt>
      <trkpt lat="8.998200" lon="-79.577783">
        <time>2026-07-23T10:16:43Z</time>
      </trkpt>
      <trkpt lat="8.998182" lon="-79.577794">
        <time>2026-07-23T10:16:44Z</time>
      </trkpt>
      <trkpt lat="8.998165" lon="-79.577804">
        <time>2026-07-23T10:16:45Z</time>
      </trkpt>
      <trkpt lat="8.998149" lon="-79.577817">
        <time>2026-07-23T10:16:46Z</time>
      </trkpt>
      <trkpt lat="8.998132" lon="-79.577829">
        <time>2026-07-23T10:16:47Z</time>
      </trkpt>
      <trkpt lat="8.998118" lon="-79.577840">
        <time>2026-07-23T10:16:48Z</time>
      </trkpt>
      <trkpt lat="8.998101" lon="-79.577852">
        <time>2026-07-23T10:16:49Z</time>
      </trkpt>
      <trkpt lat="8.998087" lon="-79.577866">
        <time>2026-07-23T10:16:50Z</time>
      </trkpt>
      <trkpt lat="8.998072" lon="-79.577881">
        <time>2026-07-23T10:16:51Z</time>
      </trkpt>
      <trkpt lat="8.998057" lon="-79.577893">
        <time>2026-07-23T10:16:52Z</time>
      </trkpt>
      <trkpt lat="8.998041" lon="-79.577907">
        <time>2026-07-23T10:16:53Z</time>
      </trkpt>
      <trkpt lat="8.998027" lon="-79.577925">
        <time>2026-07-23T10:16:54Z</time>
      </trkpt>
      <trkpt lat="8.998014" lon="-79.577942">
        <time>2026-07-23T10:16:55Z</time>
      </trkpt>
      <trkpt lat="8.998008" lon="-79.577963">
        <time>2026-07-23T10:16:56Z</time>
      </trkpt>
      <trkpt lat="8.998002" lon="-79.577985">
        <time>2026-07-23T10:16:57Z</time>
      </trkpt>
      <trkpt lat="8.997995" lon="-79.578003">
        <time>2026-07-23T10:16:58Z</time>
      </trkpt>
      <trkpt lat="8.997986" lon="-79.578019">
        <time>2026-07-23T10:16:59Z</time>
      </trkpt>
      <trkpt lat="8.997969" lon="-79.578034">
        <time>2026-07-23T10:17:00Z</time>
      </trkpt>
      <trkpt lat="8.997953" lon="-79.578046">
        <time>2026-07-23T10:17:01Z</time>
      </trkpt>
      <trkpt lat="8.997937" lon="-79.578057">
        <time>2026-07-23T10:17:02Z</time>
      </trkpt>
      <trkpt lat="8.997918" lon="-79.578071">
        <time>2026-07-23T10:17:03Z</time>
      </trkpt>
      <trkpt lat="8.997901" lon="-79.578084">
        <time>2026-07-23T10:17:04Z</time>
      </trkpt>
      <trkpt lat="8.997884" lon="-79.578095">
        <time>2026-07-23T10:17:05Z</time>
      </trkpt>
      <trkpt lat="8.997867" lon="-79.578107">
        <time>2026-07-23T10:17:06Z</time>
      </trkpt>
      <trkpt lat="8.997852" lon="-79.578119">
        <time>2026-07-23T10:17:07Z</time>
      </trkpt>
      <trkpt lat="8.997835" lon="-79.578132">
        <time>2026-07-23T10:17:08Z</time>
      </trkpt>
      <trkpt lat="8.997818" lon="-79.578144">
        <time>2026-07-23T10:17:09Z</time>
      </trkpt>
      <trkpt lat="8.997800" lon="-79.578154">
        <time>2026-07-23T10:17:10Z</time>
      </trkpt>
      <trkpt lat="8.997784" lon="-79.578166">
        <time>2026-07-23T10:17:11Z</time>
      </trkpt>
      <trkpt lat="8.997768" lon="-79.578175">
        <time>2026-07-23T10:17:12Z</time>
      </trkpt>
      <trkpt lat="8.997749" lon="-79.578185">
        <time>2026-07-23T10:17:13Z</time>
      </trkpt>
      <trkpt lat="8.997729" lon="-79.578198">
        <time>2026-07-23T10:17:14Z</time>
      </trkpt>
      <trkpt lat="8.997715" lon="-79.578211">
        <time>2026-07-23T10:17:15Z</time>
      </trkpt>
      <trkpt lat="8.997696" lon="-79.578224">
        <time>2026-07-23T10:17:16Z</time>
      </trkpt>
      <trkpt lat="8.997677" lon="-79.578238">
        <time>2026-07-23T10:17:17Z</time>
      </trkpt>
      <trkpt lat="8.997660" lon="-79.578251">
        <time>2026-07-23T10:17:18Z</time>
      </trkpt>
      <trkpt lat="8.997641" lon="-79.578261">
        <time>2026-07-23T10:17:19Z</time>
      </trkpt>
      <trkpt lat="8.997623" lon="-79.578273">
        <time>2026-07-23T10:17:20Z</time>
      </trkpt>
      <trkpt lat="8.997604" lon="-79.578288">
        <time>2026-07-23T10:17:21Z</time>
      </trkpt>
      <trkpt lat="8.997588" lon="-79.578303">
        <time>2026-07-23T10:17:22Z</time>
      </trkpt>
      <trkpt lat="8.997579" lon="-79.578322">
        <time>2026-07-23T10:17:23Z</time>
      </trkpt>
      <trkpt lat="8.997580" lon="-79.578346">
        <time>2026-07-23T10:17:24Z</time>
      </trkpt>
      <trkpt lat="8.997589" lon="-79.578371">
        <time>2026-07-23T10:17:25Z</time>
      </trkpt>
      <trkpt lat="8.997599" lon="-79.578397">
        <time>2026-07-23T10:17:26Z</time>
      </trkpt>
      <trkpt lat="8.997611" lon="-79.578422">
        <time>2026-07-23T10:17:27Z</time>
      </trkpt>
      <trkpt lat="8.997629" lon="-79.578446">
        <time>2026-07-23T10:17:28Z</time>
      </trkpt>
      <trkpt lat="8.997644" lon="-79.578468">
        <time>2026-07-23T10:17:29Z</time>
      </trkpt>
      <trkpt lat="8.997657" lon="-79.578487">
        <time>2026-07-23T10:17:30Z</time>
      </trkpt>
      <trkpt lat="8.997669" lon="-79.578504">
        <time>2026-07-23T10:17:31Z</time>
      </trkpt>
      <trkpt lat="8.997690" lon="-79.578515">
        <time>2026-07-23T10:17:32Z</time>
      </trkpt>
      <trkpt lat="8.997713" lon="-79.578521">
        <time>2026-07-23T10:17:33Z</time>
      </trkpt>
      <trkpt lat="8.997738" lon="-79.578518">
        <time>2026-07-23T10:17:34Z</time>
      </trkpt>
      <trkpt lat="8.997763" lon="-79.578515">
        <time>2026-07-23T10:17:35Z</time>
      </trkpt>
      <trkpt lat="8.997786" lon="-79.578511">
        <time>2026-07-23T10:17:36Z</time>
      </trkpt>
      <trkpt lat="8.997806" lon="-79.578506">
        <time>2026-07-23T10:17:37Z</time>
      </trkpt>
      <trkpt lat="8.997826" lon="-79.578499">
        <time>2026-07-23T10:17:38Z</time>
      </trkpt>
      <trkpt lat="8.997847" lon="-79.578496">
        <time>2026-07-23T10:17:39Z</time>
      </trkpt>
      <trkpt lat="8.997869" lon="-79.578495">
        <time>2026-07-23T10:17:40Z</time>
      </trkpt>
      <trkpt lat="8.997886" lon="-79.578501">
        <time>2026-07-23T10:17:41Z</time>
      </trkpt>
      <trkpt lat="8.997895" lon="-79.578513">
        <time>2026-07-23T10:17:42Z</time>
      </trkpt>
      <trkpt lat="8.997899" lon="-79.578531">
        <time>2026-07-23T10:17:43Z</time>
      </trkpt>
      <trkpt lat="8.997899" lon="-79.578552">
        <time>2026-07-23T10:17:44Z</time>
      </trkpt>
      <trkpt lat="8.997894" lon="-79.578573">
        <time>2026-07-23T10:17:45Z</time>
      </trkpt>
      <trkpt lat="8.997891" lon="-79.578594">
        <time>2026-07-23T10:17:46Z</time>
      </trkpt>
      <trkpt lat="8.997890" lon="-79.578617">
        <time>2026-07-23T10:17:47Z</time>
      </trkpt>
      <trkpt lat="8.997890" lon="-79.578639">
        <time>2026-07-23T10:17:48Z</time>
      </trkpt>
      <trkpt lat="8.997891" lon="-79.578662">
        <time>2026-07-23T10:17:49Z</time>
      </trkpt>
      <trkpt lat="8.997892" lon="-79.578684">
        <time>2026-07-23T10:17:50Z</time>
      </trkpt>
      <trkpt lat="8.997891" lon="-79.578708">
        <time>2026-07-23T10:17:51Z</time>
      </trkpt>
      <trkpt lat="8.997893" lon="-79.578729">
        <time>2026-07-23T10:17:52Z</time>
      </trkpt>
      <trkpt lat="8.997897" lon="-79.578750">
        <time>2026-07-23T10:17:53Z</time>
      </trkpt>
      <trkpt lat="8.997902" lon="-79.578771">
        <time>2026-07-23T10:17:54Z</time>
      </trkpt>
      <trkpt lat="8.997902" lon="-79.578793">
        <time>2026-07-23T10:17:55Z</time>
      </trkpt>
      <trkpt lat="8.997905" lon="-79.578813">
        <time>2026-07-23T10:17:56Z</time>
      </trkpt>
      <trkpt lat="8.997912" lon="-79.578835">
        <time>2026-07-23T10:17:57Z</time>
      </trkpt>
      <trkpt lat="8.997918" lon="-79.578856">
        <time>2026-07-23T10:17:58Z</time>
      </trkpt>
      <trkpt lat="8.997925" lon="-79.578877">
        <time>2026-07-23T10:17:59Z</time>
      </trkpt>
      <trkpt lat="8.997926" lon="-79.578899">
        <time>2026-07-23T10:18:00Z</time>
      </trkpt>
      <trkpt lat="8.997931" lon="-79.578920">
        <time>2026-07-23T10:18:01Z</time>
      </trkpt>
      <trkpt lat="8.997937" lon="-79.578939">
        <time>2026-07-23T10:18:02Z</time>
      </trkpt>
      <trkpt lat="8.997941" lon="-79.578961">
        <time>2026-07-23T10:18:03Z</time>
      </trkpt>
      <trkpt lat="8.997945" lon="-79.578984">
        <time>2026-07-23T10:18:04Z</time>
      </trkpt>
      <trkpt lat="8.997950" lon="-79.579002">
        <time>2026-07-23T10:18:05Z</time>
      </trkpt>
      <trkpt lat="8.997956" lon="-79.579024">
        <time>2026-07-23T10:18:06Z</time>
      </trkpt>
      <trkpt lat="8.997962" lon="-79.579048">
        <time>2026-07-23T10:18:07Z</time>
      </trkpt>
      <trkpt lat="8.997969" lon="-79.579068">
        <time>2026-07-23T10:18:08Z</time>
      </trkpt>
      <trkpt lat="8.997974" lon="-79.579090">
        <time>2026-07-23T10:18:09Z</time>
      </trkpt>
      <trkpt lat="8.997980" lon="-79.579114">
        <time>2026-07-23T10:18:10Z</time>
      </trkpt>
      <trkpt lat="8.997986" lon="-79.579134">
        <time>2026-07-23T10:18:11Z</time>
      </trkpt>
      <trkpt lat="8.997995" lon="-79.579157">
        <time>2026-07-23T10:18:12Z</time>
      </trkpt>
      <trkpt lat="8.998008" lon="-79.579178">
        <time>2026-07-23T10:18:13Z</time>
      </trkpt>
      <trkpt lat="8.998020" lon="-79.579200">
        <time>2026-07-23T10:18:14Z</time>
      </trkpt>
      <trkpt lat="8.998031" lon="-79.579220">
        <time>2026-07-23T10:18:15Z</time>
      </trkpt>
      <trkpt lat="8.998045" lon="-79.579241">
        <time>2026-07-23T10:18:16Z</time>
      </trkpt>
      <trkpt lat="8.998059" lon="-79.579262">
        <time>2026-07-23T10:18:17Z</time>
      </trkpt>
      <trkpt lat="8.998071" lon="-79.579280">
        <time>2026-07-23T10:18:18Z</time>
      </trkpt>
      <trkpt lat="8.998084" lon="-79.579298">
        <time>2026-07-23T10:18:19Z</time>
      </trkpt>
      <trkpt lat="8.998097" lon="-79.579315">
        <time>2026-07-23T10:18:20Z</time>
      </trkpt>
      <trkpt lat="8.998109" lon="-79.579333">
        <time>2026-07-23T10:18:21Z</time>
      </trkpt>
      <trkpt lat="8.998123" lon="-79.579351">
        <time>2026-07-23T10:18:22Z</time>
      </trkpt>
      <trkpt lat="8.998138" lon="-79.579367">
        <time>2026-07-23T10:18:23Z</time>
      </trkpt>
      <trkpt lat="8.998151" lon="-79.579387">
        <time>2026-07-23T10:18:24Z</time>
      </trkpt>
      <trkpt lat="8.998166" lon="-79.579405">
        <time>2026-07-23T10:18:25Z</time>
      </trkpt>
      <trkpt lat="8.998180" lon="-79.579425">
        <time>2026-07-23T10:18:26Z</time>
      </trkpt>
      <trkpt lat="8.998193" lon="-79.579446">
        <time>2026-07-23T10:18:27Z</time>
      </trkpt>
      <trkpt lat="8.998206" lon="-79.579466">
        <time>2026-07-23T10:18:28Z</time>
      </trkpt>
      <trkpt lat="8.998219" lon="-79.579483">
        <time>2026-07-23T10:18:29Z</time>
      </trkpt>
      <trkpt lat="8.998235" lon="-79.579502">
        <time>2026-07-23T10:18:30Z</time>
      </trkpt>
      <trkpt lat="8.998255" lon="-79.579519">
        <time>2026-07-23T10:18:31Z</time>
      </trkpt>
      <trkpt lat="8.998276" lon="-79.579534">
        <time>2026-07-23T10:18:32Z</time>
      </trkpt>
      <trkpt lat="8.998303" lon="-79.579544">
        <time>2026-07-23T10:18:33Z</time>
      </trkpt>
      <trkpt lat="8.998335" lon="-79.579545">
        <time>2026-07-23T10:18:34Z</time>
      </trkpt>
      <trkpt lat="8.998361" lon="-79.579546">
        <time>2026-07-23T10:18:35Z</time>
      </trkpt>
      <trkpt lat="8.998387" lon="-79.579542">
        <time>2026-07-23T10:18:36Z</time>
      </trkpt>
      <trkpt lat="8.998412" lon="-79.579539">
        <time>2026-07-23T10:18:37Z</time>
      </trkpt>
      <trkpt lat="8.998440" lon="-79.579536">
        <time>2026-07-23T10:18:38Z</time>
      </trkpt>
      <trkpt lat="8.998467" lon="-79.579528">
        <time>2026-07-23T10:18:39Z</time>
      </trkpt>
      <trkpt lat="8.998493" lon="-79.579518">
        <time>2026-07-23T10:18:40Z</time>
      </trkpt>
      <trkpt lat="8.998517" lon="-79.579511">
        <time>2026-07-23T10:18:41Z</time>
      </trkpt>
      <trkpt lat="8.998541" lon="-79.579496">
        <time>2026-07-23T10:18:42Z</time>
      </trkpt>
      <trkpt lat="8.998564" lon="-79.579482">
        <time>2026-07-23T10:18:43Z</time>
      </trkpt>
      <trkpt lat="8.998584" lon="-79.579467">
        <time>2026-07-23T10:18:44Z</time>
      </trkpt>
      <trkpt lat="8.998601" lon="-79.579448">
        <time>2026-07-23T10:18:45Z</time>
      </trkpt>
      <trkpt lat="8.998616" lon="-79.579427">
        <time>2026-07-23T10:18:46Z</time>
      </trkpt>
      <trkpt lat="8.998626" lon="-79.579403">
        <time>2026-07-23T10:18:47Z</time>
      </trkpt>
      <trkpt lat="8.998631" lon="-79.579378">
        <time>2026-07-23T10:18:48Z</time>
      </trkpt>
      <trkpt lat="8.998637" lon="-79.579357">
        <time>2026-07-23T10:18:49Z</time>
      </trkpt>
      <trkpt lat="8.998645" lon="-79.579335">
        <time>2026-07-23T10:18:50Z</time>
      </trkpt>
      <trkpt lat="8.998656" lon="-79.579312">
        <time>2026-07-23T10:18:51Z</time>
      </trkpt>
      <trkpt lat="8.998671" lon="-79.579293">
        <time>2026-07-23T10:18:52Z</time>
      </trkpt>
      <trkpt lat="8.998688" lon="-79.579275">
        <time>2026-07-23T10:18:53Z</time>
      </trkpt>
      <trkpt lat="8.998703" lon="-79.579259">
        <time>2026-07-23T10:18:54Z</time>
      </trkpt>
      <trkpt lat="8.998721" lon="-79.579245">
        <time>2026-07-23T10:18:55Z</time>
      </trkpt>
      <trkpt lat="8.998739" lon="-79.579230">
        <time>2026-07-23T10:18:56Z</time>
      </trkpt>
      <trkpt lat="8.998754" lon="-79.579218">
        <time>2026-07-23T10:18:57Z</time>
      </trkpt>
      <trkpt lat="8.998770" lon="-79.579208">
        <time>2026-07-23T10:18:58Z</time>
      </trkpt>
      <trkpt lat="8.998788" lon="-79.579200">
        <time>2026-07-23T10:18:59Z</time>
      </trkpt>
      <trkpt lat="8.998803" lon="-79.579199">
        <time>2026-07-23T10:19:00Z</time>
      </trkpt>
      <trkpt lat="8.998817" lon="-79.579206">
        <time>2026-07-23T10:19:01Z</time>
      </trkpt>
      <trkpt lat="8.998830" lon="-79.579219">
        <time>2026-07-23T10:19:02Z</time>
      </trkpt>
      <trkpt lat="8.998842" lon="-79.579233">
        <time>2026-07-23T10:19:03Z</time>
      </trkpt>
      <trkpt lat="8.998857" lon="-79.579248">
        <time>2026-07-23T10:19:04Z</time>
      </trkpt>
      <trkpt lat="8.998872" lon="-79.579259">
        <time>2026-07-23T10:19:05Z</time>
      </trkpt>
      <trkpt lat="8.998896" lon="-79.579268">
        <time>2026-07-23T10:19:06Z</time>
      </trkpt>
      <trkpt lat="8.998919" lon="-79.579272">
        <time>2026-07-23T10:19:07Z</time>
      </trkpt>
      <trkpt lat="8.998942" lon="-79.579273">
        <time>2026-07-23T10:19:08Z</time>
      </trkpt>
      <trkpt lat="8.998965" lon="-79.579268">
        <time>2026-07-23T10:19:09Z</time>
      </trkpt>
      <trkpt lat="8.998988" lon="-79.579264">
        <time>2026-07-23T10:19:10Z</time>
      </trkpt>
      <trkpt lat="8.999009" lon="-79.579258">
        <time>2026-07-23T10:19:11Z</time>
      </trkpt>
      <trkpt lat="8.999031" lon="-79.579250">
        <time>2026-07-23T10:19:12Z</time>
      </trkpt>
      <trkpt lat="8.999054" lon="-79.579243">
        <time>2026-07-23T10:19:13Z</time>
      </trkpt>
      <trkpt lat="8.999074" lon="-79.579238">
        <time>2026-07-23T10:19:14Z</time>
      </trkpt>
      <trkpt lat="8.999097" lon="-79.579231">
        <time>2026-07-23T10:19:15Z</time>
      </trkpt>
      <trkpt lat="8.999117" lon="-79.579221">
        <time>2026-07-23T10:19:16Z</time>
      </trkpt>
      <trkpt lat="8.999137" lon="-79.579215">
        <time>2026-07-23T10:19:17Z</time>
      </trkpt>
      <trkpt lat="8.999160" lon="-79.579209">
        <time>2026-07-23T10:19:18Z</time>
      </trkpt>
      <trkpt lat="8.999180" lon="-79.579202">
        <time>2026-07-23T10:19:19Z</time>
      </trkpt>
      <trkpt lat="8.999201" lon="-79.579200">
        <time>2026-07-23T10:19:20Z</time>
      </trkpt>
      <trkpt lat="8.999223" lon="-79.579198">
        <time>2026-07-23T10:19:21Z</time>
      </trkpt>
      <trkpt lat="8.999244" lon="-79.579195">
        <time>2026-07-23T10:19:22Z</time>
      </trkpt>
      <trkpt lat="8.999268" lon="-79.579192">
        <time>2026-07-23T10:19:23Z</time>
      </trkpt>
      <trkpt lat="8.999292" lon="-79.579193">
        <time>2026-07-23T10:19:24Z</time>
      </trkpt>
      <trkpt lat="8.999316" lon="-79.579196">
        <time>2026-07-23T10:19:25Z</time>
      </trkpt>
      <trkpt lat="8.999336" lon="-79.579200">
        <time>2026-07-23T10:19:26Z</time>
      </trkpt>
      <trkpt lat="8.999361" lon="-79.579200">
        <time>2026-07-23T10:19:27Z</time>
      </trkpt>
      <trkpt lat="8.999384" lon="-79.579199">
        <time>2026-07-23T10:19:28Z</time>
      </trkpt>
      <trkpt lat="8.999406" lon="-79.579194">
        <time>2026-07-23T10:19:29Z</time>
      </trkpt>
      <trkpt lat="8.999428" lon="-79.579190">
        <time>2026-07-23T10:19:30Z</time>
      </trkpt>
      <trkpt lat="8.999450" lon="-79.579186">
        <time>2026-07-23T10:19:31Z</time>
      </trkpt>
      <trkpt lat="8.999473" lon="-79.579180">
        <time>2026-07-23T10:19:32Z</time>
      </trkpt>
      <trkpt lat="8.999495" lon="-79.579173">
        <time>2026-07-23T10:19:33Z</time>
      </trkpt>
      <trkpt lat="8.999517" lon="-79.579168">
        <time>2026-07-23T10:19:34Z</time>
      </trkpt>
      <trkpt lat="8.999541" lon="-79.579165">
        <time>2026-07-23T10:19:35Z</time>
      </trkpt>
      <trkpt lat="8.999562" lon="-79.579164">
        <time>2026-07-23T10:19:36Z</time>
      </trkpt>
      <trkpt lat="8.999578" lon="-79.579167">
        <time>2026-07-23T10:19:37Z</time>
      </trkpt>
      <trkpt lat="8.999584" lon="-79.579168">
        <time>2026-07-23T10:19:38Z</time>
      </trkpt>
      <trkpt lat="8.999594" lon="-79.579174">
        <time>2026-07-23T10:19:39Z</time>
      </trkpt>
      <trkpt lat="8.999606" lon="-79.579179">
        <time>2026-07-23T10:19:40Z</time>
      </trkpt>
      <trkpt lat="8.999602" lon="-79.579185">
        <time>2026-07-23T10:19:41Z</time>
      </trkpt>
      <trkpt lat="8.999599" lon="-79.579187">
        <time>2026-07-23T10:19:42Z</time>
      </trkpt>
      <trkpt lat="8.999597" lon="-79.579188">
        <time>2026-07-23T10:19:43Z</time>
      </trkpt>
      <trkpt lat="8.999597" lon="-79.579188">
        <time>2026-07-23T10:19:44Z</time>
      </trkpt>
      <trkpt lat="8.999597" lon="-79.579188">
        <time>2026-07-23T10:19:45Z</time>
      </trkpt>
      <trkpt lat="8.999597" lon="-79.579188">
        <time>2026-07-23T10:19:46Z</time>
      </trkpt>
      <trkpt lat="8.999597" lon="-79.579188">
        <time>2026-07-23T10:19:47Z</time>
      </trkpt>
      <trkpt lat="8.999597" lon="-79.579188">
        <time>2026-07-23T10:19:48Z</time>
      </trkpt>
      <trkpt lat="8.999597" lon="-79.579188">
        <time>2026-07-23T10:19:49Z</time>
      </trkpt>
      <trkpt lat="8.999597" lon="-79.579188">
        <time>2026-07-23T10:19:50Z</time>
      </trkpt>
      <trkpt lat="8.999597" lon="-79.579188">
        <time>2026-07-23T10:19:51Z</time>
      </trkpt>
      <trkpt lat="8.999597" lon="-79.579188">
        <time>2026-07-23T10:19:52Z</time>
      </trkpt>
      <trkpt lat="8.999597" lon="-79.579188">
        <time>2026-07-23T10:19:53Z</time>
      </trkpt>
      <trkpt lat="8.999597" lon="-79.579188">
        <time>2026-07-23T10:19:54Z</time>
      </trkpt>
      <trkpt lat="8.999597" lon="-79.579188">
        <time>2026-07-23T10:19:55Z</time>
      </trkpt>
      <trkpt lat="8.999597" lon="-79.579188">
        <time>2026-07-23T10:19:56Z</time>
      </trkpt>
      <trkpt lat="8.999597" lon="-79.579188">
        <time>2026-07-23T10:19:57Z</time>
      </trkpt>
      <trkpt lat="8.999597" lon="-79.579188">
        <time>2026-07-23T10:19:58Z</time>
      </trkpt>
      <trkpt lat="8.999597" lon="-79.579188">
        <time>2026-07-23T10:19:59Z</time>
      </trkpt>
      <trkpt lat="8.999597" lon="-79.579188">
        <time>2026-07-23T10:20:00Z</time>
      </trkpt>
      <trkpt lat="8.999597" lon="-79.579188">
        <time>2026-07-23T10:20:01Z</time>
      </trkpt>
      <trkpt lat="8.999597" lon="-79.579188">
        <time>2026-07-23T10:20:02Z</time>
      </trkpt>
      <trkpt lat="8.999597" lon="-79.579188">
        <time>2026-07-23T10:20:03Z</time>
      </trkpt>
      <trkpt lat="8.999597" lon="-79.579188">
        <time>2026-07-23T10:20:04Z</time>
      </trkpt>
      <trkpt lat="8.999597" lon="-79.579188">
        <time>2026-07-23T10:20:05Z</time>
      </trkpt>
      <trkpt lat="8.999597" lon="-79.579188">
        <time>2026-07-23T10:20:06Z</time>
      </trkpt>
      <trkpt lat="8.999597" lon="-79.579188">
        <time>2026-07-23T10:20:07Z</time>
      </trkpt>
      <trkpt lat="8.999597" lon="-79.579188">
        <time>2026-07-23T10:20:08Z</time>
      </trkpt>
      <trkpt lat="8.999597" lon="-79.579188">
        <time>2026-07-23T10:20:09Z</time>
      </trkpt>
      <trkpt lat="8.999597" lon="-79.579188">
        <time>2026-07-23T10:20:10Z</time>
      </trkpt>
      <trkpt lat="8.999597" lon="-79.579188">
        <time>2026-07-23T10:20:11Z</time>
      </trkpt>
      <trkpt lat="8.999597" lon="-79.579188">
        <time>2026-07-23T10:20:12Z</time>
      </trkpt>
      <trkpt lat="8.999597" lon="-79.579188">
        <time>2026-07-23T10:20:13Z</time>
      </trkpt>
      <trkpt lat="8.999597" lon="-79.579188">
        <time>2026-07-23T10:20:14Z</time>
      </trkpt>
      <trkpt lat="8.999597" lon="-79.579188">
        <time>2026-07-23T10:20:15Z</time>
      </trkpt>
      <trkpt lat="8.999597" lon="-79.579188">
        <time>2026-07-23T10:20:16Z</time>
      </trkpt>
      <trkpt lat="8.999597" lon="-79.579188">
        <time>2026-07-23T10:20:17Z</time>
      </trkpt>
      <trkpt lat="8.999597" lon="-79.579188">
        <time>2026-07-23T10:20:18Z</time>
      </trkpt>
      <trkpt lat="8.999597" lon="-79.579188">
        <time>2026-07-23T10:20:19Z</time>
      </trkpt>
      <trkpt lat="8.999597" lon="-79.579188">
        <time>2026-07-23T10:20:20Z</time>
      </trkpt>
      <trkpt lat="8.999597" lon="-79.579188">
        <time>2026-07-23T10:20:21Z</time>
      </trkpt>
      <trkpt lat="8.999597" lon="-79.579188">
        <time>2026-07-23T10:20:22Z</time>
      </trkpt>
      <trkpt lat="8.999597" lon="-79.579188">
        <time>2026-07-23T10:20:23Z</time>
      </trkpt>
      <trkpt lat="8.999598" lon="-79.579189">
        <time>2026-07-23T10:20:24Z</time>
      </trkpt>
      <trkpt lat="8.999622" lon="-79.579194">
        <time>2026-07-23T10:20:25Z</time>
      </trkpt>
      <trkpt lat="8.999648" lon="-79.579199">
        <time>2026-07-23T10:20:26Z</time>
      </trkpt>
      <trkpt lat="8.999671" lon="-79.579207">
        <time>2026-07-23T10:20:27Z</time>
      </trkpt>
      <trkpt lat="8.999693" lon="-79.579216">
        <time>2026-07-23T10:20:28Z</time>
      </trkpt>
      <trkpt lat="8.999716" lon="-79.579228">
        <time>2026-07-23T10:20:29Z</time>
      </trkpt>
      <trkpt lat="8.999739" lon="-79.579238">
        <time>2026-07-23T10:20:30Z</time>
      </trkpt>
      <trkpt lat="8.999764" lon="-79.579252">
        <time>2026-07-23T10:20:31Z</time>
      </trkpt>
      <trkpt lat="8.999789" lon="-79.579265">
        <time>2026-07-23T10:20:32Z</time>
      </trkpt>
      <trkpt lat="8.999815" lon="-79.579277">
        <time>2026-07-23T10:20:33Z</time>
      </trkpt>
      <trkpt lat="8.999843" lon="-79.579285">
        <time>2026-07-23T10:20:34Z</time>
      </trkpt>
      <trkpt lat="8.999872" lon="-79.579291">
        <time>2026-07-23T10:20:35Z</time>
      </trkpt>
      <trkpt lat="8.999900" lon="-79.579288">
        <time>2026-07-23T10:20:36Z</time>
      </trkpt>
      <trkpt lat="8.999930" lon="-79.579289">
        <time>2026-07-23T10:20:37Z</time>
      </trkpt>
      <trkpt lat="8.999959" lon="-79.579288">
        <time>2026-07-23T10:20:38Z</time>
      </trkpt>
      <trkpt lat="8.999990" lon="-79.579280">
        <time>2026-07-23T10:20:39Z</time>
      </trkpt>
      <trkpt lat="9.000018" lon="-79.579275">
        <time>2026-07-23T10:20:40Z</time>
      </trkpt>
      <trkpt lat="9.000045" lon="-79.579271">
        <time>2026-07-23T10:20:41Z</time>
      </trkpt>
      <trkpt lat="9.000072" lon="-79.579267">
        <time>2026-07-23T10:20:42Z</time>
      </trkpt>
      <trkpt lat="9.000100" lon="-79.579265">
        <time>2026-07-23T10:20:43Z</time>
      </trkpt>
      <trkpt lat="9.000128" lon="-79.579259">
        <time>2026-07-23T10:20:44Z</time>
      </trkpt>
      <trkpt lat="9.000156" lon="-79.579258">
        <time>2026-07-23T10:20:45Z</time>
      </trkpt>
      <trkpt lat="9.000183" lon="-79.579258">
        <time>2026-07-23T10:20:46Z</time>
      </trkpt>
      <trkpt lat="9.000210" lon="-79.579261">
        <time>2026-07-23T10:20:47Z</time>
      </trkpt>
      <trkpt lat="9.000231" lon="-79.579273">
        <time>2026-07-23T10:20:48Z</time>
      </trkpt>
      <trkpt lat="9.000240" lon="-79.579291">
        <time>2026-07-23T10:20:49Z</time>
      </trkpt>
      <trkpt lat="9.000242" lon="-79.579316">
        <time>2026-07-23T10:20:50Z</time>
      </trkpt>
      <trkpt lat="9.000247" lon="-79.579339">
        <time>2026-07-23T10:20:51Z</time>
      </trkpt>
      <trkpt lat="9.000250" lon="-79.579362">
        <time>2026-07-23T10:20:52Z</time>
      </trkpt>
      <trkpt lat="9.000250" lon="-79.579387">
        <time>2026-07-23T10:20:53Z</time>
      </trkpt>
      <trkpt lat="9.000250" lon="-79.579413">
        <time>2026-07-23T10:20:54Z</time>
      </trkpt>
      <trkpt lat="9.000253" lon="-79.579438">
        <time>2026-07-23T10:20:55Z</time>
      </trkpt>
      <trkpt lat="9.000255" lon="-79.579463">
        <time>2026-07-23T10:20:56Z</time>
      </trkpt>
      <trkpt lat="9.000253" lon="-79.579491">
        <time>2026-07-23T10:20:57Z</time>
      </trkpt>
      <trkpt lat="9.000250" lon="-79.579519">
        <time>2026-07-23T10:20:58Z</time>
      </trkpt>
      <trkpt lat="9.000249" lon="-79.579549">
        <time>2026-07-23T10:20:59Z</time>
      </trkpt>
      <trkpt lat="9.000249" lon="-79.579576">
        <time>2026-07-23T10:21:00Z</time>
      </trkpt>
      <trkpt lat="9.000251" lon="-79.579604">
        <time>2026-07-23T10:21:01Z</time>
      </trkpt>
      <trkpt lat="9.000251" lon="-79.579632">
        <time>2026-07-23T10:21:02Z</time>
      </trkpt>
      <trkpt lat="9.000254" lon="-79.579658">
        <time>2026-07-23T10:21:03Z</time>
      </trkpt>
      <trkpt lat="9.000255" lon="-79.579686">
        <time>2026-07-23T10:21:04Z</time>
      </trkpt>
      <trkpt lat="9.000256" lon="-79.579711">
        <time>2026-07-23T10:21:05Z</time>
      </trkpt>
      <trkpt lat="9.000258" lon="-79.579738">
        <time>2026-07-23T10:21:06Z</time>
      </trkpt>
      <trkpt lat="9.000259" lon="-79.579765">
        <time>2026-07-23T10:21:07Z</time>
      </trkpt>
      <trkpt lat="9.000259" lon="-79.579790">
        <time>2026-07-23T10:21:08Z</time>
      </trkpt>
      <trkpt lat="9.000260" lon="-79.579815">
        <time>2026-07-23T10:21:09Z</time>
      </trkpt>
      <trkpt lat="9.000261" lon="-79.579843">
        <time>2026-07-23T10:21:10Z</time>
      </trkpt>
      <trkpt lat="9.000265" lon="-79.579869">
        <time>2026-07-23T10:21:11Z</time>
      </trkpt>
      <trkpt lat="9.000265" lon="-79.579897">
        <time>2026-07-23T10:21:12Z</time>
      </trkpt>
      <trkpt lat="9.000265" lon="-79.579923">
        <time>2026-07-23T10:21:13Z</time>
      </trkpt>
      <trkpt lat="9.000266" lon="-79.579951">
        <time>2026-07-23T10:21:14Z</time>
      </trkpt>
      <trkpt lat="9.000266" lon="-79.579979">
        <time>2026-07-23T10:21:15Z</time>
      </trkpt>
      <trkpt lat="9.000268" lon="-79.580005">
        <time>2026-07-23T10:21:16Z</time>
      </trkpt>
      <trkpt lat="9.000271" lon="-79.580031">
        <time>2026-07-23T10:21:17Z</time>
      </trkpt>
      <trkpt lat="9.000273" lon="-79.580057">
        <time>2026-07-23T10:21:18Z</time>
      </trkpt>
      <trkpt lat="9.000277" lon="-79.580083">
        <time>2026-07-23T10:21:19Z</time>
      </trkpt>
      <trkpt lat="9.000287" lon="-79.580111">
        <time>2026-07-23T10:21:20Z</time>
      </trkpt>
      <trkpt lat="9.000298" lon="-79.580137">
        <time>2026-07-23T10:21:21Z</time>
      </trkpt>
      <trkpt lat="9.000314" lon="-79.580159">
        <time>2026-07-23T10:21:22Z</time>
      </trkpt>
      <trkpt lat="9.000334" lon="-79.580180">
        <time>2026-07-23T10:21:23Z</time>
      </trkpt>
      <trkpt lat="9.000358" lon="-79.580196">
        <time>2026-07-23T10:21:24Z</time>
      </trkpt>
      <trkpt lat="9.000389" lon="-79.580207">
        <time>2026-07-23T10:21:25Z</time>
      </trkpt>
      <trkpt lat="9.000422" lon="-79.580211">
        <time>2026-07-23T10:21:26Z</time>
      </trkpt>
      <trkpt lat="9.000454" lon="-79.580209">
        <time>2026-07-23T10:21:27Z</time>
      </trkpt>
      <trkpt lat="9.000485" lon="-79.580199">
        <time>2026-07-23T10:21:28Z</time>
      </trkpt>
      <trkpt lat="9.000515" lon="-79.580192">
        <time>2026-07-23T10:21:29Z</time>
      </trkpt>
      <trkpt lat="9.000545" lon="-79.580182">
        <time>2026-07-23T10:21:30Z</time>
      </trkpt>
      <trkpt lat="9.000572" lon="-79.580175">
        <time>2026-07-23T10:21:31Z</time>
      </trkpt>
      <trkpt lat="9.000597" lon="-79.580169">
        <time>2026-07-23T10:21:32Z</time>
      </trkpt>
      <trkpt lat="9.000627" lon="-79.580159">
        <time>2026-07-23T10:21:33Z</time>
      </trkpt>
      <trkpt lat="9.000653" lon="-79.580154">
        <time>2026-07-23T10:21:34Z</time>
      </trkpt>
      <trkpt lat="9.000679" lon="-79.580147">
        <time>2026-07-23T10:21:35Z</time>
      </trkpt>
      <trkpt lat="9.000705" lon="-79.580138">
        <time>2026-07-23T10:21:36Z</time>
      </trkpt>
      <trkpt lat="9.000730" lon="-79.580133">
        <time>2026-07-23T10:21:37Z</time>
      </trkpt>
      <trkpt lat="9.000757" lon="-79.580126">
        <time>2026-07-23T10:21:38Z</time>
      </trkpt>
      <trkpt lat="9.000782" lon="-79.580118">
        <time>2026-07-23T10:21:39Z</time>
      </trkpt>
      <trkpt lat="9.000807" lon="-79.580110">
        <time>2026-07-23T10:21:40Z</time>
      </trkpt>
      <trkpt lat="9.000834" lon="-79.580102">
        <time>2026-07-23T10:21:41Z</time>
      </trkpt>
      <trkpt lat="9.000859" lon="-79.580092">
        <time>2026-07-23T10:21:42Z</time>
      </trkpt>
      <trkpt lat="9.000884" lon="-79.580081">
        <time>2026-07-23T10:21:43Z</time>
      </trkpt>
      <trkpt lat="9.000910" lon="-79.580069">
        <time>2026-07-23T10:21:44Z</time>
      </trkpt>
      <trkpt lat="9.000935" lon="-79.580057">
        <time>2026-07-23T10:21:45Z</time>
      </trkpt>
      <trkpt lat="9.000958" lon="-79.580039">
        <time>2026-07-23T10:21:46Z</time>
      </trkpt>
      <trkpt lat="9.000981" lon="-79.580023">
        <time>2026-07-23T10:21:47Z</time>
      </trkpt>
      <trkpt lat="9.001003" lon="-79.580003">
        <time>2026-07-23T10:21:48Z</time>
      </trkpt>
      <trkpt lat="9.001021" lon="-79.579977">
        <time>2026-07-23T10:21:49Z</time>
      </trkpt>
      <trkpt lat="9.001035" lon="-79.579952">
        <time>2026-07-23T10:21:50Z</time>
      </trkpt>
      <trkpt lat="9.001048" lon="-79.579927">
        <time>2026-07-23T10:21:51Z</time>
      </trkpt>
      <trkpt lat="9.001057" lon="-79.579900">
        <time>2026-07-23T10:21:52Z</time>
      </trkpt>
      <trkpt lat="9.001065" lon="-79.579874">
        <time>2026-07-23T10:21:53Z</time>
      </trkpt>
      <trkpt lat="9.001069" lon="-79.579845">
        <time>2026-07-23T10:21:54Z</time>
      </trkpt>
      <trkpt lat="9.001072" lon="-79.579819">
        <time>2026-07-23T10:21:55Z</time>
      </trkpt>
      <trkpt lat="9.001072" lon="-79.579793">
        <time>2026-07-23T10:21:56Z</time>
      </trkpt>
      <trkpt lat="9.001071" lon="-79.579766">
        <time>2026-07-23T10:21:57Z</time>
      </trkpt>
      <trkpt lat="9.001069" lon="-79.579745">
        <time>2026-07-23T10:21:58Z</time>
      </trkpt>
      <trkpt lat="9.001066" lon="-79.579726">
        <time>2026-07-23T10:21:59Z</time>
      </trkpt>
      <trkpt lat="9.001058" lon="-79.579705">
        <time>2026-07-23T10:22:00Z</time>
      </trkpt>
      <trkpt lat="9.001053" lon="-79.579685">
        <time>2026-07-23T10:22:01Z</time>
      </trkpt>
      <trkpt lat="9.001051" lon="-79.579667">
        <time>2026-07-23T10:22:02Z</time>
      </trkpt>
      <trkpt lat="9.001045" lon="-79.579646">
        <time>2026-07-23T10:22:03Z</time>
      </trkpt>
      <trkpt lat="9.001040" lon="-79.579624">
        <time>2026-07-23T10:22:04Z</time>
      </trkpt>
      <trkpt lat="9.001037" lon="-79.579605">
        <time>2026-07-23T10:22:05Z</time>
      </trkpt>
      <trkpt lat="9.001032" lon="-79.579584">
        <time>2026-07-23T10:22:06Z</time>
      </trkpt>
      <trkpt lat="9.001025" lon="-79.579562">
        <time>2026-07-23T10:22:07Z</time>
      </trkpt>
      <trkpt lat="9.001019" lon="-79.579543">
        <time>2026-07-23T10:22:08Z</time>
      </trkpt>
      <trkpt lat="9.001014" lon="-79.579523">
        <time>2026-07-23T10:22:09Z</time>
      </trkpt>
      <trkpt lat="9.001008" lon="-79.579501">
        <time>2026-07-23T10:22:10Z</time>
      </trkpt>
      <trkpt lat="9.001003" lon="-79.579483">
        <time>2026-07-23T10:22:11Z</time>
      </trkpt>
      <trkpt lat="9.001000" lon="-79.579459">
        <time>2026-07-23T10:22:12Z</time>
      </trkpt>
      <trkpt lat="9.000992" lon="-79.579437">
        <time>2026-07-23T10:22:13Z</time>
      </trkpt>
      <trkpt lat="9.000989" lon="-79.579419">
        <time>2026-07-23T10:22:14Z</time>
      </trkpt>
      <trkpt lat="9.000986" lon="-79.579398">
        <time>2026-07-23T10:22:15Z</time>
      </trkpt>
      <trkpt lat="9.000986" lon="-79.579374">
        <time>2026-07-23T10:22:16Z</time>
      </trkpt>
      <trkpt lat="9.000989" lon="-79.579349">
        <time>2026-07-23T10:22:17Z</time>
      </trkpt>
      <trkpt lat="9.000993" lon="-79.579332">
        <time>2026-07-23T10:22:18Z</time>
      </trkpt>
      <trkpt lat="9.000998" lon="-79.579313">
        <time>2026-07-23T10:22:19Z</time>
      </trkpt>
      <trkpt lat="9.001006" lon="-79.579292">
        <time>2026-07-23T10:22:20Z</time>
      </trkpt>
      <trkpt lat="9.001013" lon="-79.579270">
        <time>2026-07-23T10:22:21Z</time>
      </trkpt>
      <trkpt lat="9.001023" lon="-79.579251">
        <time>2026-07-23T10:22:22Z</time>
      </trkpt>
      <trkpt lat="9.001030" lon="-79.579233">
        <time>2026-07-23T10:22:23Z</time>
      </trkpt>
      <trkpt lat="9.001041" lon="-79.579216">
        <time>2026-07-23T10:22:24Z</time>
      </trkpt>
      <trkpt lat="9.001056" lon="-79.579204">
        <time>2026-07-23T10:22:25Z</time>
      </trkpt>
      <trkpt lat="9.001070" lon="-79.579192">
        <time>2026-07-23T10:22:26Z</time>
      </trkpt>
      <trkpt lat="9.001087" lon="-79.579179">
        <time>2026-07-23T10:22:27Z</time>
      </trkpt>
      <trkpt lat="9.001104" lon="-79.579169">
        <time>2026-07-23T10:22:28Z</time>
      </trkpt>
      <trkpt lat="9.001123" lon="-79.579157">
        <time>2026-07-23T10:22:29Z</time>
      </trkpt>
      <trkpt lat="9.001142" lon="-79.579148">
        <time>2026-07-23T10:22:30Z</time>
      </trkpt>
      <trkpt lat="9.001160" lon="-79.579137">
        <time>2026-07-23T10:22:31Z</time>
      </trkpt>
      <trkpt lat="9.001177" lon="-79.579125">
        <time>2026-07-23T10:22:32Z</time>
      </trkpt>
      <trkpt lat="9.001196" lon="-79.579115">
        <time>2026-07-23T10:22:33Z</time>
      </trkpt>
      <trkpt lat="9.001215" lon="-79.579105">
        <time>2026-07-23T10:22:34Z</time>
      </trkpt>
      <trkpt lat="9.001233" lon="-79.579096">
        <time>2026-07-23T10:22:35Z</time>
      </trkpt>
      <trkpt lat="9.001253" lon="-79.579087">
        <time>2026-07-23T10:22:36Z</time>
      </trkpt>
      <trkpt lat="9.001274" lon="-79.579079">
        <time>2026-07-23T10:22:37Z</time>
      </trkpt>
      <trkpt lat="9.001296" lon="-79.579072">
        <time>2026-07-23T10:22:38Z</time>
      </trkpt>
      <trkpt lat="9.001316" lon="-79.579064">
        <time>2026-07-23T10:22:39Z</time>
      </trkpt>
      <trkpt lat="9.001335" lon="-79.579059">
        <time>2026-07-23T10:22:40Z</time>
      </trkpt>
      <trkpt lat="9.001355" lon="-79.579054">
        <time>2026-07-23T10:22:41Z</time>
      </trkpt>
      <trkpt lat="9.001376" lon="-79.579048">
        <time>2026-07-23T10:22:42Z</time>
      </trkpt>
      <trkpt lat="9.001396" lon="-79.579053">
        <time>2026-07-23T10:22:43Z</time>
      </trkpt>
      <trkpt lat="9.001413" lon="-79.579057">
        <time>2026-07-23T10:22:44Z</time>
      </trkpt>
      <trkpt lat="9.001429" lon="-79.579060">
        <time>2026-07-23T10:22:45Z</time>
      </trkpt>
      <trkpt lat="9.001447" lon="-79.579065">
        <time>2026-07-23T10:22:46Z</time>
      </trkpt>
      <trkpt lat="9.001466" lon="-79.579069">
        <time>2026-07-23T10:22:47Z</time>
      </trkpt>
      <trkpt lat="9.001485" lon="-79.579074">
        <time>2026-07-23T10:22:48Z</time>
      </trkpt>
      <trkpt lat="9.001504" lon="-79.579083">
        <time>2026-07-23T10:22:49Z</time>
      </trkpt>
      <trkpt lat="9.001524" lon="-79.579092">
        <time>2026-07-23T10:22:50Z</time>
      </trkpt>
      <trkpt lat="9.001541" lon="-79.579102">
        <time>2026-07-23T10:22:51Z</time>
      </trkpt>
      <trkpt lat="9.001557" lon="-79.579111">
        <time>2026-07-23T10:22:52Z</time>
      </trkpt>
      <trkpt lat="9.001576" lon="-79.579124">
        <time>2026-07-23T10:22:53Z</time>
      </trkpt>
      <trkpt lat="9.001592" lon="-79.579136">
        <time>2026-07-23T10:22:54Z</time>
      </trkpt>
      <trkpt lat="9.001607" lon="-79.579149">
        <time>2026-07-23T10:22:55Z</time>
      </trkpt>
      <trkpt lat="9.001620" lon="-79.579165">
        <time>2026-07-23T10:22:56Z</time>
      </trkpt>
      <trkpt lat="9.001637" lon="-79.579181">
        <time>2026-07-23T10:22:57Z</time>
      </trkpt>
      <trkpt lat="9.001647" lon="-79.579197">
        <time>2026-07-23T10:22:58Z</time>
      </trkpt>
      <trkpt lat="9.001656" lon="-79.579213">
        <time>2026-07-23T10:22:59Z</time>
      </trkpt>
      <trkpt lat="9.001661" lon="-79.579231">
        <time>2026-07-23T10:23:00Z</time>
      </trkpt>
      <trkpt lat="9.001658" lon="-79.579251">
        <time>2026-07-23T10:23:01Z</time>
      </trkpt>
      <trkpt lat="9.001656" lon="-79.579272">
        <time>2026-07-23T10:23:02Z</time>
      </trkpt>
      <trkpt lat="9.001655" lon="-79.579292">
        <time>2026-07-23T10:23:03Z</time>
      </trkpt>
      <trkpt lat="9.001646" lon="-79.579313">
        <time>2026-07-23T10:23:04Z</time>
      </trkpt>
      <trkpt lat="9.001638" lon="-79.579332">
        <time>2026-07-23T10:23:05Z</time>
      </trkpt>
      <trkpt lat="9.001630" lon="-79.579352">
        <time>2026-07-23T10:23:06Z</time>
      </trkpt>
      <trkpt lat="9.001620" lon="-79.579371">
        <time>2026-07-23T10:23:07Z</time>
      </trkpt>
      <trkpt lat="9.001609" lon="-79.579391">
        <time>2026-07-23T10:23:08Z</time>
      </trkpt>
      <trkpt lat="9.001602" lon="-79.579415">
        <time>2026-07-23T10:23:09Z</time>
      </trkpt>
      <trkpt lat="9.001596" lon="-79.579437">
        <time>2026-07-23T10:23:10Z</time>
      </trkpt>
      <trkpt lat="9.001590" lon="-79.579461">
        <time>2026-07-23T10:23:11Z</time>
      </trkpt>
      <trkpt lat="9.001588" lon="-79.579485">
        <time>2026-07-23T10:23:12Z</time>
      </trkpt>
      <trkpt lat="9.001582" lon="-79.579505">
        <time>2026-07-23T10:23:13Z</time>
      </trkpt>
      <trkpt lat="9.001579" lon="-79.579530">
        <time>2026-07-23T10:23:14Z</time>
      </trkpt>
      <trkpt lat="9.001580" lon="-79.579553">
        <time>2026-07-23T10:23:15Z</time>
      </trkpt>
      <trkpt lat="9.001582" lon="-79.579578">
        <time>2026-07-23T10:23:16Z</time>
      </trkpt>
      <trkpt lat="9.001583" lon="-79.579602">
        <time>2026-07-23T10:23:17Z</time>
      </trkpt>
      <trkpt lat="9.001590" lon="-79.579625">
        <time>2026-07-23T10:23:18Z</time>
      </trkpt>
      <trkpt lat="9.001596" lon="-79.579648">
        <time>2026-07-23T10:23:19Z</time>
      </trkpt>
      <trkpt lat="9.001603" lon="-79.579673">
        <time>2026-07-23T10:23:20Z</time>
      </trkpt>
      <trkpt lat="9.001613" lon="-79.579695">
        <time>2026-07-23T10:23:21Z</time>
      </trkpt>
      <trkpt lat="9.001623" lon="-79.579716">
        <time>2026-07-23T10:23:22Z</time>
      </trkpt>
      <trkpt lat="9.001634" lon="-79.579737">
        <time>2026-07-23T10:23:23Z</time>
      </trkpt>
      <trkpt lat="9.001646" lon="-79.579759">
        <time>2026-07-23T10:23:24Z</time>
      </trkpt>
      <trkpt lat="9.001660" lon="-79.579780">
        <time>2026-07-23T10:23:25Z</time>
      </trkpt>
      <trkpt lat="9.001672" lon="-79.579800">
        <time>2026-07-23T10:23:26Z</time>
      </trkpt>
      <trkpt lat="9.001688" lon="-79.579818">
        <time>2026-07-23T10:23:27Z</time>
      </trkpt>
      <trkpt lat="9.001706" lon="-79.579837">
        <time>2026-07-23T10:23:28Z</time>
      </trkpt>
      <trkpt lat="9.001724" lon="-79.579854">
        <time>2026-07-23T10:23:29Z</time>
      </trkpt>
      <trkpt lat="9.001748" lon="-79.579866">
        <time>2026-07-23T10:23:30Z</time>
      </trkpt>
      <trkpt lat="9.001773" lon="-79.579869">
        <time>2026-07-23T10:23:31Z</time>
      </trkpt>
      <trkpt lat="9.001797" lon="-79.579869">
        <time>2026-07-23T10:23:32Z</time>
      </trkpt>
      <trkpt lat="9.001822" lon="-79.579866">
        <time>2026-07-23T10:23:33Z</time>
      </trkpt>
      <trkpt lat="9.001845" lon="-79.579860">
        <time>2026-07-23T10:23:34Z</time>
      </trkpt>
      <trkpt lat="9.001867" lon="-79.579857">
        <time>2026-07-23T10:23:35Z</time>
      </trkpt>
      <trkpt lat="9.001890" lon="-79.579850">
        <time>2026-07-23T10:23:36Z</time>
      </trkpt>
      <trkpt lat="9.001913" lon="-79.579842">
        <time>2026-07-23T10:23:37Z</time>
      </trkpt>
      <trkpt lat="9.001935" lon="-79.579840">
        <time>2026-07-23T10:23:38Z</time>
      </trkpt>
      <trkpt lat="9.001955" lon="-79.579833">
        <time>2026-07-23T10:23:39Z</time>
      </trkpt>
      <trkpt lat="9.001974" lon="-79.579822">
        <time>2026-07-23T10:23:40Z</time>
      </trkpt>
      <trkpt lat="9.001992" lon="-79.579815">
        <time>2026-07-23T10:23:41Z</time>
      </trkpt>
      <trkpt lat="9.002011" lon="-79.579810">
        <time>2026-07-23T10:23:42Z</time>
      </trkpt>
      <trkpt lat="9.002030" lon="-79.579801">
        <time>2026-07-23T10:23:43Z</time>
      </trkpt>
      <trkpt lat="9.002051" lon="-79.579798">
        <time>2026-07-23T10:23:44Z</time>
      </trkpt>
      <trkpt lat="9.002071" lon="-79.579793">
        <time>2026-07-23T10:23:45Z</time>
      </trkpt>
      <trkpt lat="9.002093" lon="-79.579783">
        <time>2026-07-23T10:23:46Z</time>
      </trkpt>
      <trkpt lat="9.002113" lon="-79.579781">
        <time>2026-07-23T10:23:47Z</time>
      </trkpt>
      <trkpt lat="9.002136" lon="-79.579775">
        <time>2026-07-23T10:23:48Z</time>
      </trkpt>
      <trkpt lat="9.002158" lon="-79.579768">
        <time>2026-07-23T10:23:49Z</time>
      </trkpt>
      <trkpt lat="9.002179" lon="-79.579768">
        <time>2026-07-23T10:23:50Z</time>
      </trkpt>
      <trkpt lat="9.002201" lon="-79.579770">
        <time>2026-07-23T10:23:51Z</time>
      </trkpt>
      <trkpt lat="9.002224" lon="-79.579772">
        <time>2026-07-23T10:23:52Z</time>
      </trkpt>
      <trkpt lat="9.002246" lon="-79.579776">
        <time>2026-07-23T10:23:53Z</time>
      </trkpt>
      <trkpt lat="9.002268" lon="-79.579783">
        <time>2026-07-23T10:23:54Z</time>
      </trkpt>
      <trkpt lat="9.002293" lon="-79.579792">
        <time>2026-07-23T10:23:55Z</time>
      </trkpt>
      <trkpt lat="9.002316" lon="-79.579802">
        <time>2026-07-23T10:23:56Z</time>
      </trkpt>
      <trkpt lat="9.002341" lon="-79.579811">
        <time>2026-07-23T10:23:57Z</time>
      </trkpt>
      <trkpt lat="9.002366" lon="-79.579817">
        <time>2026-07-23T10:23:58Z</time>
      </trkpt>
      <trkpt lat="9.002389" lon="-79.579823">
        <time>2026-07-23T10:23:59Z</time>
      </trkpt>
      <trkpt lat="9.002414" lon="-79.579827">
        <time>2026-07-23T10:24:00Z</time>
      </trkpt>
      <trkpt lat="9.002438" lon="-79.579831">
        <time>2026-07-23T10:24:01Z</time>
      </trkpt>
      <trkpt lat="9.002465" lon="-79.579830">
        <time>2026-07-23T10:24:02Z</time>
      </trkpt>
      <trkpt lat="9.002494" lon="-79.579826">
        <time>2026-07-23T10:24:03Z</time>
      </trkpt>
      <trkpt lat="9.002521" lon="-79.579825">
        <time>2026-07-23T10:24:04Z</time>
      </trkpt>
      <trkpt lat="9.002548" lon="-79.579820">
        <time>2026-07-23T10:24:05Z</time>
      </trkpt>
      <trkpt lat="9.002575" lon="-79.579815">
        <time>2026-07-23T10:24:06Z</time>
      </trkpt>
      <trkpt lat="9.002602" lon="-79.579810">
        <time>2026-07-23T10:24:07Z</time>
      </trkpt>
      <trkpt lat="9.002629" lon="-79.579800">
        <time>2026-07-23T10:24:08Z</time>
      </trkpt>
      <trkpt lat="9.002654" lon="-79.579787">
        <time>2026-07-23T10:24:09Z</time>
      </trkpt>
      <trkpt lat="9.002678" lon="-79.579769">
        <time>2026-07-23T10:24:10Z</time>
      </trkpt>
      <trkpt lat="9.002697" lon="-79.579747">
        <time>2026-07-23T10:24:11Z</time>
      </trkpt>
      <trkpt lat="9.002713" lon="-79.579725">
        <time>2026-07-23T10:24:12Z</time>
      </trkpt>
      <trkpt lat="9.002730" lon="-79.579702">
        <time>2026-07-23T10:24:13Z</time>
      </trkpt>
      <trkpt lat="9.002743" lon="-79.579681">
        <time>2026-07-23T10:24:14Z</time>
      </trkpt>
      <trkpt lat="9.002757" lon="-79.579662">
        <time>2026-07-23T10:24:15Z</time>
      </trkpt>
      <trkpt lat="9.002774" lon="-79.579643">
        <time>2026-07-23T10:24:16Z</time>
      </trkpt>
      <trkpt lat="9.002788" lon="-79.579622">
        <time>2026-07-23T10:24:17Z</time>
      </trkpt>
      <trkpt lat="9.002798" lon="-79.579602">
        <time>2026-07-23T10:24:18Z</time>
      </trkpt>
      <trkpt lat="9.002811" lon="-79.579582">
        <time>2026-07-23T10:24:19Z</time>
      </trkpt>
      <trkpt lat="9.002824" lon="-79.579560">
        <time>2026-07-23T10:24:20Z</time>
      </trkpt>
      <trkpt lat="9.002836" lon="-79.579538">
        <time>2026-07-23T10:24:21Z</time>
      </trkpt>
      <trkpt lat="9.002851" lon="-79.579518">
        <time>2026-07-23T10:24:22Z</time>
      </trkpt>
      <trkpt lat="9.002864" lon="-79.579494">
        <time>2026-07-23T10:24:23Z</time>
      </trkpt>
      <trkpt lat="9.002874" lon="-79.579470">
        <time>2026-07-23T10:24:24Z</time>
      </trkpt>
      <trkpt lat="9.002881" lon="-79.579448">
        <time>2026-07-23T10:24:25Z</time>
      </trkpt>
      <trkpt lat="9.002886" lon="-79.579422">
        <time>2026-07-23T10:24:26Z</time>
      </trkpt>
      <trkpt lat="9.002892" lon="-79.579398">
        <time>2026-07-23T10:24:27Z</time>
      </trkpt>
      <trkpt lat="9.002897" lon="-79.579371">
        <time>2026-07-23T10:24:28Z</time>
      </trkpt>
      <trkpt lat="9.002904" lon="-79.579345">
        <time>2026-07-23T10:24:29Z</time>
      </trkpt>
      <trkpt lat="9.002908" lon="-79.579320">
        <time>2026-07-23T10:24:30Z</time>
      </trkpt>
      <trkpt lat="9.002912" lon="-79.579295">
        <time>2026-07-23T10:24:31Z</time>
      </trkpt>
      <trkpt lat="9.002919" lon="-79.579270">
        <time>2026-07-23T10:24:32Z</time>
      </trkpt>
      <trkpt lat="9.002920" lon="-79.579242">
        <time>2026-07-23T10:24:33Z</time>
      </trkpt>
      <trkpt lat="9.002925" lon="-79.579218">
        <time>2026-07-23T10:24:34Z</time>
      </trkpt>
      <trkpt lat="9.002931" lon="-79.579192">
        <time>2026-07-23T10:24:35Z</time>
      </trkpt>
      <trkpt lat="9.002934" lon="-79.579165">
        <time>2026-07-23T10:24:36Z</time>
      </trkpt>
      <trkpt lat="9.002941" lon="-79.579140">
        <time>2026-07-23T10:24:37Z</time>
      </trkpt>
      <trkpt lat="9.002946" lon="-79.579115">
        <time>2026-07-23T10:24:38Z</time>
      </trkpt>
      <trkpt lat="9.002952" lon="-79.579088">
        <time>2026-07-23T10:24:39Z</time>
      </trkpt>
      <trkpt lat="9.002959" lon="-79.579060">
        <time>2026-07-23T10:24:40Z</time>
      </trkpt>
      <trkpt lat="9.002962" lon="-79.579033">
        <time>2026-07-23T10:24:41Z</time>
      </trkpt>
      <trkpt lat="9.002969" lon="-79.579009">
        <time>2026-07-23T10:24:42Z</time>
      </trkpt>
      <trkpt lat="9.002973" lon="-79.578981">
        <time>2026-07-23T10:24:43Z</time>
      </trkpt>
      <trkpt lat="9.002977" lon="-79.578955">
        <time>2026-07-23T10:24:44Z</time>
      </trkpt>
      <trkpt lat="9.002980" lon="-79.578929">
        <time>2026-07-23T10:24:45Z</time>
      </trkpt>
      <trkpt lat="9.002981" lon="-79.578901">
        <time>2026-07-23T10:24:46Z</time>
      </trkpt>
      <trkpt lat="9.002981" lon="-79.578875">
        <time>2026-07-23T10:24:47Z</time>
      </trkpt>
      <trkpt lat="9.002980" lon="-79.578847">
        <time>2026-07-23T10:24:48Z</time>
      </trkpt>
      <trkpt lat="9.002979" lon="-79.578823">
        <time>2026-07-23T10:24:49Z</time>
      </trkpt>
      <trkpt lat="9.002978" lon="-79.578798">
        <time>2026-07-23T10:24:50Z</time>
      </trkpt>
      <trkpt lat="9.002974" lon="-79.578771">
        <time>2026-07-23T10:24:51Z</time>
      </trkpt>
      <trkpt lat="9.002970" lon="-79.578745">
        <time>2026-07-23T10:24:52Z</time>
      </trkpt>
      <trkpt lat="9.002965" lon="-79.578721">
        <time>2026-07-23T10:24:53Z</time>
      </trkpt>
      <trkpt lat="9.002961" lon="-79.578695">
        <time>2026-07-23T10:24:54Z</time>
      </trkpt>
      <trkpt lat="9.002956" lon="-79.578670">
        <time>2026-07-23T10:24:55Z</time>
      </trkpt>
      <trkpt lat="9.002950" lon="-79.578645">
        <time>2026-07-23T10:24:56Z</time>
      </trkpt>
      <trkpt lat="9.002947" lon="-79.578621">
        <time>2026-07-23T10:24:57Z</time>
      </trkpt>
      <trkpt lat="9.002941" lon="-79.578597">
        <time>2026-07-23T10:24:58Z</time>
      </trkpt>
      <trkpt lat="9.002937" lon="-79.578572">
        <time>2026-07-23T10:24:59Z</time>
      </trkpt>
      <trkpt lat="9.002936" lon="-79.578545">
        <time>2026-07-23T10:25:00Z</time>
      </trkpt>
      <trkpt lat="9.002932" lon="-79.578520">
        <time>2026-07-23T10:25:01Z</time>
      </trkpt>
      <trkpt lat="9.002928" lon="-79.578497">
        <time>2026-07-23T10:25:02Z</time>
      </trkpt>
      <trkpt lat="9.002925" lon="-79.578473">
        <time>2026-07-23T10:25:03Z</time>
      </trkpt>
      <trkpt lat="9.002923" lon="-79.578447">
        <time>2026-07-23T10:25:04Z</time>
      </trkpt>
      <trkpt lat="9.002919" lon="-79.578423">
        <time>2026-07-23T10:25:05Z</time>
      </trkpt>
      <trkpt lat="9.002912" lon="-79.578395">
        <time>2026-07-23T10:25:06Z</time>
      </trkpt>
      <trkpt lat="9.002908" lon="-79.578369">
        <time>2026-07-23T10:25:07Z</time>
      </trkpt>
      <trkpt lat="9.002900" lon="-79.578343">
        <time>2026-07-23T10:25:08Z</time>
      </trkpt>
      <trkpt lat="9.002892" lon="-79.578314">
        <time>2026-07-23T10:25:09Z</time>
      </trkpt>
      <trkpt lat="9.002887" lon="-79.578289">
        <time>2026-07-23T10:25:10Z</time>
      </trkpt>
      <trkpt lat="9.002877" lon="-79.578263">
        <time>2026-07-23T10:25:11Z</time>
      </trkpt>
      <trkpt lat="9.002870" lon="-79.578237">
        <time>2026-07-23T10:25:12Z</time>
      </trkpt>
      <trkpt lat="9.002863" lon="-79.578211">
        <time>2026-07-23T10:25:13Z</time>
      </trkpt>
      <trkpt lat="9.002856" lon="-79.578184">
        <time>2026-07-23T10:25:14Z</time>
      </trkpt>
      <trkpt lat="9.002848" lon="-79.578157">
        <time>2026-07-23T10:25:15Z</time>
      </trkpt>
      <trkpt lat="9.002835" lon="-79.578130">
        <time>2026-07-23T10:25:16Z</time>
      </trkpt>
      <trkpt lat="9.002823" lon="-79.578105">
        <time>2026-07-23T10:25:17Z</time>
      </trkpt>
      <trkpt lat="9.002809" lon="-79.578079">
        <time>2026-07-23T10:25:18Z</time>
      </trkpt>
      <trkpt lat="9.002794" lon="-79.578055">
        <time>2026-07-23T10:25:19Z</time>
      </trkpt>
      <trkpt lat="9.002779" lon="-79.578033">
        <time>2026-07-23T10:25:20Z</time>
      </trkpt>
      <trkpt lat="9.002766" lon="-79.578008">
        <time>2026-07-23T10:25:21Z</time>
      </trkpt>
      <trkpt lat="9.002749" lon="-79.577988">
        <time>2026-07-23T10:25:22Z</time>
      </trkpt>
      <trkpt lat="9.002731" lon="-79.577966">
        <time>2026-07-23T10:25:23Z</time>
      </trkpt>
      <trkpt lat="9.002711" lon="-79.577945">
        <time>2026-07-23T10:25:24Z</time>
      </trkpt>
      <trkpt lat="9.002693" lon="-79.577929">
        <time>2026-07-23T10:25:25Z</time>
      </trkpt>
      <trkpt lat="9.002673" lon="-79.577912">
        <time>2026-07-23T10:25:26Z</time>
      </trkpt>
      <trkpt lat="9.002655" lon="-79.577894">
        <time>2026-07-23T10:25:27Z</time>
      </trkpt>
      <trkpt lat="9.002641" lon="-79.577882">
        <time>2026-07-23T10:25:28Z</time>
      </trkpt>
      <trkpt lat="9.002628" lon="-79.577871">
        <time>2026-07-23T10:25:29Z</time>
      </trkpt>
      <trkpt lat="9.002613" lon="-79.577862">
        <time>2026-07-23T10:25:30Z</time>
      </trkpt>
      <trkpt lat="9.002601" lon="-79.577850">
        <time>2026-07-23T10:25:31Z</time>
      </trkpt>
      <trkpt lat="9.002590" lon="-79.577840">
        <time>2026-07-23T10:25:32Z</time>
      </trkpt>
      <trkpt lat="9.002577" lon="-79.577832">
        <time>2026-07-23T10:25:33Z</time>
      </trkpt>
      <trkpt lat="9.002563" lon="-79.577823">
        <time>2026-07-23T10:25:34Z</time>
      </trkpt>
      <trkpt lat="9.002551" lon="-79.577814">
        <time>2026-07-23T10:25:35Z</time>
      </trkpt>
      <trkpt lat="9.002538" lon="-79.577802">
        <time>2026-07-23T10:25:36Z</time>
      </trkpt>
      <trkpt lat="9.002528" lon="-79.577792">
        <time>2026-07-23T10:25:37Z</time>
      </trkpt>
      <trkpt lat="9.002515" lon="-79.577783">
        <time>2026-07-23T10:25:38Z</time>
      </trkpt>
      <trkpt lat="9.002501" lon="-79.577772">
        <time>2026-07-23T10:25:39Z</time>
      </trkpt>
      <trkpt lat="9.002491" lon="-79.577760">
        <time>2026-07-23T10:25:40Z</time>
      </trkpt>
      <trkpt lat="9.002481" lon="-79.577746">
        <time>2026-07-23T10:25:41Z</time>
      </trkpt>
      <trkpt lat="9.002472" lon="-79.577735">
        <time>2026-07-23T10:25:42Z</time>
      </trkpt>
      <trkpt lat="9.002463" lon="-79.577723">
        <time>2026-07-23T10:25:43Z</time>
      </trkpt>
      <trkpt lat="9.002453" lon="-79.577711">
        <time>2026-07-23T10:25:44Z</time>
      </trkpt>
      <trkpt lat="9.002442" lon="-79.577701">
        <time>2026-07-23T10:25:45Z</time>
      </trkpt>
      <trkpt lat="9.002431" lon="-79.577688">
        <time>2026-07-23T10:25:46Z</time>
      </trkpt>
      <trkpt lat="9.002421" lon="-79.577676">
        <time>2026-07-23T10:25:47Z</time>
      </trkpt>
      <trkpt lat="9.002409" lon="-79.577662">
        <time>2026-07-23T10:25:48Z</time>
      </trkpt>
      <trkpt lat="9.002396" lon="-79.577652">
        <time>2026-07-23T10:25:49Z</time>
      </trkpt>
      <trkpt lat="9.002382" lon="-79.577643">
        <time>2026-07-23T10:25:50Z</time>
      </trkpt>
      <trkpt lat="9.002366" lon="-79.577634">
        <time>2026-07-23T10:25:51Z</time>
      </trkpt>
      <trkpt lat="9.002351" lon="-79.577627">
        <time>2026-07-23T10:25:52Z</time>
      </trkpt>
      <trkpt lat="9.002339" lon="-79.577618">
        <time>2026-07-23T10:25:53Z</time>
      </trkpt>
      <trkpt lat="9.002326" lon="-79.577606">
        <time>2026-07-23T10:25:54Z</time>
      </trkpt>
      <trkpt lat="9.002310" lon="-79.577594">
        <time>2026-07-23T10:25:55Z</time>
      </trkpt>
      <trkpt lat="9.002292" lon="-79.577584">
        <time>2026-07-23T10:25:56Z</time>
      </trkpt>
      <trkpt lat="9.002278" lon="-79.577572">
        <time>2026-07-23T10:25:57Z</time>
      </trkpt>
      <trkpt lat="9.002262" lon="-79.577562">
        <time>2026-07-23T10:25:58Z</time>
      </trkpt>
      <trkpt lat="9.002248" lon="-79.577552">
        <time>2026-07-23T10:25:59Z</time>
      </trkpt>
      <trkpt lat="9.002236" lon="-79.577540">
        <time>2026-07-23T10:26:00Z</time>
      </trkpt>
      <trkpt lat="9.002224" lon="-79.577528">
        <time>2026-07-23T10:26:01Z</time>
      </trkpt>
      <trkpt lat="9.002211" lon="-79.577520">
        <time>2026-07-23T10:26:02Z</time>
      </trkpt>
      <trkpt lat="9.002196" lon="-79.577511">
        <time>2026-07-23T10:26:03Z</time>
      </trkpt>
      <trkpt lat="9.002182" lon="-79.577500">
        <time>2026-07-23T10:26:04Z</time>
      </trkpt>
      <trkpt lat="9.002165" lon="-79.577485">
        <time>2026-07-23T10:26:05Z</time>
      </trkpt>
      <trkpt lat="9.002147" lon="-79.577473">
        <time>2026-07-23T10:26:06Z</time>
      </trkpt>
      <trkpt lat="9.002129" lon="-79.577464">
        <time>2026-07-23T10:26:07Z</time>
      </trkpt>
      <trkpt lat="9.002113" lon="-79.577454">
        <time>2026-07-23T10:26:08Z</time>
      </trkpt>
      <trkpt lat="9.002092" lon="-79.577444">
        <time>2026-07-23T10:26:09Z</time>
      </trkpt>
      <trkpt lat="9.002071" lon="-79.577433">
        <time>2026-07-23T10:26:10Z</time>
      </trkpt>
      <trkpt lat="9.002054" lon="-79.577422">
        <time>2026-07-23T10:26:11Z</time>
      </trkpt>
      <trkpt lat="9.002040" lon="-79.577412">
        <time>2026-07-23T10:26:12Z</time>
      </trkpt>
      <trkpt lat="9.002023" lon="-79.577401">
        <time>2026-07-23T10:26:13Z</time>
      </trkpt>
      <trkpt lat="9.002008" lon="-79.577391">
        <time>2026-07-23T10:26:14Z</time>
      </trkpt>
      <trkpt lat="9.001993" lon="-79.577382">
        <time>2026-07-23T10:26:15Z</time>
      </trkpt>
      <trkpt lat="9.001973" lon="-79.577371">
        <time>2026-07-23T10:26:16Z</time>
      </trkpt>
      <trkpt lat="9.001958" lon="-79.577360">
        <time>2026-07-23T10:26:17Z</time>
      </trkpt>
      <trkpt lat="9.001944" lon="-79.577350">
        <time>2026-07-23T10:26:18Z</time>
      </trkpt>
      <trkpt lat="9.001927" lon="-79.577338">
        <time>2026-07-23T10:26:19Z</time>
      </trkpt>
      <trkpt lat="9.001908" lon="-79.577328">
        <time>2026-07-23T10:26:20Z</time>
      </trkpt>
      <trkpt lat="9.001889" lon="-79.577316">
        <time>2026-07-23T10:26:21Z</time>
      </trkpt>
      <trkpt lat="9.001871" lon="-79.577303">
        <time>2026-07-23T10:26:22Z</time>
      </trkpt>
      <trkpt lat="9.001854" lon="-79.577292">
        <time>2026-07-23T10:26:23Z</time>
      </trkpt>
      <trkpt lat="9.001834" lon="-79.577283">
        <time>2026-07-23T10:26:24Z</time>
      </trkpt>
      <trkpt lat="9.001814" lon="-79.577271">
        <time>2026-07-23T10:26:25Z</time>
      </trkpt>
      <trkpt lat="9.001796" lon="-79.577260">
        <time>2026-07-23T10:26:26Z</time>
      </trkpt>
      <trkpt lat="9.001778" lon="-79.577251">
        <time>2026-07-23T10:26:27Z</time>
      </trkpt>
      <trkpt lat="9.001759" lon="-79.577242">
        <time>2026-07-23T10:26:28Z</time>
      </trkpt>
      <trkpt lat="9.001739" lon="-79.577231">
        <time>2026-07-23T10:26:29Z</time>
      </trkpt>
      <trkpt lat="9.001725" lon="-79.577216">
        <time>2026-07-23T10:26:30Z</time>
      </trkpt>
      <trkpt lat="9.001708" lon="-79.577204">
        <time>2026-07-23T10:26:31Z</time>
      </trkpt>
      <trkpt lat="9.001692" lon="-79.577191">
        <time>2026-07-23T10:26:32Z</time>
      </trkpt>
      <trkpt lat="9.001676" lon="-79.577179">
        <time>2026-07-23T10:26:33Z</time>
      </trkpt>
      <trkpt lat="9.001659" lon="-79.577169">
        <time>2026-07-23T10:26:34Z</time>
      </trkpt>
      <trkpt lat="9.001639" lon="-79.577155">
        <time>2026-07-23T10:26:35Z</time>
      </trkpt>
      <trkpt lat="9.001619" lon="-79.577142">
        <time>2026-07-23T10:26:36Z</time>
      </trkpt>
      <trkpt lat="9.001605" lon="-79.577132">
        <time>2026-07-23T10:26:37Z</time>
      </trkpt>
      <trkpt lat="9.001588" lon="-79.577121">
        <time>2026-07-23T10:26:38Z</time>
      </trkpt>
      <trkpt lat="9.001572" lon="-79.577108">
        <time>2026-07-23T10:26:39Z</time>
      </trkpt>
      <trkpt lat="9.001552" lon="-79.577098">
        <time>2026-07-23T10:26:40Z</time>
      </trkpt>
      <trkpt lat="9.001531" lon="-79.577084">
        <time>2026-07-23T10:26:41Z</time>
      </trkpt>
      <trkpt lat="9.001506" lon="-79.577071">
        <time>2026-07-23T10:26:42Z</time>
      </trkpt>
      <trkpt lat="9.001482" lon="-79.577060">
        <time>2026-07-23T10:26:43Z</time>
      </trkpt>
      <trkpt lat="9.001459" lon="-79.577051">
        <time>2026-07-23T10:26:44Z</time>
      </trkpt>
      <trkpt lat="9.001437" lon="-79.577040">
        <time>2026-07-23T10:26:45Z</time>
      </trkpt>
      <trkpt lat="9.001417" lon="-79.577032">
        <time>2026-07-23T10:26:46Z</time>
      </trkpt>
      <trkpt lat="9.001395" lon="-79.577025">
        <time>2026-07-23T10:26:47Z</time>
      </trkpt>
      <trkpt lat="9.001376" lon="-79.577016">
        <time>2026-07-23T10:26:48Z</time>
      </trkpt>
      <trkpt lat="9.001355" lon="-79.577008">
        <time>2026-07-23T10:26:49Z</time>
      </trkpt>
      <trkpt lat="9.001333" lon="-79.576998">
        <time>2026-07-23T10:26:50Z</time>
      </trkpt>
      <trkpt lat="9.001311" lon="-79.576991">
        <time>2026-07-23T10:26:51Z</time>
      </trkpt>
      <trkpt lat="9.001292" lon="-79.576985">
        <time>2026-07-23T10:26:52Z</time>
      </trkpt>
      <trkpt lat="9.001273" lon="-79.576974">
        <time>2026-07-23T10:26:53Z</time>
      </trkpt>
      <trkpt lat="9.001250" lon="-79.576971">
        <time>2026-07-23T10:26:54Z</time>
      </trkpt>
      <trkpt lat="9.001229" lon="-79.576968">
        <time>2026-07-23T10:26:55Z</time>
      </trkpt>
      <trkpt lat="9.001206" lon="-79.576959">
        <time>2026-07-23T10:26:56Z</time>
      </trkpt>
      <trkpt lat="9.001186" lon="-79.576952">
        <time>2026-07-23T10:26:57Z</time>
      </trkpt>
      <trkpt lat="9.001166" lon="-79.576946">
        <time>2026-07-23T10:26:58Z</time>
      </trkpt>
      <trkpt lat="9.001143" lon="-79.576947">
        <time>2026-07-23T10:26:59Z</time>
      </trkpt>
      <trkpt lat="9.001119" lon="-79.576942">
        <time>2026-07-23T10:27:00Z</time>
      </trkpt>
      <trkpt lat="9.001094" lon="-79.576938">
        <time>2026-07-23T10:27:01Z</time>
      </trkpt>
      <trkpt lat="9.001070" lon="-79.576935">
        <time>2026-07-23T10:27:02Z</time>
      </trkpt>
      <trkpt lat="9.001046" lon="-79.576932">
        <time>2026-07-23T10:27:03Z</time>
      </trkpt>
      <trkpt lat="9.001022" lon="-79.576931">
        <time>2026-07-23T10:27:04Z</time>
      </trkpt>
      <trkpt lat="9.000999" lon="-79.576929">
        <time>2026-07-23T10:27:05Z</time>
      </trkpt>
      <trkpt lat="9.000974" lon="-79.576926">
        <time>2026-07-23T10:27:06Z</time>
      </trkpt>
      <trkpt lat="9.000951" lon="-79.576926">
        <time>2026-07-23T10:27:07Z</time>
      </trkpt>
      <trkpt lat="9.000929" lon="-79.576928">
        <time>2026-07-23T10:27:08Z</time>
      </trkpt>
      <trkpt lat="9.000907" lon="-79.576925">
        <time>2026-07-23T10:27:09Z</time>
      </trkpt>
      <trkpt lat="9.000886" lon="-79.576923">
        <time>2026-07-23T10:27:10Z</time>
      </trkpt>
      <trkpt lat="9.000865" lon="-79.576922">
        <time>2026-07-23T10:27:11Z</time>
      </trkpt>
      <trkpt lat="9.000840" lon="-79.576920">
        <time>2026-07-23T10:27:12Z</time>
      </trkpt>
      <trkpt lat="9.000817" lon="-79.576915">
        <time>2026-07-23T10:27:13Z</time>
      </trkpt>
      <trkpt lat="9.000791" lon="-79.576915">
        <time>2026-07-23T10:27:14Z</time>
      </trkpt>
      <trkpt lat="9.000765" lon="-79.576916">
        <time>2026-07-23T10:27:15Z</time>
      </trkpt>
      <trkpt lat="9.000739" lon="-79.576913">
        <time>2026-07-23T10:27:16Z</time>
      </trkpt>
      <trkpt lat="9.000715" lon="-79.576914">
        <time>2026-07-23T10:27:17Z</time>
      </trkpt>
      <trkpt lat="9.000691" lon="-79.576911">
        <time>2026-07-23T10:27:18Z</time>
      </trkpt>
      <trkpt lat="9.000670" lon="-79.576908">
        <time>2026-07-23T10:27:19Z</time>
      </trkpt>
      <trkpt lat="9.000643" lon="-79.576911">
        <time>2026-07-23T10:27:20Z</time>
      </trkpt>
      <trkpt lat="9.000617" lon="-79.576918">
        <time>2026-07-23T10:27:21Z</time>
      </trkpt>
      <trkpt lat="9.000595" lon="-79.576923">
        <time>2026-07-23T10:27:22Z</time>
      </trkpt>
      <trkpt lat="9.000571" lon="-79.576928">
        <time>2026-07-23T10:27:23Z</time>
      </trkpt>
      <trkpt lat="9.000548" lon="-79.576932">
        <time>2026-07-23T10:27:24Z</time>
      </trkpt>
      <trkpt lat="9.000523" lon="-79.576939">
        <time>2026-07-23T10:27:25Z</time>
      </trkpt>
      <trkpt lat="9.000498" lon="-79.576952">
        <time>2026-07-23T10:27:26Z</time>
      </trkpt>
      <trkpt lat="9.000474" lon="-79.576961">
        <time>2026-07-23T10:27:27Z</time>
      </trkpt>
      <trkpt lat="9.000449" lon="-79.576968">
        <time>2026-07-23T10:27:28Z</time>
      </trkpt>
      <trkpt lat="9.000422" lon="-79.576981">
        <time>2026-07-23T10:27:29Z</time>
      </trkpt>
      <trkpt lat="9.000397" lon="-79.576991">
        <time>2026-07-23T10:27:30Z</time>
      </trkpt>
      <trkpt lat="9.000369" lon="-79.577000">
        <time>2026-07-23T10:27:31Z</time>
      </trkpt>
      <trkpt lat="9.000344" lon="-79.577010">
        <time>2026-07-23T10:27:32Z</time>
      </trkpt>
      <trkpt lat="9.000321" lon="-79.577021">
        <time>2026-07-23T10:27:33Z</time>
      </trkpt>
      <trkpt lat="9.000296" lon="-79.577035">
        <time>2026-07-23T10:27:34Z</time>
      </trkpt>
      <trkpt lat="9.000272" lon="-79.577043">
        <time>2026-07-23T10:27:35Z</time>
      </trkpt>
      <trkpt lat="9.000245" lon="-79.577053">
        <time>2026-07-23T10:27:36Z</time>
      </trkpt>
      <trkpt lat="9.000220" lon="-79.577064">
        <time>2026-07-23T10:27:37Z</time>
      </trkpt>
      <trkpt lat="9.000196" lon="-79.577078">
        <time>2026-07-23T10:27:38Z</time>
      </trkpt>
      <trkpt lat="9.000171" lon="-79.577090">
        <time>2026-07-23T10:27:39Z</time>
      </trkpt>
      <trkpt lat="9.000146" lon="-79.577101">
        <time>2026-07-23T10:27:40Z</time>
      </trkpt>
      <trkpt lat="9.000123" lon="-79.577117">
        <time>2026-07-23T10:27:41Z</time>
      </trkpt>
      <trkpt lat="9.000102" lon="-79.577133">
        <time>2026-07-23T10:27:42Z</time>
      </trkpt>
      <trkpt lat="9.000083" lon="-79.577149">
        <time>2026-07-23T10:27:43Z</time>
      </trkpt>
      <trkpt lat="9.000063" lon="-79.577164">
        <time>2026-07-23T10:27:44Z</time>
      </trkpt>
      <trkpt lat="9.000040" lon="-79.577182">
        <time>2026-07-23T10:27:45Z</time>
      </trkpt>
      <trkpt lat="9.000019" lon="-79.577198">
        <time>2026-07-23T10:27:46Z</time>
      </trkpt>
      <trkpt lat="8.999998" lon="-79.577211">
        <time>2026-07-23T10:27:47Z</time>
      </trkpt>
      <trkpt lat="8.999976" lon="-79.577227">
        <time>2026-07-23T10:27:48Z</time>
      </trkpt>
      <trkpt lat="8.999956" lon="-79.577247">
        <time>2026-07-23T10:27:49Z</time>
      </trkpt>
      <trkpt lat="8.999935" lon="-79.577264">
        <time>2026-07-23T10:27:50Z</time>
      </trkpt>
      <trkpt lat="8.999909" lon="-79.577278">
        <time>2026-07-23T10:27:51Z</time>
      </trkpt>
      <trkpt lat="8.999887" lon="-79.577292">
        <time>2026-07-23T10:27:52Z</time>
      </trkpt>
      <trkpt lat="8.999863" lon="-79.577310">
        <time>2026-07-23T10:27:53Z</time>
      </trkpt>
      <trkpt lat="8.999844" lon="-79.577325">
        <time>2026-07-23T10:27:54Z</time>
      </trkpt>
      <trkpt lat="8.999824" lon="-79.577340">
        <time>2026-07-23T10:27:55Z</time>
      </trkpt>
      <trkpt lat="8.999801" lon="-79.577357">
        <time>2026-07-23T10:27:56Z</time>
      </trkpt>
      <trkpt lat="8.999778" lon="-79.577370">
        <time>2026-07-23T10:27:57Z</time>
      </trkpt>
      <trkpt lat="8.999758" lon="-79.577386">
        <time>2026-07-23T10:27:58Z</time>
      </trkpt>
      <trkpt lat="8.999738" lon="-79.577404">
        <time>2026-07-23T10:27:59Z</time>
      </trkpt>
      <trkpt lat="8.999719" lon="-79.577419">
        <time>2026-07-23T10:28:00Z</time>
      </trkpt>
      <trkpt lat="8.999698" lon="-79.577435">
        <time>2026-07-23T10:28:01Z</time>
      </trkpt>
      <trkpt lat="8.999678" lon="-79.577451">
        <time>2026-07-23T10:28:02Z</time>
      </trkpt>
      <trkpt lat="8.999656" lon="-79.577466">
        <time>2026-07-23T10:28:03Z</time>
      </trkpt>
      <trkpt lat="8.999634" lon="-79.577481">
        <time>2026-07-23T10:28:04Z</time>
      </trkpt>
      <trkpt lat="8.999609" lon="-79.577500">
        <time>2026-07-23T10:28:05Z</time>
      </trkpt>
      <trkpt lat="8.999588" lon="-79.577515">
        <time>2026-07-23T10:28:06Z</time>
      </trkpt>
      <trkpt lat="8.999566" lon="-79.577529">
        <time>2026-07-23T10:28:07Z</time>
      </trkpt>
      <trkpt lat="8.999543" lon="-79.577542">
        <time>2026-07-23T10:28:08Z</time>
      </trkpt>
      <trkpt lat="8.999519" lon="-79.577558">
        <time>2026-07-23T10:28:09Z</time>
      </trkpt>
      <trkpt lat="8.999494" lon="-79.577573">
        <time>2026-07-23T10:28:10Z</time>
      </trkpt>
      <trkpt lat="8.999470" lon="-79.577587">
        <time>2026-07-23T10:28:11Z</time>
      </trkpt>
      <trkpt lat="8.999448" lon="-79.577601">
        <time>2026-07-23T10:28:12Z</time>
      </trkpt>
      <trkpt lat="8.999423" lon="-79.577619">
        <time>2026-07-23T10:28:13Z</time>
      </trkpt>
      <trkpt lat="8.999401" lon="-79.577636">
        <time>2026-07-23T10:28:14Z</time>
      </trkpt>
      <trkpt lat="8.999382" lon="-79.577651">
        <time>2026-07-23T10:28:15Z</time>
      </trkpt>
      <trkpt lat="8.999357" lon="-79.577669">
        <time>2026-07-23T10:28:16Z</time>
      </trkpt>
      <trkpt lat="8.999333" lon="-79.577687">
        <time>2026-07-23T10:28:17Z</time>
      </trkpt>
      <trkpt lat="8.999312" lon="-79.577704">
        <time>2026-07-23T10:28:18Z</time>
      </trkpt>
      <trkpt lat="8.999292" lon="-79.577721">
        <time>2026-07-23T10:28:19Z</time>
      </trkpt>
      <trkpt lat="8.999274" lon="-79.577736">
        <time>2026-07-23T10:28:20Z</time>
      </trkpt>
      <trkpt lat="8.999253" lon="-79.577755">
        <time>2026-07-23T10:28:21Z</time>
      </trkpt>
      <trkpt lat="8.999234" lon="-79.577770">
        <time>2026-07-23T10:28:22Z</time>
      </trkpt>
      <trkpt lat="8.999213" lon="-79.577783">
        <time>2026-07-23T10:28:23Z</time>
      </trkpt>
      <trkpt lat="8.999191" lon="-79.577797">
        <time>2026-07-23T10:28:24Z</time>
      </trkpt>
      <trkpt lat="8.999168" lon="-79.577814">
        <time>2026-07-23T10:28:25Z</time>
      </trkpt>
      <trkpt lat="8.999145" lon="-79.577831">
        <time>2026-07-23T10:28:26Z</time>
      </trkpt>
      <trkpt lat="8.999126" lon="-79.577848">
        <time>2026-07-23T10:28:27Z</time>
      </trkpt>
      <trkpt lat="8.999103" lon="-79.577865">
        <time>2026-07-23T10:28:28Z</time>
      </trkpt>
      <trkpt lat="8.999078" lon="-79.577881">
        <time>2026-07-23T10:28:29Z</time>
      </trkpt>
      <trkpt lat="8.999057" lon="-79.577896">
        <time>2026-07-23T10:28:30Z</time>
      </trkpt>
      <trkpt lat="8.999034" lon="-79.577916">
        <time>2026-07-23T10:28:31Z</time>
      </trkpt>
      <trkpt lat="8.999012" lon="-79.577931">
        <time>2026-07-23T10:28:32Z</time>
      </trkpt>
      <trkpt lat="8.998987" lon="-79.577947">
        <time>2026-07-23T10:28:33Z</time>
      </trkpt>
      <trkpt lat="8.998963" lon="-79.577963">
        <time>2026-07-23T10:28:34Z</time>
      </trkpt>
      <trkpt lat="8.998943" lon="-79.577983">
        <time>2026-07-23T10:28:35Z</time>
      </trkpt>
      <trkpt lat="8.998921" lon="-79.578002">
        <time>2026-07-23T10:28:36Z</time>
      </trkpt>
      <trkpt lat="8.998901" lon="-79.578018">
        <time>2026-07-23T10:28:37Z</time>
      </trkpt>
      <trkpt lat="8.998878" lon="-79.578035">
        <time>2026-07-23T10:28:38Z</time>
      </trkpt>
      <trkpt lat="8.998855" lon="-79.578050">
        <time>2026-07-23T10:28:39Z</time>
      </trkpt>
      <trkpt lat="8.998832" lon="-79.578069">
        <time>2026-07-23T10:28:40Z</time>
      </trkpt>
      <trkpt lat="8.998812" lon="-79.578087">
        <time>2026-07-23T10:28:41Z</time>
      </trkpt>
      <trkpt lat="8.998792" lon="-79.578102">
        <time>2026-07-23T10:28:42Z</time>
      </trkpt>
      <trkpt lat="8.998769" lon="-79.578118">
        <time>2026-07-23T10:28:43Z</time>
      </trkpt>
      <trkpt lat="8.998746" lon="-79.578135">
        <time>2026-07-23T10:28:44Z</time>
      </trkpt>
      <trkpt lat="8.998722" lon="-79.578151">
        <time>2026-07-23T10:28:45Z</time>
      </trkpt>
      <trkpt lat="8.998699" lon="-79.578167">
        <time>2026-07-23T10:28:46Z</time>
      </trkpt>
      <trkpt lat="8.998678" lon="-79.578186">
        <time>2026-07-23T10:28:47Z</time>
      </trkpt>
      <trkpt lat="8.998654" lon="-79.578207">
        <time>2026-07-23T10:28:48Z</time>
      </trkpt>
      <trkpt lat="8.998631" lon="-79.578223">
        <time>2026-07-23T10:28:49Z</time>
      </trkpt>
      <trkpt lat="8.998606" lon="-79.578242">
        <time>2026-07-23T10:28:50Z</time>
      </trkpt>
      <trkpt lat="8.998585" lon="-79.578260">
        <time>2026-07-23T10:28:51Z</time>
      </trkpt>
      <trkpt lat="8.998564" lon="-79.578276">
        <time>2026-07-23T10:28:52Z</time>
      </trkpt>
      <trkpt lat="8.998537" lon="-79.578293">
        <time>2026-07-23T10:28:53Z</time>
      </trkpt>
      <trkpt lat="8.998514" lon="-79.578305">
        <time>2026-07-23T10:28:54Z</time>
      </trkpt>
      <trkpt lat="8.998490" lon="-79.578315">
        <time>2026-07-23T10:28:55Z</time>
      </trkpt>
      <trkpt lat="8.998467" lon="-79.578326">
        <time>2026-07-23T10:28:56Z</time>
      </trkpt>
      <trkpt lat="8.998442" lon="-79.578337">
        <time>2026-07-23T10:28:57Z</time>
      </trkpt>
      <trkpt lat="8.998416" lon="-79.578347">
        <time>2026-07-23T10:28:58Z</time>
      </trkpt>
      <trkpt lat="8.998394" lon="-79.578357">
        <time>2026-07-23T10:28:59Z</time>
      </trkpt>
      <trkpt lat="8.998373" lon="-79.578363">
        <time>2026-07-23T10:29:00Z</time>
      </trkpt>
      <trkpt lat="8.998357" lon="-79.578367">
        <time>2026-07-23T10:29:01Z</time>
      </trkpt>
      <trkpt lat="8.998342" lon="-79.578373">
        <time>2026-07-23T10:29:02Z</time>
      </trkpt>
      <trkpt lat="8.998327" lon="-79.578381">
        <time>2026-07-23T10:29:03Z</time>
      </trkpt>
      <trkpt lat="8.998312" lon="-79.578385">
        <time>2026-07-23T10:29:04Z</time>
      </trkpt>
      <trkpt lat="8.998296" lon="-79.578390">
        <time>2026-07-23T10:29:05Z</time>
      </trkpt>
      <trkpt lat="8.998279" lon="-79.578395">
        <time>2026-07-23T10:29:06Z</time>
      </trkpt>
      <trkpt lat="8.998263" lon="-79.578400">
        <time>2026-07-23T10:29:07Z</time>
      </trkpt>
      <trkpt lat="8.998248" lon="-79.578408">
        <time>2026-07-23T10:29:08Z</time>
      </trkpt>
      <trkpt lat="8.998229" lon="-79.578414">
        <time>2026-07-23T10:29:09Z</time>
      </trkpt>
      <trkpt lat="8.998213" lon="-79.578419">
        <time>2026-07-23T10:29:10Z</time>
      </trkpt>
      <trkpt lat="8.998197" lon="-79.578422">
        <time>2026-07-23T10:29:11Z</time>
      </trkpt>
      <trkpt lat="8.998180" lon="-79.578423">
        <time>2026-07-23T10:29:12Z</time>
      </trkpt>
      <trkpt lat="8.998160" lon="-79.578426">
        <time>2026-07-23T10:29:13Z</time>
      </trkpt>
      <trkpt lat="8.998143" lon="-79.578428">
        <time>2026-07-23T10:29:14Z</time>
      </trkpt>
      <trkpt lat="8.998124" lon="-79.578432">
        <time>2026-07-23T10:29:15Z</time>
      </trkpt>
      <trkpt lat="8.998104" lon="-79.578432">
        <time>2026-07-23T10:29:16Z</time>
      </trkpt>
      <trkpt lat="8.998083" lon="-79.578430">
        <time>2026-07-23T10:29:17Z</time>
      </trkpt>
      <trkpt lat="8.998065" lon="-79.578431">
        <time>2026-07-23T10:29:18Z</time>
      </trkpt>
      <trkpt lat="8.998043" lon="-79.578434">
        <time>2026-07-23T10:29:19Z</time>
      </trkpt>
      <trkpt lat="8.998022" lon="-79.578434">
        <time>2026-07-23T10:29:20Z</time>
      </trkpt>
      <trkpt lat="8.998002" lon="-79.578436">
        <time>2026-07-23T10:29:21Z</time>
      </trkpt>
      <trkpt lat="8.997980" lon="-79.578440">
        <time>2026-07-23T10:29:22Z</time>
      </trkpt>
      <trkpt lat="8.997961" lon="-79.578447">
        <time>2026-07-23T10:29:23Z</time>
      </trkpt>
      <trkpt lat="8.997941" lon="-79.578455">
        <time>2026-07-23T10:29:24Z</time>
      </trkpt>
      <trkpt lat="8.997922" lon="-79.578469">
        <time>2026-07-23T10:29:25Z</time>
      </trkpt>
      <trkpt lat="8.997906" lon="-79.578486">
        <time>2026-07-23T10:29:26Z</time>
      </trkpt>
      <trkpt lat="8.997892" lon="-79.578507">
        <time>2026-07-23T10:29:27Z</time>
      </trkpt>
      <trkpt lat="8.997886" lon="-79.578531">
        <time>2026-07-23T10:29:28Z</time>
      </trkpt>
      <trkpt lat="8.997880" lon="-79.578556">
        <time>2026-07-23T10:29:29Z</time>
      </trkpt>
      <trkpt lat="8.997878" lon="-79.578580">
        <time>2026-07-23T10:29:30Z</time>
      </trkpt>
      <trkpt lat="8.997877" lon="-79.578608">
        <time>2026-07-23T10:29:31Z</time>
      </trkpt>
      <trkpt lat="8.997875" lon="-79.578632">
        <time>2026-07-23T10:29:32Z</time>
      </trkpt>
      <trkpt lat="8.997876" lon="-79.578656">
        <time>2026-07-23T10:29:33Z</time>
      </trkpt>
      <trkpt lat="8.997876" lon="-79.578679">
        <time>2026-07-23T10:29:34Z</time>
      </trkpt>
      <trkpt lat="8.997878" lon="-79.578703">
        <time>2026-07-23T10:29:35Z</time>
      </trkpt>
      <trkpt lat="8.997879" lon="-79.578724">
        <time>2026-07-23T10:29:36Z</time>
      </trkpt>
      <trkpt lat="8.997882" lon="-79.578744">
        <time>2026-07-23T10:29:37Z</time>
      </trkpt>
      <trkpt lat="8.997886" lon="-79.578765">
        <time>2026-07-23T10:29:38Z</time>
      </trkpt>
      <trkpt lat="8.997891" lon="-79.578782">
        <time>2026-07-23T10:29:39Z</time>
      </trkpt>
      <trkpt lat="8.997894" lon="-79.578804">
        <time>2026-07-23T10:29:40Z</time>
      </trkpt>
      <trkpt lat="8.997900" lon="-79.578826">
        <time>2026-07-23T10:29:41Z</time>
      </trkpt>
      <trkpt lat="8.997909" lon="-79.578847">
        <time>2026-07-23T10:29:42Z</time>
      </trkpt>
      <trkpt lat="8.997916" lon="-79.578868">
        <time>2026-07-23T10:29:43Z</time>
      </trkpt>
      <trkpt lat="8.997925" lon="-79.578890">
        <time>2026-07-23T10:29:44Z</time>
      </trkpt>
      <trkpt lat="8.997931" lon="-79.578911">
        <time>2026-07-23T10:29:45Z</time>
      </trkpt>
      <trkpt lat="8.997938" lon="-79.578933">
        <time>2026-07-23T10:29:46Z</time>
      </trkpt>
      <trkpt lat="8.997944" lon="-79.578956">
        <time>2026-07-23T10:29:47Z</time>
      </trkpt>
      <trkpt lat="8.997953" lon="-79.578977">
        <time>2026-07-23T10:29:48Z</time>
      </trkpt>
      <trkpt lat="8.997959" lon="-79.578998">
        <time>2026-07-23T10:29:49Z</time>
      </trkpt>
      <trkpt lat="8.997964" lon="-79.579019">
        <time>2026-07-23T10:29:50Z</time>
      </trkpt>
      <trkpt lat="8.997969" lon="-79.579039">
        <time>2026-07-23T10:29:51Z</time>
      </trkpt>
      <trkpt lat="8.997971" lon="-79.579061">
        <time>2026-07-23T10:29:52Z</time>
      </trkpt>
      <trkpt lat="8.997976" lon="-79.579083">
        <time>2026-07-23T10:29:53Z</time>
      </trkpt>
      <trkpt lat="8.997983" lon="-79.579109">
        <time>2026-07-23T10:29:54Z</time>
      </trkpt>
      <trkpt lat="8.997994" lon="-79.579128">
        <time>2026-07-23T10:29:55Z</time>
      </trkpt>
      <trkpt lat="8.998005" lon="-79.579151">
        <time>2026-07-23T10:29:56Z</time>
      </trkpt>
      <trkpt lat="8.998012" lon="-79.579175">
        <time>2026-07-23T10:29:57Z</time>
      </trkpt>
      <trkpt lat="8.998021" lon="-79.579196">
        <time>2026-07-23T10:29:58Z</time>
      </trkpt>
      <trkpt lat="8.998034" lon="-79.579218">
        <time>2026-07-23T10:29:59Z</time>
      </trkpt>
      <trkpt lat="8.998047" lon="-79.579237">
        <time>2026-07-23T10:30:00Z</time>
      </trkpt>
      <trkpt lat="8.998059" lon="-79.579256">
        <time>2026-07-23T10:30:01Z</time>
      </trkpt>
      <trkpt lat="8.998070" lon="-79.579276">
        <time>2026-07-23T10:30:02Z</time>
      </trkpt>
      <trkpt lat="8.998083" lon="-79.579292">
        <time>2026-07-23T10:30:03Z</time>
      </trkpt>
      <trkpt lat="8.998096" lon="-79.579309">
        <time>2026-07-23T10:30:04Z</time>
      </trkpt>
      <trkpt lat="8.998110" lon="-79.579326">
        <time>2026-07-23T10:30:05Z</time>
      </trkpt>
      <trkpt lat="8.998124" lon="-79.579343">
        <time>2026-07-23T10:30:06Z</time>
      </trkpt>
      <trkpt lat="8.998135" lon="-79.579361">
        <time>2026-07-23T10:30:07Z</time>
      </trkpt>
      <trkpt lat="8.998147" lon="-79.579378">
        <time>2026-07-23T10:30:08Z</time>
      </trkpt>
      <trkpt lat="8.998160" lon="-79.579395">
        <time>2026-07-23T10:30:09Z</time>
      </trkpt>
      <trkpt lat="8.998176" lon="-79.579416">
        <time>2026-07-23T10:30:10Z</time>
      </trkpt>
      <trkpt lat="8.998192" lon="-79.579437">
        <time>2026-07-23T10:30:11Z</time>
      </trkpt>
      <trkpt lat="8.998213" lon="-79.579455">
        <time>2026-07-23T10:30:12Z</time>
      </trkpt>
      <trkpt lat="8.998228" lon="-79.579476">
        <time>2026-07-23T10:30:13Z</time>
      </trkpt>
      <trkpt lat="8.998246" lon="-79.579496">
        <time>2026-07-23T10:30:14Z</time>
      </trkpt>
      <trkpt lat="8.998264" lon="-79.579514">
        <time>2026-07-23T10:30:15Z</time>
      </trkpt>
      <trkpt lat="8.998285" lon="-79.579530">
        <time>2026-07-23T10:30:16Z</time>
      </trkpt>
      <trkpt lat="8.998315" lon="-79.579537">
        <time>2026-07-23T10:30:17Z</time>
      </trkpt>
      <trkpt lat="8.998342" lon="-79.579539">
        <time>2026-07-23T10:30:18Z</time>
      </trkpt>
      <trkpt lat="8.998369" lon="-79.579541">
        <time>2026-07-23T10:30:19Z</time>
      </trkpt>
      <trkpt lat="8.998396" lon="-79.579537">
        <time>2026-07-23T10:30:20Z</time>
      </trkpt>
      <trkpt lat="8.998422" lon="-79.579532">
        <time>2026-07-23T10:30:21Z</time>
      </trkpt>
      <trkpt lat="8.998449" lon="-79.579528">
        <time>2026-07-23T10:30:22Z</time>
      </trkpt>
      <trkpt lat="8.998478" lon="-79.579522">
        <time>2026-07-23T10:30:23Z</time>
      </trkpt>
      <trkpt lat="8.998505" lon="-79.579513">
        <time>2026-07-23T10:30:24Z</time>
      </trkpt>
      <trkpt lat="8.998531" lon="-79.579502">
        <time>2026-07-23T10:30:25Z</time>
      </trkpt>
      <trkpt lat="8.998555" lon="-79.579488">
        <time>2026-07-23T10:30:26Z</time>
      </trkpt>
      <trkpt lat="8.998575" lon="-79.579473">
        <time>2026-07-23T10:30:27Z</time>
      </trkpt>
      <trkpt lat="8.998593" lon="-79.579451">
        <time>2026-07-23T10:30:28Z</time>
      </trkpt>
      <trkpt lat="8.998608" lon="-79.579431">
        <time>2026-07-23T10:30:29Z</time>
      </trkpt>
      <trkpt lat="8.998622" lon="-79.579411">
        <time>2026-07-23T10:30:30Z</time>
      </trkpt>
      <trkpt lat="8.998631" lon="-79.579384">
        <time>2026-07-23T10:30:31Z</time>
      </trkpt>
      <trkpt lat="8.998637" lon="-79.579359">
        <time>2026-07-23T10:30:32Z</time>
      </trkpt>
      <trkpt lat="8.998646" lon="-79.579337">
        <time>2026-07-23T10:30:33Z</time>
      </trkpt>
      <trkpt lat="8.998657" lon="-79.579316">
        <time>2026-07-23T10:30:34Z</time>
      </trkpt>
      <trkpt lat="8.998671" lon="-79.579296">
        <time>2026-07-23T10:30:35Z</time>
      </trkpt>
      <trkpt lat="8.998687" lon="-79.579279">
        <time>2026-07-23T10:30:36Z</time>
      </trkpt>
      <trkpt lat="8.998702" lon="-79.579261">
        <time>2026-07-23T10:30:37Z</time>
      </trkpt>
      <trkpt lat="8.998718" lon="-79.579246">
        <time>2026-07-23T10:30:38Z</time>
      </trkpt>
      <trkpt lat="8.998735" lon="-79.579232">
        <time>2026-07-23T10:30:39Z</time>
      </trkpt>
      <trkpt lat="8.998752" lon="-79.579216">
        <time>2026-07-23T10:30:40Z</time>
      </trkpt>
      <trkpt lat="8.998770" lon="-79.579203">
        <time>2026-07-23T10:30:41Z</time>
      </trkpt>
      <trkpt lat="8.998789" lon="-79.579194">
        <time>2026-07-23T10:30:42Z</time>
      </trkpt>
      <trkpt lat="8.998806" lon="-79.579193">
        <time>2026-07-23T10:30:43Z</time>
      </trkpt>
      <trkpt lat="8.998824" lon="-79.579204">
        <time>2026-07-23T10:30:44Z</time>
      </trkpt>
      <trkpt lat="8.998834" lon="-79.579217">
        <time>2026-07-23T10:30:45Z</time>
      </trkpt>
      <trkpt lat="8.998850" lon="-79.579230">
        <time>2026-07-23T10:30:46Z</time>
      </trkpt>
      <trkpt lat="8.998867" lon="-79.579245">
        <time>2026-07-23T10:30:47Z</time>
      </trkpt>
      <trkpt lat="8.998886" lon="-79.579258">
        <time>2026-07-23T10:30:48Z</time>
      </trkpt>
      <trkpt lat="8.998910" lon="-79.579267">
        <time>2026-07-23T10:30:49Z</time>
      </trkpt>
      <trkpt lat="8.998934" lon="-79.579269">
        <time>2026-07-23T10:30:50Z</time>
      </trkpt>
      <trkpt lat="8.998960" lon="-79.579268">
        <time>2026-07-23T10:30:51Z</time>
      </trkpt>
      <trkpt lat="8.998987" lon="-79.579259">
        <time>2026-07-23T10:30:52Z</time>
      </trkpt>
      <trkpt lat="8.999011" lon="-79.579250">
        <time>2026-07-23T10:30:53Z</time>
      </trkpt>
      <trkpt lat="8.999034" lon="-79.579244">
        <time>2026-07-23T10:30:54Z</time>
      </trkpt>
      <trkpt lat="8.999060" lon="-79.579236">
        <time>2026-07-23T10:30:55Z</time>
      </trkpt>
      <trkpt lat="8.999087" lon="-79.579228">
        <time>2026-07-23T10:30:56Z</time>
      </trkpt>
      <trkpt lat="8.999113" lon="-79.579220">
        <time>2026-07-23T10:30:57Z</time>
      </trkpt>
      <trkpt lat="8.999138" lon="-79.579213">
        <time>2026-07-23T10:30:58Z</time>
      </trkpt>
      <trkpt lat="8.999163" lon="-79.579206">
        <time>2026-07-23T10:30:59Z</time>
      </trkpt>
      <trkpt lat="8.999188" lon="-79.579199">
        <time>2026-07-23T10:31:00Z</time>
      </trkpt>
      <trkpt lat="8.999213" lon="-79.579197">
        <time>2026-07-23T10:31:01Z</time>
      </trkpt>
      <trkpt lat="8.999242" lon="-79.579195">
        <time>2026-07-23T10:31:02Z</time>
      </trkpt>
      <trkpt lat="8.999267" lon="-79.579198">
        <time>2026-07-23T10:31:03Z</time>
      </trkpt>
      <trkpt lat="8.999295" lon="-79.579197">
        <time>2026-07-23T10:31:04Z</time>
      </trkpt>
      <trkpt lat="8.999326" lon="-79.579197">
        <time>2026-07-23T10:31:05Z</time>
      </trkpt>
      <trkpt lat="8.999353" lon="-79.579195">
        <time>2026-07-23T10:31:06Z</time>
      </trkpt>
      <trkpt lat="8.999382" lon="-79.579189">
        <time>2026-07-23T10:31:07Z</time>
      </trkpt>
      <trkpt lat="8.999408" lon="-79.579186">
        <time>2026-07-23T10:31:08Z</time>
      </trkpt>
      <trkpt lat="8.999434" lon="-79.579180">
        <time>2026-07-23T10:31:09Z</time>
      </trkpt>
      <trkpt lat="8.999461" lon="-79.579173">
        <time>2026-07-23T10:31:10Z</time>
      </trkpt>
      <trkpt lat="8.999488" lon="-79.579169">
        <time>2026-07-23T10:31:11Z</time>
      </trkpt>
      <trkpt lat="8.999518" lon="-79.579166">
        <time>2026-07-23T10:31:12Z</time>
      </trkpt>
      <trkpt lat="8.999545" lon="-79.579166">
        <time>2026-07-23T10:31:13Z</time>
      </trkpt>
      <trkpt lat="8.999572" lon="-79.579165">
        <time>2026-07-23T10:31:14Z</time>
      </trkpt>
      <trkpt lat="8.999598" lon="-79.579167">
        <time>2026-07-23T10:31:15Z</time>
      </trkpt>
      <trkpt lat="8.999625" lon="-79.579172">
        <time>2026-07-23T10:31:16Z</time>
      </trkpt>
      <trkpt lat="8.999653" lon="-79.579177">
        <time>2026-07-23T10:31:17Z</time>
      </trkpt>
      <trkpt lat="8.999677" lon="-79.579185">
        <time>2026-07-23T10:31:18Z</time>
      </trkpt>
      <trkpt lat="8.999699" lon="-79.579194">
        <time>2026-07-23T10:31:19Z</time>
      </trkpt>
      <trkpt lat="8.999724" lon="-79.579204">
        <time>2026-07-23T10:31:20Z</time>
      </trkpt>
      <trkpt lat="8.999745" lon="-79.579218">
        <time>2026-07-23T10:31:21Z</time>
      </trkpt>
      <trkpt lat="8.999770" lon="-79.579235">
        <time>2026-07-23T10:31:22Z</time>
      </trkpt>
      <trkpt lat="8.999796" lon="-79.579250">
        <time>2026-07-23T10:31:23Z</time>
      </trkpt>
      <trkpt lat="8.999821" lon="-79.579261">
        <time>2026-07-23T10:31:24Z</time>
      </trkpt>
      <trkpt lat="8.999846" lon="-79.579266">
        <time>2026-07-23T10:31:25Z</time>
      </trkpt>
      <trkpt lat="8.999874" lon="-79.579268">
        <time>2026-07-23T10:31:26Z</time>
      </trkpt>
      <trkpt lat="8.999903" lon="-79.579264">
        <time>2026-07-23T10:31:27Z</time>
      </trkpt>
      <trkpt lat="8.999930" lon="-79.579264">
        <time>2026-07-23T10:31:28Z</time>
      </trkpt>
      <trkpt lat="8.999957" lon="-79.579259">
        <time>2026-07-23T10:31:29Z</time>
      </trkpt>
      <trkpt lat="8.999985" lon="-79.579258">
        <time>2026-07-23T10:31:30Z</time>
      </trkpt>
      <trkpt lat="9.000012" lon="-79.579254">
        <time>2026-07-23T10:31:31Z</time>
      </trkpt>
      <trkpt lat="9.000041" lon="-79.579251">
        <time>2026-07-23T10:31:32Z</time>
      </trkpt>
      <trkpt lat="9.000067" lon="-79.579250">
        <time>2026-07-23T10:31:33Z</time>
      </trkpt>
      <trkpt lat="9.000094" lon="-79.579245">
        <time>2026-07-23T10:31:34Z</time>
      </trkpt>
      <trkpt lat="9.000120" lon="-79.579242">
        <time>2026-07-23T10:31:35Z</time>
      </trkpt>
      <trkpt lat="9.000147" lon="-79.579239">
        <time>2026-07-23T10:31:36Z</time>
      </trkpt>
      <trkpt lat="9.000177" lon="-79.579238">
        <time>2026-07-23T10:31:37Z</time>
      </trkpt>
      <trkpt lat="9.000203" lon="-79.579244">
        <time>2026-07-23T10:31:38Z</time>
      </trkpt>
      <trkpt lat="9.000226" lon="-79.579259">
        <time>2026-07-23T10:31:39Z</time>
      </trkpt>
      <trkpt lat="9.000240" lon="-79.579283">
        <time>2026-07-23T10:31:40Z</time>
      </trkpt>
      <trkpt lat="9.000246" lon="-79.579308">
        <time>2026-07-23T10:31:41Z</time>
      </trkpt>
      <trkpt lat="9.000251" lon="-79.579336">
        <time>2026-07-23T10:31:42Z</time>
      </trkpt>
      <trkpt lat="9.000253" lon="-79.579362">
        <time>2026-07-23T10:31:43Z</time>
      </trkpt>
      <trkpt lat="9.000256" lon="-79.579394">
        <time>2026-07-23T10:31:44Z</time>
      </trkpt>
      <trkpt lat="9.000256" lon="-79.579423">
        <time>2026-07-23T10:31:45Z</time>
      </trkpt>
      <trkpt lat="9.000257" lon="-79.579451">
        <time>2026-07-23T10:31:46Z</time>
      </trkpt>
      <trkpt lat="9.000260" lon="-79.579480">
        <time>2026-07-23T10:31:47Z</time>
      </trkpt>
      <trkpt lat="9.000259" lon="-79.579508">
        <time>2026-07-23T10:31:48Z</time>
      </trkpt>
      <trkpt lat="9.000260" lon="-79.579538">
        <time>2026-07-23T10:31:49Z</time>
      </trkpt>
      <trkpt lat="9.000260" lon="-79.579566">
        <time>2026-07-23T10:31:50Z</time>
      </trkpt>
      <trkpt lat="9.000259" lon="-79.579595">
        <time>2026-07-23T10:31:51Z</time>
      </trkpt>
      <trkpt lat="9.000260" lon="-79.579624">
        <time>2026-07-23T10:31:52Z</time>
      </trkpt>
      <trkpt lat="9.000260" lon="-79.579650">
        <time>2026-07-23T10:31:53Z</time>
      </trkpt>
      <trkpt lat="9.000261" lon="-79.579677">
        <time>2026-07-23T10:31:54Z</time>
      </trkpt>
      <trkpt lat="9.000264" lon="-79.579704">
        <time>2026-07-23T10:31:55Z</time>
      </trkpt>
      <trkpt lat="9.000267" lon="-79.579730">
        <time>2026-07-23T10:31:56Z</time>
      </trkpt>
      <trkpt lat="9.000268" lon="-79.579759">
        <time>2026-07-23T10:31:57Z</time>
      </trkpt>
      <trkpt lat="9.000268" lon="-79.579785">
        <time>2026-07-23T10:31:58Z</time>
      </trkpt>
      <trkpt lat="9.000270" lon="-79.579812">
        <time>2026-07-23T10:31:59Z</time>
      </trkpt>
      <trkpt lat="9.000270" lon="-79.579842">
        <time>2026-07-23T10:32:00Z</time>
      </trkpt>
      <trkpt lat="9.000271" lon="-79.579870">
        <time>2026-07-23T10:32:01Z</time>
      </trkpt>
      <trkpt lat="9.000273" lon="-79.579900">
        <time>2026-07-23T10:32:02Z</time>
      </trkpt>
      <trkpt lat="9.000273" lon="-79.579929">
        <time>2026-07-23T10:32:03Z</time>
      </trkpt>
      <trkpt lat="9.000273" lon="-79.579959">
        <time>2026-07-23T10:32:04Z</time>
      </trkpt>
      <trkpt lat="9.000275" lon="-79.579987">
        <time>2026-07-23T10:32:05Z</time>
      </trkpt>
      <trkpt lat="9.000277" lon="-79.580013">
        <time>2026-07-23T10:32:06Z</time>
      </trkpt>
      <trkpt lat="9.000279" lon="-79.580042">
        <time>2026-07-23T10:32:07Z</time>
      </trkpt>
      <trkpt lat="9.000282" lon="-79.580067">
        <time>2026-07-23T10:32:08Z</time>
      </trkpt>
      <trkpt lat="9.000287" lon="-79.580098">
        <time>2026-07-23T10:32:09Z</time>
      </trkpt>
      <trkpt lat="9.000294" lon="-79.580129">
        <time>2026-07-23T10:32:10Z</time>
      </trkpt>
      <trkpt lat="9.000306" lon="-79.580155">
        <time>2026-07-23T10:32:11Z</time>
      </trkpt>
      <trkpt lat="9.000325" lon="-79.580175">
        <time>2026-07-23T10:32:12Z</time>
      </trkpt>
      <trkpt lat="9.000347" lon="-79.580191">
        <time>2026-07-23T10:32:13Z</time>
      </trkpt>
      <trkpt lat="9.000378" lon="-79.580201">
        <time>2026-07-23T10:32:14Z</time>
      </trkpt>
      <trkpt lat="9.000412" lon="-79.580204">
        <time>2026-07-23T10:32:15Z</time>
      </trkpt>
      <trkpt lat="9.000445" lon="-79.580205">
        <time>2026-07-23T10:32:16Z</time>
      </trkpt>
      <trkpt lat="9.000479" lon="-79.580196">
        <time>2026-07-23T10:32:17Z</time>
      </trkpt>
      <trkpt lat="9.000512" lon="-79.580185">
        <time>2026-07-23T10:32:18Z</time>
      </trkpt>
      <trkpt lat="9.000541" lon="-79.580174">
        <time>2026-07-23T10:32:19Z</time>
      </trkpt>
      <trkpt lat="9.000571" lon="-79.580164">
        <time>2026-07-23T10:32:20Z</time>
      </trkpt>
      <trkpt lat="9.000599" lon="-79.580155">
        <time>2026-07-23T10:32:21Z</time>
      </trkpt>
      <trkpt lat="9.000627" lon="-79.580144">
        <time>2026-07-23T10:32:22Z</time>
      </trkpt>
      <trkpt lat="9.000654" lon="-79.580136">
        <time>2026-07-23T10:32:23Z</time>
      </trkpt>
      <trkpt lat="9.000682" lon="-79.580125">
        <time>2026-07-23T10:32:24Z</time>
      </trkpt>
      <trkpt lat="9.000707" lon="-79.580116">
        <time>2026-07-23T10:32:25Z</time>
      </trkpt>
      <trkpt lat="9.000733" lon="-79.580110">
        <time>2026-07-23T10:32:26Z</time>
      </trkpt>
      <trkpt lat="9.000759" lon="-79.580100">
        <time>2026-07-23T10:32:27Z</time>
      </trkpt>
      <trkpt lat="9.000782" lon="-79.580093">
        <time>2026-07-23T10:32:28Z</time>
      </trkpt>
      <trkpt lat="9.000802" lon="-79.580088">
        <time>2026-07-23T10:32:29Z</time>
      </trkpt>
      <trkpt lat="9.000814" lon="-79.580089">
        <time>2026-07-23T10:32:30Z</time>
      </trkpt>
      <trkpt lat="9.000831" lon="-79.580087">
        <time>2026-07-23T10:32:31Z</time>
      </trkpt>
      <trkpt lat="9.000844" lon="-79.580079">
        <time>2026-07-23T10:32:32Z</time>
      </trkpt>
      <trkpt lat="9.000859" lon="-79.580074">
        <time>2026-07-23T10:32:33Z</time>
      </trkpt>
      <trkpt lat="9.000875" lon="-79.580069">
        <time>2026-07-23T10:32:34Z</time>
      </trkpt>
      <trkpt lat="9.000890" lon="-79.580064">
        <time>2026-07-23T10:32:35Z</time>
      </trkpt>
      <trkpt lat="9.000903" lon="-79.580058">
        <time>2026-07-23T10:32:36Z</time>
      </trkpt>
      <trkpt lat="9.000920" lon="-79.580051">
        <time>2026-07-23T10:32:37Z</time>
      </trkpt>
      <trkpt lat="9.000940" lon="-79.580042">
        <time>2026-07-23T10:32:38Z</time>
      </trkpt>
      <trkpt lat="9.000955" lon="-79.580032">
        <time>2026-07-23T10:32:39Z</time>
      </trkpt>
      <trkpt lat="9.000971" lon="-79.580025">
        <time>2026-07-23T10:32:40Z</time>
      </trkpt>
      <trkpt lat="9.000983" lon="-79.580013">
        <time>2026-07-23T10:32:41Z</time>
      </trkpt>
      <trkpt lat="9.000996" lon="-79.580003">
        <time>2026-07-23T10:32:42Z</time>
      </trkpt>
      <trkpt lat="9.001010" lon="-79.579992">
        <time>2026-07-23T10:32:43Z</time>
      </trkpt>
      <trkpt lat="9.001024" lon="-79.579975">
        <time>2026-07-23T10:32:44Z</time>
      </trkpt>
      <trkpt lat="9.001033" lon="-79.579956">
        <time>2026-07-23T10:32:45Z</time>
      </trkpt>
      <trkpt lat="9.001041" lon="-79.579937">
        <time>2026-07-23T10:32:46Z</time>
      </trkpt>
      <trkpt lat="9.001049" lon="-79.579920">
        <time>2026-07-23T10:32:47Z</time>
      </trkpt>
      <trkpt lat="9.001058" lon="-79.579901">
        <time>2026-07-23T10:32:48Z</time>
      </trkpt>
      <trkpt lat="9.001064" lon="-79.579883">
        <time>2026-07-23T10:32:49Z</time>
      </trkpt>
      <trkpt lat="9.001068" lon="-79.579863">
        <time>2026-07-23T10:32:50Z</time>
      </trkpt>
      <trkpt lat="9.001073" lon="-79.579842">
        <time>2026-07-23T10:32:51Z</time>
      </trkpt>
      <trkpt lat="9.001075" lon="-79.579819">
        <time>2026-07-23T10:32:52Z</time>
      </trkpt>
      <trkpt lat="9.001074" lon="-79.579797">
        <time>2026-07-23T10:32:53Z</time>
      </trkpt>
      <trkpt lat="9.001071" lon="-79.579775">
        <time>2026-07-23T10:32:54Z</time>
      </trkpt>
      <trkpt lat="9.001067" lon="-79.579756">
        <time>2026-07-23T10:32:55Z</time>
      </trkpt>
      <trkpt lat="9.001064" lon="-79.579740">
        <time>2026-07-23T10:32:56Z</time>
      </trkpt>
      <trkpt lat="9.001061" lon="-79.579724">
        <time>2026-07-23T10:32:57Z</time>
      </trkpt>
      <trkpt lat="9.001057" lon="-79.579703">
        <time>2026-07-23T10:32:58Z</time>
      </trkpt>
      <trkpt lat="9.001054" lon="-79.579678">
        <time>2026-07-23T10:32:59Z</time>
      </trkpt>
      <trkpt lat="9.001048" lon="-79.579658">
        <time>2026-07-23T10:33:00Z</time>
      </trkpt>
      <trkpt lat="9.001043" lon="-79.579638">
        <time>2026-07-23T10:33:01Z</time>
      </trkpt>
      <trkpt lat="9.001040" lon="-79.579618">
        <time>2026-07-23T10:33:02Z</time>
      </trkpt>
      <trkpt lat="9.001037" lon="-79.579599">
        <time>2026-07-23T10:33:03Z</time>
      </trkpt>
      <trkpt lat="9.001033" lon="-79.579578">
        <time>2026-07-23T10:33:04Z</time>
      </trkpt>
      <trkpt lat="9.001028" lon="-79.579559">
        <time>2026-07-23T10:33:05Z</time>
      </trkpt>
      <trkpt lat="9.001024" lon="-79.579540">
        <time>2026-07-23T10:33:06Z</time>
      </trkpt>
      <trkpt lat="9.001019" lon="-79.579520">
        <time>2026-07-23T10:33:07Z</time>
      </trkpt>
      <trkpt lat="9.001014" lon="-79.579500">
        <time>2026-07-23T10:33:08Z</time>
      </trkpt>
      <trkpt lat="9.001012" lon="-79.579482">
        <time>2026-07-23T10:33:09Z</time>
      </trkpt>
      <trkpt lat="9.001010" lon="-79.579461">
        <time>2026-07-23T10:33:10Z</time>
      </trkpt>
      <trkpt lat="9.001007" lon="-79.579438">
        <time>2026-07-23T10:33:11Z</time>
      </trkpt>
      <trkpt lat="9.001005" lon="-79.579417">
        <time>2026-07-23T10:33:12Z</time>
      </trkpt>
      <trkpt lat="9.001004" lon="-79.579397">
        <time>2026-07-23T10:33:13Z</time>
      </trkpt>
      <trkpt lat="9.001002" lon="-79.579376">
        <time>2026-07-23T10:33:14Z</time>
      </trkpt>
      <trkpt lat="9.001003" lon="-79.579357">
        <time>2026-07-23T10:33:15Z</time>
      </trkpt>
      <trkpt lat="9.001005" lon="-79.579338">
        <time>2026-07-23T10:33:16Z</time>
      </trkpt>
      <trkpt lat="9.001009" lon="-79.579318">
        <time>2026-07-23T10:33:17Z</time>
      </trkpt>
      <trkpt lat="9.001014" lon="-79.579298">
        <time>2026-07-23T10:33:18Z</time>
      </trkpt>
      <trkpt lat="9.001020" lon="-79.579280">
        <time>2026-07-23T10:33:19Z</time>
      </trkpt>
      <trkpt lat="9.001032" lon="-79.579263">
        <time>2026-07-23T10:33:20Z</time>
      </trkpt>
      <trkpt lat="9.001043" lon="-79.579246">
        <time>2026-07-23T10:33:21Z</time>
      </trkpt>
      <trkpt lat="9.001053" lon="-79.579226">
        <time>2026-07-23T10:33:22Z</time>
      </trkpt>
      <trkpt lat="9.001067" lon="-79.579209">
        <time>2026-07-23T10:33:23Z</time>
      </trkpt>
      <trkpt lat="9.001079" lon="-79.579194">
        <time>2026-07-23T10:33:24Z</time>
      </trkpt>
      <trkpt lat="9.001094" lon="-79.579178">
        <time>2026-07-23T10:33:25Z</time>
      </trkpt>
      <trkpt lat="9.001107" lon="-79.579165">
        <time>2026-07-23T10:33:26Z</time>
      </trkpt>
      <trkpt lat="9.001123" lon="-79.579154">
        <time>2026-07-23T10:33:27Z</time>
      </trkpt>
      <trkpt lat="9.001141" lon="-79.579143">
        <time>2026-07-23T10:33:28Z</time>
      </trkpt>
      <trkpt lat="9.001158" lon="-79.579137">
        <time>2026-07-23T10:33:29Z</time>
      </trkpt>
      <trkpt lat="9.001178" lon="-79.579128">
        <time>2026-07-23T10:33:30Z</time>
      </trkpt>
      <trkpt lat="9.001198" lon="-79.579116">
        <time>2026-07-23T10:33:31Z</time>
      </trkpt>
      <trkpt lat="9.001217" lon="-79.579106">
        <time>2026-07-23T10:33:32Z</time>
      </trkpt>
      <trkpt lat="9.001234" lon="-79.579101">
        <time>2026-07-23T10:33:33Z</time>
      </trkpt>
      <trkpt lat="9.001253" lon="-79.579089">
        <time>2026-07-23T10:33:34Z</time>
      </trkpt>
      <trkpt lat="9.001273" lon="-79.579078">
        <time>2026-07-23T10:33:35Z</time>
      </trkpt>
      <trkpt lat="9.001293" lon="-79.579070">
        <time>2026-07-23T10:33:36Z</time>
      </trkpt>
      <trkpt lat="9.001310" lon="-79.579064">
        <time>2026-07-23T10:33:37Z</time>
      </trkpt>
      <trkpt lat="9.001333" lon="-79.579056">
        <time>2026-07-23T10:33:38Z</time>
      </trkpt>
      <trkpt lat="9.001353" lon="-79.579051">
        <time>2026-07-23T10:33:39Z</time>
      </trkpt>
      <trkpt lat="9.001372" lon="-79.579046">
        <time>2026-07-23T10:33:40Z</time>
      </trkpt>
      <trkpt lat="9.001392" lon="-79.579045">
        <time>2026-07-23T10:33:41Z</time>
      </trkpt>
      <trkpt lat="9.001411" lon="-79.579047">
        <time>2026-07-23T10:33:42Z</time>
      </trkpt>
      <trkpt lat="9.001429" lon="-79.579053">
        <time>2026-07-23T10:33:43Z</time>
      </trkpt>
      <trkpt lat="9.001449" lon="-79.579055">
        <time>2026-07-23T10:33:44Z</time>
      </trkpt>
      <trkpt lat="9.001470" lon="-79.579058">
        <time>2026-07-23T10:33:45Z</time>
      </trkpt>
      <trkpt lat="9.001488" lon="-79.579064">
        <time>2026-07-23T10:33:46Z</time>
      </trkpt>
      <trkpt lat="9.001506" lon="-79.579074">
        <time>2026-07-23T10:33:47Z</time>
      </trkpt>
      <trkpt lat="9.001526" lon="-79.579085">
        <time>2026-07-23T10:33:48Z</time>
      </trkpt>
      <trkpt lat="9.001547" lon="-79.579094">
        <time>2026-07-23T10:33:49Z</time>
      </trkpt>
      <trkpt lat="9.001566" lon="-79.579109">
        <time>2026-07-23T10:33:50Z</time>
      </trkpt>
      <trkpt lat="9.001585" lon="-79.579125">
        <time>2026-07-23T10:33:51Z</time>
      </trkpt>
      <trkpt lat="9.001601" lon="-79.579138">
        <time>2026-07-23T10:33:52Z</time>
      </trkpt>
      <trkpt lat="9.001617" lon="-79.579153">
        <time>2026-07-23T10:33:53Z</time>
      </trkpt>
      <trkpt lat="9.001629" lon="-79.579169">
        <time>2026-07-23T10:33:54Z</time>
      </trkpt>
      <trkpt lat="9.001641" lon="-79.579186">
        <time>2026-07-23T10:33:55Z</time>
      </trkpt>
      <trkpt lat="9.001649" lon="-79.579208">
        <time>2026-07-23T10:33:56Z</time>
      </trkpt>
      <trkpt lat="9.001654" lon="-79.579228">
        <time>2026-07-23T10:33:57Z</time>
      </trkpt>
      <trkpt lat="9.001656" lon="-79.579250">
        <time>2026-07-23T10:33:58Z</time>
      </trkpt>
      <trkpt lat="9.001654" lon="-79.579272">
        <time>2026-07-23T10:33:59Z</time>
      </trkpt>
      <trkpt lat="9.001648" lon="-79.579293">
        <time>2026-07-23T10:34:00Z</time>
      </trkpt>
      <trkpt lat="9.001642" lon="-79.579311">
        <time>2026-07-23T10:34:01Z</time>
      </trkpt>
      <trkpt lat="9.001635" lon="-79.579330">
        <time>2026-07-23T10:34:02Z</time>
      </trkpt>
      <trkpt lat="9.001629" lon="-79.579353">
        <time>2026-07-23T10:34:03Z</time>
      </trkpt>
      <trkpt lat="9.001623" lon="-79.579375">
        <time>2026-07-23T10:34:04Z</time>
      </trkpt>
      <trkpt lat="9.001614" lon="-79.579398">
        <time>2026-07-23T10:34:05Z</time>
      </trkpt>
      <trkpt lat="9.001610" lon="-79.579419">
        <time>2026-07-23T10:34:06Z</time>
      </trkpt>
      <trkpt lat="9.001605" lon="-79.579440">
        <time>2026-07-23T10:34:07Z</time>
      </trkpt>
      <trkpt lat="9.001600" lon="-79.579461">
        <time>2026-07-23T10:34:08Z</time>
      </trkpt>
      <trkpt lat="9.001599" lon="-79.579486">
        <time>2026-07-23T10:34:09Z</time>
      </trkpt>
      <trkpt lat="9.001596" lon="-79.579510">
        <time>2026-07-23T10:34:10Z</time>
      </trkpt>
      <trkpt lat="9.001595" lon="-79.579536">
        <time>2026-07-23T10:34:11Z</time>
      </trkpt>
      <trkpt lat="9.001595" lon="-79.579561">
        <time>2026-07-23T10:34:12Z</time>
      </trkpt>
      <trkpt lat="9.001600" lon="-79.579589">
        <time>2026-07-23T10:34:13Z</time>
      </trkpt>
      <trkpt lat="9.001605" lon="-79.579613">
        <time>2026-07-23T10:34:14Z</time>
      </trkpt>
      <trkpt lat="9.001613" lon="-79.579634">
        <time>2026-07-23T10:34:15Z</time>
      </trkpt>
      <trkpt lat="9.001620" lon="-79.579657">
        <time>2026-07-23T10:34:16Z</time>
      </trkpt>
      <trkpt lat="9.001625" lon="-79.579683">
        <time>2026-07-23T10:34:17Z</time>
      </trkpt>
      <trkpt lat="9.001637" lon="-79.579701">
        <time>2026-07-23T10:34:18Z</time>
      </trkpt>
      <trkpt lat="9.001649" lon="-79.579723">
        <time>2026-07-23T10:34:19Z</time>
      </trkpt>
      <trkpt lat="9.001660" lon="-79.579744">
        <time>2026-07-23T10:34:20Z</time>
      </trkpt>
      <trkpt lat="9.001672" lon="-79.579764">
        <time>2026-07-23T10:34:21Z</time>
      </trkpt>
      <trkpt lat="9.001684" lon="-79.579787">
        <time>2026-07-23T10:34:22Z</time>
      </trkpt>
      <trkpt lat="9.001695" lon="-79.579806">
        <time>2026-07-23T10:34:23Z</time>
      </trkpt>
      <trkpt lat="9.001711" lon="-79.579829">
        <time>2026-07-23T10:34:24Z</time>
      </trkpt>
      <trkpt lat="9.001734" lon="-79.579843">
        <time>2026-07-23T10:34:25Z</time>
      </trkpt>
      <trkpt lat="9.001761" lon="-79.579855">
        <time>2026-07-23T10:34:26Z</time>
      </trkpt>
      <trkpt lat="9.001791" lon="-79.579856">
        <time>2026-07-23T10:34:27Z</time>
      </trkpt>
      <trkpt lat="9.001820" lon="-79.579853">
        <time>2026-07-23T10:34:28Z</time>
      </trkpt>
      <trkpt lat="9.001851" lon="-79.579850">
        <time>2026-07-23T10:34:29Z</time>
      </trkpt>
      <trkpt lat="9.001881" lon="-79.579842">
        <time>2026-07-23T10:34:30Z</time>
      </trkpt>
      <trkpt lat="9.001910" lon="-79.579831">
        <time>2026-07-23T10:34:31Z</time>
      </trkpt>
      <trkpt lat="9.001938" lon="-79.579819">
        <time>2026-07-23T10:34:32Z</time>
      </trkpt>
      <trkpt lat="9.001964" lon="-79.579811">
        <time>2026-07-23T10:34:33Z</time>
      </trkpt>
      <trkpt lat="9.001990" lon="-79.579801">
        <time>2026-07-23T10:34:34Z</time>
      </trkpt>
      <trkpt lat="9.002019" lon="-79.579789">
        <time>2026-07-23T10:34:35Z</time>
      </trkpt>
      <trkpt lat="9.002047" lon="-79.579780">
        <time>2026-07-23T10:34:36Z</time>
      </trkpt>
      <trkpt lat="9.002076" lon="-79.579772">
        <time>2026-07-23T10:34:37Z</time>
      </trkpt>
      <trkpt lat="9.002106" lon="-79.579768">
        <time>2026-07-23T10:34:38Z</time>
      </trkpt>
      <trkpt lat="9.002134" lon="-79.579761">
        <time>2026-07-23T10:34:39Z</time>
      </trkpt>
      <trkpt lat="9.002163" lon="-79.579758">
        <time>2026-07-23T10:34:40Z</time>
      </trkpt>
      <trkpt lat="9.002190" lon="-79.579758">
        <time>2026-07-23T10:34:41Z</time>
      </trkpt>
      <trkpt lat="9.002217" lon="-79.579764">
        <time>2026-07-23T10:34:42Z</time>
      </trkpt>
      <trkpt lat="9.002244" lon="-79.579771">
        <time>2026-07-23T10:34:43Z</time>
      </trkpt>
      <trkpt lat="9.002271" lon="-79.579780">
        <time>2026-07-23T10:34:44Z</time>
      </trkpt>
      <trkpt lat="9.002296" lon="-79.579788">
        <time>2026-07-23T10:34:45Z</time>
      </trkpt>
      <trkpt lat="9.002322" lon="-79.579799">
        <time>2026-07-23T10:34:46Z</time>
      </trkpt>
      <trkpt lat="9.002350" lon="-79.579808">
        <time>2026-07-23T10:34:47Z</time>
      </trkpt>
      <trkpt lat="9.002375" lon="-79.579817">
        <time>2026-07-23T10:34:48Z</time>
      </trkpt>
      <trkpt lat="9.002406" lon="-79.579823">
        <time>2026-07-23T10:34:49Z</time>
      </trkpt>
      <trkpt lat="9.002435" lon="-79.579826">
        <time>2026-07-23T10:34:50Z</time>
      </trkpt>
      <trkpt lat="9.002463" lon="-79.579825">
        <time>2026-07-23T10:34:51Z</time>
      </trkpt>
      <trkpt lat="9.002494" lon="-79.579821">
        <time>2026-07-23T10:34:52Z</time>
      </trkpt>
      <trkpt lat="9.002524" lon="-79.579819">
        <time>2026-07-23T10:34:53Z</time>
      </trkpt>
      <trkpt lat="9.002557" lon="-79.579812">
        <time>2026-07-23T10:34:54Z</time>
      </trkpt>
      <trkpt lat="9.002588" lon="-79.579809">
        <time>2026-07-23T10:34:55Z</time>
      </trkpt>
      <trkpt lat="9.002621" lon="-79.579803">
        <time>2026-07-23T10:34:56Z</time>
      </trkpt>
      <trkpt lat="9.002650" lon="-79.579791">
        <time>2026-07-23T10:34:57Z</time>
      </trkpt>
      <trkpt lat="9.002677" lon="-79.579774">
        <time>2026-07-23T10:34:58Z</time>
      </trkpt>
      <trkpt lat="9.002701" lon="-79.579752">
        <time>2026-07-23T10:34:59Z</time>
      </trkpt>
      <trkpt lat="9.002722" lon="-79.579730">
        <time>2026-07-23T10:35:00Z</time>
      </trkpt>
      <trkpt lat="9.002744" lon="-79.579704">
        <time>2026-07-23T10:35:01Z</time>
      </trkpt>
      <trkpt lat="9.002761" lon="-79.579682">
        <time>2026-07-23T10:35:02Z</time>
      </trkpt>
      <trkpt lat="9.002779" lon="-79.579658">
        <time>2026-07-23T10:35:03Z</time>
      </trkpt>
      <trkpt lat="9.002797" lon="-79.579634">
        <time>2026-07-23T10:35:04Z</time>
      </trkpt>
      <trkpt lat="9.002810" lon="-79.579611">
        <time>2026-07-23T10:35:05Z</time>
      </trkpt>
      <trkpt lat="9.002824" lon="-79.579586">
        <time>2026-07-23T10:35:06Z</time>
      </trkpt>
      <trkpt lat="9.002836" lon="-79.579560">
        <time>2026-07-23T10:35:07Z</time>
      </trkpt>
      <trkpt lat="9.002846" lon="-79.579534">
        <time>2026-07-23T10:35:08Z</time>
      </trkpt>
      <trkpt lat="9.002858" lon="-79.579509">
        <time>2026-07-23T10:35:09Z</time>
      </trkpt>
      <trkpt lat="9.002869" lon="-79.579484">
        <time>2026-07-23T10:35:10Z</time>
      </trkpt>
      <trkpt lat="9.002878" lon="-79.579457">
        <time>2026-07-23T10:35:11Z</time>
      </trkpt>
      <trkpt lat="9.002887" lon="-79.579429">
        <time>2026-07-23T10:35:12Z</time>
      </trkpt>
      <trkpt lat="9.002895" lon="-79.579401">
        <time>2026-07-23T10:35:13Z</time>
      </trkpt>
      <trkpt lat="9.002900" lon="-79.579372">
        <time>2026-07-23T10:35:14Z</time>
      </trkpt>
      <trkpt lat="9.002906" lon="-79.579346">
        <time>2026-07-23T10:35:15Z</time>
      </trkpt>
      <trkpt lat="9.002912" lon="-79.579321">
        <time>2026-07-23T10:35:16Z</time>
      </trkpt>
      <trkpt lat="9.002915" lon="-79.579304">
        <time>2026-07-23T10:35:17Z</time>
      </trkpt>
      <trkpt lat="9.002921" lon="-79.579292">
        <time>2026-07-23T10:35:18Z</time>
      </trkpt>
      <trkpt lat="9.002926" lon="-79.579276">
        <time>2026-07-23T10:35:19Z</time>
      </trkpt>
      <trkpt lat="9.002931" lon="-79.579260">
        <time>2026-07-23T10:35:20Z</time>
      </trkpt>
      <trkpt lat="9.002936" lon="-79.579242">
        <time>2026-07-23T10:35:21Z</time>
      </trkpt>
      <trkpt lat="9.002941" lon="-79.579222">
        <time>2026-07-23T10:35:22Z</time>
      </trkpt>
      <trkpt lat="9.002944" lon="-79.579203">
        <time>2026-07-23T10:35:23Z</time>
      </trkpt>
      <trkpt lat="9.002947" lon="-79.579182">
        <time>2026-07-23T10:35:24Z</time>
      </trkpt>
      <trkpt lat="9.002952" lon="-79.579160">
        <time>2026-07-23T10:35:25Z</time>
      </trkpt>
      <trkpt lat="9.002957" lon="-79.579139">
        <time>2026-07-23T10:35:26Z</time>
      </trkpt>
      <trkpt lat="9.002962" lon="-79.579122">
        <time>2026-07-23T10:35:27Z</time>
      </trkpt>
      <trkpt lat="9.002967" lon="-79.579103">
        <time>2026-07-23T10:35:28Z</time>
      </trkpt>
      <trkpt lat="9.002971" lon="-79.579084">
        <time>2026-07-23T10:35:29Z</time>
      </trkpt>
      <trkpt lat="9.002974" lon="-79.579066">
        <time>2026-07-23T10:35:30Z</time>
      </trkpt>
      <trkpt lat="9.002977" lon="-79.579046">
        <time>2026-07-23T10:35:31Z</time>
      </trkpt>
      <trkpt lat="9.002980" lon="-79.579028">
        <time>2026-07-23T10:35:32Z</time>
      </trkpt>
      <trkpt lat="9.002981" lon="-79.579007">
        <time>2026-07-23T10:35:33Z</time>
      </trkpt>
      <trkpt lat="9.002985" lon="-79.578984">
        <time>2026-07-23T10:35:34Z</time>
      </trkpt>
      <trkpt lat="9.002988" lon="-79.578963">
        <time>2026-07-23T10:35:35Z</time>
      </trkpt>
      <trkpt lat="9.002989" lon="-79.578944">
        <time>2026-07-23T10:35:36Z</time>
      </trkpt>
      <trkpt lat="9.002991" lon="-79.578926">
        <time>2026-07-23T10:35:37Z</time>
      </trkpt>
      <trkpt lat="9.002989" lon="-79.578902">
        <time>2026-07-23T10:35:38Z</time>
      </trkpt>
      <trkpt lat="9.002988" lon="-79.578881">
        <time>2026-07-23T10:35:39Z</time>
      </trkpt>
      <trkpt lat="9.002987" lon="-79.578858">
        <time>2026-07-23T10:35:40Z</time>
      </trkpt>
      <trkpt lat="9.002984" lon="-79.578838">
        <time>2026-07-23T10:35:41Z</time>
      </trkpt>
      <trkpt lat="9.002981" lon="-79.578820">
        <time>2026-07-23T10:35:42Z</time>
      </trkpt>
      <trkpt lat="9.002980" lon="-79.578800">
        <time>2026-07-23T10:35:43Z</time>
      </trkpt>
      <trkpt lat="9.002985" lon="-79.578781">
        <time>2026-07-23T10:35:44Z</time>
      </trkpt>
      <trkpt lat="9.002987" lon="-79.578761">
        <time>2026-07-23T10:35:45Z</time>
      </trkpt>
      <trkpt lat="9.002984" lon="-79.578740">
        <time>2026-07-23T10:35:46Z</time>
      </trkpt>
      <trkpt lat="9.002983" lon="-79.578720">
        <time>2026-07-23T10:35:47Z</time>
      </trkpt>
      <trkpt lat="9.002984" lon="-79.578704">
        <time>2026-07-23T10:35:48Z</time>
      </trkpt>
      <trkpt lat="9.002984" lon="-79.578683">
        <time>2026-07-23T10:35:49Z</time>
      </trkpt>
      <trkpt lat="9.002982" lon="-79.578663">
        <time>2026-07-23T10:35:50Z</time>
      </trkpt>
      <trkpt lat="9.002980" lon="-79.578643">
        <time>2026-07-23T10:35:51Z</time>
      </trkpt>
      <trkpt lat="9.002978" lon="-79.578619">
        <time>2026-07-23T10:35:52Z</time>
      </trkpt>
      <trkpt lat="9.002974" lon="-79.578598">
        <time>2026-07-23T10:35:53Z</time>
      </trkpt>
      <trkpt lat="9.002968" lon="-79.578577">
        <time>2026-07-23T10:35:54Z</time>
      </trkpt>
      <trkpt lat="9.002965" lon="-79.578553">
        <time>2026-07-23T10:35:55Z</time>
      </trkpt>
      <trkpt lat="9.002962" lon="-79.578531">
        <time>2026-07-23T10:35:56Z</time>
      </trkpt>
      <trkpt lat="9.002957" lon="-79.578512">
        <time>2026-07-23T10:35:57Z</time>
      </trkpt>
      <trkpt lat="9.002953" lon="-79.578490">
        <time>2026-07-23T10:35:58Z</time>
      </trkpt>
      <trkpt lat="9.002948" lon="-79.578469">
        <time>2026-07-23T10:35:59Z</time>
      </trkpt>
      <trkpt lat="9.002945" lon="-79.578449">
        <time>2026-07-23T10:36:00Z</time>
      </trkpt>
      <trkpt lat="9.002942" lon="-79.578429">
        <time>2026-07-23T10:36:01Z</time>
      </trkpt>
      <trkpt lat="9.002936" lon="-79.578408">
        <time>2026-07-23T10:36:02Z</time>
      </trkpt>
      <trkpt lat="9.002930" lon="-79.578386">
        <time>2026-07-23T10:36:03Z</time>
      </trkpt>
      <trkpt lat="9.002925" lon="-79.578364">
        <time>2026-07-23T10:36:04Z</time>
      </trkpt>
      <trkpt lat="9.002918" lon="-79.578342">
        <time>2026-07-23T10:36:05Z</time>
      </trkpt>
      <trkpt lat="9.002910" lon="-79.578320">
        <time>2026-07-23T10:36:06Z</time>
      </trkpt>
      <trkpt lat="9.002903" lon="-79.578297">
        <time>2026-07-23T10:36:07Z</time>
      </trkpt>
      <trkpt lat="9.002896" lon="-79.578274">
        <time>2026-07-23T10:36:08Z</time>
      </trkpt>
      <trkpt lat="9.002892" lon="-79.578252">
        <time>2026-07-23T10:36:09Z</time>
      </trkpt>
      <trkpt lat="9.002886" lon="-79.578229">
        <time>2026-07-23T10:36:10Z</time>
      </trkpt>
      <trkpt lat="9.002879" lon="-79.578207">
        <time>2026-07-23T10:36:11Z</time>
      </trkpt>
      <trkpt lat="9.002872" lon="-79.578187">
        <time>2026-07-23T10:36:12Z</time>
      </trkpt>
      <trkpt lat="9.002865" lon="-79.578164">
        <time>2026-07-23T10:36:13Z</time>
      </trkpt>
      <trkpt lat="9.002856" lon="-79.578140">
        <time>2026-07-23T10:36:14Z</time>
      </trkpt>
      <trkpt lat="9.002846" lon="-79.578119">
        <time>2026-07-23T10:36:15Z</time>
      </trkpt>
      <trkpt lat="9.002835" lon="-79.578099">
        <time>2026-07-23T10:36:16Z</time>
      </trkpt>
      <trkpt lat="9.002822" lon="-79.578080">
        <time>2026-07-23T10:36:17Z</time>
      </trkpt>
      <trkpt lat="9.002809" lon="-79.578058">
        <time>2026-07-23T10:36:18Z</time>
      </trkpt>
      <trkpt lat="9.002796" lon="-79.578038">
        <time>2026-07-23T10:36:19Z</time>
      </trkpt>
      <trkpt lat="9.002782" lon="-79.578020">
        <time>2026-07-23T10:36:20Z</time>
      </trkpt>
      <trkpt lat="9.002767" lon="-79.578000">
        <time>2026-07-23T10:36:21Z</time>
      </trkpt>
      <trkpt lat="9.002754" lon="-79.577978">
        <time>2026-07-23T10:36:22Z</time>
      </trkpt>
      <trkpt lat="9.002737" lon="-79.577956">
        <time>2026-07-23T10:36:23Z</time>
      </trkpt>
      <trkpt lat="9.002716" lon="-79.577935">
        <time>2026-07-23T10:36:24Z</time>
      </trkpt>
      <trkpt lat="9.002697" lon="-79.577917">
        <time>2026-07-23T10:36:25Z</time>
      </trkpt>
      <trkpt lat="9.002682" lon="-79.577901">
        <time>2026-07-23T10:36:26Z</time>
      </trkpt>
      <trkpt lat="9.002664" lon="-79.577885">
        <time>2026-07-23T10:36:27Z</time>
      </trkpt>
      <trkpt lat="9.002645" lon="-79.577868">
        <time>2026-07-23T10:36:28Z</time>
      </trkpt>
      <trkpt lat="9.002629" lon="-79.577849">
        <time>2026-07-23T10:36:29Z</time>
      </trkpt>
      <trkpt lat="9.002610" lon="-79.577834">
        <time>2026-07-23T10:36:30Z</time>
      </trkpt>
      <trkpt lat="9.002596" lon="-79.577818">
        <time>2026-07-23T10:36:31Z</time>
      </trkpt>
      <trkpt lat="9.002577" lon="-79.577802">
        <time>2026-07-23T10:36:32Z</time>
      </trkpt>
      <trkpt lat="9.002563" lon="-79.577787">
        <time>2026-07-23T10:36:33Z</time>
      </trkpt>
      <trkpt lat="9.002548" lon="-79.577773">
        <time>2026-07-23T10:36:34Z</time>
      </trkpt>
      <trkpt lat="9.002528" lon="-79.577761">
        <time>2026-07-23T10:36:35Z</time>
      </trkpt>
      <trkpt lat="9.002509" lon="-79.577745">
        <time>2026-07-23T10:36:36Z</time>
      </trkpt>
      <trkpt lat="9.002492" lon="-79.577731">
        <time>2026-07-23T10:36:37Z</time>
      </trkpt>
      <trkpt lat="9.002474" lon="-79.577716">
        <time>2026-07-23T10:36:38Z</time>
      </trkpt>
      <trkpt lat="9.002457" lon="-79.577700">
        <time>2026-07-23T10:36:39Z</time>
      </trkpt>
      <trkpt lat="9.002440" lon="-79.577682">
        <time>2026-07-23T10:36:40Z</time>
      </trkpt>
      <trkpt lat="9.002421" lon="-79.577667">
        <time>2026-07-23T10:36:41Z</time>
      </trkpt>
      <trkpt lat="9.002405" lon="-79.577651">
        <time>2026-07-23T10:36:42Z</time>
      </trkpt>
      <trkpt lat="9.002388" lon="-79.577637">
        <time>2026-07-23T10:36:43Z</time>
      </trkpt>
      <trkpt lat="9.002366" lon="-79.577621">
        <time>2026-07-23T10:36:44Z</time>
      </trkpt>
      <trkpt lat="9.002347" lon="-79.577605">
        <time>2026-07-23T10:36:45Z</time>
      </trkpt>
      <trkpt lat="9.002330" lon="-79.577593">
        <time>2026-07-23T10:36:46Z</time>
      </trkpt>
      <trkpt lat="9.002309" lon="-79.577580">
        <time>2026-07-23T10:36:47Z</time>
      </trkpt>
      <trkpt lat="9.002289" lon="-79.577567">
        <time>2026-07-23T10:36:48Z</time>
      </trkpt>
      <trkpt lat="9.002274" lon="-79.577551">
        <time>2026-07-23T10:36:49Z</time>
      </trkpt>
      <trkpt lat="9.002253" lon="-79.577538">
        <time>2026-07-23T10:36:50Z</time>
      </trkpt>
      <trkpt lat="9.002234" lon="-79.577526">
        <time>2026-07-23T10:36:51Z</time>
      </trkpt>
      <trkpt lat="9.002215" lon="-79.577512">
        <time>2026-07-23T10:36:52Z</time>
      </trkpt>
      <trkpt lat="9.002197" lon="-79.577497">
        <time>2026-07-23T10:36:53Z</time>
      </trkpt>
      <trkpt lat="9.002179" lon="-79.577486">
        <time>2026-07-23T10:36:54Z</time>
      </trkpt>
      <trkpt lat="9.002160" lon="-79.577475">
        <time>2026-07-23T10:36:55Z</time>
      </trkpt>
      <trkpt lat="9.002139" lon="-79.577465">
        <time>2026-07-23T10:36:56Z</time>
      </trkpt>
      <trkpt lat="9.002119" lon="-79.577453">
        <time>2026-07-23T10:36:57Z</time>
      </trkpt>
      <trkpt lat="9.002098" lon="-79.577444">
        <time>2026-07-23T10:36:58Z</time>
      </trkpt>
      <trkpt lat="9.002076" lon="-79.577434">
        <time>2026-07-23T10:36:59Z</time>
      </trkpt>
      <trkpt lat="9.002058" lon="-79.577421">
        <time>2026-07-23T10:37:00Z</time>
      </trkpt>
      <trkpt lat="9.002038" lon="-79.577407">
        <time>2026-07-23T10:37:01Z</time>
      </trkpt>
      <trkpt lat="9.002017" lon="-79.577394">
        <time>2026-07-23T10:37:02Z</time>
      </trkpt>
      <trkpt lat="9.001998" lon="-79.577384">
        <time>2026-07-23T10:37:03Z</time>
      </trkpt>
      <trkpt lat="9.001981" lon="-79.577371">
        <time>2026-07-23T10:37:04Z</time>
      </trkpt>
      <trkpt lat="9.001962" lon="-79.577362">
        <time>2026-07-23T10:37:05Z</time>
      </trkpt>
      <trkpt lat="9.001945" lon="-79.577352">
        <time>2026-07-23T10:37:06Z</time>
      </trkpt>
      <trkpt lat="9.001928" lon="-79.577341">
        <time>2026-07-23T10:37:07Z</time>
      </trkpt>
      <trkpt lat="9.001907" lon="-79.577328">
        <time>2026-07-23T10:37:08Z</time>
      </trkpt>
      <trkpt lat="9.001887" lon="-79.577314">
        <time>2026-07-23T10:37:09Z</time>
      </trkpt>
      <trkpt lat="9.001867" lon="-79.577301">
        <time>2026-07-23T10:37:10Z</time>
      </trkpt>
      <trkpt lat="9.001847" lon="-79.577291">
        <time>2026-07-23T10:37:11Z</time>
      </trkpt>
      <trkpt lat="9.001829" lon="-79.577282">
        <time>2026-07-23T10:37:12Z</time>
      </trkpt>
      <trkpt lat="9.001812" lon="-79.577269">
        <time>2026-07-23T10:37:13Z</time>
      </trkpt>
      <trkpt lat="9.001791" lon="-79.577254">
        <time>2026-07-23T10:37:14Z</time>
      </trkpt>
      <trkpt lat="9.001769" lon="-79.577243">
        <time>2026-07-23T10:37:15Z</time>
      </trkpt>
      <trkpt lat="9.001745" lon="-79.577228">
        <time>2026-07-23T10:37:16Z</time>
      </trkpt>
      <trkpt lat="9.001723" lon="-79.577212">
        <time>2026-07-23T10:37:17Z</time>
      </trkpt>
      <trkpt lat="9.001700" lon="-79.577200">
        <time>2026-07-23T10:37:18Z</time>
      </trkpt>
      <trkpt lat="9.001676" lon="-79.577185">
        <time>2026-07-23T10:37:19Z</time>
      </trkpt>
      <trkpt lat="9.001653" lon="-79.577170">
        <time>2026-07-23T10:37:20Z</time>
      </trkpt>
      <trkpt lat="9.001628" lon="-79.577155">
        <time>2026-07-23T10:37:21Z</time>
      </trkpt>
      <trkpt lat="9.001607" lon="-79.577137">
        <time>2026-07-23T10:37:22Z</time>
      </trkpt>
      <trkpt lat="9.001584" lon="-79.577121">
        <time>2026-07-23T10:37:23Z</time>
      </trkpt>
      <trkpt lat="9.001561" lon="-79.577105">
        <time>2026-07-23T10:37:24Z</time>
      </trkpt>
      <trkpt lat="9.001537" lon="-79.577091">
        <time>2026-07-23T10:37:25Z</time>
      </trkpt>
      <trkpt lat="9.001511" lon="-79.577071">
        <time>2026-07-23T10:37:26Z</time>
      </trkpt>
      <trkpt lat="9.001483" lon="-79.577058">
        <time>2026-07-23T10:37:27Z</time>
      </trkpt>
      <trkpt lat="9.001450" lon="-79.577049">
        <time>2026-07-23T10:37:28Z</time>
      </trkpt>
      <trkpt lat="9.001421" lon="-79.577037">
        <time>2026-07-23T10:37:29Z</time>
      </trkpt>
      <trkpt lat="9.001396" lon="-79.577024">
        <time>2026-07-23T10:37:30Z</time>
      </trkpt>
      <trkpt lat="9.001367" lon="-79.577012">
        <time>2026-07-23T10:37:31Z</time>
      </trkpt>
      <trkpt lat="9.001338" lon="-79.576999">
        <time>2026-07-23T10:37:32Z</time>
      </trkpt>
      <trkpt lat="9.001309" lon="-79.576989">
        <time>2026-07-23T10:37:33Z</time>
      </trkpt>
      <trkpt lat="9.001279" lon="-79.576978">
        <time>2026-07-23T10:37:34Z</time>
      </trkpt>
      <trkpt lat="9.001249" lon="-79.576966">
        <time>2026-07-23T10:37:35Z</time>
      </trkpt>
      <trkpt lat="9.001218" lon="-79.576962">
        <time>2026-07-23T10:37:36Z</time>
      </trkpt>
      <trkpt lat="9.001188" lon="-79.576959">
        <time>2026-07-23T10:37:37Z</time>
      </trkpt>
      <trkpt lat="9.001159" lon="-79.576954">
        <time>2026-07-23T10:37:38Z</time>
      </trkpt>
      <trkpt lat="9.001129" lon="-79.576947">
        <time>2026-07-23T10:37:39Z</time>
      </trkpt>
      <trkpt lat="9.001098" lon="-79.576941">
        <time>2026-07-23T10:37:40Z</time>
      </trkpt>
      <trkpt lat="9.001067" lon="-79.576938">
        <time>2026-07-23T10:37:41Z</time>
      </trkpt>
      <trkpt lat="9.001038" lon="-79.576934">
        <time>2026-07-23T10:37:42Z</time>
      </trkpt>
      <trkpt lat="9.001008" lon="-79.576931">
        <time>2026-07-23T10:37:43Z</time>
      </trkpt>
      <trkpt lat="9.000978" lon="-79.576928">
        <time>2026-07-23T10:37:44Z</time>
      </trkpt>
      <trkpt lat="9.000950" lon="-79.576926">
        <time>2026-07-23T10:37:45Z</time>
      </trkpt>
      <trkpt lat="9.000922" lon="-79.576925">
        <time>2026-07-23T10:37:46Z</time>
      </trkpt>
      <trkpt lat="9.000897" lon="-79.576920">
        <time>2026-07-23T10:37:47Z</time>
      </trkpt>
      <trkpt lat="9.000868" lon="-79.576917">
        <time>2026-07-23T10:37:48Z</time>
      </trkpt>
      <trkpt lat="9.000840" lon="-79.576917">
        <time>2026-07-23T10:37:49Z</time>
      </trkpt>
      <trkpt lat="9.000812" lon="-79.576916">
        <time>2026-07-23T10:37:50Z</time>
      </trkpt>
      <trkpt lat="9.000781" lon="-79.576914">
        <time>2026-07-23T10:37:51Z</time>
      </trkpt>
      <trkpt lat="9.000751" lon="-79.576914">
        <time>2026-07-23T10:37:52Z</time>
      </trkpt>
      <trkpt lat="9.000719" lon="-79.576913">
        <time>2026-07-23T10:37:53Z</time>
      </trkpt>
      <trkpt lat="9.000689" lon="-79.576913">
        <time>2026-07-23T10:37:54Z</time>
      </trkpt>
      <trkpt lat="9.000659" lon="-79.576915">
        <time>2026-07-23T10:37:55Z</time>
      </trkpt>
      <trkpt lat="9.000629" lon="-79.576916">
        <time>2026-07-23T10:37:56Z</time>
      </trkpt>
      <trkpt lat="9.000602" lon="-79.576918">
        <time>2026-07-23T10:37:57Z</time>
      </trkpt>
      <trkpt lat="9.000572" lon="-79.576925">
        <time>2026-07-23T10:37:58Z</time>
      </trkpt>
      <trkpt lat="9.000540" lon="-79.576933">
        <time>2026-07-23T10:37:59Z</time>
      </trkpt>
      <trkpt lat="9.000510" lon="-79.576943">
        <time>2026-07-23T10:38:00Z</time>
      </trkpt>
      <trkpt lat="9.000479" lon="-79.576955">
        <time>2026-07-23T10:38:01Z</time>
      </trkpt>
      <trkpt lat="9.000453" lon="-79.576969">
        <time>2026-07-23T10:38:02Z</time>
      </trkpt>
      <trkpt lat="9.000428" lon="-79.576982">
        <time>2026-07-23T10:38:03Z</time>
      </trkpt>
      <trkpt lat="9.000405" lon="-79.576992">
        <time>2026-07-23T10:38:04Z</time>
      </trkpt>
      <trkpt lat="9.000383" lon="-79.577000">
        <time>2026-07-23T10:38:05Z</time>
      </trkpt>
      <trkpt lat="9.000367" lon="-79.577006">
        <time>2026-07-23T10:38:06Z</time>
      </trkpt>
      <trkpt lat="9.000354" lon="-79.577009">
        <time>2026-07-23T10:38:07Z</time>
      </trkpt>
      <trkpt lat="9.000341" lon="-79.577014">
        <time>2026-07-23T10:38:08Z</time>
      </trkpt>
      <trkpt lat="9.000325" lon="-79.577020">
        <time>2026-07-23T10:38:09Z</time>
      </trkpt>
      <trkpt lat="9.000306" lon="-79.577032">
        <time>2026-07-23T10:38:10Z</time>
      </trkpt>
      <trkpt lat="9.000290" lon="-79.577040">
        <time>2026-07-23T10:38:11Z</time>
      </trkpt>
      <trkpt lat="9.000274" lon="-79.577048">
        <time>2026-07-23T10:38:12Z</time>
      </trkpt>
      <trkpt lat="9.000258" lon="-79.577061">
        <time>2026-07-23T10:38:13Z</time>
      </trkpt>
      <trkpt lat="9.000241" lon="-79.577070">
        <time>2026-07-23T10:38:14Z</time>
      </trkpt>
      <trkpt lat="9.000226" lon="-79.577078">
        <time>2026-07-23T10:38:15Z</time>
      </trkpt>
      <trkpt lat="9.000208" lon="-79.577087">
        <time>2026-07-23T10:38:16Z</time>
      </trkpt>
      <trkpt lat="9.000192" lon="-79.577097">
        <time>2026-07-23T10:38:17Z</time>
      </trkpt>
      <trkpt lat="9.000172" lon="-79.577107">
        <time>2026-07-23T10:38:18Z</time>
      </trkpt>
      <trkpt lat="9.000156" lon="-79.577116">
        <time>2026-07-23T10:38:19Z</time>
      </trkpt>
      <trkpt lat="9.000139" lon="-79.577125">
        <time>2026-07-23T10:38:20Z</time>
      </trkpt>
      <trkpt lat="9.000123" lon="-79.577138">
        <time>2026-07-23T10:38:21Z</time>
      </trkpt>
      <trkpt lat="9.000109" lon="-79.577146">
        <time>2026-07-23T10:38:22Z</time>
      </trkpt>
      <trkpt lat="9.000094" lon="-79.577156">
        <time>2026-07-23T10:38:23Z</time>
      </trkpt>
      <trkpt lat="9.000078" lon="-79.577168">
        <time>2026-07-23T10:38:24Z</time>
      </trkpt>
      <trkpt lat="9.000063" lon="-79.577182">
        <time>2026-07-23T10:38:25Z</time>
      </trkpt>
      <trkpt lat="9.000045" lon="-79.577194">
        <time>2026-07-23T10:38:26Z</time>
      </trkpt>
      <trkpt lat="9.000028" lon="-79.577203">
        <time>2026-07-23T10:38:27Z</time>
      </trkpt>
      <trkpt lat="9.000010" lon="-79.577213">
        <time>2026-07-23T10:38:28Z</time>
      </trkpt>
      <trkpt lat="8.999995" lon="-79.577225">
        <time>2026-07-23T10:38:29Z</time>
      </trkpt>
      <trkpt lat="8.999978" lon="-79.577238">
        <time>2026-07-23T10:38:30Z</time>
      </trkpt>
      <trkpt lat="8.999960" lon="-79.577246">
        <time>2026-07-23T10:38:31Z</time>
      </trkpt>
      <trkpt lat="8.999945" lon="-79.577256">
        <time>2026-07-23T10:38:32Z</time>
      </trkpt>
      <trkpt lat="8.999929" lon="-79.577268">
        <time>2026-07-23T10:38:33Z</time>
      </trkpt>
      <trkpt lat="8.999912" lon="-79.577280">
        <time>2026-07-23T10:38:34Z</time>
      </trkpt>
      <trkpt lat="8.999893" lon="-79.577293">
        <time>2026-07-23T10:38:35Z</time>
      </trkpt>
      <trkpt lat="8.999876" lon="-79.577303">
        <time>2026-07-23T10:38:36Z</time>
      </trkpt>
      <trkpt lat="8.999861" lon="-79.577316">
        <time>2026-07-23T10:38:37Z</time>
      </trkpt>
      <trkpt lat="8.999843" lon="-79.577325">
        <time>2026-07-23T10:38:38Z</time>
      </trkpt>
      <trkpt lat="8.999826" lon="-79.577338">
        <time>2026-07-23T10:38:39Z</time>
      </trkpt>
      <trkpt lat="8.999809" lon="-79.577350">
        <time>2026-07-23T10:38:40Z</time>
      </trkpt>
      <trkpt lat="8.999795" lon="-79.577362">
        <time>2026-07-23T10:38:41Z</time>
      </trkpt>
      <trkpt lat="8.999780" lon="-79.577376">
        <time>2026-07-23T10:38:42Z</time>
      </trkpt>
      <trkpt lat="8.999764" lon="-79.577389">
        <time>2026-07-23T10:38:43Z</time>
      </trkpt>
      <trkpt lat="8.999747" lon="-79.577404">
        <time>2026-07-23T10:38:44Z</time>
      </trkpt>
      <trkpt lat="8.999730" lon="-79.577418">
        <time>2026-07-23T10:38:45Z</time>
      </trkpt>
      <trkpt lat="8.999714" lon="-79.577427">
        <time>2026-07-23T10:38:46Z</time>
      </trkpt>
      <trkpt lat="8.999699" lon="-79.577439">
        <time>2026-07-23T10:38:47Z</time>
      </trkpt>
      <trkpt lat="8.999681" lon="-79.577449">
        <time>2026-07-23T10:38:48Z</time>
      </trkpt>
      <trkpt lat="8.999664" lon="-79.577460">
        <time>2026-07-23T10:38:49Z</time>
      </trkpt>
      <trkpt lat="8.999649" lon="-79.577471">
        <time>2026-07-23T10:38:50Z</time>
      </trkpt>
      <trkpt lat="8.999632" lon="-79.577479">
        <time>2026-07-23T10:38:51Z</time>
      </trkpt>
      <trkpt lat="8.999616" lon="-79.577493">
        <time>2026-07-23T10:38:52Z</time>
      </trkpt>
      <trkpt lat="8.999601" lon="-79.577506">
        <time>2026-07-23T10:38:53Z</time>
      </trkpt>
      <trkpt lat="8.999584" lon="-79.577518">
        <time>2026-07-23T10:38:54Z</time>
      </trkpt>
      <trkpt lat="8.999567" lon="-79.577530">
        <time>2026-07-23T10:38:55Z</time>
      </trkpt>
      <trkpt lat="8.999549" lon="-79.577539">
        <time>2026-07-23T10:38:56Z</time>
      </trkpt>
      <trkpt lat="8.999530" lon="-79.577552">
        <time>2026-07-23T10:38:57Z</time>
      </trkpt>
      <trkpt lat="8.999509" lon="-79.577559">
        <time>2026-07-23T10:38:58Z</time>
      </trkpt>
      <trkpt lat="8.999489" lon="-79.577569">
        <time>2026-07-23T10:38:59Z</time>
      </trkpt>
      <trkpt lat="8.999471" lon="-79.577581">
        <time>2026-07-23T10:39:00Z</time>
      </trkpt>
      <trkpt lat="8.999451" lon="-79.577594">
        <time>2026-07-23T10:39:01Z</time>
      </trkpt>
      <trkpt lat="8.999435" lon="-79.577604">
        <time>2026-07-23T10:39:02Z</time>
      </trkpt>
      <trkpt lat="8.999419" lon="-79.577617">
        <time>2026-07-23T10:39:03Z</time>
      </trkpt>
      <trkpt lat="8.999404" lon="-79.577629">
        <time>2026-07-23T10:39:04Z</time>
      </trkpt>
      <trkpt lat="8.999386" lon="-79.577641">
        <time>2026-07-23T10:39:05Z</time>
      </trkpt>
      <trkpt lat="8.999367" lon="-79.577653">
        <time>2026-07-23T10:39:06Z</time>
      </trkpt>
      <trkpt lat="8.999350" lon="-79.577667">
        <time>2026-07-23T10:39:07Z</time>
      </trkpt>
      <trkpt lat="8.999334" lon="-79.577680">
        <time>2026-07-23T10:39:08Z</time>
      </trkpt>
      <trkpt lat="8.999315" lon="-79.577691">
        <time>2026-07-23T10:39:09Z</time>
      </trkpt>
      <trkpt lat="8.999298" lon="-79.577704">
        <time>2026-07-23T10:39:10Z</time>
      </trkpt>
      <trkpt lat="8.999284" lon="-79.577717">
        <time>2026-07-23T10:39:11Z</time>
      </trkpt>
      <trkpt lat="8.999269" lon="-79.577728">
        <time>2026-07-23T10:39:12Z</time>
      </trkpt>
      <trkpt lat="8.999253" lon="-79.577741">
        <time>2026-07-23T10:39:13Z</time>
      </trkpt>
      <trkpt lat="8.999237" lon="-79.577755">
        <time>2026-07-23T10:39:14Z</time>
      </trkpt>
      <trkpt lat="8.999221" lon="-79.577766">
        <time>2026-07-23T10:39:15Z</time>
      </trkpt>
      <trkpt lat="8.999202" lon="-79.577780">
        <time>2026-07-23T10:39:16Z</time>
      </trkpt>
      <trkpt lat="8.999182" lon="-79.577793">
        <time>2026-07-23T10:39:17Z</time>
      </trkpt>
      <trkpt lat="8.999162" lon="-79.577807">
        <time>2026-07-23T10:39:18Z</time>
      </trkpt>
      <trkpt lat="8.999143" lon="-79.577822">
        <time>2026-07-23T10:39:19Z</time>
      </trkpt>
      <trkpt lat="8.999124" lon="-79.577838">
        <time>2026-07-23T10:39:20Z</time>
      </trkpt>
      <trkpt lat="8.999106" lon="-79.577852">
        <time>2026-07-23T10:39:21Z</time>
      </trkpt>
      <trkpt lat="8.999089" lon="-79.577863">
        <time>2026-07-23T10:39:22Z</time>
      </trkpt>
      <trkpt lat="8.999074" lon="-79.577877">
        <time>2026-07-23T10:39:23Z</time>
      </trkpt>
      <trkpt lat="8.999057" lon="-79.577892">
        <time>2026-07-23T10:39:24Z</time>
      </trkpt>
      <trkpt lat="8.999038" lon="-79.577902">
        <time>2026-07-23T10:39:25Z</time>
      </trkpt>
      <trkpt lat="8.999021" lon="-79.577916">
        <time>2026-07-23T10:39:26Z</time>
      </trkpt>
      <trkpt lat="8.999004" lon="-79.577930">
        <time>2026-07-23T10:39:27Z</time>
      </trkpt>
      <trkpt lat="8.998985" lon="-79.577943">
        <time>2026-07-23T10:39:28Z</time>
      </trkpt>
      <trkpt lat="8.998969" lon="-79.577958">
        <time>2026-07-23T10:39:29Z</time>
      </trkpt>
      <trkpt lat="8.998952" lon="-79.577972">
        <time>2026-07-23T10:39:30Z</time>
      </trkpt>
      <trkpt lat="8.998934" lon="-79.577987">
        <time>2026-07-23T10:39:31Z</time>
      </trkpt>
      <trkpt lat="8.998919" lon="-79.578001">
        <time>2026-07-23T10:39:32Z</time>
      </trkpt>
      <trkpt lat="8.998902" lon="-79.578016">
        <time>2026-07-23T10:39:33Z</time>
      </trkpt>
      <trkpt lat="8.998883" lon="-79.578031">
        <time>2026-07-23T10:39:34Z</time>
      </trkpt>
      <trkpt lat="8.998863" lon="-79.578045">
        <time>2026-07-23T10:39:35Z</time>
      </trkpt>
      <trkpt lat="8.998845" lon="-79.578059">
        <time>2026-07-23T10:39:36Z</time>
      </trkpt>
      <trkpt lat="8.998829" lon="-79.578074">
        <time>2026-07-23T10:39:37Z</time>
      </trkpt>
      <trkpt lat="8.998810" lon="-79.578089">
        <time>2026-07-23T10:39:38Z</time>
      </trkpt>
      <trkpt lat="8.998792" lon="-79.578104">
        <time>2026-07-23T10:39:39Z</time>
      </trkpt>
      <trkpt lat="8.998775" lon="-79.578118">
        <time>2026-07-23T10:39:40Z</time>
      </trkpt>
      <trkpt lat="8.998758" lon="-79.578131">
        <time>2026-07-23T10:39:41Z</time>
      </trkpt>
      <trkpt lat="8.998740" lon="-79.578144">
        <time>2026-07-23T10:39:42Z</time>
      </trkpt>
      <trkpt lat="8.998723" lon="-79.578156">
        <time>2026-07-23T10:39:43Z</time>
      </trkpt>
      <trkpt lat="8.998706" lon="-79.578172">
        <time>2026-07-23T10:39:44Z</time>
      </trkpt>
      <trkpt lat="8.998687" lon="-79.578188">
        <time>2026-07-23T10:39:45Z</time>
      </trkpt>
      <trkpt lat="8.998669" lon="-79.578203">
        <time>2026-07-23T10:39:46Z</time>
      </trkpt>
      <trkpt lat="8.998648" lon="-79.578220">
        <time>2026-07-23T10:39:47Z</time>
      </trkpt>
      <trkpt lat="8.998628" lon="-79.578236">
        <time>2026-07-23T10:39:48Z</time>
      </trkpt>
      <trkpt lat="8.998609" lon="-79.578250">
        <time>2026-07-23T10:39:49Z</time>
      </trkpt>
      <trkpt lat="8.998591" lon="-79.578267">
        <time>2026-07-23T10:39:50Z</time>
      </trkpt>
      <trkpt lat="8.998573" lon="-79.578282">
        <time>2026-07-23T10:39:51Z</time>
      </trkpt>
      <trkpt lat="8.998554" lon="-79.578293">
        <time>2026-07-23T10:39:52Z</time>
      </trkpt>
      <trkpt lat="8.998536" lon="-79.578306">
        <time>2026-07-23T10:39:53Z</time>
      </trkpt>
      <trkpt lat="8.998518" lon="-79.578315">
        <time>2026-07-23T10:39:54Z</time>
      </trkpt>
      <trkpt lat="8.998500" lon="-79.578320">
        <time>2026-07-23T10:39:55Z</time>
      </trkpt>
      <trkpt lat="8.998477" lon="-79.578329">
        <time>2026-07-23T10:39:56Z</time>
      </trkpt>
      <trkpt lat="8.998455" lon="-79.578339">
        <time>2026-07-23T10:39:57Z</time>
      </trkpt>
      <trkpt lat="8.998433" lon="-79.578347">
        <time>2026-07-23T10:39:58Z</time>
      </trkpt>
      <trkpt lat="8.998410" lon="-79.578353">
        <time>2026-07-23T10:39:59Z</time>
      </trkpt>
      <trkpt lat="8.998385" lon="-79.578361">
        <time>2026-07-23T10:40:00Z</time>
      </trkpt>
      <trkpt lat="8.998360" lon="-79.578367">
        <time>2026-07-23T10:40:01Z</time>
      </trkpt>
      <trkpt lat="8.998332" lon="-79.578372">
        <time>2026-07-23T10:40:02Z</time>
      </trkpt>
      <trkpt lat="8.998307" lon="-79.578377">
        <time>2026-07-23T10:40:03Z</time>
      </trkpt>
      <trkpt lat="8.998280" lon="-79.578381">
        <time>2026-07-23T10:40:04Z</time>
      </trkpt>
      <trkpt lat="8.998251" lon="-79.578384">
        <time>2026-07-23T10:40:05Z</time>
      </trkpt>
      <trkpt lat="8.998228" lon="-79.578390">
        <time>2026-07-23T10:40:06Z</time>
      </trkpt>
      <trkpt lat="8.998203" lon="-79.578396">
        <time>2026-07-23T10:40:07Z</time>
      </trkpt>
      <trkpt lat="8.998177" lon="-79.578403">
        <time>2026-07-23T10:40:08Z</time>
      </trkpt>
      <trkpt lat="8.998150" lon="-79.578406">
        <time>2026-07-23T10:40:09Z</time>
      </trkpt>
      <trkpt lat="8.998120" lon="-79.578408">
        <time>2026-07-23T10:40:10Z</time>
      </trkpt>
      <trkpt lat="8.998093" lon="-79.578412">
        <time>2026-07-23T10:40:11Z</time>
      </trkpt>
      <trkpt lat="8.998065" lon="-79.578414">
        <time>2026-07-23T10:40:12Z</time>
      </trkpt>
      <trkpt lat="8.998035" lon="-79.578419">
        <time>2026-07-23T10:40:13Z</time>
      </trkpt>
      <trkpt lat="8.998005" lon="-79.578426">
        <time>2026-07-23T10:40:14Z</time>
      </trkpt>
      <trkpt lat="8.997974" lon="-79.578436">
        <time>2026-07-23T10:40:15Z</time>
      </trkpt>
      <trkpt lat="8.997945" lon="-79.578450">
        <time>2026-07-23T10:40:16Z</time>
      </trkpt>
      <trkpt lat="8.997921" lon="-79.578472">
        <time>2026-07-23T10:40:17Z</time>
      </trkpt>
      <trkpt lat="8.997904" lon="-79.578500">
        <time>2026-07-23T10:40:18Z</time>
      </trkpt>
      <trkpt lat="8.997892" lon="-79.578534">
        <time>2026-07-23T10:40:19Z</time>
      </trkpt>
      <trkpt lat="8.997887" lon="-79.578569">
        <time>2026-07-23T10:40:20Z</time>
      </trkpt>
      <trkpt lat="8.997883" lon="-79.578605">
        <time>2026-07-23T10:40:21Z</time>
      </trkpt>
      <trkpt lat="8.997884" lon="-79.578639">
        <time>2026-07-23T10:40:22Z</time>
      </trkpt>
      <trkpt lat="8.997884" lon="-79.578674">
        <time>2026-07-23T10:40:23Z</time>
      </trkpt>
      <trkpt lat="8.997885" lon="-79.578708">
        <time>2026-07-23T10:40:24Z</time>
      </trkpt>
      <trkpt lat="8.997887" lon="-79.578738">
        <time>2026-07-23T10:40:25Z</time>
      </trkpt>
      <trkpt lat="8.997890" lon="-79.578772">
        <time>2026-07-23T10:40:26Z</time>
      </trkpt>
      <trkpt lat="8.997896" lon="-79.578801">
        <time>2026-07-23T10:40:27Z</time>
      </trkpt>
      <trkpt lat="8.997903" lon="-79.578829">
        <time>2026-07-23T10:40:28Z</time>
      </trkpt>
      <trkpt lat="8.997910" lon="-79.578857">
        <time>2026-07-23T10:40:29Z</time>
      </trkpt>
      <trkpt lat="8.997916" lon="-79.578886">
        <time>2026-07-23T10:40:30Z</time>
      </trkpt>
      <trkpt lat="8.997926" lon="-79.578916">
        <time>2026-07-23T10:40:31Z</time>
      </trkpt>
      <trkpt lat="8.997933" lon="-79.578950">
        <time>2026-07-23T10:40:32Z</time>
      </trkpt>
      <trkpt lat="8.997940" lon="-79.578979">
        <time>2026-07-23T10:40:33Z</time>
      </trkpt>
      <trkpt lat="8.997947" lon="-79.579008">
        <time>2026-07-23T10:40:34Z</time>
      </trkpt>
      <trkpt lat="8.997955" lon="-79.579036">
        <time>2026-07-23T10:40:35Z</time>
      </trkpt>
      <trkpt lat="8.997965" lon="-79.579063">
        <time>2026-07-23T10:40:36Z</time>
      </trkpt>
      <trkpt lat="8.997967" lon="-79.579090">
        <time>2026-07-23T10:40:37Z</time>
      </trkpt>
      <trkpt lat="8.997976" lon="-79.579120">
        <time>2026-07-23T10:40:38Z</time>
      </trkpt>
      <trkpt lat="8.997987" lon="-79.579147">
        <time>2026-07-23T10:40:39Z</time>
      </trkpt>
      <trkpt lat="8.997999" lon="-79.579177">
        <time>2026-07-23T10:40:40Z</time>
      </trkpt>
      <trkpt lat="8.998014" lon="-79.579204">
        <time>2026-07-23T10:40:41Z</time>
      </trkpt>
      <trkpt lat="8.998032" lon="-79.579229">
        <time>2026-07-23T10:40:42Z</time>
      </trkpt>
      <trkpt lat="8.998050" lon="-79.579253">
        <time>2026-07-23T10:40:43Z</time>
      </trkpt>
      <trkpt lat="8.998065" lon="-79.579277">
        <time>2026-07-23T10:40:44Z</time>
      </trkpt>
      <trkpt lat="8.998078" lon="-79.579301">
        <time>2026-07-23T10:40:45Z</time>
      </trkpt>
      <trkpt lat="8.998093" lon="-79.579323">
        <time>2026-07-23T10:40:46Z</time>
      </trkpt>
      <trkpt lat="8.998109" lon="-79.579346">
        <time>2026-07-23T10:40:47Z</time>
      </trkpt>
      <trkpt lat="8.998125" lon="-79.579369">
        <time>2026-07-23T10:40:48Z</time>
      </trkpt>
      <trkpt lat="8.998141" lon="-79.579390">
        <time>2026-07-23T10:40:49Z</time>
      </trkpt>
      <trkpt lat="8.998158" lon="-79.579411">
        <time>2026-07-23T10:40:50Z</time>
      </trkpt>
      <trkpt lat="8.998181" lon="-79.579436">
        <time>2026-07-23T10:40:51Z</time>
      </trkpt>
      <trkpt lat="8.998202" lon="-79.579456">
        <time>2026-07-23T10:40:52Z</time>
      </trkpt>
      <trkpt lat="8.998223" lon="-79.579480">
        <time>2026-07-23T10:40:53Z</time>
      </trkpt>
      <trkpt lat="8.998245" lon="-79.579500">
        <time>2026-07-23T10:40:54Z</time>
      </trkpt>
      <trkpt lat="8.998265" lon="-79.579519">
        <time>2026-07-23T10:40:55Z</time>
      </trkpt>
      <trkpt lat="8.998296" lon="-79.579533">
        <time>2026-07-23T10:40:56Z</time>
      </trkpt>
      <trkpt lat="8.998325" lon="-79.579542">
        <time>2026-07-23T10:40:57Z</time>
      </trkpt>
      <trkpt lat="8.998356" lon="-79.579548">
        <time>2026-07-23T10:40:58Z</time>
      </trkpt>
      <trkpt lat="8.998382" lon="-79.579545">
        <time>2026-07-23T10:40:59Z</time>
      </trkpt>
      <trkpt lat="8.998409" lon="-79.579540">
        <time>2026-07-23T10:41:00Z</time>
      </trkpt>
      <trkpt lat="8.998434" lon="-79.579536">
        <time>2026-07-23T10:41:01Z</time>
      </trkpt>
      <trkpt lat="8.998458" lon="-79.579530">
        <time>2026-07-23T10:41:02Z</time>
      </trkpt>
      <trkpt lat="8.998479" lon="-79.579523">
        <time>2026-07-23T10:41:03Z</time>
      </trkpt>
      <trkpt lat="8.998502" lon="-79.579514">
        <time>2026-07-23T10:41:04Z</time>
      </trkpt>
      <trkpt lat="8.998523" lon="-79.579506">
        <time>2026-07-23T10:41:05Z</time>
      </trkpt>
      <trkpt lat="8.998541" lon="-79.579495">
        <time>2026-07-23T10:41:06Z</time>
      </trkpt>
      <trkpt lat="8.998558" lon="-79.579483">
        <time>2026-07-23T10:41:07Z</time>
      </trkpt>
      <trkpt lat="8.998573" lon="-79.579470">
        <time>2026-07-23T10:41:08Z</time>
      </trkpt>
      <trkpt lat="8.998590" lon="-79.579455">
        <time>2026-07-23T10:41:09Z</time>
      </trkpt>
      <trkpt lat="8.998605" lon="-79.579438">
        <time>2026-07-23T10:41:10Z</time>
      </trkpt>
      <trkpt lat="8.998620" lon="-79.579418">
        <time>2026-07-23T10:41:11Z</time>
      </trkpt>
      <trkpt lat="8.998629" lon="-79.579398">
        <time>2026-07-23T10:41:12Z</time>
      </trkpt>
      <trkpt lat="8.998636" lon="-79.579379">
        <time>2026-07-23T10:41:13Z</time>
      </trkpt>
      <trkpt lat="8.998640" lon="-79.579363">
        <time>2026-07-23T10:41:14Z</time>
      </trkpt>
      <trkpt lat="8.998647" lon="-79.579344">
        <time>2026-07-23T10:41:15Z</time>
      </trkpt>
      <trkpt lat="8.998654" lon="-79.579324">
        <time>2026-07-23T10:41:16Z</time>
      </trkpt>
      <trkpt lat="8.998661" lon="-79.579305">
        <time>2026-07-23T10:41:17Z</time>
      </trkpt>
      <trkpt lat="8.998672" lon="-79.579289">
        <time>2026-07-23T10:41:18Z</time>
      </trkpt>
      <trkpt lat="8.998687" lon="-79.579273">
        <time>2026-07-23T10:41:19Z</time>
      </trkpt>
      <trkpt lat="8.998700" lon="-79.579263">
        <time>2026-07-23T10:41:20Z</time>
      </trkpt>
      <trkpt lat="8.998716" lon="-79.579249">
        <time>2026-07-23T10:41:21Z</time>
      </trkpt>
      <trkpt lat="8.998728" lon="-79.579236">
        <time>2026-07-23T10:41:22Z</time>
      </trkpt>
      <trkpt lat="8.998740" lon="-79.579224">
        <time>2026-07-23T10:41:23Z</time>
      </trkpt>
      <trkpt lat="8.998753" lon="-79.579215">
        <time>2026-07-23T10:41:24Z</time>
      </trkpt>
      <trkpt lat="8.998765" lon="-79.579206">
        <time>2026-07-23T10:41:25Z</time>
      </trkpt>
      <trkpt lat="8.998779" lon="-79.579191">
        <time>2026-07-23T10:41:26Z</time>
      </trkpt>
      <trkpt lat="8.998793" lon="-79.579185">
        <time>2026-07-23T10:41:27Z</time>
      </trkpt>
      <trkpt lat="8.998807" lon="-79.579184">
        <time>2026-07-23T10:41:28Z</time>
      </trkpt>
      <trkpt lat="8.998823" lon="-79.579192">
        <time>2026-07-23T10:41:29Z</time>
      </trkpt>
      <trkpt lat="8.998839" lon="-79.579206">
        <time>2026-07-23T10:41:30Z</time>
      </trkpt>
      <trkpt lat="8.998854" lon="-79.579218">
        <time>2026-07-23T10:41:31Z</time>
      </trkpt>
      <trkpt lat="8.998875" lon="-79.579231">
        <time>2026-07-23T10:41:32Z</time>
      </trkpt>
      <trkpt lat="8.998896" lon="-79.579245">
        <time>2026-07-23T10:41:33Z</time>
      </trkpt>
      <trkpt lat="8.998916" lon="-79.579256">
        <time>2026-07-23T10:41:34Z</time>
      </trkpt>
      <trkpt lat="8.998940" lon="-79.579256">
        <time>2026-07-23T10:41:35Z</time>
      </trkpt>
      <trkpt lat="8.998966" lon="-79.579255">
        <time>2026-07-23T10:41:36Z</time>
      </trkpt>
      <trkpt lat="8.998987" lon="-79.579252">
        <time>2026-07-23T10:41:37Z</time>
      </trkpt>
      <trkpt lat="8.999009" lon="-79.579248">
        <time>2026-07-23T10:41:38Z</time>
      </trkpt>
      <trkpt lat="8.999031" lon="-79.579242">
        <time>2026-07-23T10:41:39Z</time>
      </trkpt>
      <trkpt lat="8.999052" lon="-79.579237">
        <time>2026-07-23T10:41:40Z</time>
      </trkpt>
      <trkpt lat="8.999072" lon="-79.579228">
        <time>2026-07-23T10:41:41Z</time>
      </trkpt>
      <trkpt lat="8.999094" lon="-79.579222">
        <time>2026-07-23T10:41:42Z</time>
      </trkpt>
      <trkpt lat="8.999115" lon="-79.579216">
        <time>2026-07-23T10:41:43Z</time>
      </trkpt>
      <trkpt lat="8.999137" lon="-79.579206">
        <time>2026-07-23T10:41:44Z</time>
      </trkpt>
      <trkpt lat="8.999159" lon="-79.579201">
        <time>2026-07-23T10:41:45Z</time>
      </trkpt>
      <trkpt lat="8.999179" lon="-79.579196">
        <time>2026-07-23T10:41:46Z</time>
      </trkpt>
      <trkpt lat="8.999201" lon="-79.579192">
        <time>2026-07-23T10:41:47Z</time>
      </trkpt>
      <trkpt lat="8.999225" lon="-79.579189">
        <time>2026-07-23T10:41:48Z</time>
      </trkpt>
      <trkpt lat="8.999246" lon="-79.579188">
        <time>2026-07-23T10:41:49Z</time>
      </trkpt>
      <trkpt lat="8.999270" lon="-79.579185">
        <time>2026-07-23T10:41:50Z</time>
      </trkpt>
      <trkpt lat="8.999291" lon="-79.579187">
        <time>2026-07-23T10:41:51Z</time>
      </trkpt>
      <trkpt lat="8.999313" lon="-79.579188">
        <time>2026-07-23T10:41:52Z</time>
      </trkpt>
      <trkpt lat="8.999337" lon="-79.579187">
        <time>2026-07-23T10:41:53Z</time>
      </trkpt>
      <trkpt lat="8.999360" lon="-79.579185">
        <time>2026-07-23T10:41:54Z</time>
      </trkpt>
      <trkpt lat="8.999382" lon="-79.579182">
        <time>2026-07-23T10:41:55Z</time>
      </trkpt>
      <trkpt lat="8.999407" lon="-79.579180">
        <time>2026-07-23T10:41:56Z</time>
      </trkpt>
      <trkpt lat="8.999430" lon="-79.579182">
        <time>2026-07-23T10:41:57Z</time>
      </trkpt>
      <trkpt lat="8.999453" lon="-79.579175">
        <time>2026-07-23T10:41:58Z</time>
      </trkpt>
      <trkpt lat="8.999478" lon="-79.579168">
        <time>2026-07-23T10:41:59Z</time>
      </trkpt>
      <trkpt lat="8.999500" lon="-79.579162">
        <time>2026-07-23T10:42:00Z</time>
      </trkpt>
      <trkpt lat="8.999525" lon="-79.579157">
        <time>2026-07-23T10:42:01Z</time>
      </trkpt>
      <trkpt lat="8.999548" lon="-79.579156">
        <time>2026-07-23T10:42:02Z</time>
      </trkpt>
      <trkpt lat="8.999572" lon="-79.579155">
        <time>2026-07-23T10:42:03Z</time>
      </trkpt>
      <trkpt lat="8.999595" lon="-79.579156">
        <time>2026-07-23T10:42:04Z</time>
      </trkpt>
      <trkpt lat="8.999618" lon="-79.579159">
        <time>2026-07-23T10:42:05Z</time>
      </trkpt>
      <trkpt lat="8.999639" lon="-79.579164">
        <time>2026-07-23T10:42:06Z</time>
      </trkpt>
      <trkpt lat="8.999662" lon="-79.579173">
        <time>2026-07-23T10:42:07Z</time>
      </trkpt>
      <trkpt lat="8.999684" lon="-79.579183">
        <time>2026-07-23T10:42:08Z</time>
      </trkpt>
      <trkpt lat="8.999705" lon="-79.579195">
        <time>2026-07-23T10:42:09Z</time>
      </trkpt>
      <trkpt lat="8.999725" lon="-79.579206">
        <time>2026-07-23T10:42:10Z</time>
      </trkpt>
      <trkpt lat="8.999746" lon="-79.579219">
        <time>2026-07-23T10:42:11Z</time>
      </trkpt>
      <trkpt lat="8.999765" lon="-79.579230">
        <time>2026-07-23T10:42:12Z</time>
      </trkpt>
      <trkpt lat="8.999788" lon="-79.579243">
        <time>2026-07-23T10:42:13Z</time>
      </trkpt>
      <trkpt lat="8.999810" lon="-79.579254">
        <time>2026-07-23T10:42:14Z</time>
      </trkpt>
      <trkpt lat="8.999832" lon="-79.579263">
        <time>2026-07-23T10:42:15Z</time>
      </trkpt>
      <trkpt lat="8.999857" lon="-79.579267">
        <time>2026-07-23T10:42:16Z</time>
      </trkpt>
      <trkpt lat="8.999880" lon="-79.579272">
        <time>2026-07-23T10:42:17Z</time>
      </trkpt>
      <trkpt lat="8.999905" lon="-79.579275">
        <time>2026-07-23T10:42:18Z</time>
      </trkpt>
      <trkpt lat="8.999928" lon="-79.579272">
        <time>2026-07-23T10:42:19Z</time>
      </trkpt>
      <trkpt lat="8.999951" lon="-79.579271">
        <time>2026-07-23T10:42:20Z</time>
      </trkpt>
      <trkpt lat="8.999977" lon="-79.579270">
        <time>2026-07-23T10:42:21Z</time>
      </trkpt>
      <trkpt lat="9.000000" lon="-79.579268">
        <time>2026-07-23T10:42:22Z</time>
      </trkpt>
      <trkpt lat="9.000022" lon="-79.579266">
        <time>2026-07-23T10:42:23Z</time>
      </trkpt>
      <trkpt lat="9.000045" lon="-79.579261">
        <time>2026-07-23T10:42:24Z</time>
      </trkpt>
      <trkpt lat="9.000070" lon="-79.579260">
        <time>2026-07-23T10:42:25Z</time>
      </trkpt>
      <trkpt lat="9.000095" lon="-79.579258">
        <time>2026-07-23T10:42:26Z</time>
      </trkpt>
      <trkpt lat="9.000120" lon="-79.579252">
        <time>2026-07-23T10:42:27Z</time>
      </trkpt>
      <trkpt lat="9.000147" lon="-79.579248">
        <time>2026-07-23T10:42:28Z</time>
      </trkpt>
      <trkpt lat="9.000171" lon="-79.579247">
        <time>2026-07-23T10:42:29Z</time>
      </trkpt>
      <trkpt lat="9.000195" lon="-79.579249">
        <time>2026-07-23T10:42:30Z</time>
      </trkpt>
      <trkpt lat="9.000215" lon="-79.579252">
        <time>2026-07-23T10:42:31Z</time>
      </trkpt>
      <trkpt lat="9.000230" lon="-79.579263">
        <time>2026-07-23T10:42:32Z</time>
      </trkpt>
      <trkpt lat="9.000241" lon="-79.579282">
        <time>2026-07-23T10:42:33Z</time>
      </trkpt>
      <trkpt lat="9.000247" lon="-79.579306">
        <time>2026-07-23T10:42:34Z</time>
      </trkpt>
      <trkpt lat="9.000247" lon="-79.579332">
        <time>2026-07-23T10:42:35Z</time>
      </trkpt>
      <trkpt lat="9.000252" lon="-79.579360">
        <time>2026-07-23T10:42:36Z</time>
      </trkpt>
      <trkpt lat="9.000252" lon="-79.579383">
        <time>2026-07-23T10:42:37Z</time>
      </trkpt>
      <trkpt lat="9.000255" lon="-79.579409">
        <time>2026-07-23T10:42:38Z</time>
      </trkpt>
      <trkpt lat="9.000258" lon="-79.579435">
        <time>2026-07-23T10:42:39Z</time>
      </trkpt>
      <trkpt lat="9.000258" lon="-79.579458">
        <time>2026-07-23T10:42:40Z</time>
      </trkpt>
      <trkpt lat="9.000260" lon="-79.579482">
        <time>2026-07-23T10:42:41Z</time>
      </trkpt>
      <trkpt lat="9.000261" lon="-79.579506">
        <time>2026-07-23T10:42:42Z</time>
      </trkpt>
      <trkpt lat="9.000260" lon="-79.579529">
        <time>2026-07-23T10:42:43Z</time>
      </trkpt>
      <trkpt lat="9.000260" lon="-79.579551">
        <time>2026-07-23T10:42:44Z</time>
      </trkpt>
      <trkpt lat="9.000262" lon="-79.579574">
        <time>2026-07-23T10:42:45Z</time>
      </trkpt>
      <trkpt lat="9.000263" lon="-79.579596">
        <time>2026-07-23T10:42:46Z</time>
      </trkpt>
      <trkpt lat="9.000264" lon="-79.579619">
        <time>2026-07-23T10:42:47Z</time>
      </trkpt>
      <trkpt lat="9.000266" lon="-79.579645">
        <time>2026-07-23T10:42:48Z</time>
      </trkpt>
      <trkpt lat="9.000265" lon="-79.579667">
        <time>2026-07-23T10:42:49Z</time>
      </trkpt>
      <trkpt lat="9.000266" lon="-79.579689">
        <time>2026-07-23T10:42:50Z</time>
      </trkpt>
      <trkpt lat="9.000267" lon="-79.579713">
        <time>2026-07-23T10:42:51Z</time>
      </trkpt>
      <trkpt lat="9.000268" lon="-79.579739">
        <time>2026-07-23T10:42:52Z</time>
      </trkpt>
      <trkpt lat="9.000269" lon="-79.579765">
        <time>2026-07-23T10:42:53Z</time>
      </trkpt>
      <trkpt lat="9.000269" lon="-79.579794">
        <time>2026-07-23T10:42:54Z</time>
      </trkpt>
      <trkpt lat="9.000269" lon="-79.579824">
        <time>2026-07-23T10:42:55Z</time>
      </trkpt>
      <trkpt lat="9.000268" lon="-79.579854">
        <time>2026-07-23T10:42:56Z</time>
      </trkpt>
      <trkpt lat="9.000266" lon="-79.579885">
        <time>2026-07-23T10:42:57Z</time>
      </trkpt>
      <trkpt lat="9.000267" lon="-79.579915">
        <time>2026-07-23T10:42:58Z</time>
      </trkpt>
      <trkpt lat="9.000267" lon="-79.579944">
        <time>2026-07-23T10:42:59Z</time>
      </trkpt>
      <trkpt lat="9.000269" lon="-79.579975">
        <time>2026-07-23T10:43:00Z</time>
      </trkpt>
      <trkpt lat="9.000272" lon="-79.580004">
        <time>2026-07-23T10:43:01Z</time>
      </trkpt>
      <trkpt lat="9.000273" lon="-79.580032">
        <time>2026-07-23T10:43:02Z</time>
      </trkpt>
      <trkpt lat="9.000278" lon="-79.580063">
        <time>2026-07-23T10:43:03Z</time>
      </trkpt>
      <trkpt lat="9.000282" lon="-79.580091">
        <time>2026-07-23T10:43:04Z</time>
      </trkpt>
      <trkpt lat="9.000289" lon="-79.580120">
        <time>2026-07-23T10:43:05Z</time>
      </trkpt>
      <trkpt lat="9.000303" lon="-79.580146">
        <time>2026-07-23T10:43:06Z</time>
      </trkpt>
      <trkpt lat="9.000320" lon="-79.580170">
        <time>2026-07-23T10:43:07Z</time>
      </trkpt>
      <trkpt lat="9.000346" lon="-79.580187">
        <time>2026-07-23T10:43:08Z</time>
      </trkpt>
      <trkpt lat="9.000376" lon="-79.580199">
        <time>2026-07-23T10:43:09Z</time>
      </trkpt>
      <trkpt lat="9.000410" lon="-79.580201">
        <time>2026-07-23T10:43:10Z</time>
      </trkpt>
      <trkpt lat="9.000446" lon="-79.580197">
        <time>2026-07-23T10:43:11Z</time>
      </trkpt>
      <trkpt lat="9.000479" lon="-79.580193">
        <time>2026-07-23T10:43:12Z</time>
      </trkpt>
      <trkpt lat="9.000511" lon="-79.580184">
        <time>2026-07-23T10:43:13Z</time>
      </trkpt>
      <trkpt lat="9.000541" lon="-79.580178">
        <time>2026-07-23T10:43:14Z</time>
      </trkpt>
      <trkpt lat="9.000572" lon="-79.580168">
        <time>2026-07-23T10:43:15Z</time>
      </trkpt>
      <trkpt lat="9.000603" lon="-79.580157">
        <time>2026-07-23T10:43:16Z</time>
      </trkpt>
      <trkpt lat="9.000634" lon="-79.580149">
        <time>2026-07-23T10:43:17Z</time>
      </trkpt>
      <trkpt lat="9.000665" lon="-79.580138">
        <time>2026-07-23T10:43:18Z</time>
      </trkpt>
      <trkpt lat="9.000695" lon="-79.580128">
        <time>2026-07-23T10:43:19Z</time>
      </trkpt>
      <trkpt lat="9.000725" lon="-79.580119">
        <time>2026-07-23T10:43:20Z</time>
      </trkpt>
      <trkpt lat="9.000751" lon="-79.580111">
        <time>2026-07-23T10:43:21Z</time>
      </trkpt>
      <trkpt lat="9.000778" lon="-79.580101">
        <time>2026-07-23T10:43:22Z</time>
      </trkpt>
      <trkpt lat="9.000805" lon="-79.580091">
        <time>2026-07-23T10:43:23Z</time>
      </trkpt>
      <trkpt lat="9.000834" lon="-79.580084">
        <time>2026-07-23T10:43:24Z</time>
      </trkpt>
      <trkpt lat="9.000862" lon="-79.580073">
        <time>2026-07-23T10:43:25Z</time>
      </trkpt>
      <trkpt lat="9.000890" lon="-79.580063">
        <time>2026-07-23T10:43:26Z</time>
      </trkpt>
      <trkpt lat="9.000920" lon="-79.580051">
        <time>2026-07-23T10:43:27Z</time>
      </trkpt>
      <trkpt lat="9.000949" lon="-79.580037">
        <time>2026-07-23T10:43:28Z</time>
      </trkpt>
      <trkpt lat="9.000974" lon="-79.580019">
        <time>2026-07-23T10:43:29Z</time>
      </trkpt>
      <trkpt lat="9.000998" lon="-79.579997">
        <time>2026-07-23T10:43:30Z</time>
      </trkpt>
      <trkpt lat="9.001017" lon="-79.579972">
        <time>2026-07-23T10:43:31Z</time>
      </trkpt>
      <trkpt lat="9.001038" lon="-79.579948">
        <time>2026-07-23T10:43:32Z</time>
      </trkpt>
      <trkpt lat="9.001054" lon="-79.579920">
        <time>2026-07-23T10:43:33Z</time>
      </trkpt>
      <trkpt lat="9.001066" lon="-79.579889">
        <time>2026-07-23T10:43:34Z</time>
      </trkpt>
      <trkpt lat="9.001072" lon="-79.579860">
        <time>2026-07-23T10:43:35Z</time>
      </trkpt>
      <trkpt lat="9.001076" lon="-79.579830">
        <time>2026-07-23T10:43:36Z</time>
      </trkpt>
      <trkpt lat="9.001078" lon="-79.579799">
        <time>2026-07-23T10:43:37Z</time>
      </trkpt>
      <trkpt lat="9.001076" lon="-79.579770">
        <time>2026-07-23T10:43:38Z</time>
      </trkpt>
      <trkpt lat="9.001072" lon="-79.579739">
        <time>2026-07-23T10:43:39Z</time>
      </trkpt>
      <trkpt lat="9.001066" lon="-79.579707">
        <time>2026-07-23T10:43:40Z</time>
      </trkpt>
      <trkpt lat="9.001060" lon="-79.579679">
        <time>2026-07-23T10:43:41Z</time>
      </trkpt>
      <trkpt lat="9.001053" lon="-79.579647">
        <time>2026-07-23T10:43:42Z</time>
      </trkpt>
      <trkpt lat="9.001046" lon="-79.579618">
        <time>2026-07-23T10:43:43Z</time>
      </trkpt>
      <trkpt lat="9.001038" lon="-79.579588">
        <time>2026-07-23T10:43:44Z</time>
      </trkpt>
      <trkpt lat="9.001032" lon="-79.579558">
        <time>2026-07-23T10:43:45Z</time>
      </trkpt>
      <trkpt lat="9.001026" lon="-79.579528">
        <time>2026-07-23T10:43:46Z</time>
      </trkpt>
      <trkpt lat="9.001019" lon="-79.579500">
        <time>2026-07-23T10:43:47Z</time>
      </trkpt>
      <trkpt lat="9.001013" lon="-79.579478">
        <time>2026-07-23T10:43:48Z</time>
      </trkpt>
      <trkpt lat="9.001010" lon="-79.579460">
        <time>2026-07-23T10:43:49Z</time>
      </trkpt>
      <trkpt lat="9.001006" lon="-79.579444">
        <time>2026-07-23T10:43:50Z</time>
      </trkpt>
      <trkpt lat="9.001005" lon="-79.579430">
        <time>2026-07-23T10:43:51Z</time>
      </trkpt>
      <trkpt lat="9.001002" lon="-79.579415">
        <time>2026-07-23T10:43:52Z</time>
      </trkpt>
      <trkpt lat="9.001003" lon="-79.579402">
        <time>2026-07-23T10:43:53Z</time>
      </trkpt>
      <trkpt lat="9.001003" lon="-79.579389">
        <time>2026-07-23T10:43:54Z</time>
      </trkpt>
      <trkpt lat="9.001004" lon="-79.579379">
        <time>2026-07-23T10:43:55Z</time>
      </trkpt>
      <trkpt lat="9.001006" lon="-79.579368">
        <time>2026-07-23T10:43:56Z</time>
      </trkpt>
      <trkpt lat="9.001006" lon="-79.579355">
        <time>2026-07-23T10:43:57Z</time>
      </trkpt>
      <trkpt lat="9.001006" lon="-79.579342">
        <time>2026-07-23T10:43:58Z</time>
      </trkpt>
      <trkpt lat="9.001008" lon="-79.579328">
        <time>2026-07-23T10:43:59Z</time>
      </trkpt>
      <trkpt lat="9.001009" lon="-79.579315">
        <time>2026-07-23T10:44:00Z</time>
      </trkpt>
      <trkpt lat="9.001011" lon="-79.579300">
        <time>2026-07-23T10:44:01Z</time>
      </trkpt>
      <trkpt lat="9.001013" lon="-79.579288">
        <time>2026-07-23T10:44:02Z</time>
      </trkpt>
      <trkpt lat="9.001014" lon="-79.579277">
        <time>2026-07-23T10:44:03Z</time>
      </trkpt>
      <trkpt lat="9.001019" lon="-79.579267">
        <time>2026-07-23T10:44:04Z</time>
      </trkpt>
      <trkpt lat="9.001025" lon="-79.579255">
        <time>2026-07-23T10:44:05Z</time>
      </trkpt>
      <trkpt lat="9.001034" lon="-79.579244">
        <time>2026-07-23T10:44:06Z</time>
      </trkpt>
      <trkpt lat="9.001044" lon="-79.579234">
        <time>2026-07-23T10:44:07Z</time>
      </trkpt>
      <trkpt lat="9.001054" lon="-79.579224">
        <time>2026-07-23T10:44:08Z</time>
      </trkpt>
      <trkpt lat="9.001065" lon="-79.579214">
        <time>2026-07-23T10:44:09Z</time>
      </trkpt>
      <trkpt lat="9.001075" lon="-79.579203">
        <time>2026-07-23T10:44:10Z</time>
      </trkpt>
      <trkpt lat="9.001086" lon="-79.579191">
        <time>2026-07-23T10:44:11Z</time>
      </trkpt>
      <trkpt lat="9.001095" lon="-79.579180">
        <time>2026-07-23T10:44:12Z</time>
      </trkpt>
      <trkpt lat="9.001106" lon="-79.579169">
        <time>2026-07-23T10:44:13Z</time>
      </trkpt>
      <trkpt lat="9.001116" lon="-79.579162">
        <time>2026-07-23T10:44:14Z</time>
      </trkpt>
      <trkpt lat="9.001128" lon="-79.579154">
        <time>2026-07-23T10:44:15Z</time>
      </trkpt>
      <trkpt lat="9.001140" lon="-79.579146">
        <time>2026-07-23T10:44:16Z</time>
      </trkpt>
      <trkpt lat="9.001152" lon="-79.579137">
        <time>2026-07-23T10:44:17Z</time>
      </trkpt>
      <trkpt lat="9.001165" lon="-79.579127">
        <time>2026-07-23T10:44:18Z</time>
      </trkpt>
      <trkpt lat="9.001180" lon="-79.579117">
        <time>2026-07-23T10:44:19Z</time>
      </trkpt>
      <trkpt lat="9.001195" lon="-79.579109">
        <time>2026-07-23T10:44:20Z</time>
      </trkpt>
      <trkpt lat="9.001211" lon="-79.579100">
        <time>2026-07-23T10:44:21Z</time>
      </trkpt>
      <trkpt lat="9.001229" lon="-79.579090">
        <time>2026-07-23T10:44:22Z</time>
      </trkpt>
      <trkpt lat="9.001246" lon="-79.579082">
        <time>2026-07-23T10:44:23Z</time>
      </trkpt>
      <trkpt lat="9.001264" lon="-79.579073">
        <time>2026-07-23T10:44:24Z</time>
      </trkpt>
      <trkpt lat="9.001280" lon="-79.579063">
        <time>2026-07-23T10:44:25Z</time>
      </trkpt>
      <trkpt lat="9.001300" lon="-79.579053">
        <time>2026-07-23T10:44:26Z</time>
      </trkpt>
      <trkpt lat="9.001320" lon="-79.579044">
        <time>2026-07-23T10:44:27Z</time>
      </trkpt>
      <trkpt lat="9.001342" lon="-79.579037">
        <time>2026-07-23T10:44:28Z</time>
      </trkpt>
      <trkpt lat="9.001365" lon="-79.579036">
        <time>2026-07-23T10:44:29Z</time>
      </trkpt>
      <trkpt lat="9.001387" lon="-79.579036">
        <time>2026-07-23T10:44:30Z</time>
      </trkpt>
      <trkpt lat="9.001408" lon="-79.579037">
        <time>2026-07-23T10:44:31Z</time>
      </trkpt>
      <trkpt lat="9.001430" lon="-79.579037">
        <time>2026-07-23T10:44:32Z</time>
      </trkpt>
      <trkpt lat="9.001450" lon="-79.579045">
        <time>2026-07-23T10:44:33Z</time>
      </trkpt>
      <trkpt lat="9.001469" lon="-79.579050">
        <time>2026-07-23T10:44:34Z</time>
      </trkpt>
      <trkpt lat="9.001489" lon="-79.579055">
        <time>2026-07-23T10:44:35Z</time>
      </trkpt>
      <trkpt lat="9.001508" lon="-79.579060">
        <time>2026-07-23T10:44:36Z</time>
      </trkpt>
      <trkpt lat="9.001524" lon="-79.579067">
        <time>2026-07-23T10:44:37Z</time>
      </trkpt>
      <trkpt lat="9.001543" lon="-79.579076">
        <time>2026-07-23T10:44:38Z</time>
      </trkpt>
      <trkpt lat="9.001559" lon="-79.579089">
        <time>2026-07-23T10:44:39Z</time>
      </trkpt>
      <trkpt lat="9.001572" lon="-79.579102">
        <time>2026-07-23T10:44:40Z</time>
      </trkpt>
      <trkpt lat="9.001587" lon="-79.579115">
        <time>2026-07-23T10:44:41Z</time>
      </trkpt>
      <trkpt lat="9.001604" lon="-79.579132">
        <time>2026-07-23T10:44:42Z</time>
      </trkpt>
      <trkpt lat="9.001614" lon="-79.579148">
        <time>2026-07-23T10:44:43Z</time>
      </trkpt>
      <trkpt lat="9.001627" lon="-79.579164">
        <time>2026-07-23T10:44:44Z</time>
      </trkpt>
      <trkpt lat="9.001639" lon="-79.579182">
        <time>2026-07-23T10:44:45Z</time>
      </trkpt>
      <trkpt lat="9.001651" lon="-79.579200">
        <time>2026-07-23T10:44:46Z</time>
      </trkpt>
      <trkpt lat="9.001660" lon="-79.579219">
        <time>2026-07-23T10:44:47Z</time>
      </trkpt>
      <trkpt lat="9.001664" lon="-79.579240">
        <time>2026-07-23T10:44:48Z</time>
      </trkpt>
      <trkpt lat="9.001662" lon="-79.579263">
        <time>2026-07-23T10:44:49Z</time>
      </trkpt>
      <trkpt lat="9.001656" lon="-79.579287">
        <time>2026-07-23T10:44:50Z</time>
      </trkpt>
      <trkpt lat="9.001649" lon="-79.579310">
        <time>2026-07-23T10:44:51Z</time>
      </trkpt>
      <trkpt lat="9.001640" lon="-79.579333">
        <time>2026-07-23T10:44:52Z</time>
      </trkpt>
      <trkpt lat="9.001634" lon="-79.579353">
        <time>2026-07-23T10:44:53Z</time>
      </trkpt>
      <trkpt lat="9.001627" lon="-79.579375">
        <time>2026-07-23T10:44:54Z</time>
      </trkpt>
      <trkpt lat="9.001620" lon="-79.579401">
        <time>2026-07-23T10:44:55Z</time>
      </trkpt>
      <trkpt lat="9.001613" lon="-79.579424">
        <time>2026-07-23T10:44:56Z</time>
      </trkpt>
      <trkpt lat="9.001607" lon="-79.579450">
        <time>2026-07-23T10:44:57Z</time>
      </trkpt>
      <trkpt lat="9.001603" lon="-79.579476">
        <time>2026-07-23T10:44:58Z</time>
      </trkpt>
      <trkpt lat="9.001600" lon="-79.579497">
        <time>2026-07-23T10:44:59Z</time>
      </trkpt>
      <trkpt lat="9.001597" lon="-79.579524">
        <time>2026-07-23T10:45:00Z</time>
      </trkpt>
      <trkpt lat="9.001596" lon="-79.579552">
        <time>2026-07-23T10:45:01Z</time>
      </trkpt>
      <trkpt lat="9.001598" lon="-79.579576">
        <time>2026-07-23T10:45:02Z</time>
      </trkpt>
      <trkpt lat="9.001603" lon="-79.579602">
        <time>2026-07-23T10:45:03Z</time>
      </trkpt>
      <trkpt lat="9.001610" lon="-79.579626">
        <time>2026-07-23T10:45:04Z</time>
      </trkpt>
      <trkpt lat="9.001617" lon="-79.579648">
        <time>2026-07-23T10:45:05Z</time>
      </trkpt>
      <trkpt lat="9.001629" lon="-79.579669">
        <time>2026-07-23T10:45:06Z</time>
      </trkpt>
      <trkpt lat="9.001639" lon="-79.579692">
        <time>2026-07-23T10:45:07Z</time>
      </trkpt>
      <trkpt lat="9.001646" lon="-79.579716">
        <time>2026-07-23T10:45:08Z</time>
      </trkpt>
      <trkpt lat="9.001661" lon="-79.579737">
        <time>2026-07-23T10:45:09Z</time>
      </trkpt>
      <trkpt lat="9.001674" lon="-79.579757">
        <time>2026-07-23T10:45:10Z</time>
      </trkpt>
      <trkpt lat="9.001687" lon="-79.579780">
        <time>2026-07-23T10:45:11Z</time>
      </trkpt>
      <trkpt lat="9.001700" lon="-79.579803">
        <time>2026-07-23T10:45:12Z</time>
      </trkpt>
      <trkpt lat="9.001717" lon="-79.579820">
        <time>2026-07-23T10:45:13Z</time>
      </trkpt>
      <trkpt lat="9.001738" lon="-79.579835">
        <time>2026-07-23T10:45:14Z</time>
      </trkpt>
      <trkpt lat="9.001762" lon="-79.579848">
        <time>2026-07-23T10:45:15Z</time>
      </trkpt>
      <trkpt lat="9.001786" lon="-79.579855">
        <time>2026-07-23T10:45:16Z</time>
      </trkpt>
      <trkpt lat="9.001812" lon="-79.579854">
        <time>2026-07-23T10:45:17Z</time>
      </trkpt>
      <trkpt lat="9.001842" lon="-79.579846">
        <time>2026-07-23T10:45:18Z</time>
      </trkpt>
      <trkpt lat="9.001869" lon="-79.579841">
        <time>2026-07-23T10:45:19Z</time>
      </trkpt>
      <trkpt lat="9.001895" lon="-79.579834">
        <time>2026-07-23T10:45:20Z</time>
      </trkpt>
      <trkpt lat="9.001919" lon="-79.579828">
        <time>2026-07-23T10:45:21Z</time>
      </trkpt>
      <trkpt lat="9.001942" lon="-79.579821">
        <time>2026-07-23T10:45:22Z</time>
      </trkpt>
      <trkpt lat="9.001967" lon="-79.579811">
        <time>2026-07-23T10:45:23Z</time>
      </trkpt>
      <trkpt lat="9.001991" lon="-79.579803">
        <time>2026-07-23T10:45:24Z</time>
      </trkpt>
      <trkpt lat="9.002014" lon="-79.579798">
        <time>2026-07-23T10:45:25Z</time>
      </trkpt>
      <trkpt lat="9.002036" lon="-79.579788">
        <time>2026-07-23T10:45:26Z</time>
      </trkpt>
      <trkpt lat="9.002059" lon="-79.579780">
        <time>2026-07-23T10:45:27Z</time>
      </trkpt>
      <trkpt lat="9.002080" lon="-79.579774">
        <time>2026-07-23T10:45:28Z</time>
      </trkpt>
      <trkpt lat="9.002103" lon="-79.579768">
        <time>2026-07-23T10:45:29Z</time>
      </trkpt>
      <trkpt lat="9.002127" lon="-79.579764">
        <time>2026-07-23T10:45:30Z</time>
      </trkpt>
      <trkpt lat="9.002151" lon="-79.579761">
        <time>2026-07-23T10:45:31Z</time>
      </trkpt>
      <trkpt lat="9.002176" lon="-79.579757">
        <time>2026-07-23T10:45:32Z</time>
      </trkpt>
      <trkpt lat="9.002199" lon="-79.579763">
        <time>2026-07-23T10:45:33Z</time>
      </trkpt>
      <trkpt lat="9.002220" lon="-79.579767">
        <time>2026-07-23T10:45:34Z</time>
      </trkpt>
      <trkpt lat="9.002244" lon="-79.579772">
        <time>2026-07-23T10:45:35Z</time>
      </trkpt>
      <trkpt lat="9.002267" lon="-79.579780">
        <time>2026-07-23T10:45:36Z</time>
      </trkpt>
      <trkpt lat="9.002288" lon="-79.579792">
        <time>2026-07-23T10:45:37Z</time>
      </trkpt>
      <trkpt lat="9.002308" lon="-79.579800">
        <time>2026-07-23T10:45:38Z</time>
      </trkpt>
      <trkpt lat="9.002327" lon="-79.579808">
        <time>2026-07-23T10:45:39Z</time>
      </trkpt>
      <trkpt lat="9.002350" lon="-79.579815">
        <time>2026-07-23T10:45:40Z</time>
      </trkpt>
      <trkpt lat="9.002375" lon="-79.579821">
        <time>2026-07-23T10:45:41Z</time>
      </trkpt>
      <trkpt lat="9.002402" lon="-79.579829">
        <time>2026-07-23T10:45:42Z</time>
      </trkpt>
      <trkpt lat="9.002432" lon="-79.579831">
        <time>2026-07-23T10:45:43Z</time>
      </trkpt>
      <trkpt lat="9.002463" lon="-79.579832">
        <time>2026-07-23T10:45:44Z</time>
      </trkpt>
      <trkpt lat="9.002491" lon="-79.579830">
        <time>2026-07-23T10:45:45Z</time>
      </trkpt>
      <trkpt lat="9.002524" lon="-79.579827">
        <time>2026-07-23T10:45:46Z</time>
      </trkpt>
      <trkpt lat="9.002556" lon="-79.579819">
        <time>2026-07-23T10:45:47Z</time>
      </trkpt>
      <trkpt lat="9.002589" lon="-79.579813">
        <time>2026-07-23T10:45:48Z</time>
      </trkpt>
      <trkpt lat="9.002623" lon="-79.579804">
        <time>2026-07-23T10:45:49Z</time>
      </trkpt>
      <trkpt lat="9.002657" lon="-79.579788">
        <time>2026-07-23T10:45:50Z</time>
      </trkpt>
      <trkpt lat="9.002685" lon="-79.579766">
        <time>2026-07-23T10:45:51Z</time>
      </trkpt>
      <trkpt lat="9.002709" lon="-79.579738">
        <time>2026-07-23T10:45:52Z</time>
      </trkpt>
      <trkpt lat="9.002732" lon="-79.579711">
        <time>2026-07-23T10:45:53Z</time>
      </trkpt>
      <trkpt lat="9.002754" lon="-79.579685">
        <time>2026-07-23T10:45:54Z</time>
      </trkpt>
      <trkpt lat="9.002770" lon="-79.579664">
        <time>2026-07-23T10:45:55Z</time>
      </trkpt>
      <trkpt lat="9.002787" lon="-79.579643">
        <time>2026-07-23T10:45:56Z</time>
      </trkpt>
      <trkpt lat="9.002804" lon="-79.579621">
        <time>2026-07-23T10:45:57Z</time>
      </trkpt>
      <trkpt lat="9.002817" lon="-79.579596">
        <time>2026-07-23T10:45:58Z</time>
      </trkpt>
      <trkpt lat="9.002830" lon="-79.579572">
        <time>2026-07-23T10:45:59Z</time>
      </trkpt>
      <trkpt lat="9.002839" lon="-79.579550">
        <time>2026-07-23T10:46:00Z</time>
      </trkpt>
      <trkpt lat="9.002846" lon="-79.579532">
        <time>2026-07-23T10:46:01Z</time>
      </trkpt>
      <trkpt lat="9.002855" lon="-79.579516">
        <time>2026-07-23T10:46:02Z</time>
      </trkpt>
      <trkpt lat="9.002862" lon="-79.579504">
        <time>2026-07-23T10:46:03Z</time>
      </trkpt>
      <trkpt lat="9.002869" lon="-79.579491">
        <time>2026-07-23T10:46:04Z</time>
      </trkpt>
      <trkpt lat="9.002878" lon="-79.579474">
        <time>2026-07-23T10:46:05Z</time>
      </trkpt>
      <trkpt lat="9.002888" lon="-79.579457">
        <time>2026-07-23T10:46:06Z</time>
      </trkpt>
      <trkpt lat="9.002896" lon="-79.579440">
        <time>2026-07-23T10:46:07Z</time>
      </trkpt>
      <trkpt lat="9.002901" lon="-79.579420">
        <time>2026-07-23T10:46:08Z</time>
      </trkpt>
      <trkpt lat="9.002905" lon="-79.579402">
        <time>2026-07-23T10:46:09Z</time>
      </trkpt>
      <trkpt lat="9.002910" lon="-79.579385">
        <time>2026-07-23T10:46:10Z</time>
      </trkpt>
      <trkpt lat="9.002915" lon="-79.579367">
        <time>2026-07-23T10:46:11Z</time>
      </trkpt>
      <trkpt lat="9.002917" lon="-79.579349">
        <time>2026-07-23T10:46:12Z</time>
      </trkpt>
      <trkpt lat="9.002918" lon="-79.579333">
        <time>2026-07-23T10:46:13Z</time>
      </trkpt>
      <trkpt lat="9.002923" lon="-79.579315">
        <time>2026-07-23T10:46:14Z</time>
      </trkpt>
      <trkpt lat="9.002926" lon="-79.579297">
        <time>2026-07-23T10:46:15Z</time>
      </trkpt>
      <trkpt lat="9.002929" lon="-79.579278">
        <time>2026-07-23T10:46:16Z</time>
      </trkpt>
      <trkpt lat="9.002931" lon="-79.579260">
        <time>2026-07-23T10:46:17Z</time>
      </trkpt>
      <trkpt lat="9.002934" lon="-79.579242">
        <time>2026-07-23T10:46:18Z</time>
      </trkpt>
      <trkpt lat="9.002936" lon="-79.579226">
        <time>2026-07-23T10:46:19Z</time>
      </trkpt>
      <trkpt lat="9.002936" lon="-79.579211">
        <time>2026-07-23T10:46:20Z</time>
      </trkpt>
      <trkpt lat="9.002939" lon="-79.579196">
        <time>2026-07-23T10:46:21Z</time>
      </trkpt>
      <trkpt lat="9.002943" lon="-79.579181">
        <time>2026-07-23T10:46:22Z</time>
      </trkpt>
      <trkpt lat="9.002948" lon="-79.579159">
        <time>2026-07-23T10:46:23Z</time>
      </trkpt>
      <trkpt lat="9.002951" lon="-79.579139">
        <time>2026-07-23T10:46:24Z</time>
      </trkpt>
      <trkpt lat="9.002953" lon="-79.579118">
        <time>2026-07-23T10:46:25Z</time>
      </trkpt>
      <trkpt lat="9.002957" lon="-79.579098">
        <time>2026-07-23T10:46:26Z</time>
      </trkpt>
      <trkpt lat="9.002960" lon="-79.579076">
        <time>2026-07-23T10:46:27Z</time>
      </trkpt>
      <trkpt lat="9.002962" lon="-79.579055">
        <time>2026-07-23T10:46:28Z</time>
      </trkpt>
      <trkpt lat="9.002965" lon="-79.579032">
        <time>2026-07-23T10:46:29Z</time>
      </trkpt>
      <trkpt lat="9.002970" lon="-79.579006">
        <time>2026-07-23T10:46:30Z</time>
      </trkpt>
      <trkpt lat="9.002974" lon="-79.578983">
        <time>2026-07-23T10:46:31Z</time>
      </trkpt>
      <trkpt lat="9.002976" lon="-79.578960">
        <time>2026-07-23T10:46:32Z</time>
      </trkpt>
      <trkpt lat="9.002978" lon="-79.578938">
        <time>2026-07-23T10:46:33Z</time>
      </trkpt>
      <trkpt lat="9.002980" lon="-79.578915">
        <time>2026-07-23T10:46:34Z</time>
      </trkpt>
      <trkpt lat="9.002979" lon="-79.578891">
        <time>2026-07-23T10:46:35Z</time>
      </trkpt>
      <trkpt lat="9.002976" lon="-79.578869">
        <time>2026-07-23T10:46:36Z</time>
      </trkpt>
      <trkpt lat="9.002975" lon="-79.578846">
        <time>2026-07-23T10:46:37Z</time>
      </trkpt>
      <trkpt lat="9.002973" lon="-79.578824">
        <time>2026-07-23T10:46:38Z</time>
      </trkpt>
      <trkpt lat="9.002970" lon="-79.578803">
        <time>2026-07-23T10:46:39Z</time>
      </trkpt>
      <trkpt lat="9.002971" lon="-79.578781">
        <time>2026-07-23T10:46:40Z</time>
      </trkpt>
      <trkpt lat="9.002970" lon="-79.578758">
        <time>2026-07-23T10:46:41Z</time>
      </trkpt>
      <trkpt lat="9.002967" lon="-79.578735">
        <time>2026-07-23T10:46:42Z</time>
      </trkpt>
      <trkpt lat="9.002964" lon="-79.578716">
        <time>2026-07-23T10:46:43Z</time>
      </trkpt>
      <trkpt lat="9.002963" lon="-79.578694">
        <time>2026-07-23T10:46:44Z</time>
      </trkpt>
      <trkpt lat="9.002962" lon="-79.578671">
        <time>2026-07-23T10:46:45Z</time>
      </trkpt>
      <trkpt lat="9.002961" lon="-79.578651">
        <time>2026-07-23T10:46:46Z</time>
      </trkpt>
      <trkpt lat="9.002957" lon="-79.578628">
        <time>2026-07-23T10:46:47Z</time>
      </trkpt>
      <trkpt lat="9.002953" lon="-79.578605">
        <time>2026-07-23T10:46:48Z</time>
      </trkpt>
      <trkpt lat="9.002951" lon="-79.578585">
        <time>2026-07-23T10:46:49Z</time>
      </trkpt>
      <trkpt lat="9.002947" lon="-79.578565">
        <time>2026-07-23T10:46:50Z</time>
      </trkpt>
      <trkpt lat="9.002942" lon="-79.578545">
        <time>2026-07-23T10:46:51Z</time>
      </trkpt>
      <trkpt lat="9.002938" lon="-79.578526">
        <time>2026-07-23T10:46:52Z</time>
      </trkpt>
      <trkpt lat="9.002937" lon="-79.578506">
        <time>2026-07-23T10:46:53Z</time>
      </trkpt>
      <trkpt lat="9.002934" lon="-79.578484">
        <time>2026-07-23T10:46:54Z</time>
      </trkpt>
      <trkpt lat="9.002931" lon="-79.578464">
        <time>2026-07-23T10:46:55Z</time>
      </trkpt>
      <trkpt lat="9.002929" lon="-79.578443">
        <time>2026-07-23T10:46:56Z</time>
      </trkpt>
      <trkpt lat="9.002925" lon="-79.578422">
        <time>2026-07-23T10:46:57Z</time>
      </trkpt>
      <trkpt lat="9.002922" lon="-79.578400">
        <time>2026-07-23T10:46:58Z</time>
      </trkpt>
      <trkpt lat="9.002915" lon="-79.578377">
        <time>2026-07-23T10:46:59Z</time>
      </trkpt>
      <trkpt lat="9.002906" lon="-79.578353">
        <time>2026-07-23T10:47:00Z</time>
      </trkpt>
      <trkpt lat="9.002900" lon="-79.578332">
        <time>2026-07-23T10:47:01Z</time>
      </trkpt>
      <trkpt lat="9.002895" lon="-79.578308">
        <time>2026-07-23T10:47:02Z</time>
      </trkpt>
      <trkpt lat="9.002891" lon="-79.578284">
        <time>2026-07-23T10:47:03Z</time>
      </trkpt>
      <trkpt lat="9.002886" lon="-79.578264">
        <time>2026-07-23T10:47:04Z</time>
      </trkpt>
      <trkpt lat="9.002880" lon="-79.578240">
        <time>2026-07-23T10:47:05Z</time>
      </trkpt>
      <trkpt lat="9.002874" lon="-79.578218">
        <time>2026-07-23T10:47:06Z</time>
      </trkpt>
      <trkpt lat="9.002873" lon="-79.578197">
        <time>2026-07-23T10:47:07Z</time>
      </trkpt>
      <trkpt lat="9.002868" lon="-79.578175">
        <time>2026-07-23T10:47:08Z</time>
      </trkpt>
      <trkpt lat="9.002860" lon="-79.578151">
        <time>2026-07-23T10:47:09Z</time>
      </trkpt>
      <trkpt lat="9.002852" lon="-79.578132">
        <time>2026-07-23T10:47:10Z</time>
      </trkpt>
      <trkpt lat="9.002840" lon="-79.578112">
        <time>2026-07-23T10:47:11Z</time>
      </trkpt>
      <trkpt lat="9.002828" lon="-79.578092">
        <time>2026-07-23T10:47:12Z</time>
      </trkpt>
      <trkpt lat="9.002816" lon="-79.578070">
        <time>2026-07-23T10:47:13Z</time>
      </trkpt>
      <trkpt lat="9.002803" lon="-79.578046">
        <time>2026-07-23T10:47:14Z</time>
      </trkpt>
      <trkpt lat="9.002787" lon="-79.578025">
        <time>2026-07-23T10:47:15Z</time>
      </trkpt>
      <trkpt lat="9.002773" lon="-79.578003">
        <time>2026-07-23T10:47:16Z</time>
      </trkpt>
      <trkpt lat="9.002756" lon="-79.577983">
        <time>2026-07-23T10:47:17Z</time>
      </trkpt>
      <trkpt lat="9.002742" lon="-79.577960">
        <time>2026-07-23T10:47:18Z</time>
      </trkpt>
      <trkpt lat="9.002724" lon="-79.577943">
        <time>2026-07-23T10:47:19Z</time>
      </trkpt>
      <trkpt lat="9.002703" lon="-79.577927">
        <time>2026-07-23T10:47:20Z</time>
      </trkpt>
      <trkpt lat="9.002686" lon="-79.577910">
        <time>2026-07-23T10:47:21Z</time>
      </trkpt>
      <trkpt lat="9.002669" lon="-79.577891">
        <time>2026-07-23T10:47:22Z</time>
      </trkpt>
      <trkpt lat="9.002650" lon="-79.577873">
        <time>2026-07-23T10:47:23Z</time>
      </trkpt>
      <trkpt lat="9.002634" lon="-79.577855">
        <time>2026-07-23T10:47:24Z</time>
      </trkpt>
      <trkpt lat="9.002614" lon="-79.577839">
        <time>2026-07-23T10:47:25Z</time>
      </trkpt>
      <trkpt lat="9.002593" lon="-79.577821">
        <time>2026-07-23T10:47:26Z</time>
      </trkpt>
      <trkpt lat="9.002574" lon="-79.577805">
        <time>2026-07-23T10:47:27Z</time>
      </trkpt>
      <trkpt lat="9.002555" lon="-79.577787">
        <time>2026-07-23T10:47:28Z</time>
      </trkpt>
      <trkpt lat="9.002538" lon="-79.577771">
        <time>2026-07-23T10:47:29Z</time>
      </trkpt>
      <trkpt lat="9.002521" lon="-79.577756">
        <time>2026-07-23T10:47:30Z</time>
      </trkpt>
      <trkpt lat="9.002501" lon="-79.577743">
        <time>2026-07-23T10:47:31Z</time>
      </trkpt>
      <trkpt lat="9.002484" lon="-79.577733">
        <time>2026-07-23T10:47:32Z</time>
      </trkpt>
      <trkpt lat="9.002466" lon="-79.577720">
        <time>2026-07-23T10:47:33Z</time>
      </trkpt>
      <trkpt lat="9.002446" lon="-79.577704">
        <time>2026-07-23T10:47:34Z</time>
      </trkpt>
      <trkpt lat="9.002427" lon="-79.577688">
        <time>2026-07-23T10:47:35Z</time>
      </trkpt>
      <trkpt lat="9.002409" lon="-79.577674">
        <time>2026-07-23T10:47:36Z</time>
      </trkpt>
      <trkpt lat="9.002392" lon="-79.577656">
        <time>2026-07-23T10:47:37Z</time>
      </trkpt>
      <trkpt lat="9.002373" lon="-79.577639">
        <time>2026-07-23T10:47:38Z</time>
      </trkpt>
      <trkpt lat="9.002352" lon="-79.577624">
        <time>2026-07-23T10:47:39Z</time>
      </trkpt>
      <trkpt lat="9.002334" lon="-79.577612">
        <time>2026-07-23T10:47:40Z</time>
      </trkpt>
      <trkpt lat="9.002315" lon="-79.577594">
        <time>2026-07-23T10:47:41Z</time>
      </trkpt>
      <trkpt lat="9.002295" lon="-79.577578">
        <time>2026-07-23T10:47:42Z</time>
      </trkpt>
      <trkpt lat="9.002279" lon="-79.577562">
        <time>2026-07-23T10:47:43Z</time>
      </trkpt>
      <trkpt lat="9.002260" lon="-79.577547">
        <time>2026-07-23T10:47:44Z</time>
      </trkpt>
      <trkpt lat="9.002241" lon="-79.577530">
        <time>2026-07-23T10:47:45Z</time>
      </trkpt>
      <trkpt lat="9.002224" lon="-79.577515">
        <time>2026-07-23T10:47:46Z</time>
      </trkpt>
      <trkpt lat="9.002203" lon="-79.577500">
        <time>2026-07-23T10:47:47Z</time>
      </trkpt>
      <trkpt lat="9.002182" lon="-79.577488">
        <time>2026-07-23T10:47:48Z</time>
      </trkpt>
      <trkpt lat="9.002164" lon="-79.577472">
        <time>2026-07-23T10:47:49Z</time>
      </trkpt>
      <trkpt lat="9.002139" lon="-79.577456">
        <time>2026-07-23T10:47:50Z</time>
      </trkpt>
      <trkpt lat="9.002112" lon="-79.577447">
        <time>2026-07-23T10:47:51Z</time>
      </trkpt>
      <trkpt lat="9.002086" lon="-79.577434">
        <time>2026-07-23T10:47:52Z</time>
      </trkpt>
      <trkpt lat="9.002061" lon="-79.577420">
        <time>2026-07-23T10:47:53Z</time>
      </trkpt>
      <trkpt lat="9.002040" lon="-79.577404">
        <time>2026-07-23T10:47:54Z</time>
      </trkpt>
      <trkpt lat="9.002017" lon="-79.577387">
        <time>2026-07-23T10:47:55Z</time>
      </trkpt>
      <trkpt lat="9.001993" lon="-79.577375">
        <time>2026-07-23T10:47:56Z</time>
      </trkpt>
      <trkpt lat="9.001969" lon="-79.577363">
        <time>2026-07-23T10:47:57Z</time>
      </trkpt>
      <trkpt lat="9.001945" lon="-79.577345">
        <time>2026-07-23T10:47:58Z</time>
      </trkpt>
      <trkpt lat="9.001923" lon="-79.577329">
        <time>2026-07-23T10:47:59Z</time>
      </trkpt>
      <trkpt lat="9.001897" lon="-79.577311">
        <time>2026-07-23T10:48:00Z</time>
      </trkpt>
      <trkpt lat="9.001871" lon="-79.577296">
        <time>2026-07-23T10:48:01Z</time>
      </trkpt>
      <trkpt lat="9.001844" lon="-79.577278">
        <time>2026-07-23T10:48:02Z</time>
      </trkpt>
      <trkpt lat="9.001815" lon="-79.577264">
        <time>2026-07-23T10:48:03Z</time>
      </trkpt>
      <trkpt lat="9.001788" lon="-79.577249">
        <time>2026-07-23T10:48:04Z</time>
      </trkpt>
      <trkpt lat="9.001757" lon="-79.577231">
        <time>2026-07-23T10:48:05Z</time>
      </trkpt>
      <trkpt lat="9.001729" lon="-79.577216">
        <time>2026-07-23T10:48:06Z</time>
      </trkpt>
      <trkpt lat="9.001704" lon="-79.577197">
        <time>2026-07-23T10:48:07Z</time>
      </trkpt>
      <trkpt lat="9.001675" lon="-79.577181">
        <time>2026-07-23T10:48:08Z</time>
      </trkpt>
      <trkpt lat="9.001648" lon="-79.577165">
        <time>2026-07-23T10:48:09Z</time>
      </trkpt>
      <trkpt lat="9.001620" lon="-79.577142">
        <time>2026-07-23T10:48:10Z</time>
      </trkpt>
      <trkpt lat="9.001595" lon="-79.577123">
        <time>2026-07-23T10:48:11Z</time>
      </trkpt>
      <trkpt lat="9.001570" lon="-79.577111">
        <time>2026-07-23T10:48:12Z</time>
      </trkpt>
      <trkpt lat="9.001548" lon="-79.577096">
        <time>2026-07-23T10:48:13Z</time>
      </trkpt>
      <trkpt lat="9.001528" lon="-79.577080">
        <time>2026-07-23T10:48:14Z</time>
      </trkpt>
      <trkpt lat="9.001503" lon="-79.577065">
        <time>2026-07-23T10:48:15Z</time>
      </trkpt>
      <trkpt lat="9.001477" lon="-79.577054">
        <time>2026-07-23T10:48:16Z</time>
      </trkpt>
      <trkpt lat="9.001455" lon="-79.577047">
        <time>2026-07-23T10:48:17Z</time>
      </trkpt>
      <trkpt lat="9.001435" lon="-79.577039">
        <time>2026-07-23T10:48:18Z</time>
      </trkpt>
      <trkpt lat="9.001413" lon="-79.577027">
        <time>2026-07-23T10:48:19Z</time>
      </trkpt>
      <trkpt lat="9.001395" lon="-79.577016">
        <time>2026-07-23T10:48:20Z</time>
      </trkpt>
      <trkpt lat="9.001375" lon="-79.577007">
        <time>2026-07-23T10:48:21Z</time>
      </trkpt>
      <trkpt lat="9.001354" lon="-79.577001">
        <time>2026-07-23T10:48:22Z</time>
      </trkpt>
      <trkpt lat="9.001334" lon="-79.576995">
        <time>2026-07-23T10:48:23Z</time>
      </trkpt>
      <trkpt lat="9.001316" lon="-79.576984">
        <time>2026-07-23T10:48:24Z</time>
      </trkpt>
      <trkpt lat="9.001299" lon="-79.576975">
        <time>2026-07-23T10:48:25Z</time>
      </trkpt>
      <trkpt lat="9.001277" lon="-79.576969">
        <time>2026-07-23T10:48:26Z</time>
      </trkpt>
      <trkpt lat="9.001253" lon="-79.576962">
        <time>2026-07-23T10:48:27Z</time>
      </trkpt>
      <trkpt lat="9.001229" lon="-79.576958">
        <time>2026-07-23T10:48:28Z</time>
      </trkpt>
      <trkpt lat="9.001208" lon="-79.576954">
        <time>2026-07-23T10:48:29Z</time>
      </trkpt>
      <trkpt lat="9.001189" lon="-79.576951">
        <time>2026-07-23T10:48:30Z</time>
      </trkpt>
      <trkpt lat="9.001169" lon="-79.576946">
        <time>2026-07-23T10:48:31Z</time>
      </trkpt>
      <trkpt lat="9.001150" lon="-79.576941">
        <time>2026-07-23T10:48:32Z</time>
      </trkpt>
      <trkpt lat="9.001130" lon="-79.576941">
        <time>2026-07-23T10:48:33Z</time>
      </trkpt>
      <trkpt lat="9.001106" lon="-79.576940">
        <time>2026-07-23T10:48:34Z</time>
      </trkpt>
      <trkpt lat="9.001086" lon="-79.576937">
        <time>2026-07-23T10:48:35Z</time>
      </trkpt>
      <trkpt lat="9.001066" lon="-79.576934">
        <time>2026-07-23T10:48:36Z</time>
      </trkpt>
      <trkpt lat="9.001047" lon="-79.576931">
        <time>2026-07-23T10:48:37Z</time>
      </trkpt>
      <trkpt lat="9.001025" lon="-79.576929">
        <time>2026-07-23T10:48:38Z</time>
      </trkpt>
      <trkpt lat="9.001004" lon="-79.576929">
        <time>2026-07-23T10:48:39Z</time>
      </trkpt>
      <trkpt lat="9.000981" lon="-79.576930">
        <time>2026-07-23T10:48:40Z</time>
      </trkpt>
      <trkpt lat="9.000959" lon="-79.576928">
        <time>2026-07-23T10:48:41Z</time>
      </trkpt>
      <trkpt lat="9.000938" lon="-79.576925">
        <time>2026-07-23T10:48:42Z</time>
      </trkpt>
      <trkpt lat="9.000916" lon="-79.576925">
        <time>2026-07-23T10:48:43Z</time>
      </trkpt>
      <trkpt lat="9.000896" lon="-79.576924">
        <time>2026-07-23T10:48:44Z</time>
      </trkpt>
      <trkpt lat="9.000878" lon="-79.576920">
        <time>2026-07-23T10:48:45Z</time>
      </trkpt>
      <trkpt lat="9.000860" lon="-79.576920">
        <time>2026-07-23T10:48:46Z</time>
      </trkpt>
      <trkpt lat="9.000842" lon="-79.576922">
        <time>2026-07-23T10:48:47Z</time>
      </trkpt>
      <trkpt lat="9.000819" lon="-79.576921">
        <time>2026-07-23T10:48:48Z</time>
      </trkpt>
      <trkpt lat="9.000797" lon="-79.576920">
        <time>2026-07-23T10:48:49Z</time>
      </trkpt>
      <trkpt lat="9.000773" lon="-79.576919">
        <time>2026-07-23T10:48:50Z</time>
      </trkpt>
      <trkpt lat="9.000750" lon="-79.576917">
        <time>2026-07-23T10:48:51Z</time>
      </trkpt>
      <trkpt lat="9.000728" lon="-79.576917">
        <time>2026-07-23T10:48:52Z</time>
      </trkpt>
      <trkpt lat="9.000706" lon="-79.576916">
        <time>2026-07-23T10:48:53Z</time>
      </trkpt>
      <trkpt lat="9.000688" lon="-79.576913">
        <time>2026-07-23T10:48:54Z</time>
      </trkpt>
      <trkpt lat="9.000668" lon="-79.576911">
        <time>2026-07-23T10:48:55Z</time>
      </trkpt>
      <trkpt lat="9.000643" lon="-79.576912">
        <time>2026-07-23T10:48:56Z</time>
      </trkpt>
      <trkpt lat="9.000621" lon="-79.576912">
        <time>2026-07-23T10:48:57Z</time>
      </trkpt>
      <trkpt lat="9.000599" lon="-79.576913">
        <time>2026-07-23T10:48:58Z</time>
      </trkpt>
      <trkpt lat="9.000577" lon="-79.576919">
        <time>2026-07-23T10:48:59Z</time>
      </trkpt>
      <trkpt lat="9.000551" lon="-79.576926">
        <time>2026-07-23T10:49:00Z</time>
      </trkpt>
      <trkpt lat="9.000523" lon="-79.576933">
        <time>2026-07-23T10:49:01Z</time>
      </trkpt>
      <trkpt lat="9.000498" lon="-79.576940">
        <time>2026-07-23T10:49:02Z</time>
      </trkpt>
      <trkpt lat="9.000474" lon="-79.576948">
        <time>2026-07-23T10:49:03Z</time>
      </trkpt>
      <trkpt lat="9.000452" lon="-79.576959">
        <time>2026-07-23T10:49:04Z</time>
      </trkpt>
      <trkpt lat="9.000431" lon="-79.576969">
        <time>2026-07-23T10:49:05Z</time>
      </trkpt>
      <trkpt lat="9.000407" lon="-79.576977">
        <time>2026-07-23T10:49:06Z</time>
      </trkpt>
      <trkpt lat="9.000387" lon="-79.576986">
        <time>2026-07-23T10:49:07Z</time>
      </trkpt>
      <trkpt lat="9.000368" lon="-79.576994">
        <time>2026-07-23T10:49:08Z</time>
      </trkpt>
      <trkpt lat="9.000349" lon="-79.577002">
        <time>2026-07-23T10:49:09Z</time>
      </trkpt>
      <trkpt lat="9.000327" lon="-79.577013">
        <time>2026-07-23T10:49:10Z</time>
      </trkpt>
      <trkpt lat="9.000307" lon="-79.577025">
        <time>2026-07-23T10:49:11Z</time>
      </trkpt>
      <trkpt lat="9.000285" lon="-79.577036">
        <time>2026-07-23T10:49:12Z</time>
      </trkpt>
      <trkpt lat="9.000262" lon="-79.577045">
        <time>2026-07-23T10:49:13Z</time>
      </trkpt>
      <trkpt lat="9.000241" lon="-79.577056">
        <time>2026-07-23T10:49:14Z</time>
      </trkpt>
      <trkpt lat="9.000220" lon="-79.577068">
        <time>2026-07-23T10:49:15Z</time>
      </trkpt>
      <trkpt lat="9.000201" lon="-79.577080">
        <time>2026-07-23T10:49:16Z</time>
      </trkpt>
      <trkpt lat="9.000183" lon="-79.577089">
        <time>2026-07-23T10:49:17Z</time>
      </trkpt>
      <trkpt lat="9.000163" lon="-79.577101">
        <time>2026-07-23T10:49:18Z</time>
      </trkpt>
      <trkpt lat="9.000143" lon="-79.577114">
        <time>2026-07-23T10:49:19Z</time>
      </trkpt>
      <trkpt lat="9.000120" lon="-79.577125">
        <time>2026-07-23T10:49:20Z</time>
      </trkpt>
      <trkpt lat="9.000098" lon="-79.577143">
        <time>2026-07-23T10:49:21Z</time>
      </trkpt>
      <trkpt lat="9.000076" lon="-79.577158">
        <time>2026-07-23T10:49:22Z</time>
      </trkpt>
      <trkpt lat="9.000055" lon="-79.577172">
        <time>2026-07-23T10:49:23Z</time>
      </trkpt>
      <trkpt lat="9.000031" lon="-79.577185">
        <time>2026-07-23T10:49:24Z</time>
      </trkpt>
      <trkpt lat="9.000006" lon="-79.577197">
        <time>2026-07-23T10:49:25Z</time>
      </trkpt>
      <trkpt lat="8.999984" lon="-79.577212">
        <time>2026-07-23T10:49:26Z</time>
      </trkpt>
      <trkpt lat="8.999963" lon="-79.577225">
        <time>2026-07-23T10:49:27Z</time>
      </trkpt>
      <trkpt lat="8.999941" lon="-79.577238">
        <time>2026-07-23T10:49:28Z</time>
      </trkpt>
      <trkpt lat="8.999918" lon="-79.577250">
        <time>2026-07-23T10:49:29Z</time>
      </trkpt>
      <trkpt lat="8.999897" lon="-79.577265">
        <time>2026-07-23T10:49:30Z</time>
      </trkpt>
      <trkpt lat="8.999875" lon="-79.577284">
        <time>2026-07-23T10:49:31Z</time>
      </trkpt>
      <trkpt lat="8.999855" lon="-79.577299">
        <time>2026-07-23T10:49:32Z</time>
      </trkpt>
      <trkpt lat="8.999836" lon="-79.577312">
        <time>2026-07-23T10:49:33Z</time>
      </trkpt>
      <trkpt lat="8.999815" lon="-79.577329">
        <time>2026-07-23T10:49:34Z</time>
      </trkpt>
      <trkpt lat="8.999795" lon="-79.577342">
        <time>2026-07-23T10:49:35Z</time>
      </trkpt>
      <trkpt lat="8.999772" lon="-79.577360">
        <time>2026-07-23T10:49:36Z</time>
      </trkpt>
      <trkpt lat="8.999752" lon="-79.577377">
        <time>2026-07-23T10:49:37Z</time>
      </trkpt>
      <trkpt lat="8.999730" lon="-79.577394">
        <time>2026-07-23T10:49:38Z</time>
      </trkpt>
      <trkpt lat="8.999708" lon="-79.577412">
        <time>2026-07-23T10:49:39Z</time>
      </trkpt>
      <trkpt lat="8.999688" lon="-79.577429">
        <time>2026-07-23T10:49:40Z</time>
      </trkpt>
      <trkpt lat="8.999666" lon="-79.577447">
        <time>2026-07-23T10:49:41Z</time>
      </trkpt>
      <trkpt lat="8.999647" lon="-79.577460">
        <time>2026-07-23T10:49:42Z</time>
      </trkpt>
      <trkpt lat="8.999632" lon="-79.577473">
        <time>2026-07-23T10:49:43Z</time>
      </trkpt>
      <trkpt lat="8.999613" lon="-79.577486">
        <time>2026-07-23T10:49:44Z</time>
      </trkpt>
      <trkpt lat="8.999597" lon="-79.577497">
        <time>2026-07-23T10:49:45Z</time>
      </trkpt>
      <trkpt lat="8.999582" lon="-79.577508">
        <time>2026-07-23T10:49:46Z</time>
      </trkpt>
      <trkpt lat="8.999568" lon="-79.577518">
        <time>2026-07-23T10:49:47Z</time>
      </trkpt>
      <trkpt lat="8.999552" lon="-79.577527">
        <time>2026-07-23T10:49:48Z</time>
      </trkpt>
      <trkpt lat="8.999537" lon="-79.577539">
        <time>2026-07-23T10:49:49Z</time>
      </trkpt>
      <trkpt lat="8.999519" lon="-79.577553">
        <time>2026-07-23T10:49:50Z</time>
      </trkpt>
      <trkpt lat="8.999501" lon="-79.577566">
        <time>2026-07-23T10:49:51Z</time>
      </trkpt>
      <trkpt lat="8.999484" lon="-79.577579">
        <time>2026-07-23T10:49:52Z</time>
      </trkpt>
      <trkpt lat="8.999466" lon="-79.577592">
        <time>2026-07-23T10:49:53Z</time>
      </trkpt>
      <trkpt lat="8.999451" lon="-79.577604">
        <time>2026-07-23T10:49:54Z</time>
      </trkpt>
      <trkpt lat="8.999437" lon="-79.577617">
        <time>2026-07-23T10:49:55Z</time>
      </trkpt>
      <trkpt lat="8.999424" lon="-79.577630">
        <time>2026-07-23T10:49:56Z</time>
      </trkpt>
      <trkpt lat="8.999408" lon="-79.577643">
        <time>2026-07-23T10:49:57Z</time>
      </trkpt>
      <trkpt lat="8.999395" lon="-79.577657">
        <time>2026-07-23T10:49:58Z</time>
      </trkpt>
      <trkpt lat="8.999380" lon="-79.577670">
        <time>2026-07-23T10:49:59Z</time>
      </trkpt>
      <trkpt lat="8.999385" lon="-79.577672">
        <time>2026-07-23T10:50:00Z</time>
      </trkpt>
      <trkpt lat="8.999405" lon="-79.577666">
        <time>2026-07-23T10:50:01Z</time>
      </trkpt>
      <trkpt lat="8.999411" lon="-79.577664">
        <time>2026-07-23T10:50:02Z</time>
      </trkpt>
      <trkpt lat="8.999410" lon="-79.577665">
        <time>2026-07-23T10:50:03Z</time>
      </trkpt>
      <trkpt lat="8.999403" lon="-79.577669">
        <time>2026-07-23T10:50:04Z</time>
      </trkpt>
      <trkpt lat="8.999388" lon="-79.577678">
        <time>2026-07-23T10:50:05Z</time>
      </trkpt>
      <trkpt lat="8.999365" lon="-79.577692">
        <time>2026-07-23T10:50:06Z</time>
      </trkpt>
      <trkpt lat="8.999338" lon="-79.577711">
        <time>2026-07-23T10:50:07Z</time>
      </trkpt>
      <trkpt lat="8.999316" lon="-79.577727">
        <time>2026-07-23T10:50:08Z</time>
      </trkpt>
      <trkpt lat="8.999288" lon="-79.577746">
        <time>2026-07-23T10:50:09Z</time>
      </trkpt>
      <trkpt lat="8.999262" lon="-79.577766">
        <time>2026-07-23T10:50:10Z</time>
      </trkpt>
      <trkpt lat="8.999234" lon="-79.577787">
        <time>2026-07-23T10:50:11Z</time>
      </trkpt>
      <trkpt lat="8.999203" lon="-79.577807">
        <time>2026-07-23T10:50:12Z</time>
      </trkpt>
      <trkpt lat="8.999169" lon="-79.577830">
        <time>2026-07-23T10:50:13Z</time>
      </trkpt>
      <trkpt lat="8.999139" lon="-79.577854">
        <time>2026-07-23T10:50:14Z</time>
      </trkpt>
      <trkpt lat="8.999109" lon="-79.577875">
        <time>2026-07-23T10:50:15Z</time>
      </trkpt>
      <trkpt lat="8.999078" lon="-79.577895">
        <time>2026-07-23T10:50:16Z</time>
      </trkpt>
      <trkpt lat="8.999048" lon="-79.577916">
        <time>2026-07-23T10:50:17Z</time>
      </trkpt>
      <trkpt lat="8.999019" lon="-79.577940">
        <time>2026-07-23T10:50:18Z</time>
      </trkpt>
      <trkpt lat="8.998990" lon="-79.577961">
        <time>2026-07-23T10:50:19Z</time>
      </trkpt>
      <trkpt lat="8.998962" lon="-79.577983">
        <time>2026-07-23T10:50:20Z</time>
      </trkpt>
      <trkpt lat="8.998938" lon="-79.578001">
        <time>2026-07-23T10:50:21Z</time>
      </trkpt>
      <trkpt lat="8.998910" lon="-79.578019">
        <time>2026-07-23T10:50:22Z</time>
      </trkpt>
      <trkpt lat="8.998886" lon="-79.578037">
        <time>2026-07-23T10:50:23Z</time>
      </trkpt>
      <trkpt lat="8.998860" lon="-79.578058">
        <time>2026-07-23T10:50:24Z</time>
      </trkpt>
      <trkpt lat="8.998835" lon="-79.578076">
        <time>2026-07-23T10:50:25Z</time>
      </trkpt>
      <trkpt lat="8.998814" lon="-79.578093">
        <time>2026-07-23T10:50:26Z</time>
      </trkpt>
      <trkpt lat="8.998801" lon="-79.578106">
        <time>2026-07-23T10:50:27Z</time>
      </trkpt>
      <trkpt lat="8.998791" lon="-79.578117">
        <time>2026-07-23T10:50:28Z</time>
      </trkpt>
      <trkpt lat="8.998784" lon="-79.578127">
        <time>2026-07-23T10:50:29Z</time>
      </trkpt>
      <trkpt lat="8.998774" lon="-79.578135">
        <time>2026-07-23T10:50:30Z</time>
      </trkpt>
      <trkpt lat="8.998763" lon="-79.578145">
        <time>2026-07-23T10:50:31Z</time>
      </trkpt>
      <trkpt lat="8.998750" lon="-79.578155">
        <time>2026-07-23T10:50:32Z</time>
      </trkpt>
      <trkpt lat="8.998736" lon="-79.578166">
        <time>2026-07-23T10:50:33Z</time>
      </trkpt>
      <trkpt lat="8.998724" lon="-79.578176">
        <time>2026-07-23T10:50:34Z</time>
      </trkpt>
      <trkpt lat="8.998713" lon="-79.578185">
        <time>2026-07-23T10:50:35Z</time>
      </trkpt>
      <trkpt lat="8.998702" lon="-79.578193">
        <time>2026-07-23T10:50:36Z</time>
      </trkpt>
      <trkpt lat="8.998692" lon="-79.578198">
        <time>2026-07-23T10:50:37Z</time>
      </trkpt>
      <trkpt lat="8.998684" lon="-79.578204">
        <time>2026-07-23T10:50:38Z</time>
      </trkpt>
      <trkpt lat="8.998675" lon="-79.578208">
        <time>2026-07-23T10:50:39Z</time>
      </trkpt>
      <trkpt lat="8.998663" lon="-79.578216">
        <time>2026-07-23T10:50:40Z</time>
      </trkpt>
      <trkpt lat="8.998653" lon="-79.578224">
        <time>2026-07-23T10:50:41Z</time>
      </trkpt>
      <trkpt lat="8.998641" lon="-79.578235">
        <time>2026-07-23T10:50:42Z</time>
      </trkpt>
      <trkpt lat="8.998630" lon="-79.578246">
        <time>2026-07-23T10:50:43Z</time>
      </trkpt>
      <trkpt lat="8.998618" lon="-79.578256">
        <time>2026-07-23T10:50:44Z</time>
      </trkpt>
      <trkpt lat="8.998606" lon="-79.578267">
        <time>2026-07-23T10:50:45Z</time>
      </trkpt>
      <trkpt lat="8.998593" lon="-79.578278">
        <time>2026-07-23T10:50:46Z</time>
      </trkpt>
      <trkpt lat="8.998580" lon="-79.578290">
        <time>2026-07-23T10:50:47Z</time>
      </trkpt>
      <trkpt lat="8.998566" lon="-79.578302">
        <time>2026-07-23T10:50:48Z</time>
      </trkpt>
      <trkpt lat="8.998551" lon="-79.578311">
        <time>2026-07-23T10:50:49Z</time>
      </trkpt>
      <trkpt lat="8.998537" lon="-79.578319">
        <time>2026-07-23T10:50:50Z</time>
      </trkpt>
      <trkpt lat="8.998522" lon="-79.578331">
        <time>2026-07-23T10:50:51Z</time>
      </trkpt>
      <trkpt lat="8.998506" lon="-79.578337">
        <time>2026-07-23T10:50:52Z</time>
      </trkpt>
      <trkpt lat="8.998489" lon="-79.578349">
        <time>2026-07-23T10:50:53Z</time>
      </trkpt>
      <trkpt lat="8.998475" lon="-79.578355">
        <time>2026-07-23T10:50:54Z</time>
      </trkpt>
      <trkpt lat="8.998457" lon="-79.578362">
        <time>2026-07-23T10:50:55Z</time>
      </trkpt>
      <trkpt lat="8.998444" lon="-79.578367">
        <time>2026-07-23T10:50:56Z</time>
      </trkpt>
      <trkpt lat="8.998429" lon="-79.578370">
        <time>2026-07-23T10:50:57Z</time>
      </trkpt>
      <trkpt lat="8.998415" lon="-79.578375">
        <time>2026-07-23T10:50:58Z</time>
      </trkpt>
      <trkpt lat="8.998402" lon="-79.578379">
        <time>2026-07-23T10:50:59Z</time>
      </trkpt>
      <trkpt lat="8.998388" lon="-79.578383">
        <time>2026-07-23T10:51:00Z</time>
      </trkpt>
      <trkpt lat="8.998368" lon="-79.578386">
        <time>2026-07-23T10:51:01Z</time>
      </trkpt>
      <trkpt lat="8.998347" lon="-79.578390">
        <time>2026-07-23T10:51:02Z</time>
      </trkpt>
      <trkpt lat="8.998329" lon="-79.578394">
        <time>2026-07-23T10:51:03Z</time>
      </trkpt>
      <trkpt lat="8.998306" lon="-79.578399">
        <time>2026-07-23T10:51:04Z</time>
      </trkpt>
      <trkpt lat="8.998284" lon="-79.578403">
        <time>2026-07-23T10:51:05Z</time>
      </trkpt>
      <trkpt lat="8.998260" lon="-79.578409">
        <time>2026-07-23T10:51:06Z</time>
      </trkpt>
      <trkpt lat="8.998235" lon="-79.578413">
        <time>2026-07-23T10:51:07Z</time>
      </trkpt>
      <trkpt lat="8.998211" lon="-79.578418">
        <time>2026-07-23T10:51:08Z</time>
      </trkpt>
      <trkpt lat="8.998189" lon="-79.578423">
        <time>2026-07-23T10:51:09Z</time>
      </trkpt>
      <trkpt lat="8.998167" lon="-79.578427">
        <time>2026-07-23T10:51:10Z</time>
      </trkpt>
      <trkpt lat="8.998143" lon="-79.578429">
        <time>2026-07-23T10:51:11Z</time>
      </trkpt>
      <trkpt lat="8.998119" lon="-79.578431">
        <time>2026-07-23T10:51:12Z</time>
      </trkpt>
      <trkpt lat="8.998094" lon="-79.578435">
        <time>2026-07-23T10:51:13Z</time>
      </trkpt>
      <trkpt lat="8.998070" lon="-79.578434">
        <time>2026-07-23T10:51:14Z</time>
      </trkpt>
      <trkpt lat="8.998045" lon="-79.578438">
        <time>2026-07-23T10:51:15Z</time>
      </trkpt>
      <trkpt lat="8.998020" lon="-79.578439">
        <time>2026-07-23T10:51:16Z</time>
      </trkpt>
      <trkpt lat="8.997995" lon="-79.578443">
        <time>2026-07-23T10:51:17Z</time>
      </trkpt>
      <trkpt lat="8.997972" lon="-79.578454">
        <time>2026-07-23T10:51:18Z</time>
      </trkpt>
      <trkpt lat="8.997951" lon="-79.578466">
        <time>2026-07-23T10:51:19Z</time>
      </trkpt>
      <trkpt lat="8.997931" lon="-79.578484">
        <time>2026-07-23T10:51:20Z</time>
      </trkpt>
      <trkpt lat="8.997914" lon="-79.578506">
        <time>2026-07-23T10:51:21Z</time>
      </trkpt>
      <trkpt lat="8.997900" lon="-79.578530">
        <time>2026-07-23T10:51:22Z</time>
      </trkpt>
      <trkpt lat="8.997890" lon="-79.578555">
        <time>2026-07-23T10:51:23Z</time>
      </trkpt>
      <trkpt lat="8.997886" lon="-79.578583">
        <time>2026-07-23T10:51:24Z</time>
      </trkpt>
      <trkpt lat="8.997886" lon="-79.578610">
        <time>2026-07-23T10:51:25Z</time>
      </trkpt>
      <trkpt lat="8.997889" lon="-79.578640">
        <time>2026-07-23T10:51:26Z</time>
      </trkpt>
      <trkpt lat="8.997887" lon="-79.578666">
        <time>2026-07-23T10:51:27Z</time>
      </trkpt>
      <trkpt lat="8.997886" lon="-79.578689">
        <time>2026-07-23T10:51:28Z</time>
      </trkpt>
      <trkpt lat="8.997887" lon="-79.578715">
        <time>2026-07-23T10:51:29Z</time>
      </trkpt>
      <trkpt lat="8.997887" lon="-79.578739">
        <time>2026-07-23T10:51:30Z</time>
      </trkpt>
      <trkpt lat="8.997885" lon="-79.578763">
        <time>2026-07-23T10:51:31Z</time>
      </trkpt>
      <trkpt lat="8.997888" lon="-79.578784">
        <time>2026-07-23T10:51:32Z</time>
      </trkpt>
      <trkpt lat="8.997890" lon="-79.578808">
        <time>2026-07-23T10:51:33Z</time>
      </trkpt>
      <trkpt lat="8.997894" lon="-79.578831">
        <time>2026-07-23T10:51:34Z</time>
      </trkpt>
      <trkpt lat="8.997899" lon="-79.578856">
        <time>2026-07-23T10:51:35Z</time>
      </trkpt>
      <trkpt lat="8.997903" lon="-79.578881">
        <time>2026-07-23T10:51:36Z</time>
      </trkpt>
      <trkpt lat="8.997908" lon="-79.578904">
        <time>2026-07-23T10:51:37Z</time>
      </trkpt>
      <trkpt lat="8.997915" lon="-79.578928">
        <time>2026-07-23T10:51:38Z</time>
      </trkpt>
      <trkpt lat="8.997920" lon="-79.578953">
        <time>2026-07-23T10:51:39Z</time>
      </trkpt>
      <trkpt lat="8.997925" lon="-79.578971">
        <time>2026-07-23T10:51:40Z</time>
      </trkpt>
      <trkpt lat="8.997931" lon="-79.578993">
        <time>2026-07-23T10:51:41Z</time>
      </trkpt>
      <trkpt lat="8.997938" lon="-79.579016">
        <time>2026-07-23T10:51:42Z</time>
      </trkpt>
      <trkpt lat="8.997945" lon="-79.579037">
        <time>2026-07-23T10:51:43Z</time>
      </trkpt>
      <trkpt lat="8.997951" lon="-79.579057">
        <time>2026-07-23T10:51:44Z</time>
      </trkpt>
      <trkpt lat="8.997958" lon="-79.579080">
        <time>2026-07-23T10:51:45Z</time>
      </trkpt>
      <trkpt lat="8.997964" lon="-79.579101">
        <time>2026-07-23T10:51:46Z</time>
      </trkpt>
      <trkpt lat="8.997973" lon="-79.579121">
        <time>2026-07-23T10:51:47Z</time>
      </trkpt>
      <trkpt lat="8.997982" lon="-79.579142">
        <time>2026-07-23T10:51:48Z</time>
      </trkpt>
      <trkpt lat="8.997992" lon="-79.579164">
        <time>2026-07-23T10:51:49Z</time>
      </trkpt>
      <trkpt lat="8.998004" lon="-79.579185">
        <time>2026-07-23T10:51:50Z</time>
      </trkpt>
      <trkpt lat="8.998017" lon="-79.579203">
        <time>2026-07-23T10:51:51Z</time>
      </trkpt>
      <trkpt lat="8.998029" lon="-79.579225">
        <time>2026-07-23T10:51:52Z</time>
      </trkpt>
      <trkpt lat="8.998042" lon="-79.579246">
        <time>2026-07-23T10:51:53Z</time>
      </trkpt>
      <trkpt lat="8.998054" lon="-79.579266">
        <time>2026-07-23T10:51:54Z</time>
      </trkpt>
      <trkpt lat="8.998064" lon="-79.579287">
        <time>2026-07-23T10:51:55Z</time>
      </trkpt>
      <trkpt lat="8.998078" lon="-79.579310">
        <time>2026-07-23T10:51:56Z</time>
      </trkpt>
      <trkpt lat="8.998090" lon="-79.579331">
        <time>2026-07-23T10:51:57Z</time>
      </trkpt>
      <trkpt lat="8.998105" lon="-79.579352">
        <time>2026-07-23T10:51:58Z</time>
      </trkpt>
      <trkpt lat="8.998120" lon="-79.579371">
        <time>2026-07-23T10:51:59Z</time>
      </trkpt>
      <trkpt lat="8.998134" lon="-79.579389">
        <time>2026-07-23T10:52:00Z</time>
      </trkpt>
      <trkpt lat="8.998152" lon="-79.579410">
        <time>2026-07-23T10:52:01Z</time>
      </trkpt>
      <trkpt lat="8.998172" lon="-79.579431">
        <time>2026-07-23T10:52:02Z</time>
      </trkpt>
      <trkpt lat="8.998188" lon="-79.579452">
        <time>2026-07-23T10:52:03Z</time>
      </trkpt>
      <trkpt lat="8.998207" lon="-79.579473">
        <time>2026-07-23T10:52:04Z</time>
      </trkpt>
      <trkpt lat="8.998226" lon="-79.579496">
        <time>2026-07-23T10:52:05Z</time>
      </trkpt>
      <trkpt lat="8.998247" lon="-79.579515">
        <time>2026-07-23T10:52:06Z</time>
      </trkpt>
      <trkpt lat="8.998271" lon="-79.579535">
        <time>2026-07-23T10:52:07Z</time>
      </trkpt>
      <trkpt lat="8.998296" lon="-79.579551">
        <time>2026-07-23T10:52:08Z</time>
      </trkpt>
      <trkpt lat="8.998327" lon="-79.579558">
        <time>2026-07-23T10:52:09Z</time>
      </trkpt>
      <trkpt lat="8.998360" lon="-79.579555">
        <time>2026-07-23T10:52:10Z</time>
      </trkpt>
      <trkpt lat="8.998390" lon="-79.579550">
        <time>2026-07-23T10:52:11Z</time>
      </trkpt>
      <trkpt lat="8.998422" lon="-79.579542">
        <time>2026-07-23T10:52:12Z</time>
      </trkpt>
      <trkpt lat="8.998454" lon="-79.579535">
        <time>2026-07-23T10:52:13Z</time>
      </trkpt>
      <trkpt lat="8.998484" lon="-79.579527">
        <time>2026-07-23T10:52:14Z</time>
      </trkpt>
      <trkpt lat="8.998513" lon="-79.579516">
        <time>2026-07-23T10:52:15Z</time>
      </trkpt>
      <trkpt lat="8.998536" lon="-79.579504">
        <time>2026-07-23T10:52:16Z</time>
      </trkpt>
      <trkpt lat="8.998559" lon="-79.579485">
        <time>2026-07-23T10:52:17Z</time>
      </trkpt>
      <trkpt lat="8.998581" lon="-79.579463">
        <time>2026-07-23T10:52:18Z</time>
      </trkpt>
      <trkpt lat="8.998599" lon="-79.579444">
        <time>2026-07-23T10:52:19Z</time>
      </trkpt>
      <trkpt lat="8.998615" lon="-79.579418">
        <time>2026-07-23T10:52:20Z</time>
      </trkpt>
      <trkpt lat="8.998628" lon="-79.579391">
        <time>2026-07-23T10:52:21Z</time>
      </trkpt>
      <trkpt lat="8.998639" lon="-79.579364">
        <time>2026-07-23T10:52:22Z</time>
      </trkpt>
      <trkpt lat="8.998651" lon="-79.579330">
        <time>2026-07-23T10:52:23Z</time>
      </trkpt>
      <trkpt lat="8.998667" lon="-79.579304">
        <time>2026-07-23T10:52:24Z</time>
      </trkpt>
      <trkpt lat="8.998687" lon="-79.579276">
        <time>2026-07-23T10:52:25Z</time>
      </trkpt>
      <trkpt lat="8.998709" lon="-79.579255">
        <time>2026-07-23T10:52:26Z</time>
      </trkpt>
      <trkpt lat="8.998732" lon="-79.579233">
        <time>2026-07-23T10:52:27Z</time>
      </trkpt>
      <trkpt lat="8.998756" lon="-79.579215">
        <time>2026-07-23T10:52:28Z</time>
      </trkpt>
      <trkpt lat="8.998778" lon="-79.579201">
        <time>2026-07-23T10:52:29Z</time>
      </trkpt>
      <trkpt lat="8.998803" lon="-79.579195">
        <time>2026-07-23T10:52:30Z</time>
      </trkpt>
      <trkpt lat="8.998825" lon="-79.579201">
        <time>2026-07-23T10:52:31Z</time>
      </trkpt>
      <trkpt lat="8.998850" lon="-79.579216">
        <time>2026-07-23T10:52:32Z</time>
      </trkpt>
      <trkpt lat="8.998875" lon="-79.579234">
        <time>2026-07-23T10:52:33Z</time>
      </trkpt>
      <trkpt lat="8.998902" lon="-79.579249">
        <time>2026-07-23T10:52:34Z</time>
      </trkpt>
      <trkpt lat="8.998933" lon="-79.579255">
        <time>2026-07-23T10:52:35Z</time>
      </trkpt>
      <trkpt lat="8.998961" lon="-79.579256">
        <time>2026-07-23T10:52:36Z</time>
      </trkpt>
      <trkpt lat="8.998984" lon="-79.579252">
        <time>2026-07-23T10:52:37Z</time>
      </trkpt>
      <trkpt lat="8.998998" lon="-79.579244">
        <time>2026-07-23T10:52:38Z</time>
      </trkpt>
      <trkpt lat="8.999010" lon="-79.579239">
        <time>2026-07-23T10:52:39Z</time>
      </trkpt>
      <trkpt lat="8.999018" lon="-79.579237">
        <time>2026-07-23T10:52:40Z</time>
      </trkpt>
      <trkpt lat="8.999016" lon="-79.579240">
        <time>2026-07-23T10:52:41Z</time>
      </trkpt>
      <trkpt lat="8.999011" lon="-79.579249">
        <time>2026-07-23T10:52:42Z</time>
      </trkpt>
      <trkpt lat="8.998995" lon="-79.579258">
        <time>2026-07-23T10:52:43Z</time>
      </trkpt>
      <trkpt lat="8.998984" lon="-79.579262">
        <time>2026-07-23T10:52:44Z</time>
      </trkpt>
      <trkpt lat="8.998973" lon="-79.579264">
        <time>2026-07-23T10:52:45Z</time>
      </trkpt>
      <trkpt lat="8.998962" lon="-79.579264">
        <time>2026-07-23T10:52:46Z</time>
      </trkpt>
      <trkpt lat="8.998950" lon="-79.579265">
        <time>2026-07-23T10:52:47Z</time>
      </trkpt>
      <trkpt lat="8.998936" lon="-79.579265">
        <time>2026-07-23T10:52:48Z</time>
      </trkpt>
      <trkpt lat="8.998924" lon="-79.579263">
        <time>2026-07-23T10:52:49Z</time>
      </trkpt>
      <trkpt lat="8.998909" lon="-79.579257">
        <time>2026-07-23T10:52:50Z</time>
      </trkpt>
      <trkpt lat="8.998895" lon="-79.579250">
        <time>2026-07-23T10:52:51Z</time>
      </trkpt>
      <trkpt lat="8.998882" lon="-79.579241">
        <time>2026-07-23T10:52:52Z</time>
      </trkpt>
      <trkpt lat="8.998868" lon="-79.579232">
        <time>2026-07-23T10:52:53Z</time>
      </trkpt>
      <trkpt lat="8.998855" lon="-79.579221">
        <time>2026-07-23T10:52:54Z</time>
      </trkpt>
      <trkpt lat="8.998845" lon="-79.579207">
        <time>2026-07-23T10:52:55Z</time>
      </trkpt>
      <trkpt lat="8.998837" lon="-79.579194">
        <time>2026-07-23T10:52:56Z</time>
      </trkpt>
      <trkpt lat="8.998821" lon="-79.579182">
        <time>2026-07-23T10:52:57Z</time>
      </trkpt>
      <trkpt lat="8.998798" lon="-79.579187">
        <time>2026-07-23T10:52:58Z</time>
      </trkpt>
      <trkpt lat="8.998780" lon="-79.579197">
        <time>2026-07-23T10:52:59Z</time>
      </trkpt>
      <trkpt lat="8.998764" lon="-79.579204">
        <time>2026-07-23T10:53:00Z</time>
      </trkpt>
      <trkpt lat="8.998745" lon="-79.579212">
        <time>2026-07-23T10:53:01Z</time>
      </trkpt>
      <trkpt lat="8.998728" lon="-79.579220">
        <time>2026-07-23T10:53:02Z</time>
      </trkpt>
      <trkpt lat="8.998711" lon="-79.579228">
        <time>2026-07-23T10:53:03Z</time>
      </trkpt>
      <trkpt lat="8.998697" lon="-79.579236">
        <time>2026-07-23T10:53:04Z</time>
      </trkpt>
      <trkpt lat="8.998683" lon="-79.579247">
        <time>2026-07-23T10:53:05Z</time>
      </trkpt>
      <trkpt lat="8.998671" lon="-79.579261">
        <time>2026-07-23T10:53:06Z</time>
      </trkpt>
      <trkpt lat="8.998660" lon="-79.579274">
        <time>2026-07-23T10:53:07Z</time>
      </trkpt>
      <trkpt lat="8.998648" lon="-79.579289">
        <time>2026-07-23T10:53:08Z</time>
      </trkpt>
      <trkpt lat="8.998637" lon="-79.579306">
        <time>2026-07-23T10:53:09Z</time>
      </trkpt>
      <trkpt lat="8.998628" lon="-79.579321">
        <time>2026-07-23T10:53:10Z</time>
      </trkpt>
      <trkpt lat="8.998620" lon="-79.579341">
        <time>2026-07-23T10:53:11Z</time>
      </trkpt>
      <trkpt lat="8.998612" lon="-79.579360">
        <time>2026-07-23T10:53:12Z</time>
      </trkpt>
      <trkpt lat="8.998605" lon="-79.579374">
        <time>2026-07-23T10:53:13Z</time>
      </trkpt>
      <trkpt lat="8.998595" lon="-79.579392">
        <time>2026-07-23T10:53:14Z</time>
      </trkpt>
      <trkpt lat="8.998584" lon="-79.579408">
        <time>2026-07-23T10:53:15Z</time>
      </trkpt>
      <trkpt lat="8.998571" lon="-79.579426">
        <time>2026-07-23T10:53:16Z</time>
      </trkpt>
      <trkpt lat="8.998557" lon="-79.579441">
        <time>2026-07-23T10:53:17Z</time>
      </trkpt>
      <trkpt lat="8.998541" lon="-79.579458">
        <time>2026-07-23T10:53:18Z</time>
      </trkpt>
      <trkpt lat="8.998525" lon="-79.579473">
        <time>2026-07-23T10:53:19Z</time>
      </trkpt>
      <trkpt lat="8.998506" lon="-79.579484">
        <time>2026-07-23T10:53:20Z</time>
      </trkpt>
      <trkpt lat="8.998486" lon="-79.579492">
        <time>2026-07-23T10:53:21Z</time>
      </trkpt>
      <trkpt lat="8.998467" lon="-79.579499">
        <time>2026-07-23T10:53:22Z</time>
      </trkpt>
      <trkpt lat="8.998447" lon="-79.579508">
        <time>2026-07-23T10:53:23Z</time>
      </trkpt>
      <trkpt lat="8.998426" lon="-79.579518">
        <time>2026-07-23T10:53:24Z</time>
      </trkpt>
      <trkpt lat="8.998409" lon="-79.579522">
        <time>2026-07-23T10:53:25Z</time>
      </trkpt>
      <trkpt lat="8.998389" lon="-79.579528">
        <time>2026-07-23T10:53:26Z</time>
      </trkpt>
      <trkpt lat="8.998365" lon="-79.579536">
        <time>2026-07-23T10:53:27Z</time>
      </trkpt>
      <trkpt lat="8.998344" lon="-79.579535">
        <time>2026-07-23T10:53:28Z</time>
      </trkpt>
      <trkpt lat="8.998324" lon="-79.579528">
        <time>2026-07-23T10:53:29Z</time>
      </trkpt>
      <trkpt lat="8.998307" lon="-79.579515">
        <time>2026-07-23T10:53:30Z</time>
      </trkpt>
      <trkpt lat="8.998293" lon="-79.579499">
        <time>2026-07-23T10:53:31Z</time>
      </trkpt>
      <trkpt lat="8.998277" lon="-79.579481">
        <time>2026-07-23T10:53:32Z</time>
      </trkpt>
      <trkpt lat="8.998264" lon="-79.579463">
        <time>2026-07-23T10:53:33Z</time>
      </trkpt>
      <trkpt lat="8.998252" lon="-79.579442">
        <time>2026-07-23T10:53:34Z</time>
      </trkpt>
      <trkpt lat="8.998240" lon="-79.579420">
        <time>2026-07-23T10:53:35Z</time>
      </trkpt>
      <trkpt lat="8.998228" lon="-79.579401">
        <time>2026-07-23T10:53:36Z</time>
      </trkpt>
      <trkpt lat="8.998215" lon="-79.579382">
        <time>2026-07-23T10:53:37Z</time>
      </trkpt>
      <trkpt lat="8.998199" lon="-79.579363">
        <time>2026-07-23T10:53:38Z</time>
      </trkpt>
      <trkpt lat="8.998186" lon="-79.579344">
        <time>2026-07-23T10:53:39Z</time>
      </trkpt>
      <trkpt lat="8.998171" lon="-79.579326">
        <time>2026-07-23T10:53:40Z</time>
      </trkpt>
      <trkpt lat="8.998156" lon="-79.579306">
        <time>2026-07-23T10:53:41Z</time>
      </trkpt>
      <trkpt lat="8.998140" lon="-79.579292">
        <time>2026-07-23T10:53:42Z</time>
      </trkpt>
      <trkpt lat="8.998128" lon="-79.579277">
        <time>2026-07-23T10:53:43Z</time>
      </trkpt>
      <trkpt lat="8.998112" lon="-79.579258">
        <time>2026-07-23T10:53:44Z</time>
      </trkpt>
      <trkpt lat="8.998094" lon="-79.579242">
        <time>2026-07-23T10:53:45Z</time>
      </trkpt>
      <trkpt lat="8.998077" lon="-79.579223">
        <time>2026-07-23T10:53:46Z</time>
      </trkpt>
      <trkpt lat="8.998061" lon="-79.579205">
        <time>2026-07-23T10:53:47Z</time>
      </trkpt>
      <trkpt lat="8.998046" lon="-79.579185">
        <time>2026-07-23T10:53:48Z</time>
      </trkpt>
      <trkpt lat="8.998032" lon="-79.579160">
        <time>2026-07-23T10:53:49Z</time>
      </trkpt>
      <trkpt lat="8.998022" lon="-79.579138">
        <time>2026-07-23T10:53:50Z</time>
      </trkpt>
      <trkpt lat="8.998013" lon="-79.579115">
        <time>2026-07-23T10:53:51Z</time>
      </trkpt>
      <trkpt lat="8.998003" lon="-79.579090">
        <time>2026-07-23T10:53:52Z</time>
      </trkpt>
      <trkpt lat="8.997996" lon="-79.579067">
        <time>2026-07-23T10:53:53Z</time>
      </trkpt>
      <trkpt lat="8.997989" lon="-79.579044">
        <time>2026-07-23T10:53:54Z</time>
      </trkpt>
      <trkpt lat="8.997980" lon="-79.579018">
        <time>2026-07-23T10:53:55Z</time>
      </trkpt>
      <trkpt lat="8.997972" lon="-79.578996">
        <time>2026-07-23T10:53:56Z</time>
      </trkpt>
      <trkpt lat="8.997962" lon="-79.578973">
        <time>2026-07-23T10:53:57Z</time>
      </trkpt>
      <trkpt lat="8.997954" lon="-79.578948">
        <time>2026-07-23T10:53:58Z</time>
      </trkpt>
      <trkpt lat="8.997950" lon="-79.578924">
        <time>2026-07-23T10:53:59Z</time>
      </trkpt>
      <trkpt lat="8.997943" lon="-79.578899">
        <time>2026-07-23T10:54:00Z</time>
      </trkpt>
      <trkpt lat="8.997936" lon="-79.578878">
        <time>2026-07-23T10:54:01Z</time>
      </trkpt>
      <trkpt lat="8.997926" lon="-79.578856">
        <time>2026-07-23T10:54:02Z</time>
      </trkpt>
      <trkpt lat="8.997921" lon="-79.578831">
        <time>2026-07-23T10:54:03Z</time>
      </trkpt>
      <trkpt lat="8.997917" lon="-79.578809">
        <time>2026-07-23T10:54:04Z</time>
      </trkpt>
      <trkpt lat="8.997915" lon="-79.578785">
        <time>2026-07-23T10:54:05Z</time>
      </trkpt>
      <trkpt lat="8.997913" lon="-79.578759">
        <time>2026-07-23T10:54:06Z</time>
      </trkpt>
      <trkpt lat="8.997911" lon="-79.578735">
        <time>2026-07-23T10:54:07Z</time>
      </trkpt>
      <trkpt lat="8.997909" lon="-79.578707">
        <time>2026-07-23T10:54:08Z</time>
      </trkpt>
      <trkpt lat="8.997909" lon="-79.578679">
        <time>2026-07-23T10:54:09Z</time>
      </trkpt>
      <trkpt lat="8.997909" lon="-79.578654">
        <time>2026-07-23T10:54:10Z</time>
      </trkpt>
      <trkpt lat="8.997910" lon="-79.578625">
        <time>2026-07-23T10:54:11Z</time>
      </trkpt>
      <trkpt lat="8.997911" lon="-79.578600">
        <time>2026-07-23T10:54:12Z</time>
      </trkpt>
      <trkpt lat="8.997915" lon="-79.578575">
        <time>2026-07-23T10:54:13Z</time>
      </trkpt>
      <trkpt lat="8.997920" lon="-79.578548">
        <time>2026-07-23T10:54:14Z</time>
      </trkpt>
      <trkpt lat="8.997926" lon="-79.578524">
        <time>2026-07-23T10:54:15Z</time>
      </trkpt>
      <trkpt lat="8.997925" lon="-79.578501">
        <time>2026-07-23T10:54:16Z</time>
      </trkpt>
      <trkpt lat="8.997908" lon="-79.578484">
        <time>2026-07-23T10:54:17Z</time>
      </trkpt>
      <trkpt lat="8.997885" lon="-79.578480">
        <time>2026-07-23T10:54:18Z</time>
      </trkpt>
      <trkpt lat="8.997859" lon="-79.578481">
        <time>2026-07-23T10:54:19Z</time>
      </trkpt>
      <trkpt lat="8.997833" lon="-79.578484">
        <time>2026-07-23T10:54:20Z</time>
      </trkpt>
      <trkpt lat="8.997808" lon="-79.578489">
        <time>2026-07-23T10:54:21Z</time>
      </trkpt>
      <trkpt lat="8.997780" lon="-79.578499">
        <time>2026-07-23T10:54:22Z</time>
      </trkpt>
      <trkpt lat="8.997755" lon="-79.578506">
        <time>2026-07-23T10:54:23Z</time>
      </trkpt>
      <trkpt lat="8.997731" lon="-79.578503">
        <time>2026-07-23T10:54:24Z</time>
      </trkpt>
      <trkpt lat="8.997709" lon="-79.578491">
        <time>2026-07-23T10:54:25Z</time>
      </trkpt>
      <trkpt lat="8.997694" lon="-79.578474">
        <time>2026-07-23T10:54:26Z</time>
      </trkpt>
      <trkpt lat="8.997676" lon="-79.578452">
        <time>2026-07-23T10:54:27Z</time>
      </trkpt>
      <trkpt lat="8.997662" lon="-79.578432">
        <time>2026-07-23T10:54:28Z</time>
      </trkpt>
      <trkpt lat="8.997648" lon="-79.578412">
        <time>2026-07-23T10:54:29Z</time>
      </trkpt>
      <trkpt lat="8.997633" lon="-79.578393">
        <time>2026-07-23T10:54:30Z</time>
      </trkpt>
      <trkpt lat="8.997622" lon="-79.578374">
        <time>2026-07-23T10:54:31Z</time>
      </trkpt>
      <trkpt lat="8.997612" lon="-79.578354">
        <time>2026-07-23T10:54:32Z</time>
      </trkpt>
      <trkpt lat="8.997609" lon="-79.578332">
        <time>2026-07-23T10:54:33Z</time>
      </trkpt>
      <trkpt lat="8.997616" lon="-79.578316">
        <time>2026-07-23T10:54:34Z</time>
      </trkpt>
      <trkpt lat="8.997642" lon="-79.578301">
        <time>2026-07-23T10:54:35Z</time>
      </trkpt>
      <trkpt lat="8.997667" lon="-79.578290">
        <time>2026-07-23T10:54:36Z</time>
      </trkpt>
      <trkpt lat="8.997686" lon="-79.578274">
        <time>2026-07-23T10:54:37Z</time>
      </trkpt>
      <trkpt lat="8.997704" lon="-79.578261">
        <time>2026-07-23T10:54:38Z</time>
      </trkpt>
      <trkpt lat="8.997722" lon="-79.578248">
        <time>2026-07-23T10:54:39Z</time>
      </trkpt>
      <trkpt lat="8.997740" lon="-79.578234">
        <time>2026-07-23T10:54:40Z</time>
      </trkpt>
      <trkpt lat="8.997758" lon="-79.578221">
        <time>2026-07-23T10:54:41Z</time>
      </trkpt>
      <trkpt lat="8.997775" lon="-79.578208">
        <time>2026-07-23T10:54:42Z</time>
      </trkpt>
      <trkpt lat="8.997790" lon="-79.578197">
        <time>2026-07-23T10:54:43Z</time>
      </trkpt>
      <trkpt lat="8.997801" lon="-79.578192">
        <time>2026-07-23T10:54:44Z</time>
      </trkpt>
      <trkpt lat="8.997810" lon="-79.578186">
        <time>2026-07-23T10:54:45Z</time>
      </trkpt>
      <trkpt lat="8.997818" lon="-79.578179">
        <time>2026-07-23T10:54:46Z</time>
      </trkpt>
      <trkpt lat="8.997827" lon="-79.578175">
        <time>2026-07-23T10:54:47Z</time>
      </trkpt>
      <trkpt lat="8.997835" lon="-79.578170">
        <time>2026-07-23T10:54:48Z</time>
      </trkpt>
      <trkpt lat="8.997843" lon="-79.578164">
        <time>2026-07-23T10:54:49Z</time>
      </trkpt>
      <trkpt lat="8.997847" lon="-79.578159">
        <time>2026-07-23T10:54:50Z</time>
      </trkpt>
      <trkpt lat="8.997855" lon="-79.578155">
        <time>2026-07-23T10:54:51Z</time>
      </trkpt>
      <trkpt lat="8.997865" lon="-79.578148">
        <time>2026-07-23T10:54:52Z</time>
      </trkpt>
      <trkpt lat="8.997870" lon="-79.578144">
        <time>2026-07-23T10:54:53Z</time>
      </trkpt>
      <trkpt lat="8.997873" lon="-79.578140">
        <time>2026-07-23T10:54:54Z</time>
      </trkpt>
      <trkpt lat="8.997879" lon="-79.578137">
        <time>2026-07-23T10:54:55Z</time>
      </trkpt>
      <trkpt lat="8.997882" lon="-79.578132">
        <time>2026-07-23T10:54:56Z</time>
      </trkpt>
      <trkpt lat="8.997883" lon="-79.578135">
        <time>2026-07-23T10:54:57Z</time>
      </trkpt>
      <trkpt lat="8.997883" lon="-79.578136">
        <time>2026-07-23T10:54:58Z</time>
      </trkpt>
      <trkpt lat="8.997884" lon="-79.578137">
        <time>2026-07-23T10:54:59Z</time>
      </trkpt>
      <trkpt lat="8.997884" lon="-79.578137">
        <time>2026-07-23T10:55:00Z</time>
      </trkpt>
      <trkpt lat="8.997884" lon="-79.578137">
        <time>2026-07-23T10:55:01Z</time>
      </trkpt>
      <trkpt lat="8.997893" lon="-79.578131">
        <time>2026-07-23T10:55:02Z</time>
      </trkpt>
      <trkpt lat="8.997900" lon="-79.578124">
        <time>2026-07-23T10:55:03Z</time>
      </trkpt>
      <trkpt lat="8.997910" lon="-79.578115">
        <time>2026-07-23T10:55:04Z</time>
      </trkpt>
      <trkpt lat="8.997917" lon="-79.578108">
        <time>2026-07-23T10:55:05Z</time>
      </trkpt>
      <trkpt lat="8.997926" lon="-79.578099">
        <time>2026-07-23T10:55:06Z</time>
      </trkpt>
      <trkpt lat="8.997943" lon="-79.578089">
        <time>2026-07-23T10:55:07Z</time>
      </trkpt>
      <trkpt lat="8.997964" lon="-79.578076">
        <time>2026-07-23T10:55:08Z</time>
      </trkpt>
      <trkpt lat="8.997982" lon="-79.578062">
        <time>2026-07-23T10:55:09Z</time>
      </trkpt>
      <trkpt lat="8.998001" lon="-79.578047">
        <time>2026-07-23T10:55:10Z</time>
      </trkpt>
      <trkpt lat="8.998019" lon="-79.578034">
        <time>2026-07-23T10:55:11Z</time>
      </trkpt>
      <trkpt lat="8.998038" lon="-79.578023">
        <time>2026-07-23T10:55:12Z</time>
      </trkpt>
      <trkpt lat="8.998056" lon="-79.578009">
        <time>2026-07-23T10:55:13Z</time>
      </trkpt>
      <trkpt lat="8.998075" lon="-79.577992">
        <time>2026-07-23T10:55:14Z</time>
      </trkpt>
      <trkpt lat="8.998091" lon="-79.577981">
        <time>2026-07-23T10:55:15Z</time>
      </trkpt>
      <trkpt lat="8.998108" lon="-79.577968">
        <time>2026-07-23T10:55:16Z</time>
      </trkpt>
      <trkpt lat="8.998124" lon="-79.577952">
        <time>2026-07-23T10:55:17Z</time>
      </trkpt>
      <trkpt lat="8.998142" lon="-79.577939">
        <time>2026-07-23T10:55:18Z</time>
      </trkpt>
      <trkpt lat="8.998160" lon="-79.577926">
        <time>2026-07-23T10:55:19Z</time>
      </trkpt>
      <trkpt lat="8.998180" lon="-79.577917">
        <time>2026-07-23T10:55:20Z</time>
      </trkpt>
      <trkpt lat="8.998198" lon="-79.577903">
        <time>2026-07-23T10:55:21Z</time>
      </trkpt>
      <trkpt lat="8.998215" lon="-79.577889">
        <time>2026-07-23T10:55:22Z</time>
      </trkpt>
      <trkpt lat="8.998232" lon="-79.577875">
        <time>2026-07-23T10:55:23Z</time>
      </trkpt>
      <trkpt lat="8.998252" lon="-79.577862">
        <time>2026-07-23T10:55:24Z</time>
      </trkpt>
      <trkpt lat="8.998270" lon="-79.577849">
        <time>2026-07-23T10:55:25Z</time>
      </trkpt>
      <trkpt lat="8.998286" lon="-79.577834">
        <time>2026-07-23T10:55:26Z</time>
      </trkpt>
      <trkpt lat="8.998305" lon="-79.577821">
        <time>2026-07-23T10:55:27Z</time>
      </trkpt>
      <trkpt lat="8.998322" lon="-79.577808">
        <time>2026-07-23T10:55:28Z</time>
      </trkpt>
      <trkpt lat="8.998337" lon="-79.577795">
        <time>2026-07-23T10:55:29Z</time>
      </trkpt>
      <trkpt lat="8.998353" lon="-79.577784">
        <time>2026-07-23T10:55:30Z</time>
      </trkpt>
      <trkpt lat="8.998370" lon="-79.577770">
        <time>2026-07-23T10:55:31Z</time>
      </trkpt>
      <trkpt lat="8.998388" lon="-79.577756">
        <time>2026-07-23T10:55:32Z</time>
      </trkpt>
      <trkpt lat="8.998406" lon="-79.577744">
        <time>2026-07-23T10:55:33Z</time>
      </trkpt>
      <trkpt lat="8.998424" lon="-79.577731">
        <time>2026-07-23T10:55:34Z</time>
      </trkpt>
      <trkpt lat="8.998442" lon="-79.577718">
        <time>2026-07-23T10:55:35Z</time>
      </trkpt>
      <trkpt lat="8.998460" lon="-79.577705">
        <time>2026-07-23T10:55:36Z</time>
      </trkpt>
      <trkpt lat="8.998482" lon="-79.577692">
        <time>2026-07-23T10:55:37Z</time>
      </trkpt>
      <trkpt lat="8.998500" lon="-79.577680">
        <time>2026-07-23T10:55:38Z</time>
      </trkpt>
      <trkpt lat="8.998520" lon="-79.577670">
        <time>2026-07-23T10:55:39Z</time>
      </trkpt>
      <trkpt lat="8.998539" lon="-79.577658">
        <time>2026-07-23T10:55:40Z</time>
      </trkpt>
      <trkpt lat="8.998558" lon="-79.577647">
        <time>2026-07-23T10:55:41Z</time>
      </trkpt>
      <trkpt lat="8.998576" lon="-79.577634">
        <time>2026-07-23T10:55:42Z</time>
      </trkpt>
      <trkpt lat="8.998594" lon="-79.577624">
        <time>2026-07-23T10:55:43Z</time>
      </trkpt>
      <trkpt lat="8.998614" lon="-79.577611">
        <time>2026-07-23T10:55:44Z</time>
      </trkpt>
      <trkpt lat="8.998631" lon="-79.577597">
        <time>2026-07-23T10:55:45Z</time>
      </trkpt>
      <trkpt lat="8.998649" lon="-79.577584">
        <time>2026-07-23T10:55:46Z</time>
      </trkpt>
      <trkpt lat="8.998668" lon="-79.577569">
        <time>2026-07-23T10:55:47Z</time>
      </trkpt>
      <trkpt lat="8.998687" lon="-79.577554">
        <time>2026-07-23T10:55:48Z</time>
      </trkpt>
      <trkpt lat="8.998705" lon="-79.577540">
        <time>2026-07-23T10:55:49Z</time>
      </trkpt>
      <trkpt lat="8.998723" lon="-79.577525">
        <time>2026-07-23T10:55:50Z</time>
      </trkpt>
      <trkpt lat="8.998743" lon="-79.577512">
        <time>2026-07-23T10:55:51Z</time>
      </trkpt>
      <trkpt lat="8.998759" lon="-79.577499">
        <time>2026-07-23T10:55:52Z</time>
      </trkpt>
      <trkpt lat="8.998774" lon="-79.577485">
        <time>2026-07-23T10:55:53Z</time>
      </trkpt>
      <trkpt lat="8.998791" lon="-79.577471">
        <time>2026-07-23T10:55:54Z</time>
      </trkpt>
      <trkpt lat="8.998809" lon="-79.577457">
        <time>2026-07-23T10:55:55Z</time>
      </trkpt>
      <trkpt lat="8.998828" lon="-79.577445">
        <time>2026-07-23T10:55:56Z</time>
      </trkpt>
      <trkpt lat="8.998848" lon="-79.577432">
        <time>2026-07-23T10:55:57Z</time>
      </trkpt>
      <trkpt lat="8.998867" lon="-79.577419">
        <time>2026-07-23T10:55:58Z</time>
      </trkpt>
      <trkpt lat="8.998887" lon="-79.577405">
        <time>2026-07-23T10:55:59Z</time>
      </trkpt>
      <trkpt lat="8.998907" lon="-79.577393">
        <time>2026-07-23T10:56:00Z</time>
      </trkpt>
      <trkpt lat="8.998925" lon="-79.577382">
        <time>2026-07-23T10:56:01Z</time>
      </trkpt>
      <trkpt lat="8.998943" lon="-79.577368">
        <time>2026-07-23T10:56:02Z</time>
      </trkpt>
      <trkpt lat="8.998961" lon="-79.577354">
        <time>2026-07-23T10:56:03Z</time>
      </trkpt>
      <trkpt lat="8.998980" lon="-79.577340">
        <time>2026-07-23T10:56:04Z</time>
      </trkpt>
      <trkpt lat="8.998999" lon="-79.577325">
        <time>2026-07-23T10:56:05Z</time>
      </trkpt>
      <trkpt lat="8.999017" lon="-79.577312">
        <time>2026-07-23T10:56:06Z</time>
      </trkpt>
      <trkpt lat="8.999037" lon="-79.577295">
        <time>2026-07-23T10:56:07Z</time>
      </trkpt>
      <trkpt lat="8.999055" lon="-79.577282">
        <time>2026-07-23T10:56:08Z</time>
      </trkpt>
      <trkpt lat="8.999074" lon="-79.577270">
        <time>2026-07-23T10:56:09Z</time>
      </trkpt>
      <trkpt lat="8.999093" lon="-79.577256">
        <time>2026-07-23T10:56:10Z</time>
      </trkpt>
      <trkpt lat="8.999114" lon="-79.577243">
        <time>2026-07-23T10:56:11Z</time>
      </trkpt>
      <trkpt lat="8.999133" lon="-79.577229">
        <time>2026-07-23T10:56:12Z</time>
      </trkpt>
      <trkpt lat="8.999153" lon="-79.577214">
        <time>2026-07-23T10:56:13Z</time>
      </trkpt>
      <trkpt lat="8.999171" lon="-79.577199">
        <time>2026-07-23T10:56:14Z</time>
      </trkpt>
      <trkpt lat="8.999189" lon="-79.577184">
        <time>2026-07-23T10:56:15Z</time>
      </trkpt>
      <trkpt lat="8.999210" lon="-79.577170">
        <time>2026-07-23T10:56:16Z</time>
      </trkpt>
      <trkpt lat="8.999229" lon="-79.577157">
        <time>2026-07-23T10:56:17Z</time>
      </trkpt>
      <trkpt lat="8.999249" lon="-79.577143">
        <time>2026-07-23T10:56:18Z</time>
      </trkpt>
      <trkpt lat="8.999270" lon="-79.577129">
        <time>2026-07-23T10:56:19Z</time>
      </trkpt>
      <trkpt lat="8.999289" lon="-79.577115">
        <time>2026-07-23T10:56:20Z</time>
      </trkpt>
      <trkpt lat="8.999310" lon="-79.577101">
        <time>2026-07-23T10:56:21Z</time>
      </trkpt>
      <trkpt lat="8.999329" lon="-79.577087">
        <time>2026-07-23T10:56:22Z</time>
      </trkpt>
      <trkpt lat="8.999349" lon="-79.577073">
        <time>2026-07-23T10:56:23Z</time>
      </trkpt>
      <trkpt lat="8.999369" lon="-79.577054">
        <time>2026-07-23T10:56:24Z</time>
      </trkpt>
      <trkpt lat="8.999389" lon="-79.577041">
        <time>2026-07-23T10:56:25Z</time>
      </trkpt>
      <trkpt lat="8.999409" lon="-79.577022">
        <time>2026-07-23T10:56:26Z</time>
      </trkpt>
      <trkpt lat="8.999430" lon="-79.577007">
        <time>2026-07-23T10:56:27Z</time>
      </trkpt>
      <trkpt lat="8.999449" lon="-79.576994">
        <time>2026-07-23T10:56:28Z</time>
      </trkpt>
      <trkpt lat="8.999468" lon="-79.576981">
        <time>2026-07-23T10:56:29Z</time>
      </trkpt>
      <trkpt lat="8.999487" lon="-79.576967">
        <time>2026-07-23T10:56:30Z</time>
      </trkpt>
      <trkpt lat="8.999506" lon="-79.576953">
        <time>2026-07-23T10:56:31Z</time>
      </trkpt>
      <trkpt lat="8.999525" lon="-79.576937">
        <time>2026-07-23T10:56:32Z</time>
      </trkpt>
      <trkpt lat="8.999542" lon="-79.576924">
        <time>2026-07-23T10:56:33Z</time>
      </trkpt>
      <trkpt lat="8.999558" lon="-79.576911">
        <time>2026-07-23T10:56:34Z</time>
      </trkpt>
      <trkpt lat="8.999580" lon="-79.576896">
        <time>2026-07-23T10:56:35Z</time>
      </trkpt>
      <trkpt lat="8.999600" lon="-79.576886">
        <time>2026-07-23T10:56:36Z</time>
      </trkpt>
      <trkpt lat="8.999620" lon="-79.576872">
        <time>2026-07-23T10:56:37Z</time>
      </trkpt>
      <trkpt lat="8.999640" lon="-79.576859">
        <time>2026-07-23T10:56:38Z</time>
      </trkpt>
      <trkpt lat="8.999658" lon="-79.576847">
        <time>2026-07-23T10:56:39Z</time>
      </trkpt>
      <trkpt lat="8.999680" lon="-79.576832">
        <time>2026-07-23T10:56:40Z</time>
      </trkpt>
      <trkpt lat="8.999700" lon="-79.576819">
        <time>2026-07-23T10:56:41Z</time>
      </trkpt>
      <trkpt lat="8.999718" lon="-79.576804">
        <time>2026-07-23T10:56:42Z</time>
      </trkpt>
      <trkpt lat="8.999739" lon="-79.576787">
        <time>2026-07-23T10:56:43Z</time>
      </trkpt>
      <trkpt lat="8.999757" lon="-79.576773">
        <time>2026-07-23T10:56:44Z</time>
      </trkpt>
      <trkpt lat="8.999779" lon="-79.576757">
        <time>2026-07-23T10:56:45Z</time>
      </trkpt>
      <trkpt lat="8.999801" lon="-79.576743">
        <time>2026-07-23T10:56:46Z</time>
      </trkpt>
      <trkpt lat="8.999821" lon="-79.576731">
        <time>2026-07-23T10:56:47Z</time>
      </trkpt>
      <trkpt lat="8.999842" lon="-79.576718">
        <time>2026-07-23T10:56:48Z</time>
      </trkpt>
      <trkpt lat="8.999861" lon="-79.576706">
        <time>2026-07-23T10:56:49Z</time>
      </trkpt>
      <trkpt lat="8.999877" lon="-79.576693">
        <time>2026-07-23T10:56:50Z</time>
      </trkpt>
      <trkpt lat="8.999891" lon="-79.576680">
        <time>2026-07-23T10:56:51Z</time>
      </trkpt>
      <trkpt lat="8.999899" lon="-79.576663">
        <time>2026-07-23T10:56:52Z</time>
      </trkpt>
      <trkpt lat="8.999892" lon="-79.576650">
        <time>2026-07-23T10:56:53Z</time>
      </trkpt>
      <trkpt lat="8.999883" lon="-79.576634">
        <time>2026-07-23T10:56:54Z</time>
      </trkpt>
      <trkpt lat="8.999874" lon="-79.576615">
        <time>2026-07-23T10:56:55Z</time>
      </trkpt>
      <trkpt lat="8.999860" lon="-79.576593">
        <time>2026-07-23T10:56:56Z</time>
      </trkpt>
      <trkpt lat="8.999854" lon="-79.576573">
        <time>2026-07-23T10:56:57Z</time>
      </trkpt>
      <trkpt lat="8.999861" lon="-79.576558">
        <time>2026-07-23T10:56:58Z</time>
      </trkpt>
      <trkpt lat="8.999880" lon="-79.576542">
        <time>2026-07-23T10:56:59Z</time>
      </trkpt>
      <trkpt lat="8.999899" lon="-79.576527">
        <time>2026-07-23T10:57:00Z</time>
      </trkpt>
      <trkpt lat="8.999918" lon="-79.576510">
        <time>2026-07-23T10:57:01Z</time>
      </trkpt>
      <trkpt lat="8.999935" lon="-79.576495">
        <time>2026-07-23T10:57:02Z</time>
      </trkpt>
      <trkpt lat="8.999954" lon="-79.576482">
        <time>2026-07-23T10:57:03Z</time>
      </trkpt>
      <trkpt lat="8.999976" lon="-79.576469">
        <time>2026-07-23T10:57:04Z</time>
      </trkpt>
      <trkpt lat="8.999996" lon="-79.576455">
        <time>2026-07-23T10:57:05Z</time>
      </trkpt>
      <trkpt lat="9.000018" lon="-79.576442">
        <time>2026-07-23T10:57:06Z</time>
      </trkpt>
      <trkpt lat="9.000038" lon="-79.576426">
        <time>2026-07-23T10:57:07Z</time>
      </trkpt>
      <trkpt lat="9.000057" lon="-79.576410">
        <time>2026-07-23T10:57:08Z</time>
      </trkpt>
      <trkpt lat="9.000075" lon="-79.576394">
        <time>2026-07-23T10:57:09Z</time>
      </trkpt>
      <trkpt lat="9.000093" lon="-79.576377">
        <time>2026-07-23T10:57:10Z</time>
      </trkpt>
      <trkpt lat="9.000112" lon="-79.576364">
        <time>2026-07-23T10:57:11Z</time>
      </trkpt>
      <trkpt lat="9.000130" lon="-79.576348">
        <time>2026-07-23T10:57:12Z</time>
      </trkpt>
      <trkpt lat="9.000148" lon="-79.576331">
        <time>2026-07-23T10:57:13Z</time>
      </trkpt>
      <trkpt lat="9.000165" lon="-79.576317">
        <time>2026-07-23T10:57:14Z</time>
      </trkpt>
      <trkpt lat="9.000182" lon="-79.576303">
        <time>2026-07-23T10:57:15Z</time>
      </trkpt>
      <trkpt lat="9.000199" lon="-79.576284">
        <time>2026-07-23T10:57:16Z</time>
      </trkpt>
      <trkpt lat="9.000214" lon="-79.576268">
        <time>2026-07-23T10:57:17Z</time>
      </trkpt>
      <trkpt lat="9.000231" lon="-79.576249">
        <time>2026-07-23T10:57:18Z</time>
      </trkpt>
      <trkpt lat="9.000248" lon="-79.576232">
        <time>2026-07-23T10:57:19Z</time>
      </trkpt>
      <trkpt lat="9.000262" lon="-79.576212">
        <time>2026-07-23T10:57:20Z</time>
      </trkpt>
      <trkpt lat="9.000280" lon="-79.576194">
        <time>2026-07-23T10:57:21Z</time>
      </trkpt>
      <trkpt lat="9.000296" lon="-79.576176">
        <time>2026-07-23T10:57:22Z</time>
      </trkpt>
      <trkpt lat="9.000313" lon="-79.576156">
        <time>2026-07-23T10:57:23Z</time>
      </trkpt>
      <trkpt lat="9.000331" lon="-79.576137">
        <time>2026-07-23T10:57:24Z</time>
      </trkpt>
      <trkpt lat="9.000347" lon="-79.576122">
        <time>2026-07-23T10:57:25Z</time>
      </trkpt>
      <trkpt lat="9.000365" lon="-79.576104">
        <time>2026-07-23T10:57:26Z</time>
      </trkpt>
      <trkpt lat="9.000382" lon="-79.576082">
        <time>2026-07-23T10:57:27Z</time>
      </trkpt>
      <trkpt lat="9.000397" lon="-79.576062">
        <time>2026-07-23T10:57:28Z</time>
      </trkpt>
      <trkpt lat="9.000412" lon="-79.576042">
        <time>2026-07-23T10:57:29Z</time>
      </trkpt>
      <trkpt lat="9.000428" lon="-79.576021">
        <time>2026-07-23T10:57:30Z</time>
      </trkpt>
      <trkpt lat="9.000445" lon="-79.576002">
        <time>2026-07-23T10:57:31Z</time>
      </trkpt>
      <trkpt lat="9.000460" lon="-79.575981">
        <time>2026-07-23T10:57:32Z</time>
      </trkpt>
      <trkpt lat="9.000474" lon="-79.575962">
        <time>2026-07-23T10:57:33Z</time>
      </trkpt>
      <trkpt lat="9.000490" lon="-79.575942">
        <time>2026-07-23T10:57:34Z</time>
      </trkpt>
      <trkpt lat="9.000505" lon="-79.575922">
        <time>2026-07-23T10:57:35Z</time>
      </trkpt>
      <trkpt lat="9.000520" lon="-79.575901">
        <time>2026-07-23T10:57:36Z</time>
      </trkpt>
      <trkpt lat="9.000532" lon="-79.575880">
        <time>2026-07-23T10:57:37Z</time>
      </trkpt>
      <trkpt lat="9.000546" lon="-79.575860">
        <time>2026-07-23T10:57:38Z</time>
      </trkpt>
      <trkpt lat="9.000558" lon="-79.575839">
        <time>2026-07-23T10:57:39Z</time>
      </trkpt>
      <trkpt lat="9.000571" lon="-79.575817">
        <time>2026-07-23T10:57:40Z</time>
      </trkpt>
      <trkpt lat="9.000585" lon="-79.575795">
        <time>2026-07-23T10:57:41Z</time>
      </trkpt>
      <trkpt lat="9.000601" lon="-79.575777">
        <time>2026-07-23T10:57:42Z</time>
      </trkpt>
      <trkpt lat="9.000620" lon="-79.575759">
        <time>2026-07-23T10:57:43Z</time>
      </trkpt>
      <trkpt lat="9.000637" lon="-79.575739">
        <time>2026-07-23T10:57:44Z</time>
      </trkpt>
      <trkpt lat="9.000653" lon="-79.575717">
        <time>2026-07-23T10:57:45Z</time>
      </trkpt>
      <trkpt lat="9.000670" lon="-79.575699">
        <time>2026-07-23T10:57:46Z</time>
      </trkpt>
      <trkpt lat="9.000688" lon="-79.575684">
        <time>2026-07-23T10:57:47Z</time>
      </trkpt>
      <trkpt lat="9.000704" lon="-79.575665">
        <time>2026-07-23T10:57:48Z</time>
      </trkpt>
      <trkpt lat="9.000721" lon="-79.575644">
        <time>2026-07-23T10:57:49Z</time>
      </trkpt>
      <trkpt lat="9.000740" lon="-79.575627">
        <time>2026-07-23T10:57:50Z</time>
      </trkpt>
      <trkpt lat="9.000760" lon="-79.575611">
        <time>2026-07-23T10:57:51Z</time>
      </trkpt>
      <trkpt lat="9.000778" lon="-79.575595">
        <time>2026-07-23T10:57:52Z</time>
      </trkpt>
      <trkpt lat="9.000797" lon="-79.575580">
        <time>2026-07-23T10:57:53Z</time>
      </trkpt>
      <trkpt lat="9.000817" lon="-79.575564">
        <time>2026-07-23T10:57:54Z</time>
      </trkpt>
      <trkpt lat="9.000839" lon="-79.575555">
        <time>2026-07-23T10:57:55Z</time>
      </trkpt>
      <trkpt lat="9.000863" lon="-79.575539">
        <time>2026-07-23T10:57:56Z</time>
      </trkpt>
      <trkpt lat="9.000887" lon="-79.575524">
        <time>2026-07-23T10:57:57Z</time>
      </trkpt>
      <trkpt lat="9.000910" lon="-79.575511">
        <time>2026-07-23T10:57:58Z</time>
      </trkpt>
      <trkpt lat="9.000929" lon="-79.575495">
        <time>2026-07-23T10:57:59Z</time>
      </trkpt>
      <trkpt lat="9.000947" lon="-79.575479">
        <time>2026-07-23T10:58:00Z</time>
      </trkpt>
      <trkpt lat="9.000966" lon="-79.575462">
        <time>2026-07-23T10:58:01Z</time>
      </trkpt>
      <trkpt lat="9.000988" lon="-79.575442">
        <time>2026-07-23T10:58:02Z</time>
      </trkpt>
      <trkpt lat="9.001008" lon="-79.575424">
        <time>2026-07-23T10:58:03Z</time>
      </trkpt>
      <trkpt lat="9.001028" lon="-79.575409">
        <time>2026-07-23T10:58:04Z</time>
      </trkpt>
      <trkpt lat="9.001046" lon="-79.575395">
        <time>2026-07-23T10:58:05Z</time>
      </trkpt>
      <trkpt lat="9.001066" lon="-79.575384">
        <time>2026-07-23T10:58:06Z</time>
      </trkpt>
      <trkpt lat="9.001086" lon="-79.575373">
        <time>2026-07-23T10:58:07Z</time>
      </trkpt>
      <trkpt lat="9.001104" lon="-79.575359">
        <time>2026-07-23T10:58:08Z</time>
      </trkpt>
      <trkpt lat="9.001122" lon="-79.575342">
        <time>2026-07-23T10:58:09Z</time>
      </trkpt>
      <trkpt lat="9.001142" lon="-79.575324">
        <time>2026-07-23T10:58:10Z</time>
      </trkpt>
      <trkpt lat="9.001164" lon="-79.575307">
        <time>2026-07-23T10:58:11Z</time>
      </trkpt>
      <trkpt lat="9.001187" lon="-79.575292">
        <time>2026-07-23T10:58:12Z</time>
      </trkpt>
      <trkpt lat="9.001209" lon="-79.575275">
        <time>2026-07-23T10:58:13Z</time>
      </trkpt>
      <trkpt lat="9.001231" lon="-79.575258">
        <time>2026-07-23T10:58:14Z</time>
      </trkpt>
      <trkpt lat="9.001251" lon="-79.575240">
        <time>2026-07-23T10:58:15Z</time>
      </trkpt>
      <trkpt lat="9.001272" lon="-79.575225">
        <time>2026-07-23T10:58:16Z</time>
      </trkpt>
      <trkpt lat="9.001292" lon="-79.575212">
        <time>2026-07-23T10:58:17Z</time>
      </trkpt>
      <trkpt lat="9.001316" lon="-79.575200">
        <time>2026-07-23T10:58:18Z</time>
      </trkpt>
      <trkpt lat="9.001340" lon="-79.575187">
        <time>2026-07-23T10:58:19Z</time>
      </trkpt>
      <trkpt lat="9.001364" lon="-79.575174">
        <time>2026-07-23T10:58:20Z</time>
      </trkpt>
      <trkpt lat="9.001387" lon="-79.575157">
        <time>2026-07-23T10:58:21Z</time>
      </trkpt>
      <trkpt lat="9.001409" lon="-79.575142">
        <time>2026-07-23T10:58:22Z</time>
      </trkpt>
      <trkpt lat="9.001434" lon="-79.575130">
        <time>2026-07-23T10:58:23Z</time>
      </trkpt>
      <trkpt lat="9.001458" lon="-79.575116">
        <time>2026-07-23T10:58:24Z</time>
      </trkpt>
      <trkpt lat="9.001479" lon="-79.575100">
        <time>2026-07-23T10:58:25Z</time>
      </trkpt>
      <trkpt lat="9.001502" lon="-79.575086">
        <time>2026-07-23T10:58:26Z</time>
      </trkpt>
      <trkpt lat="9.001525" lon="-79.575071">
        <time>2026-07-23T10:58:27Z</time>
      </trkpt>
      <trkpt lat="9.001547" lon="-79.575057">
        <time>2026-07-23T10:58:28Z</time>
      </trkpt>
      <trkpt lat="9.001570" lon="-79.575042">
        <time>2026-07-23T10:58:29Z</time>
      </trkpt>
      <trkpt lat="9.001591" lon="-79.575026">
        <time>2026-07-23T10:58:30Z</time>
      </trkpt>
      <trkpt lat="9.001611" lon="-79.575009">
        <time>2026-07-23T10:58:31Z</time>
      </trkpt>
      <trkpt lat="9.001630" lon="-79.574994">
        <time>2026-07-23T10:58:32Z</time>
      </trkpt>
      <trkpt lat="9.001648" lon="-79.574978">
        <time>2026-07-23T10:58:33Z</time>
      </trkpt>
      <trkpt lat="9.001668" lon="-79.574962">
        <time>2026-07-23T10:58:34Z</time>
      </trkpt>
      <trkpt lat="9.001685" lon="-79.574943">
        <time>2026-07-23T10:58:35Z</time>
      </trkpt>
      <trkpt lat="9.001704" lon="-79.574928">
        <time>2026-07-23T10:58:36Z</time>
      </trkpt>
      <trkpt lat="9.001721" lon="-79.574912">
        <time>2026-07-23T10:58:37Z</time>
      </trkpt>
      <trkpt lat="9.001739" lon="-79.574895">
        <time>2026-07-23T10:58:38Z</time>
      </trkpt>
      <trkpt lat="9.001757" lon="-79.574879">
        <time>2026-07-23T10:58:39Z</time>
      </trkpt>
      <trkpt lat="9.001775" lon="-79.574866">
        <time>2026-07-23T10:58:40Z</time>
      </trkpt>
      <trkpt lat="9.001793" lon="-79.574851">
        <time>2026-07-23T10:58:41Z</time>
      </trkpt>
      <trkpt lat="9.001812" lon="-79.574833">
        <time>2026-07-23T10:58:42Z</time>
      </trkpt>
      <trkpt lat="9.001830" lon="-79.574817">
        <time>2026-07-23T10:58:43Z</time>
      </trkpt>
      <trkpt lat="9.001848" lon="-79.574801">
        <time>2026-07-23T10:58:44Z</time>
      </trkpt>
      <trkpt lat="9.001867" lon="-79.574784">
        <time>2026-07-23T10:58:45Z</time>
      </trkpt>
      <trkpt lat="9.001883" lon="-79.574767">
        <time>2026-07-23T10:58:46Z</time>
      </trkpt>
      <trkpt lat="9.001900" lon="-79.574751">
        <time>2026-07-23T10:58:47Z</time>
      </trkpt>
      <trkpt lat="9.001916" lon="-79.574737">
        <time>2026-07-23T10:58:48Z</time>
      </trkpt>
      <trkpt lat="9.001935" lon="-79.574723">
        <time>2026-07-23T10:58:49Z</time>
      </trkpt>
      <trkpt lat="9.001951" lon="-79.574704">
        <time>2026-07-23T10:58:50Z</time>
      </trkpt>
      <trkpt lat="9.001970" lon="-79.574689">
        <time>2026-07-23T10:58:51Z</time>
      </trkpt>
      <trkpt lat="9.001991" lon="-79.574671">
        <time>2026-07-23T10:58:52Z</time>
      </trkpt>
      <trkpt lat="9.002011" lon="-79.574654">
        <time>2026-07-23T10:58:53Z</time>
      </trkpt>
      <trkpt lat="9.002031" lon="-79.574637">
        <time>2026-07-23T10:58:54Z</time>
      </trkpt>
      <trkpt lat="9.002053" lon="-79.574622">
        <time>2026-07-23T10:58:55Z</time>
      </trkpt>
      <trkpt lat="9.002074" lon="-79.574608">
        <time>2026-07-23T10:58:56Z</time>
      </trkpt>
      <trkpt lat="9.002095" lon="-79.574591">
        <time>2026-07-23T10:58:57Z</time>
      </trkpt>
      <trkpt lat="9.002113" lon="-79.574576">
        <time>2026-07-23T10:58:58Z</time>
      </trkpt>
      <trkpt lat="9.002133" lon="-79.574560">
        <time>2026-07-23T10:58:59Z</time>
      </trkpt>
      <trkpt lat="9.002154" lon="-79.574543">
        <time>2026-07-23T10:59:00Z</time>
      </trkpt>
      <trkpt lat="9.002173" lon="-79.574527">
        <time>2026-07-23T10:59:01Z</time>
      </trkpt>
      <trkpt lat="9.002191" lon="-79.574513">
        <time>2026-07-23T10:59:02Z</time>
      </trkpt>
      <trkpt lat="9.002210" lon="-79.574501">
        <time>2026-07-23T10:59:03Z</time>
      </trkpt>
      <trkpt lat="9.002230" lon="-79.574486">
        <time>2026-07-23T10:59:04Z</time>
      </trkpt>
      <trkpt lat="9.002248" lon="-79.574468">
        <time>2026-07-23T10:59:05Z</time>
      </trkpt>
      <trkpt lat="9.002267" lon="-79.574451">
        <time>2026-07-23T10:59:06Z</time>
      </trkpt>
      <trkpt lat="9.002286" lon="-79.574435">
        <time>2026-07-23T10:59:07Z</time>
      </trkpt>
      <trkpt lat="9.002306" lon="-79.574419">
        <time>2026-07-23T10:59:08Z</time>
      </trkpt>
      <trkpt lat="9.002325" lon="-79.574404">
        <time>2026-07-23T10:59:09Z</time>
      </trkpt>
      <trkpt lat="9.002343" lon="-79.574389">
        <time>2026-07-23T10:59:10Z</time>
      </trkpt>
      <trkpt lat="9.002360" lon="-79.574375">
        <time>2026-07-23T10:59:11Z</time>
      </trkpt>
      <trkpt lat="9.002378" lon="-79.574363">
        <time>2026-07-23T10:59:12Z</time>
      </trkpt>
      <trkpt lat="9.002397" lon="-79.574348">
        <time>2026-07-23T10:59:13Z</time>
      </trkpt>
      <trkpt lat="9.002415" lon="-79.574333">
        <time>2026-07-23T10:59:14Z</time>
      </trkpt>
      <trkpt lat="9.002434" lon="-79.574320">
        <time>2026-07-23T10:59:15Z</time>
      </trkpt>
      <trkpt lat="9.002450" lon="-79.574308">
        <time>2026-07-23T10:59:16Z</time>
      </trkpt>
      <trkpt lat="9.002466" lon="-79.574293">
        <time>2026-07-23T10:59:17Z</time>
      </trkpt>
      <trkpt lat="9.002484" lon="-79.574281">
        <time>2026-07-23T10:59:18Z</time>
      </trkpt>
      <trkpt lat="9.002504" lon="-79.574264">
        <time>2026-07-23T10:59:19Z</time>
      </trkpt>
      <trkpt lat="9.002523" lon="-79.574250">
        <time>2026-07-23T10:59:20Z</time>
      </trkpt>
      <trkpt lat="9.002543" lon="-79.574236">
        <time>2026-07-23T10:59:21Z</time>
      </trkpt>
      <trkpt lat="9.002562" lon="-79.574222">
        <time>2026-07-23T10:59:22Z</time>
      </trkpt>
      <trkpt lat="9.002581" lon="-79.574206">
        <time>2026-07-23T10:59:23Z</time>
      </trkpt>
      <trkpt lat="9.002599" lon="-79.574192">
        <time>2026-07-23T10:59:24Z</time>
      </trkpt>
      <trkpt lat="9.002619" lon="-79.574176">
        <time>2026-07-23T10:59:25Z</time>
      </trkpt>
      <trkpt lat="9.002638" lon="-79.574160">
        <time>2026-07-23T10:59:26Z</time>
      </trkpt>
      <trkpt lat="9.002657" lon="-79.574145">
        <time>2026-07-23T10:59:27Z</time>
      </trkpt>
      <trkpt lat="9.002676" lon="-79.574132">
        <time>2026-07-23T10:59:28Z</time>
      </trkpt>
      <trkpt lat="9.002697" lon="-79.574117">
        <time>2026-07-23T10:59:29Z</time>
      </trkpt>
      <trkpt lat="9.002717" lon="-79.574102">
        <time>2026-07-23T10:59:30Z</time>
      </trkpt>
      <trkpt lat="9.002736" lon="-79.574088">
        <time>2026-07-23T10:59:31Z</time>
      </trkpt>
      <trkpt lat="9.002755" lon="-79.574073">
        <time>2026-07-23T10:59:32Z</time>
      </trkpt>
      <trkpt lat="9.002776" lon="-79.574058">
        <time>2026-07-23T10:59:33Z</time>
      </trkpt>
      <trkpt lat="9.002794" lon="-79.574042">
        <time>2026-07-23T10:59:34Z</time>
      </trkpt>
      <trkpt lat="9.002811" lon="-79.574025">
        <time>2026-07-23T10:59:35Z</time>
      </trkpt>
      <trkpt lat="9.002830" lon="-79.574009">
        <time>2026-07-23T10:59:36Z</time>
      </trkpt>
      <trkpt lat="9.002849" lon="-79.573993">
        <time>2026-07-23T10:59:37Z</time>
      </trkpt>
      <trkpt lat="9.002867" lon="-79.573977">
        <time>2026-07-23T10:59:38Z</time>
      </trkpt>
      <trkpt lat="9.002886" lon="-79.573961">
        <time>2026-07-23T10:59:39Z</time>
      </trkpt>
      <trkpt lat="9.002906" lon="-79.573946">
        <time>2026-07-23T10:59:40Z</time>
      </trkpt>
      <trkpt lat="9.002925" lon="-79.573929">
        <time>2026-07-23T10:59:41Z</time>
      </trkpt>
      <trkpt lat="9.002943" lon="-79.573912">
        <time>2026-07-23T10:59:42Z</time>
      </trkpt>
      <trkpt lat="9.002964" lon="-79.573896">
        <time>2026-07-23T10:59:43Z</time>
      </trkpt>
      <trkpt lat="9.002984" lon="-79.573881">
        <time>2026-07-23T10:59:44Z</time>
      </trkpt>
      <trkpt lat="9.003007" lon="-79.573867">
        <time>2026-07-23T10:59:45Z</time>
      </trkpt>
      <trkpt lat="9.003027" lon="-79.573851">
        <time>2026-07-23T10:59:46Z</time>
      </trkpt>
      <trkpt lat="9.003046" lon="-79.573836">
        <time>2026-07-23T10:59:47Z</time>
      </trkpt>
      <trkpt lat="9.003066" lon="-79.573819">
        <time>2026-07-23T10:59:48Z</time>
      </trkpt>
      <trkpt lat="9.003086" lon="-79.573804">
        <time>2026-07-23T10:59:49Z</time>
      </trkpt>
      <trkpt lat="9.003105" lon="-79.573790">
        <time>2026-07-23T10:59:50Z</time>
      </trkpt>
      <trkpt lat="9.003126" lon="-79.573774">
        <time>2026-07-23T10:59:51Z</time>
      </trkpt>
      <trkpt lat="9.003137" lon="-79.573760">
        <time>2026-07-23T10:59:52Z</time>
      </trkpt>
      <trkpt lat="9.003132" lon="-79.573759">
        <time>2026-07-23T10:59:53Z</time>
      </trkpt>
      <trkpt lat="9.003132" lon="-79.573768">
        <time>2026-07-23T10:59:54Z</time>
      </trkpt>
      <trkpt lat="9.003135" lon="-79.573770">
        <time>2026-07-23T10:59:55Z</time>
      </trkpt>
    </trkseg>
  </trk>
</gpx>
