<?xml version="1.0" encoding="UTF-8"?>
<gpx version="1.1" creator="FitFilter" xmlns="http://www.topografix.com/GPX/1/1" xmlns:xsi="http://www.w3.org/2001/XMLSchema-instance" xsi:schemaLocation="http://www.topografix.com/GPX/1/1 http://www.topografix.com/GPX/1/1/gpx.xsd">
  <metadata>
    <time>2026-08-04T10:09:00Z</time>
  </metadata>
  <trk>
    <name>Running - 2026-08-04 10:09</name>
    <type>running</type>
    <trkseg>
      <trkpt lat="9.004749" lon="-79.566035">
        <time>2026-08-04T10:09:00Z</time>
      </trkpt>
      <trkpt lat="9.004755" lon="-79.566040">
        <time>2026-08-04T10:09:01Z</time>
      </trkpt>
      <trkpt lat="9.004763" lon="-79.566053">
        <time>2026-08-04T10:09:02Z</time>
      </trkpt>
      <trkpt lat="9.004775" lon="-79.566066">
        <time>2026-08-04T10:09:03Z</time>
      </trkpt>
      <trkpt lat="9.004784" lon="-79.566079">
        <time>2026-08-04T10:09:04Z</time>
      </trkpt>
      <trkpt lat="9.004794" lon="-79.566096">
        <time>2026-08-04T10:09:05Z</time>
      </trkpt>
      <trkpt lat="9.004806" lon="-79.566111">
        <time>2026-08-04T10:09:06Z</time>
      </trkpt>
      <trkpt lat="9.004816" lon="-79.566124">
        <time>2026-08-04T10:09:07Z</time>
      </trkpt>
      <trkpt lat="9.004824" lon="-79.566141">
        <time>2026-08-04T10:09:08Z</time>
      </trkpt>
      <trkpt lat="9.004832" lon="-79.566157">
        <time>2026-08-04T10:09:09Z</time>
      </trkpt>
      <trkpt lat="9.004845" lon="-79.566172">
        <time>2026-08-04T10:09:10Z</time>
      </trkpt>
      <trkpt lat="9.004856" lon="-79.566187">
        <time>2026-08-04T10:09:11Z</time>
      </trkpt>
      <trkpt lat="9.004868" lon="-79.566203">
        <time>2026-08-04T10:09:12Z</time>
      </trkpt>
      <trkpt lat="9.004878" lon="-79.566220">
        <time>2026-08-04T10:09:13Z</time>
      </trkpt>
      <trkpt lat="9.004889" lon="-79.566238">
        <time>2026-08-04T10:09:14Z</time>
      </trkpt>
      <trkpt lat="9.004901" lon="-79.566255">
        <time>2026-08-04T10:09:15Z</time>
      </trkpt>
      <trkpt lat="9.004910" lon="-79.566274">
        <time>2026-08-04T10:09:16Z</time>
      </trkpt>
      <trkpt lat="9.004920" lon="-79.566290">
        <time>2026-08-04T10:09:17Z</time>
      </trkpt>
      <trkpt lat="9.004929" lon="-79.566308">
        <time>2026-08-04T10:09:18Z</time>
      </trkpt>
      <trkpt lat="9.004941" lon="-79.566325">
        <time>2026-08-04T10:09:19Z</time>
      </trkpt>
      <trkpt lat="9.004951" lon="-79.566342">
        <time>2026-08-04T10:09:20Z</time>
      </trkpt>
      <trkpt lat="9.004960" lon="-79.566359">
        <time>2026-08-04T10:09:21Z</time>
      </trkpt>
      <trkpt lat="9.004969" lon="-79.566378">
        <time>2026-08-04T10:09:22Z</time>
      </trkpt>
      <trkpt lat="9.004976" lon="-79.566395">
        <time>2026-08-04T10:09:23Z</time>
      </trkpt>
      <trkpt lat="9.004983" lon="-79.566414">
        <time>2026-08-04T10:09:24Z</time>
      </trkpt>
      <trkpt lat="9.004990" lon="-79.566435">
        <time>2026-08-04T10:09:25Z</time>
      </trkpt>
      <trkpt lat="9.004997" lon="-79.566455">
        <time>2026-08-04T10:09:26Z</time>
      </trkpt>
      <trkpt lat="9.005006" lon="-79.566477">
        <time>2026-08-04T10:09:27Z</time>
      </trkpt>
      <trkpt lat="9.005013" lon="-79.566498">
        <time>2026-08-04T10:09:28Z</time>
      </trkpt>
      <trkpt lat="9.005021" lon="-79.566519">
        <time>2026-08-04T10:09:29Z</time>
      </trkpt>
      <trkpt lat="9.005032" lon="-79.566539">
        <time>2026-08-04T10:09:30Z</time>
      </trkpt>
      <trkpt lat="9.005042" lon="-79.566558">
        <time>2026-08-04T10:09:31Z</time>
      </trkpt>
      <trkpt lat="9.005050" lon="-79.566576">
        <time>2026-08-04T10:09:32Z</time>
      </trkpt>
      <trkpt lat="9.005058" lon="-79.566597">
        <time>2026-08-04T10:09:33Z</time>
      </trkpt>
      <trkpt lat="9.005065" lon="-79.566616">
        <time>2026-08-04T10:09:34Z</time>
      </trkpt>
      <trkpt lat="9.005070" lon="-79.566636">
        <time>2026-08-04T10:09:35Z</time>
      </trkpt>
      <trkpt lat="9.005075" lon="-79.566658">
        <time>2026-08-04T10:09:36Z</time>
      </trkpt>
      <trkpt lat="9.005078" lon="-79.566679">
        <time>2026-08-04T10:09:37Z</time>
      </trkpt>
      <trkpt lat="9.005084" lon="-79.566699">
        <time>2026-08-04T10:09:38Z</time>
      </trkpt>
      <trkpt lat="9.005093" lon="-79.566722">
        <time>2026-08-04T10:09:39Z</time>
      </trkpt>
      <trkpt lat="9.005100" lon="-79.566743">
        <time>2026-08-04T10:09:40Z</time>
      </trkpt>
      <trkpt lat="9.005107" lon="-79.566764">
        <time>2026-08-04T10:09:41Z</time>
      </trkpt>
      <trkpt lat="9.005117" lon="-79.566785">
        <time>2026-08-04T10:09:42Z</time>
      </trkpt>
      <trkpt lat="9.005124" lon="-79.566801">
        <time>2026-08-04T10:09:43Z</time>
      </trkpt>
      <trkpt lat="9.005136" lon="-79.566820">
        <time>2026-08-04T10:09:44Z</time>
      </trkpt>
      <trkpt lat="9.005145" lon="-79.566841">
        <time>2026-08-04T10:09:45Z</time>
      </trkpt>
      <trkpt lat="9.005147" lon="-79.566862">
        <time>2026-08-04T10:09:46Z</time>
      </trkpt>
      <trkpt lat="9.005147" lon="-79.566884">
        <time>2026-08-04T10:09:47Z</time>
      </trkpt>
      <trkpt lat="9.005149" lon="-79.566908">
        <time>2026-08-04T10:09:48Z</time>
      </trkpt>
      <trkpt lat="9.005154" lon="-79.566930">
        <time>2026-08-04T10:09:49Z</time>
      </trkpt>
      <trkpt lat="9.005163" lon="-79.566955">
        <time>2026-08-04T10:09:50Z</time>
      </trkpt>
      <trkpt lat="9.005172" lon="-79.566978">
        <time>2026-08-04T10:09:51Z</time>
      </trkpt>
      <trkpt lat="9.005183" lon="-79.566998">
        <time>2026-08-04T10:09:52Z</time>
      </trkpt>
      <trkpt lat="9.005197" lon="-79.567018">
        <time>2026-08-04T10:09:53Z</time>
      </trkpt>
      <trkpt lat="9.005208" lon="-79.567038">
        <time>2026-08-04T10:09:54Z</time>
      </trkpt>
      <trkpt lat="9.005219" lon="-79.567060">
        <time>2026-08-04T10:09:55Z</time>
      </trkpt>
      <trkpt lat="9.005229" lon="-79.567080">
        <time>2026-08-04T10:09:56Z</time>
      </trkpt>
      <trkpt lat="9.005238" lon="-79.567098">
        <time>2026-08-04T10:09:57Z</time>
      </trkpt>
      <trkpt lat="9.005251" lon="-79.567119">
        <time>2026-08-04T10:09:58Z</time>
      </trkpt>
      <trkpt lat="9.005262" lon="-79.567138">
        <time>2026-08-04T10:09:59Z</time>
      </trkpt>
      <trkpt lat="9.005273" lon="-79.567156">
        <time>2026-08-04T10:10:00Z</time>
      </trkpt>
      <trkpt lat="9.005284" lon="-79.567175">
        <time>2026-08-04T10:10:01Z</time>
      </trkpt>
      <trkpt lat="9.005291" lon="-79.567194">
        <time>2026-08-04T10:10:02Z</time>
      </trkpt>
      <trkpt lat="9.005300" lon="-79.567214">
        <time>2026-08-04T10:10:03Z</time>
      </trkpt>
      <trkpt lat="9.005308" lon="-79.567235">
        <time>2026-08-04T10:10:04Z</time>
      </trkpt>
      <trkpt lat="9.005313" lon="-79.567253">
        <time>2026-08-04T10:10:05Z</time>
      </trkpt>
      <trkpt lat="9.005321" lon="-79.567272">
        <time>2026-08-04T10:10:06Z</time>
      </trkpt>
      <trkpt lat="9.005328" lon="-79.567293">
        <time>2026-08-04T10:10:07Z</time>
      </trkpt>
      <trkpt lat="9.005336" lon="-79.567313">
        <time>2026-08-04T10:10:08Z</time>
      </trkpt>
      <trkpt lat="9.005348" lon="-79.567331">
        <time>2026-08-04T10:10:09Z</time>
      </trkpt>
      <trkpt lat="9.005359" lon="-79.567350">
        <time>2026-08-04T10:10:10Z</time>
      </trkpt>
      <trkpt lat="9.005371" lon="-79.567368">
        <time>2026-08-04T10:10:11Z</time>
      </trkpt>
      <trkpt lat="9.005385" lon="-79.567388">
        <time>2026-08-04T10:10:12Z</time>
      </trkpt>
      <trkpt lat="9.005394" lon="-79.567407">
        <time>2026-08-04T10:10:13Z</time>
      </trkpt>
      <trkpt lat="9.005405" lon="-79.567426">
        <time>2026-08-04T10:10:14Z</time>
      </trkpt>
      <trkpt lat="9.005418" lon="-79.567445">
        <time>2026-08-04T10:10:15Z</time>
      </trkpt>
      <trkpt lat="9.005428" lon="-79.567462">
        <time>2026-08-04T10:10:16Z</time>
      </trkpt>
      <trkpt lat="9.005436" lon="-79.567479">
        <time>2026-08-04T10:10:17Z</time>
      </trkpt>
      <trkpt lat="9.005447" lon="-79.567499">
        <time>2026-08-04T10:10:18Z</time>
      </trkpt>
      <trkpt lat="9.005456" lon="-79.567520">
        <time>2026-08-04T10:10:19Z</time>
      </trkpt>
      <trkpt lat="9.005468" lon="-79.567538">
        <time>2026-08-04T10:10:20Z</time>
      </trkpt>
      <trkpt lat="9.005482" lon="-79.567558">
        <time>2026-08-04T10:10:21Z</time>
      </trkpt>
      <trkpt lat="9.005494" lon="-79.567578">
        <time>2026-08-04T10:10:22Z</time>
      </trkpt>
      <trkpt lat="9.005505" lon="-79.567595">
        <time>2026-08-04T10:10:23Z</time>
      </trkpt>
      <trkpt lat="9.005516" lon="-79.567613">
        <time>2026-08-04T10:10:24Z</time>
      </trkpt>
      <trkpt lat="9.005528" lon="-79.567630">
        <time>2026-08-04T10:10:25Z</time>
      </trkpt>
      <trkpt lat="9.005538" lon="-79.567642">
        <time>2026-08-04T10:10:26Z</time>
      </trkpt>
      <trkpt lat="9.005548" lon="-79.567655">
        <time>2026-08-04T10:10:27Z</time>
      </trkpt>
      <trkpt lat="9.005559" lon="-79.567667">
        <time>2026-08-04T10:10:28Z</time>
      </trkpt>
      <trkpt lat="9.005568" lon="-79.567682">
        <time>2026-08-04T10:10:29Z</time>
      </trkpt>
      <trkpt lat="9.005581" lon="-79.567698">
        <time>2026-08-04T10:10:30Z</time>
      </trkpt>
      <trkpt lat="9.005593" lon="-79.567715">
        <time>2026-08-04T10:10:31Z</time>
      </trkpt>
      <trkpt lat="9.005606" lon="-79.567733">
        <time>2026-08-04T10:10:32Z</time>
      </trkpt>
      <trkpt lat="9.005621" lon="-79.567751">
        <time>2026-08-04T10:10:33Z</time>
      </trkpt>
      <trkpt lat="9.005637" lon="-79.567764">
        <time>2026-08-04T10:10:34Z</time>
      </trkpt>
      <trkpt lat="9.005651" lon="-79.567782">
        <time>2026-08-04T10:10:35Z</time>
      </trkpt>
      <trkpt lat="9.005665" lon="-79.567801">
        <time>2026-08-04T10:10:36Z</time>
      </trkpt>
      <trkpt lat="9.005678" lon="-79.567816">
        <time>2026-08-04T10:10:37Z</time>
      </trkpt>
      <trkpt lat="9.005691" lon="-79.567831">
        <time>2026-08-04T10:10:38Z</time>
      </trkpt>
      <trkpt lat="9.005706" lon="-79.567848">
        <time>2026-08-04T10:10:39Z</time>
      </trkpt>
      <trkpt lat="9.005719" lon="-79.567864">
        <time>2026-08-04T10:10:40Z</time>
      </trkpt>
      <trkpt lat="9.005732" lon="-79.567883">
        <time>2026-08-04T10:10:41Z</time>
      </trkpt>
      <trkpt lat="9.005745" lon="-79.567899">
        <time>2026-08-04T10:10:42Z</time>
      </trkpt>
      <trkpt lat="9.005757" lon="-79.567914">
        <time>2026-08-04T10:10:43Z</time>
      </trkpt>
      <trkpt lat="9.005769" lon="-79.567928">
        <time>2026-08-04T10:10:44Z</time>
      </trkpt>
      <trkpt lat="9.005779" lon="-79.567943">
        <time>2026-08-04T10:10:45Z</time>
      </trkpt>
      <trkpt lat="9.005786" lon="-79.567955">
        <time>2026-08-04T10:10:46Z</time>
      </trkpt>
      <trkpt lat="9.005791" lon="-79.567970">
        <time>2026-08-04T10:10:47Z</time>
      </trkpt>
      <trkpt lat="9.005794" lon="-79.567989">
        <time>2026-08-04T10:10:48Z</time>
      </trkpt>
      <trkpt lat="9.005793" lon="-79.568008">
        <time>2026-08-04T10:10:49Z</time>
      </trkpt>
      <trkpt lat="9.005791" lon="-79.568027">
        <time>2026-08-04T10:10:50Z</time>
      </trkpt>
      <trkpt lat="9.005786" lon="-79.568046">
        <time>2026-08-04T10:10:51Z</time>
      </trkpt>
      <trkpt lat="9.005780" lon="-79.568065">
        <time>2026-08-04T10:10:52Z</time>
      </trkpt>
      <trkpt lat="9.005771" lon="-79.568077">
        <time>2026-08-04T10:10:53Z</time>
      </trkpt>
      <trkpt lat="9.005760" lon="-79.568091">
        <time>2026-08-04T10:10:54Z</time>
      </trkpt>
      <trkpt lat="9.005749" lon="-79.568106">
        <time>2026-08-04T10:10:55Z</time>
      </trkpt>
      <trkpt lat="9.005736" lon="-79.568121">
        <time>2026-08-04T10:10:56Z</time>
      </trkpt>
      <trkpt lat="9.005725" lon="-79.568135">
        <time>2026-08-04T10:10:57Z</time>
      </trkpt>
      <trkpt lat="9.005713" lon="-79.568154">
        <time>2026-08-04T10:10:58Z</time>
      </trkpt>
      <trkpt lat="9.005700" lon="-79.568171">
        <time>2026-08-04T10:10:59Z</time>
      </trkpt>
      <trkpt lat="9.005689" lon="-79.568186">
        <time>2026-08-04T10:11:00Z</time>
      </trkpt>
      <trkpt lat="9.005675" lon="-79.568206">
        <time>2026-08-04T10:11:01Z</time>
      </trkpt>
      <trkpt lat="9.005664" lon="-79.568223">
        <time>2026-08-04T10:11:02Z</time>
      </trkpt>
      <trkpt lat="9.005654" lon="-79.568241">
        <time>2026-08-04T10:11:03Z</time>
      </trkpt>
      <trkpt lat="9.005644" lon="-79.568258">
        <time>2026-08-04T10:11:04Z</time>
      </trkpt>
      <trkpt lat="9.005633" lon="-79.568277">
        <time>2026-08-04T10:11:05Z</time>
      </trkpt>
      <trkpt lat="9.005621" lon="-79.568294">
        <time>2026-08-04T10:11:06Z</time>
      </trkpt>
      <trkpt lat="9.005608" lon="-79.568311">
        <time>2026-08-04T10:11:07Z</time>
      </trkpt>
      <trkpt lat="9.005597" lon="-79.568328">
        <time>2026-08-04T10:11:08Z</time>
      </trkpt>
      <trkpt lat="9.005585" lon="-79.568347">
        <time>2026-08-04T10:11:09Z</time>
      </trkpt>
      <trkpt lat="9.005575" lon="-79.568369">
        <time>2026-08-04T10:11:10Z</time>
      </trkpt>
      <trkpt lat="9.005565" lon="-79.568391">
        <time>2026-08-04T10:11:11Z</time>
      </trkpt>
      <trkpt lat="9.005558" lon="-79.568415">
        <time>2026-08-04T10:11:12Z</time>
      </trkpt>
      <trkpt lat="9.005556" lon="-79.568437">
        <time>2026-08-04T10:11:13Z</time>
      </trkpt>
      <trkpt lat="9.005557" lon="-79.568459">
        <time>2026-08-04T10:11:14Z</time>
      </trkpt>
      <trkpt lat="9.005559" lon="-79.568479">
        <time>2026-08-04T10:11:15Z</time>
      </trkpt>
      <trkpt lat="9.005555" lon="-79.568498">
        <time>2026-08-04T10:11:16Z</time>
      </trkpt>
      <trkpt lat="9.005551" lon="-79.568518">
        <time>2026-08-04T10:11:17Z</time>
      </trkpt>
      <trkpt lat="9.005548" lon="-79.568539">
        <time>2026-08-04T10:11:18Z</time>
      </trkpt>
      <trkpt lat="9.005547" lon="-79.568561">
        <time>2026-08-04T10:11:19Z</time>
      </trkpt>
      <trkpt lat="9.005542" lon="-79.568581">
        <time>2026-08-04T10:11:20Z</time>
      </trkpt>
      <trkpt lat="9.005535" lon="-79.568603">
        <time>2026-08-04T10:11:21Z</time>
      </trkpt>
      <trkpt lat="9.005531" lon="-79.568627">
        <time>2026-08-04T10:11:22Z</time>
      </trkpt>
      <trkpt lat="9.005528" lon="-79.568648">
        <time>2026-08-04T10:11:23Z</time>
      </trkpt>
      <trkpt lat="9.005524" lon="-79.568671">
        <time>2026-08-04T10:11:24Z</time>
      </trkpt>
      <trkpt lat="9.005518" lon="-79.568694">
        <time>2026-08-04T10:11:25Z</time>
      </trkpt>
      <trkpt lat="9.005513" lon="-79.568717">
        <time>2026-08-04T10:11:26Z</time>
      </trkpt>
      <trkpt lat="9.005506" lon="-79.568739">
        <time>2026-08-04T10:11:27Z</time>
      </trkpt>
      <trkpt lat="9.005502" lon="-79.568762">
        <time>2026-08-04T10:11:28Z</time>
      </trkpt>
      <trkpt lat="9.005497" lon="-79.568783">
        <time>2026-08-04T10:11:29Z</time>
      </trkpt>
      <trkpt lat="9.005493" lon="-79.568800">
        <time>2026-08-04T10:11:30Z</time>
      </trkpt>
      <trkpt lat="9.005485" lon="-79.568818">
        <time>2026-08-04T10:11:31Z</time>
      </trkpt>
      <trkpt lat="9.005477" lon="-79.568836">
        <time>2026-08-04T10:11:32Z</time>
      </trkpt>
      <trkpt lat="9.005472" lon="-79.568855">
        <time>2026-08-04T10:11:33Z</time>
      </trkpt>
      <trkpt lat="9.005464" lon="-79.568874">
        <time>2026-08-04T10:11:34Z</time>
      </trkpt>
      <trkpt lat="9.005457" lon="-79.568894">
        <time>2026-08-04T10:11:35Z</time>
      </trkpt>
      <trkpt lat="9.005449" lon="-79.568913">
        <time>2026-08-04T10:11:36Z</time>
      </trkpt>
      <trkpt lat="9.005443" lon="-79.568937">
        <time>2026-08-04T10:11:37Z</time>
      </trkpt>
      <trkpt lat="9.005436" lon="-79.568960">
        <time>2026-08-04T10:11:38Z</time>
      </trkpt>
      <trkpt lat="9.005426" lon="-79.568979">
        <time>2026-08-04T10:11:39Z</time>
      </trkpt>
      <trkpt lat="9.005416" lon="-79.569004">
        <time>2026-08-04T10:11:40Z</time>
      </trkpt>
      <trkpt lat="9.005407" lon="-79.569025">
        <time>2026-08-04T10:11:41Z</time>
      </trkpt>
      <trkpt lat="9.005399" lon="-79.569043">
        <time>2026-08-04T10:11:42Z</time>
      </trkpt>
      <trkpt lat="9.005392" lon="-79.569063">
        <time>2026-08-04T10:11:43Z</time>
      </trkpt>
      <trkpt lat="9.005384" lon="-79.569082">
        <time>2026-08-04T10:11:44Z</time>
      </trkpt>
      <trkpt lat="9.005378" lon="-79.569102">
        <time>2026-08-04T10:11:45Z</time>
      </trkpt>
      <trkpt lat="9.005373" lon="-79.569121">
        <time>2026-08-04T10:11:46Z</time>
      </trkpt>
      <trkpt lat="9.005369" lon="-79.569141">
        <time>2026-08-04T10:11:47Z</time>
      </trkpt>
      <trkpt lat="9.005363" lon="-79.569159">
        <time>2026-08-04T10:11:48Z</time>
      </trkpt>
      <trkpt lat="9.005358" lon="-79.569180">
        <time>2026-08-04T10:11:49Z</time>
      </trkpt>
      <trkpt lat="9.005355" lon="-79.569201">
        <time>2026-08-04T10:11:50Z</time>
      </trkpt>
      <trkpt lat="9.005350" lon="-79.569222">
        <time>2026-08-04T10:11:51Z</time>
      </trkpt>
      <trkpt lat="9.005347" lon="-79.569244">
        <time>2026-08-04T10:11:52Z</time>
      </trkpt>
      <trkpt lat="9.005344" lon="-79.569265">
        <time>2026-08-04T10:11:53Z</time>
      </trkpt>
      <trkpt lat="9.005338" lon="-79.569290">
        <time>2026-08-04T10:11:54Z</time>
      </trkpt>
      <trkpt lat="9.005335" lon="-79.569315">
        <time>2026-08-04T10:11:55Z</time>
      </trkpt>
      <trkpt lat="9.005331" lon="-79.569340">
        <time>2026-08-04T10:11:56Z</time>
      </trkpt>
      <trkpt lat="9.005331" lon="-79.569365">
        <time>2026-08-04T10:11:57Z</time>
      </trkpt>
      <trkpt lat="9.005329" lon="-79.569388">
        <time>2026-08-04T10:11:58Z</time>
      </trkpt>
      <trkpt lat="9.005323" lon="-79.569412">
        <time>2026-08-04T10:11:59Z</time>
      </trkpt>
      <trkpt lat="9.005318" lon="-79.569434">
        <time>2026-08-04T10:12:00Z</time>
      </trkpt>
      <trkpt lat="9.005314" lon="-79.569455">
        <time>2026-08-04T10:12:01Z</time>
      </trkpt>
      <trkpt lat="9.005306" lon="-79.569478">
        <time>2026-08-04T10:12:02Z</time>
      </trkpt>
      <trkpt lat="9.005300" lon="-79.569499">
        <time>2026-08-04T10:12:03Z</time>
      </trkpt>
      <trkpt lat="9.005295" lon="-79.569523">
        <time>2026-08-04T10:12:04Z</time>
      </trkpt>
      <trkpt lat="9.005288" lon="-79.569541">
        <time>2026-08-04T10:12:05Z</time>
      </trkpt>
      <trkpt lat="9.005281" lon="-79.569561">
        <time>2026-08-04T10:12:06Z</time>
      </trkpt>
      <trkpt lat="9.005277" lon="-79.569581">
        <time>2026-08-04T10:12:07Z</time>
      </trkpt>
      <trkpt lat="9.005268" lon="-79.569601">
        <time>2026-08-04T10:12:08Z</time>
      </trkpt>
      <trkpt lat="9.005261" lon="-79.569621">
        <time>2026-08-04T10:12:09Z</time>
      </trkpt>
      <trkpt lat="9.005253" lon="-79.569641">
        <time>2026-08-04T10:12:10Z</time>
      </trkpt>
      <trkpt lat="9.005246" lon="-79.569662">
        <time>2026-08-04T10:12:11Z</time>
      </trkpt>
      <trkpt lat="9.005242" lon="-79.569683">
        <time>2026-08-04T10:12:12Z</time>
      </trkpt>
      <trkpt lat="9.005236" lon="-79.569703">
        <time>2026-08-04T10:12:13Z</time>
      </trkpt>
      <trkpt lat="9.005226" lon="-79.569720">
        <time>2026-08-04T10:12:14Z</time>
      </trkpt>
      <trkpt lat="9.005217" lon="-79.569737">
        <time>2026-08-04T10:12:15Z</time>
      </trkpt>
      <trkpt lat="9.005205" lon="-79.569755">
        <time>2026-08-04T10:12:16Z</time>
      </trkpt>
      <trkpt lat="9.005195" lon="-79.569773">
        <time>2026-08-04T10:12:17Z</time>
      </trkpt>
      <trkpt lat="9.005185" lon="-79.569791">
        <time>2026-08-04T10:12:18Z</time>
      </trkpt>
      <trkpt lat="9.005176" lon="-79.569811">
        <time>2026-08-04T10:12:19Z</time>
      </trkpt>
      <trkpt lat="9.005168" lon="-79.569833">
        <time>2026-08-04T10:12:20Z</time>
      </trkpt>
      <trkpt lat="9.005158" lon="-79.569852">
        <time>2026-08-04T10:12:21Z</time>
      </trkpt>
      <trkpt lat="9.005150" lon="-79.569869">
        <time>2026-08-04T10:12:22Z</time>
      </trkpt>
      <trkpt lat="9.005140" lon="-79.569887">
        <time>2026-08-04T10:12:23Z</time>
      </trkpt>
      <trkpt lat="9.005129" lon="-79.569907">
        <time>2026-08-04T10:12:24Z</time>
      </trkpt>
      <trkpt lat="9.005123" lon="-79.569929">
        <time>2026-08-04T10:12:25Z</time>
      </trkpt>
      <trkpt lat="9.005116" lon="-79.569949">
        <time>2026-08-04T10:12:26Z</time>
      </trkpt>
      <trkpt lat="9.005107" lon="-79.569972">
        <time>2026-08-04T10:12:27Z</time>
      </trkpt>
      <trkpt lat="9.005098" lon="-79.569995">
        <time>2026-08-04T10:12:28Z</time>
      </trkpt>
      <trkpt lat="9.005094" lon="-79.570018">
        <time>2026-08-04T10:12:29Z</time>
      </trkpt>
      <trkpt lat="9.005086" lon="-79.570037">
        <time>2026-08-04T10:12:30Z</time>
      </trkpt>
      <trkpt lat="9.005077" lon="-79.570056">
        <time>2026-08-04T10:12:31Z</time>
      </trkpt>
      <trkpt lat="9.005070" lon="-79.570074">
        <time>2026-08-04T10:12:32Z</time>
      </trkpt>
      <trkpt lat="9.005063" lon="-79.570095">
        <time>2026-08-04T10:12:33Z</time>
      </trkpt>
      <trkpt lat="9.005055" lon="-79.570115">
        <time>2026-08-04T10:12:34Z</time>
      </trkpt>
      <trkpt lat="9.005046" lon="-79.570134">
        <time>2026-08-04T10:12:35Z</time>
      </trkpt>
      <trkpt lat="9.005040" lon="-79.570154">
        <time>2026-08-04T10:12:36Z</time>
      </trkpt>
      <trkpt lat="9.005034" lon="-79.570176">
        <time>2026-08-04T10:12:37Z</time>
      </trkpt>
      <trkpt lat="9.005029" lon="-79.570200">
        <time>2026-08-04T10:12:38Z</time>
      </trkpt>
      <trkpt lat="9.005024" lon="-79.570226">
        <time>2026-08-04T10:12:39Z</time>
      </trkpt>
      <trkpt lat="9.005021" lon="-79.570250">
        <time>2026-08-04T10:12:40Z</time>
      </trkpt>
      <trkpt lat="9.005025" lon="-79.570276">
        <time>2026-08-04T10:12:41Z</time>
      </trkpt>
      <trkpt lat="9.005024" lon="-79.570304">
        <time>2026-08-04T10:12:42Z</time>
      </trkpt>
      <trkpt lat="9.005016" lon="-79.570326">
        <time>2026-08-04T10:12:43Z</time>
      </trkpt>
      <trkpt lat="9.005010" lon="-79.570347">
        <time>2026-08-04T10:12:44Z</time>
      </trkpt>
      <trkpt lat="9.005007" lon="-79.570370">
        <time>2026-08-04T10:12:45Z</time>
      </trkpt>
      <trkpt lat="9.005005" lon="-79.570393">
        <time>2026-08-04T10:12:46Z</time>
      </trkpt>
      <trkpt lat="9.005006" lon="-79.570418">
        <time>2026-08-04T10:12:47Z</time>
      </trkpt>
      <trkpt lat="9.005006" lon="-79.570440">
        <time>2026-08-04T10:12:48Z</time>
      </trkpt>
      <trkpt lat="9.005000" lon="-79.570462">
        <time>2026-08-04T10:12:49Z</time>
      </trkpt>
      <trkpt lat="9.004994" lon="-79.570484">
        <time>2026-08-04T10:12:50Z</time>
      </trkpt>
      <trkpt lat="9.004989" lon="-79.570503">
        <time>2026-08-04T10:12:51Z</time>
      </trkpt>
      <trkpt lat="9.004982" lon="-79.570521">
        <time>2026-08-04T10:12:52Z</time>
      </trkpt>
      <trkpt lat="9.004977" lon="-79.570545">
        <time>2026-08-04T10:12:53Z</time>
      </trkpt>
      <trkpt lat="9.004973" lon="-79.570566">
        <time>2026-08-04T10:12:54Z</time>
      </trkpt>
      <trkpt lat="9.004966" lon="-79.570587">
        <time>2026-08-04T10:12:55Z</time>
      </trkpt>
      <trkpt lat="9.004960" lon="-79.570609">
        <time>2026-08-04T10:12:56Z</time>
      </trkpt>
      <trkpt lat="9.004953" lon="-79.570630">
        <time>2026-08-04T10:12:57Z</time>
      </trkpt>
      <trkpt lat="9.004947" lon="-79.570650">
        <time>2026-08-04T10:12:58Z</time>
      </trkpt>
      <trkpt lat="9.004940" lon="-79.570672">
        <time>2026-08-04T10:12:59Z</time>
      </trkpt>
      <trkpt lat="9.004934" lon="-79.570696">
        <time>2026-08-04T10:13:00Z</time>
      </trkpt>
      <trkpt lat="9.004929" lon="-79.570718">
        <time>2026-08-04T10:13:01Z</time>
      </trkpt>
      <trkpt lat="9.004922" lon="-79.570742">
        <time>2026-08-04T10:13:02Z</time>
      </trkpt>
      <trkpt lat="9.004918" lon="-79.570767">
        <time>2026-08-04T10:13:03Z</time>
      </trkpt>
      <trkpt lat="9.004913" lon="-79.570790">
        <time>2026-08-04T10:13:04Z</time>
      </trkpt>
      <trkpt lat="9.004908" lon="-79.570811">
        <time>2026-08-04T10:13:05Z</time>
      </trkpt>
      <trkpt lat="9.004906" lon="-79.570836">
        <time>2026-08-04T10:13:06Z</time>
      </trkpt>
      <trkpt lat="9.004904" lon="-79.570858">
        <time>2026-08-04T10:13:07Z</time>
      </trkpt>
      <trkpt lat="9.004905" lon="-79.570881">
        <time>2026-08-04T10:13:08Z</time>
      </trkpt>
      <trkpt lat="9.004907" lon="-79.570903">
        <time>2026-08-04T10:13:09Z</time>
      </trkpt>
      <trkpt lat="9.004905" lon="-79.570926">
        <time>2026-08-04T10:13:10Z</time>
      </trkpt>
      <trkpt lat="9.004902" lon="-79.570946">
        <time>2026-08-04T10:13:11Z</time>
      </trkpt>
      <trkpt lat="9.004897" lon="-79.570971">
        <time>2026-08-04T10:13:12Z</time>
      </trkpt>
      <trkpt lat="9.004893" lon="-79.570993">
        <time>2026-08-04T10:13:13Z</time>
      </trkpt>
      <trkpt lat="9.004890" lon="-79.571016">
        <time>2026-08-04T10:13:14Z</time>
      </trkpt>
      <trkpt lat="9.004887" lon="-79.571040">
        <time>2026-08-04T10:13:15Z</time>
      </trkpt>
      <trkpt lat="9.004885" lon="-79.571061">
        <time>2026-08-04T10:13:16Z</time>
      </trkpt>
      <trkpt lat="9.004882" lon="-79.571084">
        <time>2026-08-04T10:13:17Z</time>
      </trkpt>
      <trkpt lat="9.004879" lon="-79.571106">
        <time>2026-08-04T10:13:18Z</time>
      </trkpt>
      <trkpt lat="9.004877" lon="-79.571127">
        <time>2026-08-04T10:13:19Z</time>
      </trkpt>
      <trkpt lat="9.004876" lon="-79.571147">
        <time>2026-08-04T10:13:20Z</time>
      </trkpt>
      <trkpt lat="9.004876" lon="-79.571167">
        <time>2026-08-04T10:13:21Z</time>
      </trkpt>
      <trkpt lat="9.004874" lon="-79.571188">
        <time>2026-08-04T10:13:22Z</time>
      </trkpt>
      <trkpt lat="9.004872" lon="-79.571212">
        <time>2026-08-04T10:13:23Z</time>
      </trkpt>
      <trkpt lat="9.004872" lon="-79.571235">
        <time>2026-08-04T10:13:24Z</time>
      </trkpt>
      <trkpt lat="9.004869" lon="-79.571256">
        <time>2026-08-04T10:13:25Z</time>
      </trkpt>
      <trkpt lat="9.004866" lon="-79.571276">
        <time>2026-08-04T10:13:26Z</time>
      </trkpt>
      <trkpt lat="9.004864" lon="-79.571295">
        <time>2026-08-04T10:13:27Z</time>
      </trkpt>
      <trkpt lat="9.004861" lon="-79.571315">
        <time>2026-08-04T10:13:28Z</time>
      </trkpt>
      <trkpt lat="9.004861" lon="-79.571337">
        <time>2026-08-04T10:13:29Z</time>
      </trkpt>
      <trkpt lat="9.004857" lon="-79.571358">
        <time>2026-08-04T10:13:30Z</time>
      </trkpt>
      <trkpt lat="9.004854" lon="-79.571379">
        <time>2026-08-04T10:13:31Z</time>
      </trkpt>
      <trkpt lat="9.004851" lon="-79.571402">
        <time>2026-08-04T10:13:32Z</time>
      </trkpt>
      <trkpt lat="9.004849" lon="-79.571422">
        <time>2026-08-04T10:13:33Z</time>
      </trkpt>
      <trkpt lat="9.004846" lon="-79.571442">
        <time>2026-08-04T10:13:34Z</time>
      </trkpt>
      <trkpt lat="9.004842" lon="-79.571466">
        <time>2026-08-04T10:13:35Z</time>
      </trkpt>
      <trkpt lat="9.004838" lon="-79.571487">
        <time>2026-08-04T10:13:36Z</time>
      </trkpt>
      <trkpt lat="9.004834" lon="-79.571510">
        <time>2026-08-04T10:13:37Z</time>
      </trkpt>
      <trkpt lat="9.004833" lon="-79.571534">
        <time>2026-08-04T10:13:38Z</time>
      </trkpt>
      <trkpt lat="9.004830" lon="-79.571557">
        <time>2026-08-04T10:13:39Z</time>
      </trkpt>
      <trkpt lat="9.004829" lon="-79.571580">
        <time>2026-08-04T10:13:40Z</time>
      </trkpt>
      <trkpt lat="9.004828" lon="-79.571601">
        <time>2026-08-04T10:13:41Z</time>
      </trkpt>
      <trkpt lat="9.004824" lon="-79.571621">
        <time>2026-08-04T10:13:42Z</time>
      </trkpt>
      <trkpt lat="9.004821" lon="-79.571644">
        <time>2026-08-04T10:13:43Z</time>
      </trkpt>
      <trkpt lat="9.004817" lon="-79.571665">
        <time>2026-08-04T10:13:44Z</time>
      </trkpt>
      <trkpt lat="9.004814" lon="-79.571684">
        <time>2026-08-04T10:13:45Z</time>
      </trkpt>
      <trkpt lat="9.004811" lon="-79.571705">
        <time>2026-08-04T10:13:46Z</time>
      </trkpt>
      <trkpt lat="9.004808" lon="-79.571725">
        <time>2026-08-04T10:13:47Z</time>
      </trkpt>
      <trkpt lat="9.004805" lon="-79.571746">
        <time>2026-08-04T10:13:48Z</time>
      </trkpt>
      <trkpt lat="9.004801" lon="-79.571770">
        <time>2026-08-04T10:13:49Z</time>
      </trkpt>
      <trkpt lat="9.004796" lon="-79.571794">
        <time>2026-08-04T10:13:50Z</time>
      </trkpt>
      <trkpt lat="9.004790" lon="-79.571816">
        <time>2026-08-04T10:13:51Z</time>
      </trkpt>
      <trkpt lat="9.004785" lon="-79.571838">
        <time>2026-08-04T10:13:52Z</time>
      </trkpt>
      <trkpt lat="9.004781" lon="-79.571857">
        <time>2026-08-04T10:13:53Z</time>
      </trkpt>
      <trkpt lat="9.004775" lon="-79.571879">
        <time>2026-08-04T10:13:54Z</time>
      </trkpt>
      <trkpt lat="9.004770" lon="-79.571901">
        <time>2026-08-04T10:13:55Z</time>
      </trkpt>
      <trkpt lat="9.004766" lon="-79.571920">
        <time>2026-08-04T10:13:56Z</time>
      </trkpt>
      <trkpt lat="9.004761" lon="-79.571940">
        <time>2026-08-04T10:13:57Z</time>
      </trkpt>
      <trkpt lat="9.004756" lon="-79.571962">
        <time>2026-08-04T10:13:58Z</time>
      </trkpt>
      <trkpt lat="9.004751" lon="-79.571981">
        <time>2026-08-04T10:13:59Z</time>
      </trkpt>
      <trkpt lat="9.004745" lon="-79.572001">
        <time>2026-08-04T10:14:00Z</time>
      </trkpt>
      <trkpt lat="9.004740" lon="-79.572020">
        <time>2026-08-04T10:14:01Z</time>
      </trkpt>
      <trkpt lat="9.004735" lon="-79.572040">
        <time>2026-08-04T10:14:02Z</time>
      </trkpt>
      <trkpt lat="9.004727" lon="-79.572061">
        <time>2026-08-04T10:14:03Z</time>
      </trkpt>
      <trkpt lat="9.004720" lon="-79.572081">
        <time>2026-08-04T10:14:04Z</time>
      </trkpt>
      <trkpt lat="9.004714" lon="-79.572101">
        <time>2026-08-04T10:14:05Z</time>
      </trkpt>
      <trkpt lat="9.004707" lon="-79.572121">
        <time>2026-08-04T10:14:06Z</time>
      </trkpt>
      <trkpt lat="9.004699" lon="-79.572138">
        <time>2026-08-04T10:14:07Z</time>
      </trkpt>
      <trkpt lat="9.004692" lon="-79.572156">
        <time>2026-08-04T10:14:08Z</time>
      </trkpt>
      <trkpt lat="9.004683" lon="-79.572173">
        <time>2026-08-04T10:14:09Z</time>
      </trkpt>
      <trkpt lat="9.004675" lon="-79.572189">
        <time>2026-08-04T10:14:10Z</time>
      </trkpt>
      <trkpt lat="9.004669" lon="-79.572207">
        <time>2026-08-04T10:14:11Z</time>
      </trkpt>
      <trkpt lat="9.004660" lon="-79.572228">
        <time>2026-08-04T10:14:12Z</time>
      </trkpt>
      <trkpt lat="9.004652" lon="-79.572247">
        <time>2026-08-04T10:14:13Z</time>
      </trkpt>
      <trkpt lat="9.004644" lon="-79.572268">
        <time>2026-08-04T10:14:14Z</time>
      </trkpt>
      <trkpt lat="9.004636" lon="-79.572287">
        <time>2026-08-04T10:14:15Z</time>
      </trkpt>
      <trkpt lat="9.004629" lon="-79.572306">
        <time>2026-08-04T10:14:16Z</time>
      </trkpt>
      <trkpt lat="9.004618" lon="-79.572326">
        <time>2026-08-04T10:14:17Z</time>
      </trkpt>
      <trkpt lat="9.004607" lon="-79.572345">
        <time>2026-08-04T10:14:18Z</time>
      </trkpt>
      <trkpt lat="9.004599" lon="-79.572364">
        <time>2026-08-04T10:14:19Z</time>
      </trkpt>
      <trkpt lat="9.004592" lon="-79.572383">
        <time>2026-08-04T10:14:20Z</time>
      </trkpt>
      <trkpt lat="9.004582" lon="-79.572401">
        <time>2026-08-04T10:14:21Z</time>
      </trkpt>
      <trkpt lat="9.004573" lon="-79.572418">
        <time>2026-08-04T10:14:22Z</time>
      </trkpt>
      <trkpt lat="9.004563" lon="-79.572436">
        <time>2026-08-04T10:14:23Z</time>
      </trkpt>
      <trkpt lat="9.004552" lon="-79.572455">
        <time>2026-08-04T10:14:24Z</time>
      </trkpt>
      <trkpt lat="9.004541" lon="-79.572472">
        <time>2026-08-04T10:14:25Z</time>
      </trkpt>
      <trkpt lat="9.004529" lon="-79.572490">
        <time>2026-08-04T10:14:26Z</time>
      </trkpt>
      <trkpt lat="9.004516" lon="-79.572506">
        <time>2026-08-04T10:14:27Z</time>
      </trkpt>
      <trkpt lat="9.004503" lon="-79.572524">
        <time>2026-08-04T10:14:28Z</time>
      </trkpt>
      <trkpt lat="9.004494" lon="-79.572542">
        <time>2026-08-04T10:14:29Z</time>
      </trkpt>
      <trkpt lat="9.004483" lon="-79.572559">
        <time>2026-08-04T10:14:30Z</time>
      </trkpt>
      <trkpt lat="9.004471" lon="-79.572576">
        <time>2026-08-04T10:14:31Z</time>
      </trkpt>
      <trkpt lat="9.004459" lon="-79.572596">
        <time>2026-08-04T10:14:32Z</time>
      </trkpt>
      <trkpt lat="9.004448" lon="-79.572613">
        <time>2026-08-04T10:14:33Z</time>
      </trkpt>
      <trkpt lat="9.004435" lon="-79.572630">
        <time>2026-08-04T10:14:34Z</time>
      </trkpt>
      <trkpt lat="9.004421" lon="-79.572647">
        <time>2026-08-04T10:14:35Z</time>
      </trkpt>
      <trkpt lat="9.004407" lon="-79.572665">
        <time>2026-08-04T10:14:36Z</time>
      </trkpt>
      <trkpt lat="9.004394" lon="-79.572682">
        <time>2026-08-04T10:14:37Z</time>
      </trkpt>
      <trkpt lat="9.004382" lon="-79.572697">
        <time>2026-08-04T10:14:38Z</time>
      </trkpt>
      <trkpt lat="9.004369" lon="-79.572715">
        <time>2026-08-04T10:14:39Z</time>
      </trkpt>
      <trkpt lat="9.004357" lon="-79.572732">
        <time>2026-08-04T10:14:40Z</time>
      </trkpt>
      <trkpt lat="9.004345" lon="-79.572747">
        <time>2026-08-04T10:14:41Z</time>
      </trkpt>
      <trkpt lat="9.004332" lon="-79.572764">
        <time>2026-08-04T10:14:42Z</time>
      </trkpt>
      <trkpt lat="9.004317" lon="-79.572781">
        <time>2026-08-04T10:14:43Z</time>
      </trkpt>
      <trkpt lat="9.004303" lon="-79.572797">
        <time>2026-08-04T10:14:44Z</time>
      </trkpt>
      <trkpt lat="9.004290" lon="-79.572813">
        <time>2026-08-04T10:14:45Z</time>
      </trkpt>
      <trkpt lat="9.004272" lon="-79.572825">
        <time>2026-08-04T10:14:46Z</time>
      </trkpt>
      <trkpt lat="9.004256" lon="-79.572840">
        <time>2026-08-04T10:14:47Z</time>
      </trkpt>
      <trkpt lat="9.004241" lon="-79.572856">
        <time>2026-08-04T10:14:48Z</time>
      </trkpt>
      <trkpt lat="9.004228" lon="-79.572873">
        <time>2026-08-04T10:14:49Z</time>
      </trkpt>
      <trkpt lat="9.004212" lon="-79.572889">
        <time>2026-08-04T10:14:50Z</time>
      </trkpt>
      <trkpt lat="9.004195" lon="-79.572902">
        <time>2026-08-04T10:14:51Z</time>
      </trkpt>
      <trkpt lat="9.004180" lon="-79.572916">
        <time>2026-08-04T10:14:52Z</time>
      </trkpt>
      <trkpt lat="9.004165" lon="-79.572930">
        <time>2026-08-04T10:14:53Z</time>
      </trkpt>
      <trkpt lat="9.004150" lon="-79.572946">
        <time>2026-08-04T10:14:54Z</time>
      </trkpt>
      <trkpt lat="9.004133" lon="-79.572959">
        <time>2026-08-04T10:14:55Z</time>
      </trkpt>
      <trkpt lat="9.004115" lon="-79.572973">
        <time>2026-08-04T10:14:56Z</time>
      </trkpt>
      <trkpt lat="9.004099" lon="-79.572987">
        <time>2026-08-04T10:14:57Z</time>
      </trkpt>
      <trkpt lat="9.004082" lon="-79.573001">
        <time>2026-08-04T10:14:58Z</time>
      </trkpt>
      <trkpt lat="9.004066" lon="-79.573016">
        <time>2026-08-04T10:14:59Z</time>
      </trkpt>
      <trkpt lat="9.004050" lon="-79.573029">
        <time>2026-08-04T10:15:00Z</time>
      </trkpt>
      <trkpt lat="9.004031" lon="-79.573042">
        <time>2026-08-04T10:15:01Z</time>
      </trkpt>
      <trkpt lat="9.004012" lon="-79.573059">
        <time>2026-08-04T10:15:02Z</time>
      </trkpt>
      <trkpt lat="9.003994" lon="-79.573074">
        <time>2026-08-04T10:15:03Z</time>
      </trkpt>
      <trkpt lat="9.003973" lon="-79.573087">
        <time>2026-08-04T10:15:04Z</time>
      </trkpt>
      <trkpt lat="9.003955" lon="-79.573102">
        <time>2026-08-04T10:15:05Z</time>
      </trkpt>
      <trkpt lat="9.003936" lon="-79.573117">
        <time>2026-08-04T10:15:06Z</time>
      </trkpt>
      <trkpt lat="9.003920" lon="-79.573130">
        <time>2026-08-04T10:15:07Z</time>
      </trkpt>
      <trkpt lat="9.003905" lon="-79.573146">
        <time>2026-08-04T10:15:08Z</time>
      </trkpt>
      <trkpt lat="9.003890" lon="-79.573163">
        <time>2026-08-04T10:15:09Z</time>
      </trkpt>
      <trkpt lat="9.003874" lon="-79.573177">
        <time>2026-08-04T10:15:10Z</time>
      </trkpt>
      <trkpt lat="9.003856" lon="-79.573189">
        <time>2026-08-04T10:15:11Z</time>
      </trkpt>
      <trkpt lat="9.003838" lon="-79.573202">
        <time>2026-08-04T10:15:12Z</time>
      </trkpt>
      <trkpt lat="9.003824" lon="-79.573215">
        <time>2026-08-04T10:15:13Z</time>
      </trkpt>
      <trkpt lat="9.003805" lon="-79.573229">
        <time>2026-08-04T10:15:14Z</time>
      </trkpt>
      <trkpt lat="9.003788" lon="-79.573243">
        <time>2026-08-04T10:15:15Z</time>
      </trkpt>
      <trkpt lat="9.003772" lon="-79.573256">
        <time>2026-08-04T10:15:16Z</time>
      </trkpt>
      <trkpt lat="9.003754" lon="-79.573270">
        <time>2026-08-04T10:15:17Z</time>
      </trkpt>
      <trkpt lat="9.003736" lon="-79.573284">
        <time>2026-08-04T10:15:18Z</time>
      </trkpt>
      <trkpt lat="9.003719" lon="-79.573297">
        <time>2026-08-04T10:15:19Z</time>
      </trkpt>
      <trkpt lat="9.003702" lon="-79.573311">
        <time>2026-08-04T10:15:20Z</time>
      </trkpt>
      <trkpt lat="9.003686" lon="-79.573326">
        <time>2026-08-04T10:15:21Z</time>
      </trkpt>
      <trkpt lat="9.003667" lon="-79.573338">
        <time>2026-08-04T10:15:22Z</time>
      </trkpt>
      <trkpt lat="9.003649" lon="-79.573354">
        <time>2026-08-04T10:15:23Z</time>
      </trkpt>
      <trkpt lat="9.003631" lon="-79.573366">
        <time>2026-08-04T10:15:24Z</time>
      </trkpt>
      <trkpt lat="9.003613" lon="-79.573378">
        <time>2026-08-04T10:15:25Z</time>
      </trkpt>
      <trkpt lat="9.003597" lon="-79.573398">
        <time>2026-08-04T10:15:26Z</time>
      </trkpt>
      <trkpt lat="9.003581" lon="-79.573411">
        <time>2026-08-04T10:15:27Z</time>
      </trkpt>
      <trkpt lat="9.003563" lon="-79.573426">
        <time>2026-08-04T10:15:28Z</time>
      </trkpt>
      <trkpt lat="9.003545" lon="-79.573439">
        <time>2026-08-04T10:15:29Z</time>
      </trkpt>
      <trkpt lat="9.003527" lon="-79.573450">
        <time>2026-08-04T10:15:30Z</time>
      </trkpt>
      <trkpt lat="9.003513" lon="-79.573465">
        <time>2026-08-04T10:15:31Z</time>
      </trkpt>
      <trkpt lat="9.003497" lon="-79.573476">
        <time>2026-08-04T10:15:32Z</time>
      </trkpt>
      <trkpt lat="9.003480" lon="-79.573487">
        <time>2026-08-04T10:15:33Z</time>
      </trkpt>
      <trkpt lat="9.003459" lon="-79.573493">
        <time>2026-08-04T10:15:34Z</time>
      </trkpt>
      <trkpt lat="9.003438" lon="-79.573485">
        <time>2026-08-04T10:15:35Z</time>
      </trkpt>
      <trkpt lat="9.003418" lon="-79.573492">
        <time>2026-08-04T10:15:36Z</time>
      </trkpt>
      <trkpt lat="9.003397" lon="-79.573506">
        <time>2026-08-04T10:15:37Z</time>
      </trkpt>
      <trkpt lat="9.003377" lon="-79.573522">
        <time>2026-08-04T10:15:38Z</time>
      </trkpt>
      <trkpt lat="9.003360" lon="-79.573537">
        <time>2026-08-04T10:15:39Z</time>
      </trkpt>
      <trkpt lat="9.003340" lon="-79.573552">
        <time>2026-08-04T10:15:40Z</time>
      </trkpt>
      <trkpt lat="9.003318" lon="-79.573568">
        <time>2026-08-04T10:15:41Z</time>
      </trkpt>
      <trkpt lat="9.003300" lon="-79.573580">
        <time>2026-08-04T10:15:42Z</time>
      </trkpt>
      <trkpt lat="9.003285" lon="-79.573591">
        <time>2026-08-04T10:15:43Z</time>
      </trkpt>
      <trkpt lat="9.003267" lon="-79.573604">
        <time>2026-08-04T10:15:44Z</time>
      </trkpt>
      <trkpt lat="9.003251" lon="-79.573621">
        <time>2026-08-04T10:15:45Z</time>
      </trkpt>
      <trkpt lat="9.003238" lon="-79.573638">
        <time>2026-08-04T10:15:46Z</time>
      </trkpt>
      <trkpt lat="9.003225" lon="-79.573657">
        <time>2026-08-04T10:15:47Z</time>
      </trkpt>
      <trkpt lat="9.003213" lon="-79.573675">
        <time>2026-08-04T10:15:48Z</time>
      </trkpt>
      <trkpt lat="9.003199" lon="-79.573689">
        <time>2026-08-04T10:15:49Z</time>
      </trkpt>
      <trkpt lat="9.003181" lon="-79.573702">
        <time>2026-08-04T10:15:50Z</time>
      </trkpt>
      <trkpt lat="9.003164" lon="-79.573718">
        <time>2026-08-04T10:15:51Z</time>
      </trkpt>
      <trkpt lat="9.003146" lon="-79.573731">
        <time>2026-08-04T10:15:52Z</time>
      </trkpt>
      <trkpt lat="9.003130" lon="-79.573742">
        <time>2026-08-04T10:15:53Z</time>
      </trkpt>
      <trkpt lat="9.003114" lon="-79.573754">
        <time>2026-08-04T10:15:54Z</time>
      </trkpt>
      <trkpt lat="9.003095" lon="-79.573770">
        <time>2026-08-04T10:15:55Z</time>
      </trkpt>
      <trkpt lat="9.003076" lon="-79.573786">
        <time>2026-08-04T10:15:56Z</time>
      </trkpt>
      <trkpt lat="9.003058" lon="-79.573800">
        <time>2026-08-04T10:15:57Z</time>
      </trkpt>
      <trkpt lat="9.003041" lon="-79.573811">
        <time>2026-08-04T10:15:58Z</time>
      </trkpt>
      <trkpt lat="9.003023" lon="-79.573825">
        <time>2026-08-04T10:15:59Z</time>
      </trkpt>
      <trkpt lat="9.003007" lon="-79.573834">
        <time>2026-08-04T10:16:00Z</time>
      </trkpt>
      <trkpt lat="9.002987" lon="-79.573851">
        <time>2026-08-04T10:16:01Z</time>
      </trkpt>
      <trkpt lat="9.002973" lon="-79.573861">
        <time>2026-08-04T10:16:02Z</time>
      </trkpt>
      <trkpt lat="9.002953" lon="-79.573867">
        <time>2026-08-04T10:16:03Z</time>
      </trkpt>
      <trkpt lat="9.002932" lon="-79.573879">
        <time>2026-08-04T10:16:04Z</time>
      </trkpt>
      <trkpt lat="9.002914" lon="-79.573891">
        <time>2026-08-04T10:16:05Z</time>
      </trkpt>
      <trkpt lat="9.002898" lon="-79.573906">
        <time>2026-08-04T10:16:06Z</time>
      </trkpt>
      <trkpt lat="9.002879" lon="-79.573921">
        <time>2026-08-04T10:16:07Z</time>
      </trkpt>
      <trkpt lat="9.002863" lon="-79.573936">
        <time>2026-08-04T10:16:08Z</time>
      </trkpt>
      <trkpt lat="9.002845" lon="-79.573948">
        <time>2026-08-04T10:16:09Z</time>
      </trkpt>
      <trkpt lat="9.002828" lon="-79.573960">
        <time>2026-08-04T10:16:10Z</time>
      </trkpt>
      <trkpt lat="9.002811" lon="-79.573976">
        <time>2026-08-04T10:16:11Z</time>
      </trkpt>
      <trkpt lat="9.002795" lon="-79.573992">
        <time>2026-08-04T10:16:12Z</time>
      </trkpt>
      <trkpt lat="9.002780" lon="-79.574007">
        <time>2026-08-04T10:16:13Z</time>
      </trkpt>
      <trkpt lat="9.002763" lon="-79.574020">
        <time>2026-08-04T10:16:14Z</time>
      </trkpt>
      <trkpt lat="9.002746" lon="-79.574034">
        <time>2026-08-04T10:16:15Z</time>
      </trkpt>
      <trkpt lat="9.002734" lon="-79.574049">
        <time>2026-08-04T10:16:16Z</time>
      </trkpt>
      <trkpt lat="9.002722" lon="-79.574065">
        <time>2026-08-04T10:16:17Z</time>
      </trkpt>
      <trkpt lat="9.002709" lon="-79.574080">
        <time>2026-08-04T10:16:18Z</time>
      </trkpt>
      <trkpt lat="9.002694" lon="-79.574096">
        <time>2026-08-04T10:16:19Z</time>
      </trkpt>
      <trkpt lat="9.002683" lon="-79.574112">
        <time>2026-08-04T10:16:20Z</time>
      </trkpt>
      <trkpt lat="9.002666" lon="-79.574126">
        <time>2026-08-04T10:16:21Z</time>
      </trkpt>
      <trkpt lat="9.002649" lon="-79.574141">
        <time>2026-08-04T10:16:22Z</time>
      </trkpt>
      <trkpt lat="9.002631" lon="-79.574155">
        <time>2026-08-04T10:16:23Z</time>
      </trkpt>
      <trkpt lat="9.002615" lon="-79.574170">
        <time>2026-08-04T10:16:24Z</time>
      </trkpt>
      <trkpt lat="9.002599" lon="-79.574183">
        <time>2026-08-04T10:16:25Z</time>
      </trkpt>
      <trkpt lat="9.002583" lon="-79.574197">
        <time>2026-08-04T10:16:26Z</time>
      </trkpt>
      <trkpt lat="9.002565" lon="-79.574211">
        <time>2026-08-04T10:16:27Z</time>
      </trkpt>
      <trkpt lat="9.002548" lon="-79.574224">
        <time>2026-08-04T10:16:28Z</time>
      </trkpt>
      <trkpt lat="9.002530" lon="-79.574239">
        <time>2026-08-04T10:16:29Z</time>
      </trkpt>
      <trkpt lat="9.002512" lon="-79.574253">
        <time>2026-08-04T10:16:30Z</time>
      </trkpt>
      <trkpt lat="9.002495" lon="-79.574265">
        <time>2026-08-04T10:16:31Z</time>
      </trkpt>
      <trkpt lat="9.002477" lon="-79.574278">
        <time>2026-08-04T10:16:32Z</time>
      </trkpt>
      <trkpt lat="9.002458" lon="-79.574290">
        <time>2026-08-04T10:16:33Z</time>
      </trkpt>
      <trkpt lat="9.002441" lon="-79.574303">
        <time>2026-08-04T10:16:34Z</time>
      </trkpt>
      <trkpt lat="9.002423" lon="-79.574318">
        <time>2026-08-04T10:16:35Z</time>
      </trkpt>
      <trkpt lat="9.002404" lon="-79.574331">
        <time>2026-08-04T10:16:36Z</time>
      </trkpt>
      <trkpt lat="9.002388" lon="-79.574347">
        <time>2026-08-04T10:16:37Z</time>
      </trkpt>
      <trkpt lat="9.002371" lon="-79.574363">
        <time>2026-08-04T10:16:38Z</time>
      </trkpt>
      <trkpt lat="9.002353" lon="-79.574374">
        <time>2026-08-04T10:16:39Z</time>
      </trkpt>
      <trkpt lat="9.002337" lon="-79.574387">
        <time>2026-08-04T10:16:40Z</time>
      </trkpt>
      <trkpt lat="9.002322" lon="-79.574402">
        <time>2026-08-04T10:16:41Z</time>
      </trkpt>
      <trkpt lat="9.002306" lon="-79.574415">
        <time>2026-08-04T10:16:42Z</time>
      </trkpt>
      <trkpt lat="9.002288" lon="-79.574428">
        <time>2026-08-04T10:16:43Z</time>
      </trkpt>
      <trkpt lat="9.002268" lon="-79.574441">
        <time>2026-08-04T10:16:44Z</time>
      </trkpt>
      <trkpt lat="9.002250" lon="-79.574454">
        <time>2026-08-04T10:16:45Z</time>
      </trkpt>
      <trkpt lat="9.002232" lon="-79.574470">
        <time>2026-08-04T10:16:46Z</time>
      </trkpt>
      <trkpt lat="9.002215" lon="-79.574484">
        <time>2026-08-04T10:16:47Z</time>
      </trkpt>
      <trkpt lat="9.002199" lon="-79.574496">
        <time>2026-08-04T10:16:48Z</time>
      </trkpt>
      <trkpt lat="9.002181" lon="-79.574509">
        <time>2026-08-04T10:16:49Z</time>
      </trkpt>
      <trkpt lat="9.002165" lon="-79.574522">
        <time>2026-08-04T10:16:50Z</time>
      </trkpt>
      <trkpt lat="9.002151" lon="-79.574534">
        <time>2026-08-04T10:16:51Z</time>
      </trkpt>
      <trkpt lat="9.002135" lon="-79.574547">
        <time>2026-08-04T10:16:52Z</time>
      </trkpt>
      <trkpt lat="9.002120" lon="-79.574563">
        <time>2026-08-04T10:16:53Z</time>
      </trkpt>
      <trkpt lat="9.002101" lon="-79.574577">
        <time>2026-08-04T10:16:54Z</time>
      </trkpt>
      <trkpt lat="9.002083" lon="-79.574590">
        <time>2026-08-04T10:16:55Z</time>
      </trkpt>
      <trkpt lat="9.002065" lon="-79.574604">
        <time>2026-08-04T10:16:56Z</time>
      </trkpt>
      <trkpt lat="9.002047" lon="-79.574617">
        <time>2026-08-04T10:16:57Z</time>
      </trkpt>
      <trkpt lat="9.002030" lon="-79.574631">
        <time>2026-08-04T10:16:58Z</time>
      </trkpt>
      <trkpt lat="9.002014" lon="-79.574644">
        <time>2026-08-04T10:16:59Z</time>
      </trkpt>
      <trkpt lat="9.001997" lon="-79.574658">
        <time>2026-08-04T10:17:00Z</time>
      </trkpt>
      <trkpt lat="9.001980" lon="-79.574672">
        <time>2026-08-04T10:17:01Z</time>
      </trkpt>
      <trkpt lat="9.001964" lon="-79.574688">
        <time>2026-08-04T10:17:02Z</time>
      </trkpt>
      <trkpt lat="9.001948" lon="-79.574701">
        <time>2026-08-04T10:17:03Z</time>
      </trkpt>
      <trkpt lat="9.001931" lon="-79.574715">
        <time>2026-08-04T10:17:04Z</time>
      </trkpt>
      <trkpt lat="9.001914" lon="-79.574728">
        <time>2026-08-04T10:17:05Z</time>
      </trkpt>
      <trkpt lat="9.001896" lon="-79.574743">
        <time>2026-08-04T10:17:06Z</time>
      </trkpt>
      <trkpt lat="9.001878" lon="-79.574756">
        <time>2026-08-04T10:17:07Z</time>
      </trkpt>
      <trkpt lat="9.001860" lon="-79.574771">
        <time>2026-08-04T10:17:08Z</time>
      </trkpt>
      <trkpt lat="9.001841" lon="-79.574785">
        <time>2026-08-04T10:17:09Z</time>
      </trkpt>
      <trkpt lat="9.001823" lon="-79.574799">
        <time>2026-08-04T10:17:10Z</time>
      </trkpt>
      <trkpt lat="9.001805" lon="-79.574813">
        <time>2026-08-04T10:17:11Z</time>
      </trkpt>
      <trkpt lat="9.001789" lon="-79.574828">
        <time>2026-08-04T10:17:12Z</time>
      </trkpt>
      <trkpt lat="9.001770" lon="-79.574841">
        <time>2026-08-04T10:17:13Z</time>
      </trkpt>
      <trkpt lat="9.001753" lon="-79.574854">
        <time>2026-08-04T10:17:14Z</time>
      </trkpt>
      <trkpt lat="9.001737" lon="-79.574869">
        <time>2026-08-04T10:17:15Z</time>
      </trkpt>
      <trkpt lat="9.001720" lon="-79.574883">
        <time>2026-08-04T10:17:16Z</time>
      </trkpt>
      <trkpt lat="9.001706" lon="-79.574897">
        <time>2026-08-04T10:17:17Z</time>
      </trkpt>
      <trkpt lat="9.001692" lon="-79.574912">
        <time>2026-08-04T10:17:18Z</time>
      </trkpt>
      <trkpt lat="9.001677" lon="-79.574927">
        <time>2026-08-04T10:17:19Z</time>
      </trkpt>
      <trkpt lat="9.001661" lon="-79.574942">
        <time>2026-08-04T10:17:20Z</time>
      </trkpt>
      <trkpt lat="9.001646" lon="-79.574955">
        <time>2026-08-04T10:17:21Z</time>
      </trkpt>
      <trkpt lat="9.001628" lon="-79.574969">
        <time>2026-08-04T10:17:22Z</time>
      </trkpt>
      <trkpt lat="9.001608" lon="-79.574981">
        <time>2026-08-04T10:17:23Z</time>
      </trkpt>
      <trkpt lat="9.001589" lon="-79.574994">
        <time>2026-08-04T10:17:24Z</time>
      </trkpt>
      <trkpt lat="9.001572" lon="-79.575006">
        <time>2026-08-04T10:17:25Z</time>
      </trkpt>
      <trkpt lat="9.001555" lon="-79.575019">
        <time>2026-08-04T10:17:26Z</time>
      </trkpt>
      <trkpt lat="9.001537" lon="-79.575030">
        <time>2026-08-04T10:17:27Z</time>
      </trkpt>
      <trkpt lat="9.001518" lon="-79.575043">
        <time>2026-08-04T10:17:28Z</time>
      </trkpt>
      <trkpt lat="9.001500" lon="-79.575053">
        <time>2026-08-04T10:17:29Z</time>
      </trkpt>
      <trkpt lat="9.001482" lon="-79.575067">
        <time>2026-08-04T10:17:30Z</time>
      </trkpt>
      <trkpt lat="9.001464" lon="-79.575083">
        <time>2026-08-04T10:17:31Z</time>
      </trkpt>
      <trkpt lat="9.001447" lon="-79.575096">
        <time>2026-08-04T10:17:32Z</time>
      </trkpt>
      <trkpt lat="9.001429" lon="-79.575106">
        <time>2026-08-04T10:17:33Z</time>
      </trkpt>
      <trkpt lat="9.001413" lon="-79.575119">
        <time>2026-08-04T10:17:34Z</time>
      </trkpt>
      <trkpt lat="9.001393" lon="-79.575133">
        <time>2026-08-04T10:17:35Z</time>
      </trkpt>
      <trkpt lat="9.001376" lon="-79.575146">
        <time>2026-08-04T10:17:36Z</time>
      </trkpt>
      <trkpt lat="9.001360" lon="-79.575159">
        <time>2026-08-04T10:17:37Z</time>
      </trkpt>
      <trkpt lat="9.001343" lon="-79.575172">
        <time>2026-08-04T10:17:38Z</time>
      </trkpt>
      <trkpt lat="9.001329" lon="-79.575187">
        <time>2026-08-04T10:17:39Z</time>
      </trkpt>
      <trkpt lat="9.001314" lon="-79.575200">
        <time>2026-08-04T10:17:40Z</time>
      </trkpt>
      <trkpt lat="9.001298" lon="-79.575213">
        <time>2026-08-04T10:17:41Z</time>
      </trkpt>
      <trkpt lat="9.001280" lon="-79.575225">
        <time>2026-08-04T10:17:42Z</time>
      </trkpt>
      <trkpt lat="9.001263" lon="-79.575237">
        <time>2026-08-04T10:17:43Z</time>
      </trkpt>
      <trkpt lat="9.001247" lon="-79.575250">
        <time>2026-08-04T10:17:44Z</time>
      </trkpt>
      <trkpt lat="9.001231" lon="-79.575263">
        <time>2026-08-04T10:17:45Z</time>
      </trkpt>
      <trkpt lat="9.001216" lon="-79.575275">
        <time>2026-08-04T10:17:46Z</time>
      </trkpt>
      <trkpt lat="9.001198" lon="-79.575289">
        <time>2026-08-04T10:17:47Z</time>
      </trkpt>
      <trkpt lat="9.001181" lon="-79.575304">
        <time>2026-08-04T10:17:48Z</time>
      </trkpt>
      <trkpt lat="9.001166" lon="-79.575317">
        <time>2026-08-04T10:17:49Z</time>
      </trkpt>
      <trkpt lat="9.001152" lon="-79.575327">
        <time>2026-08-04T10:17:50Z</time>
      </trkpt>
      <trkpt lat="9.001139" lon="-79.575338">
        <time>2026-08-04T10:17:51Z</time>
      </trkpt>
      <trkpt lat="9.001124" lon="-79.575350">
        <time>2026-08-04T10:17:52Z</time>
      </trkpt>
      <trkpt lat="9.001108" lon="-79.575361">
        <time>2026-08-04T10:17:53Z</time>
      </trkpt>
      <trkpt lat="9.001092" lon="-79.575374">
        <time>2026-08-04T10:17:54Z</time>
      </trkpt>
      <trkpt lat="9.001075" lon="-79.575387">
        <time>2026-08-04T10:17:55Z</time>
      </trkpt>
      <trkpt lat="9.001055" lon="-79.575397">
        <time>2026-08-04T10:17:56Z</time>
      </trkpt>
      <trkpt lat="9.001036" lon="-79.575408">
        <time>2026-08-04T10:17:57Z</time>
      </trkpt>
      <trkpt lat="9.001017" lon="-79.575417">
        <time>2026-08-04T10:17:58Z</time>
      </trkpt>
      <trkpt lat="9.000998" lon="-79.575427">
        <time>2026-08-04T10:17:59Z</time>
      </trkpt>
      <trkpt lat="9.000979" lon="-79.575438">
        <time>2026-08-04T10:18:00Z</time>
      </trkpt>
      <trkpt lat="9.000962" lon="-79.575449">
        <time>2026-08-04T10:18:01Z</time>
      </trkpt>
      <trkpt lat="9.000943" lon="-79.575460">
        <time>2026-08-04T10:18:02Z</time>
      </trkpt>
      <trkpt lat="9.000926" lon="-79.575473">
        <time>2026-08-04T10:18:03Z</time>
      </trkpt>
      <trkpt lat="9.000907" lon="-79.575486">
        <time>2026-08-04T10:18:04Z</time>
      </trkpt>
      <trkpt lat="9.000889" lon="-79.575502">
        <time>2026-08-04T10:18:05Z</time>
      </trkpt>
      <trkpt lat="9.000873" lon="-79.575515">
        <time>2026-08-04T10:18:06Z</time>
      </trkpt>
      <trkpt lat="9.000857" lon="-79.575527">
        <time>2026-08-04T10:18:07Z</time>
      </trkpt>
      <trkpt lat="9.000841" lon="-79.575537">
        <time>2026-08-04T10:18:08Z</time>
      </trkpt>
      <trkpt lat="9.000825" lon="-79.575545">
        <time>2026-08-04T10:18:09Z</time>
      </trkpt>
      <trkpt lat="9.000809" lon="-79.575559">
        <time>2026-08-04T10:18:10Z</time>
      </trkpt>
      <trkpt lat="9.000793" lon="-79.575574">
        <time>2026-08-04T10:18:11Z</time>
      </trkpt>
      <trkpt lat="9.000776" lon="-79.575588">
        <time>2026-08-04T10:18:12Z</time>
      </trkpt>
      <trkpt lat="9.000761" lon="-79.575604">
        <time>2026-08-04T10:18:13Z</time>
      </trkpt>
      <trkpt lat="9.000747" lon="-79.575617">
        <time>2026-08-04T10:18:14Z</time>
      </trkpt>
      <trkpt lat="9.000734" lon="-79.575631">
        <time>2026-08-04T10:18:15Z</time>
      </trkpt>
      <trkpt lat="9.000721" lon="-79.575647">
        <time>2026-08-04T10:18:16Z</time>
      </trkpt>
      <trkpt lat="9.000706" lon="-79.575661">
        <time>2026-08-04T10:18:17Z</time>
      </trkpt>
      <trkpt lat="9.000692" lon="-79.575674">
        <time>2026-08-04T10:18:18Z</time>
      </trkpt>
      <trkpt lat="9.000677" lon="-79.575688">
        <time>2026-08-04T10:18:19Z</time>
      </trkpt>
      <trkpt lat="9.000661" lon="-79.575702">
        <time>2026-08-04T10:18:20Z</time>
      </trkpt>
      <trkpt lat="9.000648" lon="-79.575714">
        <time>2026-08-04T10:18:21Z</time>
      </trkpt>
      <trkpt lat="9.000635" lon="-79.575729">
        <time>2026-08-04T10:18:22Z</time>
      </trkpt>
      <trkpt lat="9.000620" lon="-79.575743">
        <time>2026-08-04T10:18:23Z</time>
      </trkpt>
      <trkpt lat="9.000605" lon="-79.575758">
        <time>2026-08-04T10:18:24Z</time>
      </trkpt>
      <trkpt lat="9.000591" lon="-79.575775">
        <time>2026-08-04T10:18:25Z</time>
      </trkpt>
      <trkpt lat="9.000576" lon="-79.575790">
        <time>2026-08-04T10:18:26Z</time>
      </trkpt>
      <trkpt lat="9.000562" lon="-79.575807">
        <time>2026-08-04T10:18:27Z</time>
      </trkpt>
      <trkpt lat="9.000547" lon="-79.575822">
        <time>2026-08-04T10:18:28Z</time>
      </trkpt>
      <trkpt lat="9.000531" lon="-79.575837">
        <time>2026-08-04T10:18:29Z</time>
      </trkpt>
      <trkpt lat="9.000518" lon="-79.575854">
        <time>2026-08-04T10:18:30Z</time>
      </trkpt>
      <trkpt lat="9.000505" lon="-79.575873">
        <time>2026-08-04T10:18:31Z</time>
      </trkpt>
      <trkpt lat="9.000492" lon="-79.575890">
        <time>2026-08-04T10:18:32Z</time>
      </trkpt>
      <trkpt lat="9.000480" lon="-79.575908">
        <time>2026-08-04T10:18:33Z</time>
      </trkpt>
      <trkpt lat="9.000468" lon="-79.575926">
        <time>2026-08-04T10:18:34Z</time>
      </trkpt>
      <trkpt lat="9.000455" lon="-79.575944">
        <time>2026-08-04T10:18:35Z</time>
      </trkpt>
      <trkpt lat="9.000442" lon="-79.575962">
        <time>2026-08-04T10:18:36Z</time>
      </trkpt>
      <trkpt lat="9.000429" lon="-79.575979">
        <time>2026-08-04T10:18:37Z</time>
      </trkpt>
      <trkpt lat="9.000415" lon="-79.575998">
        <time>2026-08-04T10:18:38Z</time>
      </trkpt>
      <trkpt lat="9.000400" lon="-79.576015">
        <time>2026-08-04T10:18:39Z</time>
      </trkpt>
      <trkpt lat="9.000389" lon="-79.576033">
        <time>2026-08-04T10:18:40Z</time>
      </trkpt>
      <trkpt lat="9.000378" lon="-79.576052">
        <time>2026-08-04T10:18:41Z</time>
      </trkpt>
      <trkpt lat="9.000363" lon="-79.576069">
        <time>2026-08-04T10:18:42Z</time>
      </trkpt>
      <trkpt lat="9.000351" lon="-79.576088">
        <time>2026-08-04T10:18:43Z</time>
      </trkpt>
      <trkpt lat="9.000339" lon="-79.576106">
        <time>2026-08-04T10:18:44Z</time>
      </trkpt>
      <trkpt lat="9.000328" lon="-79.576123">
        <time>2026-08-04T10:18:45Z</time>
      </trkpt>
      <trkpt lat="9.000314" lon="-79.576140">
        <time>2026-08-04T10:18:46Z</time>
      </trkpt>
      <trkpt lat="9.000301" lon="-79.576157">
        <time>2026-08-04T10:18:47Z</time>
      </trkpt>
      <trkpt lat="9.000288" lon="-79.576173">
        <time>2026-08-04T10:18:48Z</time>
      </trkpt>
      <trkpt lat="9.000276" lon="-79.576187">
        <time>2026-08-04T10:18:49Z</time>
      </trkpt>
      <trkpt lat="9.000263" lon="-79.576201">
        <time>2026-08-04T10:18:50Z</time>
      </trkpt>
      <trkpt lat="9.000249" lon="-79.576216">
        <time>2026-08-04T10:18:51Z</time>
      </trkpt>
      <trkpt lat="9.000237" lon="-79.576233">
        <time>2026-08-04T10:18:52Z</time>
      </trkpt>
      <trkpt lat="9.000222" lon="-79.576249">
        <time>2026-08-04T10:18:53Z</time>
      </trkpt>
      <trkpt lat="9.000206" lon="-79.576266">
        <time>2026-08-04T10:18:54Z</time>
      </trkpt>
      <trkpt lat="9.000192" lon="-79.576279">
        <time>2026-08-04T10:18:55Z</time>
      </trkpt>
      <trkpt lat="9.000181" lon="-79.576292">
        <time>2026-08-04T10:18:56Z</time>
      </trkpt>
      <trkpt lat="9.000169" lon="-79.576307">
        <time>2026-08-04T10:18:57Z</time>
      </trkpt>
      <trkpt lat="9.000156" lon="-79.576320">
        <time>2026-08-04T10:18:58Z</time>
      </trkpt>
      <trkpt lat="9.000141" lon="-79.576333">
        <time>2026-08-04T10:18:59Z</time>
      </trkpt>
      <trkpt lat="9.000127" lon="-79.576347">
        <time>2026-08-04T10:19:00Z</time>
      </trkpt>
      <trkpt lat="9.000113" lon="-79.576360">
        <time>2026-08-04T10:19:01Z</time>
      </trkpt>
      <trkpt lat="9.000098" lon="-79.576371">
        <time>2026-08-04T10:19:02Z</time>
      </trkpt>
      <trkpt lat="9.000082" lon="-79.576384">
        <time>2026-08-04T10:19:03Z</time>
      </trkpt>
      <trkpt lat="9.000067" lon="-79.576396">
        <time>2026-08-04T10:19:04Z</time>
      </trkpt>
      <trkpt lat="9.000052" lon="-79.576408">
        <time>2026-08-04T10:19:05Z</time>
      </trkpt>
      <trkpt lat="9.000036" lon="-79.576419">
        <time>2026-08-04T10:19:06Z</time>
      </trkpt>
      <trkpt lat="9.000021" lon="-79.576429">
        <time>2026-08-04T10:19:07Z</time>
      </trkpt>
      <trkpt lat="9.000005" lon="-79.576441">
        <time>2026-08-04T10:19:08Z</time>
      </trkpt>
      <trkpt lat="8.999987" lon="-79.576452">
        <time>2026-08-04T10:19:09Z</time>
      </trkpt>
      <trkpt lat="8.999973" lon="-79.576462">
        <time>2026-08-04T10:19:10Z</time>
      </trkpt>
      <trkpt lat="8.999959" lon="-79.576473">
        <time>2026-08-04T10:19:11Z</time>
      </trkpt>
      <trkpt lat="8.999944" lon="-79.576489">
        <time>2026-08-04T10:19:12Z</time>
      </trkpt>
      <trkpt lat="8.999928" lon="-79.576499">
        <time>2026-08-04T10:19:13Z</time>
      </trkpt>
      <trkpt lat="8.999911" lon="-79.576509">
        <time>2026-08-04T10:19:14Z</time>
      </trkpt>
      <trkpt lat="8.999896" lon="-79.576523">
        <time>2026-08-04T10:19:15Z</time>
      </trkpt>
      <trkpt lat="8.999883" lon="-79.576534">
        <time>2026-08-04T10:19:16Z</time>
      </trkpt>
      <trkpt lat="8.999866" lon="-79.576547">
        <time>2026-08-04T10:19:17Z</time>
      </trkpt>
      <trkpt lat="8.999854" lon="-79.576559">
        <time>2026-08-04T10:19:18Z</time>
      </trkpt>
      <trkpt lat="8.999846" lon="-79.576574">
        <time>2026-08-04T10:19:19Z</time>
      </trkpt>
      <trkpt lat="8.999848" lon="-79.576589">
        <time>2026-08-04T10:19:20Z</time>
      </trkpt>
      <trkpt lat="8.999849" lon="-79.576605">
        <time>2026-08-04T10:19:21Z</time>
      </trkpt>
      <trkpt lat="8.999843" lon="-79.576617">
        <time>2026-08-04T10:19:22Z</time>
      </trkpt>
      <trkpt lat="8.999832" lon="-79.576630">
        <time>2026-08-04T10:19:23Z</time>
      </trkpt>
      <trkpt lat="8.999820" lon="-79.576644">
        <time>2026-08-04T10:19:24Z</time>
      </trkpt>
      <trkpt lat="8.999807" lon="-79.576655">
        <time>2026-08-04T10:19:25Z</time>
      </trkpt>
      <trkpt lat="8.999793" lon="-79.576666">
        <time>2026-08-04T10:19:26Z</time>
      </trkpt>
      <trkpt lat="8.999777" lon="-79.576676">
        <time>2026-08-04T10:19:27Z</time>
      </trkpt>
      <trkpt lat="8.999761" lon="-79.576684">
        <time>2026-08-04T10:19:28Z</time>
      </trkpt>
      <trkpt lat="8.999740" lon="-79.576689">
        <time>2026-08-04T10:19:29Z</time>
      </trkpt>
      <trkpt lat="8.999718" lon="-79.576693">
        <time>2026-08-04T10:19:30Z</time>
      </trkpt>
      <trkpt lat="8.999697" lon="-79.576697">
        <time>2026-08-04T10:19:31Z</time>
      </trkpt>
      <trkpt lat="8.999672" lon="-79.576706">
        <time>2026-08-04T10:19:32Z</time>
      </trkpt>
      <trkpt lat="8.999649" lon="-79.576715">
        <time>2026-08-04T10:19:33Z</time>
      </trkpt>
      <trkpt lat="8.999626" lon="-79.576727">
        <time>2026-08-04T10:19:34Z</time>
      </trkpt>
      <trkpt lat="8.999604" lon="-79.576743">
        <time>2026-08-04T10:19:35Z</time>
      </trkpt>
      <trkpt lat="8.999584" lon="-79.576754">
        <time>2026-08-04T10:19:36Z</time>
      </trkpt>
      <trkpt lat="8.999562" lon="-79.576764">
        <time>2026-08-04T10:19:37Z</time>
      </trkpt>
      <trkpt lat="8.999543" lon="-79.576779">
        <time>2026-08-04T10:19:38Z</time>
      </trkpt>
      <trkpt lat="8.999524" lon="-79.576789">
        <time>2026-08-04T10:19:39Z</time>
      </trkpt>
      <trkpt lat="8.999506" lon="-79.576800">
        <time>2026-08-04T10:19:40Z</time>
      </trkpt>
      <trkpt lat="8.999487" lon="-79.576814">
        <time>2026-08-04T10:19:41Z</time>
      </trkpt>
      <trkpt lat="8.999472" lon="-79.576826">
        <time>2026-08-04T10:19:42Z</time>
      </trkpt>
      <trkpt lat="8.999455" lon="-79.576840">
        <time>2026-08-04T10:19:43Z</time>
      </trkpt>
      <trkpt lat="8.999439" lon="-79.576852">
        <time>2026-08-04T10:19:44Z</time>
      </trkpt>
      <trkpt lat="8.999423" lon="-79.576865">
        <time>2026-08-04T10:19:45Z</time>
      </trkpt>
      <trkpt lat="8.999407" lon="-79.576876">
        <time>2026-08-04T10:19:46Z</time>
      </trkpt>
      <trkpt lat="8.999394" lon="-79.576886">
        <time>2026-08-04T10:19:47Z</time>
      </trkpt>
      <trkpt lat="8.999379" lon="-79.576895">
        <time>2026-08-04T10:19:48Z</time>
      </trkpt>
      <trkpt lat="8.999361" lon="-79.576907">
        <time>2026-08-04T10:19:49Z</time>
      </trkpt>
      <trkpt lat="8.999340" lon="-79.576919">
        <time>2026-08-04T10:19:50Z</time>
      </trkpt>
      <trkpt lat="8.999323" lon="-79.576931">
        <time>2026-08-04T10:19:51Z</time>
      </trkpt>
      <trkpt lat="8.999307" lon="-79.576939">
        <time>2026-08-04T10:19:52Z</time>
      </trkpt>
      <trkpt lat="8.999292" lon="-79.576950">
        <time>2026-08-04T10:19:53Z</time>
      </trkpt>
      <trkpt lat="8.999276" lon="-79.576961">
        <time>2026-08-04T10:19:54Z</time>
      </trkpt>
      <trkpt lat="8.999260" lon="-79.576973">
        <time>2026-08-04T10:19:55Z</time>
      </trkpt>
      <trkpt lat="8.999247" lon="-79.576981">
        <time>2026-08-04T10:19:56Z</time>
      </trkpt>
      <trkpt lat="8.999232" lon="-79.576992">
        <time>2026-08-04T10:19:57Z</time>
      </trkpt>
      <trkpt lat="8.999216" lon="-79.577003">
        <time>2026-08-04T10:19:58Z</time>
      </trkpt>
      <trkpt lat="8.999198" lon="-79.577014">
        <time>2026-08-04T10:19:59Z</time>
      </trkpt>
      <trkpt lat="8.999180" lon="-79.577025">
        <time>2026-08-04T10:20:00Z</time>
      </trkpt>
      <trkpt lat="8.999163" lon="-79.577036">
        <time>2026-08-04T10:20:01Z</time>
      </trkpt>
      <trkpt lat="8.999146" lon="-79.577046">
        <time>2026-08-04T10:20:02Z</time>
      </trkpt>
      <trkpt lat="8.999130" lon="-79.577059">
        <time>2026-08-04T10:20:03Z</time>
      </trkpt>
      <trkpt lat="8.999115" lon="-79.577073">
        <time>2026-08-04T10:20:04Z</time>
      </trkpt>
      <trkpt lat="8.999098" lon="-79.577086">
        <time>2026-08-04T10:20:05Z</time>
      </trkpt>
      <trkpt lat="8.999080" lon="-79.577097">
        <time>2026-08-04T10:20:06Z</time>
      </trkpt>
      <trkpt lat="8.999065" lon="-79.577110">
        <time>2026-08-04T10:20:07Z</time>
      </trkpt>
      <trkpt lat="8.999051" lon="-79.577121">
        <time>2026-08-04T10:20:08Z</time>
      </trkpt>
      <trkpt lat="8.999034" lon="-79.577135">
        <time>2026-08-04T10:20:09Z</time>
      </trkpt>
      <trkpt lat="8.999019" lon="-79.577150">
        <time>2026-08-04T10:20:10Z</time>
      </trkpt>
      <trkpt lat="8.999003" lon="-79.577164">
        <time>2026-08-04T10:20:11Z</time>
      </trkpt>
      <trkpt lat="8.998986" lon="-79.577174">
        <time>2026-08-04T10:20:12Z</time>
      </trkpt>
      <trkpt lat="8.998972" lon="-79.577197">
        <time>2026-08-04T10:20:13Z</time>
      </trkpt>
      <trkpt lat="8.998959" lon="-79.577211">
        <time>2026-08-04T10:20:14Z</time>
      </trkpt>
      <trkpt lat="8.998939" lon="-79.577215">
        <time>2026-08-04T10:20:15Z</time>
      </trkpt>
      <trkpt lat="8.998916" lon="-79.577229">
        <time>2026-08-04T10:20:16Z</time>
      </trkpt>
      <trkpt lat="8.998898" lon="-79.577248">
        <time>2026-08-04T10:20:17Z</time>
      </trkpt>
      <trkpt lat="8.998881" lon="-79.577261">
        <time>2026-08-04T10:20:18Z</time>
      </trkpt>
      <trkpt lat="8.998864" lon="-79.577277">
        <time>2026-08-04T10:20:19Z</time>
      </trkpt>
      <trkpt lat="8.998843" lon="-79.577303">
        <time>2026-08-04T10:20:20Z</time>
      </trkpt>
      <trkpt lat="8.998827" lon="-79.577318">
        <time>2026-08-04T10:20:21Z</time>
      </trkpt>
      <trkpt lat="8.998806" lon="-79.577332">
        <time>2026-08-04T10:20:22Z</time>
      </trkpt>
      <trkpt lat="8.998790" lon="-79.577344">
        <time>2026-08-04T10:20:23Z</time>
      </trkpt>
      <trkpt lat="8.998774" lon="-79.577356">
        <time>2026-08-04T10:20:24Z</time>
      </trkpt>
      <trkpt lat="8.998759" lon="-79.577368">
        <time>2026-08-04T10:20:25Z</time>
      </trkpt>
      <trkpt lat="8.998747" lon="-79.577379">
        <time>2026-08-04T10:20:26Z</time>
      </trkpt>
      <trkpt lat="8.998731" lon="-79.577392">
        <time>2026-08-04T10:20:27Z</time>
      </trkpt>
      <trkpt lat="8.998716" lon="-79.577401">
        <time>2026-08-04T10:20:28Z</time>
      </trkpt>
      <trkpt lat="8.998700" lon="-79.577413">
        <time>2026-08-04T10:20:29Z</time>
      </trkpt>
      <trkpt lat="8.998679" lon="-79.577424">
        <time>2026-08-04T10:20:30Z</time>
      </trkpt>
      <trkpt lat="8.998662" lon="-79.577436">
        <time>2026-08-04T10:20:31Z</time>
      </trkpt>
      <trkpt lat="8.998645" lon="-79.577450">
        <time>2026-08-04T10:20:32Z</time>
      </trkpt>
      <trkpt lat="8.998628" lon="-79.577463">
        <time>2026-08-04T10:20:33Z</time>
      </trkpt>
      <trkpt lat="8.998609" lon="-79.577477">
        <time>2026-08-04T10:20:34Z</time>
      </trkpt>
      <trkpt lat="8.998589" lon="-79.577487">
        <time>2026-08-04T10:20:35Z</time>
      </trkpt>
      <trkpt lat="8.998574" lon="-79.577503">
        <time>2026-08-04T10:20:36Z</time>
      </trkpt>
      <trkpt lat="8.998554" lon="-79.577518">
        <time>2026-08-04T10:20:37Z</time>
      </trkpt>
      <trkpt lat="8.998535" lon="-79.577531">
        <time>2026-08-04T10:20:38Z</time>
      </trkpt>
      <trkpt lat="8.998517" lon="-79.577546">
        <time>2026-08-04T10:20:39Z</time>
      </trkpt>
      <trkpt lat="8.998498" lon="-79.577557">
        <time>2026-08-04T10:20:40Z</time>
      </trkpt>
      <trkpt lat="8.998479" lon="-79.577566">
        <time>2026-08-04T10:20:41Z</time>
      </trkpt>
      <trkpt lat="8.998464" lon="-79.577579">
        <time>2026-08-04T10:20:42Z</time>
      </trkpt>
      <trkpt lat="8.998447" lon="-79.577594">
        <time>2026-08-04T10:20:43Z</time>
      </trkpt>
      <trkpt lat="8.998429" lon="-79.577608">
        <time>2026-08-04T10:20:44Z</time>
      </trkpt>
      <trkpt lat="8.998413" lon="-79.577621">
        <time>2026-08-04T10:20:45Z</time>
      </trkpt>
      <trkpt lat="8.998393" lon="-79.577633">
        <time>2026-08-04T10:20:46Z</time>
      </trkpt>
      <trkpt lat="8.998375" lon="-79.577646">
        <time>2026-08-04T10:20:47Z</time>
      </trkpt>
      <trkpt lat="8.998356" lon="-79.577658">
        <time>2026-08-04T10:20:48Z</time>
      </trkpt>
      <trkpt lat="8.998338" lon="-79.577674">
        <time>2026-08-04T10:20:49Z</time>
      </trkpt>
      <trkpt lat="8.998319" lon="-79.577686">
        <time>2026-08-04T10:20:50Z</time>
      </trkpt>
      <trkpt lat="8.998300" lon="-79.577700">
        <time>2026-08-04T10:20:51Z</time>
      </trkpt>
      <trkpt lat="8.998282" lon="-79.577718">
        <time>2026-08-04T10:20:52Z</time>
      </trkpt>
      <trkpt lat="8.998264" lon="-79.577729">
        <time>2026-08-04T10:20:53Z</time>
      </trkpt>
      <trkpt lat="8.998248" lon="-79.577742">
        <time>2026-08-04T10:20:54Z</time>
      </trkpt>
      <trkpt lat="8.998229" lon="-79.577756">
        <time>2026-08-04T10:20:55Z</time>
      </trkpt>
      <trkpt lat="8.998215" lon="-79.577764">
        <time>2026-08-04T10:20:56Z</time>
      </trkpt>
      <trkpt lat="8.998201" lon="-79.577771">
        <time>2026-08-04T10:20:57Z</time>
      </trkpt>
      <trkpt lat="8.998184" lon="-79.577777">
        <time>2026-08-04T10:20:58Z</time>
      </trkpt>
      <trkpt lat="8.998166" lon="-79.577788">
        <time>2026-08-04T10:20:59Z</time>
      </trkpt>
      <trkpt lat="8.998149" lon="-79.577802">
        <time>2026-08-04T10:21:00Z</time>
      </trkpt>
      <trkpt lat="8.998133" lon="-79.577811">
        <time>2026-08-04T10:21:01Z</time>
      </trkpt>
      <trkpt lat="8.998116" lon="-79.577827">
        <time>2026-08-04T10:21:02Z</time>
      </trkpt>
      <trkpt lat="8.998097" lon="-79.577836">
        <time>2026-08-04T10:21:03Z</time>
      </trkpt>
      <trkpt lat="8.998080" lon="-79.577849">
        <time>2026-08-04T10:21:04Z</time>
      </trkpt>
      <trkpt lat="8.998061" lon="-79.577864">
        <time>2026-08-04T10:21:05Z</time>
      </trkpt>
      <trkpt lat="8.998043" lon="-79.577871">
        <time>2026-08-04T10:21:06Z</time>
      </trkpt>
      <trkpt lat="8.998024" lon="-79.577885">
        <time>2026-08-04T10:21:07Z</time>
      </trkpt>
      <trkpt lat="8.998005" lon="-79.577899">
        <time>2026-08-04T10:21:08Z</time>
      </trkpt>
      <trkpt lat="8.997986" lon="-79.577909">
        <time>2026-08-04T10:21:09Z</time>
      </trkpt>
      <trkpt lat="8.997965" lon="-79.577922">
        <time>2026-08-04T10:21:10Z</time>
      </trkpt>
      <trkpt lat="8.997944" lon="-79.577934">
        <time>2026-08-04T10:21:11Z</time>
      </trkpt>
      <trkpt lat="8.997926" lon="-79.577946">
        <time>2026-08-04T10:21:12Z</time>
      </trkpt>
      <trkpt lat="8.997906" lon="-79.577958">
        <time>2026-08-04T10:21:13Z</time>
      </trkpt>
      <trkpt lat="8.997888" lon="-79.577969">
        <time>2026-08-04T10:21:14Z</time>
      </trkpt>
      <trkpt lat="8.997871" lon="-79.577980">
        <time>2026-08-04T10:21:15Z</time>
      </trkpt>
      <trkpt lat="8.997853" lon="-79.577993">
        <time>2026-08-04T10:21:16Z</time>
      </trkpt>
      <trkpt lat="8.997835" lon="-79.578008">
        <time>2026-08-04T10:21:17Z</time>
      </trkpt>
      <trkpt lat="8.997820" lon="-79.578021">
        <time>2026-08-04T10:21:18Z</time>
      </trkpt>
      <trkpt lat="8.997803" lon="-79.578035">
        <time>2026-08-04T10:21:19Z</time>
      </trkpt>
      <trkpt lat="8.997786" lon="-79.578049">
        <time>2026-08-04T10:21:20Z</time>
      </trkpt>
      <trkpt lat="8.997766" lon="-79.578065">
        <time>2026-08-04T10:21:21Z</time>
      </trkpt>
      <trkpt lat="8.997746" lon="-79.578079">
        <time>2026-08-04T10:21:22Z</time>
      </trkpt>
      <trkpt lat="8.997726" lon="-79.578094">
        <time>2026-08-04T10:21:23Z</time>
      </trkpt>
      <trkpt lat="8.997714" lon="-79.578114">
        <time>2026-08-04T10:21:24Z</time>
      </trkpt>
      <trkpt lat="8.997704" lon="-79.578139">
        <time>2026-08-04T10:21:25Z</time>
      </trkpt>
      <trkpt lat="8.997694" lon="-79.578161">
        <time>2026-08-04T10:21:26Z</time>
      </trkpt>
      <trkpt lat="8.997682" lon="-79.578179">
        <time>2026-08-04T10:21:27Z</time>
      </trkpt>
      <trkpt lat="8.997666" lon="-79.578197">
        <time>2026-08-04T10:21:28Z</time>
      </trkpt>
      <trkpt lat="8.997650" lon="-79.578217">
        <time>2026-08-04T10:21:29Z</time>
      </trkpt>
      <trkpt lat="8.997635" lon="-79.578231">
        <time>2026-08-04T10:21:30Z</time>
      </trkpt>
      <trkpt lat="8.997622" lon="-79.578254">
        <time>2026-08-04T10:21:31Z</time>
      </trkpt>
      <trkpt lat="8.997610" lon="-79.578277">
        <time>2026-08-04T10:21:32Z</time>
      </trkpt>
      <trkpt lat="8.997601" lon="-79.578297">
        <time>2026-08-04T10:21:33Z</time>
      </trkpt>
      <trkpt lat="8.997589" lon="-79.578316">
        <time>2026-08-04T10:21:34Z</time>
      </trkpt>
      <trkpt lat="8.997578" lon="-79.578339">
        <time>2026-08-04T10:21:35Z</time>
      </trkpt>
      <trkpt lat="8.997585" lon="-79.578366">
        <time>2026-08-04T10:21:36Z</time>
      </trkpt>
      <trkpt lat="8.997596" lon="-79.578387">
        <time>2026-08-04T10:21:37Z</time>
      </trkpt>
      <trkpt lat="8.997607" lon="-79.578409">
        <time>2026-08-04T10:21:38Z</time>
      </trkpt>
      <trkpt lat="8.997619" lon="-79.578432">
        <time>2026-08-04T10:21:39Z</time>
      </trkpt>
      <trkpt lat="8.997634" lon="-79.578453">
        <time>2026-08-04T10:21:40Z</time>
      </trkpt>
      <trkpt lat="8.997652" lon="-79.578471">
        <time>2026-08-04T10:21:41Z</time>
      </trkpt>
      <trkpt lat="8.997667" lon="-79.578491">
        <time>2026-08-04T10:21:42Z</time>
      </trkpt>
      <trkpt lat="8.997691" lon="-79.578506">
        <time>2026-08-04T10:21:43Z</time>
      </trkpt>
      <trkpt lat="8.997716" lon="-79.578518">
        <time>2026-08-04T10:21:44Z</time>
      </trkpt>
      <trkpt lat="8.997744" lon="-79.578520">
        <time>2026-08-04T10:21:45Z</time>
      </trkpt>
      <trkpt lat="8.997772" lon="-79.578518">
        <time>2026-08-04T10:21:46Z</time>
      </trkpt>
      <trkpt lat="8.997798" lon="-79.578514">
        <time>2026-08-04T10:21:47Z</time>
      </trkpt>
      <trkpt lat="8.997824" lon="-79.578506">
        <time>2026-08-04T10:21:48Z</time>
      </trkpt>
      <trkpt lat="8.997846" lon="-79.578499">
        <time>2026-08-04T10:21:49Z</time>
      </trkpt>
      <trkpt lat="8.997865" lon="-79.578496">
        <time>2026-08-04T10:21:50Z</time>
      </trkpt>
      <trkpt lat="8.997885" lon="-79.578495">
        <time>2026-08-04T10:21:51Z</time>
      </trkpt>
      <trkpt lat="8.997894" lon="-79.578503">
        <time>2026-08-04T10:21:52Z</time>
      </trkpt>
      <trkpt lat="8.997897" lon="-79.578522">
        <time>2026-08-04T10:21:53Z</time>
      </trkpt>
      <trkpt lat="8.997894" lon="-79.578542">
        <time>2026-08-04T10:21:54Z</time>
      </trkpt>
      <trkpt lat="8.997887" lon="-79.578566">
        <time>2026-08-04T10:21:55Z</time>
      </trkpt>
      <trkpt lat="8.997884" lon="-79.578588">
        <time>2026-08-04T10:21:56Z</time>
      </trkpt>
      <trkpt lat="8.997883" lon="-79.578611">
        <time>2026-08-04T10:21:57Z</time>
      </trkpt>
      <trkpt lat="8.997884" lon="-79.578633">
        <time>2026-08-04T10:21:58Z</time>
      </trkpt>
      <trkpt lat="8.997884" lon="-79.578654">
        <time>2026-08-04T10:21:59Z</time>
      </trkpt>
      <trkpt lat="8.997885" lon="-79.578679">
        <time>2026-08-04T10:22:00Z</time>
      </trkpt>
      <trkpt lat="8.997885" lon="-79.578701">
        <time>2026-08-04T10:22:01Z</time>
      </trkpt>
      <trkpt lat="8.997886" lon="-79.578724">
        <time>2026-08-04T10:22:02Z</time>
      </trkpt>
      <trkpt lat="8.997890" lon="-79.578747">
        <time>2026-08-04T10:22:03Z</time>
      </trkpt>
      <trkpt lat="8.997894" lon="-79.578767">
        <time>2026-08-04T10:22:04Z</time>
      </trkpt>
      <trkpt lat="8.997897" lon="-79.578789">
        <time>2026-08-04T10:22:05Z</time>
      </trkpt>
      <trkpt lat="8.997900" lon="-79.578813">
        <time>2026-08-04T10:22:06Z</time>
      </trkpt>
      <trkpt lat="8.997903" lon="-79.578832">
        <time>2026-08-04T10:22:07Z</time>
      </trkpt>
      <trkpt lat="8.997906" lon="-79.578855">
        <time>2026-08-04T10:22:08Z</time>
      </trkpt>
      <trkpt lat="8.997912" lon="-79.578879">
        <time>2026-08-04T10:22:09Z</time>
      </trkpt>
      <trkpt lat="8.997915" lon="-79.578901">
        <time>2026-08-04T10:22:10Z</time>
      </trkpt>
      <trkpt lat="8.997921" lon="-79.578924">
        <time>2026-08-04T10:22:11Z</time>
      </trkpt>
      <trkpt lat="8.997927" lon="-79.578947">
        <time>2026-08-04T10:22:12Z</time>
      </trkpt>
      <trkpt lat="8.997931" lon="-79.578970">
        <time>2026-08-04T10:22:13Z</time>
      </trkpt>
      <trkpt lat="8.997937" lon="-79.578994">
        <time>2026-08-04T10:22:14Z</time>
      </trkpt>
      <trkpt lat="8.997943" lon="-79.579017">
        <time>2026-08-04T10:22:15Z</time>
      </trkpt>
      <trkpt lat="8.997949" lon="-79.579037">
        <time>2026-08-04T10:22:16Z</time>
      </trkpt>
      <trkpt lat="8.997953" lon="-79.579061">
        <time>2026-08-04T10:22:17Z</time>
      </trkpt>
      <trkpt lat="8.997956" lon="-79.579082">
        <time>2026-08-04T10:22:18Z</time>
      </trkpt>
      <trkpt lat="8.997964" lon="-79.579102">
        <time>2026-08-04T10:22:19Z</time>
      </trkpt>
      <trkpt lat="8.997971" lon="-79.579122">
        <time>2026-08-04T10:22:20Z</time>
      </trkpt>
      <trkpt lat="8.997974" lon="-79.579145">
        <time>2026-08-04T10:22:21Z</time>
      </trkpt>
      <trkpt lat="8.997981" lon="-79.579169">
        <time>2026-08-04T10:22:22Z</time>
      </trkpt>
      <trkpt lat="8.997989" lon="-79.579189">
        <time>2026-08-04T10:22:23Z</time>
      </trkpt>
      <trkpt lat="8.997999" lon="-79.579208">
        <time>2026-08-04T10:22:24Z</time>
      </trkpt>
      <trkpt lat="8.998010" lon="-79.579229">
        <time>2026-08-04T10:22:25Z</time>
      </trkpt>
      <trkpt lat="8.998021" lon="-79.579247">
        <time>2026-08-04T10:22:26Z</time>
      </trkpt>
      <trkpt lat="8.998034" lon="-79.579267">
        <time>2026-08-04T10:22:27Z</time>
      </trkpt>
      <trkpt lat="8.998047" lon="-79.579285">
        <time>2026-08-04T10:22:28Z</time>
      </trkpt>
      <trkpt lat="8.998058" lon="-79.579304">
        <time>2026-08-04T10:22:29Z</time>
      </trkpt>
      <trkpt lat="8.998074" lon="-79.579318">
        <time>2026-08-04T10:22:30Z</time>
      </trkpt>
      <trkpt lat="8.998087" lon="-79.579338">
        <time>2026-08-04T10:22:31Z</time>
      </trkpt>
      <trkpt lat="8.998102" lon="-79.579358">
        <time>2026-08-04T10:22:32Z</time>
      </trkpt>
      <trkpt lat="8.998119" lon="-79.579379">
        <time>2026-08-04T10:22:33Z</time>
      </trkpt>
      <trkpt lat="8.998136" lon="-79.579401">
        <time>2026-08-04T10:22:34Z</time>
      </trkpt>
      <trkpt lat="8.998153" lon="-79.579423">
        <time>2026-08-04T10:22:35Z</time>
      </trkpt>
      <trkpt lat="8.998169" lon="-79.579444">
        <time>2026-08-04T10:22:36Z</time>
      </trkpt>
      <trkpt lat="8.998183" lon="-79.579463">
        <time>2026-08-04T10:22:37Z</time>
      </trkpt>
      <trkpt lat="8.998197" lon="-79.579481">
        <time>2026-08-04T10:22:38Z</time>
      </trkpt>
      <trkpt lat="8.998215" lon="-79.579500">
        <time>2026-08-04T10:22:39Z</time>
      </trkpt>
      <trkpt lat="8.998228" lon="-79.579520">
        <time>2026-08-04T10:22:40Z</time>
      </trkpt>
      <trkpt lat="8.998245" lon="-79.579539">
        <time>2026-08-04T10:22:41Z</time>
      </trkpt>
      <trkpt lat="8.998268" lon="-79.579554">
        <time>2026-08-04T10:22:42Z</time>
      </trkpt>
      <trkpt lat="8.998290" lon="-79.579566">
        <time>2026-08-04T10:22:43Z</time>
      </trkpt>
      <trkpt lat="8.998318" lon="-79.579577">
        <time>2026-08-04T10:22:44Z</time>
      </trkpt>
      <trkpt lat="8.998346" lon="-79.579577">
        <time>2026-08-04T10:22:45Z</time>
      </trkpt>
      <trkpt lat="8.998372" lon="-79.579575">
        <time>2026-08-04T10:22:46Z</time>
      </trkpt>
      <trkpt lat="8.998403" lon="-79.579567">
        <time>2026-08-04T10:22:47Z</time>
      </trkpt>
      <trkpt lat="8.998424" lon="-79.579559">
        <time>2026-08-04T10:22:48Z</time>
      </trkpt>
      <trkpt lat="8.998439" lon="-79.579550">
        <time>2026-08-04T10:22:49Z</time>
      </trkpt>
      <trkpt lat="8.998451" lon="-79.579543">
        <time>2026-08-04T10:22:50Z</time>
      </trkpt>
      <trkpt lat="8.998465" lon="-79.579538">
        <time>2026-08-04T10:22:51Z</time>
      </trkpt>
      <trkpt lat="8.998476" lon="-79.579538">
        <time>2026-08-04T10:22:52Z</time>
      </trkpt>
      <trkpt lat="8.998494" lon="-79.579542">
        <time>2026-08-04T10:22:53Z</time>
      </trkpt>
      <trkpt lat="8.998508" lon="-79.579540">
        <time>2026-08-04T10:22:54Z</time>
      </trkpt>
      <trkpt lat="8.998528" lon="-79.579535">
        <time>2026-08-04T10:22:55Z</time>
      </trkpt>
      <trkpt lat="8.998547" lon="-79.579515">
        <time>2026-08-04T10:22:56Z</time>
      </trkpt>
      <trkpt lat="8.998567" lon="-79.579499">
        <time>2026-08-04T10:22:57Z</time>
      </trkpt>
      <trkpt lat="8.998583" lon="-79.579479">
        <time>2026-08-04T10:22:58Z</time>
      </trkpt>
      <trkpt lat="8.998600" lon="-79.579458">
        <time>2026-08-04T10:22:59Z</time>
      </trkpt>
      <trkpt lat="8.998614" lon="-79.579439">
        <time>2026-08-04T10:23:00Z</time>
      </trkpt>
      <trkpt lat="8.998627" lon="-79.579416">
        <time>2026-08-04T10:23:01Z</time>
      </trkpt>
      <trkpt lat="8.998640" lon="-79.579394">
        <time>2026-08-04T10:23:02Z</time>
      </trkpt>
      <trkpt lat="8.998650" lon="-79.579373">
        <time>2026-08-04T10:23:03Z</time>
      </trkpt>
      <trkpt lat="8.998659" lon="-79.579348">
        <time>2026-08-04T10:23:04Z</time>
      </trkpt>
      <trkpt lat="8.998668" lon="-79.579329">
        <time>2026-08-04T10:23:05Z</time>
      </trkpt>
      <trkpt lat="8.998684" lon="-79.579312">
        <time>2026-08-04T10:23:06Z</time>
      </trkpt>
      <trkpt lat="8.998702" lon="-79.579295">
        <time>2026-08-04T10:23:07Z</time>
      </trkpt>
      <trkpt lat="8.998718" lon="-79.579280">
        <time>2026-08-04T10:23:08Z</time>
      </trkpt>
      <trkpt lat="8.998737" lon="-79.579265">
        <time>2026-08-04T10:23:09Z</time>
      </trkpt>
      <trkpt lat="8.998754" lon="-79.579250">
        <time>2026-08-04T10:23:10Z</time>
      </trkpt>
      <trkpt lat="8.998774" lon="-79.579236">
        <time>2026-08-04T10:23:11Z</time>
      </trkpt>
      <trkpt lat="8.998795" lon="-79.579224">
        <time>2026-08-04T10:23:12Z</time>
      </trkpt>
      <trkpt lat="8.998813" lon="-79.579221">
        <time>2026-08-04T10:23:13Z</time>
      </trkpt>
      <trkpt lat="8.998829" lon="-79.579228">
        <time>2026-08-04T10:23:14Z</time>
      </trkpt>
      <trkpt lat="8.998842" lon="-79.579244">
        <time>2026-08-04T10:23:15Z</time>
      </trkpt>
      <trkpt lat="8.998856" lon="-79.579259">
        <time>2026-08-04T10:23:16Z</time>
      </trkpt>
      <trkpt lat="8.998876" lon="-79.579274">
        <time>2026-08-04T10:23:17Z</time>
      </trkpt>
      <trkpt lat="8.998894" lon="-79.579287">
        <time>2026-08-04T10:23:18Z</time>
      </trkpt>
      <trkpt lat="8.998915" lon="-79.579296">
        <time>2026-08-04T10:23:19Z</time>
      </trkpt>
      <trkpt lat="8.998939" lon="-79.579300">
        <time>2026-08-04T10:23:20Z</time>
      </trkpt>
      <trkpt lat="8.998962" lon="-79.579302">
        <time>2026-08-04T10:23:21Z</time>
      </trkpt>
      <trkpt lat="8.998985" lon="-79.579297">
        <time>2026-08-04T10:23:22Z</time>
      </trkpt>
      <trkpt lat="8.999008" lon="-79.579290">
        <time>2026-08-04T10:23:23Z</time>
      </trkpt>
      <trkpt lat="8.999030" lon="-79.579285">
        <time>2026-08-04T10:23:24Z</time>
      </trkpt>
      <trkpt lat="8.999054" lon="-79.579278">
        <time>2026-08-04T10:23:25Z</time>
      </trkpt>
      <trkpt lat="8.999075" lon="-79.579271">
        <time>2026-08-04T10:23:26Z</time>
      </trkpt>
      <trkpt lat="8.999095" lon="-79.579267">
        <time>2026-08-04T10:23:27Z</time>
      </trkpt>
      <trkpt lat="8.999113" lon="-79.579264">
        <time>2026-08-04T10:23:28Z</time>
      </trkpt>
      <trkpt lat="8.999129" lon="-79.579263">
        <time>2026-08-04T10:23:29Z</time>
      </trkpt>
      <trkpt lat="8.999151" lon="-79.579257">
        <time>2026-08-04T10:23:30Z</time>
      </trkpt>
      <trkpt lat="8.999173" lon="-79.579249">
        <time>2026-08-04T10:23:31Z</time>
      </trkpt>
      <trkpt lat="8.999188" lon="-79.579244">
        <time>2026-08-04T10:23:32Z</time>
      </trkpt>
      <trkpt lat="8.999208" lon="-79.579241">
        <time>2026-08-04T10:23:33Z</time>
      </trkpt>
      <trkpt lat="8.999226" lon="-79.579238">
        <time>2026-08-04T10:23:34Z</time>
      </trkpt>
      <trkpt lat="8.999244" lon="-79.579240">
        <time>2026-08-04T10:23:35Z</time>
      </trkpt>
      <trkpt lat="8.999267" lon="-79.579239">
        <time>2026-08-04T10:23:36Z</time>
      </trkpt>
      <trkpt lat="8.999288" lon="-79.579238">
        <time>2026-08-04T10:23:37Z</time>
      </trkpt>
      <trkpt lat="8.999310" lon="-79.579241">
        <time>2026-08-04T10:23:38Z</time>
      </trkpt>
      <trkpt lat="8.999332" lon="-79.579239">
        <time>2026-08-04T10:23:39Z</time>
      </trkpt>
      <trkpt lat="8.999351" lon="-79.579238">
        <time>2026-08-04T10:23:40Z</time>
      </trkpt>
      <trkpt lat="8.999370" lon="-79.579238">
        <time>2026-08-04T10:23:41Z</time>
      </trkpt>
      <trkpt lat="8.999394" lon="-79.579238">
        <time>2026-08-04T10:23:42Z</time>
      </trkpt>
      <trkpt lat="8.999415" lon="-79.579236">
        <time>2026-08-04T10:23:43Z</time>
      </trkpt>
      <trkpt lat="8.999435" lon="-79.579232">
        <time>2026-08-04T10:23:44Z</time>
      </trkpt>
      <trkpt lat="8.999456" lon="-79.579226">
        <time>2026-08-04T10:23:45Z</time>
      </trkpt>
      <trkpt lat="8.999475" lon="-79.579221">
        <time>2026-08-04T10:23:46Z</time>
      </trkpt>
      <trkpt lat="8.999493" lon="-79.579216">
        <time>2026-08-04T10:23:47Z</time>
      </trkpt>
      <trkpt lat="8.999514" lon="-79.579210">
        <time>2026-08-04T10:23:48Z</time>
      </trkpt>
      <trkpt lat="8.999531" lon="-79.579205">
        <time>2026-08-04T10:23:49Z</time>
      </trkpt>
      <trkpt lat="8.999550" lon="-79.579200">
        <time>2026-08-04T10:23:50Z</time>
      </trkpt>
      <trkpt lat="8.999573" lon="-79.579199">
        <time>2026-08-04T10:23:51Z</time>
      </trkpt>
      <trkpt lat="8.999593" lon="-79.579199">
        <time>2026-08-04T10:23:52Z</time>
      </trkpt>
      <trkpt lat="8.999614" lon="-79.579200">
        <time>2026-08-04T10:23:53Z</time>
      </trkpt>
      <trkpt lat="8.999636" lon="-79.579204">
        <time>2026-08-04T10:23:54Z</time>
      </trkpt>
      <trkpt lat="8.999654" lon="-79.579208">
        <time>2026-08-04T10:23:55Z</time>
      </trkpt>
      <trkpt lat="8.999673" lon="-79.579216">
        <time>2026-08-04T10:23:56Z</time>
      </trkpt>
      <trkpt lat="8.999693" lon="-79.579223">
        <time>2026-08-04T10:23:57Z</time>
      </trkpt>
      <trkpt lat="8.999710" lon="-79.579230">
        <time>2026-08-04T10:23:58Z</time>
      </trkpt>
      <trkpt lat="8.999727" lon="-79.579240">
        <time>2026-08-04T10:23:59Z</time>
      </trkpt>
      <trkpt lat="8.999744" lon="-79.579251">
        <time>2026-08-04T10:24:00Z</time>
      </trkpt>
      <trkpt lat="8.999763" lon="-79.579260">
        <time>2026-08-04T10:24:01Z</time>
      </trkpt>
      <trkpt lat="8.999782" lon="-79.579270">
        <time>2026-08-04T10:24:02Z</time>
      </trkpt>
      <trkpt lat="8.999802" lon="-79.579281">
        <time>2026-08-04T10:24:03Z</time>
      </trkpt>
      <trkpt lat="8.999822" lon="-79.579288">
        <time>2026-08-04T10:24:04Z</time>
      </trkpt>
      <trkpt lat="8.999846" lon="-79.579295">
        <time>2026-08-04T10:24:05Z</time>
      </trkpt>
      <trkpt lat="8.999873" lon="-79.579297">
        <time>2026-08-04T10:24:06Z</time>
      </trkpt>
      <trkpt lat="8.999897" lon="-79.579296">
        <time>2026-08-04T10:24:07Z</time>
      </trkpt>
      <trkpt lat="8.999920" lon="-79.579297">
        <time>2026-08-04T10:24:08Z</time>
      </trkpt>
      <trkpt lat="8.999944" lon="-79.579297">
        <time>2026-08-04T10:24:09Z</time>
      </trkpt>
      <trkpt lat="8.999964" lon="-79.579293">
        <time>2026-08-04T10:24:10Z</time>
      </trkpt>
      <trkpt lat="8.999985" lon="-79.579291">
        <time>2026-08-04T10:24:11Z</time>
      </trkpt>
      <trkpt lat="9.000010" lon="-79.579286">
        <time>2026-08-04T10:24:12Z</time>
      </trkpt>
      <trkpt lat="9.000028" lon="-79.579284">
        <time>2026-08-04T10:24:13Z</time>
      </trkpt>
      <trkpt lat="9.000048" lon="-79.579282">
        <time>2026-08-04T10:24:14Z</time>
      </trkpt>
      <trkpt lat="9.000072" lon="-79.579279">
        <time>2026-08-04T10:24:15Z</time>
      </trkpt>
      <trkpt lat="9.000089" lon="-79.579277">
        <time>2026-08-04T10:24:16Z</time>
      </trkpt>
      <trkpt lat="9.000106" lon="-79.579275">
        <time>2026-08-04T10:24:17Z</time>
      </trkpt>
      <trkpt lat="9.000129" lon="-79.579271">
        <time>2026-08-04T10:24:18Z</time>
      </trkpt>
      <trkpt lat="9.000149" lon="-79.579267">
        <time>2026-08-04T10:24:19Z</time>
      </trkpt>
      <trkpt lat="9.000171" lon="-79.579265">
        <time>2026-08-04T10:24:20Z</time>
      </trkpt>
      <trkpt lat="9.000195" lon="-79.579264">
        <time>2026-08-04T10:24:21Z</time>
      </trkpt>
      <trkpt lat="9.000215" lon="-79.579270">
        <time>2026-08-04T10:24:22Z</time>
      </trkpt>
      <trkpt lat="9.000233" lon="-79.579277">
        <time>2026-08-04T10:24:23Z</time>
      </trkpt>
      <trkpt lat="9.000239" lon="-79.579295">
        <time>2026-08-04T10:24:24Z</time>
      </trkpt>
      <trkpt lat="9.000242" lon="-79.579312">
        <time>2026-08-04T10:24:25Z</time>
      </trkpt>
      <trkpt lat="9.000245" lon="-79.579331">
        <time>2026-08-04T10:24:26Z</time>
      </trkpt>
      <trkpt lat="9.000252" lon="-79.579349">
        <time>2026-08-04T10:24:27Z</time>
      </trkpt>
      <trkpt lat="9.000258" lon="-79.579367">
        <time>2026-08-04T10:24:28Z</time>
      </trkpt>
      <trkpt lat="9.000259" lon="-79.579389">
        <time>2026-08-04T10:24:29Z</time>
      </trkpt>
      <trkpt lat="9.000260" lon="-79.579413">
        <time>2026-08-04T10:24:30Z</time>
      </trkpt>
      <trkpt lat="9.000261" lon="-79.579433">
        <time>2026-08-04T10:24:31Z</time>
      </trkpt>
      <trkpt lat="9.000261" lon="-79.579456">
        <time>2026-08-04T10:24:32Z</time>
      </trkpt>
      <trkpt lat="9.000260" lon="-79.579477">
        <time>2026-08-04T10:24:33Z</time>
      </trkpt>
      <trkpt lat="9.000257" lon="-79.579499">
        <time>2026-08-04T10:24:34Z</time>
      </trkpt>
      <trkpt lat="9.000256" lon="-79.579520">
        <time>2026-08-04T10:24:35Z</time>
      </trkpt>
      <trkpt lat="9.000257" lon="-79.579542">
        <time>2026-08-04T10:24:36Z</time>
      </trkpt>
      <trkpt lat="9.000258" lon="-79.579563">
        <time>2026-08-04T10:24:37Z</time>
      </trkpt>
      <trkpt lat="9.000260" lon="-79.579584">
        <time>2026-08-04T10:24:38Z</time>
      </trkpt>
      <trkpt lat="9.000263" lon="-79.579609">
        <time>2026-08-04T10:24:39Z</time>
      </trkpt>
      <trkpt lat="9.000263" lon="-79.579629">
        <time>2026-08-04T10:24:40Z</time>
      </trkpt>
      <trkpt lat="9.000264" lon="-79.579650">
        <time>2026-08-04T10:24:41Z</time>
      </trkpt>
      <trkpt lat="9.000266" lon="-79.579672">
        <time>2026-08-04T10:24:42Z</time>
      </trkpt>
      <trkpt lat="9.000267" lon="-79.579692">
        <time>2026-08-04T10:24:43Z</time>
      </trkpt>
      <trkpt lat="9.000269" lon="-79.579716">
        <time>2026-08-04T10:24:44Z</time>
      </trkpt>
      <trkpt lat="9.000274" lon="-79.579741">
        <time>2026-08-04T10:24:45Z</time>
      </trkpt>
      <trkpt lat="9.000275" lon="-79.579762">
        <time>2026-08-04T10:24:46Z</time>
      </trkpt>
      <trkpt lat="9.000275" lon="-79.579781">
        <time>2026-08-04T10:24:47Z</time>
      </trkpt>
      <trkpt lat="9.000276" lon="-79.579805">
        <time>2026-08-04T10:24:48Z</time>
      </trkpt>
      <trkpt lat="9.000279" lon="-79.579827">
        <time>2026-08-04T10:24:49Z</time>
      </trkpt>
      <trkpt lat="9.000280" lon="-79.579850">
        <time>2026-08-04T10:24:50Z</time>
      </trkpt>
      <trkpt lat="9.000279" lon="-79.579875">
        <time>2026-08-04T10:24:51Z</time>
      </trkpt>
      <trkpt lat="9.000280" lon="-79.579897">
        <time>2026-08-04T10:24:52Z</time>
      </trkpt>
      <trkpt lat="9.000281" lon="-79.579917">
        <time>2026-08-04T10:24:53Z</time>
      </trkpt>
      <trkpt lat="9.000282" lon="-79.579943">
        <time>2026-08-04T10:24:54Z</time>
      </trkpt>
      <trkpt lat="9.000284" lon="-79.579964">
        <time>2026-08-04T10:24:55Z</time>
      </trkpt>
      <trkpt lat="9.000286" lon="-79.579984">
        <time>2026-08-04T10:24:56Z</time>
      </trkpt>
      <trkpt lat="9.000289" lon="-79.580007">
        <time>2026-08-04T10:24:57Z</time>
      </trkpt>
      <trkpt lat="9.000288" lon="-79.580030">
        <time>2026-08-04T10:24:58Z</time>
      </trkpt>
      <trkpt lat="9.000290" lon="-79.580051">
        <time>2026-08-04T10:24:59Z</time>
      </trkpt>
      <trkpt lat="9.000292" lon="-79.580072">
        <time>2026-08-04T10:25:00Z</time>
      </trkpt>
      <trkpt lat="9.000296" lon="-79.580093">
        <time>2026-08-04T10:25:01Z</time>
      </trkpt>
      <trkpt lat="9.000304" lon="-79.580115">
        <time>2026-08-04T10:25:02Z</time>
      </trkpt>
      <trkpt lat="9.000311" lon="-79.580136">
        <time>2026-08-04T10:25:03Z</time>
      </trkpt>
      <trkpt lat="9.000320" lon="-79.580157">
        <time>2026-08-04T10:25:04Z</time>
      </trkpt>
      <trkpt lat="9.000335" lon="-79.580175">
        <time>2026-08-04T10:25:05Z</time>
      </trkpt>
      <trkpt lat="9.000352" lon="-79.580187">
        <time>2026-08-04T10:25:06Z</time>
      </trkpt>
      <trkpt lat="9.000372" lon="-79.580201">
        <time>2026-08-04T10:25:07Z</time>
      </trkpt>
      <trkpt lat="9.000397" lon="-79.580207">
        <time>2026-08-04T10:25:08Z</time>
      </trkpt>
      <trkpt lat="9.000423" lon="-79.580213">
        <time>2026-08-04T10:25:09Z</time>
      </trkpt>
      <trkpt lat="9.000449" lon="-79.580215">
        <time>2026-08-04T10:25:10Z</time>
      </trkpt>
      <trkpt lat="9.000477" lon="-79.580211">
        <time>2026-08-04T10:25:11Z</time>
      </trkpt>
      <trkpt lat="9.000501" lon="-79.580205">
        <time>2026-08-04T10:25:12Z</time>
      </trkpt>
      <trkpt lat="9.000527" lon="-79.580200">
        <time>2026-08-04T10:25:13Z</time>
      </trkpt>
      <trkpt lat="9.000552" lon="-79.580193">
        <time>2026-08-04T10:25:14Z</time>
      </trkpt>
      <trkpt lat="9.000575" lon="-79.580188">
        <time>2026-08-04T10:25:15Z</time>
      </trkpt>
      <trkpt lat="9.000594" lon="-79.580182">
        <time>2026-08-04T10:25:16Z</time>
      </trkpt>
      <trkpt lat="9.000614" lon="-79.580178">
        <time>2026-08-04T10:25:17Z</time>
      </trkpt>
      <trkpt lat="9.000634" lon="-79.580172">
        <time>2026-08-04T10:25:18Z</time>
      </trkpt>
      <trkpt lat="9.000655" lon="-79.580166">
        <time>2026-08-04T10:25:19Z</time>
      </trkpt>
      <trkpt lat="9.000676" lon="-79.580160">
        <time>2026-08-04T10:25:20Z</time>
      </trkpt>
      <trkpt lat="9.000697" lon="-79.580153">
        <time>2026-08-04T10:25:21Z</time>
      </trkpt>
      <trkpt lat="9.000718" lon="-79.580147">
        <time>2026-08-04T10:25:22Z</time>
      </trkpt>
      <trkpt lat="9.000742" lon="-79.580141">
        <time>2026-08-04T10:25:23Z</time>
      </trkpt>
      <trkpt lat="9.000766" lon="-79.580135">
        <time>2026-08-04T10:25:24Z</time>
      </trkpt>
      <trkpt lat="9.000789" lon="-79.580133">
        <time>2026-08-04T10:25:25Z</time>
      </trkpt>
      <trkpt lat="9.000812" lon="-79.580125">
        <time>2026-08-04T10:25:26Z</time>
      </trkpt>
      <trkpt lat="9.000834" lon="-79.580118">
        <time>2026-08-04T10:25:27Z</time>
      </trkpt>
      <trkpt lat="9.000855" lon="-79.580111">
        <time>2026-08-04T10:25:28Z</time>
      </trkpt>
      <trkpt lat="9.000874" lon="-79.580105">
        <time>2026-08-04T10:25:29Z</time>
      </trkpt>
      <trkpt lat="9.000894" lon="-79.580097">
        <time>2026-08-04T10:25:30Z</time>
      </trkpt>
      <trkpt lat="9.000912" lon="-79.580088">
        <time>2026-08-04T10:25:31Z</time>
      </trkpt>
      <trkpt lat="9.000932" lon="-79.580077">
        <time>2026-08-04T10:25:32Z</time>
      </trkpt>
      <trkpt lat="9.000951" lon="-79.580068">
        <time>2026-08-04T10:25:33Z</time>
      </trkpt>
      <trkpt lat="9.000969" lon="-79.580051">
        <time>2026-08-04T10:25:34Z</time>
      </trkpt>
      <trkpt lat="9.000989" lon="-79.580035">
        <time>2026-08-04T10:25:35Z</time>
      </trkpt>
      <trkpt lat="9.001006" lon="-79.580021">
        <time>2026-08-04T10:25:36Z</time>
      </trkpt>
      <trkpt lat="9.001021" lon="-79.580001">
        <time>2026-08-04T10:25:37Z</time>
      </trkpt>
      <trkpt lat="9.001036" lon="-79.579979">
        <time>2026-08-04T10:25:38Z</time>
      </trkpt>
      <trkpt lat="9.001049" lon="-79.579955">
        <time>2026-08-04T10:25:39Z</time>
      </trkpt>
      <trkpt lat="9.001057" lon="-79.579929">
        <time>2026-08-04T10:25:40Z</time>
      </trkpt>
      <trkpt lat="9.001064" lon="-79.579909">
        <time>2026-08-04T10:25:41Z</time>
      </trkpt>
      <trkpt lat="9.001071" lon="-79.579887">
        <time>2026-08-04T10:25:42Z</time>
      </trkpt>
      <trkpt lat="9.001073" lon="-79.579862">
        <time>2026-08-04T10:25:43Z</time>
      </trkpt>
      <trkpt lat="9.001076" lon="-79.579839">
        <time>2026-08-04T10:25:44Z</time>
      </trkpt>
      <trkpt lat="9.001076" lon="-79.579817">
        <time>2026-08-04T10:25:45Z</time>
      </trkpt>
      <trkpt lat="9.001074" lon="-79.579793">
        <time>2026-08-04T10:25:46Z</time>
      </trkpt>
      <trkpt lat="9.001071" lon="-79.579772">
        <time>2026-08-04T10:25:47Z</time>
      </trkpt>
      <trkpt lat="9.001069" lon="-79.579749">
        <time>2026-08-04T10:25:48Z</time>
      </trkpt>
      <trkpt lat="9.001066" lon="-79.579727">
        <time>2026-08-04T10:25:49Z</time>
      </trkpt>
      <trkpt lat="9.001063" lon="-79.579707">
        <time>2026-08-04T10:25:50Z</time>
      </trkpt>
      <trkpt lat="9.001060" lon="-79.579684">
        <time>2026-08-04T10:25:51Z</time>
      </trkpt>
      <trkpt lat="9.001055" lon="-79.579660">
        <time>2026-08-04T10:25:52Z</time>
      </trkpt>
      <trkpt lat="9.001050" lon="-79.579638">
        <time>2026-08-04T10:25:53Z</time>
      </trkpt>
      <trkpt lat="9.001047" lon="-79.579615">
        <time>2026-08-04T10:25:54Z</time>
      </trkpt>
      <trkpt lat="9.001045" lon="-79.579594">
        <time>2026-08-04T10:25:55Z</time>
      </trkpt>
      <trkpt lat="9.001039" lon="-79.579572">
        <time>2026-08-04T10:25:56Z</time>
      </trkpt>
      <trkpt lat="9.001032" lon="-79.579549">
        <time>2026-08-04T10:25:57Z</time>
      </trkpt>
      <trkpt lat="9.001027" lon="-79.579528">
        <time>2026-08-04T10:25:58Z</time>
      </trkpt>
      <trkpt lat="9.001021" lon="-79.579504">
        <time>2026-08-04T10:25:59Z</time>
      </trkpt>
      <trkpt lat="9.001016" lon="-79.579482">
        <time>2026-08-04T10:26:00Z</time>
      </trkpt>
      <trkpt lat="9.001013" lon="-79.579464">
        <time>2026-08-04T10:26:01Z</time>
      </trkpt>
      <trkpt lat="9.001009" lon="-79.579441">
        <time>2026-08-04T10:26:02Z</time>
      </trkpt>
      <trkpt lat="9.001007" lon="-79.579419">
        <time>2026-08-04T10:26:03Z</time>
      </trkpt>
      <trkpt lat="9.001006" lon="-79.579397">
        <time>2026-08-04T10:26:04Z</time>
      </trkpt>
      <trkpt lat="9.001007" lon="-79.579378">
        <time>2026-08-04T10:26:05Z</time>
      </trkpt>
      <trkpt lat="9.001011" lon="-79.579356">
        <time>2026-08-04T10:26:06Z</time>
      </trkpt>
      <trkpt lat="9.001018" lon="-79.579338">
        <time>2026-08-04T10:26:07Z</time>
      </trkpt>
      <trkpt lat="9.001023" lon="-79.579316">
        <time>2026-08-04T10:26:08Z</time>
      </trkpt>
      <trkpt lat="9.001030" lon="-79.579297">
        <time>2026-08-04T10:26:09Z</time>
      </trkpt>
      <trkpt lat="9.001041" lon="-79.579281">
        <time>2026-08-04T10:26:10Z</time>
      </trkpt>
      <trkpt lat="9.001052" lon="-79.579263">
        <time>2026-08-04T10:26:11Z</time>
      </trkpt>
      <trkpt lat="9.001063" lon="-79.579247">
        <time>2026-08-04T10:26:12Z</time>
      </trkpt>
      <trkpt lat="9.001079" lon="-79.579230">
        <time>2026-08-04T10:26:13Z</time>
      </trkpt>
      <trkpt lat="9.001094" lon="-79.579209">
        <time>2026-08-04T10:26:14Z</time>
      </trkpt>
      <trkpt lat="9.001109" lon="-79.579195">
        <time>2026-08-04T10:26:15Z</time>
      </trkpt>
      <trkpt lat="9.001128" lon="-79.579182">
        <time>2026-08-04T10:26:16Z</time>
      </trkpt>
      <trkpt lat="9.001147" lon="-79.579170">
        <time>2026-08-04T10:26:17Z</time>
      </trkpt>
      <trkpt lat="9.001167" lon="-79.579160">
        <time>2026-08-04T10:26:18Z</time>
      </trkpt>
      <trkpt lat="9.001186" lon="-79.579152">
        <time>2026-08-04T10:26:19Z</time>
      </trkpt>
      <trkpt lat="9.001207" lon="-79.579143">
        <time>2026-08-04T10:26:20Z</time>
      </trkpt>
      <trkpt lat="9.001228" lon="-79.579135">
        <time>2026-08-04T10:26:21Z</time>
      </trkpt>
      <trkpt lat="9.001246" lon="-79.579128">
        <time>2026-08-04T10:26:22Z</time>
      </trkpt>
      <trkpt lat="9.001264" lon="-79.579117">
        <time>2026-08-04T10:26:23Z</time>
      </trkpt>
      <trkpt lat="9.001281" lon="-79.579108">
        <time>2026-08-04T10:26:24Z</time>
      </trkpt>
      <trkpt lat="9.001299" lon="-79.579101">
        <time>2026-08-04T10:26:25Z</time>
      </trkpt>
      <trkpt lat="9.001318" lon="-79.579091">
        <time>2026-08-04T10:26:26Z</time>
      </trkpt>
      <trkpt lat="9.001336" lon="-79.579086">
        <time>2026-08-04T10:26:27Z</time>
      </trkpt>
      <trkpt lat="9.001355" lon="-79.579083">
        <time>2026-08-04T10:26:28Z</time>
      </trkpt>
      <trkpt lat="9.001376" lon="-79.579080">
        <time>2026-08-04T10:26:29Z</time>
      </trkpt>
      <trkpt lat="9.001396" lon="-79.579077">
        <time>2026-08-04T10:26:30Z</time>
      </trkpt>
      <trkpt lat="9.001415" lon="-79.579078">
        <time>2026-08-04T10:26:31Z</time>
      </trkpt>
      <trkpt lat="9.001436" lon="-79.579079">
        <time>2026-08-04T10:26:32Z</time>
      </trkpt>
      <trkpt lat="9.001456" lon="-79.579082">
        <time>2026-08-04T10:26:33Z</time>
      </trkpt>
      <trkpt lat="9.001477" lon="-79.579086">
        <time>2026-08-04T10:26:34Z</time>
      </trkpt>
      <trkpt lat="9.001499" lon="-79.579092">
        <time>2026-08-04T10:26:35Z</time>
      </trkpt>
      <trkpt lat="9.001518" lon="-79.579098">
        <time>2026-08-04T10:26:36Z</time>
      </trkpt>
      <trkpt lat="9.001533" lon="-79.579106">
        <time>2026-08-04T10:26:37Z</time>
      </trkpt>
      <trkpt lat="9.001554" lon="-79.579114">
        <time>2026-08-04T10:26:38Z</time>
      </trkpt>
      <trkpt lat="9.001572" lon="-79.579124">
        <time>2026-08-04T10:26:39Z</time>
      </trkpt>
      <trkpt lat="9.001588" lon="-79.579137">
        <time>2026-08-04T10:26:40Z</time>
      </trkpt>
      <trkpt lat="9.001606" lon="-79.579150">
        <time>2026-08-04T10:26:41Z</time>
      </trkpt>
      <trkpt lat="9.001621" lon="-79.579163">
        <time>2026-08-04T10:26:42Z</time>
      </trkpt>
      <trkpt lat="9.001636" lon="-79.579178">
        <time>2026-08-04T10:26:43Z</time>
      </trkpt>
      <trkpt lat="9.001651" lon="-79.579196">
        <time>2026-08-04T10:26:44Z</time>
      </trkpt>
      <trkpt lat="9.001665" lon="-79.579216">
        <time>2026-08-04T10:26:45Z</time>
      </trkpt>
      <trkpt lat="9.001671" lon="-79.579239">
        <time>2026-08-04T10:26:46Z</time>
      </trkpt>
      <trkpt lat="9.001672" lon="-79.579258">
        <time>2026-08-04T10:26:47Z</time>
      </trkpt>
      <trkpt lat="9.001668" lon="-79.579279">
        <time>2026-08-04T10:26:48Z</time>
      </trkpt>
      <trkpt lat="9.001663" lon="-79.579300">
        <time>2026-08-04T10:26:49Z</time>
      </trkpt>
      <trkpt lat="9.001655" lon="-79.579320">
        <time>2026-08-04T10:26:50Z</time>
      </trkpt>
      <trkpt lat="9.001645" lon="-79.579339">
        <time>2026-08-04T10:26:51Z</time>
      </trkpt>
      <trkpt lat="9.001636" lon="-79.579358">
        <time>2026-08-04T10:26:52Z</time>
      </trkpt>
      <trkpt lat="9.001629" lon="-79.579377">
        <time>2026-08-04T10:26:53Z</time>
      </trkpt>
      <trkpt lat="9.001622" lon="-79.579398">
        <time>2026-08-04T10:26:54Z</time>
      </trkpt>
      <trkpt lat="9.001616" lon="-79.579420">
        <time>2026-08-04T10:26:55Z</time>
      </trkpt>
      <trkpt lat="9.001610" lon="-79.579442">
        <time>2026-08-04T10:26:56Z</time>
      </trkpt>
      <trkpt lat="9.001607" lon="-79.579466">
        <time>2026-08-04T10:26:57Z</time>
      </trkpt>
      <trkpt lat="9.001605" lon="-79.579490">
        <time>2026-08-04T10:26:58Z</time>
      </trkpt>
      <trkpt lat="9.001601" lon="-79.579516">
        <time>2026-08-04T10:26:59Z</time>
      </trkpt>
      <trkpt lat="9.001600" lon="-79.579541">
        <time>2026-08-04T10:27:00Z</time>
      </trkpt>
      <trkpt lat="9.001601" lon="-79.579567">
        <time>2026-08-04T10:27:01Z</time>
      </trkpt>
      <trkpt lat="9.001604" lon="-79.579591">
        <time>2026-08-04T10:27:02Z</time>
      </trkpt>
      <trkpt lat="9.001607" lon="-79.579613">
        <time>2026-08-04T10:27:03Z</time>
      </trkpt>
      <trkpt lat="9.001613" lon="-79.579636">
        <time>2026-08-04T10:27:04Z</time>
      </trkpt>
      <trkpt lat="9.001617" lon="-79.579657">
        <time>2026-08-04T10:27:05Z</time>
      </trkpt>
      <trkpt lat="9.001626" lon="-79.579681">
        <time>2026-08-04T10:27:06Z</time>
      </trkpt>
      <trkpt lat="9.001636" lon="-79.579703">
        <time>2026-08-04T10:27:07Z</time>
      </trkpt>
      <trkpt lat="9.001645" lon="-79.579724">
        <time>2026-08-04T10:27:08Z</time>
      </trkpt>
      <trkpt lat="9.001657" lon="-79.579746">
        <time>2026-08-04T10:27:09Z</time>
      </trkpt>
      <trkpt lat="9.001671" lon="-79.579766">
        <time>2026-08-04T10:27:10Z</time>
      </trkpt>
      <trkpt lat="9.001683" lon="-79.579787">
        <time>2026-08-04T10:27:11Z</time>
      </trkpt>
      <trkpt lat="9.001696" lon="-79.579805">
        <time>2026-08-04T10:27:12Z</time>
      </trkpt>
      <trkpt lat="9.001712" lon="-79.579824">
        <time>2026-08-04T10:27:13Z</time>
      </trkpt>
      <trkpt lat="9.001732" lon="-79.579843">
        <time>2026-08-04T10:27:14Z</time>
      </trkpt>
      <trkpt lat="9.001757" lon="-79.579854">
        <time>2026-08-04T10:27:15Z</time>
      </trkpt>
      <trkpt lat="9.001785" lon="-79.579861">
        <time>2026-08-04T10:27:16Z</time>
      </trkpt>
      <trkpt lat="9.001809" lon="-79.579862">
        <time>2026-08-04T10:27:17Z</time>
      </trkpt>
      <trkpt lat="9.001835" lon="-79.579861">
        <time>2026-08-04T10:27:18Z</time>
      </trkpt>
      <trkpt lat="9.001859" lon="-79.579857">
        <time>2026-08-04T10:27:19Z</time>
      </trkpt>
      <trkpt lat="9.001885" lon="-79.579849">
        <time>2026-08-04T10:27:20Z</time>
      </trkpt>
      <trkpt lat="9.001910" lon="-79.579843">
        <time>2026-08-04T10:27:21Z</time>
      </trkpt>
      <trkpt lat="9.001932" lon="-79.579838">
        <time>2026-08-04T10:27:22Z</time>
      </trkpt>
      <trkpt lat="9.001958" lon="-79.579831">
        <time>2026-08-04T10:27:23Z</time>
      </trkpt>
      <trkpt lat="9.001979" lon="-79.579822">
        <time>2026-08-04T10:27:24Z</time>
      </trkpt>
      <trkpt lat="9.001998" lon="-79.579817">
        <time>2026-08-04T10:27:25Z</time>
      </trkpt>
      <trkpt lat="9.002020" lon="-79.579809">
        <time>2026-08-04T10:27:26Z</time>
      </trkpt>
      <trkpt lat="9.002043" lon="-79.579801">
        <time>2026-08-04T10:27:27Z</time>
      </trkpt>
      <trkpt lat="9.002064" lon="-79.579795">
        <time>2026-08-04T10:27:28Z</time>
      </trkpt>
      <trkpt lat="9.002086" lon="-79.579790">
        <time>2026-08-04T10:27:29Z</time>
      </trkpt>
      <trkpt lat="9.002106" lon="-79.579787">
        <time>2026-08-04T10:27:30Z</time>
      </trkpt>
      <trkpt lat="9.002126" lon="-79.579784">
        <time>2026-08-04T10:27:31Z</time>
      </trkpt>
      <trkpt lat="9.002148" lon="-79.579780">
        <time>2026-08-04T10:27:32Z</time>
      </trkpt>
      <trkpt lat="9.002169" lon="-79.579778">
        <time>2026-08-04T10:27:33Z</time>
      </trkpt>
      <trkpt lat="9.002186" lon="-79.579776">
        <time>2026-08-04T10:27:34Z</time>
      </trkpt>
      <trkpt lat="9.002206" lon="-79.579779">
        <time>2026-08-04T10:27:35Z</time>
      </trkpt>
      <trkpt lat="9.002224" lon="-79.579784">
        <time>2026-08-04T10:27:36Z</time>
      </trkpt>
      <trkpt lat="9.002245" lon="-79.579788">
        <time>2026-08-04T10:27:37Z</time>
      </trkpt>
      <trkpt lat="9.002266" lon="-79.579793">
        <time>2026-08-04T10:27:38Z</time>
      </trkpt>
      <trkpt lat="9.002283" lon="-79.579795">
        <time>2026-08-04T10:27:39Z</time>
      </trkpt>
      <trkpt lat="9.002304" lon="-79.579800">
        <time>2026-08-04T10:27:40Z</time>
      </trkpt>
      <trkpt lat="9.002323" lon="-79.579808">
        <time>2026-08-04T10:27:41Z</time>
      </trkpt>
      <trkpt lat="9.002341" lon="-79.579816">
        <time>2026-08-04T10:27:42Z</time>
      </trkpt>
      <trkpt lat="9.002363" lon="-79.579822">
        <time>2026-08-04T10:27:43Z</time>
      </trkpt>
      <trkpt lat="9.002386" lon="-79.579829">
        <time>2026-08-04T10:27:44Z</time>
      </trkpt>
      <trkpt lat="9.002408" lon="-79.579832">
        <time>2026-08-04T10:27:45Z</time>
      </trkpt>
      <trkpt lat="9.002433" lon="-79.579834">
        <time>2026-08-04T10:27:46Z</time>
      </trkpt>
      <trkpt lat="9.002453" lon="-79.579835">
        <time>2026-08-04T10:27:47Z</time>
      </trkpt>
      <trkpt lat="9.002476" lon="-79.579835">
        <time>2026-08-04T10:27:48Z</time>
      </trkpt>
      <trkpt lat="9.002499" lon="-79.579832">
        <time>2026-08-04T10:27:49Z</time>
      </trkpt>
      <trkpt lat="9.002518" lon="-79.579831">
        <time>2026-08-04T10:27:50Z</time>
      </trkpt>
      <trkpt lat="9.002540" lon="-79.579829">
        <time>2026-08-04T10:27:51Z</time>
      </trkpt>
      <trkpt lat="9.002564" lon="-79.579826">
        <time>2026-08-04T10:27:52Z</time>
      </trkpt>
      <trkpt lat="9.002586" lon="-79.579824">
        <time>2026-08-04T10:27:53Z</time>
      </trkpt>
      <trkpt lat="9.002607" lon="-79.579821">
        <time>2026-08-04T10:27:54Z</time>
      </trkpt>
      <trkpt lat="9.002628" lon="-79.579815">
        <time>2026-08-04T10:27:55Z</time>
      </trkpt>
      <trkpt lat="9.002649" lon="-79.579806">
        <time>2026-08-04T10:27:56Z</time>
      </trkpt>
      <trkpt lat="9.002671" lon="-79.579797">
        <time>2026-08-04T10:27:57Z</time>
      </trkpt>
      <trkpt lat="9.002688" lon="-79.579782">
        <time>2026-08-04T10:27:58Z</time>
      </trkpt>
      <trkpt lat="9.002704" lon="-79.579768">
        <time>2026-08-04T10:27:59Z</time>
      </trkpt>
      <trkpt lat="9.002716" lon="-79.579748">
        <time>2026-08-04T10:28:00Z</time>
      </trkpt>
      <trkpt lat="9.002730" lon="-79.579731">
        <time>2026-08-04T10:28:01Z</time>
      </trkpt>
      <trkpt lat="9.002745" lon="-79.579713">
        <time>2026-08-04T10:28:02Z</time>
      </trkpt>
      <trkpt lat="9.002758" lon="-79.579692">
        <time>2026-08-04T10:28:03Z</time>
      </trkpt>
      <trkpt lat="9.002772" lon="-79.579678">
        <time>2026-08-04T10:28:04Z</time>
      </trkpt>
      <trkpt lat="9.002785" lon="-79.579658">
        <time>2026-08-04T10:28:05Z</time>
      </trkpt>
      <trkpt lat="9.002798" lon="-79.579638">
        <time>2026-08-04T10:28:06Z</time>
      </trkpt>
      <trkpt lat="9.002813" lon="-79.579621">
        <time>2026-08-04T10:28:07Z</time>
      </trkpt>
      <trkpt lat="9.002825" lon="-79.579600">
        <time>2026-08-04T10:28:08Z</time>
      </trkpt>
      <trkpt lat="9.002835" lon="-79.579578">
        <time>2026-08-04T10:28:09Z</time>
      </trkpt>
      <trkpt lat="9.002845" lon="-79.579561">
        <time>2026-08-04T10:28:10Z</time>
      </trkpt>
      <trkpt lat="9.002854" lon="-79.579542">
        <time>2026-08-04T10:28:11Z</time>
      </trkpt>
      <trkpt lat="9.002863" lon="-79.579523">
        <time>2026-08-04T10:28:12Z</time>
      </trkpt>
      <trkpt lat="9.002873" lon="-79.579505">
        <time>2026-08-04T10:28:13Z</time>
      </trkpt>
      <trkpt lat="9.002883" lon="-79.579485">
        <time>2026-08-04T10:28:14Z</time>
      </trkpt>
      <trkpt lat="9.002891" lon="-79.579467">
        <time>2026-08-04T10:28:15Z</time>
      </trkpt>
      <trkpt lat="9.002898" lon="-79.579445">
        <time>2026-08-04T10:28:16Z</time>
      </trkpt>
      <trkpt lat="9.002903" lon="-79.579423">
        <time>2026-08-04T10:28:17Z</time>
      </trkpt>
      <trkpt lat="9.002908" lon="-79.579405">
        <time>2026-08-04T10:28:18Z</time>
      </trkpt>
      <trkpt lat="9.002911" lon="-79.579384">
        <time>2026-08-04T10:28:19Z</time>
      </trkpt>
      <trkpt lat="9.002916" lon="-79.579361">
        <time>2026-08-04T10:28:20Z</time>
      </trkpt>
      <trkpt lat="9.002921" lon="-79.579340">
        <time>2026-08-04T10:28:21Z</time>
      </trkpt>
      <trkpt lat="9.002925" lon="-79.579318">
        <time>2026-08-04T10:28:22Z</time>
      </trkpt>
      <trkpt lat="9.002931" lon="-79.579295">
        <time>2026-08-04T10:28:23Z</time>
      </trkpt>
      <trkpt lat="9.002936" lon="-79.579271">
        <time>2026-08-04T10:28:24Z</time>
      </trkpt>
      <trkpt lat="9.002940" lon="-79.579247">
        <time>2026-08-04T10:28:25Z</time>
      </trkpt>
      <trkpt lat="9.002944" lon="-79.579224">
        <time>2026-08-04T10:28:26Z</time>
      </trkpt>
      <trkpt lat="9.002950" lon="-79.579204">
        <time>2026-08-04T10:28:27Z</time>
      </trkpt>
      <trkpt lat="9.002954" lon="-79.579182">
        <time>2026-08-04T10:28:28Z</time>
      </trkpt>
      <trkpt lat="9.002960" lon="-79.579161">
        <time>2026-08-04T10:28:29Z</time>
      </trkpt>
      <trkpt lat="9.002965" lon="-79.579139">
        <time>2026-08-04T10:28:30Z</time>
      </trkpt>
      <trkpt lat="9.002970" lon="-79.579118">
        <time>2026-08-04T10:28:31Z</time>
      </trkpt>
      <trkpt lat="9.002974" lon="-79.579096">
        <time>2026-08-04T10:28:32Z</time>
      </trkpt>
      <trkpt lat="9.002976" lon="-79.579073">
        <time>2026-08-04T10:28:33Z</time>
      </trkpt>
      <trkpt lat="9.002978" lon="-79.579051">
        <time>2026-08-04T10:28:34Z</time>
      </trkpt>
      <trkpt lat="9.002984" lon="-79.579026">
        <time>2026-08-04T10:28:35Z</time>
      </trkpt>
      <trkpt lat="9.002984" lon="-79.579004">
        <time>2026-08-04T10:28:36Z</time>
      </trkpt>
      <trkpt lat="9.002983" lon="-79.578983">
        <time>2026-08-04T10:28:37Z</time>
      </trkpt>
      <trkpt lat="9.002985" lon="-79.578958">
        <time>2026-08-04T10:28:38Z</time>
      </trkpt>
      <trkpt lat="9.002984" lon="-79.578934">
        <time>2026-08-04T10:28:39Z</time>
      </trkpt>
      <trkpt lat="9.002984" lon="-79.578912">
        <time>2026-08-04T10:28:40Z</time>
      </trkpt>
      <trkpt lat="9.002982" lon="-79.578890">
        <time>2026-08-04T10:28:41Z</time>
      </trkpt>
      <trkpt lat="9.002984" lon="-79.578867">
        <time>2026-08-04T10:28:42Z</time>
      </trkpt>
      <trkpt lat="9.002985" lon="-79.578848">
        <time>2026-08-04T10:28:43Z</time>
      </trkpt>
      <trkpt lat="9.002986" lon="-79.578823">
        <time>2026-08-04T10:28:44Z</time>
      </trkpt>
      <trkpt lat="9.002985" lon="-79.578801">
        <time>2026-08-04T10:28:45Z</time>
      </trkpt>
      <trkpt lat="9.002982" lon="-79.578780">
        <time>2026-08-04T10:28:46Z</time>
      </trkpt>
      <trkpt lat="9.002978" lon="-79.578759">
        <time>2026-08-04T10:28:47Z</time>
      </trkpt>
      <trkpt lat="9.002976" lon="-79.578737">
        <time>2026-08-04T10:28:48Z</time>
      </trkpt>
      <trkpt lat="9.002971" lon="-79.578716">
        <time>2026-08-04T10:28:49Z</time>
      </trkpt>
      <trkpt lat="9.002963" lon="-79.578693">
        <time>2026-08-04T10:28:50Z</time>
      </trkpt>
      <trkpt lat="9.002960" lon="-79.578670">
        <time>2026-08-04T10:28:51Z</time>
      </trkpt>
      <trkpt lat="9.002955" lon="-79.578649">
        <time>2026-08-04T10:28:52Z</time>
      </trkpt>
      <trkpt lat="9.002953" lon="-79.578626">
        <time>2026-08-04T10:28:53Z</time>
      </trkpt>
      <trkpt lat="9.002948" lon="-79.578603">
        <time>2026-08-04T10:28:54Z</time>
      </trkpt>
      <trkpt lat="9.002946" lon="-79.578582">
        <time>2026-08-04T10:28:55Z</time>
      </trkpt>
      <trkpt lat="9.002942" lon="-79.578562">
        <time>2026-08-04T10:28:56Z</time>
      </trkpt>
      <trkpt lat="9.002938" lon="-79.578539">
        <time>2026-08-04T10:28:57Z</time>
      </trkpt>
      <trkpt lat="9.002931" lon="-79.578518">
        <time>2026-08-04T10:28:58Z</time>
      </trkpt>
      <trkpt lat="9.002925" lon="-79.578498">
        <time>2026-08-04T10:28:59Z</time>
      </trkpt>
      <trkpt lat="9.002921" lon="-79.578476">
        <time>2026-08-04T10:29:00Z</time>
      </trkpt>
      <trkpt lat="9.002919" lon="-79.578454">
        <time>2026-08-04T10:29:01Z</time>
      </trkpt>
      <trkpt lat="9.002913" lon="-79.578431">
        <time>2026-08-04T10:29:02Z</time>
      </trkpt>
      <trkpt lat="9.002907" lon="-79.578407">
        <time>2026-08-04T10:29:03Z</time>
      </trkpt>
      <trkpt lat="9.002901" lon="-79.578385">
        <time>2026-08-04T10:29:04Z</time>
      </trkpt>
      <trkpt lat="9.002893" lon="-79.578363">
        <time>2026-08-04T10:29:05Z</time>
      </trkpt>
      <trkpt lat="9.002889" lon="-79.578343">
        <time>2026-08-04T10:29:06Z</time>
      </trkpt>
      <trkpt lat="9.002883" lon="-79.578323">
        <time>2026-08-04T10:29:07Z</time>
      </trkpt>
      <trkpt lat="9.002879" lon="-79.578303">
        <time>2026-08-04T10:29:08Z</time>
      </trkpt>
      <trkpt lat="9.002876" lon="-79.578286">
        <time>2026-08-04T10:29:09Z</time>
      </trkpt>
      <trkpt lat="9.002870" lon="-79.578266">
        <time>2026-08-04T10:29:10Z</time>
      </trkpt>
      <trkpt lat="9.002863" lon="-79.578244">
        <time>2026-08-04T10:29:11Z</time>
      </trkpt>
      <trkpt lat="9.002858" lon="-79.578223">
        <time>2026-08-04T10:29:12Z</time>
      </trkpt>
      <trkpt lat="9.002851" lon="-79.578200">
        <time>2026-08-04T10:29:13Z</time>
      </trkpt>
      <trkpt lat="9.002844" lon="-79.578181">
        <time>2026-08-04T10:29:14Z</time>
      </trkpt>
      <trkpt lat="9.002835" lon="-79.578157">
        <time>2026-08-04T10:29:15Z</time>
      </trkpt>
      <trkpt lat="9.002827" lon="-79.578134">
        <time>2026-08-04T10:29:16Z</time>
      </trkpt>
      <trkpt lat="9.002818" lon="-79.578113">
        <time>2026-08-04T10:29:17Z</time>
      </trkpt>
      <trkpt lat="9.002805" lon="-79.578094">
        <time>2026-08-04T10:29:18Z</time>
      </trkpt>
      <trkpt lat="9.002794" lon="-79.578074">
        <time>2026-08-04T10:29:19Z</time>
      </trkpt>
      <trkpt lat="9.002783" lon="-79.578050">
        <time>2026-08-04T10:29:20Z</time>
      </trkpt>
      <trkpt lat="9.002769" lon="-79.578028">
        <time>2026-08-04T10:29:21Z</time>
      </trkpt>
      <trkpt lat="9.002755" lon="-79.578009">
        <time>2026-08-04T10:29:22Z</time>
      </trkpt>
      <trkpt lat="9.002741" lon="-79.577987">
        <time>2026-08-04T10:29:23Z</time>
      </trkpt>
      <trkpt lat="9.002727" lon="-79.577966">
        <time>2026-08-04T10:29:24Z</time>
      </trkpt>
      <trkpt lat="9.002711" lon="-79.577947">
        <time>2026-08-04T10:29:25Z</time>
      </trkpt>
      <trkpt lat="9.002689" lon="-79.577931">
        <time>2026-08-04T10:29:26Z</time>
      </trkpt>
      <trkpt lat="9.002672" lon="-79.577915">
        <time>2026-08-04T10:29:27Z</time>
      </trkpt>
      <trkpt lat="9.002655" lon="-79.577900">
        <time>2026-08-04T10:29:28Z</time>
      </trkpt>
      <trkpt lat="9.002640" lon="-79.577883">
        <time>2026-08-04T10:29:29Z</time>
      </trkpt>
      <trkpt lat="9.002623" lon="-79.577865">
        <time>2026-08-04T10:29:30Z</time>
      </trkpt>
      <trkpt lat="9.002605" lon="-79.577853">
        <time>2026-08-04T10:29:31Z</time>
      </trkpt>
      <trkpt lat="9.002584" lon="-79.577839">
        <time>2026-08-04T10:29:32Z</time>
      </trkpt>
      <trkpt lat="9.002567" lon="-79.577826">
        <time>2026-08-04T10:29:33Z</time>
      </trkpt>
      <trkpt lat="9.002549" lon="-79.577811">
        <time>2026-08-04T10:29:34Z</time>
      </trkpt>
      <trkpt lat="9.002531" lon="-79.577795">
        <time>2026-08-04T10:29:35Z</time>
      </trkpt>
      <trkpt lat="9.002515" lon="-79.577780">
        <time>2026-08-04T10:29:36Z</time>
      </trkpt>
      <trkpt lat="9.002498" lon="-79.577765">
        <time>2026-08-04T10:29:37Z</time>
      </trkpt>
      <trkpt lat="9.002482" lon="-79.577751">
        <time>2026-08-04T10:29:38Z</time>
      </trkpt>
      <trkpt lat="9.002463" lon="-79.577738">
        <time>2026-08-04T10:29:39Z</time>
      </trkpt>
      <trkpt lat="9.002444" lon="-79.577725">
        <time>2026-08-04T10:29:40Z</time>
      </trkpt>
      <trkpt lat="9.002430" lon="-79.577707">
        <time>2026-08-04T10:29:41Z</time>
      </trkpt>
      <trkpt lat="9.002413" lon="-79.577691">
        <time>2026-08-04T10:29:42Z</time>
      </trkpt>
      <trkpt lat="9.002395" lon="-79.577676">
        <time>2026-08-04T10:29:43Z</time>
      </trkpt>
      <trkpt lat="9.002378" lon="-79.577663">
        <time>2026-08-04T10:29:44Z</time>
      </trkpt>
      <trkpt lat="9.002361" lon="-79.577649">
        <time>2026-08-04T10:29:45Z</time>
      </trkpt>
      <trkpt lat="9.002345" lon="-79.577635">
        <time>2026-08-04T10:29:46Z</time>
      </trkpt>
      <trkpt lat="9.002324" lon="-79.577622">
        <time>2026-08-04T10:29:47Z</time>
      </trkpt>
      <trkpt lat="9.002304" lon="-79.577607">
        <time>2026-08-04T10:29:48Z</time>
      </trkpt>
      <trkpt lat="9.002288" lon="-79.577593">
        <time>2026-08-04T10:29:49Z</time>
      </trkpt>
      <trkpt lat="9.002271" lon="-79.577578">
        <time>2026-08-04T10:29:50Z</time>
      </trkpt>
      <trkpt lat="9.002252" lon="-79.577567">
        <time>2026-08-04T10:29:51Z</time>
      </trkpt>
      <trkpt lat="9.002235" lon="-79.577556">
        <time>2026-08-04T10:29:52Z</time>
      </trkpt>
      <trkpt lat="9.002218" lon="-79.577543">
        <time>2026-08-04T10:29:53Z</time>
      </trkpt>
      <trkpt lat="9.002203" lon="-79.577530">
        <time>2026-08-04T10:29:54Z</time>
      </trkpt>
      <trkpt lat="9.002184" lon="-79.577517">
        <time>2026-08-04T10:29:55Z</time>
      </trkpt>
      <trkpt lat="9.002163" lon="-79.577503">
        <time>2026-08-04T10:29:56Z</time>
      </trkpt>
      <trkpt lat="9.002146" lon="-79.577489">
        <time>2026-08-04T10:29:57Z</time>
      </trkpt>
      <trkpt lat="9.002125" lon="-79.577474">
        <time>2026-08-04T10:29:58Z</time>
      </trkpt>
      <trkpt lat="9.002099" lon="-79.577464">
        <time>2026-08-04T10:29:59Z</time>
      </trkpt>
      <trkpt lat="9.002083" lon="-79.577451">
        <time>2026-08-04T10:30:00Z</time>
      </trkpt>
      <trkpt lat="9.002068" lon="-79.577441">
        <time>2026-08-04T10:30:01Z</time>
      </trkpt>
      <trkpt lat="9.002051" lon="-79.577429">
        <time>2026-08-04T10:30:02Z</time>
      </trkpt>
      <trkpt lat="9.002033" lon="-79.577419">
        <time>2026-08-04T10:30:03Z</time>
      </trkpt>
      <trkpt lat="9.002014" lon="-79.577409">
        <time>2026-08-04T10:30:04Z</time>
      </trkpt>
      <trkpt lat="9.001994" lon="-79.577398">
        <time>2026-08-04T10:30:05Z</time>
      </trkpt>
      <trkpt lat="9.001974" lon="-79.577386">
        <time>2026-08-04T10:30:06Z</time>
      </trkpt>
      <trkpt lat="9.001955" lon="-79.577376">
        <time>2026-08-04T10:30:07Z</time>
      </trkpt>
      <trkpt lat="9.001937" lon="-79.577363">
        <time>2026-08-04T10:30:08Z</time>
      </trkpt>
      <trkpt lat="9.001917" lon="-79.577351">
        <time>2026-08-04T10:30:09Z</time>
      </trkpt>
      <trkpt lat="9.001897" lon="-79.577337">
        <time>2026-08-04T10:30:10Z</time>
      </trkpt>
      <trkpt lat="9.001879" lon="-79.577324">
        <time>2026-08-04T10:30:11Z</time>
      </trkpt>
      <trkpt lat="9.001858" lon="-79.577311">
        <time>2026-08-04T10:30:12Z</time>
      </trkpt>
      <trkpt lat="9.001837" lon="-79.577297">
        <time>2026-08-04T10:30:13Z</time>
      </trkpt>
      <trkpt lat="9.001819" lon="-79.577284">
        <time>2026-08-04T10:30:14Z</time>
      </trkpt>
      <trkpt lat="9.001799" lon="-79.577274">
        <time>2026-08-04T10:30:15Z</time>
      </trkpt>
      <trkpt lat="9.001780" lon="-79.577262">
        <time>2026-08-04T10:30:16Z</time>
      </trkpt>
      <trkpt lat="9.001759" lon="-79.577250">
        <time>2026-08-04T10:30:17Z</time>
      </trkpt>
      <trkpt lat="9.001739" lon="-79.577239">
        <time>2026-08-04T10:30:18Z</time>
      </trkpt>
      <trkpt lat="9.001722" lon="-79.577229">
        <time>2026-08-04T10:30:19Z</time>
      </trkpt>
      <trkpt lat="9.001705" lon="-79.577218">
        <time>2026-08-04T10:30:20Z</time>
      </trkpt>
      <trkpt lat="9.001686" lon="-79.577207">
        <time>2026-08-04T10:30:21Z</time>
      </trkpt>
      <trkpt lat="9.001667" lon="-79.577195">
        <time>2026-08-04T10:30:22Z</time>
      </trkpt>
      <trkpt lat="9.001651" lon="-79.577182">
        <time>2026-08-04T10:30:23Z</time>
      </trkpt>
      <trkpt lat="9.001629" lon="-79.577168">
        <time>2026-08-04T10:30:24Z</time>
      </trkpt>
      <trkpt lat="9.001609" lon="-79.577156">
        <time>2026-08-04T10:30:25Z</time>
      </trkpt>
      <trkpt lat="9.001590" lon="-79.577145">
        <time>2026-08-04T10:30:26Z</time>
      </trkpt>
      <trkpt lat="9.001571" lon="-79.577131">
        <time>2026-08-04T10:30:27Z</time>
      </trkpt>
      <trkpt lat="9.001552" lon="-79.577116">
        <time>2026-08-04T10:30:28Z</time>
      </trkpt>
      <trkpt lat="9.001530" lon="-79.577101">
        <time>2026-08-04T10:30:29Z</time>
      </trkpt>
      <trkpt lat="9.001505" lon="-79.577090">
        <time>2026-08-04T10:30:30Z</time>
      </trkpt>
      <trkpt lat="9.001480" lon="-79.577078">
        <time>2026-08-04T10:30:31Z</time>
      </trkpt>
      <trkpt lat="9.001457" lon="-79.577068">
        <time>2026-08-04T10:30:32Z</time>
      </trkpt>
      <trkpt lat="9.001434" lon="-79.577055">
        <time>2026-08-04T10:30:33Z</time>
      </trkpt>
      <trkpt lat="9.001413" lon="-79.577042">
        <time>2026-08-04T10:30:34Z</time>
      </trkpt>
      <trkpt lat="9.001391" lon="-79.577030">
        <time>2026-08-04T10:30:35Z</time>
      </trkpt>
      <trkpt lat="9.001369" lon="-79.577022">
        <time>2026-08-04T10:30:36Z</time>
      </trkpt>
      <trkpt lat="9.001347" lon="-79.577016">
        <time>2026-08-04T10:30:37Z</time>
      </trkpt>
      <trkpt lat="9.001324" lon="-79.577009">
        <time>2026-08-04T10:30:38Z</time>
      </trkpt>
      <trkpt lat="9.001303" lon="-79.577001">
        <time>2026-08-04T10:30:39Z</time>
      </trkpt>
      <trkpt lat="9.001279" lon="-79.576992">
        <time>2026-08-04T10:30:40Z</time>
      </trkpt>
      <trkpt lat="9.001256" lon="-79.576985">
        <time>2026-08-04T10:30:41Z</time>
      </trkpt>
      <trkpt lat="9.001233" lon="-79.576978">
        <time>2026-08-04T10:30:42Z</time>
      </trkpt>
      <trkpt lat="9.001210" lon="-79.576972">
        <time>2026-08-04T10:30:43Z</time>
      </trkpt>
      <trkpt lat="9.001184" lon="-79.576965">
        <time>2026-08-04T10:30:44Z</time>
      </trkpt>
      <trkpt lat="9.001160" lon="-79.576960">
        <time>2026-08-04T10:30:45Z</time>
      </trkpt>
      <trkpt lat="9.001135" lon="-79.576954">
        <time>2026-08-04T10:30:46Z</time>
      </trkpt>
      <trkpt lat="9.001111" lon="-79.576946">
        <time>2026-08-04T10:30:47Z</time>
      </trkpt>
      <trkpt lat="9.001087" lon="-79.576944">
        <time>2026-08-04T10:30:48Z</time>
      </trkpt>
      <trkpt lat="9.001065" lon="-79.576943">
        <time>2026-08-04T10:30:49Z</time>
      </trkpt>
      <trkpt lat="9.001041" lon="-79.576942">
        <time>2026-08-04T10:30:50Z</time>
      </trkpt>
      <trkpt lat="9.001020" lon="-79.576937">
        <time>2026-08-04T10:30:51Z</time>
      </trkpt>
      <trkpt lat="9.000996" lon="-79.576934">
        <time>2026-08-04T10:30:52Z</time>
      </trkpt>
      <trkpt lat="9.000974" lon="-79.576933">
        <time>2026-08-04T10:30:53Z</time>
      </trkpt>
      <trkpt lat="9.000953" lon="-79.576935">
        <time>2026-08-04T10:30:54Z</time>
      </trkpt>
      <trkpt lat="9.000928" lon="-79.576933">
        <time>2026-08-04T10:30:55Z</time>
      </trkpt>
      <trkpt lat="9.000905" lon="-79.576931">
        <time>2026-08-04T10:30:56Z</time>
      </trkpt>
      <trkpt lat="9.000879" lon="-79.576930">
        <time>2026-08-04T10:30:57Z</time>
      </trkpt>
      <trkpt lat="9.000854" lon="-79.576927">
        <time>2026-08-04T10:30:58Z</time>
      </trkpt>
      <trkpt lat="9.000835" lon="-79.576924">
        <time>2026-08-04T10:30:59Z</time>
      </trkpt>
      <trkpt lat="9.000815" lon="-79.576922">
        <time>2026-08-04T10:31:00Z</time>
      </trkpt>
      <trkpt lat="9.000792" lon="-79.576920">
        <time>2026-08-04T10:31:01Z</time>
      </trkpt>
      <trkpt lat="9.000767" lon="-79.576920">
        <time>2026-08-04T10:31:02Z</time>
      </trkpt>
      <trkpt lat="9.000743" lon="-79.576920">
        <time>2026-08-04T10:31:03Z</time>
      </trkpt>
      <trkpt lat="9.000721" lon="-79.576917">
        <time>2026-08-04T10:31:04Z</time>
      </trkpt>
      <trkpt lat="9.000703" lon="-79.576919">
        <time>2026-08-04T10:31:05Z</time>
      </trkpt>
      <trkpt lat="9.000678" lon="-79.576920">
        <time>2026-08-04T10:31:06Z</time>
      </trkpt>
      <trkpt lat="9.000656" lon="-79.576920">
        <time>2026-08-04T10:31:07Z</time>
      </trkpt>
      <trkpt lat="9.000635" lon="-79.576921">
        <time>2026-08-04T10:31:08Z</time>
      </trkpt>
      <trkpt lat="9.000614" lon="-79.576924">
        <time>2026-08-04T10:31:09Z</time>
      </trkpt>
      <trkpt lat="9.000593" lon="-79.576926">
        <time>2026-08-04T10:31:10Z</time>
      </trkpt>
      <trkpt lat="9.000571" lon="-79.576930">
        <time>2026-08-04T10:31:11Z</time>
      </trkpt>
      <trkpt lat="9.000548" lon="-79.576938">
        <time>2026-08-04T10:31:12Z</time>
      </trkpt>
      <trkpt lat="9.000521" lon="-79.576943">
        <time>2026-08-04T10:31:13Z</time>
      </trkpt>
      <trkpt lat="9.000500" lon="-79.576952">
        <time>2026-08-04T10:31:14Z</time>
      </trkpt>
      <trkpt lat="9.000478" lon="-79.576962">
        <time>2026-08-04T10:31:15Z</time>
      </trkpt>
      <trkpt lat="9.000457" lon="-79.576968">
        <time>2026-08-04T10:31:16Z</time>
      </trkpt>
      <trkpt lat="9.000435" lon="-79.576977">
        <time>2026-08-04T10:31:17Z</time>
      </trkpt>
      <trkpt lat="9.000413" lon="-79.576988">
        <time>2026-08-04T10:31:18Z</time>
      </trkpt>
      <trkpt lat="9.000393" lon="-79.576995">
        <time>2026-08-04T10:31:19Z</time>
      </trkpt>
      <trkpt lat="9.000370" lon="-79.577003">
        <time>2026-08-04T10:31:20Z</time>
      </trkpt>
      <trkpt lat="9.000349" lon="-79.577011">
        <time>2026-08-04T10:31:21Z</time>
      </trkpt>
      <trkpt lat="9.000328" lon="-79.577023">
        <time>2026-08-04T10:31:22Z</time>
      </trkpt>
      <trkpt lat="9.000304" lon="-79.577034">
        <time>2026-08-04T10:31:23Z</time>
      </trkpt>
      <trkpt lat="9.000284" lon="-79.577042">
        <time>2026-08-04T10:31:24Z</time>
      </trkpt>
      <trkpt lat="9.000266" lon="-79.577050">
        <time>2026-08-04T10:31:25Z</time>
      </trkpt>
      <trkpt lat="9.000242" lon="-79.577060">
        <time>2026-08-04T10:31:26Z</time>
      </trkpt>
      <trkpt lat="9.000223" lon="-79.577068">
        <time>2026-08-04T10:31:27Z</time>
      </trkpt>
      <trkpt lat="9.000204" lon="-79.577077">
        <time>2026-08-04T10:31:28Z</time>
      </trkpt>
      <trkpt lat="9.000183" lon="-79.577087">
        <time>2026-08-04T10:31:29Z</time>
      </trkpt>
      <trkpt lat="9.000162" lon="-79.577097">
        <time>2026-08-04T10:31:30Z</time>
      </trkpt>
      <trkpt lat="9.000141" lon="-79.577107">
        <time>2026-08-04T10:31:31Z</time>
      </trkpt>
      <trkpt lat="9.000121" lon="-79.577120">
        <time>2026-08-04T10:31:32Z</time>
      </trkpt>
      <trkpt lat="9.000104" lon="-79.577133">
        <time>2026-08-04T10:31:33Z</time>
      </trkpt>
      <trkpt lat="9.000087" lon="-79.577148">
        <time>2026-08-04T10:31:34Z</time>
      </trkpt>
      <trkpt lat="9.000072" lon="-79.577160">
        <time>2026-08-04T10:31:35Z</time>
      </trkpt>
      <trkpt lat="9.000056" lon="-79.577172">
        <time>2026-08-04T10:31:36Z</time>
      </trkpt>
      <trkpt lat="9.000037" lon="-79.577185">
        <time>2026-08-04T10:31:37Z</time>
      </trkpt>
      <trkpt lat="9.000019" lon="-79.577198">
        <time>2026-08-04T10:31:38Z</time>
      </trkpt>
      <trkpt lat="9.000000" lon="-79.577211">
        <time>2026-08-04T10:31:39Z</time>
      </trkpt>
      <trkpt lat="8.999981" lon="-79.577225">
        <time>2026-08-04T10:31:40Z</time>
      </trkpt>
      <trkpt lat="8.999963" lon="-79.577238">
        <time>2026-08-04T10:31:41Z</time>
      </trkpt>
      <trkpt lat="8.999944" lon="-79.577251">
        <time>2026-08-04T10:31:42Z</time>
      </trkpt>
      <trkpt lat="8.999927" lon="-79.577264">
        <time>2026-08-04T10:31:43Z</time>
      </trkpt>
      <trkpt lat="8.999910" lon="-79.577277">
        <time>2026-08-04T10:31:44Z</time>
      </trkpt>
      <trkpt lat="8.999891" lon="-79.577289">
        <time>2026-08-04T10:31:45Z</time>
      </trkpt>
      <trkpt lat="8.999873" lon="-79.577299">
        <time>2026-08-04T10:31:46Z</time>
      </trkpt>
      <trkpt lat="8.999856" lon="-79.577312">
        <time>2026-08-04T10:31:47Z</time>
      </trkpt>
      <trkpt lat="8.999838" lon="-79.577329">
        <time>2026-08-04T10:31:48Z</time>
      </trkpt>
      <trkpt lat="8.999821" lon="-79.577342">
        <time>2026-08-04T10:31:49Z</time>
      </trkpt>
      <trkpt lat="8.999802" lon="-79.577357">
        <time>2026-08-04T10:31:50Z</time>
      </trkpt>
      <trkpt lat="8.999786" lon="-79.577375">
        <time>2026-08-04T10:31:51Z</time>
      </trkpt>
      <trkpt lat="8.999769" lon="-79.577390">
        <time>2026-08-04T10:31:52Z</time>
      </trkpt>
      <trkpt lat="8.999751" lon="-79.577406">
        <time>2026-08-04T10:31:53Z</time>
      </trkpt>
      <trkpt lat="8.999734" lon="-79.577421">
        <time>2026-08-04T10:31:54Z</time>
      </trkpt>
      <trkpt lat="8.999716" lon="-79.577433">
        <time>2026-08-04T10:31:55Z</time>
      </trkpt>
      <trkpt lat="8.999699" lon="-79.577447">
        <time>2026-08-04T10:31:56Z</time>
      </trkpt>
      <trkpt lat="8.999683" lon="-79.577460">
        <time>2026-08-04T10:31:57Z</time>
      </trkpt>
      <trkpt lat="8.999665" lon="-79.577472">
        <time>2026-08-04T10:31:58Z</time>
      </trkpt>
      <trkpt lat="8.999648" lon="-79.577485">
        <time>2026-08-04T10:31:59Z</time>
      </trkpt>
      <trkpt lat="8.999630" lon="-79.577496">
        <time>2026-08-04T10:32:00Z</time>
      </trkpt>
      <trkpt lat="8.999612" lon="-79.577509">
        <time>2026-08-04T10:32:01Z</time>
      </trkpt>
      <trkpt lat="8.999594" lon="-79.577523">
        <time>2026-08-04T10:32:02Z</time>
      </trkpt>
      <trkpt lat="8.999576" lon="-79.577536">
        <time>2026-08-04T10:32:03Z</time>
      </trkpt>
      <trkpt lat="8.999558" lon="-79.577552">
        <time>2026-08-04T10:32:04Z</time>
      </trkpt>
      <trkpt lat="8.999541" lon="-79.577564">
        <time>2026-08-04T10:32:05Z</time>
      </trkpt>
      <trkpt lat="8.999523" lon="-79.577577">
        <time>2026-08-04T10:32:06Z</time>
      </trkpt>
      <trkpt lat="8.999507" lon="-79.577591">
        <time>2026-08-04T10:32:07Z</time>
      </trkpt>
      <trkpt lat="8.999489" lon="-79.577605">
        <time>2026-08-04T10:32:08Z</time>
      </trkpt>
      <trkpt lat="8.999471" lon="-79.577621">
        <time>2026-08-04T10:32:09Z</time>
      </trkpt>
      <trkpt lat="8.999455" lon="-79.577633">
        <time>2026-08-04T10:32:10Z</time>
      </trkpt>
      <trkpt lat="8.999437" lon="-79.577647">
        <time>2026-08-04T10:32:11Z</time>
      </trkpt>
      <trkpt lat="8.999419" lon="-79.577662">
        <time>2026-08-04T10:32:12Z</time>
      </trkpt>
      <trkpt lat="8.999401" lon="-79.577675">
        <time>2026-08-04T10:32:13Z</time>
      </trkpt>
      <trkpt lat="8.999385" lon="-79.577688">
        <time>2026-08-04T10:32:14Z</time>
      </trkpt>
      <trkpt lat="8.999368" lon="-79.577700">
        <time>2026-08-04T10:32:15Z</time>
      </trkpt>
      <trkpt lat="8.999350" lon="-79.577714">
        <time>2026-08-04T10:32:16Z</time>
      </trkpt>
      <trkpt lat="8.999333" lon="-79.577730">
        <time>2026-08-04T10:32:17Z</time>
      </trkpt>
      <trkpt lat="8.999316" lon="-79.577743">
        <time>2026-08-04T10:32:18Z</time>
      </trkpt>
      <trkpt lat="8.999299" lon="-79.577755">
        <time>2026-08-04T10:32:19Z</time>
      </trkpt>
      <trkpt lat="8.999281" lon="-79.577767">
        <time>2026-08-04T10:32:20Z</time>
      </trkpt>
      <trkpt lat="8.999264" lon="-79.577780">
        <time>2026-08-04T10:32:21Z</time>
      </trkpt>
      <trkpt lat="8.999249" lon="-79.577791">
        <time>2026-08-04T10:32:22Z</time>
      </trkpt>
      <trkpt lat="8.999232" lon="-79.577801">
        <time>2026-08-04T10:32:23Z</time>
      </trkpt>
      <trkpt lat="8.999214" lon="-79.577811">
        <time>2026-08-04T10:32:24Z</time>
      </trkpt>
      <trkpt lat="8.999194" lon="-79.577823">
        <time>2026-08-04T10:32:25Z</time>
      </trkpt>
      <trkpt lat="8.999175" lon="-79.577838">
        <time>2026-08-04T10:32:26Z</time>
      </trkpt>
      <trkpt lat="8.999156" lon="-79.577851">
        <time>2026-08-04T10:32:27Z</time>
      </trkpt>
      <trkpt lat="8.999137" lon="-79.577865">
        <time>2026-08-04T10:32:28Z</time>
      </trkpt>
      <trkpt lat="8.999119" lon="-79.577878">
        <time>2026-08-04T10:32:29Z</time>
      </trkpt>
      <trkpt lat="8.999104" lon="-79.577890">
        <time>2026-08-04T10:32:30Z</time>
      </trkpt>
      <trkpt lat="8.999085" lon="-79.577905">
        <time>2026-08-04T10:32:31Z</time>
      </trkpt>
      <trkpt lat="8.999068" lon="-79.577920">
        <time>2026-08-04T10:32:32Z</time>
      </trkpt>
      <trkpt lat="8.999049" lon="-79.577935">
        <time>2026-08-04T10:32:33Z</time>
      </trkpt>
      <trkpt lat="8.999030" lon="-79.577950">
        <time>2026-08-04T10:32:34Z</time>
      </trkpt>
      <trkpt lat="8.999012" lon="-79.577965">
        <time>2026-08-04T10:32:35Z</time>
      </trkpt>
      <trkpt lat="8.998994" lon="-79.577980">
        <time>2026-08-04T10:32:36Z</time>
      </trkpt>
      <trkpt lat="8.998976" lon="-79.577995">
        <time>2026-08-04T10:32:37Z</time>
      </trkpt>
      <trkpt lat="8.998957" lon="-79.578008">
        <time>2026-08-04T10:32:38Z</time>
      </trkpt>
      <trkpt lat="8.998939" lon="-79.578019">
        <time>2026-08-04T10:32:39Z</time>
      </trkpt>
      <trkpt lat="8.998921" lon="-79.578032">
        <time>2026-08-04T10:32:40Z</time>
      </trkpt>
      <trkpt lat="8.998906" lon="-79.578043">
        <time>2026-08-04T10:32:41Z</time>
      </trkpt>
      <trkpt lat="8.998891" lon="-79.578056">
        <time>2026-08-04T10:32:42Z</time>
      </trkpt>
      <trkpt lat="8.998875" lon="-79.578070">
        <time>2026-08-04T10:32:43Z</time>
      </trkpt>
      <trkpt lat="8.998860" lon="-79.578082">
        <time>2026-08-04T10:32:44Z</time>
      </trkpt>
      <trkpt lat="8.998846" lon="-79.578094">
        <time>2026-08-04T10:32:45Z</time>
      </trkpt>
      <trkpt lat="8.998834" lon="-79.578103">
        <time>2026-08-04T10:32:46Z</time>
      </trkpt>
      <trkpt lat="8.998822" lon="-79.578111">
        <time>2026-08-04T10:32:47Z</time>
      </trkpt>
      <trkpt lat="8.998811" lon="-79.578119">
        <time>2026-08-04T10:32:48Z</time>
      </trkpt>
      <trkpt lat="8.998801" lon="-79.578127">
        <time>2026-08-04T10:32:49Z</time>
      </trkpt>
      <trkpt lat="8.998791" lon="-79.578136">
        <time>2026-08-04T10:32:50Z</time>
      </trkpt>
      <trkpt lat="8.998781" lon="-79.578145">
        <time>2026-08-04T10:32:51Z</time>
      </trkpt>
      <trkpt lat="8.998770" lon="-79.578152">
        <time>2026-08-04T10:32:52Z</time>
      </trkpt>
      <trkpt lat="8.998754" lon="-79.578164">
        <time>2026-08-04T10:32:53Z</time>
      </trkpt>
      <trkpt lat="8.998737" lon="-79.578176">
        <time>2026-08-04T10:32:54Z</time>
      </trkpt>
      <trkpt lat="8.998719" lon="-79.578188">
        <time>2026-08-04T10:32:55Z</time>
      </trkpt>
      <trkpt lat="8.998700" lon="-79.578206">
        <time>2026-08-04T10:32:56Z</time>
      </trkpt>
      <trkpt lat="8.998678" lon="-79.578221">
        <time>2026-08-04T10:32:57Z</time>
      </trkpt>
      <trkpt lat="8.998652" lon="-79.578240">
        <time>2026-08-04T10:32:58Z</time>
      </trkpt>
      <trkpt lat="8.998627" lon="-79.578256">
        <time>2026-08-04T10:32:59Z</time>
      </trkpt>
      <trkpt lat="8.998604" lon="-79.578275">
        <time>2026-08-04T10:33:00Z</time>
      </trkpt>
      <trkpt lat="8.998586" lon="-79.578290">
        <time>2026-08-04T10:33:01Z</time>
      </trkpt>
      <trkpt lat="8.998566" lon="-79.578297">
        <time>2026-08-04T10:33:02Z</time>
      </trkpt>
      <trkpt lat="8.998543" lon="-79.578310">
        <time>2026-08-04T10:33:03Z</time>
      </trkpt>
      <trkpt lat="8.998518" lon="-79.578324">
        <time>2026-08-04T10:33:04Z</time>
      </trkpt>
      <trkpt lat="8.998498" lon="-79.578332">
        <time>2026-08-04T10:33:05Z</time>
      </trkpt>
      <trkpt lat="8.998475" lon="-79.578344">
        <time>2026-08-04T10:33:06Z</time>
      </trkpt>
      <trkpt lat="8.998455" lon="-79.578356">
        <time>2026-08-04T10:33:07Z</time>
      </trkpt>
      <trkpt lat="8.998435" lon="-79.578363">
        <time>2026-08-04T10:33:08Z</time>
      </trkpt>
      <trkpt lat="8.998413" lon="-79.578370">
        <time>2026-08-04T10:33:09Z</time>
      </trkpt>
      <trkpt lat="8.998393" lon="-79.578377">
        <time>2026-08-04T10:33:10Z</time>
      </trkpt>
      <trkpt lat="8.998372" lon="-79.578383">
        <time>2026-08-04T10:33:11Z</time>
      </trkpt>
      <trkpt lat="8.998350" lon="-79.578389">
        <time>2026-08-04T10:33:12Z</time>
      </trkpt>
      <trkpt lat="8.998330" lon="-79.578395">
        <time>2026-08-04T10:33:13Z</time>
      </trkpt>
      <trkpt lat="8.998310" lon="-79.578397">
        <time>2026-08-04T10:33:14Z</time>
      </trkpt>
      <trkpt lat="8.998287" lon="-79.578402">
        <time>2026-08-04T10:33:15Z</time>
      </trkpt>
      <trkpt lat="8.998262" lon="-79.578406">
        <time>2026-08-04T10:33:16Z</time>
      </trkpt>
      <trkpt lat="8.998238" lon="-79.578408">
        <time>2026-08-04T10:33:17Z</time>
      </trkpt>
      <trkpt lat="8.998215" lon="-79.578412">
        <time>2026-08-04T10:33:18Z</time>
      </trkpt>
      <trkpt lat="8.998195" lon="-79.578416">
        <time>2026-08-04T10:33:19Z</time>
      </trkpt>
      <trkpt lat="8.998171" lon="-79.578418">
        <time>2026-08-04T10:33:20Z</time>
      </trkpt>
      <trkpt lat="8.998149" lon="-79.578419">
        <time>2026-08-04T10:33:21Z</time>
      </trkpt>
      <trkpt lat="8.998127" lon="-79.578420">
        <time>2026-08-04T10:33:22Z</time>
      </trkpt>
      <trkpt lat="8.998101" lon="-79.578424">
        <time>2026-08-04T10:33:23Z</time>
      </trkpt>
      <trkpt lat="8.998077" lon="-79.578427">
        <time>2026-08-04T10:33:24Z</time>
      </trkpt>
      <trkpt lat="8.998052" lon="-79.578429">
        <time>2026-08-04T10:33:25Z</time>
      </trkpt>
      <trkpt lat="8.998027" lon="-79.578433">
        <time>2026-08-04T10:33:26Z</time>
      </trkpt>
      <trkpt lat="8.998002" lon="-79.578436">
        <time>2026-08-04T10:33:27Z</time>
      </trkpt>
      <trkpt lat="8.997977" lon="-79.578442">
        <time>2026-08-04T10:33:28Z</time>
      </trkpt>
      <trkpt lat="8.997954" lon="-79.578452">
        <time>2026-08-04T10:33:29Z</time>
      </trkpt>
      <trkpt lat="8.997934" lon="-79.578467">
        <time>2026-08-04T10:33:30Z</time>
      </trkpt>
      <trkpt lat="8.997914" lon="-79.578485">
        <time>2026-08-04T10:33:31Z</time>
      </trkpt>
      <trkpt lat="8.997897" lon="-79.578505">
        <time>2026-08-04T10:33:32Z</time>
      </trkpt>
      <trkpt lat="8.997885" lon="-79.578529">
        <time>2026-08-04T10:33:33Z</time>
      </trkpt>
      <trkpt lat="8.997877" lon="-79.578558">
        <time>2026-08-04T10:33:34Z</time>
      </trkpt>
      <trkpt lat="8.997874" lon="-79.578585">
        <time>2026-08-04T10:33:35Z</time>
      </trkpt>
      <trkpt lat="8.997875" lon="-79.578613">
        <time>2026-08-04T10:33:36Z</time>
      </trkpt>
      <trkpt lat="8.997876" lon="-79.578641">
        <time>2026-08-04T10:33:37Z</time>
      </trkpt>
      <trkpt lat="8.997876" lon="-79.578664">
        <time>2026-08-04T10:33:38Z</time>
      </trkpt>
      <trkpt lat="8.997874" lon="-79.578692">
        <time>2026-08-04T10:33:39Z</time>
      </trkpt>
      <trkpt lat="8.997874" lon="-79.578718">
        <time>2026-08-04T10:33:40Z</time>
      </trkpt>
      <trkpt lat="8.997873" lon="-79.578743">
        <time>2026-08-04T10:33:41Z</time>
      </trkpt>
      <trkpt lat="8.997878" lon="-79.578768">
        <time>2026-08-04T10:33:42Z</time>
      </trkpt>
      <trkpt lat="8.997882" lon="-79.578792">
        <time>2026-08-04T10:33:43Z</time>
      </trkpt>
      <trkpt lat="8.997886" lon="-79.578816">
        <time>2026-08-04T10:33:44Z</time>
      </trkpt>
      <trkpt lat="8.997893" lon="-79.578839">
        <time>2026-08-04T10:33:45Z</time>
      </trkpt>
      <trkpt lat="8.997900" lon="-79.578862">
        <time>2026-08-04T10:33:46Z</time>
      </trkpt>
      <trkpt lat="8.997908" lon="-79.578885">
        <time>2026-08-04T10:33:47Z</time>
      </trkpt>
      <trkpt lat="8.997914" lon="-79.578908">
        <time>2026-08-04T10:33:48Z</time>
      </trkpt>
      <trkpt lat="8.997919" lon="-79.578934">
        <time>2026-08-04T10:33:49Z</time>
      </trkpt>
      <trkpt lat="8.997926" lon="-79.578958">
        <time>2026-08-04T10:33:50Z</time>
      </trkpt>
      <trkpt lat="8.997932" lon="-79.578980">
        <time>2026-08-04T10:33:51Z</time>
      </trkpt>
      <trkpt lat="8.997940" lon="-79.579004">
        <time>2026-08-04T10:33:52Z</time>
      </trkpt>
      <trkpt lat="8.997950" lon="-79.579026">
        <time>2026-08-04T10:33:53Z</time>
      </trkpt>
      <trkpt lat="8.997959" lon="-79.579047">
        <time>2026-08-04T10:33:54Z</time>
      </trkpt>
      <trkpt lat="8.997968" lon="-79.579068">
        <time>2026-08-04T10:33:55Z</time>
      </trkpt>
      <trkpt lat="8.997977" lon="-79.579089">
        <time>2026-08-04T10:33:56Z</time>
      </trkpt>
      <trkpt lat="8.997983" lon="-79.579108">
        <time>2026-08-04T10:33:57Z</time>
      </trkpt>
      <trkpt lat="8.997992" lon="-79.579129">
        <time>2026-08-04T10:33:58Z</time>
      </trkpt>
      <trkpt lat="8.998000" lon="-79.579150">
        <time>2026-08-04T10:33:59Z</time>
      </trkpt>
      <trkpt lat="8.998011" lon="-79.579171">
        <time>2026-08-04T10:34:00Z</time>
      </trkpt>
      <trkpt lat="8.998023" lon="-79.579192">
        <time>2026-08-04T10:34:01Z</time>
      </trkpt>
      <trkpt lat="8.998036" lon="-79.579212">
        <time>2026-08-04T10:34:02Z</time>
      </trkpt>
      <trkpt lat="8.998049" lon="-79.579234">
        <time>2026-08-04T10:34:03Z</time>
      </trkpt>
      <trkpt lat="8.998065" lon="-79.579256">
        <time>2026-08-04T10:34:04Z</time>
      </trkpt>
      <trkpt lat="8.998079" lon="-79.579277">
        <time>2026-08-04T10:34:05Z</time>
      </trkpt>
      <trkpt lat="8.998092" lon="-79.579299">
        <time>2026-08-04T10:34:06Z</time>
      </trkpt>
      <trkpt lat="8.998108" lon="-79.579318">
        <time>2026-08-04T10:34:07Z</time>
      </trkpt>
      <trkpt lat="8.998121" lon="-79.579336">
        <time>2026-08-04T10:34:08Z</time>
      </trkpt>
      <trkpt lat="8.998135" lon="-79.579357">
        <time>2026-08-04T10:34:09Z</time>
      </trkpt>
      <trkpt lat="8.998149" lon="-79.579378">
        <time>2026-08-04T10:34:10Z</time>
      </trkpt>
      <trkpt lat="8.998164" lon="-79.579401">
        <time>2026-08-04T10:34:11Z</time>
      </trkpt>
      <trkpt lat="8.998180" lon="-79.579422">
        <time>2026-08-04T10:34:12Z</time>
      </trkpt>
      <trkpt lat="8.998195" lon="-79.579442">
        <time>2026-08-04T10:34:13Z</time>
      </trkpt>
      <trkpt lat="8.998209" lon="-79.579465">
        <time>2026-08-04T10:34:14Z</time>
      </trkpt>
      <trkpt lat="8.998226" lon="-79.579483">
        <time>2026-08-04T10:34:15Z</time>
      </trkpt>
      <trkpt lat="8.998242" lon="-79.579502">
        <time>2026-08-04T10:34:16Z</time>
      </trkpt>
      <trkpt lat="8.998262" lon="-79.579518">
        <time>2026-08-04T10:34:17Z</time>
      </trkpt>
      <trkpt lat="8.998278" lon="-79.579535">
        <time>2026-08-04T10:34:18Z</time>
      </trkpt>
      <trkpt lat="8.998297" lon="-79.579550">
        <time>2026-08-04T10:34:19Z</time>
      </trkpt>
      <trkpt lat="8.998322" lon="-79.579561">
        <time>2026-08-04T10:34:20Z</time>
      </trkpt>
      <trkpt lat="8.998345" lon="-79.579570">
        <time>2026-08-04T10:34:21Z</time>
      </trkpt>
      <trkpt lat="8.998371" lon="-79.579574">
        <time>2026-08-04T10:34:22Z</time>
      </trkpt>
      <trkpt lat="8.998395" lon="-79.579575">
        <time>2026-08-04T10:34:23Z</time>
      </trkpt>
      <trkpt lat="8.998418" lon="-79.579574">
        <time>2026-08-04T10:34:24Z</time>
      </trkpt>
      <trkpt lat="8.998444" lon="-79.579567">
        <time>2026-08-04T10:34:25Z</time>
      </trkpt>
      <trkpt lat="8.998466" lon="-79.579559">
        <time>2026-08-04T10:34:26Z</time>
      </trkpt>
      <trkpt lat="8.998489" lon="-79.579552">
        <time>2026-08-04T10:34:27Z</time>
      </trkpt>
      <trkpt lat="8.998511" lon="-79.579540">
        <time>2026-08-04T10:34:28Z</time>
      </trkpt>
      <trkpt lat="8.998533" lon="-79.579531">
        <time>2026-08-04T10:34:29Z</time>
      </trkpt>
      <trkpt lat="8.998554" lon="-79.579514">
        <time>2026-08-04T10:34:30Z</time>
      </trkpt>
      <trkpt lat="8.998574" lon="-79.579496">
        <time>2026-08-04T10:34:31Z</time>
      </trkpt>
      <trkpt lat="8.998592" lon="-79.579476">
        <time>2026-08-04T10:34:32Z</time>
      </trkpt>
      <trkpt lat="8.998608" lon="-79.579453">
        <time>2026-08-04T10:34:33Z</time>
      </trkpt>
      <trkpt lat="8.998622" lon="-79.579433">
        <time>2026-08-04T10:34:34Z</time>
      </trkpt>
      <trkpt lat="8.998632" lon="-79.579410">
        <time>2026-08-04T10:34:35Z</time>
      </trkpt>
      <trkpt lat="8.998640" lon="-79.579385">
        <time>2026-08-04T10:34:36Z</time>
      </trkpt>
      <trkpt lat="8.998650" lon="-79.579362">
        <time>2026-08-04T10:34:37Z</time>
      </trkpt>
      <trkpt lat="8.998660" lon="-79.579339">
        <time>2026-08-04T10:34:38Z</time>
      </trkpt>
      <trkpt lat="8.998674" lon="-79.579320">
        <time>2026-08-04T10:34:39Z</time>
      </trkpt>
      <trkpt lat="8.998689" lon="-79.579303">
        <time>2026-08-04T10:34:40Z</time>
      </trkpt>
      <trkpt lat="8.998703" lon="-79.579286">
        <time>2026-08-04T10:34:41Z</time>
      </trkpt>
      <trkpt lat="8.998719" lon="-79.579273">
        <time>2026-08-04T10:34:42Z</time>
      </trkpt>
      <trkpt lat="8.998735" lon="-79.579260">
        <time>2026-08-04T10:34:43Z</time>
      </trkpt>
      <trkpt lat="8.998755" lon="-79.579246">
        <time>2026-08-04T10:34:44Z</time>
      </trkpt>
      <trkpt lat="8.998774" lon="-79.579236">
        <time>2026-08-04T10:34:45Z</time>
      </trkpt>
      <trkpt lat="8.998793" lon="-79.579223">
        <time>2026-08-04T10:34:46Z</time>
      </trkpt>
      <trkpt lat="8.998813" lon="-79.579219">
        <time>2026-08-04T10:34:47Z</time>
      </trkpt>
      <trkpt lat="8.998828" lon="-79.579224">
        <time>2026-08-04T10:34:48Z</time>
      </trkpt>
      <trkpt lat="8.998841" lon="-79.579242">
        <time>2026-08-04T10:34:49Z</time>
      </trkpt>
      <trkpt lat="8.998856" lon="-79.579259">
        <time>2026-08-04T10:34:50Z</time>
      </trkpt>
      <trkpt lat="8.998871" lon="-79.579273">
        <time>2026-08-04T10:34:51Z</time>
      </trkpt>
      <trkpt lat="8.998892" lon="-79.579286">
        <time>2026-08-04T10:34:52Z</time>
      </trkpt>
      <trkpt lat="8.998914" lon="-79.579295">
        <time>2026-08-04T10:34:53Z</time>
      </trkpt>
      <trkpt lat="8.998939" lon="-79.579298">
        <time>2026-08-04T10:34:54Z</time>
      </trkpt>
      <trkpt lat="8.998968" lon="-79.579294">
        <time>2026-08-04T10:34:55Z</time>
      </trkpt>
      <trkpt lat="8.998992" lon="-79.579293">
        <time>2026-08-04T10:34:56Z</time>
      </trkpt>
      <trkpt lat="8.999016" lon="-79.579287">
        <time>2026-08-04T10:34:57Z</time>
      </trkpt>
      <trkpt lat="8.999039" lon="-79.579281">
        <time>2026-08-04T10:34:58Z</time>
      </trkpt>
      <trkpt lat="8.999061" lon="-79.579274">
        <time>2026-08-04T10:34:59Z</time>
      </trkpt>
      <trkpt lat="8.999086" lon="-79.579264">
        <time>2026-08-04T10:35:00Z</time>
      </trkpt>
      <trkpt lat="8.999107" lon="-79.579259">
        <time>2026-08-04T10:35:01Z</time>
      </trkpt>
      <trkpt lat="8.999128" lon="-79.579254">
        <time>2026-08-04T10:35:02Z</time>
      </trkpt>
      <trkpt lat="8.999150" lon="-79.579248">
        <time>2026-08-04T10:35:03Z</time>
      </trkpt>
      <trkpt lat="8.999173" lon="-79.579244">
        <time>2026-08-04T10:35:04Z</time>
      </trkpt>
      <trkpt lat="8.999196" lon="-79.579239">
        <time>2026-08-04T10:35:05Z</time>
      </trkpt>
      <trkpt lat="8.999220" lon="-79.579237">
        <time>2026-08-04T10:35:06Z</time>
      </trkpt>
      <trkpt lat="8.999241" lon="-79.579237">
        <time>2026-08-04T10:35:07Z</time>
      </trkpt>
      <trkpt lat="8.999265" lon="-79.579236">
        <time>2026-08-04T10:35:08Z</time>
      </trkpt>
      <trkpt lat="8.999288" lon="-79.579235">
        <time>2026-08-04T10:35:09Z</time>
      </trkpt>
      <trkpt lat="8.999309" lon="-79.579237">
        <time>2026-08-04T10:35:10Z</time>
      </trkpt>
      <trkpt lat="8.999333" lon="-79.579238">
        <time>2026-08-04T10:35:11Z</time>
      </trkpt>
      <trkpt lat="8.999356" lon="-79.579237">
        <time>2026-08-04T10:35:12Z</time>
      </trkpt>
      <trkpt lat="8.999379" lon="-79.579237">
        <time>2026-08-04T10:35:13Z</time>
      </trkpt>
      <trkpt lat="8.999403" lon="-79.579233">
        <time>2026-08-04T10:35:14Z</time>
      </trkpt>
      <trkpt lat="8.999425" lon="-79.579229">
        <time>2026-08-04T10:35:15Z</time>
      </trkpt>
      <trkpt lat="8.999446" lon="-79.579223">
        <time>2026-08-04T10:35:16Z</time>
      </trkpt>
      <trkpt lat="8.999468" lon="-79.579218">
        <time>2026-08-04T10:35:17Z</time>
      </trkpt>
      <trkpt lat="8.999490" lon="-79.579211">
        <time>2026-08-04T10:35:18Z</time>
      </trkpt>
      <trkpt lat="8.999512" lon="-79.579205">
        <time>2026-08-04T10:35:19Z</time>
      </trkpt>
      <trkpt lat="8.999532" lon="-79.579200">
        <time>2026-08-04T10:35:20Z</time>
      </trkpt>
      <trkpt lat="8.999552" lon="-79.579194">
        <time>2026-08-04T10:35:21Z</time>
      </trkpt>
      <trkpt lat="8.999572" lon="-79.579187">
        <time>2026-08-04T10:35:22Z</time>
      </trkpt>
      <trkpt lat="8.999593" lon="-79.579188">
        <time>2026-08-04T10:35:23Z</time>
      </trkpt>
      <trkpt lat="8.999615" lon="-79.579189">
        <time>2026-08-04T10:35:24Z</time>
      </trkpt>
      <trkpt lat="8.999637" lon="-79.579190">
        <time>2026-08-04T10:35:25Z</time>
      </trkpt>
      <trkpt lat="8.999656" lon="-79.579198">
        <time>2026-08-04T10:35:26Z</time>
      </trkpt>
      <trkpt lat="8.999677" lon="-79.579206">
        <time>2026-08-04T10:35:27Z</time>
      </trkpt>
      <trkpt lat="8.999697" lon="-79.579215">
        <time>2026-08-04T10:35:28Z</time>
      </trkpt>
      <trkpt lat="8.999714" lon="-79.579223">
        <time>2026-08-04T10:35:29Z</time>
      </trkpt>
      <trkpt lat="8.999731" lon="-79.579232">
        <time>2026-08-04T10:35:30Z</time>
      </trkpt>
      <trkpt lat="8.999750" lon="-79.579244">
        <time>2026-08-04T10:35:31Z</time>
      </trkpt>
      <trkpt lat="8.999770" lon="-79.579255">
        <time>2026-08-04T10:35:32Z</time>
      </trkpt>
      <trkpt lat="8.999788" lon="-79.579268">
        <time>2026-08-04T10:35:33Z</time>
      </trkpt>
      <trkpt lat="8.999810" lon="-79.579280">
        <time>2026-08-04T10:35:34Z</time>
      </trkpt>
      <trkpt lat="8.999834" lon="-79.579288">
        <time>2026-08-04T10:35:35Z</time>
      </trkpt>
      <trkpt lat="8.999859" lon="-79.579296">
        <time>2026-08-04T10:35:36Z</time>
      </trkpt>
      <trkpt lat="8.999886" lon="-79.579296">
        <time>2026-08-04T10:35:37Z</time>
      </trkpt>
      <trkpt lat="8.999909" lon="-79.579296">
        <time>2026-08-04T10:35:38Z</time>
      </trkpt>
      <trkpt lat="8.999933" lon="-79.579294">
        <time>2026-08-04T10:35:39Z</time>
      </trkpt>
      <trkpt lat="8.999957" lon="-79.579289">
        <time>2026-08-04T10:35:40Z</time>
      </trkpt>
      <trkpt lat="8.999978" lon="-79.579285">
        <time>2026-08-04T10:35:41Z</time>
      </trkpt>
      <trkpt lat="9.000001" lon="-79.579285">
        <time>2026-08-04T10:35:42Z</time>
      </trkpt>
      <trkpt lat="9.000024" lon="-79.579283">
        <time>2026-08-04T10:35:43Z</time>
      </trkpt>
      <trkpt lat="9.000045" lon="-79.579279">
        <time>2026-08-04T10:35:44Z</time>
      </trkpt>
      <trkpt lat="9.000069" lon="-79.579274">
        <time>2026-08-04T10:35:45Z</time>
      </trkpt>
      <trkpt lat="9.000091" lon="-79.579271">
        <time>2026-08-04T10:35:46Z</time>
      </trkpt>
      <trkpt lat="9.000113" lon="-79.579265">
        <time>2026-08-04T10:35:47Z</time>
      </trkpt>
      <trkpt lat="9.000134" lon="-79.579260">
        <time>2026-08-04T10:35:48Z</time>
      </trkpt>
      <trkpt lat="9.000158" lon="-79.579257">
        <time>2026-08-04T10:35:49Z</time>
      </trkpt>
      <trkpt lat="9.000181" lon="-79.579256">
        <time>2026-08-04T10:35:50Z</time>
      </trkpt>
      <trkpt lat="9.000207" lon="-79.579257">
        <time>2026-08-04T10:35:51Z</time>
      </trkpt>
      <trkpt lat="9.000228" lon="-79.579265">
        <time>2026-08-04T10:35:52Z</time>
      </trkpt>
      <trkpt lat="9.000242" lon="-79.579283">
        <time>2026-08-04T10:35:53Z</time>
      </trkpt>
      <trkpt lat="9.000248" lon="-79.579302">
        <time>2026-08-04T10:35:54Z</time>
      </trkpt>
      <trkpt lat="9.000251" lon="-79.579324">
        <time>2026-08-04T10:35:55Z</time>
      </trkpt>
      <trkpt lat="9.000255" lon="-79.579347">
        <time>2026-08-04T10:35:56Z</time>
      </trkpt>
      <trkpt lat="9.000258" lon="-79.579366">
        <time>2026-08-04T10:35:57Z</time>
      </trkpt>
      <trkpt lat="9.000259" lon="-79.579387">
        <time>2026-08-04T10:35:58Z</time>
      </trkpt>
      <trkpt lat="9.000261" lon="-79.579410">
        <time>2026-08-04T10:35:59Z</time>
      </trkpt>
      <trkpt lat="9.000263" lon="-79.579433">
        <time>2026-08-04T10:36:00Z</time>
      </trkpt>
      <trkpt lat="9.000260" lon="-79.579458">
        <time>2026-08-04T10:36:01Z</time>
      </trkpt>
      <trkpt lat="9.000256" lon="-79.579485">
        <time>2026-08-04T10:36:02Z</time>
      </trkpt>
      <trkpt lat="9.000255" lon="-79.579508">
        <time>2026-08-04T10:36:03Z</time>
      </trkpt>
      <trkpt lat="9.000256" lon="-79.579532">
        <time>2026-08-04T10:36:04Z</time>
      </trkpt>
      <trkpt lat="9.000255" lon="-79.579554">
        <time>2026-08-04T10:36:05Z</time>
      </trkpt>
      <trkpt lat="9.000255" lon="-79.579575">
        <time>2026-08-04T10:36:06Z</time>
      </trkpt>
      <trkpt lat="9.000256" lon="-79.579599">
        <time>2026-08-04T10:36:07Z</time>
      </trkpt>
      <trkpt lat="9.000258" lon="-79.579626">
        <time>2026-08-04T10:36:08Z</time>
      </trkpt>
      <trkpt lat="9.000261" lon="-79.579647">
        <time>2026-08-04T10:36:09Z</time>
      </trkpt>
      <trkpt lat="9.000261" lon="-79.579671">
        <time>2026-08-04T10:36:10Z</time>
      </trkpt>
      <trkpt lat="9.000264" lon="-79.579695">
        <time>2026-08-04T10:36:11Z</time>
      </trkpt>
      <trkpt lat="9.000267" lon="-79.579721">
        <time>2026-08-04T10:36:12Z</time>
      </trkpt>
      <trkpt lat="9.000267" lon="-79.579743">
        <time>2026-08-04T10:36:13Z</time>
      </trkpt>
      <trkpt lat="9.000267" lon="-79.579770">
        <time>2026-08-04T10:36:14Z</time>
      </trkpt>
      <trkpt lat="9.000270" lon="-79.579794">
        <time>2026-08-04T10:36:15Z</time>
      </trkpt>
      <trkpt lat="9.000270" lon="-79.579816">
        <time>2026-08-04T10:36:16Z</time>
      </trkpt>
      <trkpt lat="9.000273" lon="-79.579840">
        <time>2026-08-04T10:36:17Z</time>
      </trkpt>
      <trkpt lat="9.000276" lon="-79.579864">
        <time>2026-08-04T10:36:18Z</time>
      </trkpt>
      <trkpt lat="9.000279" lon="-79.579888">
        <time>2026-08-04T10:36:19Z</time>
      </trkpt>
      <trkpt lat="9.000282" lon="-79.579911">
        <time>2026-08-04T10:36:20Z</time>
      </trkpt>
      <trkpt lat="9.000284" lon="-79.579934">
        <time>2026-08-04T10:36:21Z</time>
      </trkpt>
      <trkpt lat="9.000287" lon="-79.579959">
        <time>2026-08-04T10:36:22Z</time>
      </trkpt>
      <trkpt lat="9.000288" lon="-79.579985">
        <time>2026-08-04T10:36:23Z</time>
      </trkpt>
      <trkpt lat="9.000292" lon="-79.580008">
        <time>2026-08-04T10:36:24Z</time>
      </trkpt>
      <trkpt lat="9.000295" lon="-79.580034">
        <time>2026-08-04T10:36:25Z</time>
      </trkpt>
      <trkpt lat="9.000297" lon="-79.580057">
        <time>2026-08-04T10:36:26Z</time>
      </trkpt>
      <trkpt lat="9.000302" lon="-79.580081">
        <time>2026-08-04T10:36:27Z</time>
      </trkpt>
      <trkpt lat="9.000310" lon="-79.580105">
        <time>2026-08-04T10:36:28Z</time>
      </trkpt>
      <trkpt lat="9.000318" lon="-79.580127">
        <time>2026-08-04T10:36:29Z</time>
      </trkpt>
      <trkpt lat="9.000327" lon="-79.580147">
        <time>2026-08-04T10:36:30Z</time>
      </trkpt>
      <trkpt lat="9.000334" lon="-79.580164">
        <time>2026-08-04T10:36:31Z</time>
      </trkpt>
      <trkpt lat="9.000340" lon="-79.580170">
        <time>2026-08-04T10:36:32Z</time>
      </trkpt>
      <trkpt lat="9.000346" lon="-79.580177">
        <time>2026-08-04T10:36:33Z</time>
      </trkpt>
      <trkpt lat="9.000353" lon="-79.580179">
        <time>2026-08-04T10:36:34Z</time>
      </trkpt>
      <trkpt lat="9.000362" lon="-79.580184">
        <time>2026-08-04T10:36:35Z</time>
      </trkpt>
      <trkpt lat="9.000373" lon="-79.580191">
        <time>2026-08-04T10:36:36Z</time>
      </trkpt>
      <trkpt lat="9.000386" lon="-79.580198">
        <time>2026-08-04T10:36:37Z</time>
      </trkpt>
      <trkpt lat="9.000400" lon="-79.580203">
        <time>2026-08-04T10:36:38Z</time>
      </trkpt>
      <trkpt lat="9.000411" lon="-79.580205">
        <time>2026-08-04T10:36:39Z</time>
      </trkpt>
      <trkpt lat="9.000415" lon="-79.580207">
        <time>2026-08-04T10:36:40Z</time>
      </trkpt>
      <trkpt lat="9.000422" lon="-79.580210">
        <time>2026-08-04T10:36:41Z</time>
      </trkpt>
      <trkpt lat="9.000431" lon="-79.580211">
        <time>2026-08-04T10:36:42Z</time>
      </trkpt>
      <trkpt lat="9.000435" lon="-79.580212">
        <time>2026-08-04T10:36:43Z</time>
      </trkpt>
      <trkpt lat="9.000433" lon="-79.580213">
        <time>2026-08-04T10:36:44Z</time>
      </trkpt>
      <trkpt lat="9.000433" lon="-79.580213">
        <time>2026-08-04T10:36:45Z</time>
      </trkpt>
      <trkpt lat="9.000433" lon="-79.580213">
        <time>2026-08-04T10:36:46Z</time>
      </trkpt>
      <trkpt lat="9.000455" lon="-79.580211">
        <time>2026-08-04T10:36:47Z</time>
      </trkpt>
      <trkpt lat="9.000482" lon="-79.580206">
        <time>2026-08-04T10:36:48Z</time>
      </trkpt>
      <trkpt lat="9.000505" lon="-79.580201">
        <time>2026-08-04T10:36:49Z</time>
      </trkpt>
      <trkpt lat="9.000534" lon="-79.580194">
        <time>2026-08-04T10:36:50Z</time>
      </trkpt>
      <trkpt lat="9.000559" lon="-79.580189">
        <time>2026-08-04T10:36:51Z</time>
      </trkpt>
      <trkpt lat="9.000587" lon="-79.580180">
        <time>2026-08-04T10:36:52Z</time>
      </trkpt>
      <trkpt lat="9.000613" lon="-79.580172">
        <time>2026-08-04T10:36:53Z</time>
      </trkpt>
      <trkpt lat="9.000638" lon="-79.580168">
        <time>2026-08-04T10:36:54Z</time>
      </trkpt>
      <trkpt lat="9.000662" lon="-79.580160">
        <time>2026-08-04T10:36:55Z</time>
      </trkpt>
      <trkpt lat="9.000689" lon="-79.580152">
        <time>2026-08-04T10:36:56Z</time>
      </trkpt>
      <trkpt lat="9.000716" lon="-79.580145">
        <time>2026-08-04T10:36:57Z</time>
      </trkpt>
      <trkpt lat="9.000742" lon="-79.580136">
        <time>2026-08-04T10:36:58Z</time>
      </trkpt>
      <trkpt lat="9.000766" lon="-79.580132">
        <time>2026-08-04T10:36:59Z</time>
      </trkpt>
      <trkpt lat="9.000791" lon="-79.580123">
        <time>2026-08-04T10:37:00Z</time>
      </trkpt>
      <trkpt lat="9.000818" lon="-79.580113">
        <time>2026-08-04T10:37:01Z</time>
      </trkpt>
      <trkpt lat="9.000842" lon="-79.580105">
        <time>2026-08-04T10:37:02Z</time>
      </trkpt>
      <trkpt lat="9.000866" lon="-79.580095">
        <time>2026-08-04T10:37:03Z</time>
      </trkpt>
      <trkpt lat="9.000890" lon="-79.580087">
        <time>2026-08-04T10:37:04Z</time>
      </trkpt>
      <trkpt lat="9.000911" lon="-79.580077">
        <time>2026-08-04T10:37:05Z</time>
      </trkpt>
      <trkpt lat="9.000936" lon="-79.580065">
        <time>2026-08-04T10:37:06Z</time>
      </trkpt>
      <trkpt lat="9.000957" lon="-79.580052">
        <time>2026-08-04T10:37:07Z</time>
      </trkpt>
      <trkpt lat="9.000975" lon="-79.580035">
        <time>2026-08-04T10:37:08Z</time>
      </trkpt>
      <trkpt lat="9.000995" lon="-79.580016">
        <time>2026-08-04T10:37:09Z</time>
      </trkpt>
      <trkpt lat="9.001012" lon="-79.579997">
        <time>2026-08-04T10:37:10Z</time>
      </trkpt>
      <trkpt lat="9.001025" lon="-79.579974">
        <time>2026-08-04T10:37:11Z</time>
      </trkpt>
      <trkpt lat="9.001038" lon="-79.579950">
        <time>2026-08-04T10:37:12Z</time>
      </trkpt>
      <trkpt lat="9.001049" lon="-79.579927">
        <time>2026-08-04T10:37:13Z</time>
      </trkpt>
      <trkpt lat="9.001060" lon="-79.579902">
        <time>2026-08-04T10:37:14Z</time>
      </trkpt>
      <trkpt lat="9.001064" lon="-79.579876">
        <time>2026-08-04T10:37:15Z</time>
      </trkpt>
      <trkpt lat="9.001069" lon="-79.579848">
        <time>2026-08-04T10:37:16Z</time>
      </trkpt>
      <trkpt lat="9.001069" lon="-79.579822">
        <time>2026-08-04T10:37:17Z</time>
      </trkpt>
      <trkpt lat="9.001069" lon="-79.579798">
        <time>2026-08-04T10:37:18Z</time>
      </trkpt>
      <trkpt lat="9.001067" lon="-79.579772">
        <time>2026-08-04T10:37:19Z</time>
      </trkpt>
      <trkpt lat="9.001065" lon="-79.579748">
        <time>2026-08-04T10:37:20Z</time>
      </trkpt>
      <trkpt lat="9.001060" lon="-79.579721">
        <time>2026-08-04T10:37:21Z</time>
      </trkpt>
      <trkpt lat="9.001048" lon="-79.579697">
        <time>2026-08-04T10:37:22Z</time>
      </trkpt>
      <trkpt lat="9.001041" lon="-79.579672">
        <time>2026-08-04T10:37:23Z</time>
      </trkpt>
      <trkpt lat="9.001033" lon="-79.579645">
        <time>2026-08-04T10:37:24Z</time>
      </trkpt>
      <trkpt lat="9.001030" lon="-79.579620">
        <time>2026-08-04T10:37:25Z</time>
      </trkpt>
      <trkpt lat="9.001023" lon="-79.579597">
        <time>2026-08-04T10:37:26Z</time>
      </trkpt>
      <trkpt lat="9.001016" lon="-79.579574">
        <time>2026-08-04T10:37:27Z</time>
      </trkpt>
      <trkpt lat="9.001011" lon="-79.579552">
        <time>2026-08-04T10:37:28Z</time>
      </trkpt>
      <trkpt lat="9.001005" lon="-79.579529">
        <time>2026-08-04T10:37:29Z</time>
      </trkpt>
      <trkpt lat="9.000998" lon="-79.579505">
        <time>2026-08-04T10:37:30Z</time>
      </trkpt>
      <trkpt lat="9.000995" lon="-79.579482">
        <time>2026-08-04T10:37:31Z</time>
      </trkpt>
      <trkpt lat="9.000993" lon="-79.579461">
        <time>2026-08-04T10:37:32Z</time>
      </trkpt>
      <trkpt lat="9.000992" lon="-79.579437">
        <time>2026-08-04T10:37:33Z</time>
      </trkpt>
      <trkpt lat="9.000994" lon="-79.579413">
        <time>2026-08-04T10:37:34Z</time>
      </trkpt>
      <trkpt lat="9.000994" lon="-79.579389">
        <time>2026-08-04T10:37:35Z</time>
      </trkpt>
      <trkpt lat="9.000995" lon="-79.579364">
        <time>2026-08-04T10:37:36Z</time>
      </trkpt>
      <trkpt lat="9.000998" lon="-79.579342">
        <time>2026-08-04T10:37:37Z</time>
      </trkpt>
      <trkpt lat="9.001005" lon="-79.579321">
        <time>2026-08-04T10:37:38Z</time>
      </trkpt>
      <trkpt lat="9.001013" lon="-79.579303">
        <time>2026-08-04T10:37:39Z</time>
      </trkpt>
      <trkpt lat="9.001021" lon="-79.579281">
        <time>2026-08-04T10:37:40Z</time>
      </trkpt>
      <trkpt lat="9.001032" lon="-79.579260">
        <time>2026-08-04T10:37:41Z</time>
      </trkpt>
      <trkpt lat="9.001047" lon="-79.579240">
        <time>2026-08-04T10:37:42Z</time>
      </trkpt>
      <trkpt lat="9.001063" lon="-79.579220">
        <time>2026-08-04T10:37:43Z</time>
      </trkpt>
      <trkpt lat="9.001080" lon="-79.579205">
        <time>2026-08-04T10:37:44Z</time>
      </trkpt>
      <trkpt lat="9.001098" lon="-79.579190">
        <time>2026-08-04T10:37:45Z</time>
      </trkpt>
      <trkpt lat="9.001119" lon="-79.579176">
        <time>2026-08-04T10:37:46Z</time>
      </trkpt>
      <trkpt lat="9.001140" lon="-79.579163">
        <time>2026-08-04T10:37:47Z</time>
      </trkpt>
      <trkpt lat="9.001163" lon="-79.579149">
        <time>2026-08-04T10:37:48Z</time>
      </trkpt>
      <trkpt lat="9.001186" lon="-79.579138">
        <time>2026-08-04T10:37:49Z</time>
      </trkpt>
      <trkpt lat="9.001209" lon="-79.579130">
        <time>2026-08-04T10:37:50Z</time>
      </trkpt>
      <trkpt lat="9.001231" lon="-79.579120">
        <time>2026-08-04T10:37:51Z</time>
      </trkpt>
      <trkpt lat="9.001253" lon="-79.579108">
        <time>2026-08-04T10:37:52Z</time>
      </trkpt>
      <trkpt lat="9.001272" lon="-79.579095">
        <time>2026-08-04T10:37:53Z</time>
      </trkpt>
      <trkpt lat="9.001295" lon="-79.579082">
        <time>2026-08-04T10:37:54Z</time>
      </trkpt>
      <trkpt lat="9.001316" lon="-79.579073">
        <time>2026-08-04T10:37:55Z</time>
      </trkpt>
      <trkpt lat="9.001339" lon="-79.579068">
        <time>2026-08-04T10:37:56Z</time>
      </trkpt>
      <trkpt lat="9.001360" lon="-79.579064">
        <time>2026-08-04T10:37:57Z</time>
      </trkpt>
      <trkpt lat="9.001379" lon="-79.579064">
        <time>2026-08-04T10:37:58Z</time>
      </trkpt>
      <trkpt lat="9.001403" lon="-79.579062">
        <time>2026-08-04T10:37:59Z</time>
      </trkpt>
      <trkpt lat="9.001426" lon="-79.579062">
        <time>2026-08-04T10:38:00Z</time>
      </trkpt>
      <trkpt lat="9.001448" lon="-79.579065">
        <time>2026-08-04T10:38:01Z</time>
      </trkpt>
      <trkpt lat="9.001472" lon="-79.579069">
        <time>2026-08-04T10:38:02Z</time>
      </trkpt>
      <trkpt lat="9.001494" lon="-79.579076">
        <time>2026-08-04T10:38:03Z</time>
      </trkpt>
      <trkpt lat="9.001514" lon="-79.579085">
        <time>2026-08-04T10:38:04Z</time>
      </trkpt>
      <trkpt lat="9.001535" lon="-79.579094">
        <time>2026-08-04T10:38:05Z</time>
      </trkpt>
      <trkpt lat="9.001554" lon="-79.579107">
        <time>2026-08-04T10:38:06Z</time>
      </trkpt>
      <trkpt lat="9.001573" lon="-79.579122">
        <time>2026-08-04T10:38:07Z</time>
      </trkpt>
      <trkpt lat="9.001591" lon="-79.579136">
        <time>2026-08-04T10:38:08Z</time>
      </trkpt>
      <trkpt lat="9.001608" lon="-79.579151">
        <time>2026-08-04T10:38:09Z</time>
      </trkpt>
      <trkpt lat="9.001623" lon="-79.579166">
        <time>2026-08-04T10:38:10Z</time>
      </trkpt>
      <trkpt lat="9.001636" lon="-79.579184">
        <time>2026-08-04T10:38:11Z</time>
      </trkpt>
      <trkpt lat="9.001648" lon="-79.579200">
        <time>2026-08-04T10:38:12Z</time>
      </trkpt>
      <trkpt lat="9.001654" lon="-79.579220">
        <time>2026-08-04T10:38:13Z</time>
      </trkpt>
      <trkpt lat="9.001660" lon="-79.579241">
        <time>2026-08-04T10:38:14Z</time>
      </trkpt>
      <trkpt lat="9.001663" lon="-79.579263">
        <time>2026-08-04T10:38:15Z</time>
      </trkpt>
      <trkpt lat="9.001657" lon="-79.579286">
        <time>2026-08-04T10:38:16Z</time>
      </trkpt>
      <trkpt lat="9.001650" lon="-79.579307">
        <time>2026-08-04T10:38:17Z</time>
      </trkpt>
      <trkpt lat="9.001642" lon="-79.579329">
        <time>2026-08-04T10:38:18Z</time>
      </trkpt>
      <trkpt lat="9.001633" lon="-79.579351">
        <time>2026-08-04T10:38:19Z</time>
      </trkpt>
      <trkpt lat="9.001624" lon="-79.579373">
        <time>2026-08-04T10:38:20Z</time>
      </trkpt>
      <trkpt lat="9.001616" lon="-79.579396">
        <time>2026-08-04T10:38:21Z</time>
      </trkpt>
      <trkpt lat="9.001609" lon="-79.579418">
        <time>2026-08-04T10:38:22Z</time>
      </trkpt>
      <trkpt lat="9.001605" lon="-79.579440">
        <time>2026-08-04T10:38:23Z</time>
      </trkpt>
      <trkpt lat="9.001600" lon="-79.579462">
        <time>2026-08-04T10:38:24Z</time>
      </trkpt>
      <trkpt lat="9.001596" lon="-79.579485">
        <time>2026-08-04T10:38:25Z</time>
      </trkpt>
      <trkpt lat="9.001594" lon="-79.579509">
        <time>2026-08-04T10:38:26Z</time>
      </trkpt>
      <trkpt lat="9.001593" lon="-79.579532">
        <time>2026-08-04T10:38:27Z</time>
      </trkpt>
      <trkpt lat="9.001593" lon="-79.579558">
        <time>2026-08-04T10:38:28Z</time>
      </trkpt>
      <trkpt lat="9.001599" lon="-79.579586">
        <time>2026-08-04T10:38:29Z</time>
      </trkpt>
      <trkpt lat="9.001603" lon="-79.579608">
        <time>2026-08-04T10:38:30Z</time>
      </trkpt>
      <trkpt lat="9.001612" lon="-79.579631">
        <time>2026-08-04T10:38:31Z</time>
      </trkpt>
      <trkpt lat="9.001620" lon="-79.579657">
        <time>2026-08-04T10:38:32Z</time>
      </trkpt>
      <trkpt lat="9.001626" lon="-79.579681">
        <time>2026-08-04T10:38:33Z</time>
      </trkpt>
      <trkpt lat="9.001637" lon="-79.579706">
        <time>2026-08-04T10:38:34Z</time>
      </trkpt>
      <trkpt lat="9.001648" lon="-79.579728">
        <time>2026-08-04T10:38:35Z</time>
      </trkpt>
      <trkpt lat="9.001660" lon="-79.579746">
        <time>2026-08-04T10:38:36Z</time>
      </trkpt>
      <trkpt lat="9.001673" lon="-79.579770">
        <time>2026-08-04T10:38:37Z</time>
      </trkpt>
      <trkpt lat="9.001683" lon="-79.579788">
        <time>2026-08-04T10:38:38Z</time>
      </trkpt>
      <trkpt lat="9.001695" lon="-79.579807">
        <time>2026-08-04T10:38:39Z</time>
      </trkpt>
      <trkpt lat="9.001711" lon="-79.579828">
        <time>2026-08-04T10:38:40Z</time>
      </trkpt>
      <trkpt lat="9.001728" lon="-79.579847">
        <time>2026-08-04T10:38:41Z</time>
      </trkpt>
      <trkpt lat="9.001754" lon="-79.579859">
        <time>2026-08-04T10:38:42Z</time>
      </trkpt>
      <trkpt lat="9.001780" lon="-79.579867">
        <time>2026-08-04T10:38:43Z</time>
      </trkpt>
      <trkpt lat="9.001806" lon="-79.579870">
        <time>2026-08-04T10:38:44Z</time>
      </trkpt>
      <trkpt lat="9.001835" lon="-79.579867">
        <time>2026-08-04T10:38:45Z</time>
      </trkpt>
      <trkpt lat="9.001859" lon="-79.579865">
        <time>2026-08-04T10:38:46Z</time>
      </trkpt>
      <trkpt lat="9.001885" lon="-79.579860">
        <time>2026-08-04T10:38:47Z</time>
      </trkpt>
      <trkpt lat="9.001911" lon="-79.579856">
        <time>2026-08-04T10:38:48Z</time>
      </trkpt>
      <trkpt lat="9.001933" lon="-79.579851">
        <time>2026-08-04T10:38:49Z</time>
      </trkpt>
      <trkpt lat="9.001955" lon="-79.579844">
        <time>2026-08-04T10:38:50Z</time>
      </trkpt>
      <trkpt lat="9.001978" lon="-79.579836">
        <time>2026-08-04T10:38:51Z</time>
      </trkpt>
      <trkpt lat="9.002001" lon="-79.579829">
        <time>2026-08-04T10:38:52Z</time>
      </trkpt>
      <trkpt lat="9.002022" lon="-79.579823">
        <time>2026-08-04T10:38:53Z</time>
      </trkpt>
      <trkpt lat="9.002043" lon="-79.579813">
        <time>2026-08-04T10:38:54Z</time>
      </trkpt>
      <trkpt lat="9.002064" lon="-79.579804">
        <time>2026-08-04T10:38:55Z</time>
      </trkpt>
      <trkpt lat="9.002084" lon="-79.579796">
        <time>2026-08-04T10:38:56Z</time>
      </trkpt>
      <trkpt lat="9.002106" lon="-79.579792">
        <time>2026-08-04T10:38:57Z</time>
      </trkpt>
      <trkpt lat="9.002128" lon="-79.579785">
        <time>2026-08-04T10:38:58Z</time>
      </trkpt>
      <trkpt lat="9.002148" lon="-79.579782">
        <time>2026-08-04T10:38:59Z</time>
      </trkpt>
      <trkpt lat="9.002168" lon="-79.579781">
        <time>2026-08-04T10:39:00Z</time>
      </trkpt>
      <trkpt lat="9.002190" lon="-79.579780">
        <time>2026-08-04T10:39:01Z</time>
      </trkpt>
      <trkpt lat="9.002212" lon="-79.579782">
        <time>2026-08-04T10:39:02Z</time>
      </trkpt>
      <trkpt lat="9.002234" lon="-79.579785">
        <time>2026-08-04T10:39:03Z</time>
      </trkpt>
      <trkpt lat="9.002256" lon="-79.579790">
        <time>2026-08-04T10:39:04Z</time>
      </trkpt>
      <trkpt lat="9.002279" lon="-79.579798">
        <time>2026-08-04T10:39:05Z</time>
      </trkpt>
      <trkpt lat="9.002302" lon="-79.579808">
        <time>2026-08-04T10:39:06Z</time>
      </trkpt>
      <trkpt lat="9.002324" lon="-79.579815">
        <time>2026-08-04T10:39:07Z</time>
      </trkpt>
      <trkpt lat="9.002345" lon="-79.579825">
        <time>2026-08-04T10:39:08Z</time>
      </trkpt>
      <trkpt lat="9.002367" lon="-79.579832">
        <time>2026-08-04T10:39:09Z</time>
      </trkpt>
      <trkpt lat="9.002385" lon="-79.579838">
        <time>2026-08-04T10:39:10Z</time>
      </trkpt>
      <trkpt lat="9.002407" lon="-79.579840">
        <time>2026-08-04T10:39:11Z</time>
      </trkpt>
      <trkpt lat="9.002428" lon="-79.579842">
        <time>2026-08-04T10:39:12Z</time>
      </trkpt>
      <trkpt lat="9.002447" lon="-79.579843">
        <time>2026-08-04T10:39:13Z</time>
      </trkpt>
      <trkpt lat="9.002472" lon="-79.579843">
        <time>2026-08-04T10:39:14Z</time>
      </trkpt>
      <trkpt lat="9.002496" lon="-79.579838">
        <time>2026-08-04T10:39:15Z</time>
      </trkpt>
      <trkpt lat="9.002519" lon="-79.579833">
        <time>2026-08-04T10:39:16Z</time>
      </trkpt>
      <trkpt lat="9.002545" lon="-79.579829">
        <time>2026-08-04T10:39:17Z</time>
      </trkpt>
      <trkpt lat="9.002569" lon="-79.579827">
        <time>2026-08-04T10:39:18Z</time>
      </trkpt>
      <trkpt lat="9.002596" lon="-79.579820">
        <time>2026-08-04T10:39:19Z</time>
      </trkpt>
      <trkpt lat="9.002623" lon="-79.579813">
        <time>2026-08-04T10:39:20Z</time>
      </trkpt>
      <trkpt lat="9.002648" lon="-79.579807">
        <time>2026-08-04T10:39:21Z</time>
      </trkpt>
      <trkpt lat="9.002672" lon="-79.579792">
        <time>2026-08-04T10:39:22Z</time>
      </trkpt>
      <trkpt lat="9.002691" lon="-79.579779">
        <time>2026-08-04T10:39:23Z</time>
      </trkpt>
      <trkpt lat="9.002709" lon="-79.579762">
        <time>2026-08-04T10:39:24Z</time>
      </trkpt>
      <trkpt lat="9.002723" lon="-79.579741">
        <time>2026-08-04T10:39:25Z</time>
      </trkpt>
      <trkpt lat="9.002736" lon="-79.579722">
        <time>2026-08-04T10:39:26Z</time>
      </trkpt>
      <trkpt lat="9.002750" lon="-79.579704">
        <time>2026-08-04T10:39:27Z</time>
      </trkpt>
      <trkpt lat="9.002764" lon="-79.579683">
        <time>2026-08-04T10:39:28Z</time>
      </trkpt>
      <trkpt lat="9.002777" lon="-79.579660">
        <time>2026-08-04T10:39:29Z</time>
      </trkpt>
      <trkpt lat="9.002791" lon="-79.579638">
        <time>2026-08-04T10:39:30Z</time>
      </trkpt>
      <trkpt lat="9.002805" lon="-79.579614">
        <time>2026-08-04T10:39:31Z</time>
      </trkpt>
      <trkpt lat="9.002817" lon="-79.579593">
        <time>2026-08-04T10:39:32Z</time>
      </trkpt>
      <trkpt lat="9.002830" lon="-79.579572">
        <time>2026-08-04T10:39:33Z</time>
      </trkpt>
      <trkpt lat="9.002842" lon="-79.579551">
        <time>2026-08-04T10:39:34Z</time>
      </trkpt>
      <trkpt lat="9.002853" lon="-79.579533">
        <time>2026-08-04T10:39:35Z</time>
      </trkpt>
      <trkpt lat="9.002866" lon="-79.579514">
        <time>2026-08-04T10:39:36Z</time>
      </trkpt>
      <trkpt lat="9.002877" lon="-79.579495">
        <time>2026-08-04T10:39:37Z</time>
      </trkpt>
      <trkpt lat="9.002888" lon="-79.579477">
        <time>2026-08-04T10:39:38Z</time>
      </trkpt>
      <trkpt lat="9.002896" lon="-79.579455">
        <time>2026-08-04T10:39:39Z</time>
      </trkpt>
      <trkpt lat="9.002902" lon="-79.579432">
        <time>2026-08-04T10:39:40Z</time>
      </trkpt>
      <trkpt lat="9.002906" lon="-79.579406">
        <time>2026-08-04T10:39:41Z</time>
      </trkpt>
      <trkpt lat="9.002911" lon="-79.579383">
        <time>2026-08-04T10:39:42Z</time>
      </trkpt>
      <trkpt lat="9.002916" lon="-79.579359">
        <time>2026-08-04T10:39:43Z</time>
      </trkpt>
      <trkpt lat="9.002920" lon="-79.579334">
        <time>2026-08-04T10:39:44Z</time>
      </trkpt>
      <trkpt lat="9.002926" lon="-79.579311">
        <time>2026-08-04T10:39:45Z</time>
      </trkpt>
      <trkpt lat="9.002928" lon="-79.579290">
        <time>2026-08-04T10:39:46Z</time>
      </trkpt>
      <trkpt lat="9.002932" lon="-79.579266">
        <time>2026-08-04T10:39:47Z</time>
      </trkpt>
      <trkpt lat="9.002938" lon="-79.579242">
        <time>2026-08-04T10:39:48Z</time>
      </trkpt>
      <trkpt lat="9.002944" lon="-79.579217">
        <time>2026-08-04T10:39:49Z</time>
      </trkpt>
      <trkpt lat="9.002948" lon="-79.579194">
        <time>2026-08-04T10:39:50Z</time>
      </trkpt>
      <trkpt lat="9.002953" lon="-79.579170">
        <time>2026-08-04T10:39:51Z</time>
      </trkpt>
      <trkpt lat="9.002957" lon="-79.579145">
        <time>2026-08-04T10:39:52Z</time>
      </trkpt>
      <trkpt lat="9.002963" lon="-79.579123">
        <time>2026-08-04T10:39:53Z</time>
      </trkpt>
      <trkpt lat="9.002967" lon="-79.579099">
        <time>2026-08-04T10:39:54Z</time>
      </trkpt>
      <trkpt lat="9.002969" lon="-79.579077">
        <time>2026-08-04T10:39:55Z</time>
      </trkpt>
      <trkpt lat="9.002970" lon="-79.579053">
        <time>2026-08-04T10:39:56Z</time>
      </trkpt>
      <trkpt lat="9.002973" lon="-79.579026">
        <time>2026-08-04T10:39:57Z</time>
      </trkpt>
      <trkpt lat="9.002980" lon="-79.579001">
        <time>2026-08-04T10:39:58Z</time>
      </trkpt>
      <trkpt lat="9.002981" lon="-79.578978">
        <time>2026-08-04T10:39:59Z</time>
      </trkpt>
      <trkpt lat="9.002982" lon="-79.578952">
        <time>2026-08-04T10:40:00Z</time>
      </trkpt>
      <trkpt lat="9.002983" lon="-79.578927">
        <time>2026-08-04T10:40:01Z</time>
      </trkpt>
      <trkpt lat="9.002981" lon="-79.578900">
        <time>2026-08-04T10:40:02Z</time>
      </trkpt>
      <trkpt lat="9.002980" lon="-79.578876">
        <time>2026-08-04T10:40:03Z</time>
      </trkpt>
      <trkpt lat="9.002979" lon="-79.578851">
        <time>2026-08-04T10:40:04Z</time>
      </trkpt>
      <trkpt lat="9.002978" lon="-79.578827">
        <time>2026-08-04T10:40:05Z</time>
      </trkpt>
      <trkpt lat="9.002977" lon="-79.578803">
        <time>2026-08-04T10:40:06Z</time>
      </trkpt>
      <trkpt lat="9.002972" lon="-79.578780">
        <time>2026-08-04T10:40:07Z</time>
      </trkpt>
      <trkpt lat="9.002969" lon="-79.578761">
        <time>2026-08-04T10:40:08Z</time>
      </trkpt>
      <trkpt lat="9.002963" lon="-79.578739">
        <time>2026-08-04T10:40:09Z</time>
      </trkpt>
      <trkpt lat="9.002957" lon="-79.578718">
        <time>2026-08-04T10:40:10Z</time>
      </trkpt>
      <trkpt lat="9.002952" lon="-79.578698">
        <time>2026-08-04T10:40:11Z</time>
      </trkpt>
      <trkpt lat="9.002950" lon="-79.578677">
        <time>2026-08-04T10:40:12Z</time>
      </trkpt>
      <trkpt lat="9.002943" lon="-79.578656">
        <time>2026-08-04T10:40:13Z</time>
      </trkpt>
      <trkpt lat="9.002939" lon="-79.578634">
        <time>2026-08-04T10:40:14Z</time>
      </trkpt>
      <trkpt lat="9.002936" lon="-79.578608">
        <time>2026-08-04T10:40:15Z</time>
      </trkpt>
      <trkpt lat="9.002934" lon="-79.578586">
        <time>2026-08-04T10:40:16Z</time>
      </trkpt>
      <trkpt lat="9.002932" lon="-79.578562">
        <time>2026-08-04T10:40:17Z</time>
      </trkpt>
      <trkpt lat="9.002929" lon="-79.578539">
        <time>2026-08-04T10:40:18Z</time>
      </trkpt>
      <trkpt lat="9.002924" lon="-79.578518">
        <time>2026-08-04T10:40:19Z</time>
      </trkpt>
      <trkpt lat="9.002920" lon="-79.578495">
        <time>2026-08-04T10:40:20Z</time>
      </trkpt>
      <trkpt lat="9.002916" lon="-79.578473">
        <time>2026-08-04T10:40:21Z</time>
      </trkpt>
      <trkpt lat="9.002912" lon="-79.578451">
        <time>2026-08-04T10:40:22Z</time>
      </trkpt>
      <trkpt lat="9.002907" lon="-79.578427">
        <time>2026-08-04T10:40:23Z</time>
      </trkpt>
      <trkpt lat="9.002903" lon="-79.578406">
        <time>2026-08-04T10:40:24Z</time>
      </trkpt>
      <trkpt lat="9.002900" lon="-79.578381">
        <time>2026-08-04T10:40:25Z</time>
      </trkpt>
      <trkpt lat="9.002886" lon="-79.578359">
        <time>2026-08-04T10:40:26Z</time>
      </trkpt>
      <trkpt lat="9.002882" lon="-79.578339">
        <time>2026-08-04T10:40:27Z</time>
      </trkpt>
      <trkpt lat="9.002876" lon="-79.578316">
        <time>2026-08-04T10:40:28Z</time>
      </trkpt>
      <trkpt lat="9.002870" lon="-79.578294">
        <time>2026-08-04T10:40:29Z</time>
      </trkpt>
      <trkpt lat="9.002865" lon="-79.578270">
        <time>2026-08-04T10:40:30Z</time>
      </trkpt>
      <trkpt lat="9.002859" lon="-79.578246">
        <time>2026-08-04T10:40:31Z</time>
      </trkpt>
      <trkpt lat="9.002852" lon="-79.578224">
        <time>2026-08-04T10:40:32Z</time>
      </trkpt>
      <trkpt lat="9.002847" lon="-79.578201">
        <time>2026-08-04T10:40:33Z</time>
      </trkpt>
      <trkpt lat="9.002839" lon="-79.578178">
        <time>2026-08-04T10:40:34Z</time>
      </trkpt>
      <trkpt lat="9.002831" lon="-79.578155">
        <time>2026-08-04T10:40:35Z</time>
      </trkpt>
      <trkpt lat="9.002821" lon="-79.578131">
        <time>2026-08-04T10:40:36Z</time>
      </trkpt>
      <trkpt lat="9.002810" lon="-79.578109">
        <time>2026-08-04T10:40:37Z</time>
      </trkpt>
      <trkpt lat="9.002798" lon="-79.578087">
        <time>2026-08-04T10:40:38Z</time>
      </trkpt>
      <trkpt lat="9.002787" lon="-79.578064">
        <time>2026-08-04T10:40:39Z</time>
      </trkpt>
      <trkpt lat="9.002777" lon="-79.578044">
        <time>2026-08-04T10:40:40Z</time>
      </trkpt>
      <trkpt lat="9.002766" lon="-79.578023">
        <time>2026-08-04T10:40:41Z</time>
      </trkpt>
      <trkpt lat="9.002753" lon="-79.578001">
        <time>2026-08-04T10:40:42Z</time>
      </trkpt>
      <trkpt lat="9.002739" lon="-79.577980">
        <time>2026-08-04T10:40:43Z</time>
      </trkpt>
      <trkpt lat="9.002720" lon="-79.577961">
        <time>2026-08-04T10:40:44Z</time>
      </trkpt>
      <trkpt lat="9.002702" lon="-79.577943">
        <time>2026-08-04T10:40:45Z</time>
      </trkpt>
      <trkpt lat="9.002684" lon="-79.577927">
        <time>2026-08-04T10:40:46Z</time>
      </trkpt>
      <trkpt lat="9.002664" lon="-79.577909">
        <time>2026-08-04T10:40:47Z</time>
      </trkpt>
      <trkpt lat="9.002646" lon="-79.577892">
        <time>2026-08-04T10:40:48Z</time>
      </trkpt>
      <trkpt lat="9.002629" lon="-79.577876">
        <time>2026-08-04T10:40:49Z</time>
      </trkpt>
      <trkpt lat="9.002610" lon="-79.577860">
        <time>2026-08-04T10:40:50Z</time>
      </trkpt>
      <trkpt lat="9.002592" lon="-79.577845">
        <time>2026-08-04T10:40:51Z</time>
      </trkpt>
      <trkpt lat="9.002574" lon="-79.577831">
        <time>2026-08-04T10:40:52Z</time>
      </trkpt>
      <trkpt lat="9.002559" lon="-79.577817">
        <time>2026-08-04T10:40:53Z</time>
      </trkpt>
      <trkpt lat="9.002541" lon="-79.577800">
        <time>2026-08-04T10:40:54Z</time>
      </trkpt>
      <trkpt lat="9.002523" lon="-79.577785">
        <time>2026-08-04T10:40:55Z</time>
      </trkpt>
      <trkpt lat="9.002505" lon="-79.577773">
        <time>2026-08-04T10:40:56Z</time>
      </trkpt>
      <trkpt lat="9.002487" lon="-79.577760">
        <time>2026-08-04T10:40:57Z</time>
      </trkpt>
      <trkpt lat="9.002468" lon="-79.577746">
        <time>2026-08-04T10:40:58Z</time>
      </trkpt>
      <trkpt lat="9.002449" lon="-79.577730">
        <time>2026-08-04T10:40:59Z</time>
      </trkpt>
      <trkpt lat="9.002432" lon="-79.577715">
        <time>2026-08-04T10:41:00Z</time>
      </trkpt>
      <trkpt lat="9.002418" lon="-79.577700">
        <time>2026-08-04T10:41:01Z</time>
      </trkpt>
      <trkpt lat="9.002404" lon="-79.577686">
        <time>2026-08-04T10:41:02Z</time>
      </trkpt>
      <trkpt lat="9.002387" lon="-79.577673">
        <time>2026-08-04T10:41:03Z</time>
      </trkpt>
      <trkpt lat="9.002366" lon="-79.577658">
        <time>2026-08-04T10:41:04Z</time>
      </trkpt>
      <trkpt lat="9.002345" lon="-79.577643">
        <time>2026-08-04T10:41:05Z</time>
      </trkpt>
      <trkpt lat="9.002326" lon="-79.577627">
        <time>2026-08-04T10:41:06Z</time>
      </trkpt>
      <trkpt lat="9.002305" lon="-79.577611">
        <time>2026-08-04T10:41:07Z</time>
      </trkpt>
      <trkpt lat="9.002284" lon="-79.577598">
        <time>2026-08-04T10:41:08Z</time>
      </trkpt>
      <trkpt lat="9.002267" lon="-79.577583">
        <time>2026-08-04T10:41:09Z</time>
      </trkpt>
      <trkpt lat="9.002247" lon="-79.577570">
        <time>2026-08-04T10:41:10Z</time>
      </trkpt>
      <trkpt lat="9.002228" lon="-79.577556">
        <time>2026-08-04T10:41:11Z</time>
      </trkpt>
      <trkpt lat="9.002209" lon="-79.577541">
        <time>2026-08-04T10:41:12Z</time>
      </trkpt>
      <trkpt lat="9.002188" lon="-79.577526">
        <time>2026-08-04T10:41:13Z</time>
      </trkpt>
      <trkpt lat="9.002171" lon="-79.577510">
        <time>2026-08-04T10:41:14Z</time>
      </trkpt>
      <trkpt lat="9.002151" lon="-79.577496">
        <time>2026-08-04T10:41:15Z</time>
      </trkpt>
      <trkpt lat="9.002129" lon="-79.577483">
        <time>2026-08-04T10:41:16Z</time>
      </trkpt>
      <trkpt lat="9.002110" lon="-79.577472">
        <time>2026-08-04T10:41:17Z</time>
      </trkpt>
      <trkpt lat="9.002089" lon="-79.577457">
        <time>2026-08-04T10:41:18Z</time>
      </trkpt>
      <trkpt lat="9.002070" lon="-79.577444">
        <time>2026-08-04T10:41:19Z</time>
      </trkpt>
      <trkpt lat="9.002050" lon="-79.577431">
        <time>2026-08-04T10:41:20Z</time>
      </trkpt>
      <trkpt lat="9.002030" lon="-79.577416">
        <time>2026-08-04T10:41:21Z</time>
      </trkpt>
      <trkpt lat="9.002010" lon="-79.577403">
        <time>2026-08-04T10:41:22Z</time>
      </trkpt>
      <trkpt lat="9.001988" lon="-79.577392">
        <time>2026-08-04T10:41:23Z</time>
      </trkpt>
      <trkpt lat="9.001965" lon="-79.577379">
        <time>2026-08-04T10:41:24Z</time>
      </trkpt>
      <trkpt lat="9.001945" lon="-79.577368">
        <time>2026-08-04T10:41:25Z</time>
      </trkpt>
      <trkpt lat="9.001925" lon="-79.577356">
        <time>2026-08-04T10:41:26Z</time>
      </trkpt>
      <trkpt lat="9.001906" lon="-79.577344">
        <time>2026-08-04T10:41:27Z</time>
      </trkpt>
      <trkpt lat="9.001885" lon="-79.577330">
        <time>2026-08-04T10:41:28Z</time>
      </trkpt>
      <trkpt lat="9.001864" lon="-79.577316">
        <time>2026-08-04T10:41:29Z</time>
      </trkpt>
      <trkpt lat="9.001846" lon="-79.577309">
        <time>2026-08-04T10:41:30Z</time>
      </trkpt>
      <trkpt lat="9.001824" lon="-79.577297">
        <time>2026-08-04T10:41:31Z</time>
      </trkpt>
      <trkpt lat="9.001805" lon="-79.577284">
        <time>2026-08-04T10:41:32Z</time>
      </trkpt>
      <trkpt lat="9.001784" lon="-79.577272">
        <time>2026-08-04T10:41:33Z</time>
      </trkpt>
      <trkpt lat="9.001763" lon="-79.577260">
        <time>2026-08-04T10:41:34Z</time>
      </trkpt>
      <trkpt lat="9.001743" lon="-79.577248">
        <time>2026-08-04T10:41:35Z</time>
      </trkpt>
      <trkpt lat="9.001720" lon="-79.577237">
        <time>2026-08-04T10:41:36Z</time>
      </trkpt>
      <trkpt lat="9.001699" lon="-79.577225">
        <time>2026-08-04T10:41:37Z</time>
      </trkpt>
      <trkpt lat="9.001681" lon="-79.577212">
        <time>2026-08-04T10:41:38Z</time>
      </trkpt>
      <trkpt lat="9.001662" lon="-79.577199">
        <time>2026-08-04T10:41:39Z</time>
      </trkpt>
      <trkpt lat="9.001644" lon="-79.577184">
        <time>2026-08-04T10:41:40Z</time>
      </trkpt>
      <trkpt lat="9.001623" lon="-79.577170">
        <time>2026-08-04T10:41:41Z</time>
      </trkpt>
      <trkpt lat="9.001602" lon="-79.577156">
        <time>2026-08-04T10:41:42Z</time>
      </trkpt>
      <trkpt lat="9.001583" lon="-79.577141">
        <time>2026-08-04T10:41:43Z</time>
      </trkpt>
      <trkpt lat="9.001564" lon="-79.577127">
        <time>2026-08-04T10:41:44Z</time>
      </trkpt>
      <trkpt lat="9.001545" lon="-79.577115">
        <time>2026-08-04T10:41:45Z</time>
      </trkpt>
      <trkpt lat="9.001525" lon="-79.577103">
        <time>2026-08-04T10:41:46Z</time>
      </trkpt>
      <trkpt lat="9.001502" lon="-79.577091">
        <time>2026-08-04T10:41:47Z</time>
      </trkpt>
      <trkpt lat="9.001479" lon="-79.577078">
        <time>2026-08-04T10:41:48Z</time>
      </trkpt>
      <trkpt lat="9.001456" lon="-79.577065">
        <time>2026-08-04T10:41:49Z</time>
      </trkpt>
      <trkpt lat="9.001435" lon="-79.577056">
        <time>2026-08-04T10:41:50Z</time>
      </trkpt>
      <trkpt lat="9.001413" lon="-79.577048">
        <time>2026-08-04T10:41:51Z</time>
      </trkpt>
      <trkpt lat="9.001391" lon="-79.577037">
        <time>2026-08-04T10:41:52Z</time>
      </trkpt>
      <trkpt lat="9.001366" lon="-79.577024">
        <time>2026-08-04T10:41:53Z</time>
      </trkpt>
      <trkpt lat="9.001338" lon="-79.577015">
        <time>2026-08-04T10:41:54Z</time>
      </trkpt>
      <trkpt lat="9.001315" lon="-79.577007">
        <time>2026-08-04T10:41:55Z</time>
      </trkpt>
      <trkpt lat="9.001291" lon="-79.576997">
        <time>2026-08-04T10:41:56Z</time>
      </trkpt>
      <trkpt lat="9.001268" lon="-79.576992">
        <time>2026-08-04T10:41:57Z</time>
      </trkpt>
      <trkpt lat="9.001246" lon="-79.576983">
        <time>2026-08-04T10:41:58Z</time>
      </trkpt>
      <trkpt lat="9.001221" lon="-79.576979">
        <time>2026-08-04T10:41:59Z</time>
      </trkpt>
      <trkpt lat="9.001198" lon="-79.576973">
        <time>2026-08-04T10:42:00Z</time>
      </trkpt>
      <trkpt lat="9.001176" lon="-79.576968">
        <time>2026-08-04T10:42:01Z</time>
      </trkpt>
      <trkpt lat="9.001151" lon="-79.576962">
        <time>2026-08-04T10:42:02Z</time>
      </trkpt>
      <trkpt lat="9.001127" lon="-79.576955">
        <time>2026-08-04T10:42:03Z</time>
      </trkpt>
      <trkpt lat="9.001103" lon="-79.576951">
        <time>2026-08-04T10:42:04Z</time>
      </trkpt>
      <trkpt lat="9.001079" lon="-79.576947">
        <time>2026-08-04T10:42:05Z</time>
      </trkpt>
      <trkpt lat="9.001053" lon="-79.576943">
        <time>2026-08-04T10:42:06Z</time>
      </trkpt>
      <trkpt lat="9.001025" lon="-79.576943">
        <time>2026-08-04T10:42:07Z</time>
      </trkpt>
      <trkpt lat="9.001004" lon="-79.576938">
        <time>2026-08-04T10:42:08Z</time>
      </trkpt>
      <trkpt lat="9.000981" lon="-79.576934">
        <time>2026-08-04T10:42:09Z</time>
      </trkpt>
      <trkpt lat="9.000957" lon="-79.576931">
        <time>2026-08-04T10:42:10Z</time>
      </trkpt>
      <trkpt lat="9.000938" lon="-79.576928">
        <time>2026-08-04T10:42:11Z</time>
      </trkpt>
      <trkpt lat="9.000914" lon="-79.576926">
        <time>2026-08-04T10:42:12Z</time>
      </trkpt>
      <trkpt lat="9.000891" lon="-79.576925">
        <time>2026-08-04T10:42:13Z</time>
      </trkpt>
      <trkpt lat="9.000869" lon="-79.576924">
        <time>2026-08-04T10:42:14Z</time>
      </trkpt>
      <trkpt lat="9.000846" lon="-79.576921">
        <time>2026-08-04T10:42:15Z</time>
      </trkpt>
      <trkpt lat="9.000818" lon="-79.576920">
        <time>2026-08-04T10:42:16Z</time>
      </trkpt>
      <trkpt lat="9.000795" lon="-79.576917">
        <time>2026-08-04T10:42:17Z</time>
      </trkpt>
      <trkpt lat="9.000770" lon="-79.576917">
        <time>2026-08-04T10:42:18Z</time>
      </trkpt>
      <trkpt lat="9.000744" lon="-79.576916">
        <time>2026-08-04T10:42:19Z</time>
      </trkpt>
      <trkpt lat="9.000717" lon="-79.576915">
        <time>2026-08-04T10:42:20Z</time>
      </trkpt>
      <trkpt lat="9.000693" lon="-79.576915">
        <time>2026-08-04T10:42:21Z</time>
      </trkpt>
      <trkpt lat="9.000668" lon="-79.576913">
        <time>2026-08-04T10:42:22Z</time>
      </trkpt>
      <trkpt lat="9.000644" lon="-79.576916">
        <time>2026-08-04T10:42:23Z</time>
      </trkpt>
      <trkpt lat="9.000621" lon="-79.576921">
        <time>2026-08-04T10:42:24Z</time>
      </trkpt>
      <trkpt lat="9.000598" lon="-79.576924">
        <time>2026-08-04T10:42:25Z</time>
      </trkpt>
      <trkpt lat="9.000574" lon="-79.576931">
        <time>2026-08-04T10:42:26Z</time>
      </trkpt>
      <trkpt lat="9.000549" lon="-79.576939">
        <time>2026-08-04T10:42:27Z</time>
      </trkpt>
      <trkpt lat="9.000524" lon="-79.576944">
        <time>2026-08-04T10:42:28Z</time>
      </trkpt>
      <trkpt lat="9.000498" lon="-79.576954">
        <time>2026-08-04T10:42:29Z</time>
      </trkpt>
      <trkpt lat="9.000476" lon="-79.576963">
        <time>2026-08-04T10:42:30Z</time>
      </trkpt>
      <trkpt lat="9.000454" lon="-79.576971">
        <time>2026-08-04T10:42:31Z</time>
      </trkpt>
      <trkpt lat="9.000427" lon="-79.576979">
        <time>2026-08-04T10:42:32Z</time>
      </trkpt>
      <trkpt lat="9.000406" lon="-79.576988">
        <time>2026-08-04T10:42:33Z</time>
      </trkpt>
      <trkpt lat="9.000386" lon="-79.576996">
        <time>2026-08-04T10:42:34Z</time>
      </trkpt>
      <trkpt lat="9.000365" lon="-79.577003">
        <time>2026-08-04T10:42:35Z</time>
      </trkpt>
      <trkpt lat="9.000343" lon="-79.577012">
        <time>2026-08-04T10:42:36Z</time>
      </trkpt>
      <trkpt lat="9.000323" lon="-79.577021">
        <time>2026-08-04T10:42:37Z</time>
      </trkpt>
      <trkpt lat="9.000301" lon="-79.577031">
        <time>2026-08-04T10:42:38Z</time>
      </trkpt>
      <trkpt lat="9.000279" lon="-79.577041">
        <time>2026-08-04T10:42:39Z</time>
      </trkpt>
      <trkpt lat="9.000255" lon="-79.577051">
        <time>2026-08-04T10:42:40Z</time>
      </trkpt>
      <trkpt lat="9.000234" lon="-79.577062">
        <time>2026-08-04T10:42:41Z</time>
      </trkpt>
      <trkpt lat="9.000214" lon="-79.577073">
        <time>2026-08-04T10:42:42Z</time>
      </trkpt>
      <trkpt lat="9.000193" lon="-79.577082">
        <time>2026-08-04T10:42:43Z</time>
      </trkpt>
      <trkpt lat="9.000172" lon="-79.577092">
        <time>2026-08-04T10:42:44Z</time>
      </trkpt>
      <trkpt lat="9.000151" lon="-79.577102">
        <time>2026-08-04T10:42:45Z</time>
      </trkpt>
      <trkpt lat="9.000133" lon="-79.577111">
        <time>2026-08-04T10:42:46Z</time>
      </trkpt>
      <trkpt lat="9.000114" lon="-79.577122">
        <time>2026-08-04T10:42:47Z</time>
      </trkpt>
      <trkpt lat="9.000095" lon="-79.577136">
        <time>2026-08-04T10:42:48Z</time>
      </trkpt>
      <trkpt lat="9.000077" lon="-79.577151">
        <time>2026-08-04T10:42:49Z</time>
      </trkpt>
      <trkpt lat="9.000060" lon="-79.577163">
        <time>2026-08-04T10:42:50Z</time>
      </trkpt>
      <trkpt lat="9.000040" lon="-79.577178">
        <time>2026-08-04T10:42:51Z</time>
      </trkpt>
      <trkpt lat="9.000020" lon="-79.577193">
        <time>2026-08-04T10:42:52Z</time>
      </trkpt>
      <trkpt lat="9.000000" lon="-79.577208">
        <time>2026-08-04T10:42:53Z</time>
      </trkpt>
      <trkpt lat="8.999980" lon="-79.577221">
        <time>2026-08-04T10:42:54Z</time>
      </trkpt>
      <trkpt lat="8.999959" lon="-79.577234">
        <time>2026-08-04T10:42:55Z</time>
      </trkpt>
      <trkpt lat="8.999939" lon="-79.577247">
        <time>2026-08-04T10:42:56Z</time>
      </trkpt>
      <trkpt lat="8.999922" lon="-79.577260">
        <time>2026-08-04T10:42:57Z</time>
      </trkpt>
      <trkpt lat="8.999904" lon="-79.577275">
        <time>2026-08-04T10:42:58Z</time>
      </trkpt>
      <trkpt lat="8.999886" lon="-79.577291">
        <time>2026-08-04T10:42:59Z</time>
      </trkpt>
      <trkpt lat="8.999869" lon="-79.577302">
        <time>2026-08-04T10:43:00Z</time>
      </trkpt>
      <trkpt lat="8.999851" lon="-79.577317">
        <time>2026-08-04T10:43:01Z</time>
      </trkpt>
      <trkpt lat="8.999836" lon="-79.577334">
        <time>2026-08-04T10:43:02Z</time>
      </trkpt>
      <trkpt lat="8.999819" lon="-79.577350">
        <time>2026-08-04T10:43:03Z</time>
      </trkpt>
      <trkpt lat="8.999800" lon="-79.577371">
        <time>2026-08-04T10:43:04Z</time>
      </trkpt>
      <trkpt lat="8.999781" lon="-79.577386">
        <time>2026-08-04T10:43:05Z</time>
      </trkpt>
      <trkpt lat="8.999762" lon="-79.577401">
        <time>2026-08-04T10:43:06Z</time>
      </trkpt>
      <trkpt lat="8.999742" lon="-79.577418">
        <time>2026-08-04T10:43:07Z</time>
      </trkpt>
      <trkpt lat="8.999722" lon="-79.577434">
        <time>2026-08-04T10:43:08Z</time>
      </trkpt>
      <trkpt lat="8.999704" lon="-79.577448">
        <time>2026-08-04T10:43:09Z</time>
      </trkpt>
      <trkpt lat="8.999684" lon="-79.577463">
        <time>2026-08-04T10:43:10Z</time>
      </trkpt>
      <trkpt lat="8.999664" lon="-79.577477">
        <time>2026-08-04T10:43:11Z</time>
      </trkpt>
      <trkpt lat="8.999647" lon="-79.577491">
        <time>2026-08-04T10:43:12Z</time>
      </trkpt>
      <trkpt lat="8.999631" lon="-79.577504">
        <time>2026-08-04T10:43:13Z</time>
      </trkpt>
      <trkpt lat="8.999615" lon="-79.577519">
        <time>2026-08-04T10:43:14Z</time>
      </trkpt>
      <trkpt lat="8.999597" lon="-79.577535">
        <time>2026-08-04T10:43:15Z</time>
      </trkpt>
      <trkpt lat="8.999580" lon="-79.577547">
        <time>2026-08-04T10:43:16Z</time>
      </trkpt>
      <trkpt lat="8.999563" lon="-79.577559">
        <time>2026-08-04T10:43:17Z</time>
      </trkpt>
      <trkpt lat="8.999544" lon="-79.577573">
        <time>2026-08-04T10:43:18Z</time>
      </trkpt>
      <trkpt lat="8.999526" lon="-79.577591">
        <time>2026-08-04T10:43:19Z</time>
      </trkpt>
      <trkpt lat="8.999505" lon="-79.577603">
        <time>2026-08-04T10:43:20Z</time>
      </trkpt>
      <trkpt lat="8.999487" lon="-79.577615">
        <time>2026-08-04T10:43:21Z</time>
      </trkpt>
      <trkpt lat="8.999469" lon="-79.577630">
        <time>2026-08-04T10:43:22Z</time>
      </trkpt>
      <trkpt lat="8.999450" lon="-79.577644">
        <time>2026-08-04T10:43:23Z</time>
      </trkpt>
      <trkpt lat="8.999432" lon="-79.577656">
        <time>2026-08-04T10:43:24Z</time>
      </trkpt>
      <trkpt lat="8.999412" lon="-79.577671">
        <time>2026-08-04T10:43:25Z</time>
      </trkpt>
      <trkpt lat="8.999394" lon="-79.577686">
        <time>2026-08-04T10:43:26Z</time>
      </trkpt>
      <trkpt lat="8.999378" lon="-79.577698">
        <time>2026-08-04T10:43:27Z</time>
      </trkpt>
      <trkpt lat="8.999360" lon="-79.577712">
        <time>2026-08-04T10:43:28Z</time>
      </trkpt>
      <trkpt lat="8.999343" lon="-79.577724">
        <time>2026-08-04T10:43:29Z</time>
      </trkpt>
      <trkpt lat="8.999324" lon="-79.577737">
        <time>2026-08-04T10:43:30Z</time>
      </trkpt>
      <trkpt lat="8.999304" lon="-79.577750">
        <time>2026-08-04T10:43:31Z</time>
      </trkpt>
      <trkpt lat="8.999287" lon="-79.577764">
        <time>2026-08-04T10:43:32Z</time>
      </trkpt>
      <trkpt lat="8.999268" lon="-79.577778">
        <time>2026-08-04T10:43:33Z</time>
      </trkpt>
      <trkpt lat="8.999251" lon="-79.577789">
        <time>2026-08-04T10:43:34Z</time>
      </trkpt>
      <trkpt lat="8.999233" lon="-79.577800">
        <time>2026-08-04T10:43:35Z</time>
      </trkpt>
      <trkpt lat="8.999213" lon="-79.577814">
        <time>2026-08-04T10:43:36Z</time>
      </trkpt>
      <trkpt lat="8.999194" lon="-79.577827">
        <time>2026-08-04T10:43:37Z</time>
      </trkpt>
      <trkpt lat="8.999175" lon="-79.577841">
        <time>2026-08-04T10:43:38Z</time>
      </trkpt>
      <trkpt lat="8.999157" lon="-79.577855">
        <time>2026-08-04T10:43:39Z</time>
      </trkpt>
      <trkpt lat="8.999140" lon="-79.577868">
        <time>2026-08-04T10:43:40Z</time>
      </trkpt>
      <trkpt lat="8.999121" lon="-79.577882">
        <time>2026-08-04T10:43:41Z</time>
      </trkpt>
      <trkpt lat="8.999105" lon="-79.577896">
        <time>2026-08-04T10:43:42Z</time>
      </trkpt>
      <trkpt lat="8.999086" lon="-79.577912">
        <time>2026-08-04T10:43:43Z</time>
      </trkpt>
      <trkpt lat="8.999065" lon="-79.577927">
        <time>2026-08-04T10:43:44Z</time>
      </trkpt>
      <trkpt lat="8.999046" lon="-79.577940">
        <time>2026-08-04T10:43:45Z</time>
      </trkpt>
      <trkpt lat="8.999027" lon="-79.577953">
        <time>2026-08-04T10:43:46Z</time>
      </trkpt>
      <trkpt lat="8.999006" lon="-79.577966">
        <time>2026-08-04T10:43:47Z</time>
      </trkpt>
      <trkpt lat="8.998987" lon="-79.577980">
        <time>2026-08-04T10:43:48Z</time>
      </trkpt>
      <trkpt lat="8.998966" lon="-79.577996">
        <time>2026-08-04T10:43:49Z</time>
      </trkpt>
      <trkpt lat="8.998948" lon="-79.578009">
        <time>2026-08-04T10:43:50Z</time>
      </trkpt>
      <trkpt lat="8.998927" lon="-79.578024">
        <time>2026-08-04T10:43:51Z</time>
      </trkpt>
      <trkpt lat="8.998909" lon="-79.578037">
        <time>2026-08-04T10:43:52Z</time>
      </trkpt>
      <trkpt lat="8.998892" lon="-79.578049">
        <time>2026-08-04T10:43:53Z</time>
      </trkpt>
      <trkpt lat="8.998874" lon="-79.578064">
        <time>2026-08-04T10:43:54Z</time>
      </trkpt>
      <trkpt lat="8.998855" lon="-79.578077">
        <time>2026-08-04T10:43:55Z</time>
      </trkpt>
      <trkpt lat="8.998838" lon="-79.578092">
        <time>2026-08-04T10:43:56Z</time>
      </trkpt>
      <trkpt lat="8.998820" lon="-79.578107">
        <time>2026-08-04T10:43:57Z</time>
      </trkpt>
      <trkpt lat="8.998803" lon="-79.578119">
        <time>2026-08-04T10:43:58Z</time>
      </trkpt>
      <trkpt lat="8.998788" lon="-79.578131">
        <time>2026-08-04T10:43:59Z</time>
      </trkpt>
      <trkpt lat="8.998769" lon="-79.578143">
        <time>2026-08-04T10:44:00Z</time>
      </trkpt>
      <trkpt lat="8.998749" lon="-79.578155">
        <time>2026-08-04T10:44:01Z</time>
      </trkpt>
      <trkpt lat="8.998729" lon="-79.578171">
        <time>2026-08-04T10:44:02Z</time>
      </trkpt>
      <trkpt lat="8.998711" lon="-79.578185">
        <time>2026-08-04T10:44:03Z</time>
      </trkpt>
      <trkpt lat="8.998692" lon="-79.578201">
        <time>2026-08-04T10:44:04Z</time>
      </trkpt>
      <trkpt lat="8.998673" lon="-79.578216">
        <time>2026-08-04T10:44:05Z</time>
      </trkpt>
      <trkpt lat="8.998654" lon="-79.578230">
        <time>2026-08-04T10:44:06Z</time>
      </trkpt>
      <trkpt lat="8.998634" lon="-79.578244">
        <time>2026-08-04T10:44:07Z</time>
      </trkpt>
      <trkpt lat="8.998615" lon="-79.578259">
        <time>2026-08-04T10:44:08Z</time>
      </trkpt>
      <trkpt lat="8.998597" lon="-79.578273">
        <time>2026-08-04T10:44:09Z</time>
      </trkpt>
      <trkpt lat="8.998576" lon="-79.578287">
        <time>2026-08-04T10:44:10Z</time>
      </trkpt>
      <trkpt lat="8.998556" lon="-79.578300">
        <time>2026-08-04T10:44:11Z</time>
      </trkpt>
      <trkpt lat="8.998534" lon="-79.578312">
        <time>2026-08-04T10:44:12Z</time>
      </trkpt>
      <trkpt lat="8.998514" lon="-79.578322">
        <time>2026-08-04T10:44:13Z</time>
      </trkpt>
      <trkpt lat="8.998495" lon="-79.578331">
        <time>2026-08-04T10:44:14Z</time>
      </trkpt>
      <trkpt lat="8.998474" lon="-79.578342">
        <time>2026-08-04T10:44:15Z</time>
      </trkpt>
      <trkpt lat="8.998452" lon="-79.578350">
        <time>2026-08-04T10:44:16Z</time>
      </trkpt>
      <trkpt lat="8.998428" lon="-79.578358">
        <time>2026-08-04T10:44:17Z</time>
      </trkpt>
      <trkpt lat="8.998404" lon="-79.578366">
        <time>2026-08-04T10:44:18Z</time>
      </trkpt>
      <trkpt lat="8.998382" lon="-79.578374">
        <time>2026-08-04T10:44:19Z</time>
      </trkpt>
      <trkpt lat="8.998360" lon="-79.578381">
        <time>2026-08-04T10:44:20Z</time>
      </trkpt>
      <trkpt lat="8.998338" lon="-79.578386">
        <time>2026-08-04T10:44:21Z</time>
      </trkpt>
      <trkpt lat="8.998312" lon="-79.578394">
        <time>2026-08-04T10:44:22Z</time>
      </trkpt>
      <trkpt lat="8.998290" lon="-79.578399">
        <time>2026-08-04T10:44:23Z</time>
      </trkpt>
      <trkpt lat="8.998267" lon="-79.578403">
        <time>2026-08-04T10:44:24Z</time>
      </trkpt>
      <trkpt lat="8.998241" lon="-79.578410">
        <time>2026-08-04T10:44:25Z</time>
      </trkpt>
      <trkpt lat="8.998216" lon="-79.578415">
        <time>2026-08-04T10:44:26Z</time>
      </trkpt>
      <trkpt lat="8.998191" lon="-79.578418">
        <time>2026-08-04T10:44:27Z</time>
      </trkpt>
      <trkpt lat="8.998166" lon="-79.578421">
        <time>2026-08-04T10:44:28Z</time>
      </trkpt>
      <trkpt lat="8.998142" lon="-79.578424">
        <time>2026-08-04T10:44:29Z</time>
      </trkpt>
      <trkpt lat="8.998116" lon="-79.578426">
        <time>2026-08-04T10:44:30Z</time>
      </trkpt>
      <trkpt lat="8.998089" lon="-79.578427">
        <time>2026-08-04T10:44:31Z</time>
      </trkpt>
      <trkpt lat="8.998066" lon="-79.578428">
        <time>2026-08-04T10:44:32Z</time>
      </trkpt>
      <trkpt lat="8.998039" lon="-79.578431">
        <time>2026-08-04T10:44:33Z</time>
      </trkpt>
      <trkpt lat="8.998013" lon="-79.578435">
        <time>2026-08-04T10:44:34Z</time>
      </trkpt>
      <trkpt lat="8.997990" lon="-79.578441">
        <time>2026-08-04T10:44:35Z</time>
      </trkpt>
      <trkpt lat="8.997965" lon="-79.578447">
        <time>2026-08-04T10:44:36Z</time>
      </trkpt>
      <trkpt lat="8.997943" lon="-79.578460">
        <time>2026-08-04T10:44:37Z</time>
      </trkpt>
      <trkpt lat="8.997923" lon="-79.578476">
        <time>2026-08-04T10:44:38Z</time>
      </trkpt>
      <trkpt lat="8.997908" lon="-79.578497">
        <time>2026-08-04T10:44:39Z</time>
      </trkpt>
      <trkpt lat="8.997895" lon="-79.578521">
        <time>2026-08-04T10:44:40Z</time>
      </trkpt>
      <trkpt lat="8.997890" lon="-79.578549">
        <time>2026-08-04T10:44:41Z</time>
      </trkpt>
      <trkpt lat="8.997887" lon="-79.578577">
        <time>2026-08-04T10:44:42Z</time>
      </trkpt>
      <trkpt lat="8.997886" lon="-79.578606">
        <time>2026-08-04T10:44:43Z</time>
      </trkpt>
      <trkpt lat="8.997887" lon="-79.578633">
        <time>2026-08-04T10:44:44Z</time>
      </trkpt>
      <trkpt lat="8.997886" lon="-79.578660">
        <time>2026-08-04T10:44:45Z</time>
      </trkpt>
      <trkpt lat="8.997888" lon="-79.578692">
        <time>2026-08-04T10:44:46Z</time>
      </trkpt>
      <trkpt lat="8.997890" lon="-79.578722">
        <time>2026-08-04T10:44:47Z</time>
      </trkpt>
      <trkpt lat="8.997892" lon="-79.578748">
        <time>2026-08-04T10:44:48Z</time>
      </trkpt>
      <trkpt lat="8.997898" lon="-79.578780">
        <time>2026-08-04T10:44:49Z</time>
      </trkpt>
      <trkpt lat="8.997894" lon="-79.578808">
        <time>2026-08-04T10:44:50Z</time>
      </trkpt>
      <trkpt lat="8.997897" lon="-79.578834">
        <time>2026-08-04T10:44:51Z</time>
      </trkpt>
      <trkpt lat="8.997901" lon="-79.578860">
        <time>2026-08-04T10:44:52Z</time>
      </trkpt>
      <trkpt lat="8.997908" lon="-79.578882">
        <time>2026-08-04T10:44:53Z</time>
      </trkpt>
      <trkpt lat="8.997916" lon="-79.578908">
        <time>2026-08-04T10:44:54Z</time>
      </trkpt>
      <trkpt lat="8.997922" lon="-79.578932">
        <time>2026-08-04T10:44:55Z</time>
      </trkpt>
      <trkpt lat="8.997927" lon="-79.578956">
        <time>2026-08-04T10:44:56Z</time>
      </trkpt>
      <trkpt lat="8.997933" lon="-79.578981">
        <time>2026-08-04T10:44:57Z</time>
      </trkpt>
      <trkpt lat="8.997941" lon="-79.579006">
        <time>2026-08-04T10:44:58Z</time>
      </trkpt>
      <trkpt lat="8.997948" lon="-79.579027">
        <time>2026-08-04T10:44:59Z</time>
      </trkpt>
      <trkpt lat="8.997956" lon="-79.579049">
        <time>2026-08-04T10:45:00Z</time>
      </trkpt>
      <trkpt lat="8.997966" lon="-79.579071">
        <time>2026-08-04T10:45:01Z</time>
      </trkpt>
      <trkpt lat="8.997974" lon="-79.579092">
        <time>2026-08-04T10:45:02Z</time>
      </trkpt>
      <trkpt lat="8.997983" lon="-79.579110">
        <time>2026-08-04T10:45:03Z</time>
      </trkpt>
      <trkpt lat="8.997994" lon="-79.579128">
        <time>2026-08-04T10:45:04Z</time>
      </trkpt>
      <trkpt lat="8.998006" lon="-79.579147">
        <time>2026-08-04T10:45:05Z</time>
      </trkpt>
      <trkpt lat="8.998016" lon="-79.579165">
        <time>2026-08-04T10:45:06Z</time>
      </trkpt>
      <trkpt lat="8.998028" lon="-79.579187">
        <time>2026-08-04T10:45:07Z</time>
      </trkpt>
      <trkpt lat="8.998041" lon="-79.579209">
        <time>2026-08-04T10:45:08Z</time>
      </trkpt>
      <trkpt lat="8.998053" lon="-79.579228">
        <time>2026-08-04T10:45:09Z</time>
      </trkpt>
      <trkpt lat="8.998068" lon="-79.579250">
        <time>2026-08-04T10:45:10Z</time>
      </trkpt>
      <trkpt lat="8.998082" lon="-79.579271">
        <time>2026-08-04T10:45:11Z</time>
      </trkpt>
      <trkpt lat="8.998096" lon="-79.579290">
        <time>2026-08-04T10:45:12Z</time>
      </trkpt>
      <trkpt lat="8.998111" lon="-79.579311">
        <time>2026-08-04T10:45:13Z</time>
      </trkpt>
      <trkpt lat="8.998123" lon="-79.579333">
        <time>2026-08-04T10:45:14Z</time>
      </trkpt>
      <trkpt lat="8.998140" lon="-79.579355">
        <time>2026-08-04T10:45:15Z</time>
      </trkpt>
      <trkpt lat="8.998156" lon="-79.579376">
        <time>2026-08-04T10:45:16Z</time>
      </trkpt>
      <trkpt lat="8.998172" lon="-79.579397">
        <time>2026-08-04T10:45:17Z</time>
      </trkpt>
      <trkpt lat="8.998191" lon="-79.579417">
        <time>2026-08-04T10:45:18Z</time>
      </trkpt>
      <trkpt lat="8.998206" lon="-79.579437">
        <time>2026-08-04T10:45:19Z</time>
      </trkpt>
      <trkpt lat="8.998220" lon="-79.579460">
        <time>2026-08-04T10:45:20Z</time>
      </trkpt>
      <trkpt lat="8.998238" lon="-79.579478">
        <time>2026-08-04T10:45:21Z</time>
      </trkpt>
      <trkpt lat="8.998256" lon="-79.579499">
        <time>2026-08-04T10:45:22Z</time>
      </trkpt>
      <trkpt lat="8.998275" lon="-79.579522">
        <time>2026-08-04T10:45:23Z</time>
      </trkpt>
      <trkpt lat="8.998293" lon="-79.579541">
        <time>2026-08-04T10:45:24Z</time>
      </trkpt>
      <trkpt lat="8.998316" lon="-79.579554">
        <time>2026-08-04T10:45:25Z</time>
      </trkpt>
      <trkpt lat="8.998340" lon="-79.579566">
        <time>2026-08-04T10:45:26Z</time>
      </trkpt>
      <trkpt lat="8.998368" lon="-79.579571">
        <time>2026-08-04T10:45:27Z</time>
      </trkpt>
      <trkpt lat="8.998393" lon="-79.579571">
        <time>2026-08-04T10:45:28Z</time>
      </trkpt>
      <trkpt lat="8.998415" lon="-79.579570">
        <time>2026-08-04T10:45:29Z</time>
      </trkpt>
      <trkpt lat="8.998441" lon="-79.579566">
        <time>2026-08-04T10:45:30Z</time>
      </trkpt>
      <trkpt lat="8.998464" lon="-79.579557">
        <time>2026-08-04T10:45:31Z</time>
      </trkpt>
      <trkpt lat="8.998488" lon="-79.579548">
        <time>2026-08-04T10:45:32Z</time>
      </trkpt>
      <trkpt lat="8.998513" lon="-79.579535">
        <time>2026-08-04T10:45:33Z</time>
      </trkpt>
      <trkpt lat="8.998534" lon="-79.579523">
        <time>2026-08-04T10:45:34Z</time>
      </trkpt>
      <trkpt lat="8.998555" lon="-79.579505">
        <time>2026-08-04T10:45:35Z</time>
      </trkpt>
      <trkpt lat="8.998575" lon="-79.579484">
        <time>2026-08-04T10:45:36Z</time>
      </trkpt>
      <trkpt lat="8.998593" lon="-79.579463">
        <time>2026-08-04T10:45:37Z</time>
      </trkpt>
      <trkpt lat="8.998609" lon="-79.579441">
        <time>2026-08-04T10:45:38Z</time>
      </trkpt>
      <trkpt lat="8.998622" lon="-79.579418">
        <time>2026-08-04T10:45:39Z</time>
      </trkpt>
      <trkpt lat="8.998633" lon="-79.579395">
        <time>2026-08-04T10:45:40Z</time>
      </trkpt>
      <trkpt lat="8.998643" lon="-79.579372">
        <time>2026-08-04T10:45:41Z</time>
      </trkpt>
      <trkpt lat="8.998653" lon="-79.579349">
        <time>2026-08-04T10:45:42Z</time>
      </trkpt>
      <trkpt lat="8.998664" lon="-79.579326">
        <time>2026-08-04T10:45:43Z</time>
      </trkpt>
      <trkpt lat="8.998679" lon="-79.579308">
        <time>2026-08-04T10:45:44Z</time>
      </trkpt>
      <trkpt lat="8.998699" lon="-79.579296">
        <time>2026-08-04T10:45:45Z</time>
      </trkpt>
      <trkpt lat="8.998714" lon="-79.579278">
        <time>2026-08-04T10:45:46Z</time>
      </trkpt>
      <trkpt lat="8.998730" lon="-79.579263">
        <time>2026-08-04T10:45:47Z</time>
      </trkpt>
      <trkpt lat="8.998748" lon="-79.579249">
        <time>2026-08-04T10:45:48Z</time>
      </trkpt>
      <trkpt lat="8.998764" lon="-79.579235">
        <time>2026-08-04T10:45:49Z</time>
      </trkpt>
      <trkpt lat="8.998785" lon="-79.579225">
        <time>2026-08-04T10:45:50Z</time>
      </trkpt>
      <trkpt lat="8.998806" lon="-79.579217">
        <time>2026-08-04T10:45:51Z</time>
      </trkpt>
      <trkpt lat="8.998823" lon="-79.579223">
        <time>2026-08-04T10:45:52Z</time>
      </trkpt>
      <trkpt lat="8.998838" lon="-79.579238">
        <time>2026-08-04T10:45:53Z</time>
      </trkpt>
      <trkpt lat="8.998857" lon="-79.579253">
        <time>2026-08-04T10:45:54Z</time>
      </trkpt>
      <trkpt lat="8.998877" lon="-79.579265">
        <time>2026-08-04T10:45:55Z</time>
      </trkpt>
      <trkpt lat="8.998893" lon="-79.579280">
        <time>2026-08-04T10:45:56Z</time>
      </trkpt>
      <trkpt lat="8.998913" lon="-79.579295">
        <time>2026-08-04T10:45:57Z</time>
      </trkpt>
      <trkpt lat="8.998936" lon="-79.579301">
        <time>2026-08-04T10:45:58Z</time>
      </trkpt>
      <trkpt lat="8.998962" lon="-79.579298">
        <time>2026-08-04T10:45:59Z</time>
      </trkpt>
      <trkpt lat="8.998982" lon="-79.579294">
        <time>2026-08-04T10:46:00Z</time>
      </trkpt>
      <trkpt lat="8.999003" lon="-79.579287">
        <time>2026-08-04T10:46:01Z</time>
      </trkpt>
      <trkpt lat="8.999026" lon="-79.579279">
        <time>2026-08-04T10:46:02Z</time>
      </trkpt>
      <trkpt lat="8.999048" lon="-79.579273">
        <time>2026-08-04T10:46:03Z</time>
      </trkpt>
      <trkpt lat="8.999070" lon="-79.579267">
        <time>2026-08-04T10:46:04Z</time>
      </trkpt>
      <trkpt lat="8.999095" lon="-79.579259">
        <time>2026-08-04T10:46:05Z</time>
      </trkpt>
      <trkpt lat="8.999119" lon="-79.579253">
        <time>2026-08-04T10:46:06Z</time>
      </trkpt>
      <trkpt lat="8.999142" lon="-79.579245">
        <time>2026-08-04T10:46:07Z</time>
      </trkpt>
      <trkpt lat="8.999167" lon="-79.579240">
        <time>2026-08-04T10:46:08Z</time>
      </trkpt>
      <trkpt lat="8.999191" lon="-79.579236">
        <time>2026-08-04T10:46:09Z</time>
      </trkpt>
      <trkpt lat="8.999214" lon="-79.579233">
        <time>2026-08-04T10:46:10Z</time>
      </trkpt>
      <trkpt lat="8.999236" lon="-79.579231">
        <time>2026-08-04T10:46:11Z</time>
      </trkpt>
      <trkpt lat="8.999260" lon="-79.579230">
        <time>2026-08-04T10:46:12Z</time>
      </trkpt>
      <trkpt lat="8.999284" lon="-79.579232">
        <time>2026-08-04T10:46:13Z</time>
      </trkpt>
      <trkpt lat="8.999307" lon="-79.579235">
        <time>2026-08-04T10:46:14Z</time>
      </trkpt>
      <trkpt lat="8.999329" lon="-79.579236">
        <time>2026-08-04T10:46:15Z</time>
      </trkpt>
      <trkpt lat="8.999352" lon="-79.579237">
        <time>2026-08-04T10:46:16Z</time>
      </trkpt>
      <trkpt lat="8.999373" lon="-79.579235">
        <time>2026-08-04T10:46:17Z</time>
      </trkpt>
      <trkpt lat="8.999398" lon="-79.579230">
        <time>2026-08-04T10:46:18Z</time>
      </trkpt>
      <trkpt lat="8.999421" lon="-79.579227">
        <time>2026-08-04T10:46:19Z</time>
      </trkpt>
      <trkpt lat="8.999443" lon="-79.579224">
        <time>2026-08-04T10:46:20Z</time>
      </trkpt>
      <trkpt lat="8.999466" lon="-79.579217">
        <time>2026-08-04T10:46:21Z</time>
      </trkpt>
      <trkpt lat="8.999490" lon="-79.579212">
        <time>2026-08-04T10:46:22Z</time>
      </trkpt>
      <trkpt lat="8.999511" lon="-79.579208">
        <time>2026-08-04T10:46:23Z</time>
      </trkpt>
      <trkpt lat="8.999535" lon="-79.579205">
        <time>2026-08-04T10:46:24Z</time>
      </trkpt>
      <trkpt lat="8.999560" lon="-79.579202">
        <time>2026-08-04T10:46:25Z</time>
      </trkpt>
      <trkpt lat="8.999581" lon="-79.579201">
        <time>2026-08-04T10:46:26Z</time>
      </trkpt>
      <trkpt lat="8.999604" lon="-79.579202">
        <time>2026-08-04T10:46:27Z</time>
      </trkpt>
      <trkpt lat="8.999626" lon="-79.579206">
        <time>2026-08-04T10:46:28Z</time>
      </trkpt>
      <trkpt lat="8.999648" lon="-79.579207">
        <time>2026-08-04T10:46:29Z</time>
      </trkpt>
      <trkpt lat="8.999666" lon="-79.579213">
        <time>2026-08-04T10:46:30Z</time>
      </trkpt>
      <trkpt lat="8.999688" lon="-79.579221">
        <time>2026-08-04T10:46:31Z</time>
      </trkpt>
      <trkpt lat="8.999708" lon="-79.579233">
        <time>2026-08-04T10:46:32Z</time>
      </trkpt>
      <trkpt lat="8.999726" lon="-79.579243">
        <time>2026-08-04T10:46:33Z</time>
      </trkpt>
      <trkpt lat="8.999745" lon="-79.579254">
        <time>2026-08-04T10:46:34Z</time>
      </trkpt>
      <trkpt lat="8.999767" lon="-79.579264">
        <time>2026-08-04T10:46:35Z</time>
      </trkpt>
      <trkpt lat="8.999787" lon="-79.579274">
        <time>2026-08-04T10:46:36Z</time>
      </trkpt>
      <trkpt lat="8.999809" lon="-79.579284">
        <time>2026-08-04T10:46:37Z</time>
      </trkpt>
      <trkpt lat="8.999831" lon="-79.579292">
        <time>2026-08-04T10:46:38Z</time>
      </trkpt>
      <trkpt lat="8.999857" lon="-79.579301">
        <time>2026-08-04T10:46:39Z</time>
      </trkpt>
      <trkpt lat="8.999883" lon="-79.579303">
        <time>2026-08-04T10:46:40Z</time>
      </trkpt>
      <trkpt lat="8.999910" lon="-79.579304">
        <time>2026-08-04T10:46:41Z</time>
      </trkpt>
      <trkpt lat="8.999938" lon="-79.579301">
        <time>2026-08-04T10:46:42Z</time>
      </trkpt>
      <trkpt lat="8.999962" lon="-79.579299">
        <time>2026-08-04T10:46:43Z</time>
      </trkpt>
      <trkpt lat="8.999986" lon="-79.579293">
        <time>2026-08-04T10:46:44Z</time>
      </trkpt>
      <trkpt lat="9.000011" lon="-79.579289">
        <time>2026-08-04T10:46:45Z</time>
      </trkpt>
      <trkpt lat="9.000037" lon="-79.579286">
        <time>2026-08-04T10:46:46Z</time>
      </trkpt>
      <trkpt lat="9.000061" lon="-79.579280">
        <time>2026-08-04T10:46:47Z</time>
      </trkpt>
      <trkpt lat="9.000085" lon="-79.579276">
        <time>2026-08-04T10:46:48Z</time>
      </trkpt>
      <trkpt lat="9.000110" lon="-79.579272">
        <time>2026-08-04T10:46:49Z</time>
      </trkpt>
      <trkpt lat="9.000133" lon="-79.579268">
        <time>2026-08-04T10:46:50Z</time>
      </trkpt>
      <trkpt lat="9.000158" lon="-79.579265">
        <time>2026-08-04T10:46:51Z</time>
      </trkpt>
      <trkpt lat="9.000184" lon="-79.579264">
        <time>2026-08-04T10:46:52Z</time>
      </trkpt>
      <trkpt lat="9.000205" lon="-79.579265">
        <time>2026-08-04T10:46:53Z</time>
      </trkpt>
      <trkpt lat="9.000227" lon="-79.579269">
        <time>2026-08-04T10:46:54Z</time>
      </trkpt>
      <trkpt lat="9.000241" lon="-79.579286">
        <time>2026-08-04T10:46:55Z</time>
      </trkpt>
      <trkpt lat="9.000245" lon="-79.579308">
        <time>2026-08-04T10:46:56Z</time>
      </trkpt>
      <trkpt lat="9.000252" lon="-79.579331">
        <time>2026-08-04T10:46:57Z</time>
      </trkpt>
      <trkpt lat="9.000258" lon="-79.579353">
        <time>2026-08-04T10:46:58Z</time>
      </trkpt>
      <trkpt lat="9.000262" lon="-79.579374">
        <time>2026-08-04T10:46:59Z</time>
      </trkpt>
      <trkpt lat="9.000268" lon="-79.579397">
        <time>2026-08-04T10:47:00Z</time>
      </trkpt>
      <trkpt lat="9.000271" lon="-79.579424">
        <time>2026-08-04T10:47:01Z</time>
      </trkpt>
      <trkpt lat="9.000274" lon="-79.579446">
        <time>2026-08-04T10:47:02Z</time>
      </trkpt>
      <trkpt lat="9.000276" lon="-79.579469">
        <time>2026-08-04T10:47:03Z</time>
      </trkpt>
      <trkpt lat="9.000277" lon="-79.579492">
        <time>2026-08-04T10:47:04Z</time>
      </trkpt>
      <trkpt lat="9.000278" lon="-79.579517">
        <time>2026-08-04T10:47:05Z</time>
      </trkpt>
      <trkpt lat="9.000277" lon="-79.579539">
        <time>2026-08-04T10:47:06Z</time>
      </trkpt>
      <trkpt lat="9.000276" lon="-79.579561">
        <time>2026-08-04T10:47:07Z</time>
      </trkpt>
      <trkpt lat="9.000277" lon="-79.579586">
        <time>2026-08-04T10:47:08Z</time>
      </trkpt>
      <trkpt lat="9.000275" lon="-79.579608">
        <time>2026-08-04T10:47:09Z</time>
      </trkpt>
      <trkpt lat="9.000277" lon="-79.579634">
        <time>2026-08-04T10:47:10Z</time>
      </trkpt>
      <trkpt lat="9.000279" lon="-79.579661">
        <time>2026-08-04T10:47:11Z</time>
      </trkpt>
      <trkpt lat="9.000281" lon="-79.579685">
        <time>2026-08-04T10:47:12Z</time>
      </trkpt>
      <trkpt lat="9.000285" lon="-79.579710">
        <time>2026-08-04T10:47:13Z</time>
      </trkpt>
      <trkpt lat="9.000283" lon="-79.579733">
        <time>2026-08-04T10:47:14Z</time>
      </trkpt>
      <trkpt lat="9.000286" lon="-79.579757">
        <time>2026-08-04T10:47:15Z</time>
      </trkpt>
      <trkpt lat="9.000288" lon="-79.579783">
        <time>2026-08-04T10:47:16Z</time>
      </trkpt>
      <trkpt lat="9.000288" lon="-79.579807">
        <time>2026-08-04T10:47:17Z</time>
      </trkpt>
      <trkpt lat="9.000291" lon="-79.579831">
        <time>2026-08-04T10:47:18Z</time>
      </trkpt>
      <trkpt lat="9.000291" lon="-79.579857">
        <time>2026-08-04T10:47:19Z</time>
      </trkpt>
      <trkpt lat="9.000291" lon="-79.579882">
        <time>2026-08-04T10:47:20Z</time>
      </trkpt>
      <trkpt lat="9.000295" lon="-79.579908">
        <time>2026-08-04T10:47:21Z</time>
      </trkpt>
      <trkpt lat="9.000294" lon="-79.579933">
        <time>2026-08-04T10:47:22Z</time>
      </trkpt>
      <trkpt lat="9.000295" lon="-79.579960">
        <time>2026-08-04T10:47:23Z</time>
      </trkpt>
      <trkpt lat="9.000297" lon="-79.579987">
        <time>2026-08-04T10:47:24Z</time>
      </trkpt>
      <trkpt lat="9.000297" lon="-79.580011">
        <time>2026-08-04T10:47:25Z</time>
      </trkpt>
      <trkpt lat="9.000300" lon="-79.580037">
        <time>2026-08-04T10:47:26Z</time>
      </trkpt>
      <trkpt lat="9.000300" lon="-79.580061">
        <time>2026-08-04T10:47:27Z</time>
      </trkpt>
      <trkpt lat="9.000305" lon="-79.580085">
        <time>2026-08-04T10:47:28Z</time>
      </trkpt>
      <trkpt lat="9.000312" lon="-79.580110">
        <time>2026-08-04T10:47:29Z</time>
      </trkpt>
      <trkpt lat="9.000319" lon="-79.580135">
        <time>2026-08-04T10:47:30Z</time>
      </trkpt>
      <trkpt lat="9.000332" lon="-79.580156">
        <time>2026-08-04T10:47:31Z</time>
      </trkpt>
      <trkpt lat="9.000350" lon="-79.580175">
        <time>2026-08-04T10:47:32Z</time>
      </trkpt>
      <trkpt lat="9.000369" lon="-79.580191">
        <time>2026-08-04T10:47:33Z</time>
      </trkpt>
      <trkpt lat="9.000393" lon="-79.580200">
        <time>2026-08-04T10:47:34Z</time>
      </trkpt>
      <trkpt lat="9.000422" lon="-79.580206">
        <time>2026-08-04T10:47:35Z</time>
      </trkpt>
      <trkpt lat="9.000452" lon="-79.580209">
        <time>2026-08-04T10:47:36Z</time>
      </trkpt>
      <trkpt lat="9.000480" lon="-79.580208">
        <time>2026-08-04T10:47:37Z</time>
      </trkpt>
      <trkpt lat="9.000507" lon="-79.580205">
        <time>2026-08-04T10:47:38Z</time>
      </trkpt>
      <trkpt lat="9.000535" lon="-79.580198">
        <time>2026-08-04T10:47:39Z</time>
      </trkpt>
      <trkpt lat="9.000559" lon="-79.580191">
        <time>2026-08-04T10:47:40Z</time>
      </trkpt>
      <trkpt lat="9.000586" lon="-79.580185">
        <time>2026-08-04T10:47:41Z</time>
      </trkpt>
      <trkpt lat="9.000612" lon="-79.580177">
        <time>2026-08-04T10:47:42Z</time>
      </trkpt>
      <trkpt lat="9.000636" lon="-79.580171">
        <time>2026-08-04T10:47:43Z</time>
      </trkpt>
      <trkpt lat="9.000657" lon="-79.580167">
        <time>2026-08-04T10:47:44Z</time>
      </trkpt>
      <trkpt lat="9.000677" lon="-79.580162">
        <time>2026-08-04T10:47:45Z</time>
      </trkpt>
      <trkpt lat="9.000701" lon="-79.580155">
        <time>2026-08-04T10:47:46Z</time>
      </trkpt>
      <trkpt lat="9.000726" lon="-79.580147">
        <time>2026-08-04T10:47:47Z</time>
      </trkpt>
      <trkpt lat="9.000752" lon="-79.580141">
        <time>2026-08-04T10:47:48Z</time>
      </trkpt>
      <trkpt lat="9.000777" lon="-79.580132">
        <time>2026-08-04T10:47:49Z</time>
      </trkpt>
      <trkpt lat="9.000803" lon="-79.580124">
        <time>2026-08-04T10:47:50Z</time>
      </trkpt>
      <trkpt lat="9.000826" lon="-79.580115">
        <time>2026-08-04T10:47:51Z</time>
      </trkpt>
      <trkpt lat="9.000850" lon="-79.580107">
        <time>2026-08-04T10:47:52Z</time>
      </trkpt>
      <trkpt lat="9.000872" lon="-79.580098">
        <time>2026-08-04T10:47:53Z</time>
      </trkpt>
      <trkpt lat="9.000894" lon="-79.580089">
        <time>2026-08-04T10:47:54Z</time>
      </trkpt>
      <trkpt lat="9.000918" lon="-79.580078">
        <time>2026-08-04T10:47:55Z</time>
      </trkpt>
      <trkpt lat="9.000941" lon="-79.580066">
        <time>2026-08-04T10:47:56Z</time>
      </trkpt>
      <trkpt lat="9.000962" lon="-79.580051">
        <time>2026-08-04T10:47:57Z</time>
      </trkpt>
      <trkpt lat="9.000981" lon="-79.580034">
        <time>2026-08-04T10:47:58Z</time>
      </trkpt>
      <trkpt lat="9.000998" lon="-79.580016">
        <time>2026-08-04T10:47:59Z</time>
      </trkpt>
      <trkpt lat="9.001013" lon="-79.579997">
        <time>2026-08-04T10:48:00Z</time>
      </trkpt>
      <trkpt lat="9.001032" lon="-79.579978">
        <time>2026-08-04T10:48:01Z</time>
      </trkpt>
      <trkpt lat="9.001047" lon="-79.579956">
        <time>2026-08-04T10:48:02Z</time>
      </trkpt>
      <trkpt lat="9.001058" lon="-79.579931">
        <time>2026-08-04T10:48:03Z</time>
      </trkpt>
      <trkpt lat="9.001064" lon="-79.579904">
        <time>2026-08-04T10:48:04Z</time>
      </trkpt>
      <trkpt lat="9.001067" lon="-79.579877">
        <time>2026-08-04T10:48:05Z</time>
      </trkpt>
      <trkpt lat="9.001069" lon="-79.579854">
        <time>2026-08-04T10:48:06Z</time>
      </trkpt>
      <trkpt lat="9.001068" lon="-79.579828">
        <time>2026-08-04T10:48:07Z</time>
      </trkpt>
      <trkpt lat="9.001067" lon="-79.579799">
        <time>2026-08-04T10:48:08Z</time>
      </trkpt>
      <trkpt lat="9.001063" lon="-79.579771">
        <time>2026-08-04T10:48:09Z</time>
      </trkpt>
      <trkpt lat="9.001059" lon="-79.579743">
        <time>2026-08-04T10:48:10Z</time>
      </trkpt>
      <trkpt lat="9.001053" lon="-79.579717">
        <time>2026-08-04T10:48:11Z</time>
      </trkpt>
      <trkpt lat="9.001048" lon="-79.579692">
        <time>2026-08-04T10:48:12Z</time>
      </trkpt>
      <trkpt lat="9.001047" lon="-79.579675">
        <time>2026-08-04T10:48:13Z</time>
      </trkpt>
      <trkpt lat="9.001043" lon="-79.579656">
        <time>2026-08-04T10:48:14Z</time>
      </trkpt>
      <trkpt lat="9.001034" lon="-79.579636">
        <time>2026-08-04T10:48:15Z</time>
      </trkpt>
      <trkpt lat="9.001030" lon="-79.579615">
        <time>2026-08-04T10:48:16Z</time>
      </trkpt>
      <trkpt lat="9.001025" lon="-79.579592">
        <time>2026-08-04T10:48:17Z</time>
      </trkpt>
      <trkpt lat="9.001019" lon="-79.579566">
        <time>2026-08-04T10:48:18Z</time>
      </trkpt>
      <trkpt lat="9.001015" lon="-79.579543">
        <time>2026-08-04T10:48:19Z</time>
      </trkpt>
      <trkpt lat="9.001012" lon="-79.579520">
        <time>2026-08-04T10:48:20Z</time>
      </trkpt>
      <trkpt lat="9.001009" lon="-79.579496">
        <time>2026-08-04T10:48:21Z</time>
      </trkpt>
      <trkpt lat="9.001005" lon="-79.579473">
        <time>2026-08-04T10:48:22Z</time>
      </trkpt>
      <trkpt lat="9.001002" lon="-79.579451">
        <time>2026-08-04T10:48:23Z</time>
      </trkpt>
      <trkpt lat="9.000999" lon="-79.579429">
        <time>2026-08-04T10:48:24Z</time>
      </trkpt>
      <trkpt lat="9.000995" lon="-79.579406">
        <time>2026-08-04T10:48:25Z</time>
      </trkpt>
      <trkpt lat="9.000996" lon="-79.579383">
        <time>2026-08-04T10:48:26Z</time>
      </trkpt>
      <trkpt lat="9.000999" lon="-79.579359">
        <time>2026-08-04T10:48:27Z</time>
      </trkpt>
      <trkpt lat="9.001004" lon="-79.579336">
        <time>2026-08-04T10:48:28Z</time>
      </trkpt>
      <trkpt lat="9.001010" lon="-79.579314">
        <time>2026-08-04T10:48:29Z</time>
      </trkpt>
      <trkpt lat="9.001017" lon="-79.579290">
        <time>2026-08-04T10:48:30Z</time>
      </trkpt>
      <trkpt lat="9.001026" lon="-79.579270">
        <time>2026-08-04T10:48:31Z</time>
      </trkpt>
      <trkpt lat="9.001040" lon="-79.579251">
        <time>2026-08-04T10:48:32Z</time>
      </trkpt>
      <trkpt lat="9.001055" lon="-79.579229">
        <time>2026-08-04T10:48:33Z</time>
      </trkpt>
      <trkpt lat="9.001070" lon="-79.579214">
        <time>2026-08-04T10:48:34Z</time>
      </trkpt>
      <trkpt lat="9.001085" lon="-79.579199">
        <time>2026-08-04T10:48:35Z</time>
      </trkpt>
      <trkpt lat="9.001105" lon="-79.579184">
        <time>2026-08-04T10:48:36Z</time>
      </trkpt>
      <trkpt lat="9.001123" lon="-79.579172">
        <time>2026-08-04T10:48:37Z</time>
      </trkpt>
      <trkpt lat="9.001142" lon="-79.579160">
        <time>2026-08-04T10:48:38Z</time>
      </trkpt>
      <trkpt lat="9.001163" lon="-79.579150">
        <time>2026-08-04T10:48:39Z</time>
      </trkpt>
      <trkpt lat="9.001183" lon="-79.579140">
        <time>2026-08-04T10:48:40Z</time>
      </trkpt>
      <trkpt lat="9.001204" lon="-79.579127">
        <time>2026-08-04T10:48:41Z</time>
      </trkpt>
      <trkpt lat="9.001224" lon="-79.579119">
        <time>2026-08-04T10:48:42Z</time>
      </trkpt>
      <trkpt lat="9.001246" lon="-79.579109">
        <time>2026-08-04T10:48:43Z</time>
      </trkpt>
      <trkpt lat="9.001268" lon="-79.579099">
        <time>2026-08-04T10:48:44Z</time>
      </trkpt>
      <trkpt lat="9.001290" lon="-79.579090">
        <time>2026-08-04T10:48:45Z</time>
      </trkpt>
      <trkpt lat="9.001311" lon="-79.579080">
        <time>2026-08-04T10:48:46Z</time>
      </trkpt>
      <trkpt lat="9.001333" lon="-79.579071">
        <time>2026-08-04T10:48:47Z</time>
      </trkpt>
      <trkpt lat="9.001355" lon="-79.579067">
        <time>2026-08-04T10:48:48Z</time>
      </trkpt>
      <trkpt lat="9.001379" lon="-79.579062">
        <time>2026-08-04T10:48:49Z</time>
      </trkpt>
      <trkpt lat="9.001402" lon="-79.579059">
        <time>2026-08-04T10:48:50Z</time>
      </trkpt>
      <trkpt lat="9.001421" lon="-79.579062">
        <time>2026-08-04T10:48:51Z</time>
      </trkpt>
      <trkpt lat="9.001445" lon="-79.579065">
        <time>2026-08-04T10:48:52Z</time>
      </trkpt>
      <trkpt lat="9.001469" lon="-79.579072">
        <time>2026-08-04T10:48:53Z</time>
      </trkpt>
      <trkpt lat="9.001492" lon="-79.579080">
        <time>2026-08-04T10:48:54Z</time>
      </trkpt>
      <trkpt lat="9.001514" lon="-79.579087">
        <time>2026-08-04T10:48:55Z</time>
      </trkpt>
      <trkpt lat="9.001534" lon="-79.579097">
        <time>2026-08-04T10:48:56Z</time>
      </trkpt>
      <trkpt lat="9.001555" lon="-79.579109">
        <time>2026-08-04T10:48:57Z</time>
      </trkpt>
      <trkpt lat="9.001572" lon="-79.579122">
        <time>2026-08-04T10:48:58Z</time>
      </trkpt>
      <trkpt lat="9.001588" lon="-79.579136">
        <time>2026-08-04T10:48:59Z</time>
      </trkpt>
      <trkpt lat="9.001607" lon="-79.579152">
        <time>2026-08-04T10:49:00Z</time>
      </trkpt>
      <trkpt lat="9.001623" lon="-79.579167">
        <time>2026-08-04T10:49:01Z</time>
      </trkpt>
      <trkpt lat="9.001636" lon="-79.579185">
        <time>2026-08-04T10:49:02Z</time>
      </trkpt>
      <trkpt lat="9.001651" lon="-79.579204">
        <time>2026-08-04T10:49:03Z</time>
      </trkpt>
      <trkpt lat="9.001660" lon="-79.579225">
        <time>2026-08-04T10:49:04Z</time>
      </trkpt>
      <trkpt lat="9.001665" lon="-79.579249">
        <time>2026-08-04T10:49:05Z</time>
      </trkpt>
      <trkpt lat="9.001666" lon="-79.579273">
        <time>2026-08-04T10:49:06Z</time>
      </trkpt>
      <trkpt lat="9.001660" lon="-79.579299">
        <time>2026-08-04T10:49:07Z</time>
      </trkpt>
      <trkpt lat="9.001656" lon="-79.579321">
        <time>2026-08-04T10:49:08Z</time>
      </trkpt>
      <trkpt lat="9.001649" lon="-79.579341">
        <time>2026-08-04T10:49:09Z</time>
      </trkpt>
      <trkpt lat="9.001641" lon="-79.579361">
        <time>2026-08-04T10:49:10Z</time>
      </trkpt>
      <trkpt lat="9.001635" lon="-79.579382">
        <time>2026-08-04T10:49:11Z</time>
      </trkpt>
      <trkpt lat="9.001628" lon="-79.579403">
        <time>2026-08-04T10:49:12Z</time>
      </trkpt>
      <trkpt lat="9.001622" lon="-79.579427">
        <time>2026-08-04T10:49:13Z</time>
      </trkpt>
      <trkpt lat="9.001618" lon="-79.579451">
        <time>2026-08-04T10:49:14Z</time>
      </trkpt>
      <trkpt lat="9.001613" lon="-79.579474">
        <time>2026-08-04T10:49:15Z</time>
      </trkpt>
      <trkpt lat="9.001609" lon="-79.579498">
        <time>2026-08-04T10:49:16Z</time>
      </trkpt>
      <trkpt lat="9.001608" lon="-79.579524">
        <time>2026-08-04T10:49:17Z</time>
      </trkpt>
      <trkpt lat="9.001609" lon="-79.579551">
        <time>2026-08-04T10:49:18Z</time>
      </trkpt>
      <trkpt lat="9.001611" lon="-79.579578">
        <time>2026-08-04T10:49:19Z</time>
      </trkpt>
      <trkpt lat="9.001617" lon="-79.579601">
        <time>2026-08-04T10:49:20Z</time>
      </trkpt>
      <trkpt lat="9.001624" lon="-79.579625">
        <time>2026-08-04T10:49:21Z</time>
      </trkpt>
      <trkpt lat="9.001632" lon="-79.579652">
        <time>2026-08-04T10:49:22Z</time>
      </trkpt>
      <trkpt lat="9.001639" lon="-79.579675">
        <time>2026-08-04T10:49:23Z</time>
      </trkpt>
      <trkpt lat="9.001650" lon="-79.579699">
        <time>2026-08-04T10:49:24Z</time>
      </trkpt>
      <trkpt lat="9.001661" lon="-79.579723">
        <time>2026-08-04T10:49:25Z</time>
      </trkpt>
      <trkpt lat="9.001671" lon="-79.579743">
        <time>2026-08-04T10:49:26Z</time>
      </trkpt>
      <trkpt lat="9.001687" lon="-79.579766">
        <time>2026-08-04T10:49:27Z</time>
      </trkpt>
      <trkpt lat="9.001699" lon="-79.579789">
        <time>2026-08-04T10:49:28Z</time>
      </trkpt>
      <trkpt lat="9.001713" lon="-79.579811">
        <time>2026-08-04T10:49:29Z</time>
      </trkpt>
      <trkpt lat="9.001731" lon="-79.579832">
        <time>2026-08-04T10:49:30Z</time>
      </trkpt>
      <trkpt lat="9.001753" lon="-79.579848">
        <time>2026-08-04T10:49:31Z</time>
      </trkpt>
      <trkpt lat="9.001782" lon="-79.579857">
        <time>2026-08-04T10:49:32Z</time>
      </trkpt>
      <trkpt lat="9.001809" lon="-79.579860">
        <time>2026-08-04T10:49:33Z</time>
      </trkpt>
      <trkpt lat="9.001837" lon="-79.579857">
        <time>2026-08-04T10:49:34Z</time>
      </trkpt>
      <trkpt lat="9.001866" lon="-79.579854">
        <time>2026-08-04T10:49:35Z</time>
      </trkpt>
      <trkpt lat="9.001891" lon="-79.579849">
        <time>2026-08-04T10:49:36Z</time>
      </trkpt>
      <trkpt lat="9.001918" lon="-79.579838">
        <time>2026-08-04T10:49:37Z</time>
      </trkpt>
      <trkpt lat="9.001943" lon="-79.579830">
        <time>2026-08-04T10:49:38Z</time>
      </trkpt>
      <trkpt lat="9.001969" lon="-79.579819">
        <time>2026-08-04T10:49:39Z</time>
      </trkpt>
      <trkpt lat="9.001996" lon="-79.579808">
        <time>2026-08-04T10:49:40Z</time>
      </trkpt>
      <trkpt lat="9.002022" lon="-79.579800">
        <time>2026-08-04T10:49:41Z</time>
      </trkpt>
      <trkpt lat="9.002049" lon="-79.579793">
        <time>2026-08-04T10:49:42Z</time>
      </trkpt>
      <trkpt lat="9.002073" lon="-79.579787">
        <time>2026-08-04T10:49:43Z</time>
      </trkpt>
      <trkpt lat="9.002095" lon="-79.579780">
        <time>2026-08-04T10:49:44Z</time>
      </trkpt>
      <trkpt lat="9.002121" lon="-79.579775">
        <time>2026-08-04T10:49:45Z</time>
      </trkpt>
      <trkpt lat="9.002146" lon="-79.579772">
        <time>2026-08-04T10:49:46Z</time>
      </trkpt>
      <trkpt lat="9.002174" lon="-79.579769">
        <time>2026-08-04T10:49:47Z</time>
      </trkpt>
      <trkpt lat="9.002198" lon="-79.579770">
        <time>2026-08-04T10:49:48Z</time>
      </trkpt>
      <trkpt lat="9.002223" lon="-79.579773">
        <time>2026-08-04T10:49:49Z</time>
      </trkpt>
      <trkpt lat="9.002251" lon="-79.579778">
        <time>2026-08-04T10:49:50Z</time>
      </trkpt>
      <trkpt lat="9.002273" lon="-79.579786">
        <time>2026-08-04T10:49:51Z</time>
      </trkpt>
      <trkpt lat="9.002300" lon="-79.579795">
        <time>2026-08-04T10:49:52Z</time>
      </trkpt>
      <trkpt lat="9.002326" lon="-79.579805">
        <time>2026-08-04T10:49:53Z</time>
      </trkpt>
      <trkpt lat="9.002350" lon="-79.579817">
        <time>2026-08-04T10:49:54Z</time>
      </trkpt>
      <trkpt lat="9.002376" lon="-79.579825">
        <time>2026-08-04T10:49:55Z</time>
      </trkpt>
      <trkpt lat="9.002402" lon="-79.579832">
        <time>2026-08-04T10:49:56Z</time>
      </trkpt>
      <trkpt lat="9.002429" lon="-79.579834">
        <time>2026-08-04T10:49:57Z</time>
      </trkpt>
      <trkpt lat="9.002453" lon="-79.579837">
        <time>2026-08-04T10:49:58Z</time>
      </trkpt>
      <trkpt lat="9.002479" lon="-79.579837">
        <time>2026-08-04T10:49:59Z</time>
      </trkpt>
      <trkpt lat="9.002503" lon="-79.579836">
        <time>2026-08-04T10:50:00Z</time>
      </trkpt>
      <trkpt lat="9.002531" lon="-79.579832">
        <time>2026-08-04T10:50:01Z</time>
      </trkpt>
      <trkpt lat="9.002562" lon="-79.579825">
        <time>2026-08-04T10:50:02Z</time>
      </trkpt>
      <trkpt lat="9.002589" lon="-79.579820">
        <time>2026-08-04T10:50:03Z</time>
      </trkpt>
      <trkpt lat="9.002616" lon="-79.579813">
        <time>2026-08-04T10:50:04Z</time>
      </trkpt>
      <trkpt lat="9.002643" lon="-79.579806">
        <time>2026-08-04T10:50:05Z</time>
      </trkpt>
      <trkpt lat="9.002669" lon="-79.579796">
        <time>2026-08-04T10:50:06Z</time>
      </trkpt>
      <trkpt lat="9.002690" lon="-79.579776">
        <time>2026-08-04T10:50:07Z</time>
      </trkpt>
      <trkpt lat="9.002706" lon="-79.579757">
        <time>2026-08-04T10:50:08Z</time>
      </trkpt>
      <trkpt lat="9.002722" lon="-79.579735">
        <time>2026-08-04T10:50:09Z</time>
      </trkpt>
      <trkpt lat="9.002737" lon="-79.579711">
        <time>2026-08-04T10:50:10Z</time>
      </trkpt>
      <trkpt lat="9.002752" lon="-79.579691">
        <time>2026-08-04T10:50:11Z</time>
      </trkpt>
      <trkpt lat="9.002767" lon="-79.579670">
        <time>2026-08-04T10:50:12Z</time>
      </trkpt>
      <trkpt lat="9.002780" lon="-79.579649">
        <time>2026-08-04T10:50:13Z</time>
      </trkpt>
      <trkpt lat="9.002794" lon="-79.579627">
        <time>2026-08-04T10:50:14Z</time>
      </trkpt>
      <trkpt lat="9.002807" lon="-79.579605">
        <time>2026-08-04T10:50:15Z</time>
      </trkpt>
      <trkpt lat="9.002817" lon="-79.579584">
        <time>2026-08-04T10:50:16Z</time>
      </trkpt>
      <trkpt lat="9.002828" lon="-79.579560">
        <time>2026-08-04T10:50:17Z</time>
      </trkpt>
      <trkpt lat="9.002841" lon="-79.579539">
        <time>2026-08-04T10:50:18Z</time>
      </trkpt>
      <trkpt lat="9.002852" lon="-79.579517">
        <time>2026-08-04T10:50:19Z</time>
      </trkpt>
      <trkpt lat="9.002864" lon="-79.579498">
        <time>2026-08-04T10:50:20Z</time>
      </trkpt>
      <trkpt lat="9.002874" lon="-79.579476">
        <time>2026-08-04T10:50:21Z</time>
      </trkpt>
      <trkpt lat="9.002881" lon="-79.579448">
        <time>2026-08-04T10:50:22Z</time>
      </trkpt>
      <trkpt lat="9.002887" lon="-79.579425">
        <time>2026-08-04T10:50:23Z</time>
      </trkpt>
      <trkpt lat="9.002891" lon="-79.579402">
        <time>2026-08-04T10:50:24Z</time>
      </trkpt>
      <trkpt lat="9.002897" lon="-79.579378">
        <time>2026-08-04T10:50:25Z</time>
      </trkpt>
      <trkpt lat="9.002902" lon="-79.579356">
        <time>2026-08-04T10:50:26Z</time>
      </trkpt>
      <trkpt lat="9.002908" lon="-79.579333">
        <time>2026-08-04T10:50:27Z</time>
      </trkpt>
      <trkpt lat="9.002914" lon="-79.579309">
        <time>2026-08-04T10:50:28Z</time>
      </trkpt>
      <trkpt lat="9.002920" lon="-79.579283">
        <time>2026-08-04T10:50:29Z</time>
      </trkpt>
      <trkpt lat="9.002926" lon="-79.579255">
        <time>2026-08-04T10:50:30Z</time>
      </trkpt>
      <trkpt lat="9.002932" lon="-79.579227">
        <time>2026-08-04T10:50:31Z</time>
      </trkpt>
      <trkpt lat="9.002936" lon="-79.579198">
        <time>2026-08-04T10:50:32Z</time>
      </trkpt>
      <trkpt lat="9.002943" lon="-79.579173">
        <time>2026-08-04T10:50:33Z</time>
      </trkpt>
      <trkpt lat="9.002948" lon="-79.579148">
        <time>2026-08-04T10:50:34Z</time>
      </trkpt>
      <trkpt lat="9.002954" lon="-79.579125">
        <time>2026-08-04T10:50:35Z</time>
      </trkpt>
      <trkpt lat="9.002959" lon="-79.579098">
        <time>2026-08-04T10:50:36Z</time>
      </trkpt>
      <trkpt lat="9.002962" lon="-79.579071">
        <time>2026-08-04T10:50:37Z</time>
      </trkpt>
      <trkpt lat="9.002965" lon="-79.579045">
        <time>2026-08-04T10:50:38Z</time>
      </trkpt>
      <trkpt lat="9.002966" lon="-79.579019">
        <time>2026-08-04T10:50:39Z</time>
      </trkpt>
      <trkpt lat="9.002969" lon="-79.578991">
        <time>2026-08-04T10:50:40Z</time>
      </trkpt>
      <trkpt lat="9.002970" lon="-79.578967">
        <time>2026-08-04T10:50:41Z</time>
      </trkpt>
      <trkpt lat="9.002967" lon="-79.578940">
        <time>2026-08-04T10:50:42Z</time>
      </trkpt>
      <trkpt lat="9.002967" lon="-79.578914">
        <time>2026-08-04T10:50:43Z</time>
      </trkpt>
      <trkpt lat="9.002967" lon="-79.578887">
        <time>2026-08-04T10:50:44Z</time>
      </trkpt>
      <trkpt lat="9.002966" lon="-79.578865">
        <time>2026-08-04T10:50:45Z</time>
      </trkpt>
      <trkpt lat="9.002965" lon="-79.578840">
        <time>2026-08-04T10:50:46Z</time>
      </trkpt>
      <trkpt lat="9.002961" lon="-79.578813">
        <time>2026-08-04T10:50:47Z</time>
      </trkpt>
      <trkpt lat="9.002957" lon="-79.578788">
        <time>2026-08-04T10:50:48Z</time>
      </trkpt>
      <trkpt lat="9.002950" lon="-79.578763">
        <time>2026-08-04T10:50:49Z</time>
      </trkpt>
      <trkpt lat="9.002945" lon="-79.578739">
        <time>2026-08-04T10:50:50Z</time>
      </trkpt>
      <trkpt lat="9.002940" lon="-79.578715">
        <time>2026-08-04T10:50:51Z</time>
      </trkpt>
      <trkpt lat="9.002935" lon="-79.578693">
        <time>2026-08-04T10:50:52Z</time>
      </trkpt>
      <trkpt lat="9.002934" lon="-79.578668">
        <time>2026-08-04T10:50:53Z</time>
      </trkpt>
      <trkpt lat="9.002931" lon="-79.578639">
        <time>2026-08-04T10:50:54Z</time>
      </trkpt>
      <trkpt lat="9.002928" lon="-79.578615">
        <time>2026-08-04T10:50:55Z</time>
      </trkpt>
      <trkpt lat="9.002925" lon="-79.578586">
        <time>2026-08-04T10:50:56Z</time>
      </trkpt>
      <trkpt lat="9.002918" lon="-79.578561">
        <time>2026-08-04T10:50:57Z</time>
      </trkpt>
      <trkpt lat="9.002913" lon="-79.578537">
        <time>2026-08-04T10:50:58Z</time>
      </trkpt>
      <trkpt lat="9.002909" lon="-79.578514">
        <time>2026-08-04T10:50:59Z</time>
      </trkpt>
      <trkpt lat="9.002906" lon="-79.578491">
        <time>2026-08-04T10:51:00Z</time>
      </trkpt>
      <trkpt lat="9.002900" lon="-79.578468">
        <time>2026-08-04T10:51:01Z</time>
      </trkpt>
      <trkpt lat="9.002896" lon="-79.578444">
        <time>2026-08-04T10:51:02Z</time>
      </trkpt>
      <trkpt lat="9.002891" lon="-79.578420">
        <time>2026-08-04T10:51:03Z</time>
      </trkpt>
      <trkpt lat="9.002886" lon="-79.578395">
        <time>2026-08-04T10:51:04Z</time>
      </trkpt>
      <trkpt lat="9.002885" lon="-79.578370">
        <time>2026-08-04T10:51:05Z</time>
      </trkpt>
      <trkpt lat="9.002878" lon="-79.578344">
        <time>2026-08-04T10:51:06Z</time>
      </trkpt>
      <trkpt lat="9.002874" lon="-79.578321">
        <time>2026-08-04T10:51:07Z</time>
      </trkpt>
      <trkpt lat="9.002869" lon="-79.578295">
        <time>2026-08-04T10:51:08Z</time>
      </trkpt>
      <trkpt lat="9.002864" lon="-79.578268">
        <time>2026-08-04T10:51:09Z</time>
      </trkpt>
      <trkpt lat="9.002859" lon="-79.578244">
        <time>2026-08-04T10:51:10Z</time>
      </trkpt>
      <trkpt lat="9.002851" lon="-79.578216">
        <time>2026-08-04T10:51:11Z</time>
      </trkpt>
      <trkpt lat="9.002846" lon="-79.578194">
        <time>2026-08-04T10:51:12Z</time>
      </trkpt>
      <trkpt lat="9.002837" lon="-79.578171">
        <time>2026-08-04T10:51:13Z</time>
      </trkpt>
      <trkpt lat="9.002826" lon="-79.578147">
        <time>2026-08-04T10:51:14Z</time>
      </trkpt>
      <trkpt lat="9.002818" lon="-79.578122">
        <time>2026-08-04T10:51:15Z</time>
      </trkpt>
      <trkpt lat="9.002804" lon="-79.578098">
        <time>2026-08-04T10:51:16Z</time>
      </trkpt>
      <trkpt lat="9.002791" lon="-79.578076">
        <time>2026-08-04T10:51:17Z</time>
      </trkpt>
      <trkpt lat="9.002777" lon="-79.578051">
        <time>2026-08-04T10:51:18Z</time>
      </trkpt>
      <trkpt lat="9.002762" lon="-79.578024">
        <time>2026-08-04T10:51:19Z</time>
      </trkpt>
      <trkpt lat="9.002749" lon="-79.578001">
        <time>2026-08-04T10:51:20Z</time>
      </trkpt>
      <trkpt lat="9.002731" lon="-79.577979">
        <time>2026-08-04T10:51:21Z</time>
      </trkpt>
      <trkpt lat="9.002713" lon="-79.577958">
        <time>2026-08-04T10:51:22Z</time>
      </trkpt>
      <trkpt lat="9.002690" lon="-79.577938">
        <time>2026-08-04T10:51:23Z</time>
      </trkpt>
      <trkpt lat="9.002671" lon="-79.577919">
        <time>2026-08-04T10:51:24Z</time>
      </trkpt>
      <trkpt lat="9.002652" lon="-79.577901">
        <time>2026-08-04T10:51:25Z</time>
      </trkpt>
      <trkpt lat="9.002631" lon="-79.577884">
        <time>2026-08-04T10:51:26Z</time>
      </trkpt>
      <trkpt lat="9.002613" lon="-79.577867">
        <time>2026-08-04T10:51:27Z</time>
      </trkpt>
      <trkpt lat="9.002595" lon="-79.577851">
        <time>2026-08-04T10:51:28Z</time>
      </trkpt>
      <trkpt lat="9.002576" lon="-79.577835">
        <time>2026-08-04T10:51:29Z</time>
      </trkpt>
      <trkpt lat="9.002559" lon="-79.577818">
        <time>2026-08-04T10:51:30Z</time>
      </trkpt>
      <trkpt lat="9.002542" lon="-79.577804">
        <time>2026-08-04T10:51:31Z</time>
      </trkpt>
      <trkpt lat="9.002525" lon="-79.577788">
        <time>2026-08-04T10:51:32Z</time>
      </trkpt>
      <trkpt lat="9.002505" lon="-79.577772">
        <time>2026-08-04T10:51:33Z</time>
      </trkpt>
      <trkpt lat="9.002488" lon="-79.577755">
        <time>2026-08-04T10:51:34Z</time>
      </trkpt>
      <trkpt lat="9.002470" lon="-79.577738">
        <time>2026-08-04T10:51:35Z</time>
      </trkpt>
      <trkpt lat="9.002450" lon="-79.577721">
        <time>2026-08-04T10:51:36Z</time>
      </trkpt>
      <trkpt lat="9.002430" lon="-79.577705">
        <time>2026-08-04T10:51:37Z</time>
      </trkpt>
      <trkpt lat="9.002409" lon="-79.577693">
        <time>2026-08-04T10:51:38Z</time>
      </trkpt>
      <trkpt lat="9.002389" lon="-79.577676">
        <time>2026-08-04T10:51:39Z</time>
      </trkpt>
      <trkpt lat="9.002369" lon="-79.577659">
        <time>2026-08-04T10:51:40Z</time>
      </trkpt>
      <trkpt lat="9.002349" lon="-79.577644">
        <time>2026-08-04T10:51:41Z</time>
      </trkpt>
      <trkpt lat="9.002331" lon="-79.577628">
        <time>2026-08-04T10:51:42Z</time>
      </trkpt>
      <trkpt lat="9.002311" lon="-79.577612">
        <time>2026-08-04T10:51:43Z</time>
      </trkpt>
      <trkpt lat="9.002290" lon="-79.577596">
        <time>2026-08-04T10:51:44Z</time>
      </trkpt>
      <trkpt lat="9.002271" lon="-79.577581">
        <time>2026-08-04T10:51:45Z</time>
      </trkpt>
      <trkpt lat="9.002252" lon="-79.577567">
        <time>2026-08-04T10:51:46Z</time>
      </trkpt>
      <trkpt lat="9.002232" lon="-79.577552">
        <time>2026-08-04T10:51:47Z</time>
      </trkpt>
      <trkpt lat="9.002211" lon="-79.577536">
        <time>2026-08-04T10:51:48Z</time>
      </trkpt>
      <trkpt lat="9.002191" lon="-79.577522">
        <time>2026-08-04T10:51:49Z</time>
      </trkpt>
      <trkpt lat="9.002169" lon="-79.577509">
        <time>2026-08-04T10:51:50Z</time>
      </trkpt>
      <trkpt lat="9.002145" lon="-79.577494">
        <time>2026-08-04T10:51:51Z</time>
      </trkpt>
      <trkpt lat="9.002125" lon="-79.577482">
        <time>2026-08-04T10:51:52Z</time>
      </trkpt>
      <trkpt lat="9.002103" lon="-79.577471">
        <time>2026-08-04T10:51:53Z</time>
      </trkpt>
      <trkpt lat="9.002079" lon="-79.577458">
        <time>2026-08-04T10:51:54Z</time>
      </trkpt>
      <trkpt lat="9.002056" lon="-79.577446">
        <time>2026-08-04T10:51:55Z</time>
      </trkpt>
      <trkpt lat="9.002034" lon="-79.577432">
        <time>2026-08-04T10:51:56Z</time>
      </trkpt>
      <trkpt lat="9.002013" lon="-79.577416">
        <time>2026-08-04T10:51:57Z</time>
      </trkpt>
      <trkpt lat="9.001989" lon="-79.577404">
        <time>2026-08-04T10:51:58Z</time>
      </trkpt>
      <trkpt lat="9.001968" lon="-79.577393">
        <time>2026-08-04T10:51:59Z</time>
      </trkpt>
      <trkpt lat="9.001946" lon="-79.577380">
        <time>2026-08-04T10:52:00Z</time>
      </trkpt>
      <trkpt lat="9.001923" lon="-79.577365">
        <time>2026-08-04T10:52:01Z</time>
      </trkpt>
      <trkpt lat="9.001904" lon="-79.577349">
        <time>2026-08-04T10:52:02Z</time>
      </trkpt>
      <trkpt lat="9.001886" lon="-79.577335">
        <time>2026-08-04T10:52:03Z</time>
      </trkpt>
      <trkpt lat="9.001866" lon="-79.577321">
        <time>2026-08-04T10:52:04Z</time>
      </trkpt>
      <trkpt lat="9.001845" lon="-79.577307">
        <time>2026-08-04T10:52:05Z</time>
      </trkpt>
      <trkpt lat="9.001826" lon="-79.577295">
        <time>2026-08-04T10:52:06Z</time>
      </trkpt>
      <trkpt lat="9.001803" lon="-79.577283">
        <time>2026-08-04T10:52:07Z</time>
      </trkpt>
      <trkpt lat="9.001780" lon="-79.577268">
        <time>2026-08-04T10:52:08Z</time>
      </trkpt>
      <trkpt lat="9.001759" lon="-79.577253">
        <time>2026-08-04T10:52:09Z</time>
      </trkpt>
      <trkpt lat="9.001740" lon="-79.577240">
        <time>2026-08-04T10:52:10Z</time>
      </trkpt>
      <trkpt lat="9.001720" lon="-79.577226">
        <time>2026-08-04T10:52:11Z</time>
      </trkpt>
      <trkpt lat="9.001698" lon="-79.577213">
        <time>2026-08-04T10:52:12Z</time>
      </trkpt>
      <trkpt lat="9.001675" lon="-79.577199">
        <time>2026-08-04T10:52:13Z</time>
      </trkpt>
      <trkpt lat="9.001654" lon="-79.577184">
        <time>2026-08-04T10:52:14Z</time>
      </trkpt>
      <trkpt lat="9.001630" lon="-79.577169">
        <time>2026-08-04T10:52:15Z</time>
      </trkpt>
      <trkpt lat="9.001606" lon="-79.577153">
        <time>2026-08-04T10:52:16Z</time>
      </trkpt>
      <trkpt lat="9.001585" lon="-79.577138">
        <time>2026-08-04T10:52:17Z</time>
      </trkpt>
      <trkpt lat="9.001563" lon="-79.577126">
        <time>2026-08-04T10:52:18Z</time>
      </trkpt>
      <trkpt lat="9.001539" lon="-79.577114">
        <time>2026-08-04T10:52:19Z</time>
      </trkpt>
      <trkpt lat="9.001514" lon="-79.577101">
        <time>2026-08-04T10:52:20Z</time>
      </trkpt>
      <trkpt lat="9.001487" lon="-79.577083">
        <time>2026-08-04T10:52:21Z</time>
      </trkpt>
      <trkpt lat="9.001461" lon="-79.577070">
        <time>2026-08-04T10:52:22Z</time>
      </trkpt>
      <trkpt lat="9.001437" lon="-79.577061">
        <time>2026-08-04T10:52:23Z</time>
      </trkpt>
      <trkpt lat="9.001413" lon="-79.577052">
        <time>2026-08-04T10:52:24Z</time>
      </trkpt>
      <trkpt lat="9.001389" lon="-79.577041">
        <time>2026-08-04T10:52:25Z</time>
      </trkpt>
      <trkpt lat="9.001364" lon="-79.577030">
        <time>2026-08-04T10:52:26Z</time>
      </trkpt>
      <trkpt lat="9.001339" lon="-79.577019">
        <time>2026-08-04T10:52:27Z</time>
      </trkpt>
      <trkpt lat="9.001315" lon="-79.577010">
        <time>2026-08-04T10:52:28Z</time>
      </trkpt>
      <trkpt lat="9.001293" lon="-79.577000">
        <time>2026-08-04T10:52:29Z</time>
      </trkpt>
      <trkpt lat="9.001268" lon="-79.576990">
        <time>2026-08-04T10:52:30Z</time>
      </trkpt>
      <trkpt lat="9.001242" lon="-79.576981">
        <time>2026-08-04T10:52:31Z</time>
      </trkpt>
      <trkpt lat="9.001215" lon="-79.576974">
        <time>2026-08-04T10:52:32Z</time>
      </trkpt>
      <trkpt lat="9.001186" lon="-79.576972">
        <time>2026-08-04T10:52:33Z</time>
      </trkpt>
      <trkpt lat="9.001161" lon="-79.576969">
        <time>2026-08-04T10:52:34Z</time>
      </trkpt>
      <trkpt lat="9.001136" lon="-79.576965">
        <time>2026-08-04T10:52:35Z</time>
      </trkpt>
      <trkpt lat="9.001111" lon="-79.576959">
        <time>2026-08-04T10:52:36Z</time>
      </trkpt>
      <trkpt lat="9.001086" lon="-79.576953">
        <time>2026-08-04T10:52:37Z</time>
      </trkpt>
      <trkpt lat="9.001058" lon="-79.576951">
        <time>2026-08-04T10:52:38Z</time>
      </trkpt>
      <trkpt lat="9.001032" lon="-79.576947">
        <time>2026-08-04T10:52:39Z</time>
      </trkpt>
      <trkpt lat="9.001008" lon="-79.576940">
        <time>2026-08-04T10:52:40Z</time>
      </trkpt>
      <trkpt lat="9.000982" lon="-79.576937">
        <time>2026-08-04T10:52:41Z</time>
      </trkpt>
      <trkpt lat="9.000957" lon="-79.576934">
        <time>2026-08-04T10:52:42Z</time>
      </trkpt>
      <trkpt lat="9.000930" lon="-79.576935">
        <time>2026-08-04T10:52:43Z</time>
      </trkpt>
      <trkpt lat="9.000905" lon="-79.576932">
        <time>2026-08-04T10:52:44Z</time>
      </trkpt>
      <trkpt lat="9.000879" lon="-79.576927">
        <time>2026-08-04T10:52:45Z</time>
      </trkpt>
      <trkpt lat="9.000853" lon="-79.576930">
        <time>2026-08-04T10:52:46Z</time>
      </trkpt>
      <trkpt lat="9.000829" lon="-79.576928">
        <time>2026-08-04T10:52:47Z</time>
      </trkpt>
      <trkpt lat="9.000804" lon="-79.576927">
        <time>2026-08-04T10:52:48Z</time>
      </trkpt>
      <trkpt lat="9.000780" lon="-79.576927">
        <time>2026-08-04T10:52:49Z</time>
      </trkpt>
      <trkpt lat="9.000755" lon="-79.576923">
        <time>2026-08-04T10:52:50Z</time>
      </trkpt>
      <trkpt lat="9.000727" lon="-79.576924">
        <time>2026-08-04T10:52:51Z</time>
      </trkpt>
      <trkpt lat="9.000703" lon="-79.576927">
        <time>2026-08-04T10:52:52Z</time>
      </trkpt>
      <trkpt lat="9.000677" lon="-79.576928">
        <time>2026-08-04T10:52:53Z</time>
      </trkpt>
      <trkpt lat="9.000651" lon="-79.576932">
        <time>2026-08-04T10:52:54Z</time>
      </trkpt>
      <trkpt lat="9.000625" lon="-79.576935">
        <time>2026-08-04T10:52:55Z</time>
      </trkpt>
      <trkpt lat="9.000600" lon="-79.576939">
        <time>2026-08-04T10:52:56Z</time>
      </trkpt>
      <trkpt lat="9.000576" lon="-79.576946">
        <time>2026-08-04T10:52:57Z</time>
      </trkpt>
      <trkpt lat="9.000551" lon="-79.576953">
        <time>2026-08-04T10:52:58Z</time>
      </trkpt>
      <trkpt lat="9.000527" lon="-79.576960">
        <time>2026-08-04T10:52:59Z</time>
      </trkpt>
      <trkpt lat="9.000505" lon="-79.576967">
        <time>2026-08-04T10:53:00Z</time>
      </trkpt>
      <trkpt lat="9.000481" lon="-79.576974">
        <time>2026-08-04T10:53:01Z</time>
      </trkpt>
      <trkpt lat="9.000457" lon="-79.576982">
        <time>2026-08-04T10:53:02Z</time>
      </trkpt>
      <trkpt lat="9.000431" lon="-79.576991">
        <time>2026-08-04T10:53:03Z</time>
      </trkpt>
      <trkpt lat="9.000408" lon="-79.577003">
        <time>2026-08-04T10:53:04Z</time>
      </trkpt>
      <trkpt lat="9.000388" lon="-79.577011">
        <time>2026-08-04T10:53:05Z</time>
      </trkpt>
      <trkpt lat="9.000364" lon="-79.577018">
        <time>2026-08-04T10:53:06Z</time>
      </trkpt>
      <trkpt lat="9.000341" lon="-79.577027">
        <time>2026-08-04T10:53:07Z</time>
      </trkpt>
      <trkpt lat="9.000319" lon="-79.577036">
        <time>2026-08-04T10:53:08Z</time>
      </trkpt>
      <trkpt lat="9.000296" lon="-79.577049">
        <time>2026-08-04T10:53:09Z</time>
      </trkpt>
      <trkpt lat="9.000276" lon="-79.577058">
        <time>2026-08-04T10:53:10Z</time>
      </trkpt>
      <trkpt lat="9.000251" lon="-79.577069">
        <time>2026-08-04T10:53:11Z</time>
      </trkpt>
      <trkpt lat="9.000230" lon="-79.577080">
        <time>2026-08-04T10:53:12Z</time>
      </trkpt>
      <trkpt lat="9.000210" lon="-79.577087">
        <time>2026-08-04T10:53:13Z</time>
      </trkpt>
      <trkpt lat="9.000188" lon="-79.577096">
        <time>2026-08-04T10:53:14Z</time>
      </trkpt>
      <trkpt lat="9.000166" lon="-79.577108">
        <time>2026-08-04T10:53:15Z</time>
      </trkpt>
      <trkpt lat="9.000146" lon="-79.577115">
        <time>2026-08-04T10:53:16Z</time>
      </trkpt>
      <trkpt lat="9.000126" lon="-79.577129">
        <time>2026-08-04T10:53:17Z</time>
      </trkpt>
      <trkpt lat="9.000105" lon="-79.577142">
        <time>2026-08-04T10:53:18Z</time>
      </trkpt>
      <trkpt lat="9.000083" lon="-79.577154">
        <time>2026-08-04T10:53:19Z</time>
      </trkpt>
      <trkpt lat="9.000062" lon="-79.577168">
        <time>2026-08-04T10:53:20Z</time>
      </trkpt>
      <trkpt lat="9.000042" lon="-79.577181">
        <time>2026-08-04T10:53:21Z</time>
      </trkpt>
      <trkpt lat="9.000022" lon="-79.577194">
        <time>2026-08-04T10:53:22Z</time>
      </trkpt>
      <trkpt lat="8.999999" lon="-79.577209">
        <time>2026-08-04T10:53:23Z</time>
      </trkpt>
      <trkpt lat="8.999977" lon="-79.577224">
        <time>2026-08-04T10:53:24Z</time>
      </trkpt>
      <trkpt lat="8.999957" lon="-79.577238">
        <time>2026-08-04T10:53:25Z</time>
      </trkpt>
      <trkpt lat="8.999936" lon="-79.577250">
        <time>2026-08-04T10:53:26Z</time>
      </trkpt>
      <trkpt lat="8.999913" lon="-79.577267">
        <time>2026-08-04T10:53:27Z</time>
      </trkpt>
      <trkpt lat="8.999890" lon="-79.577280">
        <time>2026-08-04T10:53:28Z</time>
      </trkpt>
      <trkpt lat="8.999869" lon="-79.577297">
        <time>2026-08-04T10:53:29Z</time>
      </trkpt>
      <trkpt lat="8.999852" lon="-79.577312">
        <time>2026-08-04T10:53:30Z</time>
      </trkpt>
      <trkpt lat="8.999834" lon="-79.577324">
        <time>2026-08-04T10:53:31Z</time>
      </trkpt>
      <trkpt lat="8.999815" lon="-79.577340">
        <time>2026-08-04T10:53:32Z</time>
      </trkpt>
      <trkpt lat="8.999794" lon="-79.577355">
        <time>2026-08-04T10:53:33Z</time>
      </trkpt>
      <trkpt lat="8.999772" lon="-79.577371">
        <time>2026-08-04T10:53:34Z</time>
      </trkpt>
      <trkpt lat="8.999750" lon="-79.577387">
        <time>2026-08-04T10:53:35Z</time>
      </trkpt>
      <trkpt lat="8.999732" lon="-79.577403">
        <time>2026-08-04T10:53:36Z</time>
      </trkpt>
      <trkpt lat="8.999713" lon="-79.577419">
        <time>2026-08-04T10:53:37Z</time>
      </trkpt>
      <trkpt lat="8.999692" lon="-79.577430">
        <time>2026-08-04T10:53:38Z</time>
      </trkpt>
      <trkpt lat="8.999670" lon="-79.577444">
        <time>2026-08-04T10:53:39Z</time>
      </trkpt>
      <trkpt lat="8.999651" lon="-79.577456">
        <time>2026-08-04T10:53:40Z</time>
      </trkpt>
      <trkpt lat="8.999629" lon="-79.577469">
        <time>2026-08-04T10:53:41Z</time>
      </trkpt>
      <trkpt lat="8.999607" lon="-79.577490">
        <time>2026-08-04T10:53:42Z</time>
      </trkpt>
      <trkpt lat="8.999587" lon="-79.577504">
        <time>2026-08-04T10:53:43Z</time>
      </trkpt>
      <trkpt lat="8.999566" lon="-79.577518">
        <time>2026-08-04T10:53:44Z</time>
      </trkpt>
      <trkpt lat="8.999545" lon="-79.577532">
        <time>2026-08-04T10:53:45Z</time>
      </trkpt>
      <trkpt lat="8.999525" lon="-79.577545">
        <time>2026-08-04T10:53:46Z</time>
      </trkpt>
      <trkpt lat="8.999504" lon="-79.577558">
        <time>2026-08-04T10:53:47Z</time>
      </trkpt>
      <trkpt lat="8.999481" lon="-79.577572">
        <time>2026-08-04T10:53:48Z</time>
      </trkpt>
      <trkpt lat="8.999461" lon="-79.577588">
        <time>2026-08-04T10:53:49Z</time>
      </trkpt>
      <trkpt lat="8.999440" lon="-79.577603">
        <time>2026-08-04T10:53:50Z</time>
      </trkpt>
      <trkpt lat="8.999417" lon="-79.577619">
        <time>2026-08-04T10:53:51Z</time>
      </trkpt>
      <trkpt lat="8.999396" lon="-79.577635">
        <time>2026-08-04T10:53:52Z</time>
      </trkpt>
      <trkpt lat="8.999375" lon="-79.577651">
        <time>2026-08-04T10:53:53Z</time>
      </trkpt>
      <trkpt lat="8.999356" lon="-79.577668">
        <time>2026-08-04T10:53:54Z</time>
      </trkpt>
      <trkpt lat="8.999337" lon="-79.577684">
        <time>2026-08-04T10:53:55Z</time>
      </trkpt>
      <trkpt lat="8.999317" lon="-79.577698">
        <time>2026-08-04T10:53:56Z</time>
      </trkpt>
      <trkpt lat="8.999296" lon="-79.577712">
        <time>2026-08-04T10:53:57Z</time>
      </trkpt>
      <trkpt lat="8.999276" lon="-79.577728">
        <time>2026-08-04T10:53:58Z</time>
      </trkpt>
      <trkpt lat="8.999257" lon="-79.577744">
        <time>2026-08-04T10:53:59Z</time>
      </trkpt>
      <trkpt lat="8.999240" lon="-79.577759">
        <time>2026-08-04T10:54:00Z</time>
      </trkpt>
      <trkpt lat="8.999220" lon="-79.577777">
        <time>2026-08-04T10:54:01Z</time>
      </trkpt>
      <trkpt lat="8.999200" lon="-79.577792">
        <time>2026-08-04T10:54:02Z</time>
      </trkpt>
      <trkpt lat="8.999180" lon="-79.577808">
        <time>2026-08-04T10:54:03Z</time>
      </trkpt>
      <trkpt lat="8.999157" lon="-79.577825">
        <time>2026-08-04T10:54:04Z</time>
      </trkpt>
      <trkpt lat="8.999138" lon="-79.577842">
        <time>2026-08-04T10:54:05Z</time>
      </trkpt>
      <trkpt lat="8.999117" lon="-79.577858">
        <time>2026-08-04T10:54:06Z</time>
      </trkpt>
      <trkpt lat="8.999095" lon="-79.577870">
        <time>2026-08-04T10:54:07Z</time>
      </trkpt>
      <trkpt lat="8.999073" lon="-79.577886">
        <time>2026-08-04T10:54:08Z</time>
      </trkpt>
      <trkpt lat="8.999050" lon="-79.577902">
        <time>2026-08-04T10:54:09Z</time>
      </trkpt>
      <trkpt lat="8.999028" lon="-79.577918">
        <time>2026-08-04T10:54:10Z</time>
      </trkpt>
      <trkpt lat="8.999007" lon="-79.577932">
        <time>2026-08-04T10:54:11Z</time>
      </trkpt>
      <trkpt lat="8.998986" lon="-79.577945">
        <time>2026-08-04T10:54:12Z</time>
      </trkpt>
      <trkpt lat="8.998966" lon="-79.577962">
        <time>2026-08-04T10:54:13Z</time>
      </trkpt>
      <trkpt lat="8.998946" lon="-79.577978">
        <time>2026-08-04T10:54:14Z</time>
      </trkpt>
      <trkpt lat="8.998925" lon="-79.577991">
        <time>2026-08-04T10:54:15Z</time>
      </trkpt>
      <trkpt lat="8.998903" lon="-79.578007">
        <time>2026-08-04T10:54:16Z</time>
      </trkpt>
      <trkpt lat="8.998883" lon="-79.578026">
        <time>2026-08-04T10:54:17Z</time>
      </trkpt>
      <trkpt lat="8.998864" lon="-79.578044">
        <time>2026-08-04T10:54:18Z</time>
      </trkpt>
      <trkpt lat="8.998843" lon="-79.578059">
        <time>2026-08-04T10:54:19Z</time>
      </trkpt>
      <trkpt lat="8.998823" lon="-79.578077">
        <time>2026-08-04T10:54:20Z</time>
      </trkpt>
      <trkpt lat="8.998801" lon="-79.578094">
        <time>2026-08-04T10:54:21Z</time>
      </trkpt>
      <trkpt lat="8.998782" lon="-79.578108">
        <time>2026-08-04T10:54:22Z</time>
      </trkpt>
      <trkpt lat="8.998763" lon="-79.578123">
        <time>2026-08-04T10:54:23Z</time>
      </trkpt>
      <trkpt lat="8.998745" lon="-79.578140">
        <time>2026-08-04T10:54:24Z</time>
      </trkpt>
      <trkpt lat="8.998725" lon="-79.578156">
        <time>2026-08-04T10:54:25Z</time>
      </trkpt>
      <trkpt lat="8.998704" lon="-79.578172">
        <time>2026-08-04T10:54:26Z</time>
      </trkpt>
      <trkpt lat="8.998684" lon="-79.578188">
        <time>2026-08-04T10:54:27Z</time>
      </trkpt>
      <trkpt lat="8.998664" lon="-79.578204">
        <time>2026-08-04T10:54:28Z</time>
      </trkpt>
      <trkpt lat="8.998642" lon="-79.578221">
        <time>2026-08-04T10:54:29Z</time>
      </trkpt>
      <trkpt lat="8.998623" lon="-79.578234">
        <time>2026-08-04T10:54:30Z</time>
      </trkpt>
      <trkpt lat="8.998603" lon="-79.578250">
        <time>2026-08-04T10:54:31Z</time>
      </trkpt>
      <trkpt lat="8.998583" lon="-79.578264">
        <time>2026-08-04T10:54:32Z</time>
      </trkpt>
      <trkpt lat="8.998563" lon="-79.578280">
        <time>2026-08-04T10:54:33Z</time>
      </trkpt>
      <trkpt lat="8.998543" lon="-79.578295">
        <time>2026-08-04T10:54:34Z</time>
      </trkpt>
      <trkpt lat="8.998522" lon="-79.578310">
        <time>2026-08-04T10:54:35Z</time>
      </trkpt>
      <trkpt lat="8.998500" lon="-79.578324">
        <time>2026-08-04T10:54:36Z</time>
      </trkpt>
      <trkpt lat="8.998476" lon="-79.578333">
        <time>2026-08-04T10:54:37Z</time>
      </trkpt>
      <trkpt lat="8.998453" lon="-79.578347">
        <time>2026-08-04T10:54:38Z</time>
      </trkpt>
      <trkpt lat="8.998431" lon="-79.578358">
        <time>2026-08-04T10:54:39Z</time>
      </trkpt>
      <trkpt lat="8.998406" lon="-79.578364">
        <time>2026-08-04T10:54:40Z</time>
      </trkpt>
      <trkpt lat="8.998382" lon="-79.578372">
        <time>2026-08-04T10:54:41Z</time>
      </trkpt>
      <trkpt lat="8.998360" lon="-79.578378">
        <time>2026-08-04T10:54:42Z</time>
      </trkpt>
      <trkpt lat="8.998336" lon="-79.578384">
        <time>2026-08-04T10:54:43Z</time>
      </trkpt>
      <trkpt lat="8.998312" lon="-79.578390">
        <time>2026-08-04T10:54:44Z</time>
      </trkpt>
      <trkpt lat="8.998289" lon="-79.578395">
        <time>2026-08-04T10:54:45Z</time>
      </trkpt>
      <trkpt lat="8.998263" lon="-79.578402">
        <time>2026-08-04T10:54:46Z</time>
      </trkpt>
      <trkpt lat="8.998240" lon="-79.578408">
        <time>2026-08-04T10:54:47Z</time>
      </trkpt>
      <trkpt lat="8.998215" lon="-79.578412">
        <time>2026-08-04T10:54:48Z</time>
      </trkpt>
      <trkpt lat="8.998191" lon="-79.578417">
        <time>2026-08-04T10:54:49Z</time>
      </trkpt>
      <trkpt lat="8.998168" lon="-79.578421">
        <time>2026-08-04T10:54:50Z</time>
      </trkpt>
      <trkpt lat="8.998143" lon="-79.578423">
        <time>2026-08-04T10:54:51Z</time>
      </trkpt>
      <trkpt lat="8.998119" lon="-79.578427">
        <time>2026-08-04T10:54:52Z</time>
      </trkpt>
      <trkpt lat="8.998095" lon="-79.578431">
        <time>2026-08-04T10:54:53Z</time>
      </trkpt>
      <trkpt lat="8.998068" lon="-79.578435">
        <time>2026-08-04T10:54:54Z</time>
      </trkpt>
      <trkpt lat="8.998044" lon="-79.578438">
        <time>2026-08-04T10:54:55Z</time>
      </trkpt>
      <trkpt lat="8.998020" lon="-79.578438">
        <time>2026-08-04T10:54:56Z</time>
      </trkpt>
      <trkpt lat="8.997996" lon="-79.578441">
        <time>2026-08-04T10:54:57Z</time>
      </trkpt>
      <trkpt lat="8.997972" lon="-79.578450">
        <time>2026-08-04T10:54:58Z</time>
      </trkpt>
      <trkpt lat="8.997951" lon="-79.578466">
        <time>2026-08-04T10:54:59Z</time>
      </trkpt>
      <trkpt lat="8.997933" lon="-79.578484">
        <time>2026-08-04T10:55:00Z</time>
      </trkpt>
      <trkpt lat="8.997919" lon="-79.578511">
        <time>2026-08-04T10:55:01Z</time>
      </trkpt>
      <trkpt lat="8.997905" lon="-79.578534">
        <time>2026-08-04T10:55:02Z</time>
      </trkpt>
      <trkpt lat="8.997896" lon="-79.578562">
        <time>2026-08-04T10:55:03Z</time>
      </trkpt>
      <trkpt lat="8.997897" lon="-79.578590">
        <time>2026-08-04T10:55:04Z</time>
      </trkpt>
      <trkpt lat="8.997896" lon="-79.578618">
        <time>2026-08-04T10:55:05Z</time>
      </trkpt>
      <trkpt lat="8.997896" lon="-79.578647">
        <time>2026-08-04T10:55:06Z</time>
      </trkpt>
      <trkpt lat="8.997898" lon="-79.578675">
        <time>2026-08-04T10:55:07Z</time>
      </trkpt>
      <trkpt lat="8.997899" lon="-79.578706">
        <time>2026-08-04T10:55:08Z</time>
      </trkpt>
      <trkpt lat="8.997901" lon="-79.578734">
        <time>2026-08-04T10:55:09Z</time>
      </trkpt>
      <trkpt lat="8.997902" lon="-79.578763">
        <time>2026-08-04T10:55:10Z</time>
      </trkpt>
      <trkpt lat="8.997908" lon="-79.578791">
        <time>2026-08-04T10:55:11Z</time>
      </trkpt>
      <trkpt lat="8.997915" lon="-79.578819">
        <time>2026-08-04T10:55:12Z</time>
      </trkpt>
      <trkpt lat="8.997921" lon="-79.578845">
        <time>2026-08-04T10:55:13Z</time>
      </trkpt>
      <trkpt lat="8.997927" lon="-79.578870">
        <time>2026-08-04T10:55:14Z</time>
      </trkpt>
      <trkpt lat="8.997935" lon="-79.578898">
        <time>2026-08-04T10:55:15Z</time>
      </trkpt>
      <trkpt lat="8.997941" lon="-79.578923">
        <time>2026-08-04T10:55:16Z</time>
      </trkpt>
      <trkpt lat="8.997948" lon="-79.578952">
        <time>2026-08-04T10:55:17Z</time>
      </trkpt>
      <trkpt lat="8.997954" lon="-79.578979">
        <time>2026-08-04T10:55:18Z</time>
      </trkpt>
      <trkpt lat="8.997958" lon="-79.579007">
        <time>2026-08-04T10:55:19Z</time>
      </trkpt>
      <trkpt lat="8.997965" lon="-79.579033">
        <time>2026-08-04T10:55:20Z</time>
      </trkpt>
      <trkpt lat="8.997970" lon="-79.579058">
        <time>2026-08-04T10:55:21Z</time>
      </trkpt>
      <trkpt lat="8.997974" lon="-79.579081">
        <time>2026-08-04T10:55:22Z</time>
      </trkpt>
      <trkpt lat="8.997983" lon="-79.579105">
        <time>2026-08-04T10:55:23Z</time>
      </trkpt>
      <trkpt lat="8.997987" lon="-79.579131">
        <time>2026-08-04T10:55:24Z</time>
      </trkpt>
      <trkpt lat="8.997995" lon="-79.579159">
        <time>2026-08-04T10:55:25Z</time>
      </trkpt>
      <trkpt lat="8.998006" lon="-79.579184">
        <time>2026-08-04T10:55:26Z</time>
      </trkpt>
      <trkpt lat="8.998016" lon="-79.579206">
        <time>2026-08-04T10:55:27Z</time>
      </trkpt>
      <trkpt lat="8.998028" lon="-79.579229">
        <time>2026-08-04T10:55:28Z</time>
      </trkpt>
      <trkpt lat="8.998043" lon="-79.579252">
        <time>2026-08-04T10:55:29Z</time>
      </trkpt>
      <trkpt lat="8.998057" lon="-79.579274">
        <time>2026-08-04T10:55:30Z</time>
      </trkpt>
      <trkpt lat="8.998070" lon="-79.579297">
        <time>2026-08-04T10:55:31Z</time>
      </trkpt>
      <trkpt lat="8.998084" lon="-79.579319">
        <time>2026-08-04T10:55:32Z</time>
      </trkpt>
      <trkpt lat="8.998097" lon="-79.579342">
        <time>2026-08-04T10:55:33Z</time>
      </trkpt>
      <trkpt lat="8.998110" lon="-79.579365">
        <time>2026-08-04T10:55:34Z</time>
      </trkpt>
      <trkpt lat="8.998125" lon="-79.579388">
        <time>2026-08-04T10:55:35Z</time>
      </trkpt>
      <trkpt lat="8.998143" lon="-79.579412">
        <time>2026-08-04T10:55:36Z</time>
      </trkpt>
      <trkpt lat="8.998157" lon="-79.579436">
        <time>2026-08-04T10:55:37Z</time>
      </trkpt>
      <trkpt lat="8.998174" lon="-79.579462">
        <time>2026-08-04T10:55:38Z</time>
      </trkpt>
      <trkpt lat="8.998194" lon="-79.579485">
        <time>2026-08-04T10:55:39Z</time>
      </trkpt>
      <trkpt lat="8.998215" lon="-79.579511">
        <time>2026-08-04T10:55:40Z</time>
      </trkpt>
      <trkpt lat="8.998239" lon="-79.579532">
        <time>2026-08-04T10:55:41Z</time>
      </trkpt>
      <trkpt lat="8.998262" lon="-79.579550">
        <time>2026-08-04T10:55:42Z</time>
      </trkpt>
      <trkpt lat="8.998287" lon="-79.579567">
        <time>2026-08-04T10:55:43Z</time>
      </trkpt>
      <trkpt lat="8.998317" lon="-79.579580">
        <time>2026-08-04T10:55:44Z</time>
      </trkpt>
      <trkpt lat="8.998348" lon="-79.579586">
        <time>2026-08-04T10:55:45Z</time>
      </trkpt>
      <trkpt lat="8.998380" lon="-79.579584">
        <time>2026-08-04T10:55:46Z</time>
      </trkpt>
      <trkpt lat="8.998409" lon="-79.579584">
        <time>2026-08-04T10:55:47Z</time>
      </trkpt>
      <trkpt lat="8.998436" lon="-79.579582">
        <time>2026-08-04T10:55:48Z</time>
      </trkpt>
      <trkpt lat="8.998464" lon="-79.579572">
        <time>2026-08-04T10:55:49Z</time>
      </trkpt>
      <trkpt lat="8.998490" lon="-79.579561">
        <time>2026-08-04T10:55:50Z</time>
      </trkpt>
      <trkpt lat="8.998516" lon="-79.579546">
        <time>2026-08-04T10:55:51Z</time>
      </trkpt>
      <trkpt lat="8.998541" lon="-79.579529">
        <time>2026-08-04T10:55:52Z</time>
      </trkpt>
      <trkpt lat="8.998564" lon="-79.579509">
        <time>2026-08-04T10:55:53Z</time>
      </trkpt>
      <trkpt lat="8.998585" lon="-79.579486">
        <time>2026-08-04T10:55:54Z</time>
      </trkpt>
      <trkpt lat="8.998602" lon="-79.579462">
        <time>2026-08-04T10:55:55Z</time>
      </trkpt>
      <trkpt lat="8.998615" lon="-79.579435">
        <time>2026-08-04T10:55:56Z</time>
      </trkpt>
      <trkpt lat="8.998630" lon="-79.579410">
        <time>2026-08-04T10:55:57Z</time>
      </trkpt>
      <trkpt lat="8.998643" lon="-79.579382">
        <time>2026-08-04T10:55:58Z</time>
      </trkpt>
      <trkpt lat="8.998658" lon="-79.579355">
        <time>2026-08-04T10:55:59Z</time>
      </trkpt>
      <trkpt lat="8.998673" lon="-79.579332">
        <time>2026-08-04T10:56:00Z</time>
      </trkpt>
      <trkpt lat="8.998690" lon="-79.579308">
        <time>2026-08-04T10:56:01Z</time>
      </trkpt>
      <trkpt lat="8.998709" lon="-79.579292">
        <time>2026-08-04T10:56:02Z</time>
      </trkpt>
      <trkpt lat="8.998729" lon="-79.579274">
        <time>2026-08-04T10:56:03Z</time>
      </trkpt>
      <trkpt lat="8.998748" lon="-79.579256">
        <time>2026-08-04T10:56:04Z</time>
      </trkpt>
      <trkpt lat="8.998766" lon="-79.579241">
        <time>2026-08-04T10:56:05Z</time>
      </trkpt>
      <trkpt lat="8.998787" lon="-79.579226">
        <time>2026-08-04T10:56:06Z</time>
      </trkpt>
      <trkpt lat="8.998807" lon="-79.579219">
        <time>2026-08-04T10:56:07Z</time>
      </trkpt>
      <trkpt lat="8.998825" lon="-79.579226">
        <time>2026-08-04T10:56:08Z</time>
      </trkpt>
      <trkpt lat="8.998842" lon="-79.579246">
        <time>2026-08-04T10:56:09Z</time>
      </trkpt>
      <trkpt lat="8.998858" lon="-79.579262">
        <time>2026-08-04T10:56:10Z</time>
      </trkpt>
      <trkpt lat="8.998880" lon="-79.579276">
        <time>2026-08-04T10:56:11Z</time>
      </trkpt>
      <trkpt lat="8.998905" lon="-79.579288">
        <time>2026-08-04T10:56:12Z</time>
      </trkpt>
      <trkpt lat="8.998932" lon="-79.579294">
        <time>2026-08-04T10:56:13Z</time>
      </trkpt>
      <trkpt lat="8.998961" lon="-79.579294">
        <time>2026-08-04T10:56:14Z</time>
      </trkpt>
      <trkpt lat="8.998986" lon="-79.579290">
        <time>2026-08-04T10:56:15Z</time>
      </trkpt>
      <trkpt lat="8.999010" lon="-79.579282">
        <time>2026-08-04T10:56:16Z</time>
      </trkpt>
      <trkpt lat="8.999037" lon="-79.579277">
        <time>2026-08-04T10:56:17Z</time>
      </trkpt>
      <trkpt lat="8.999061" lon="-79.579267">
        <time>2026-08-04T10:56:18Z</time>
      </trkpt>
      <trkpt lat="8.999087" lon="-79.579257">
        <time>2026-08-04T10:56:19Z</time>
      </trkpt>
      <trkpt lat="8.999106" lon="-79.579254">
        <time>2026-08-04T10:56:20Z</time>
      </trkpt>
      <trkpt lat="8.999129" lon="-79.579250">
        <time>2026-08-04T10:56:21Z</time>
      </trkpt>
      <trkpt lat="8.999152" lon="-79.579244">
        <time>2026-08-04T10:56:22Z</time>
      </trkpt>
      <trkpt lat="8.999176" lon="-79.579240">
        <time>2026-08-04T10:56:23Z</time>
      </trkpt>
      <trkpt lat="8.999200" lon="-79.579236">
        <time>2026-08-04T10:56:24Z</time>
      </trkpt>
      <trkpt lat="8.999224" lon="-79.579234">
        <time>2026-08-04T10:56:25Z</time>
      </trkpt>
      <trkpt lat="8.999251" lon="-79.579230">
        <time>2026-08-04T10:56:26Z</time>
      </trkpt>
      <trkpt lat="8.999273" lon="-79.579230">
        <time>2026-08-04T10:56:27Z</time>
      </trkpt>
      <trkpt lat="8.999299" lon="-79.579230">
        <time>2026-08-04T10:56:28Z</time>
      </trkpt>
      <trkpt lat="8.999325" lon="-79.579230">
        <time>2026-08-04T10:56:29Z</time>
      </trkpt>
      <trkpt lat="8.999349" lon="-79.579232">
        <time>2026-08-04T10:56:30Z</time>
      </trkpt>
      <trkpt lat="8.999374" lon="-79.579228">
        <time>2026-08-04T10:56:31Z</time>
      </trkpt>
      <trkpt lat="8.999399" lon="-79.579223">
        <time>2026-08-04T10:56:32Z</time>
      </trkpt>
      <trkpt lat="8.999422" lon="-79.579220">
        <time>2026-08-04T10:56:33Z</time>
      </trkpt>
      <trkpt lat="8.999448" lon="-79.579213">
        <time>2026-08-04T10:56:34Z</time>
      </trkpt>
      <trkpt lat="8.999469" lon="-79.579209">
        <time>2026-08-04T10:56:35Z</time>
      </trkpt>
      <trkpt lat="8.999494" lon="-79.579203">
        <time>2026-08-04T10:56:36Z</time>
      </trkpt>
      <trkpt lat="8.999517" lon="-79.579197">
        <time>2026-08-04T10:56:37Z</time>
      </trkpt>
      <trkpt lat="8.999538" lon="-79.579194">
        <time>2026-08-04T10:56:38Z</time>
      </trkpt>
      <trkpt lat="8.999563" lon="-79.579192">
        <time>2026-08-04T10:56:39Z</time>
      </trkpt>
      <trkpt lat="8.999587" lon="-79.579193">
        <time>2026-08-04T10:56:40Z</time>
      </trkpt>
      <trkpt lat="8.999613" lon="-79.579194">
        <time>2026-08-04T10:56:41Z</time>
      </trkpt>
      <trkpt lat="8.999638" lon="-79.579198">
        <time>2026-08-04T10:56:42Z</time>
      </trkpt>
      <trkpt lat="8.999663" lon="-79.579203">
        <time>2026-08-04T10:56:43Z</time>
      </trkpt>
      <trkpt lat="8.999687" lon="-79.579211">
        <time>2026-08-04T10:56:44Z</time>
      </trkpt>
      <trkpt lat="8.999709" lon="-79.579221">
        <time>2026-08-04T10:56:45Z</time>
      </trkpt>
      <trkpt lat="8.999731" lon="-79.579236">
        <time>2026-08-04T10:56:46Z</time>
      </trkpt>
      <trkpt lat="8.999753" lon="-79.579248">
        <time>2026-08-04T10:56:47Z</time>
      </trkpt>
      <trkpt lat="8.999773" lon="-79.579261">
        <time>2026-08-04T10:56:48Z</time>
      </trkpt>
      <trkpt lat="8.999797" lon="-79.579275">
        <time>2026-08-04T10:56:49Z</time>
      </trkpt>
      <trkpt lat="8.999821" lon="-79.579287">
        <time>2026-08-04T10:56:50Z</time>
      </trkpt>
      <trkpt lat="8.999848" lon="-79.579295">
        <time>2026-08-04T10:56:51Z</time>
      </trkpt>
      <trkpt lat="8.999874" lon="-79.579300">
        <time>2026-08-04T10:56:52Z</time>
      </trkpt>
      <trkpt lat="8.999904" lon="-79.579303">
        <time>2026-08-04T10:56:53Z</time>
      </trkpt>
      <trkpt lat="8.999933" lon="-79.579301">
        <time>2026-08-04T10:56:54Z</time>
      </trkpt>
      <trkpt lat="8.999960" lon="-79.579299">
        <time>2026-08-04T10:56:55Z</time>
      </trkpt>
      <trkpt lat="8.999986" lon="-79.579293">
        <time>2026-08-04T10:56:56Z</time>
      </trkpt>
      <trkpt lat="9.000007" lon="-79.579291">
        <time>2026-08-04T10:56:57Z</time>
      </trkpt>
      <trkpt lat="9.000028" lon="-79.579287">
        <time>2026-08-04T10:56:58Z</time>
      </trkpt>
      <trkpt lat="9.000053" lon="-79.579282">
        <time>2026-08-04T10:56:59Z</time>
      </trkpt>
      <trkpt lat="9.000076" lon="-79.579277">
        <time>2026-08-04T10:57:00Z</time>
      </trkpt>
      <trkpt lat="9.000103" lon="-79.579272">
        <time>2026-08-04T10:57:01Z</time>
      </trkpt>
      <trkpt lat="9.000128" lon="-79.579266">
        <time>2026-08-04T10:57:02Z</time>
      </trkpt>
      <trkpt lat="9.000153" lon="-79.579263">
        <time>2026-08-04T10:57:03Z</time>
      </trkpt>
      <trkpt lat="9.000181" lon="-79.579260">
        <time>2026-08-04T10:57:04Z</time>
      </trkpt>
      <trkpt lat="9.000206" lon="-79.579263">
        <time>2026-08-04T10:57:05Z</time>
      </trkpt>
      <trkpt lat="9.000231" lon="-79.579272">
        <time>2026-08-04T10:57:06Z</time>
      </trkpt>
      <trkpt lat="9.000244" lon="-79.579290">
        <time>2026-08-04T10:57:07Z</time>
      </trkpt>
      <trkpt lat="9.000249" lon="-79.579312">
        <time>2026-08-04T10:57:08Z</time>
      </trkpt>
      <trkpt lat="9.000253" lon="-79.579337">
        <time>2026-08-04T10:57:09Z</time>
      </trkpt>
      <trkpt lat="9.000257" lon="-79.579360">
        <time>2026-08-04T10:57:10Z</time>
      </trkpt>
      <trkpt lat="9.000258" lon="-79.579378">
        <time>2026-08-04T10:57:11Z</time>
      </trkpt>
      <trkpt lat="9.000259" lon="-79.579401">
        <time>2026-08-04T10:57:12Z</time>
      </trkpt>
      <trkpt lat="9.000261" lon="-79.579424">
        <time>2026-08-04T10:57:13Z</time>
      </trkpt>
      <trkpt lat="9.000262" lon="-79.579452">
        <time>2026-08-04T10:57:14Z</time>
      </trkpt>
      <trkpt lat="9.000263" lon="-79.579478">
        <time>2026-08-04T10:57:15Z</time>
      </trkpt>
      <trkpt lat="9.000263" lon="-79.579501">
        <time>2026-08-04T10:57:16Z</time>
      </trkpt>
      <trkpt lat="9.000264" lon="-79.579527">
        <time>2026-08-04T10:57:17Z</time>
      </trkpt>
      <trkpt lat="9.000266" lon="-79.579551">
        <time>2026-08-04T10:57:18Z</time>
      </trkpt>
      <trkpt lat="9.000266" lon="-79.579577">
        <time>2026-08-04T10:57:19Z</time>
      </trkpt>
      <trkpt lat="9.000270" lon="-79.579604">
        <time>2026-08-04T10:57:20Z</time>
      </trkpt>
      <trkpt lat="9.000272" lon="-79.579630">
        <time>2026-08-04T10:57:21Z</time>
      </trkpt>
      <trkpt lat="9.000272" lon="-79.579657">
        <time>2026-08-04T10:57:22Z</time>
      </trkpt>
      <trkpt lat="9.000274" lon="-79.579681">
        <time>2026-08-04T10:57:23Z</time>
      </trkpt>
      <trkpt lat="9.000274" lon="-79.579706">
        <time>2026-08-04T10:57:24Z</time>
      </trkpt>
      <trkpt lat="9.000275" lon="-79.579730">
        <time>2026-08-04T10:57:25Z</time>
      </trkpt>
      <trkpt lat="9.000277" lon="-79.579752">
        <time>2026-08-04T10:57:26Z</time>
      </trkpt>
      <trkpt lat="9.000278" lon="-79.579778">
        <time>2026-08-04T10:57:27Z</time>
      </trkpt>
      <trkpt lat="9.000282" lon="-79.579804">
        <time>2026-08-04T10:57:28Z</time>
      </trkpt>
      <trkpt lat="9.000283" lon="-79.579828">
        <time>2026-08-04T10:57:29Z</time>
      </trkpt>
      <trkpt lat="9.000284" lon="-79.579856">
        <time>2026-08-04T10:57:30Z</time>
      </trkpt>
      <trkpt lat="9.000285" lon="-79.579883">
        <time>2026-08-04T10:57:31Z</time>
      </trkpt>
      <trkpt lat="9.000284" lon="-79.579906">
        <time>2026-08-04T10:57:32Z</time>
      </trkpt>
      <trkpt lat="9.000286" lon="-79.579932">
        <time>2026-08-04T10:57:33Z</time>
      </trkpt>
      <trkpt lat="9.000287" lon="-79.579959">
        <time>2026-08-04T10:57:34Z</time>
      </trkpt>
      <trkpt lat="9.000289" lon="-79.579983">
        <time>2026-08-04T10:57:35Z</time>
      </trkpt>
      <trkpt lat="9.000293" lon="-79.580012">
        <time>2026-08-04T10:57:36Z</time>
      </trkpt>
      <trkpt lat="9.000294" lon="-79.580038">
        <time>2026-08-04T10:57:37Z</time>
      </trkpt>
      <trkpt lat="9.000297" lon="-79.580064">
        <time>2026-08-04T10:57:38Z</time>
      </trkpt>
      <trkpt lat="9.000301" lon="-79.580092">
        <time>2026-08-04T10:57:39Z</time>
      </trkpt>
      <trkpt lat="9.000304" lon="-79.580117">
        <time>2026-08-04T10:57:40Z</time>
      </trkpt>
      <trkpt lat="9.000313" lon="-79.580144">
        <time>2026-08-04T10:57:41Z</time>
      </trkpt>
      <trkpt lat="9.000327" lon="-79.580165">
        <time>2026-08-04T10:57:42Z</time>
      </trkpt>
      <trkpt lat="9.000344" lon="-79.580184">
        <time>2026-08-04T10:57:43Z</time>
      </trkpt>
      <trkpt lat="9.000366" lon="-79.580199">
        <time>2026-08-04T10:57:44Z</time>
      </trkpt>
      <trkpt lat="9.000391" lon="-79.580211">
        <time>2026-08-04T10:57:45Z</time>
      </trkpt>
      <trkpt lat="9.000421" lon="-79.580216">
        <time>2026-08-04T10:57:46Z</time>
      </trkpt>
      <trkpt lat="9.000455" lon="-79.580215">
        <time>2026-08-04T10:57:47Z</time>
      </trkpt>
      <trkpt lat="9.000485" lon="-79.580213">
        <time>2026-08-04T10:57:48Z</time>
      </trkpt>
      <trkpt lat="9.000513" lon="-79.580204">
        <time>2026-08-04T10:57:49Z</time>
      </trkpt>
      <trkpt lat="9.000540" lon="-79.580197">
        <time>2026-08-04T10:57:50Z</time>
      </trkpt>
      <trkpt lat="9.000568" lon="-79.580190">
        <time>2026-08-04T10:57:51Z</time>
      </trkpt>
      <trkpt lat="9.000595" lon="-79.580182">
        <time>2026-08-04T10:57:52Z</time>
      </trkpt>
      <trkpt lat="9.000622" lon="-79.580174">
        <time>2026-08-04T10:57:53Z</time>
      </trkpt>
      <trkpt lat="9.000647" lon="-79.580166">
        <time>2026-08-04T10:57:54Z</time>
      </trkpt>
      <trkpt lat="9.000674" lon="-79.580159">
        <time>2026-08-04T10:57:55Z</time>
      </trkpt>
      <trkpt lat="9.000698" lon="-79.580153">
        <time>2026-08-04T10:57:56Z</time>
      </trkpt>
      <trkpt lat="9.000727" lon="-79.580143">
        <time>2026-08-04T10:57:57Z</time>
      </trkpt>
      <trkpt lat="9.000752" lon="-79.580136">
        <time>2026-08-04T10:57:58Z</time>
      </trkpt>
      <trkpt lat="9.000777" lon="-79.580127">
        <time>2026-08-04T10:57:59Z</time>
      </trkpt>
      <trkpt lat="9.000802" lon="-79.580119">
        <time>2026-08-04T10:58:00Z</time>
      </trkpt>
      <trkpt lat="9.000824" lon="-79.580113">
        <time>2026-08-04T10:58:01Z</time>
      </trkpt>
      <trkpt lat="9.000850" lon="-79.580104">
        <time>2026-08-04T10:58:02Z</time>
      </trkpt>
      <trkpt lat="9.000875" lon="-79.580094">
        <time>2026-08-04T10:58:03Z</time>
      </trkpt>
      <trkpt lat="9.000896" lon="-79.580084">
        <time>2026-08-04T10:58:04Z</time>
      </trkpt>
      <trkpt lat="9.000922" lon="-79.580073">
        <time>2026-08-04T10:58:05Z</time>
      </trkpt>
      <trkpt lat="9.000947" lon="-79.580059">
        <time>2026-08-04T10:58:06Z</time>
      </trkpt>
      <trkpt lat="9.000969" lon="-79.580042">
        <time>2026-08-04T10:58:07Z</time>
      </trkpt>
      <trkpt lat="9.000989" lon="-79.580025">
        <time>2026-08-04T10:58:08Z</time>
      </trkpt>
      <trkpt lat="9.001008" lon="-79.580007">
        <time>2026-08-04T10:58:09Z</time>
      </trkpt>
      <trkpt lat="9.001025" lon="-79.579983">
        <time>2026-08-04T10:58:10Z</time>
      </trkpt>
      <trkpt lat="9.001039" lon="-79.579961">
        <time>2026-08-04T10:58:11Z</time>
      </trkpt>
      <trkpt lat="9.001053" lon="-79.579937">
        <time>2026-08-04T10:58:12Z</time>
      </trkpt>
      <trkpt lat="9.001061" lon="-79.579911">
        <time>2026-08-04T10:58:13Z</time>
      </trkpt>
      <trkpt lat="9.001066" lon="-79.579883">
        <time>2026-08-04T10:58:14Z</time>
      </trkpt>
      <trkpt lat="9.001068" lon="-79.579855">
        <time>2026-08-04T10:58:15Z</time>
      </trkpt>
      <trkpt lat="9.001070" lon="-79.579828">
        <time>2026-08-04T10:58:16Z</time>
      </trkpt>
      <trkpt lat="9.001071" lon="-79.579802">
        <time>2026-08-04T10:58:17Z</time>
      </trkpt>
      <trkpt lat="9.001070" lon="-79.579773">
        <time>2026-08-04T10:58:18Z</time>
      </trkpt>
      <trkpt lat="9.001068" lon="-79.579748">
        <time>2026-08-04T10:58:19Z</time>
      </trkpt>
      <trkpt lat="9.001063" lon="-79.579719">
        <time>2026-08-04T10:58:20Z</time>
      </trkpt>
      <trkpt lat="9.001057" lon="-79.579693">
        <time>2026-08-04T10:58:21Z</time>
      </trkpt>
      <trkpt lat="9.001052" lon="-79.579669">
        <time>2026-08-04T10:58:22Z</time>
      </trkpt>
      <trkpt lat="9.001043" lon="-79.579646">
        <time>2026-08-04T10:58:23Z</time>
      </trkpt>
      <trkpt lat="9.001037" lon="-79.579621">
        <time>2026-08-04T10:58:24Z</time>
      </trkpt>
      <trkpt lat="9.001029" lon="-79.579596">
        <time>2026-08-04T10:58:25Z</time>
      </trkpt>
      <trkpt lat="9.001024" lon="-79.579572">
        <time>2026-08-04T10:58:26Z</time>
      </trkpt>
      <trkpt lat="9.001020" lon="-79.579549">
        <time>2026-08-04T10:58:27Z</time>
      </trkpt>
      <trkpt lat="9.001013" lon="-79.579523">
        <time>2026-08-04T10:58:28Z</time>
      </trkpt>
      <trkpt lat="9.001009" lon="-79.579498">
        <time>2026-08-04T10:58:29Z</time>
      </trkpt>
      <trkpt lat="9.001008" lon="-79.579477">
        <time>2026-08-04T10:58:30Z</time>
      </trkpt>
      <trkpt lat="9.001003" lon="-79.579451">
        <time>2026-08-04T10:58:31Z</time>
      </trkpt>
      <trkpt lat="9.001000" lon="-79.579426">
        <time>2026-08-04T10:58:32Z</time>
      </trkpt>
      <trkpt lat="9.000997" lon="-79.579402">
        <time>2026-08-04T10:58:33Z</time>
      </trkpt>
      <trkpt lat="9.000999" lon="-79.579376">
        <time>2026-08-04T10:58:34Z</time>
      </trkpt>
      <trkpt lat="9.001004" lon="-79.579352">
        <time>2026-08-04T10:58:35Z</time>
      </trkpt>
      <trkpt lat="9.001010" lon="-79.579328">
        <time>2026-08-04T10:58:36Z</time>
      </trkpt>
      <trkpt lat="9.001016" lon="-79.579304">
        <time>2026-08-04T10:58:37Z</time>
      </trkpt>
      <trkpt lat="9.001025" lon="-79.579281">
        <time>2026-08-04T10:58:38Z</time>
      </trkpt>
      <trkpt lat="9.001038" lon="-79.579260">
        <time>2026-08-04T10:58:39Z</time>
      </trkpt>
      <trkpt lat="9.001054" lon="-79.579240">
        <time>2026-08-04T10:58:40Z</time>
      </trkpt>
      <trkpt lat="9.001072" lon="-79.579219">
        <time>2026-08-04T10:58:41Z</time>
      </trkpt>
      <trkpt lat="9.001088" lon="-79.579203">
        <time>2026-08-04T10:58:42Z</time>
      </trkpt>
      <trkpt lat="9.001108" lon="-79.579187">
        <time>2026-08-04T10:58:43Z</time>
      </trkpt>
      <trkpt lat="9.001130" lon="-79.579174">
        <time>2026-08-04T10:58:44Z</time>
      </trkpt>
      <trkpt lat="9.001152" lon="-79.579163">
        <time>2026-08-04T10:58:45Z</time>
      </trkpt>
      <trkpt lat="9.001174" lon="-79.579154">
        <time>2026-08-04T10:58:46Z</time>
      </trkpt>
      <trkpt lat="9.001196" lon="-79.579141">
        <time>2026-08-04T10:58:47Z</time>
      </trkpt>
      <trkpt lat="9.001216" lon="-79.579130">
        <time>2026-08-04T10:58:48Z</time>
      </trkpt>
      <trkpt lat="9.001237" lon="-79.579120">
        <time>2026-08-04T10:58:49Z</time>
      </trkpt>
      <trkpt lat="9.001258" lon="-79.579108">
        <time>2026-08-04T10:58:50Z</time>
      </trkpt>
      <trkpt lat="9.001282" lon="-79.579097">
        <time>2026-08-04T10:58:51Z</time>
      </trkpt>
      <trkpt lat="9.001304" lon="-79.579085">
        <time>2026-08-04T10:58:52Z</time>
      </trkpt>
      <trkpt lat="9.001326" lon="-79.579075">
        <time>2026-08-04T10:58:53Z</time>
      </trkpt>
      <trkpt lat="9.001351" lon="-79.579070">
        <time>2026-08-04T10:58:54Z</time>
      </trkpt>
      <trkpt lat="9.001378" lon="-79.579066">
        <time>2026-08-04T10:58:55Z</time>
      </trkpt>
      <trkpt lat="9.001400" lon="-79.579062">
        <time>2026-08-04T10:58:56Z</time>
      </trkpt>
      <trkpt lat="9.001424" lon="-79.579061">
        <time>2026-08-04T10:58:57Z</time>
      </trkpt>
      <trkpt lat="9.001449" lon="-79.579066">
        <time>2026-08-04T10:58:58Z</time>
      </trkpt>
      <trkpt lat="9.001472" lon="-79.579072">
        <time>2026-08-04T10:58:59Z</time>
      </trkpt>
      <trkpt lat="9.001499" lon="-79.579076">
        <time>2026-08-04T10:59:00Z</time>
      </trkpt>
      <trkpt lat="9.001523" lon="-79.579084">
        <time>2026-08-04T10:59:01Z</time>
      </trkpt>
      <trkpt lat="9.001544" lon="-79.579095">
        <time>2026-08-04T10:59:02Z</time>
      </trkpt>
      <trkpt lat="9.001566" lon="-79.579110">
        <time>2026-08-04T10:59:03Z</time>
      </trkpt>
      <trkpt lat="9.001585" lon="-79.579123">
        <time>2026-08-04T10:59:04Z</time>
      </trkpt>
      <trkpt lat="9.001605" lon="-79.579137">
        <time>2026-08-04T10:59:05Z</time>
      </trkpt>
      <trkpt lat="9.001624" lon="-79.579157">
        <time>2026-08-04T10:59:06Z</time>
      </trkpt>
      <trkpt lat="9.001636" lon="-79.579175">
        <time>2026-08-04T10:59:07Z</time>
      </trkpt>
      <trkpt lat="9.001652" lon="-79.579195">
        <time>2026-08-04T10:59:08Z</time>
      </trkpt>
      <trkpt lat="9.001663" lon="-79.579222">
        <time>2026-08-04T10:59:09Z</time>
      </trkpt>
      <trkpt lat="9.001671" lon="-79.579245">
        <time>2026-08-04T10:59:10Z</time>
      </trkpt>
      <trkpt lat="9.001673" lon="-79.579268">
        <time>2026-08-04T10:59:11Z</time>
      </trkpt>
      <trkpt lat="9.001670" lon="-79.579291">
        <time>2026-08-04T10:59:12Z</time>
      </trkpt>
      <trkpt lat="9.001666" lon="-79.579316">
        <time>2026-08-04T10:59:13Z</time>
      </trkpt>
      <trkpt lat="9.001660" lon="-79.579341">
        <time>2026-08-04T10:59:14Z</time>
      </trkpt>
      <trkpt lat="9.001651" lon="-79.579363">
        <time>2026-08-04T10:59:15Z</time>
      </trkpt>
      <trkpt lat="9.001640" lon="-79.579387">
        <time>2026-08-04T10:59:16Z</time>
      </trkpt>
      <trkpt lat="9.001631" lon="-79.579413">
        <time>2026-08-04T10:59:17Z</time>
      </trkpt>
      <trkpt lat="9.001625" lon="-79.579438">
        <time>2026-08-04T10:59:18Z</time>
      </trkpt>
      <trkpt lat="9.001621" lon="-79.579465">
        <time>2026-08-04T10:59:19Z</time>
      </trkpt>
      <trkpt lat="9.001616" lon="-79.579493">
        <time>2026-08-04T10:59:20Z</time>
      </trkpt>
      <trkpt lat="9.001613" lon="-79.579518">
        <time>2026-08-04T10:59:21Z</time>
      </trkpt>
      <trkpt lat="9.001610" lon="-79.579545">
        <time>2026-08-04T10:59:22Z</time>
      </trkpt>
      <trkpt lat="9.001611" lon="-79.579576">
        <time>2026-08-04T10:59:23Z</time>
      </trkpt>
      <trkpt lat="9.001617" lon="-79.579606">
        <time>2026-08-04T10:59:24Z</time>
      </trkpt>
      <trkpt lat="9.001624" lon="-79.579632">
        <time>2026-08-04T10:59:25Z</time>
      </trkpt>
      <trkpt lat="9.001631" lon="-79.579664">
        <time>2026-08-04T10:59:26Z</time>
      </trkpt>
      <trkpt lat="9.001640" lon="-79.579690">
        <time>2026-08-04T10:59:27Z</time>
      </trkpt>
      <trkpt lat="9.001650" lon="-79.579713">
        <time>2026-08-04T10:59:28Z</time>
      </trkpt>
      <trkpt lat="9.001664" lon="-79.579741">
        <time>2026-08-04T10:59:29Z</time>
      </trkpt>
      <trkpt lat="9.001677" lon="-79.579766">
        <time>2026-08-04T10:59:30Z</time>
      </trkpt>
      <trkpt lat="9.001691" lon="-79.579790">
        <time>2026-08-04T10:59:31Z</time>
      </trkpt>
      <trkpt lat="9.001705" lon="-79.579811">
        <time>2026-08-04T10:59:32Z</time>
      </trkpt>
      <trkpt lat="9.001721" lon="-79.579833">
        <time>2026-08-04T10:59:33Z</time>
      </trkpt>
      <trkpt lat="9.001742" lon="-79.579853">
        <time>2026-08-04T10:59:34Z</time>
      </trkpt>
      <trkpt lat="9.001766" lon="-79.579865">
        <time>2026-08-04T10:59:35Z</time>
      </trkpt>
      <trkpt lat="9.001794" lon="-79.579872">
        <time>2026-08-04T10:59:36Z</time>
      </trkpt>
      <trkpt lat="9.001821" lon="-79.579871">
        <time>2026-08-04T10:59:37Z</time>
      </trkpt>
      <trkpt lat="9.001850" lon="-79.579868">
        <time>2026-08-04T10:59:38Z</time>
      </trkpt>
      <trkpt lat="9.001877" lon="-79.579860">
        <time>2026-08-04T10:59:39Z</time>
      </trkpt>
      <trkpt lat="9.001902" lon="-79.579855">
        <time>2026-08-04T10:59:40Z</time>
      </trkpt>
      <trkpt lat="9.001927" lon="-79.579844">
        <time>2026-08-04T10:59:41Z</time>
      </trkpt>
      <trkpt lat="9.001955" lon="-79.579835">
        <time>2026-08-04T10:59:42Z</time>
      </trkpt>
      <trkpt lat="9.001979" lon="-79.579828">
        <time>2026-08-04T10:59:43Z</time>
      </trkpt>
      <trkpt lat="9.002004" lon="-79.579820">
        <time>2026-08-04T10:59:44Z</time>
      </trkpt>
      <trkpt lat="9.002028" lon="-79.579812">
        <time>2026-08-04T10:59:45Z</time>
      </trkpt>
      <trkpt lat="9.002053" lon="-79.579805">
        <time>2026-08-04T10:59:46Z</time>
      </trkpt>
      <trkpt lat="9.002078" lon="-79.579800">
        <time>2026-08-04T10:59:47Z</time>
      </trkpt>
      <trkpt lat="9.002102" lon="-79.579797">
        <time>2026-08-04T10:59:48Z</time>
      </trkpt>
      <trkpt lat="9.002128" lon="-79.579794">
        <time>2026-08-04T10:59:49Z</time>
      </trkpt>
      <trkpt lat="9.002155" lon="-79.579786">
        <time>2026-08-04T10:59:50Z</time>
      </trkpt>
      <trkpt lat="9.002181" lon="-79.579784">
        <time>2026-08-04T10:59:51Z</time>
      </trkpt>
      <trkpt lat="9.002206" lon="-79.579784">
        <time>2026-08-04T10:59:52Z</time>
      </trkpt>
      <trkpt lat="9.002228" lon="-79.579786">
        <time>2026-08-04T10:59:53Z</time>
      </trkpt>
      <trkpt lat="9.002252" lon="-79.579791">
        <time>2026-08-04T10:59:54Z</time>
      </trkpt>
      <trkpt lat="9.002276" lon="-79.579798">
        <time>2026-08-04T10:59:55Z</time>
      </trkpt>
      <trkpt lat="9.002298" lon="-79.579808">
        <time>2026-08-04T10:59:56Z</time>
      </trkpt>
      <trkpt lat="9.002320" lon="-79.579819">
        <time>2026-08-04T10:59:57Z</time>
      </trkpt>
      <trkpt lat="9.002342" lon="-79.579825">
        <time>2026-08-04T10:59:58Z</time>
      </trkpt>
      <trkpt lat="9.002368" lon="-79.579831">
        <time>2026-08-04T10:59:59Z</time>
      </trkpt>
      <trkpt lat="9.002391" lon="-79.579838">
        <time>2026-08-04T11:00:00Z</time>
      </trkpt>
      <trkpt lat="9.002418" lon="-79.579842">
        <time>2026-08-04T11:00:01Z</time>
      </trkpt>
      <trkpt lat="9.002448" lon="-79.579841">
        <time>2026-08-04T11:00:02Z</time>
      </trkpt>
      <trkpt lat="9.002475" lon="-79.579843">
        <time>2026-08-04T11:00:03Z</time>
      </trkpt>
      <trkpt lat="9.002504" lon="-79.579839">
        <time>2026-08-04T11:00:04Z</time>
      </trkpt>
      <trkpt lat="9.002532" lon="-79.579835">
        <time>2026-08-04T11:00:05Z</time>
      </trkpt>
      <trkpt lat="9.002558" lon="-79.579832">
        <time>2026-08-04T11:00:06Z</time>
      </trkpt>
      <trkpt lat="9.002585" lon="-79.579826">
        <time>2026-08-04T11:00:07Z</time>
      </trkpt>
      <trkpt lat="9.002613" lon="-79.579820">
        <time>2026-08-04T11:00:08Z</time>
      </trkpt>
      <trkpt lat="9.002640" lon="-79.579813">
        <time>2026-08-04T11:00:09Z</time>
      </trkpt>
      <trkpt lat="9.002666" lon="-79.579800">
        <time>2026-08-04T11:00:10Z</time>
      </trkpt>
      <trkpt lat="9.002687" lon="-79.579782">
        <time>2026-08-04T11:00:11Z</time>
      </trkpt>
      <trkpt lat="9.002703" lon="-79.579759">
        <time>2026-08-04T11:00:12Z</time>
      </trkpt>
      <trkpt lat="9.002718" lon="-79.579737">
        <time>2026-08-04T11:00:13Z</time>
      </trkpt>
      <trkpt lat="9.002735" lon="-79.579718">
        <time>2026-08-04T11:00:14Z</time>
      </trkpt>
      <trkpt lat="9.002750" lon="-79.579695">
        <time>2026-08-04T11:00:15Z</time>
      </trkpt>
      <trkpt lat="9.002766" lon="-79.579672">
        <time>2026-08-04T11:00:16Z</time>
      </trkpt>
      <trkpt lat="9.002780" lon="-79.579649">
        <time>2026-08-04T11:00:17Z</time>
      </trkpt>
      <trkpt lat="9.002793" lon="-79.579627">
        <time>2026-08-04T11:00:18Z</time>
      </trkpt>
      <trkpt lat="9.002802" lon="-79.579602">
        <time>2026-08-04T11:00:19Z</time>
      </trkpt>
      <trkpt lat="9.002817" lon="-79.579579">
        <time>2026-08-04T11:00:20Z</time>
      </trkpt>
      <trkpt lat="9.002830" lon="-79.579565">
        <time>2026-08-04T11:00:21Z</time>
      </trkpt>
      <trkpt lat="9.002843" lon="-79.579544">
        <time>2026-08-04T11:00:22Z</time>
      </trkpt>
      <trkpt lat="9.002856" lon="-79.579522">
        <time>2026-08-04T11:00:23Z</time>
      </trkpt>
      <trkpt lat="9.002867" lon="-79.579499">
        <time>2026-08-04T11:00:24Z</time>
      </trkpt>
      <trkpt lat="9.002875" lon="-79.579474">
        <time>2026-08-04T11:00:25Z</time>
      </trkpt>
      <trkpt lat="9.002885" lon="-79.579450">
        <time>2026-08-04T11:00:26Z</time>
      </trkpt>
      <trkpt lat="9.002892" lon="-79.579425">
        <time>2026-08-04T11:00:27Z</time>
      </trkpt>
      <trkpt lat="9.002895" lon="-79.579400">
        <time>2026-08-04T11:00:28Z</time>
      </trkpt>
      <trkpt lat="9.002900" lon="-79.579375">
        <time>2026-08-04T11:00:29Z</time>
      </trkpt>
      <trkpt lat="9.002906" lon="-79.579347">
        <time>2026-08-04T11:00:30Z</time>
      </trkpt>
      <trkpt lat="9.002910" lon="-79.579324">
        <time>2026-08-04T11:00:31Z</time>
      </trkpt>
      <trkpt lat="9.002917" lon="-79.579296">
        <time>2026-08-04T11:00:32Z</time>
      </trkpt>
      <trkpt lat="9.002922" lon="-79.579270">
        <time>2026-08-04T11:00:33Z</time>
      </trkpt>
      <trkpt lat="9.002927" lon="-79.579245">
        <time>2026-08-04T11:00:34Z</time>
      </trkpt>
      <trkpt lat="9.002932" lon="-79.579218">
        <time>2026-08-04T11:00:35Z</time>
      </trkpt>
      <trkpt lat="9.002939" lon="-79.579194">
        <time>2026-08-04T11:00:36Z</time>
      </trkpt>
      <trkpt lat="9.002946" lon="-79.579167">
        <time>2026-08-04T11:00:37Z</time>
      </trkpt>
      <trkpt lat="9.002951" lon="-79.579140">
        <time>2026-08-04T11:00:38Z</time>
      </trkpt>
      <trkpt lat="9.002958" lon="-79.579114">
        <time>2026-08-04T11:00:39Z</time>
      </trkpt>
      <trkpt lat="9.002962" lon="-79.579088">
        <time>2026-08-04T11:00:40Z</time>
      </trkpt>
      <trkpt lat="9.002965" lon="-79.579060">
        <time>2026-08-04T11:00:41Z</time>
      </trkpt>
      <trkpt lat="9.002969" lon="-79.579028">
        <time>2026-08-04T11:00:42Z</time>
      </trkpt>
      <trkpt lat="9.002973" lon="-79.579002">
        <time>2026-08-04T11:00:43Z</time>
      </trkpt>
      <trkpt lat="9.002973" lon="-79.578975">
        <time>2026-08-04T11:00:44Z</time>
      </trkpt>
      <trkpt lat="9.002975" lon="-79.578947">
        <time>2026-08-04T11:00:45Z</time>
      </trkpt>
      <trkpt lat="9.002975" lon="-79.578921">
        <time>2026-08-04T11:00:46Z</time>
      </trkpt>
      <trkpt lat="9.002974" lon="-79.578894">
        <time>2026-08-04T11:00:47Z</time>
      </trkpt>
      <trkpt lat="9.002974" lon="-79.578869">
        <time>2026-08-04T11:00:48Z</time>
      </trkpt>
      <trkpt lat="9.002972" lon="-79.578842">
        <time>2026-08-04T11:00:49Z</time>
      </trkpt>
      <trkpt lat="9.002968" lon="-79.578813">
        <time>2026-08-04T11:00:50Z</time>
      </trkpt>
      <trkpt lat="9.002964" lon="-79.578786">
        <time>2026-08-04T11:00:51Z</time>
      </trkpt>
      <trkpt lat="9.002958" lon="-79.578757">
        <time>2026-08-04T11:00:52Z</time>
      </trkpt>
      <trkpt lat="9.002955" lon="-79.578733">
        <time>2026-08-04T11:00:53Z</time>
      </trkpt>
      <trkpt lat="9.002951" lon="-79.578705">
        <time>2026-08-04T11:00:54Z</time>
      </trkpt>
      <trkpt lat="9.002946" lon="-79.578679">
        <time>2026-08-04T11:00:55Z</time>
      </trkpt>
      <trkpt lat="9.002941" lon="-79.578654">
        <time>2026-08-04T11:00:56Z</time>
      </trkpt>
      <trkpt lat="9.002936" lon="-79.578628">
        <time>2026-08-04T11:00:57Z</time>
      </trkpt>
      <trkpt lat="9.002932" lon="-79.578605">
        <time>2026-08-04T11:00:58Z</time>
      </trkpt>
      <trkpt lat="9.002929" lon="-79.578581">
        <time>2026-08-04T11:00:59Z</time>
      </trkpt>
      <trkpt lat="9.002927" lon="-79.578557">
        <time>2026-08-04T11:01:00Z</time>
      </trkpt>
      <trkpt lat="9.002924" lon="-79.578532">
        <time>2026-08-04T11:01:01Z</time>
      </trkpt>
      <trkpt lat="9.002916" lon="-79.578509">
        <time>2026-08-04T11:01:02Z</time>
      </trkpt>
      <trkpt lat="9.002915" lon="-79.578487">
        <time>2026-08-04T11:01:03Z</time>
      </trkpt>
      <trkpt lat="9.002912" lon="-79.578464">
        <time>2026-08-04T11:01:04Z</time>
      </trkpt>
      <trkpt lat="9.002907" lon="-79.578438">
        <time>2026-08-04T11:01:05Z</time>
      </trkpt>
      <trkpt lat="9.002905" lon="-79.578414">
        <time>2026-08-04T11:01:06Z</time>
      </trkpt>
      <trkpt lat="9.002899" lon="-79.578385">
        <time>2026-08-04T11:01:07Z</time>
      </trkpt>
      <trkpt lat="9.002894" lon="-79.578360">
        <time>2026-08-04T11:01:08Z</time>
      </trkpt>
      <trkpt lat="9.002890" lon="-79.578334">
        <time>2026-08-04T11:01:09Z</time>
      </trkpt>
      <trkpt lat="9.002886" lon="-79.578308">
        <time>2026-08-04T11:01:10Z</time>
      </trkpt>
      <trkpt lat="9.002884" lon="-79.578283">
        <time>2026-08-04T11:01:11Z</time>
      </trkpt>
      <trkpt lat="9.002875" lon="-79.578253">
        <time>2026-08-04T11:01:12Z</time>
      </trkpt>
      <trkpt lat="9.002867" lon="-79.578224">
        <time>2026-08-04T11:01:13Z</time>
      </trkpt>
      <trkpt lat="9.002858" lon="-79.578195">
        <time>2026-08-04T11:01:14Z</time>
      </trkpt>
      <trkpt lat="9.002849" lon="-79.578169">
        <time>2026-08-04T11:01:15Z</time>
      </trkpt>
      <trkpt lat="9.002840" lon="-79.578143">
        <time>2026-08-04T11:01:16Z</time>
      </trkpt>
      <trkpt lat="9.002827" lon="-79.578114">
        <time>2026-08-04T11:01:17Z</time>
      </trkpt>
      <trkpt lat="9.002814" lon="-79.578091">
        <time>2026-08-04T11:01:18Z</time>
      </trkpt>
      <trkpt lat="9.002799" lon="-79.578064">
        <time>2026-08-04T11:01:19Z</time>
      </trkpt>
      <trkpt lat="9.002781" lon="-79.578037">
        <time>2026-08-04T11:01:20Z</time>
      </trkpt>
      <trkpt lat="9.002765" lon="-79.578012">
        <time>2026-08-04T11:01:21Z</time>
      </trkpt>
      <trkpt lat="9.002746" lon="-79.577986">
        <time>2026-08-04T11:01:22Z</time>
      </trkpt>
      <trkpt lat="9.002726" lon="-79.577964">
        <time>2026-08-04T11:01:23Z</time>
      </trkpt>
      <trkpt lat="9.002702" lon="-79.577943">
        <time>2026-08-04T11:01:24Z</time>
      </trkpt>
      <trkpt lat="9.002680" lon="-79.577923">
        <time>2026-08-04T11:01:25Z</time>
      </trkpt>
      <trkpt lat="9.002657" lon="-79.577902">
        <time>2026-08-04T11:01:26Z</time>
      </trkpt>
      <trkpt lat="9.002636" lon="-79.577883">
        <time>2026-08-04T11:01:27Z</time>
      </trkpt>
      <trkpt lat="9.002613" lon="-79.577861">
        <time>2026-08-04T11:01:28Z</time>
      </trkpt>
      <trkpt lat="9.002594" lon="-79.577842">
        <time>2026-08-04T11:01:29Z</time>
      </trkpt>
      <trkpt lat="9.002573" lon="-79.577824">
        <time>2026-08-04T11:01:30Z</time>
      </trkpt>
      <trkpt lat="9.002553" lon="-79.577806">
        <time>2026-08-04T11:01:31Z</time>
      </trkpt>
      <trkpt lat="9.002533" lon="-79.577786">
        <time>2026-08-04T11:01:32Z</time>
      </trkpt>
      <trkpt lat="9.002506" lon="-79.577768">
        <time>2026-08-04T11:01:33Z</time>
      </trkpt>
      <trkpt lat="9.002484" lon="-79.577750">
        <time>2026-08-04T11:01:34Z</time>
      </trkpt>
      <trkpt lat="9.002462" lon="-79.577731">
        <time>2026-08-04T11:01:35Z</time>
      </trkpt>
      <trkpt lat="9.002441" lon="-79.577711">
        <time>2026-08-04T11:01:36Z</time>
      </trkpt>
      <trkpt lat="9.002419" lon="-79.577693">
        <time>2026-08-04T11:01:37Z</time>
      </trkpt>
      <trkpt lat="9.002396" lon="-79.577676">
        <time>2026-08-04T11:01:38Z</time>
      </trkpt>
      <trkpt lat="9.002375" lon="-79.577659">
        <time>2026-08-04T11:01:39Z</time>
      </trkpt>
      <trkpt lat="9.002353" lon="-79.577642">
        <time>2026-08-04T11:01:40Z</time>
      </trkpt>
      <trkpt lat="9.002331" lon="-79.577624">
        <time>2026-08-04T11:01:41Z</time>
      </trkpt>
      <trkpt lat="9.002306" lon="-79.577606">
        <time>2026-08-04T11:01:42Z</time>
      </trkpt>
      <trkpt lat="9.002283" lon="-79.577591">
        <time>2026-08-04T11:01:43Z</time>
      </trkpt>
      <trkpt lat="9.002261" lon="-79.577573">
        <time>2026-08-04T11:01:44Z</time>
      </trkpt>
      <trkpt lat="9.002237" lon="-79.577553">
        <time>2026-08-04T11:01:45Z</time>
      </trkpt>
      <trkpt lat="9.002217" lon="-79.577536">
        <time>2026-08-04T11:01:46Z</time>
      </trkpt>
      <trkpt lat="9.002192" lon="-79.577517">
        <time>2026-08-04T11:01:47Z</time>
      </trkpt>
      <trkpt lat="9.002170" lon="-79.577498">
        <time>2026-08-04T11:01:48Z</time>
      </trkpt>
      <trkpt lat="9.002147" lon="-79.577482">
        <time>2026-08-04T11:01:49Z</time>
      </trkpt>
      <trkpt lat="9.002120" lon="-79.577469">
        <time>2026-08-04T11:01:50Z</time>
      </trkpt>
      <trkpt lat="9.002096" lon="-79.577455">
        <time>2026-08-04T11:01:51Z</time>
      </trkpt>
      <trkpt lat="9.002071" lon="-79.577441">
        <time>2026-08-04T11:01:52Z</time>
      </trkpt>
      <trkpt lat="9.002047" lon="-79.577429">
        <time>2026-08-04T11:01:53Z</time>
      </trkpt>
      <trkpt lat="9.002023" lon="-79.577414">
        <time>2026-08-04T11:01:54Z</time>
      </trkpt>
      <trkpt lat="9.002001" lon="-79.577398">
        <time>2026-08-04T11:01:55Z</time>
      </trkpt>
      <trkpt lat="9.001979" lon="-79.577385">
        <time>2026-08-04T11:01:56Z</time>
      </trkpt>
      <trkpt lat="9.001955" lon="-79.577370">
        <time>2026-08-04T11:01:57Z</time>
      </trkpt>
      <trkpt lat="9.001931" lon="-79.577357">
        <time>2026-08-04T11:01:58Z</time>
      </trkpt>
      <trkpt lat="9.001906" lon="-79.577342">
        <time>2026-08-04T11:01:59Z</time>
      </trkpt>
      <trkpt lat="9.001882" lon="-79.577325">
        <time>2026-08-04T11:02:00Z</time>
      </trkpt>
      <trkpt lat="9.001857" lon="-79.577309">
        <time>2026-08-04T11:02:01Z</time>
      </trkpt>
      <trkpt lat="9.001832" lon="-79.577294">
        <time>2026-08-04T11:02:02Z</time>
      </trkpt>
      <trkpt lat="9.001809" lon="-79.577279">
        <time>2026-08-04T11:02:03Z</time>
      </trkpt>
      <trkpt lat="9.001784" lon="-79.577264">
        <time>2026-08-04T11:02:04Z</time>
      </trkpt>
      <trkpt lat="9.001763" lon="-79.577249">
        <time>2026-08-04T11:02:05Z</time>
      </trkpt>
      <trkpt lat="9.001739" lon="-79.577234">
        <time>2026-08-04T11:02:06Z</time>
      </trkpt>
      <trkpt lat="9.001716" lon="-79.577218">
        <time>2026-08-04T11:02:07Z</time>
      </trkpt>
      <trkpt lat="9.001694" lon="-79.577201">
        <time>2026-08-04T11:02:08Z</time>
      </trkpt>
      <trkpt lat="9.001669" lon="-79.577188">
        <time>2026-08-04T11:02:09Z</time>
      </trkpt>
      <trkpt lat="9.001645" lon="-79.577171">
        <time>2026-08-04T11:02:10Z</time>
      </trkpt>
      <trkpt lat="9.001620" lon="-79.577154">
        <time>2026-08-04T11:02:11Z</time>
      </trkpt>
      <trkpt lat="9.001598" lon="-79.577137">
        <time>2026-08-04T11:02:12Z</time>
      </trkpt>
      <trkpt lat="9.001572" lon="-79.577124">
        <time>2026-08-04T11:02:13Z</time>
      </trkpt>
      <trkpt lat="9.001547" lon="-79.577110">
        <time>2026-08-04T11:02:14Z</time>
      </trkpt>
      <trkpt lat="9.001521" lon="-79.577094">
        <time>2026-08-04T11:02:15Z</time>
      </trkpt>
      <trkpt lat="9.001487" lon="-79.577076">
        <time>2026-08-04T11:02:16Z</time>
      </trkpt>
      <trkpt lat="9.001459" lon="-79.577062">
        <time>2026-08-04T11:02:17Z</time>
      </trkpt>
      <trkpt lat="9.001429" lon="-79.577052">
        <time>2026-08-04T11:02:18Z</time>
      </trkpt>
      <trkpt lat="9.001400" lon="-79.577042">
        <time>2026-08-04T11:02:19Z</time>
      </trkpt>
      <trkpt lat="9.001370" lon="-79.577032">
        <time>2026-08-04T11:02:20Z</time>
      </trkpt>
      <trkpt lat="9.001341" lon="-79.577022">
        <time>2026-08-04T11:02:21Z</time>
      </trkpt>
      <trkpt lat="9.001314" lon="-79.577011">
        <time>2026-08-04T11:02:22Z</time>
      </trkpt>
      <trkpt lat="9.001285" lon="-79.577002">
        <time>2026-08-04T11:02:23Z</time>
      </trkpt>
      <trkpt lat="9.001257" lon="-79.576993">
        <time>2026-08-04T11:02:24Z</time>
      </trkpt>
      <trkpt lat="9.001227" lon="-79.576984">
        <time>2026-08-04T11:02:25Z</time>
      </trkpt>
      <trkpt lat="9.001199" lon="-79.576976">
        <time>2026-08-04T11:02:26Z</time>
      </trkpt>
      <trkpt lat="9.001172" lon="-79.576967">
        <time>2026-08-04T11:02:27Z</time>
      </trkpt>
      <trkpt lat="9.001144" lon="-79.576960">
        <time>2026-08-04T11:02:28Z</time>
      </trkpt>
      <trkpt lat="9.001117" lon="-79.576956">
        <time>2026-08-04T11:02:29Z</time>
      </trkpt>
      <trkpt lat="9.001087" lon="-79.576953">
        <time>2026-08-04T11:02:30Z</time>
      </trkpt>
      <trkpt lat="9.001058" lon="-79.576949">
        <time>2026-08-04T11:02:31Z</time>
      </trkpt>
      <trkpt lat="9.001028" lon="-79.576944">
        <time>2026-08-04T11:02:32Z</time>
      </trkpt>
      <trkpt lat="9.001000" lon="-79.576941">
        <time>2026-08-04T11:02:33Z</time>
      </trkpt>
      <trkpt lat="9.000968" lon="-79.576937">
        <time>2026-08-04T11:02:34Z</time>
      </trkpt>
      <trkpt lat="9.000937" lon="-79.576934">
        <time>2026-08-04T11:02:35Z</time>
      </trkpt>
      <trkpt lat="9.000909" lon="-79.576930">
        <time>2026-08-04T11:02:36Z</time>
      </trkpt>
      <trkpt lat="9.000880" lon="-79.576931">
        <time>2026-08-04T11:02:37Z</time>
      </trkpt>
      <trkpt lat="9.000851" lon="-79.576926">
        <time>2026-08-04T11:02:38Z</time>
      </trkpt>
      <trkpt lat="9.000820" lon="-79.576926">
        <time>2026-08-04T11:02:39Z</time>
      </trkpt>
      <trkpt lat="9.000788" lon="-79.576925">
        <time>2026-08-04T11:02:40Z</time>
      </trkpt>
      <trkpt lat="9.000757" lon="-79.576924">
        <time>2026-08-04T11:02:41Z</time>
      </trkpt>
      <trkpt lat="9.000728" lon="-79.576924">
        <time>2026-08-04T11:02:42Z</time>
      </trkpt>
      <trkpt lat="9.000699" lon="-79.576923">
        <time>2026-08-04T11:02:43Z</time>
      </trkpt>
      <trkpt lat="9.000669" lon="-79.576922">
        <time>2026-08-04T11:02:44Z</time>
      </trkpt>
      <trkpt lat="9.000641" lon="-79.576924">
        <time>2026-08-04T11:02:45Z</time>
      </trkpt>
      <trkpt lat="9.000611" lon="-79.576927">
        <time>2026-08-04T11:02:46Z</time>
      </trkpt>
      <trkpt lat="9.000582" lon="-79.576932">
        <time>2026-08-04T11:02:47Z</time>
      </trkpt>
      <trkpt lat="9.000554" lon="-79.576935">
        <time>2026-08-04T11:02:48Z</time>
      </trkpt>
      <trkpt lat="9.000524" lon="-79.576942">
        <time>2026-08-04T11:02:49Z</time>
      </trkpt>
      <trkpt lat="9.000497" lon="-79.576952">
        <time>2026-08-04T11:02:50Z</time>
      </trkpt>
      <trkpt lat="9.000471" lon="-79.576962">
        <time>2026-08-04T11:02:51Z</time>
      </trkpt>
      <trkpt lat="9.000443" lon="-79.576971">
        <time>2026-08-04T11:02:52Z</time>
      </trkpt>
      <trkpt lat="9.000417" lon="-79.576982">
        <time>2026-08-04T11:02:53Z</time>
      </trkpt>
      <trkpt lat="9.000391" lon="-79.576993">
        <time>2026-08-04T11:02:54Z</time>
      </trkpt>
      <trkpt lat="9.000364" lon="-79.577002">
        <time>2026-08-04T11:02:55Z</time>
      </trkpt>
      <trkpt lat="9.000338" lon="-79.577013">
        <time>2026-08-04T11:02:56Z</time>
      </trkpt>
      <trkpt lat="9.000316" lon="-79.577025">
        <time>2026-08-04T11:02:57Z</time>
      </trkpt>
      <trkpt lat="9.000290" lon="-79.577039">
        <time>2026-08-04T11:02:58Z</time>
      </trkpt>
      <trkpt lat="9.000264" lon="-79.577051">
        <time>2026-08-04T11:02:59Z</time>
      </trkpt>
      <trkpt lat="9.000239" lon="-79.577063">
        <time>2026-08-04T11:03:00Z</time>
      </trkpt>
      <trkpt lat="9.000216" lon="-79.577078">
        <time>2026-08-04T11:03:01Z</time>
      </trkpt>
      <trkpt lat="9.000192" lon="-79.577091">
        <time>2026-08-04T11:03:02Z</time>
      </trkpt>
      <trkpt lat="9.000166" lon="-79.577107">
        <time>2026-08-04T11:03:03Z</time>
      </trkpt>
      <trkpt lat="9.000142" lon="-79.577120">
        <time>2026-08-04T11:03:04Z</time>
      </trkpt>
      <trkpt lat="9.000116" lon="-79.577138">
        <time>2026-08-04T11:03:05Z</time>
      </trkpt>
      <trkpt lat="9.000095" lon="-79.577155">
        <time>2026-08-04T11:03:06Z</time>
      </trkpt>
      <trkpt lat="9.000072" lon="-79.577172">
        <time>2026-08-04T11:03:07Z</time>
      </trkpt>
      <trkpt lat="9.000048" lon="-79.577188">
        <time>2026-08-04T11:03:08Z</time>
      </trkpt>
      <trkpt lat="9.000022" lon="-79.577204">
        <time>2026-08-04T11:03:09Z</time>
      </trkpt>
      <trkpt lat="8.999999" lon="-79.577221">
        <time>2026-08-04T11:03:10Z</time>
      </trkpt>
      <trkpt lat="8.999976" lon="-79.577238">
        <time>2026-08-04T11:03:11Z</time>
      </trkpt>
      <trkpt lat="8.999951" lon="-79.577253">
        <time>2026-08-04T11:03:12Z</time>
      </trkpt>
      <trkpt lat="8.999927" lon="-79.577272">
        <time>2026-08-04T11:03:13Z</time>
      </trkpt>
      <trkpt lat="8.999903" lon="-79.577291">
        <time>2026-08-04T11:03:14Z</time>
      </trkpt>
      <trkpt lat="8.999882" lon="-79.577308">
        <time>2026-08-04T11:03:15Z</time>
      </trkpt>
      <trkpt lat="8.999860" lon="-79.577325">
        <time>2026-08-04T11:03:16Z</time>
      </trkpt>
      <trkpt lat="8.999837" lon="-79.577342">
        <time>2026-08-04T11:03:17Z</time>
      </trkpt>
      <trkpt lat="8.999817" lon="-79.577359">
        <time>2026-08-04T11:03:18Z</time>
      </trkpt>
      <trkpt lat="8.999793" lon="-79.577378">
        <time>2026-08-04T11:03:19Z</time>
      </trkpt>
      <trkpt lat="8.999773" lon="-79.577392">
        <time>2026-08-04T11:03:20Z</time>
      </trkpt>
      <trkpt lat="8.999748" lon="-79.577409">
        <time>2026-08-04T11:03:21Z</time>
      </trkpt>
      <trkpt lat="8.999725" lon="-79.577425">
        <time>2026-08-04T11:03:22Z</time>
      </trkpt>
      <trkpt lat="8.999705" lon="-79.577442">
        <time>2026-08-04T11:03:23Z</time>
      </trkpt>
      <trkpt lat="8.999681" lon="-79.577459">
        <time>2026-08-04T11:03:24Z</time>
      </trkpt>
      <trkpt lat="8.999654" lon="-79.577473">
        <time>2026-08-04T11:03:25Z</time>
      </trkpt>
      <trkpt lat="8.999632" lon="-79.577491">
        <time>2026-08-04T11:03:26Z</time>
      </trkpt>
      <trkpt lat="8.999609" lon="-79.577506">
        <time>2026-08-04T11:03:27Z</time>
      </trkpt>
      <trkpt lat="8.999586" lon="-79.577523">
        <time>2026-08-04T11:03:28Z</time>
      </trkpt>
      <trkpt lat="8.999562" lon="-79.577539">
        <time>2026-08-04T11:03:29Z</time>
      </trkpt>
      <trkpt lat="8.999538" lon="-79.577557">
        <time>2026-08-04T11:03:30Z</time>
      </trkpt>
      <trkpt lat="8.999515" lon="-79.577575">
        <time>2026-08-04T11:03:31Z</time>
      </trkpt>
      <trkpt lat="8.999491" lon="-79.577593">
        <time>2026-08-04T11:03:32Z</time>
      </trkpt>
      <trkpt lat="8.999466" lon="-79.577611">
        <time>2026-08-04T11:03:33Z</time>
      </trkpt>
      <trkpt lat="8.999443" lon="-79.577625">
        <time>2026-08-04T11:03:34Z</time>
      </trkpt>
      <trkpt lat="8.999418" lon="-79.577643">
        <time>2026-08-04T11:03:35Z</time>
      </trkpt>
      <trkpt lat="8.999396" lon="-79.577660">
        <time>2026-08-04T11:03:36Z</time>
      </trkpt>
      <trkpt lat="8.999373" lon="-79.577679">
        <time>2026-08-04T11:03:37Z</time>
      </trkpt>
      <trkpt lat="8.999352" lon="-79.577695">
        <time>2026-08-04T11:03:38Z</time>
      </trkpt>
      <trkpt lat="8.999328" lon="-79.577711">
        <time>2026-08-04T11:03:39Z</time>
      </trkpt>
      <trkpt lat="8.999303" lon="-79.577728">
        <time>2026-08-04T11:03:40Z</time>
      </trkpt>
      <trkpt lat="8.999283" lon="-79.577744">
        <time>2026-08-04T11:03:41Z</time>
      </trkpt>
      <trkpt lat="8.999260" lon="-79.577763">
        <time>2026-08-04T11:03:42Z</time>
      </trkpt>
      <trkpt lat="8.999237" lon="-79.577779">
        <time>2026-08-04T11:03:43Z</time>
      </trkpt>
      <trkpt lat="8.999215" lon="-79.577795">
        <time>2026-08-04T11:03:44Z</time>
      </trkpt>
      <trkpt lat="8.999192" lon="-79.577813">
        <time>2026-08-04T11:03:45Z</time>
      </trkpt>
      <trkpt lat="8.999171" lon="-79.577831">
        <time>2026-08-04T11:03:46Z</time>
      </trkpt>
      <trkpt lat="8.999146" lon="-79.577844">
        <time>2026-08-04T11:03:47Z</time>
      </trkpt>
      <trkpt lat="8.999124" lon="-79.577862">
        <time>2026-08-04T11:03:48Z</time>
      </trkpt>
      <trkpt lat="8.999099" lon="-79.577879">
        <time>2026-08-04T11:03:49Z</time>
      </trkpt>
      <trkpt lat="8.999073" lon="-79.577897">
        <time>2026-08-04T11:03:50Z</time>
      </trkpt>
      <trkpt lat="8.999049" lon="-79.577914">
        <time>2026-08-04T11:03:51Z</time>
      </trkpt>
      <trkpt lat="8.999024" lon="-79.577932">
        <time>2026-08-04T11:03:52Z</time>
      </trkpt>
      <trkpt lat="8.998999" lon="-79.577951">
        <time>2026-08-04T11:03:53Z</time>
      </trkpt>
      <trkpt lat="8.998976" lon="-79.577971">
        <time>2026-08-04T11:03:54Z</time>
      </trkpt>
      <trkpt lat="8.998955" lon="-79.577991">
        <time>2026-08-04T11:03:55Z</time>
      </trkpt>
      <trkpt lat="8.998933" lon="-79.578012">
        <time>2026-08-04T11:03:56Z</time>
      </trkpt>
      <trkpt lat="8.998913" lon="-79.578030">
        <time>2026-08-04T11:03:57Z</time>
      </trkpt>
      <trkpt lat="8.998891" lon="-79.578047">
        <time>2026-08-04T11:03:58Z</time>
      </trkpt>
      <trkpt lat="8.998866" lon="-79.578065">
        <time>2026-08-04T11:03:59Z</time>
      </trkpt>
      <trkpt lat="8.998843" lon="-79.578085">
        <time>2026-08-04T11:04:00Z</time>
      </trkpt>
      <trkpt lat="8.998821" lon="-79.578103">
        <time>2026-08-04T11:04:01Z</time>
      </trkpt>
      <trkpt lat="8.998800" lon="-79.578119">
        <time>2026-08-04T11:04:02Z</time>
      </trkpt>
      <trkpt lat="8.998777" lon="-79.578138">
        <time>2026-08-04T11:04:03Z</time>
      </trkpt>
      <trkpt lat="8.998752" lon="-79.578154">
        <time>2026-08-04T11:04:04Z</time>
      </trkpt>
      <trkpt lat="8.998729" lon="-79.578170">
        <time>2026-08-04T11:04:05Z</time>
      </trkpt>
      <trkpt lat="8.998707" lon="-79.578189">
        <time>2026-08-04T11:04:06Z</time>
      </trkpt>
      <trkpt lat="8.998684" lon="-79.578208">
        <time>2026-08-04T11:04:07Z</time>
      </trkpt>
      <trkpt lat="8.998661" lon="-79.578226">
        <time>2026-08-04T11:04:08Z</time>
      </trkpt>
      <trkpt lat="8.998637" lon="-79.578242">
        <time>2026-08-04T11:04:09Z</time>
      </trkpt>
      <trkpt lat="8.998614" lon="-79.578260">
        <time>2026-08-04T11:04:10Z</time>
      </trkpt>
      <trkpt lat="8.998589" lon="-79.578278">
        <time>2026-08-04T11:04:11Z</time>
      </trkpt>
      <trkpt lat="8.998566" lon="-79.578294">
        <time>2026-08-04T11:04:12Z</time>
      </trkpt>
      <trkpt lat="8.998541" lon="-79.578312">
        <time>2026-08-04T11:04:13Z</time>
      </trkpt>
      <trkpt lat="8.998516" lon="-79.578325">
        <time>2026-08-04T11:04:14Z</time>
      </trkpt>
      <trkpt lat="8.998488" lon="-79.578336">
        <time>2026-08-04T11:04:15Z</time>
      </trkpt>
      <trkpt lat="8.998461" lon="-79.578348">
        <time>2026-08-04T11:04:16Z</time>
      </trkpt>
      <trkpt lat="8.998432" lon="-79.578356">
        <time>2026-08-04T11:04:17Z</time>
      </trkpt>
      <trkpt lat="8.998405" lon="-79.578364">
        <time>2026-08-04T11:04:18Z</time>
      </trkpt>
      <trkpt lat="8.998376" lon="-79.578372">
        <time>2026-08-04T11:04:19Z</time>
      </trkpt>
      <trkpt lat="8.998346" lon="-79.578380">
        <time>2026-08-04T11:04:20Z</time>
      </trkpt>
      <trkpt lat="8.998320" lon="-79.578384">
        <time>2026-08-04T11:04:21Z</time>
      </trkpt>
      <trkpt lat="8.998289" lon="-79.578390">
        <time>2026-08-04T11:04:22Z</time>
      </trkpt>
      <trkpt lat="8.998258" lon="-79.578398">
        <time>2026-08-04T11:04:23Z</time>
      </trkpt>
      <trkpt lat="8.998228" lon="-79.578405">
        <time>2026-08-04T11:04:24Z</time>
      </trkpt>
      <trkpt lat="8.998197" lon="-79.578410">
        <time>2026-08-04T11:04:25Z</time>
      </trkpt>
      <trkpt lat="8.998173" lon="-79.578416">
        <time>2026-08-04T11:04:26Z</time>
      </trkpt>
      <trkpt lat="8.998144" lon="-79.578421">
        <time>2026-08-04T11:04:27Z</time>
      </trkpt>
      <trkpt lat="8.998116" lon="-79.578424">
        <time>2026-08-04T11:04:28Z</time>
      </trkpt>
      <trkpt lat="8.998086" lon="-79.578431">
        <time>2026-08-04T11:04:29Z</time>
      </trkpt>
      <trkpt lat="8.998056" lon="-79.578434">
        <time>2026-08-04T11:04:30Z</time>
      </trkpt>
      <trkpt lat="8.998026" lon="-79.578438">
        <time>2026-08-04T11:04:31Z</time>
      </trkpt>
      <trkpt lat="8.997997" lon="-79.578447">
        <time>2026-08-04T11:04:32Z</time>
      </trkpt>
      <trkpt lat="8.997972" lon="-79.578457">
        <time>2026-08-04T11:04:33Z</time>
      </trkpt>
      <trkpt lat="8.997945" lon="-79.578472">
        <time>2026-08-04T11:04:34Z</time>
      </trkpt>
      <trkpt lat="8.997922" lon="-79.578489">
        <time>2026-08-04T11:04:35Z</time>
      </trkpt>
      <trkpt lat="8.997908" lon="-79.578518">
        <time>2026-08-04T11:04:36Z</time>
      </trkpt>
      <trkpt lat="8.997898" lon="-79.578549">
        <time>2026-08-04T11:04:37Z</time>
      </trkpt>
      <trkpt lat="8.997891" lon="-79.578583">
        <time>2026-08-04T11:04:38Z</time>
      </trkpt>
      <trkpt lat="8.997890" lon="-79.578619">
        <time>2026-08-04T11:04:39Z</time>
      </trkpt>
      <trkpt lat="8.997891" lon="-79.578653">
        <time>2026-08-04T11:04:40Z</time>
      </trkpt>
      <trkpt lat="8.997891" lon="-79.578686">
        <time>2026-08-04T11:04:41Z</time>
      </trkpt>
      <trkpt lat="8.997892" lon="-79.578718">
        <time>2026-08-04T11:04:42Z</time>
      </trkpt>
      <trkpt lat="8.997896" lon="-79.578751">
        <time>2026-08-04T11:04:43Z</time>
      </trkpt>
      <trkpt lat="8.997902" lon="-79.578782">
        <time>2026-08-04T11:04:44Z</time>
      </trkpt>
      <trkpt lat="8.997906" lon="-79.578811">
        <time>2026-08-04T11:04:45Z</time>
      </trkpt>
      <trkpt lat="8.997913" lon="-79.578842">
        <time>2026-08-04T11:04:46Z</time>
      </trkpt>
      <trkpt lat="8.997920" lon="-79.578873">
        <time>2026-08-04T11:04:47Z</time>
      </trkpt>
      <trkpt lat="8.997929" lon="-79.578902">
        <time>2026-08-04T11:04:48Z</time>
      </trkpt>
      <trkpt lat="8.997936" lon="-79.578929">
        <time>2026-08-04T11:04:49Z</time>
      </trkpt>
      <trkpt lat="8.997944" lon="-79.578959">
        <time>2026-08-04T11:04:50Z</time>
      </trkpt>
      <trkpt lat="8.997951" lon="-79.578989">
        <time>2026-08-04T11:04:51Z</time>
      </trkpt>
      <trkpt lat="8.997954" lon="-79.579017">
        <time>2026-08-04T11:04:52Z</time>
      </trkpt>
      <trkpt lat="8.997963" lon="-79.579044">
        <time>2026-08-04T11:04:53Z</time>
      </trkpt>
      <trkpt lat="8.997970" lon="-79.579071">
        <time>2026-08-04T11:04:54Z</time>
      </trkpt>
      <trkpt lat="8.997976" lon="-79.579099">
        <time>2026-08-04T11:04:55Z</time>
      </trkpt>
      <trkpt lat="8.997982" lon="-79.579125">
        <time>2026-08-04T11:04:56Z</time>
      </trkpt>
      <trkpt lat="8.997992" lon="-79.579154">
        <time>2026-08-04T11:04:57Z</time>
      </trkpt>
      <trkpt lat="8.998003" lon="-79.579183">
        <time>2026-08-04T11:04:58Z</time>
      </trkpt>
      <trkpt lat="8.998011" lon="-79.579210">
        <time>2026-08-04T11:04:59Z</time>
      </trkpt>
      <trkpt lat="8.998025" lon="-79.579237">
        <time>2026-08-04T11:05:00Z</time>
      </trkpt>
      <trkpt lat="8.998040" lon="-79.579261">
        <time>2026-08-04T11:05:01Z</time>
      </trkpt>
      <trkpt lat="8.998056" lon="-79.579289">
        <time>2026-08-04T11:05:02Z</time>
      </trkpt>
      <trkpt lat="8.998071" lon="-79.579314">
        <time>2026-08-04T11:05:03Z</time>
      </trkpt>
      <trkpt lat="8.998086" lon="-79.579341">
        <time>2026-08-04T11:05:04Z</time>
      </trkpt>
      <trkpt lat="8.998104" lon="-79.579367">
        <time>2026-08-04T11:05:05Z</time>
      </trkpt>
      <trkpt lat="8.998120" lon="-79.579392">
        <time>2026-08-04T11:05:06Z</time>
      </trkpt>
      <trkpt lat="8.998138" lon="-79.579416">
        <time>2026-08-04T11:05:07Z</time>
      </trkpt>
      <trkpt lat="8.998158" lon="-79.579443">
        <time>2026-08-04T11:05:08Z</time>
      </trkpt>
      <trkpt lat="8.998182" lon="-79.579475">
        <time>2026-08-04T11:05:09Z</time>
      </trkpt>
      <trkpt lat="8.998205" lon="-79.579502">
        <time>2026-08-04T11:05:10Z</time>
      </trkpt>
      <trkpt lat="8.998232" lon="-79.579529">
        <time>2026-08-04T11:05:11Z</time>
      </trkpt>
      <trkpt lat="8.998256" lon="-79.579552">
        <time>2026-08-04T11:05:12Z</time>
      </trkpt>
      <trkpt lat="8.998289" lon="-79.579571">
        <time>2026-08-04T11:05:13Z</time>
      </trkpt>
      <trkpt lat="8.998328" lon="-79.579576">
        <time>2026-08-04T11:05:14Z</time>
      </trkpt>
      <trkpt lat="8.998366" lon="-79.579580">
        <time>2026-08-04T11:05:15Z</time>
      </trkpt>
      <trkpt lat="8.998400" lon="-79.579574">
        <time>2026-08-04T11:05:16Z</time>
      </trkpt>
      <trkpt lat="8.998430" lon="-79.579568">
        <time>2026-08-04T11:05:17Z</time>
      </trkpt>
      <trkpt lat="8.998463" lon="-79.579561">
        <time>2026-08-04T11:05:18Z</time>
      </trkpt>
      <trkpt lat="8.998494" lon="-79.579552">
        <time>2026-08-04T11:05:19Z</time>
      </trkpt>
      <trkpt lat="8.998524" lon="-79.579532">
        <time>2026-08-04T11:05:20Z</time>
      </trkpt>
      <trkpt lat="8.998551" lon="-79.579512">
        <time>2026-08-04T11:05:21Z</time>
      </trkpt>
      <trkpt lat="8.998574" lon="-79.579489">
        <time>2026-08-04T11:05:22Z</time>
      </trkpt>
      <trkpt lat="8.998597" lon="-79.579459">
        <time>2026-08-04T11:05:23Z</time>
      </trkpt>
      <trkpt lat="8.998614" lon="-79.579432">
        <time>2026-08-04T11:05:24Z</time>
      </trkpt>
      <trkpt lat="8.998628" lon="-79.579402">
        <time>2026-08-04T11:05:25Z</time>
      </trkpt>
      <trkpt lat="8.998643" lon="-79.579372">
        <time>2026-08-04T11:05:26Z</time>
      </trkpt>
      <trkpt lat="8.998659" lon="-79.579341">
        <time>2026-08-04T11:05:27Z</time>
      </trkpt>
      <trkpt lat="8.998678" lon="-79.579314">
        <time>2026-08-04T11:05:28Z</time>
      </trkpt>
      <trkpt lat="8.998700" lon="-79.579291">
        <time>2026-08-04T11:05:29Z</time>
      </trkpt>
      <trkpt lat="8.998721" lon="-79.579268">
        <time>2026-08-04T11:05:30Z</time>
      </trkpt>
      <trkpt lat="8.998741" lon="-79.579250">
        <time>2026-08-04T11:05:31Z</time>
      </trkpt>
      <trkpt lat="8.998766" lon="-79.579233">
        <time>2026-08-04T11:05:32Z</time>
      </trkpt>
      <trkpt lat="8.998789" lon="-79.579223">
        <time>2026-08-04T11:05:33Z</time>
      </trkpt>
      <trkpt lat="8.998812" lon="-79.579221">
        <time>2026-08-04T11:05:34Z</time>
      </trkpt>
      <trkpt lat="8.998832" lon="-79.579228">
        <time>2026-08-04T11:05:35Z</time>
      </trkpt>
      <trkpt lat="8.998853" lon="-79.579246">
        <time>2026-08-04T11:05:36Z</time>
      </trkpt>
      <trkpt lat="8.998873" lon="-79.579265">
        <time>2026-08-04T11:05:37Z</time>
      </trkpt>
      <trkpt lat="8.998893" lon="-79.579282">
        <time>2026-08-04T11:05:38Z</time>
      </trkpt>
      <trkpt lat="8.998923" lon="-79.579289">
        <time>2026-08-04T11:05:39Z</time>
      </trkpt>
      <trkpt lat="8.998952" lon="-79.579294">
        <time>2026-08-04T11:05:40Z</time>
      </trkpt>
      <trkpt lat="8.998983" lon="-79.579288">
        <time>2026-08-04T11:05:41Z</time>
      </trkpt>
      <trkpt lat="8.999010" lon="-79.579284">
        <time>2026-08-04T11:05:42Z</time>
      </trkpt>
      <trkpt lat="8.999036" lon="-79.579276">
        <time>2026-08-04T11:05:43Z</time>
      </trkpt>
      <trkpt lat="8.999064" lon="-79.579266">
        <time>2026-08-04T11:05:44Z</time>
      </trkpt>
      <trkpt lat="8.999091" lon="-79.579255">
        <time>2026-08-04T11:05:45Z</time>
      </trkpt>
      <trkpt lat="8.999120" lon="-79.579249">
        <time>2026-08-04T11:05:46Z</time>
      </trkpt>
      <trkpt lat="8.999148" lon="-79.579241">
        <time>2026-08-04T11:05:47Z</time>
      </trkpt>
      <trkpt lat="8.999178" lon="-79.579235">
        <time>2026-08-04T11:05:48Z</time>
      </trkpt>
      <trkpt lat="8.999208" lon="-79.579232">
        <time>2026-08-04T11:05:49Z</time>
      </trkpt>
      <trkpt lat="8.999241" lon="-79.579229">
        <time>2026-08-04T11:05:50Z</time>
      </trkpt>
      <trkpt lat="8.999265" lon="-79.579233">
        <time>2026-08-04T11:05:51Z</time>
      </trkpt>
      <trkpt lat="8.999295" lon="-79.579231">
        <time>2026-08-04T11:05:52Z</time>
      </trkpt>
      <trkpt lat="8.999323" lon="-79.579230">
        <time>2026-08-04T11:05:53Z</time>
      </trkpt>
      <trkpt lat="8.999354" lon="-79.579227">
        <time>2026-08-04T11:05:54Z</time>
      </trkpt>
      <trkpt lat="8.999383" lon="-79.579223">
        <time>2026-08-04T11:05:55Z</time>
      </trkpt>
      <trkpt lat="8.999410" lon="-79.579220">
        <time>2026-08-04T11:05:56Z</time>
      </trkpt>
      <trkpt lat="8.999440" lon="-79.579212">
        <time>2026-08-04T11:05:57Z</time>
      </trkpt>
      <trkpt lat="8.999469" lon="-79.579205">
        <time>2026-08-04T11:05:58Z</time>
      </trkpt>
      <trkpt lat="8.999496" lon="-79.579205">
        <time>2026-08-04T11:05:59Z</time>
      </trkpt>
      <trkpt lat="8.999522" lon="-79.579203">
        <time>2026-08-04T11:06:00Z</time>
      </trkpt>
      <trkpt lat="8.999553" lon="-79.579200">
        <time>2026-08-04T11:06:01Z</time>
      </trkpt>
      <trkpt lat="8.999580" lon="-79.579201">
        <time>2026-08-04T11:06:02Z</time>
      </trkpt>
      <trkpt lat="8.999607" lon="-79.579204">
        <time>2026-08-04T11:06:03Z</time>
      </trkpt>
      <trkpt lat="8.999635" lon="-79.579210">
        <time>2026-08-04T11:06:04Z</time>
      </trkpt>
      <trkpt lat="8.999659" lon="-79.579218">
        <time>2026-08-04T11:06:05Z</time>
      </trkpt>
      <trkpt lat="8.999687" lon="-79.579226">
        <time>2026-08-04T11:06:06Z</time>
      </trkpt>
      <trkpt lat="8.999710" lon="-79.579239">
        <time>2026-08-04T11:06:07Z</time>
      </trkpt>
      <trkpt lat="8.999737" lon="-79.579251">
        <time>2026-08-04T11:06:08Z</time>
      </trkpt>
      <trkpt lat="8.999764" lon="-79.579263">
        <time>2026-08-04T11:06:09Z</time>
      </trkpt>
      <trkpt lat="8.999793" lon="-79.579276">
        <time>2026-08-04T11:06:10Z</time>
      </trkpt>
      <trkpt lat="8.999821" lon="-79.579292">
        <time>2026-08-04T11:06:11Z</time>
      </trkpt>
      <trkpt lat="8.999851" lon="-79.579301">
        <time>2026-08-04T11:06:12Z</time>
      </trkpt>
      <trkpt lat="8.999882" lon="-79.579301">
        <time>2026-08-04T11:06:13Z</time>
      </trkpt>
      <trkpt lat="8.999912" lon="-79.579302">
        <time>2026-08-04T11:06:14Z</time>
      </trkpt>
      <trkpt lat="8.999938" lon="-79.579301">
        <time>2026-08-04T11:06:15Z</time>
      </trkpt>
      <trkpt lat="8.999962" lon="-79.579300">
        <time>2026-08-04T11:06:16Z</time>
      </trkpt>
      <trkpt lat="8.999979" lon="-79.579295">
        <time>2026-08-04T11:06:17Z</time>
      </trkpt>
      <trkpt lat="8.999994" lon="-79.579298">
        <time>2026-08-04T11:06:18Z</time>
      </trkpt>
      <trkpt lat="9.000011" lon="-79.579296">
        <time>2026-08-04T11:06:19Z</time>
      </trkpt>
      <trkpt lat="9.000008" lon="-79.579301">
        <time>2026-08-04T11:06:20Z</time>
      </trkpt>
      <trkpt lat="8.999995" lon="-79.579306">
        <time>2026-08-04T11:06:21Z</time>
      </trkpt>
      <trkpt lat="8.999982" lon="-79.579307">
        <time>2026-08-04T11:06:22Z</time>
      </trkpt>
      <trkpt lat="8.999970" lon="-79.579304">
        <time>2026-08-04T11:06:23Z</time>
      </trkpt>
      <trkpt lat="8.999954" lon="-79.579301">
        <time>2026-08-04T11:06:24Z</time>
      </trkpt>
      <trkpt lat="8.999939" lon="-79.579297">
        <time>2026-08-04T11:06:25Z</time>
      </trkpt>
      <trkpt lat="8.999924" lon="-79.579299">
        <time>2026-08-04T11:06:26Z</time>
      </trkpt>
      <trkpt lat="8.999910" lon="-79.579298">
        <time>2026-08-04T11:06:27Z</time>
      </trkpt>
      <trkpt lat="8.999898" lon="-79.579299">
        <time>2026-08-04T11:06:28Z</time>
      </trkpt>
      <trkpt lat="8.999882" lon="-79.579300">
        <time>2026-08-04T11:06:29Z</time>
      </trkpt>
      <trkpt lat="8.999865" lon="-79.579298">
        <time>2026-08-04T11:06:30Z</time>
      </trkpt>
      <trkpt lat="8.999855" lon="-79.579293">
        <time>2026-08-04T11:06:31Z</time>
      </trkpt>
      <trkpt lat="8.999842" lon="-79.579289">
        <time>2026-08-04T11:06:32Z</time>
      </trkpt>
      <trkpt lat="8.999831" lon="-79.579284">
        <time>2026-08-04T11:06:33Z</time>
      </trkpt>
      <trkpt lat="8.999816" lon="-79.579278">
        <time>2026-08-04T11:06:34Z</time>
      </trkpt>
      <trkpt lat="8.999804" lon="-79.579274">
        <time>2026-08-04T11:06:35Z</time>
      </trkpt>
      <trkpt lat="8.999792" lon="-79.579267">
        <time>2026-08-04T11:06:36Z</time>
      </trkpt>
      <trkpt lat="8.999781" lon="-79.579260">
        <time>2026-08-04T11:06:37Z</time>
      </trkpt>
      <trkpt lat="8.999770" lon="-79.579256">
        <time>2026-08-04T11:06:38Z</time>
      </trkpt>
      <trkpt lat="8.999761" lon="-79.579249">
        <time>2026-08-04T11:06:39Z</time>
      </trkpt>
      <trkpt lat="8.999749" lon="-79.579245">
        <time>2026-08-04T11:06:40Z</time>
      </trkpt>
      <trkpt lat="8.999736" lon="-79.579239">
        <time>2026-08-04T11:06:41Z</time>
      </trkpt>
      <trkpt lat="8.999720" lon="-79.579230">
        <time>2026-08-04T11:06:42Z</time>
      </trkpt>
      <trkpt lat="8.999703" lon="-79.579220">
        <time>2026-08-04T11:06:43Z</time>
      </trkpt>
      <trkpt lat="8.999688" lon="-79.579211">
        <time>2026-08-04T11:06:44Z</time>
      </trkpt>
      <trkpt lat="8.999668" lon="-79.579204">
        <time>2026-08-04T11:06:45Z</time>
      </trkpt>
      <trkpt lat="8.999650" lon="-79.579196">
        <time>2026-08-04T11:06:46Z</time>
      </trkpt>
      <trkpt lat="8.999631" lon="-79.579190">
        <time>2026-08-04T11:06:47Z</time>
      </trkpt>
      <trkpt lat="8.999615" lon="-79.579184">
        <time>2026-08-04T11:06:48Z</time>
      </trkpt>
      <trkpt lat="8.999598" lon="-79.579178">
        <time>2026-08-04T11:06:49Z</time>
      </trkpt>
      <trkpt lat="8.999583" lon="-79.579177">
        <time>2026-08-04T11:06:50Z</time>
      </trkpt>
      <trkpt lat="8.999566" lon="-79.579180">
        <time>2026-08-04T11:06:51Z</time>
      </trkpt>
      <trkpt lat="8.999548" lon="-79.579182">
        <time>2026-08-04T11:06:52Z</time>
      </trkpt>
      <trkpt lat="8.999529" lon="-79.579183">
        <time>2026-08-04T11:06:53Z</time>
      </trkpt>
      <trkpt lat="8.999512" lon="-79.579186">
        <time>2026-08-04T11:06:54Z</time>
      </trkpt>
      <trkpt lat="8.999494" lon="-79.579192">
        <time>2026-08-04T11:06:55Z</time>
      </trkpt>
      <trkpt lat="8.999474" lon="-79.579197">
        <time>2026-08-04T11:06:56Z</time>
      </trkpt>
      <trkpt lat="8.999454" lon="-79.579201">
        <time>2026-08-04T11:06:57Z</time>
      </trkpt>
      <trkpt lat="8.999435" lon="-79.579201">
        <time>2026-08-04T11:06:58Z</time>
      </trkpt>
      <trkpt lat="8.999413" lon="-79.579204">
        <time>2026-08-04T11:06:59Z</time>
      </trkpt>
      <trkpt lat="8.999395" lon="-79.579207">
        <time>2026-08-04T11:07:00Z</time>
      </trkpt>
      <trkpt lat="8.999378" lon="-79.579207">
        <time>2026-08-04T11:07:01Z</time>
      </trkpt>
      <trkpt lat="8.999357" lon="-79.579205">
        <time>2026-08-04T11:07:02Z</time>
      </trkpt>
      <trkpt lat="8.999340" lon="-79.579204">
        <time>2026-08-04T11:07:03Z</time>
      </trkpt>
      <trkpt lat="8.999323" lon="-79.579198">
        <time>2026-08-04T11:07:04Z</time>
      </trkpt>
      <trkpt lat="8.999303" lon="-79.579196">
        <time>2026-08-04T11:07:05Z</time>
      </trkpt>
      <trkpt lat="8.999283" lon="-79.579195">
        <time>2026-08-04T11:07:06Z</time>
      </trkpt>
      <trkpt lat="8.999261" lon="-79.579196">
        <time>2026-08-04T11:07:07Z</time>
      </trkpt>
      <trkpt lat="8.999239" lon="-79.579197">
        <time>2026-08-04T11:07:08Z</time>
      </trkpt>
      <trkpt lat="8.999218" lon="-79.579199">
        <time>2026-08-04T11:07:09Z</time>
      </trkpt>
      <trkpt lat="8.999197" lon="-79.579200">
        <time>2026-08-04T11:07:10Z</time>
      </trkpt>
      <trkpt lat="8.999175" lon="-79.579209">
        <time>2026-08-04T11:07:11Z</time>
      </trkpt>
      <trkpt lat="8.999153" lon="-79.579219">
        <time>2026-08-04T11:07:12Z</time>
      </trkpt>
      <trkpt lat="8.999133" lon="-79.579226">
        <time>2026-08-04T11:07:13Z</time>
      </trkpt>
      <trkpt lat="8.999114" lon="-79.579235">
        <time>2026-08-04T11:07:14Z</time>
      </trkpt>
      <trkpt lat="8.999094" lon="-79.579244">
        <time>2026-08-04T11:07:15Z</time>
      </trkpt>
      <trkpt lat="8.999074" lon="-79.579252">
        <time>2026-08-04T11:07:16Z</time>
      </trkpt>
      <trkpt lat="8.999055" lon="-79.579259">
        <time>2026-08-04T11:07:17Z</time>
      </trkpt>
      <trkpt lat="8.999035" lon="-79.579268">
        <time>2026-08-04T11:07:18Z</time>
      </trkpt>
      <trkpt lat="8.999016" lon="-79.579273">
        <time>2026-08-04T11:07:19Z</time>
      </trkpt>
      <trkpt lat="8.999000" lon="-79.579276">
        <time>2026-08-04T11:07:20Z</time>
      </trkpt>
      <trkpt lat="8.998981" lon="-79.579279">
        <time>2026-08-04T11:07:21Z</time>
      </trkpt>
      <trkpt lat="8.998961" lon="-79.579278">
        <time>2026-08-04T11:07:22Z</time>
      </trkpt>
      <trkpt lat="8.998941" lon="-79.579275">
        <time>2026-08-04T11:07:23Z</time>
      </trkpt>
      <trkpt lat="8.998921" lon="-79.579269">
        <time>2026-08-04T11:07:24Z</time>
      </trkpt>
      <trkpt lat="8.998905" lon="-79.579249">
        <time>2026-08-04T11:07:25Z</time>
      </trkpt>
      <trkpt lat="8.998889" lon="-79.579231">
        <time>2026-08-04T11:07:26Z</time>
      </trkpt>
      <trkpt lat="8.998873" lon="-79.579212">
        <time>2026-08-04T11:07:27Z</time>
      </trkpt>
      <trkpt lat="8.998854" lon="-79.579192">
        <time>2026-08-04T11:07:28Z</time>
      </trkpt>
      <trkpt lat="8.998828" lon="-79.579187">
        <time>2026-08-04T11:07:29Z</time>
      </trkpt>
      <trkpt lat="8.998799" lon="-79.579190">
        <time>2026-08-04T11:07:30Z</time>
      </trkpt>
      <trkpt lat="8.998772" lon="-79.579200">
        <time>2026-08-04T11:07:31Z</time>
      </trkpt>
      <trkpt lat="8.998748" lon="-79.579214">
        <time>2026-08-04T11:07:32Z</time>
      </trkpt>
      <trkpt lat="8.998724" lon="-79.579226">
        <time>2026-08-04T11:07:33Z</time>
      </trkpt>
      <trkpt lat="8.998702" lon="-79.579240">
        <time>2026-08-04T11:07:34Z</time>
      </trkpt>
      <trkpt lat="8.998681" lon="-79.579256">
        <time>2026-08-04T11:07:35Z</time>
      </trkpt>
      <trkpt lat="8.998661" lon="-79.579274">
        <time>2026-08-04T11:07:36Z</time>
      </trkpt>
      <trkpt lat="8.998643" lon="-79.579293">
        <time>2026-08-04T11:07:37Z</time>
      </trkpt>
      <trkpt lat="8.998629" lon="-79.579316">
        <time>2026-08-04T11:07:38Z</time>
      </trkpt>
      <trkpt lat="8.998619" lon="-79.579337">
        <time>2026-08-04T11:07:39Z</time>
      </trkpt>
      <trkpt lat="8.998610" lon="-79.579360">
        <time>2026-08-04T11:07:40Z</time>
      </trkpt>
      <trkpt lat="8.998603" lon="-79.579381">
        <time>2026-08-04T11:07:41Z</time>
      </trkpt>
      <trkpt lat="8.998595" lon="-79.579399">
        <time>2026-08-04T11:07:42Z</time>
      </trkpt>
      <trkpt lat="8.998582" lon="-79.579418">
        <time>2026-08-04T11:07:43Z</time>
      </trkpt>
      <trkpt lat="8.998566" lon="-79.579437">
        <time>2026-08-04T11:07:44Z</time>
      </trkpt>
      <trkpt lat="8.998548" lon="-79.579454">
        <time>2026-08-04T11:07:45Z</time>
      </trkpt>
      <trkpt lat="8.998532" lon="-79.579470">
        <time>2026-08-04T11:07:46Z</time>
      </trkpt>
      <trkpt lat="8.998512" lon="-79.579481">
        <time>2026-08-04T11:07:47Z</time>
      </trkpt>
      <trkpt lat="8.998489" lon="-79.579491">
        <time>2026-08-04T11:07:48Z</time>
      </trkpt>
      <trkpt lat="8.998465" lon="-79.579502">
        <time>2026-08-04T11:07:49Z</time>
      </trkpt>
      <trkpt lat="8.998443" lon="-79.579513">
        <time>2026-08-04T11:07:50Z</time>
      </trkpt>
      <trkpt lat="8.998418" lon="-79.579525">
        <time>2026-08-04T11:07:51Z</time>
      </trkpt>
      <trkpt lat="8.998394" lon="-79.579532">
        <time>2026-08-04T11:07:52Z</time>
      </trkpt>
      <trkpt lat="8.998372" lon="-79.579537">
        <time>2026-08-04T11:07:53Z</time>
      </trkpt>
      <trkpt lat="8.998348" lon="-79.579532">
        <time>2026-08-04T11:07:54Z</time>
      </trkpt>
      <trkpt lat="8.998328" lon="-79.579522">
        <time>2026-08-04T11:07:55Z</time>
      </trkpt>
      <trkpt lat="8.998311" lon="-79.579509">
        <time>2026-08-04T11:07:56Z</time>
      </trkpt>
      <trkpt lat="8.998295" lon="-79.579493">
        <time>2026-08-04T11:07:57Z</time>
      </trkpt>
      <trkpt lat="8.998280" lon="-79.579474">
        <time>2026-08-04T11:07:58Z</time>
      </trkpt>
      <trkpt lat="8.998263" lon="-79.579456">
        <time>2026-08-04T11:07:59Z</time>
      </trkpt>
      <trkpt lat="8.998248" lon="-79.579436">
        <time>2026-08-04T11:08:00Z</time>
      </trkpt>
      <trkpt lat="8.998233" lon="-79.579417">
        <time>2026-08-04T11:08:01Z</time>
      </trkpt>
      <trkpt lat="8.998216" lon="-79.579398">
        <time>2026-08-04T11:08:02Z</time>
      </trkpt>
      <trkpt lat="8.998200" lon="-79.579379">
        <time>2026-08-04T11:08:03Z</time>
      </trkpt>
      <trkpt lat="8.998183" lon="-79.579357">
        <time>2026-08-04T11:08:04Z</time>
      </trkpt>
      <trkpt lat="8.998166" lon="-79.579335">
        <time>2026-08-04T11:08:05Z</time>
      </trkpt>
      <trkpt lat="8.998150" lon="-79.579312">
        <time>2026-08-04T11:08:06Z</time>
      </trkpt>
      <trkpt lat="8.998133" lon="-79.579291">
        <time>2026-08-04T11:08:07Z</time>
      </trkpt>
      <trkpt lat="8.998118" lon="-79.579273">
        <time>2026-08-04T11:08:08Z</time>
      </trkpt>
      <trkpt lat="8.998105" lon="-79.579252">
        <time>2026-08-04T11:08:09Z</time>
      </trkpt>
      <trkpt lat="8.998089" lon="-79.579229">
        <time>2026-08-04T11:08:10Z</time>
      </trkpt>
      <trkpt lat="8.998076" lon="-79.579208">
        <time>2026-08-04T11:08:11Z</time>
      </trkpt>
      <trkpt lat="8.998062" lon="-79.579185">
        <time>2026-08-04T11:08:12Z</time>
      </trkpt>
      <trkpt lat="8.998049" lon="-79.579164">
        <time>2026-08-04T11:08:13Z</time>
      </trkpt>
      <trkpt lat="8.998035" lon="-79.579143">
        <time>2026-08-04T11:08:14Z</time>
      </trkpt>
      <trkpt lat="8.998024" lon="-79.579121">
        <time>2026-08-04T11:08:15Z</time>
      </trkpt>
      <trkpt lat="8.998016" lon="-79.579097">
        <time>2026-08-04T11:08:16Z</time>
      </trkpt>
      <trkpt lat="8.998003" lon="-79.579073">
        <time>2026-08-04T11:08:17Z</time>
      </trkpt>
      <trkpt lat="8.997995" lon="-79.579047">
        <time>2026-08-04T11:08:18Z</time>
      </trkpt>
      <trkpt lat="8.997988" lon="-79.579024">
        <time>2026-08-04T11:08:19Z</time>
      </trkpt>
      <trkpt lat="8.997979" lon="-79.578999">
        <time>2026-08-04T11:08:20Z</time>
      </trkpt>
      <trkpt lat="8.997974" lon="-79.578975">
        <time>2026-08-04T11:08:21Z</time>
      </trkpt>
      <trkpt lat="8.997964" lon="-79.578948">
        <time>2026-08-04T11:08:22Z</time>
      </trkpt>
      <trkpt lat="8.997956" lon="-79.578922">
        <time>2026-08-04T11:08:23Z</time>
      </trkpt>
      <trkpt lat="8.997950" lon="-79.578898">
        <time>2026-08-04T11:08:24Z</time>
      </trkpt>
      <trkpt lat="8.997940" lon="-79.578873">
        <time>2026-08-04T11:08:25Z</time>
      </trkpt>
      <trkpt lat="8.997936" lon="-79.578850">
        <time>2026-08-04T11:08:26Z</time>
      </trkpt>
      <trkpt lat="8.997930" lon="-79.578826">
        <time>2026-08-04T11:08:27Z</time>
      </trkpt>
      <trkpt lat="8.997926" lon="-79.578802">
        <time>2026-08-04T11:08:28Z</time>
      </trkpt>
      <trkpt lat="8.997922" lon="-79.578777">
        <time>2026-08-04T11:08:29Z</time>
      </trkpt>
      <trkpt lat="8.997919" lon="-79.578751">
        <time>2026-08-04T11:08:30Z</time>
      </trkpt>
      <trkpt lat="8.997921" lon="-79.578724">
        <time>2026-08-04T11:08:31Z</time>
      </trkpt>
      <trkpt lat="8.997919" lon="-79.578694">
        <time>2026-08-04T11:08:32Z</time>
      </trkpt>
      <trkpt lat="8.997919" lon="-79.578665">
        <time>2026-08-04T11:08:33Z</time>
      </trkpt>
      <trkpt lat="8.997921" lon="-79.578638">
        <time>2026-08-04T11:08:34Z</time>
      </trkpt>
      <trkpt lat="8.997924" lon="-79.578609">
        <time>2026-08-04T11:08:35Z</time>
      </trkpt>
      <trkpt lat="8.997930" lon="-79.578587">
        <time>2026-08-04T11:08:36Z</time>
      </trkpt>
      <trkpt lat="8.997934" lon="-79.578561">
        <time>2026-08-04T11:08:37Z</time>
      </trkpt>
      <trkpt lat="8.997934" lon="-79.578535">
        <time>2026-08-04T11:08:38Z</time>
      </trkpt>
      <trkpt lat="8.997928" lon="-79.578512">
        <time>2026-08-04T11:08:39Z</time>
      </trkpt>
      <trkpt lat="8.997902" lon="-79.578503">
        <time>2026-08-04T11:08:40Z</time>
      </trkpt>
      <trkpt lat="8.997871" lon="-79.578504">
        <time>2026-08-04T11:08:41Z</time>
      </trkpt>
      <trkpt lat="8.997843" lon="-79.578509">
        <time>2026-08-04T11:08:42Z</time>
      </trkpt>
      <trkpt lat="8.997812" lon="-79.578514">
        <time>2026-08-04T11:08:43Z</time>
      </trkpt>
      <trkpt lat="8.997784" lon="-79.578518">
        <time>2026-08-04T11:08:44Z</time>
      </trkpt>
      <trkpt lat="8.997754" lon="-79.578520">
        <time>2026-08-04T11:08:45Z</time>
      </trkpt>
      <trkpt lat="8.997733" lon="-79.578513">
        <time>2026-08-04T11:08:46Z</time>
      </trkpt>
      <trkpt lat="8.997714" lon="-79.578498">
        <time>2026-08-04T11:08:47Z</time>
      </trkpt>
      <trkpt lat="8.997696" lon="-79.578480">
        <time>2026-08-04T11:08:48Z</time>
      </trkpt>
      <trkpt lat="8.997682" lon="-79.578460">
        <time>2026-08-04T11:08:49Z</time>
      </trkpt>
      <trkpt lat="8.997667" lon="-79.578438">
        <time>2026-08-04T11:08:50Z</time>
      </trkpt>
      <trkpt lat="8.997652" lon="-79.578418">
        <time>2026-08-04T11:08:51Z</time>
      </trkpt>
      <trkpt lat="8.997641" lon="-79.578398">
        <time>2026-08-04T11:08:52Z</time>
      </trkpt>
      <trkpt lat="8.997631" lon="-79.578378">
        <time>2026-08-04T11:08:53Z</time>
      </trkpt>
      <trkpt lat="8.997628" lon="-79.578359">
        <time>2026-08-04T11:08:54Z</time>
      </trkpt>
      <trkpt lat="8.997638" lon="-79.578346">
        <time>2026-08-04T11:08:55Z</time>
      </trkpt>
      <trkpt lat="8.997658" lon="-79.578331">
        <time>2026-08-04T11:08:56Z</time>
      </trkpt>
      <trkpt lat="8.997678" lon="-79.578317">
        <time>2026-08-04T11:08:57Z</time>
      </trkpt>
      <trkpt lat="8.997698" lon="-79.578300">
        <time>2026-08-04T11:08:58Z</time>
      </trkpt>
      <trkpt lat="8.997720" lon="-79.578287">
        <time>2026-08-04T11:08:59Z</time>
      </trkpt>
      <trkpt lat="8.997743" lon="-79.578270">
        <time>2026-08-04T11:09:00Z</time>
      </trkpt>
      <trkpt lat="8.997764" lon="-79.578255">
        <time>2026-08-04T11:09:01Z</time>
      </trkpt>
      <trkpt lat="8.997785" lon="-79.578240">
        <time>2026-08-04T11:09:02Z</time>
      </trkpt>
      <trkpt lat="8.997805" lon="-79.578227">
        <time>2026-08-04T11:09:03Z</time>
      </trkpt>
      <trkpt lat="8.997824" lon="-79.578211">
        <time>2026-08-04T11:09:04Z</time>
      </trkpt>
      <trkpt lat="8.997841" lon="-79.578197">
        <time>2026-08-04T11:09:05Z</time>
      </trkpt>
      <trkpt lat="8.997859" lon="-79.578183">
        <time>2026-08-04T11:09:06Z</time>
      </trkpt>
      <trkpt lat="8.997877" lon="-79.578171">
        <time>2026-08-04T11:09:07Z</time>
      </trkpt>
      <trkpt lat="8.997897" lon="-79.578158">
        <time>2026-08-04T11:09:08Z</time>
      </trkpt>
      <trkpt lat="8.997918" lon="-79.578144">
        <time>2026-08-04T11:09:09Z</time>
      </trkpt>
      <trkpt lat="8.997938" lon="-79.578129">
        <time>2026-08-04T11:09:10Z</time>
      </trkpt>
      <trkpt lat="8.997958" lon="-79.578112">
        <time>2026-08-04T11:09:11Z</time>
      </trkpt>
      <trkpt lat="8.997978" lon="-79.578096">
        <time>2026-08-04T11:09:12Z</time>
      </trkpt>
      <trkpt lat="8.997998" lon="-79.578082">
        <time>2026-08-04T11:09:13Z</time>
      </trkpt>
      <trkpt lat="8.998019" lon="-79.578065">
        <time>2026-08-04T11:09:14Z</time>
      </trkpt>
      <trkpt lat="8.998038" lon="-79.578052">
        <time>2026-08-04T11:09:15Z</time>
      </trkpt>
      <trkpt lat="8.998056" lon="-79.578038">
        <time>2026-08-04T11:09:16Z</time>
      </trkpt>
      <trkpt lat="8.998077" lon="-79.578022">
        <time>2026-08-04T11:09:17Z</time>
      </trkpt>
      <trkpt lat="8.998096" lon="-79.578009">
        <time>2026-08-04T11:09:18Z</time>
      </trkpt>
      <trkpt lat="8.998116" lon="-79.577992">
        <time>2026-08-04T11:09:19Z</time>
      </trkpt>
      <trkpt lat="8.998135" lon="-79.577979">
        <time>2026-08-04T11:09:20Z</time>
      </trkpt>
      <trkpt lat="8.998155" lon="-79.577967">
        <time>2026-08-04T11:09:21Z</time>
      </trkpt>
      <trkpt lat="8.998174" lon="-79.577950">
        <time>2026-08-04T11:09:22Z</time>
      </trkpt>
      <trkpt lat="8.998194" lon="-79.577939">
        <time>2026-08-04T11:09:23Z</time>
      </trkpt>
      <trkpt lat="8.998214" lon="-79.577926">
        <time>2026-08-04T11:09:24Z</time>
      </trkpt>
      <trkpt lat="8.998232" lon="-79.577911">
        <time>2026-08-04T11:09:25Z</time>
      </trkpt>
      <trkpt lat="8.998250" lon="-79.577896">
        <time>2026-08-04T11:09:26Z</time>
      </trkpt>
      <trkpt lat="8.998264" lon="-79.577884">
        <time>2026-08-04T11:09:27Z</time>
      </trkpt>
      <trkpt lat="8.998278" lon="-79.577875">
        <time>2026-08-04T11:09:28Z</time>
      </trkpt>
      <trkpt lat="8.998295" lon="-79.577861">
        <time>2026-08-04T11:09:29Z</time>
      </trkpt>
      <trkpt lat="8.998312" lon="-79.577849">
        <time>2026-08-04T11:09:30Z</time>
      </trkpt>
      <trkpt lat="8.998331" lon="-79.577838">
        <time>2026-08-04T11:09:31Z</time>
      </trkpt>
      <trkpt lat="8.998351" lon="-79.577826">
        <time>2026-08-04T11:09:32Z</time>
      </trkpt>
      <trkpt lat="8.998371" lon="-79.577813">
        <time>2026-08-04T11:09:33Z</time>
      </trkpt>
      <trkpt lat="8.998390" lon="-79.577800">
        <time>2026-08-04T11:09:34Z</time>
      </trkpt>
      <trkpt lat="8.998407" lon="-79.577786">
        <time>2026-08-04T11:09:35Z</time>
      </trkpt>
      <trkpt lat="8.998428" lon="-79.577769">
        <time>2026-08-04T11:09:36Z</time>
      </trkpt>
      <trkpt lat="8.998447" lon="-79.577753">
        <time>2026-08-04T11:09:37Z</time>
      </trkpt>
      <trkpt lat="8.998471" lon="-79.577738">
        <time>2026-08-04T11:09:38Z</time>
      </trkpt>
      <trkpt lat="8.998493" lon="-79.577723">
        <time>2026-08-04T11:09:39Z</time>
      </trkpt>
      <trkpt lat="8.998514" lon="-79.577709">
        <time>2026-08-04T11:09:40Z</time>
      </trkpt>
      <trkpt lat="8.998535" lon="-79.577693">
        <time>2026-08-04T11:09:41Z</time>
      </trkpt>
      <trkpt lat="8.998554" lon="-79.577679">
        <time>2026-08-04T11:09:42Z</time>
      </trkpt>
      <trkpt lat="8.998574" lon="-79.577664">
        <time>2026-08-04T11:09:43Z</time>
      </trkpt>
      <trkpt lat="8.998594" lon="-79.577651">
        <time>2026-08-04T11:09:44Z</time>
      </trkpt>
      <trkpt lat="8.998614" lon="-79.577639">
        <time>2026-08-04T11:09:45Z</time>
      </trkpt>
      <trkpt lat="8.998633" lon="-79.577624">
        <time>2026-08-04T11:09:46Z</time>
      </trkpt>
      <trkpt lat="8.998652" lon="-79.577611">
        <time>2026-08-04T11:09:47Z</time>
      </trkpt>
      <trkpt lat="8.998669" lon="-79.577598">
        <time>2026-08-04T11:09:48Z</time>
      </trkpt>
      <trkpt lat="8.998685" lon="-79.577585">
        <time>2026-08-04T11:09:49Z</time>
      </trkpt>
      <trkpt lat="8.998703" lon="-79.577572">
        <time>2026-08-04T11:09:50Z</time>
      </trkpt>
      <trkpt lat="8.998722" lon="-79.577559">
        <time>2026-08-04T11:09:51Z</time>
      </trkpt>
      <trkpt lat="8.998740" lon="-79.577547">
        <time>2026-08-04T11:09:52Z</time>
      </trkpt>
      <trkpt lat="8.998758" lon="-79.577532">
        <time>2026-08-04T11:09:53Z</time>
      </trkpt>
      <trkpt lat="8.998776" lon="-79.577517">
        <time>2026-08-04T11:09:54Z</time>
      </trkpt>
      <trkpt lat="8.998792" lon="-79.577505">
        <time>2026-08-04T11:09:55Z</time>
      </trkpt>
      <trkpt lat="8.998810" lon="-79.577491">
        <time>2026-08-04T11:09:56Z</time>
      </trkpt>
      <trkpt lat="8.998824" lon="-79.577479">
        <time>2026-08-04T11:09:57Z</time>
      </trkpt>
      <trkpt lat="8.998841" lon="-79.577466">
        <time>2026-08-04T11:09:58Z</time>
      </trkpt>
      <trkpt lat="8.998859" lon="-79.577453">
        <time>2026-08-04T11:09:59Z</time>
      </trkpt>
      <trkpt lat="8.998877" lon="-79.577442">
        <time>2026-08-04T11:10:00Z</time>
      </trkpt>
      <trkpt lat="8.998897" lon="-79.577427">
        <time>2026-08-04T11:10:01Z</time>
      </trkpt>
      <trkpt lat="8.998915" lon="-79.577414">
        <time>2026-08-04T11:10:02Z</time>
      </trkpt>
      <trkpt lat="8.998934" lon="-79.577402">
        <time>2026-08-04T11:10:03Z</time>
      </trkpt>
      <trkpt lat="8.998954" lon="-79.577389">
        <time>2026-08-04T11:10:04Z</time>
      </trkpt>
      <trkpt lat="8.998972" lon="-79.577376">
        <time>2026-08-04T11:10:05Z</time>
      </trkpt>
      <trkpt lat="8.998989" lon="-79.577361">
        <time>2026-08-04T11:10:06Z</time>
      </trkpt>
      <trkpt lat="8.999007" lon="-79.577347">
        <time>2026-08-04T11:10:07Z</time>
      </trkpt>
      <trkpt lat="8.999025" lon="-79.577334">
        <time>2026-08-04T11:10:08Z</time>
      </trkpt>
      <trkpt lat="8.999043" lon="-79.577321">
        <time>2026-08-04T11:10:09Z</time>
      </trkpt>
      <trkpt lat="8.999061" lon="-79.577309">
        <time>2026-08-04T11:10:10Z</time>
      </trkpt>
      <trkpt lat="8.999079" lon="-79.577295">
        <time>2026-08-04T11:10:11Z</time>
      </trkpt>
      <trkpt lat="8.999098" lon="-79.577279">
        <time>2026-08-04T11:10:12Z</time>
      </trkpt>
      <trkpt lat="8.999117" lon="-79.577266">
        <time>2026-08-04T11:10:13Z</time>
      </trkpt>
      <trkpt lat="8.999137" lon="-79.577253">
        <time>2026-08-04T11:10:14Z</time>
      </trkpt>
      <trkpt lat="8.999158" lon="-79.577238">
        <time>2026-08-04T11:10:15Z</time>
      </trkpt>
      <trkpt lat="8.999178" lon="-79.577226">
        <time>2026-08-04T11:10:16Z</time>
      </trkpt>
      <trkpt lat="8.999198" lon="-79.577211">
        <time>2026-08-04T11:10:17Z</time>
      </trkpt>
      <trkpt lat="8.999218" lon="-79.577197">
        <time>2026-08-04T11:10:18Z</time>
      </trkpt>
      <trkpt lat="8.999239" lon="-79.577184">
        <time>2026-08-04T11:10:19Z</time>
      </trkpt>
      <trkpt lat="8.999259" lon="-79.577169">
        <time>2026-08-04T11:10:20Z</time>
      </trkpt>
      <trkpt lat="8.999278" lon="-79.577155">
        <time>2026-08-04T11:10:21Z</time>
      </trkpt>
      <trkpt lat="8.999297" lon="-79.577143">
        <time>2026-08-04T11:10:22Z</time>
      </trkpt>
      <trkpt lat="8.999316" lon="-79.577130">
        <time>2026-08-04T11:10:23Z</time>
      </trkpt>
      <trkpt lat="8.999335" lon="-79.577118">
        <time>2026-08-04T11:10:24Z</time>
      </trkpt>
      <trkpt lat="8.999352" lon="-79.577103">
        <time>2026-08-04T11:10:25Z</time>
      </trkpt>
      <trkpt lat="8.999371" lon="-79.577090">
        <time>2026-08-04T11:10:26Z</time>
      </trkpt>
      <trkpt lat="8.999392" lon="-79.577079">
        <time>2026-08-04T11:10:27Z</time>
      </trkpt>
      <trkpt lat="8.999410" lon="-79.577065">
        <time>2026-08-04T11:10:28Z</time>
      </trkpt>
      <trkpt lat="8.999428" lon="-79.577050">
        <time>2026-08-04T11:10:29Z</time>
      </trkpt>
      <trkpt lat="8.999446" lon="-79.577037">
        <time>2026-08-04T11:10:30Z</time>
      </trkpt>
      <trkpt lat="8.999467" lon="-79.577022">
        <time>2026-08-04T11:10:31Z</time>
      </trkpt>
      <trkpt lat="8.999486" lon="-79.577007">
        <time>2026-08-04T11:10:32Z</time>
      </trkpt>
      <trkpt lat="8.999506" lon="-79.576992">
        <time>2026-08-04T11:10:33Z</time>
      </trkpt>
      <trkpt lat="8.999524" lon="-79.576978">
        <time>2026-08-04T11:10:34Z</time>
      </trkpt>
      <trkpt lat="8.999545" lon="-79.576964">
        <time>2026-08-04T11:10:35Z</time>
      </trkpt>
      <trkpt lat="8.999565" lon="-79.576950">
        <time>2026-08-04T11:10:36Z</time>
      </trkpt>
      <trkpt lat="8.999585" lon="-79.576938">
        <time>2026-08-04T11:10:37Z</time>
      </trkpt>
      <trkpt lat="8.999603" lon="-79.576925">
        <time>2026-08-04T11:10:38Z</time>
      </trkpt>
      <trkpt lat="8.999623" lon="-79.576910">
        <time>2026-08-04T11:10:39Z</time>
      </trkpt>
      <trkpt lat="8.999640" lon="-79.576894">
        <time>2026-08-04T11:10:40Z</time>
      </trkpt>
      <trkpt lat="8.999661" lon="-79.576879">
        <time>2026-08-04T11:10:41Z</time>
      </trkpt>
      <trkpt lat="8.999680" lon="-79.576866">
        <time>2026-08-04T11:10:42Z</time>
      </trkpt>
      <trkpt lat="8.999695" lon="-79.576853">
        <time>2026-08-04T11:10:43Z</time>
      </trkpt>
      <trkpt lat="8.999710" lon="-79.576837">
        <time>2026-08-04T11:10:44Z</time>
      </trkpt>
      <trkpt lat="8.999721" lon="-79.576812">
        <time>2026-08-04T11:10:45Z</time>
      </trkpt>
      <trkpt lat="8.999730" lon="-79.576788">
        <time>2026-08-04T11:10:46Z</time>
      </trkpt>
      <trkpt lat="8.999742" lon="-79.576765">
        <time>2026-08-04T11:10:47Z</time>
      </trkpt>
      <trkpt lat="8.999756" lon="-79.576742">
        <time>2026-08-04T11:10:48Z</time>
      </trkpt>
      <trkpt lat="8.999771" lon="-79.576723">
        <time>2026-08-04T11:10:49Z</time>
      </trkpt>
      <trkpt lat="8.999787" lon="-79.576705">
        <time>2026-08-04T11:10:50Z</time>
      </trkpt>
      <trkpt lat="8.999805" lon="-79.576687">
        <time>2026-08-04T11:10:51Z</time>
      </trkpt>
      <trkpt lat="8.999824" lon="-79.576668">
        <time>2026-08-04T11:10:52Z</time>
      </trkpt>
      <trkpt lat="8.999841" lon="-79.576648">
        <time>2026-08-04T11:10:53Z</time>
      </trkpt>
      <trkpt lat="8.999854" lon="-79.576628">
        <time>2026-08-04T11:10:54Z</time>
      </trkpt>
      <trkpt lat="8.999865" lon="-79.576604">
        <time>2026-08-04T11:10:55Z</time>
      </trkpt>
      <trkpt lat="8.999878" lon="-79.576585">
        <time>2026-08-04T11:10:56Z</time>
      </trkpt>
      <trkpt lat="8.999899" lon="-79.576571">
        <time>2026-08-04T11:10:57Z</time>
      </trkpt>
      <trkpt lat="8.999919" lon="-79.576555">
        <time>2026-08-04T11:10:58Z</time>
      </trkpt>
      <trkpt lat="8.999938" lon="-79.576539">
        <time>2026-08-04T11:10:59Z</time>
      </trkpt>
      <trkpt lat="8.999959" lon="-79.576526">
        <time>2026-08-04T11:11:00Z</time>
      </trkpt>
      <trkpt lat="8.999978" lon="-79.576511">
        <time>2026-08-04T11:11:01Z</time>
      </trkpt>
      <trkpt lat="8.999998" lon="-79.576497">
        <time>2026-08-04T11:11:02Z</time>
      </trkpt>
      <trkpt lat="9.000020" lon="-79.576481">
        <time>2026-08-04T11:11:03Z</time>
      </trkpt>
      <trkpt lat="9.000038" lon="-79.576468">
        <time>2026-08-04T11:11:04Z</time>
      </trkpt>
      <trkpt lat="9.000057" lon="-79.576453">
        <time>2026-08-04T11:11:05Z</time>
      </trkpt>
      <trkpt lat="9.000075" lon="-79.576436">
        <time>2026-08-04T11:11:06Z</time>
      </trkpt>
      <trkpt lat="9.000093" lon="-79.576421">
        <time>2026-08-04T11:11:07Z</time>
      </trkpt>
      <trkpt lat="9.000111" lon="-79.576405">
        <time>2026-08-04T11:11:08Z</time>
      </trkpt>
      <trkpt lat="9.000129" lon="-79.576388">
        <time>2026-08-04T11:11:09Z</time>
      </trkpt>
      <trkpt lat="9.000147" lon="-79.576375">
        <time>2026-08-04T11:11:10Z</time>
      </trkpt>
      <trkpt lat="9.000164" lon="-79.576358">
        <time>2026-08-04T11:11:11Z</time>
      </trkpt>
      <trkpt lat="9.000182" lon="-79.576343">
        <time>2026-08-04T11:11:12Z</time>
      </trkpt>
      <trkpt lat="9.000199" lon="-79.576327">
        <time>2026-08-04T11:11:13Z</time>
      </trkpt>
      <trkpt lat="9.000217" lon="-79.576308">
        <time>2026-08-04T11:11:14Z</time>
      </trkpt>
      <trkpt lat="9.000234" lon="-79.576293">
        <time>2026-08-04T11:11:15Z</time>
      </trkpt>
      <trkpt lat="9.000249" lon="-79.576276">
        <time>2026-08-04T11:11:16Z</time>
      </trkpt>
      <trkpt lat="9.000266" lon="-79.576256">
        <time>2026-08-04T11:11:17Z</time>
      </trkpt>
      <trkpt lat="9.000281" lon="-79.576239">
        <time>2026-08-04T11:11:18Z</time>
      </trkpt>
      <trkpt lat="9.000297" lon="-79.576220">
        <time>2026-08-04T11:11:19Z</time>
      </trkpt>
      <trkpt lat="9.000315" lon="-79.576203">
        <time>2026-08-04T11:11:20Z</time>
      </trkpt>
      <trkpt lat="9.000333" lon="-79.576187">
        <time>2026-08-04T11:11:21Z</time>
      </trkpt>
      <trkpt lat="9.000348" lon="-79.576168">
        <time>2026-08-04T11:11:22Z</time>
      </trkpt>
      <trkpt lat="9.000364" lon="-79.576148">
        <time>2026-08-04T11:11:23Z</time>
      </trkpt>
      <trkpt lat="9.000379" lon="-79.576130">
        <time>2026-08-04T11:11:24Z</time>
      </trkpt>
      <trkpt lat="9.000393" lon="-79.576108">
        <time>2026-08-04T11:11:25Z</time>
      </trkpt>
      <trkpt lat="9.000408" lon="-79.576090">
        <time>2026-08-04T11:11:26Z</time>
      </trkpt>
      <trkpt lat="9.000425" lon="-79.576071">
        <time>2026-08-04T11:11:27Z</time>
      </trkpt>
      <trkpt lat="9.000439" lon="-79.576048">
        <time>2026-08-04T11:11:28Z</time>
      </trkpt>
      <trkpt lat="9.000454" lon="-79.576027">
        <time>2026-08-04T11:11:29Z</time>
      </trkpt>
      <trkpt lat="9.000467" lon="-79.576009">
        <time>2026-08-04T11:11:30Z</time>
      </trkpt>
      <trkpt lat="9.000481" lon="-79.575987">
        <time>2026-08-04T11:11:31Z</time>
      </trkpt>
      <trkpt lat="9.000497" lon="-79.575968">
        <time>2026-08-04T11:11:32Z</time>
      </trkpt>
      <trkpt lat="9.000510" lon="-79.575950">
        <time>2026-08-04T11:11:33Z</time>
      </trkpt>
      <trkpt lat="9.000526" lon="-79.575930">
        <time>2026-08-04T11:11:34Z</time>
      </trkpt>
      <trkpt lat="9.000544" lon="-79.575909">
        <time>2026-08-04T11:11:35Z</time>
      </trkpt>
      <trkpt lat="9.000560" lon="-79.575887">
        <time>2026-08-04T11:11:36Z</time>
      </trkpt>
      <trkpt lat="9.000576" lon="-79.575868">
        <time>2026-08-04T11:11:37Z</time>
      </trkpt>
      <trkpt lat="9.000592" lon="-79.575848">
        <time>2026-08-04T11:11:38Z</time>
      </trkpt>
      <trkpt lat="9.000609" lon="-79.575829">
        <time>2026-08-04T11:11:39Z</time>
      </trkpt>
      <trkpt lat="9.000626" lon="-79.575812">
        <time>2026-08-04T11:11:40Z</time>
      </trkpt>
      <trkpt lat="9.000641" lon="-79.575795">
        <time>2026-08-04T11:11:41Z</time>
      </trkpt>
      <trkpt lat="9.000661" lon="-79.575776">
        <time>2026-08-04T11:11:42Z</time>
      </trkpt>
      <trkpt lat="9.000680" lon="-79.575758">
        <time>2026-08-04T11:11:43Z</time>
      </trkpt>
      <trkpt lat="9.000699" lon="-79.575738">
        <time>2026-08-04T11:11:44Z</time>
      </trkpt>
      <trkpt lat="9.000719" lon="-79.575720">
        <time>2026-08-04T11:11:45Z</time>
      </trkpt>
      <trkpt lat="9.000738" lon="-79.575702">
        <time>2026-08-04T11:11:46Z</time>
      </trkpt>
      <trkpt lat="9.000757" lon="-79.575683">
        <time>2026-08-04T11:11:47Z</time>
      </trkpt>
      <trkpt lat="9.000778" lon="-79.575665">
        <time>2026-08-04T11:11:48Z</time>
      </trkpt>
      <trkpt lat="9.000795" lon="-79.575648">
        <time>2026-08-04T11:11:49Z</time>
      </trkpt>
      <trkpt lat="9.000817" lon="-79.575630">
        <time>2026-08-04T11:11:50Z</time>
      </trkpt>
      <trkpt lat="9.000837" lon="-79.575615">
        <time>2026-08-04T11:11:51Z</time>
      </trkpt>
      <trkpt lat="9.000859" lon="-79.575602">
        <time>2026-08-04T11:11:52Z</time>
      </trkpt>
      <trkpt lat="9.000881" lon="-79.575587">
        <time>2026-08-04T11:11:53Z</time>
      </trkpt>
      <trkpt lat="9.000901" lon="-79.575570">
        <time>2026-08-04T11:11:54Z</time>
      </trkpt>
      <trkpt lat="9.000922" lon="-79.575556">
        <time>2026-08-04T11:11:55Z</time>
      </trkpt>
      <trkpt lat="9.000943" lon="-79.575540">
        <time>2026-08-04T11:11:56Z</time>
      </trkpt>
      <trkpt lat="9.000964" lon="-79.575524">
        <time>2026-08-04T11:11:57Z</time>
      </trkpt>
      <trkpt lat="9.000985" lon="-79.575509">
        <time>2026-08-04T11:11:58Z</time>
      </trkpt>
      <trkpt lat="9.001005" lon="-79.575497">
        <time>2026-08-04T11:11:59Z</time>
      </trkpt>
      <trkpt lat="9.001025" lon="-79.575481">
        <time>2026-08-04T11:12:00Z</time>
      </trkpt>
      <trkpt lat="9.001044" lon="-79.575467">
        <time>2026-08-04T11:12:01Z</time>
      </trkpt>
      <trkpt lat="9.001063" lon="-79.575454">
        <time>2026-08-04T11:12:02Z</time>
      </trkpt>
      <trkpt lat="9.001085" lon="-79.575438">
        <time>2026-08-04T11:12:03Z</time>
      </trkpt>
      <trkpt lat="9.001106" lon="-79.575426">
        <time>2026-08-04T11:12:04Z</time>
      </trkpt>
      <trkpt lat="9.001128" lon="-79.575413">
        <time>2026-08-04T11:12:05Z</time>
      </trkpt>
      <trkpt lat="9.001145" lon="-79.575396">
        <time>2026-08-04T11:12:06Z</time>
      </trkpt>
      <trkpt lat="9.001166" lon="-79.575381">
        <time>2026-08-04T11:12:07Z</time>
      </trkpt>
      <trkpt lat="9.001189" lon="-79.575365">
        <time>2026-08-04T11:12:08Z</time>
      </trkpt>
      <trkpt lat="9.001211" lon="-79.575351">
        <time>2026-08-04T11:12:09Z</time>
      </trkpt>
      <trkpt lat="9.001235" lon="-79.575336">
        <time>2026-08-04T11:12:10Z</time>
      </trkpt>
      <trkpt lat="9.001257" lon="-79.575324">
        <time>2026-08-04T11:12:11Z</time>
      </trkpt>
      <trkpt lat="9.001278" lon="-79.575309">
        <time>2026-08-04T11:12:12Z</time>
      </trkpt>
      <trkpt lat="9.001300" lon="-79.575290">
        <time>2026-08-04T11:12:13Z</time>
      </trkpt>
      <trkpt lat="9.001320" lon="-79.575276">
        <time>2026-08-04T11:12:14Z</time>
      </trkpt>
      <trkpt lat="9.001341" lon="-79.575261">
        <time>2026-08-04T11:12:15Z</time>
      </trkpt>
      <trkpt lat="9.001361" lon="-79.575244">
        <time>2026-08-04T11:12:16Z</time>
      </trkpt>
      <trkpt lat="9.001380" lon="-79.575230">
        <time>2026-08-04T11:12:17Z</time>
      </trkpt>
      <trkpt lat="9.001399" lon="-79.575215">
        <time>2026-08-04T11:12:18Z</time>
      </trkpt>
      <trkpt lat="9.001420" lon="-79.575202">
        <time>2026-08-04T11:12:19Z</time>
      </trkpt>
      <trkpt lat="9.001439" lon="-79.575189">
        <time>2026-08-04T11:12:20Z</time>
      </trkpt>
      <trkpt lat="9.001459" lon="-79.575173">
        <time>2026-08-04T11:12:21Z</time>
      </trkpt>
      <trkpt lat="9.001479" lon="-79.575159">
        <time>2026-08-04T11:12:22Z</time>
      </trkpt>
      <trkpt lat="9.001495" lon="-79.575139">
        <time>2026-08-04T11:12:23Z</time>
      </trkpt>
      <trkpt lat="9.001514" lon="-79.575121">
        <time>2026-08-04T11:12:24Z</time>
      </trkpt>
      <trkpt lat="9.001533" lon="-79.575107">
        <time>2026-08-04T11:12:25Z</time>
      </trkpt>
      <trkpt lat="9.001552" lon="-79.575090">
        <time>2026-08-04T11:12:26Z</time>
      </trkpt>
      <trkpt lat="9.001572" lon="-79.575073">
        <time>2026-08-04T11:12:27Z</time>
      </trkpt>
      <trkpt lat="9.001593" lon="-79.575056">
        <time>2026-08-04T11:12:28Z</time>
      </trkpt>
      <trkpt lat="9.001612" lon="-79.575040">
        <time>2026-08-04T11:12:29Z</time>
      </trkpt>
      <trkpt lat="9.001633" lon="-79.575024">
        <time>2026-08-04T11:12:30Z</time>
      </trkpt>
      <trkpt lat="9.001654" lon="-79.575008">
        <time>2026-08-04T11:12:31Z</time>
      </trkpt>
      <trkpt lat="9.001674" lon="-79.574993">
        <time>2026-08-04T11:12:32Z</time>
      </trkpt>
      <trkpt lat="9.001691" lon="-79.574975">
        <time>2026-08-04T11:12:33Z</time>
      </trkpt>
      <trkpt lat="9.001710" lon="-79.574957">
        <time>2026-08-04T11:12:34Z</time>
      </trkpt>
      <trkpt lat="9.001729" lon="-79.574940">
        <time>2026-08-04T11:12:35Z</time>
      </trkpt>
      <trkpt lat="9.001749" lon="-79.574922">
        <time>2026-08-04T11:12:36Z</time>
      </trkpt>
      <trkpt lat="9.001769" lon="-79.574907">
        <time>2026-08-04T11:12:37Z</time>
      </trkpt>
      <trkpt lat="9.001789" lon="-79.574890">
        <time>2026-08-04T11:12:38Z</time>
      </trkpt>
      <trkpt lat="9.001806" lon="-79.574873">
        <time>2026-08-04T11:12:39Z</time>
      </trkpt>
      <trkpt lat="9.001826" lon="-79.574857">
        <time>2026-08-04T11:12:40Z</time>
      </trkpt>
      <trkpt lat="9.001847" lon="-79.574840">
        <time>2026-08-04T11:12:41Z</time>
      </trkpt>
      <trkpt lat="9.001866" lon="-79.574823">
        <time>2026-08-04T11:12:42Z</time>
      </trkpt>
      <trkpt lat="9.001886" lon="-79.574804">
        <time>2026-08-04T11:12:43Z</time>
      </trkpt>
      <trkpt lat="9.001906" lon="-79.574788">
        <time>2026-08-04T11:12:44Z</time>
      </trkpt>
      <trkpt lat="9.001926" lon="-79.574769">
        <time>2026-08-04T11:12:45Z</time>
      </trkpt>
      <trkpt lat="9.001946" lon="-79.574749">
        <time>2026-08-04T11:12:46Z</time>
      </trkpt>
      <trkpt lat="9.001966" lon="-79.574731">
        <time>2026-08-04T11:12:47Z</time>
      </trkpt>
      <trkpt lat="9.001984" lon="-79.574714">
        <time>2026-08-04T11:12:48Z</time>
      </trkpt>
      <trkpt lat="9.002004" lon="-79.574701">
        <time>2026-08-04T11:12:49Z</time>
      </trkpt>
      <trkpt lat="9.002018" lon="-79.574691">
        <time>2026-08-04T11:12:50Z</time>
      </trkpt>
      <trkpt lat="9.002027" lon="-79.574681">
        <time>2026-08-04T11:12:51Z</time>
      </trkpt>
      <trkpt lat="9.002039" lon="-79.574670">
        <time>2026-08-04T11:12:52Z</time>
      </trkpt>
    </trkseg>
  </trk>
</gpx>
