<?xml version="1.0" encoding="UTF-8"?>
<gpx version="1.1" creator="FitFilter" xmlns="http://www.topografix.com/GPX/1/1" xmlns:xsi="http://www.w3.org/2001/XMLSchema-instance" xsi:schemaLocation="http://www.topografix.com/GPX/1/1 http://www.topografix.com/GPX/1/1/gpx.xsd">
  <metadata>
    <time>2026-08-06T10:01:32Z</time>
  </metadata>
  <trk>
    <name>Running - 2026-08-06 10:01</name>
    <type>running</type>
    <trkseg>
      <trkpt lat="9.004722" lon="-79.566034">
        <time>2026-08-06T10:01:32Z</time>
      </trkpt>
      <trkpt lat="9.004723" lon="-79.566049">
        <time>2026-08-06T10:01:33Z</time>
      </trkpt>
      <trkpt lat="9.004727" lon="-79.566064">
        <time>2026-08-06T10:01:34Z</time>
      </trkpt>
      <trkpt lat="9.004736" lon="-79.566079">
        <time>2026-08-06T10:01:35Z</time>
      </trkpt>
      <trkpt lat="9.004747" lon="-79.566092">
        <time>2026-08-06T10:01:36Z</time>
      </trkpt>
      <trkpt lat="9.004754" lon="-79.566109">
        <time>2026-08-06T10:01:37Z</time>
      </trkpt>
      <trkpt lat="9.004762" lon="-79.566127">
        <time>2026-08-06T10:01:38Z</time>
      </trkpt>
      <trkpt lat="9.004771" lon="-79.566143">
        <time>2026-08-06T10:01:39Z</time>
      </trkpt>
      <trkpt lat="9.004779" lon="-79.566160">
        <time>2026-08-06T10:01:40Z</time>
      </trkpt>
      <trkpt lat="9.004788" lon="-79.566176">
        <time>2026-08-06T10:01:41Z</time>
      </trkpt>
      <trkpt lat="9.004799" lon="-79.566192">
        <time>2026-08-06T10:01:42Z</time>
      </trkpt>
      <trkpt lat="9.004809" lon="-79.566209">
        <time>2026-08-06T10:01:43Z</time>
      </trkpt>
      <trkpt lat="9.004819" lon="-79.566222">
        <time>2026-08-06T10:01:44Z</time>
      </trkpt>
      <trkpt lat="9.004829" lon="-79.566239">
        <time>2026-08-06T10:01:45Z</time>
      </trkpt>
      <trkpt lat="9.004838" lon="-79.566255">
        <time>2026-08-06T10:01:46Z</time>
      </trkpt>
      <trkpt lat="9.004845" lon="-79.566268">
        <time>2026-08-06T10:01:47Z</time>
      </trkpt>
      <trkpt lat="9.004854" lon="-79.566288">
        <time>2026-08-06T10:01:48Z</time>
      </trkpt>
      <trkpt lat="9.004862" lon="-79.566304">
        <time>2026-08-06T10:01:49Z</time>
      </trkpt>
      <trkpt lat="9.004869" lon="-79.566318">
        <time>2026-08-06T10:01:50Z</time>
      </trkpt>
      <trkpt lat="9.004879" lon="-79.566333">
        <time>2026-08-06T10:01:51Z</time>
      </trkpt>
      <trkpt lat="9.004888" lon="-79.566350">
        <time>2026-08-06T10:01:52Z</time>
      </trkpt>
      <trkpt lat="9.004898" lon="-79.566365">
        <time>2026-08-06T10:01:53Z</time>
      </trkpt>
      <trkpt lat="9.004907" lon="-79.566379">
        <time>2026-08-06T10:01:54Z</time>
      </trkpt>
      <trkpt lat="9.004916" lon="-79.566396">
        <time>2026-08-06T10:01:55Z</time>
      </trkpt>
      <trkpt lat="9.004926" lon="-79.566411">
        <time>2026-08-06T10:01:56Z</time>
      </trkpt>
      <trkpt lat="9.004938" lon="-79.566426">
        <time>2026-08-06T10:01:57Z</time>
      </trkpt>
      <trkpt lat="9.004946" lon="-79.566448">
        <time>2026-08-06T10:01:58Z</time>
      </trkpt>
      <trkpt lat="9.004954" lon="-79.566465">
        <time>2026-08-06T10:01:59Z</time>
      </trkpt>
      <trkpt lat="9.004962" lon="-79.566484">
        <time>2026-08-06T10:02:00Z</time>
      </trkpt>
      <trkpt lat="9.004973" lon="-79.566500">
        <time>2026-08-06T10:02:01Z</time>
      </trkpt>
      <trkpt lat="9.004981" lon="-79.566519">
        <time>2026-08-06T10:02:02Z</time>
      </trkpt>
      <trkpt lat="9.004991" lon="-79.566536">
        <time>2026-08-06T10:02:03Z</time>
      </trkpt>
      <trkpt lat="9.004999" lon="-79.566554">
        <time>2026-08-06T10:02:04Z</time>
      </trkpt>
      <trkpt lat="9.005009" lon="-79.566574">
        <time>2026-08-06T10:02:05Z</time>
      </trkpt>
      <trkpt lat="9.005017" lon="-79.566591">
        <time>2026-08-06T10:02:06Z</time>
      </trkpt>
      <trkpt lat="9.005022" lon="-79.566609">
        <time>2026-08-06T10:02:07Z</time>
      </trkpt>
      <trkpt lat="9.005029" lon="-79.566624">
        <time>2026-08-06T10:02:08Z</time>
      </trkpt>
      <trkpt lat="9.005036" lon="-79.566643">
        <time>2026-08-06T10:02:09Z</time>
      </trkpt>
      <trkpt lat="9.005040" lon="-79.566661">
        <time>2026-08-06T10:02:10Z</time>
      </trkpt>
      <trkpt lat="9.005041" lon="-79.566680">
        <time>2026-08-06T10:02:11Z</time>
      </trkpt>
      <trkpt lat="9.005048" lon="-79.566696">
        <time>2026-08-06T10:02:12Z</time>
      </trkpt>
      <trkpt lat="9.005054" lon="-79.566715">
        <time>2026-08-06T10:02:13Z</time>
      </trkpt>
      <trkpt lat="9.005060" lon="-79.566735">
        <time>2026-08-06T10:02:14Z</time>
      </trkpt>
      <trkpt lat="9.005065" lon="-79.566755">
        <time>2026-08-06T10:02:15Z</time>
      </trkpt>
      <trkpt lat="9.005069" lon="-79.566774">
        <time>2026-08-06T10:02:16Z</time>
      </trkpt>
      <trkpt lat="9.005078" lon="-79.566793">
        <time>2026-08-06T10:02:17Z</time>
      </trkpt>
      <trkpt lat="9.005088" lon="-79.566811">
        <time>2026-08-06T10:02:18Z</time>
      </trkpt>
      <trkpt lat="9.005095" lon="-79.566829">
        <time>2026-08-06T10:02:19Z</time>
      </trkpt>
      <trkpt lat="9.005102" lon="-79.566845">
        <time>2026-08-06T10:02:20Z</time>
      </trkpt>
      <trkpt lat="9.005103" lon="-79.566864">
        <time>2026-08-06T10:02:21Z</time>
      </trkpt>
      <trkpt lat="9.005102" lon="-79.566882">
        <time>2026-08-06T10:02:22Z</time>
      </trkpt>
      <trkpt lat="9.005105" lon="-79.566904">
        <time>2026-08-06T10:02:23Z</time>
      </trkpt>
      <trkpt lat="9.005109" lon="-79.566928">
        <time>2026-08-06T10:02:24Z</time>
      </trkpt>
      <trkpt lat="9.005114" lon="-79.566950">
        <time>2026-08-06T10:02:25Z</time>
      </trkpt>
      <trkpt lat="9.005124" lon="-79.566975">
        <time>2026-08-06T10:02:26Z</time>
      </trkpt>
      <trkpt lat="9.005137" lon="-79.566997">
        <time>2026-08-06T10:02:27Z</time>
      </trkpt>
      <trkpt lat="9.005150" lon="-79.567016">
        <time>2026-08-06T10:02:28Z</time>
      </trkpt>
      <trkpt lat="9.005163" lon="-79.567035">
        <time>2026-08-06T10:02:29Z</time>
      </trkpt>
      <trkpt lat="9.005174" lon="-79.567057">
        <time>2026-08-06T10:02:30Z</time>
      </trkpt>
      <trkpt lat="9.005183" lon="-79.567075">
        <time>2026-08-06T10:02:31Z</time>
      </trkpt>
      <trkpt lat="9.005191" lon="-79.567090">
        <time>2026-08-06T10:02:32Z</time>
      </trkpt>
      <trkpt lat="9.005202" lon="-79.567106">
        <time>2026-08-06T10:02:33Z</time>
      </trkpt>
      <trkpt lat="9.005210" lon="-79.567122">
        <time>2026-08-06T10:02:34Z</time>
      </trkpt>
      <trkpt lat="9.005216" lon="-79.567138">
        <time>2026-08-06T10:02:35Z</time>
      </trkpt>
      <trkpt lat="9.005223" lon="-79.567155">
        <time>2026-08-06T10:02:36Z</time>
      </trkpt>
      <trkpt lat="9.005232" lon="-79.567171">
        <time>2026-08-06T10:02:37Z</time>
      </trkpt>
      <trkpt lat="9.005241" lon="-79.567188">
        <time>2026-08-06T10:02:38Z</time>
      </trkpt>
      <trkpt lat="9.005248" lon="-79.567207">
        <time>2026-08-06T10:02:39Z</time>
      </trkpt>
      <trkpt lat="9.005257" lon="-79.567227">
        <time>2026-08-06T10:02:40Z</time>
      </trkpt>
      <trkpt lat="9.005266" lon="-79.567247">
        <time>2026-08-06T10:02:41Z</time>
      </trkpt>
      <trkpt lat="9.005276" lon="-79.567267">
        <time>2026-08-06T10:02:42Z</time>
      </trkpt>
      <trkpt lat="9.005283" lon="-79.567284">
        <time>2026-08-06T10:02:43Z</time>
      </trkpt>
      <trkpt lat="9.005290" lon="-79.567304">
        <time>2026-08-06T10:02:44Z</time>
      </trkpt>
      <trkpt lat="9.005301" lon="-79.567323">
        <time>2026-08-06T10:02:45Z</time>
      </trkpt>
      <trkpt lat="9.005309" lon="-79.567343">
        <time>2026-08-06T10:02:46Z</time>
      </trkpt>
      <trkpt lat="9.005319" lon="-79.567361">
        <time>2026-08-06T10:02:47Z</time>
      </trkpt>
      <trkpt lat="9.005330" lon="-79.567383">
        <time>2026-08-06T10:02:48Z</time>
      </trkpt>
      <trkpt lat="9.005341" lon="-79.567404">
        <time>2026-08-06T10:02:49Z</time>
      </trkpt>
      <trkpt lat="9.005352" lon="-79.567422">
        <time>2026-08-06T10:02:50Z</time>
      </trkpt>
      <trkpt lat="9.005364" lon="-79.567442">
        <time>2026-08-06T10:02:51Z</time>
      </trkpt>
      <trkpt lat="9.005374" lon="-79.567460">
        <time>2026-08-06T10:02:52Z</time>
      </trkpt>
      <trkpt lat="9.005386" lon="-79.567477">
        <time>2026-08-06T10:02:53Z</time>
      </trkpt>
      <trkpt lat="9.005398" lon="-79.567498">
        <time>2026-08-06T10:02:54Z</time>
      </trkpt>
      <trkpt lat="9.005407" lon="-79.567517">
        <time>2026-08-06T10:02:55Z</time>
      </trkpt>
      <trkpt lat="9.005418" lon="-79.567533">
        <time>2026-08-06T10:02:56Z</time>
      </trkpt>
      <trkpt lat="9.005432" lon="-79.567551">
        <time>2026-08-06T10:02:57Z</time>
      </trkpt>
      <trkpt lat="9.005442" lon="-79.567569">
        <time>2026-08-06T10:02:58Z</time>
      </trkpt>
      <trkpt lat="9.005453" lon="-79.567587">
        <time>2026-08-06T10:02:59Z</time>
      </trkpt>
      <trkpt lat="9.005467" lon="-79.567607">
        <time>2026-08-06T10:03:00Z</time>
      </trkpt>
      <trkpt lat="9.005479" lon="-79.567626">
        <time>2026-08-06T10:03:01Z</time>
      </trkpt>
      <trkpt lat="9.005492" lon="-79.567640">
        <time>2026-08-06T10:03:02Z</time>
      </trkpt>
      <trkpt lat="9.005504" lon="-79.567656">
        <time>2026-08-06T10:03:03Z</time>
      </trkpt>
      <trkpt lat="9.005517" lon="-79.567670">
        <time>2026-08-06T10:03:04Z</time>
      </trkpt>
      <trkpt lat="9.005527" lon="-79.567684">
        <time>2026-08-06T10:03:05Z</time>
      </trkpt>
      <trkpt lat="9.005538" lon="-79.567699">
        <time>2026-08-06T10:03:06Z</time>
      </trkpt>
      <trkpt lat="9.005549" lon="-79.567712">
        <time>2026-08-06T10:03:07Z</time>
      </trkpt>
      <trkpt lat="9.005562" lon="-79.567727">
        <time>2026-08-06T10:03:08Z</time>
      </trkpt>
      <trkpt lat="9.005574" lon="-79.567742">
        <time>2026-08-06T10:03:09Z</time>
      </trkpt>
      <trkpt lat="9.005588" lon="-79.567759">
        <time>2026-08-06T10:03:10Z</time>
      </trkpt>
      <trkpt lat="9.005602" lon="-79.567775">
        <time>2026-08-06T10:03:11Z</time>
      </trkpt>
      <trkpt lat="9.005614" lon="-79.567791">
        <time>2026-08-06T10:03:12Z</time>
      </trkpt>
      <trkpt lat="9.005627" lon="-79.567805">
        <time>2026-08-06T10:03:13Z</time>
      </trkpt>
      <trkpt lat="9.005642" lon="-79.567820">
        <time>2026-08-06T10:03:14Z</time>
      </trkpt>
      <trkpt lat="9.005655" lon="-79.567836">
        <time>2026-08-06T10:03:15Z</time>
      </trkpt>
      <trkpt lat="9.005668" lon="-79.567852">
        <time>2026-08-06T10:03:16Z</time>
      </trkpt>
      <trkpt lat="9.005684" lon="-79.567866">
        <time>2026-08-06T10:03:17Z</time>
      </trkpt>
      <trkpt lat="9.005700" lon="-79.567880">
        <time>2026-08-06T10:03:18Z</time>
      </trkpt>
      <trkpt lat="9.005712" lon="-79.567893">
        <time>2026-08-06T10:03:19Z</time>
      </trkpt>
      <trkpt lat="9.005722" lon="-79.567908">
        <time>2026-08-06T10:03:20Z</time>
      </trkpt>
      <trkpt lat="9.005732" lon="-79.567922">
        <time>2026-08-06T10:03:21Z</time>
      </trkpt>
      <trkpt lat="9.005743" lon="-79.567933">
        <time>2026-08-06T10:03:22Z</time>
      </trkpt>
      <trkpt lat="9.005755" lon="-79.567946">
        <time>2026-08-06T10:03:23Z</time>
      </trkpt>
      <trkpt lat="9.005765" lon="-79.567960">
        <time>2026-08-06T10:03:24Z</time>
      </trkpt>
      <trkpt lat="9.005771" lon="-79.567977">
        <time>2026-08-06T10:03:25Z</time>
      </trkpt>
      <trkpt lat="9.005778" lon="-79.567991">
        <time>2026-08-06T10:03:26Z</time>
      </trkpt>
      <trkpt lat="9.005781" lon="-79.568006">
        <time>2026-08-06T10:03:27Z</time>
      </trkpt>
      <trkpt lat="9.005781" lon="-79.568020">
        <time>2026-08-06T10:03:28Z</time>
      </trkpt>
      <trkpt lat="9.005779" lon="-79.568031">
        <time>2026-08-06T10:03:29Z</time>
      </trkpt>
      <trkpt lat="9.005777" lon="-79.568043">
        <time>2026-08-06T10:03:30Z</time>
      </trkpt>
      <trkpt lat="9.005773" lon="-79.568056">
        <time>2026-08-06T10:03:31Z</time>
      </trkpt>
      <trkpt lat="9.005766" lon="-79.568068">
        <time>2026-08-06T10:03:32Z</time>
      </trkpt>
      <trkpt lat="9.005760" lon="-79.568072">
        <time>2026-08-06T10:03:33Z</time>
      </trkpt>
      <trkpt lat="9.005754" lon="-79.568075">
        <time>2026-08-06T10:03:34Z</time>
      </trkpt>
      <trkpt lat="9.005750" lon="-79.568082">
        <time>2026-08-06T10:03:35Z</time>
      </trkpt>
      <trkpt lat="9.005744" lon="-79.568092">
        <time>2026-08-06T10:03:36Z</time>
      </trkpt>
      <trkpt lat="9.005738" lon="-79.568103">
        <time>2026-08-06T10:03:37Z</time>
      </trkpt>
      <trkpt lat="9.005732" lon="-79.568115">
        <time>2026-08-06T10:03:38Z</time>
      </trkpt>
      <trkpt lat="9.005724" lon="-79.568127">
        <time>2026-08-06T10:03:39Z</time>
      </trkpt>
      <trkpt lat="9.005717" lon="-79.568138">
        <time>2026-08-06T10:03:40Z</time>
      </trkpt>
      <trkpt lat="9.005707" lon="-79.568151">
        <time>2026-08-06T10:03:41Z</time>
      </trkpt>
      <trkpt lat="9.005701" lon="-79.568162">
        <time>2026-08-06T10:03:42Z</time>
      </trkpt>
      <trkpt lat="9.005689" lon="-79.568178">
        <time>2026-08-06T10:03:43Z</time>
      </trkpt>
      <trkpt lat="9.005678" lon="-79.568194">
        <time>2026-08-06T10:03:44Z</time>
      </trkpt>
      <trkpt lat="9.005668" lon="-79.568208">
        <time>2026-08-06T10:03:45Z</time>
      </trkpt>
      <trkpt lat="9.005661" lon="-79.568223">
        <time>2026-08-06T10:03:46Z</time>
      </trkpt>
      <trkpt lat="9.005652" lon="-79.568240">
        <time>2026-08-06T10:03:47Z</time>
      </trkpt>
      <trkpt lat="9.005641" lon="-79.568257">
        <time>2026-08-06T10:03:48Z</time>
      </trkpt>
      <trkpt lat="9.005629" lon="-79.568277">
        <time>2026-08-06T10:03:49Z</time>
      </trkpt>
      <trkpt lat="9.005616" lon="-79.568293">
        <time>2026-08-06T10:03:50Z</time>
      </trkpt>
      <trkpt lat="9.005602" lon="-79.568310">
        <time>2026-08-06T10:03:51Z</time>
      </trkpt>
      <trkpt lat="9.005590" lon="-79.568330">
        <time>2026-08-06T10:03:52Z</time>
      </trkpt>
      <trkpt lat="9.005577" lon="-79.568347">
        <time>2026-08-06T10:03:53Z</time>
      </trkpt>
      <trkpt lat="9.005566" lon="-79.568367">
        <time>2026-08-06T10:03:54Z</time>
      </trkpt>
      <trkpt lat="9.005557" lon="-79.568390">
        <time>2026-08-06T10:03:55Z</time>
      </trkpt>
      <trkpt lat="9.005549" lon="-79.568412">
        <time>2026-08-06T10:03:56Z</time>
      </trkpt>
      <trkpt lat="9.005544" lon="-79.568434">
        <time>2026-08-06T10:03:57Z</time>
      </trkpt>
      <trkpt lat="9.005541" lon="-79.568456">
        <time>2026-08-06T10:03:58Z</time>
      </trkpt>
      <trkpt lat="9.005541" lon="-79.568478">
        <time>2026-08-06T10:03:59Z</time>
      </trkpt>
      <trkpt lat="9.005540" lon="-79.568496">
        <time>2026-08-06T10:04:00Z</time>
      </trkpt>
      <trkpt lat="9.005536" lon="-79.568514">
        <time>2026-08-06T10:04:01Z</time>
      </trkpt>
      <trkpt lat="9.005530" lon="-79.568532">
        <time>2026-08-06T10:04:02Z</time>
      </trkpt>
      <trkpt lat="9.005524" lon="-79.568550">
        <time>2026-08-06T10:04:03Z</time>
      </trkpt>
      <trkpt lat="9.005520" lon="-79.568570">
        <time>2026-08-06T10:04:04Z</time>
      </trkpt>
      <trkpt lat="9.005515" lon="-79.568589">
        <time>2026-08-06T10:04:05Z</time>
      </trkpt>
      <trkpt lat="9.005509" lon="-79.568607">
        <time>2026-08-06T10:04:06Z</time>
      </trkpt>
      <trkpt lat="9.005504" lon="-79.568625">
        <time>2026-08-06T10:04:07Z</time>
      </trkpt>
      <trkpt lat="9.005500" lon="-79.568645">
        <time>2026-08-06T10:04:08Z</time>
      </trkpt>
      <trkpt lat="9.005496" lon="-79.568665">
        <time>2026-08-06T10:04:09Z</time>
      </trkpt>
      <trkpt lat="9.005491" lon="-79.568688">
        <time>2026-08-06T10:04:10Z</time>
      </trkpt>
      <trkpt lat="9.005485" lon="-79.568711">
        <time>2026-08-06T10:04:11Z</time>
      </trkpt>
      <trkpt lat="9.005482" lon="-79.568733">
        <time>2026-08-06T10:04:12Z</time>
      </trkpt>
      <trkpt lat="9.005478" lon="-79.568755">
        <time>2026-08-06T10:04:13Z</time>
      </trkpt>
      <trkpt lat="9.005474" lon="-79.568774">
        <time>2026-08-06T10:04:14Z</time>
      </trkpt>
      <trkpt lat="9.005470" lon="-79.568793">
        <time>2026-08-06T10:04:15Z</time>
      </trkpt>
      <trkpt lat="9.005467" lon="-79.568811">
        <time>2026-08-06T10:04:16Z</time>
      </trkpt>
      <trkpt lat="9.005463" lon="-79.568829">
        <time>2026-08-06T10:04:17Z</time>
      </trkpt>
      <trkpt lat="9.005457" lon="-79.568847">
        <time>2026-08-06T10:04:18Z</time>
      </trkpt>
      <trkpt lat="9.005449" lon="-79.568867">
        <time>2026-08-06T10:04:19Z</time>
      </trkpt>
      <trkpt lat="9.005441" lon="-79.568886">
        <time>2026-08-06T10:04:20Z</time>
      </trkpt>
      <trkpt lat="9.005438" lon="-79.568905">
        <time>2026-08-06T10:04:21Z</time>
      </trkpt>
      <trkpt lat="9.005433" lon="-79.568928">
        <time>2026-08-06T10:04:22Z</time>
      </trkpt>
      <trkpt lat="9.005424" lon="-79.568951">
        <time>2026-08-06T10:04:23Z</time>
      </trkpt>
      <trkpt lat="9.005416" lon="-79.568971">
        <time>2026-08-06T10:04:24Z</time>
      </trkpt>
      <trkpt lat="9.005406" lon="-79.568993">
        <time>2026-08-06T10:04:25Z</time>
      </trkpt>
      <trkpt lat="9.005398" lon="-79.569014">
        <time>2026-08-06T10:04:26Z</time>
      </trkpt>
      <trkpt lat="9.005390" lon="-79.569035">
        <time>2026-08-06T10:04:27Z</time>
      </trkpt>
      <trkpt lat="9.005386" lon="-79.569059">
        <time>2026-08-06T10:04:28Z</time>
      </trkpt>
      <trkpt lat="9.005378" lon="-79.569082">
        <time>2026-08-06T10:04:29Z</time>
      </trkpt>
      <trkpt lat="9.005373" lon="-79.569106">
        <time>2026-08-06T10:04:30Z</time>
      </trkpt>
      <trkpt lat="9.005368" lon="-79.569128">
        <time>2026-08-06T10:04:31Z</time>
      </trkpt>
      <trkpt lat="9.005365" lon="-79.569148">
        <time>2026-08-06T10:04:32Z</time>
      </trkpt>
      <trkpt lat="9.005360" lon="-79.569168">
        <time>2026-08-06T10:04:33Z</time>
      </trkpt>
      <trkpt lat="9.005357" lon="-79.569188">
        <time>2026-08-06T10:04:34Z</time>
      </trkpt>
      <trkpt lat="9.005352" lon="-79.569209">
        <time>2026-08-06T10:04:35Z</time>
      </trkpt>
      <trkpt lat="9.005345" lon="-79.569228">
        <time>2026-08-06T10:04:36Z</time>
      </trkpt>
      <trkpt lat="9.005340" lon="-79.569247">
        <time>2026-08-06T10:04:37Z</time>
      </trkpt>
      <trkpt lat="9.005336" lon="-79.569271">
        <time>2026-08-06T10:04:38Z</time>
      </trkpt>
      <trkpt lat="9.005331" lon="-79.569292">
        <time>2026-08-06T10:04:39Z</time>
      </trkpt>
      <trkpt lat="9.005328" lon="-79.569314">
        <time>2026-08-06T10:04:40Z</time>
      </trkpt>
      <trkpt lat="9.005328" lon="-79.569337">
        <time>2026-08-06T10:04:41Z</time>
      </trkpt>
      <trkpt lat="9.005326" lon="-79.569358">
        <time>2026-08-06T10:04:42Z</time>
      </trkpt>
      <trkpt lat="9.005326" lon="-79.569379">
        <time>2026-08-06T10:04:43Z</time>
      </trkpt>
      <trkpt lat="9.005320" lon="-79.569400">
        <time>2026-08-06T10:04:44Z</time>
      </trkpt>
      <trkpt lat="9.005313" lon="-79.569419">
        <time>2026-08-06T10:04:45Z</time>
      </trkpt>
      <trkpt lat="9.005307" lon="-79.569439">
        <time>2026-08-06T10:04:46Z</time>
      </trkpt>
      <trkpt lat="9.005302" lon="-79.569458">
        <time>2026-08-06T10:04:47Z</time>
      </trkpt>
      <trkpt lat="9.005294" lon="-79.569476">
        <time>2026-08-06T10:04:48Z</time>
      </trkpt>
      <trkpt lat="9.005283" lon="-79.569500">
        <time>2026-08-06T10:04:49Z</time>
      </trkpt>
      <trkpt lat="9.005276" lon="-79.569521">
        <time>2026-08-06T10:04:50Z</time>
      </trkpt>
      <trkpt lat="9.005268" lon="-79.569539">
        <time>2026-08-06T10:04:51Z</time>
      </trkpt>
      <trkpt lat="9.005256" lon="-79.569559">
        <time>2026-08-06T10:04:52Z</time>
      </trkpt>
      <trkpt lat="9.005245" lon="-79.569580">
        <time>2026-08-06T10:04:53Z</time>
      </trkpt>
      <trkpt lat="9.005237" lon="-79.569598">
        <time>2026-08-06T10:04:54Z</time>
      </trkpt>
      <trkpt lat="9.005227" lon="-79.569616">
        <time>2026-08-06T10:04:55Z</time>
      </trkpt>
      <trkpt lat="9.005221" lon="-79.569632">
        <time>2026-08-06T10:04:56Z</time>
      </trkpt>
      <trkpt lat="9.005214" lon="-79.569649">
        <time>2026-08-06T10:04:57Z</time>
      </trkpt>
      <trkpt lat="9.005207" lon="-79.569664">
        <time>2026-08-06T10:04:58Z</time>
      </trkpt>
      <trkpt lat="9.005199" lon="-79.569684">
        <time>2026-08-06T10:04:59Z</time>
      </trkpt>
      <trkpt lat="9.005190" lon="-79.569703">
        <time>2026-08-06T10:05:00Z</time>
      </trkpt>
      <trkpt lat="9.005184" lon="-79.569720">
        <time>2026-08-06T10:05:01Z</time>
      </trkpt>
      <trkpt lat="9.005179" lon="-79.569736">
        <time>2026-08-06T10:05:02Z</time>
      </trkpt>
      <trkpt lat="9.005170" lon="-79.569755">
        <time>2026-08-06T10:05:03Z</time>
      </trkpt>
      <trkpt lat="9.005162" lon="-79.569769">
        <time>2026-08-06T10:05:04Z</time>
      </trkpt>
      <trkpt lat="9.005153" lon="-79.569788">
        <time>2026-08-06T10:05:05Z</time>
      </trkpt>
      <trkpt lat="9.005142" lon="-79.569807">
        <time>2026-08-06T10:05:06Z</time>
      </trkpt>
      <trkpt lat="9.005132" lon="-79.569828">
        <time>2026-08-06T10:05:07Z</time>
      </trkpt>
      <trkpt lat="9.005122" lon="-79.569850">
        <time>2026-08-06T10:05:08Z</time>
      </trkpt>
      <trkpt lat="9.005114" lon="-79.569870">
        <time>2026-08-06T10:05:09Z</time>
      </trkpt>
      <trkpt lat="9.005108" lon="-79.569890">
        <time>2026-08-06T10:05:10Z</time>
      </trkpt>
      <trkpt lat="9.005105" lon="-79.569912">
        <time>2026-08-06T10:05:11Z</time>
      </trkpt>
      <trkpt lat="9.005099" lon="-79.569934">
        <time>2026-08-06T10:05:12Z</time>
      </trkpt>
      <trkpt lat="9.005093" lon="-79.569955">
        <time>2026-08-06T10:05:13Z</time>
      </trkpt>
      <trkpt lat="9.005085" lon="-79.569974">
        <time>2026-08-06T10:05:14Z</time>
      </trkpt>
      <trkpt lat="9.005078" lon="-79.569995">
        <time>2026-08-06T10:05:15Z</time>
      </trkpt>
      <trkpt lat="9.005075" lon="-79.570017">
        <time>2026-08-06T10:05:16Z</time>
      </trkpt>
      <trkpt lat="9.005069" lon="-79.570038">
        <time>2026-08-06T10:05:17Z</time>
      </trkpt>
      <trkpt lat="9.005060" lon="-79.570059">
        <time>2026-08-06T10:05:18Z</time>
      </trkpt>
      <trkpt lat="9.005053" lon="-79.570081">
        <time>2026-08-06T10:05:19Z</time>
      </trkpt>
      <trkpt lat="9.005044" lon="-79.570105">
        <time>2026-08-06T10:05:20Z</time>
      </trkpt>
      <trkpt lat="9.005036" lon="-79.570129">
        <time>2026-08-06T10:05:21Z</time>
      </trkpt>
      <trkpt lat="9.005031" lon="-79.570148">
        <time>2026-08-06T10:05:22Z</time>
      </trkpt>
      <trkpt lat="9.005026" lon="-79.570167">
        <time>2026-08-06T10:05:23Z</time>
      </trkpt>
      <trkpt lat="9.005023" lon="-79.570188">
        <time>2026-08-06T10:05:24Z</time>
      </trkpt>
      <trkpt lat="9.005020" lon="-79.570210">
        <time>2026-08-06T10:05:25Z</time>
      </trkpt>
      <trkpt lat="9.005014" lon="-79.570232">
        <time>2026-08-06T10:05:26Z</time>
      </trkpt>
      <trkpt lat="9.005010" lon="-79.570256">
        <time>2026-08-06T10:05:27Z</time>
      </trkpt>
      <trkpt lat="9.005008" lon="-79.570280">
        <time>2026-08-06T10:05:28Z</time>
      </trkpt>
      <trkpt lat="9.005009" lon="-79.570302">
        <time>2026-08-06T10:05:29Z</time>
      </trkpt>
      <trkpt lat="9.005002" lon="-79.570326">
        <time>2026-08-06T10:05:30Z</time>
      </trkpt>
      <trkpt lat="9.004991" lon="-79.570344">
        <time>2026-08-06T10:05:31Z</time>
      </trkpt>
      <trkpt lat="9.004982" lon="-79.570359">
        <time>2026-08-06T10:05:32Z</time>
      </trkpt>
      <trkpt lat="9.004974" lon="-79.570378">
        <time>2026-08-06T10:05:33Z</time>
      </trkpt>
      <trkpt lat="9.004963" lon="-79.570398">
        <time>2026-08-06T10:05:34Z</time>
      </trkpt>
      <trkpt lat="9.004955" lon="-79.570417">
        <time>2026-08-06T10:05:35Z</time>
      </trkpt>
      <trkpt lat="9.004950" lon="-79.570437">
        <time>2026-08-06T10:05:36Z</time>
      </trkpt>
      <trkpt lat="9.004945" lon="-79.570457">
        <time>2026-08-06T10:05:37Z</time>
      </trkpt>
      <trkpt lat="9.004938" lon="-79.570475">
        <time>2026-08-06T10:05:38Z</time>
      </trkpt>
      <trkpt lat="9.004929" lon="-79.570495">
        <time>2026-08-06T10:05:39Z</time>
      </trkpt>
      <trkpt lat="9.004922" lon="-79.570516">
        <time>2026-08-06T10:05:40Z</time>
      </trkpt>
      <trkpt lat="9.004912" lon="-79.570532">
        <time>2026-08-06T10:05:41Z</time>
      </trkpt>
      <trkpt lat="9.004906" lon="-79.570551">
        <time>2026-08-06T10:05:42Z</time>
      </trkpt>
      <trkpt lat="9.004897" lon="-79.570569">
        <time>2026-08-06T10:05:43Z</time>
      </trkpt>
      <trkpt lat="9.004889" lon="-79.570589">
        <time>2026-08-06T10:05:44Z</time>
      </trkpt>
      <trkpt lat="9.004884" lon="-79.570609">
        <time>2026-08-06T10:05:45Z</time>
      </trkpt>
      <trkpt lat="9.004873" lon="-79.570629">
        <time>2026-08-06T10:05:46Z</time>
      </trkpt>
      <trkpt lat="9.004866" lon="-79.570651">
        <time>2026-08-06T10:05:47Z</time>
      </trkpt>
      <trkpt lat="9.004861" lon="-79.570673">
        <time>2026-08-06T10:05:48Z</time>
      </trkpt>
      <trkpt lat="9.004857" lon="-79.570694">
        <time>2026-08-06T10:05:49Z</time>
      </trkpt>
      <trkpt lat="9.004852" lon="-79.570713">
        <time>2026-08-06T10:05:50Z</time>
      </trkpt>
      <trkpt lat="9.004846" lon="-79.570735">
        <time>2026-08-06T10:05:51Z</time>
      </trkpt>
      <trkpt lat="9.004839" lon="-79.570757">
        <time>2026-08-06T10:05:52Z</time>
      </trkpt>
      <trkpt lat="9.004834" lon="-79.570776">
        <time>2026-08-06T10:05:53Z</time>
      </trkpt>
      <trkpt lat="9.004831" lon="-79.570798">
        <time>2026-08-06T10:05:54Z</time>
      </trkpt>
      <trkpt lat="9.004827" lon="-79.570823">
        <time>2026-08-06T10:05:55Z</time>
      </trkpt>
      <trkpt lat="9.004828" lon="-79.570844">
        <time>2026-08-06T10:05:56Z</time>
      </trkpt>
      <trkpt lat="9.004831" lon="-79.570868">
        <time>2026-08-06T10:05:57Z</time>
      </trkpt>
      <trkpt lat="9.004833" lon="-79.570893">
        <time>2026-08-06T10:05:58Z</time>
      </trkpt>
      <trkpt lat="9.004835" lon="-79.570916">
        <time>2026-08-06T10:05:59Z</time>
      </trkpt>
      <trkpt lat="9.004839" lon="-79.570944">
        <time>2026-08-06T10:06:00Z</time>
      </trkpt>
      <trkpt lat="9.004844" lon="-79.570967">
        <time>2026-08-06T10:06:01Z</time>
      </trkpt>
      <trkpt lat="9.004848" lon="-79.570990">
        <time>2026-08-06T10:06:02Z</time>
      </trkpt>
      <trkpt lat="9.004850" lon="-79.571013">
        <time>2026-08-06T10:06:03Z</time>
      </trkpt>
      <trkpt lat="9.004850" lon="-79.571036">
        <time>2026-08-06T10:06:04Z</time>
      </trkpt>
      <trkpt lat="9.004858" lon="-79.571050">
        <time>2026-08-06T10:06:05Z</time>
      </trkpt>
      <trkpt lat="9.004873" lon="-79.571064">
        <time>2026-08-06T10:06:06Z</time>
      </trkpt>
      <trkpt lat="9.004875" lon="-79.571074">
        <time>2026-08-06T10:06:07Z</time>
      </trkpt>
      <trkpt lat="9.004877" lon="-79.571086">
        <time>2026-08-06T10:06:08Z</time>
      </trkpt>
      <trkpt lat="9.004875" lon="-79.571096">
        <time>2026-08-06T10:06:09Z</time>
      </trkpt>
      <trkpt lat="9.004872" lon="-79.571107">
        <time>2026-08-06T10:06:10Z</time>
      </trkpt>
      <trkpt lat="9.004866" lon="-79.571122">
        <time>2026-08-06T10:06:11Z</time>
      </trkpt>
      <trkpt lat="9.004863" lon="-79.571139">
        <time>2026-08-06T10:06:12Z</time>
      </trkpt>
      <trkpt lat="9.004861" lon="-79.571156">
        <time>2026-08-06T10:06:13Z</time>
      </trkpt>
      <trkpt lat="9.004856" lon="-79.571178">
        <time>2026-08-06T10:06:14Z</time>
      </trkpt>
      <trkpt lat="9.004858" lon="-79.571196">
        <time>2026-08-06T10:06:15Z</time>
      </trkpt>
      <trkpt lat="9.004854" lon="-79.571217">
        <time>2026-08-06T10:06:16Z</time>
      </trkpt>
      <trkpt lat="9.004855" lon="-79.571232">
        <time>2026-08-06T10:06:17Z</time>
      </trkpt>
      <trkpt lat="9.004852" lon="-79.571246">
        <time>2026-08-06T10:06:18Z</time>
      </trkpt>
      <trkpt lat="9.004851" lon="-79.571260">
        <time>2026-08-06T10:06:19Z</time>
      </trkpt>
      <trkpt lat="9.004849" lon="-79.571277">
        <time>2026-08-06T10:06:20Z</time>
      </trkpt>
      <trkpt lat="9.004850" lon="-79.571296">
        <time>2026-08-06T10:06:21Z</time>
      </trkpt>
      <trkpt lat="9.004850" lon="-79.571315">
        <time>2026-08-06T10:06:22Z</time>
      </trkpt>
      <trkpt lat="9.004850" lon="-79.571332">
        <time>2026-08-06T10:06:23Z</time>
      </trkpt>
      <trkpt lat="9.004847" lon="-79.571352">
        <time>2026-08-06T10:06:24Z</time>
      </trkpt>
      <trkpt lat="9.004846" lon="-79.571372">
        <time>2026-08-06T10:06:25Z</time>
      </trkpt>
      <trkpt lat="9.004846" lon="-79.571387">
        <time>2026-08-06T10:06:26Z</time>
      </trkpt>
      <trkpt lat="9.004844" lon="-79.571397">
        <time>2026-08-06T10:06:27Z</time>
      </trkpt>
      <trkpt lat="9.004841" lon="-79.571405">
        <time>2026-08-06T10:06:28Z</time>
      </trkpt>
      <trkpt lat="9.004837" lon="-79.571414">
        <time>2026-08-06T10:06:29Z</time>
      </trkpt>
      <trkpt lat="9.004835" lon="-79.571426">
        <time>2026-08-06T10:06:30Z</time>
      </trkpt>
      <trkpt lat="9.004834" lon="-79.571440">
        <time>2026-08-06T10:06:31Z</time>
      </trkpt>
      <trkpt lat="9.004830" lon="-79.571460">
        <time>2026-08-06T10:06:32Z</time>
      </trkpt>
      <trkpt lat="9.004829" lon="-79.571481">
        <time>2026-08-06T10:06:33Z</time>
      </trkpt>
      <trkpt lat="9.004827" lon="-79.571503">
        <time>2026-08-06T10:06:34Z</time>
      </trkpt>
      <trkpt lat="9.004823" lon="-79.571526">
        <time>2026-08-06T10:06:35Z</time>
      </trkpt>
      <trkpt lat="9.004817" lon="-79.571550">
        <time>2026-08-06T10:06:36Z</time>
      </trkpt>
      <trkpt lat="9.004812" lon="-79.571579">
        <time>2026-08-06T10:06:37Z</time>
      </trkpt>
      <trkpt lat="9.004808" lon="-79.571602">
        <time>2026-08-06T10:06:38Z</time>
      </trkpt>
      <trkpt lat="9.004803" lon="-79.571626">
        <time>2026-08-06T10:06:39Z</time>
      </trkpt>
      <trkpt lat="9.004799" lon="-79.571651">
        <time>2026-08-06T10:06:40Z</time>
      </trkpt>
      <trkpt lat="9.004797" lon="-79.571671">
        <time>2026-08-06T10:06:41Z</time>
      </trkpt>
      <trkpt lat="9.004793" lon="-79.571693">
        <time>2026-08-06T10:06:42Z</time>
      </trkpt>
      <trkpt lat="9.004789" lon="-79.571715">
        <time>2026-08-06T10:06:43Z</time>
      </trkpt>
      <trkpt lat="9.004784" lon="-79.571736">
        <time>2026-08-06T10:06:44Z</time>
      </trkpt>
      <trkpt lat="9.004779" lon="-79.571758">
        <time>2026-08-06T10:06:45Z</time>
      </trkpt>
      <trkpt lat="9.004773" lon="-79.571780">
        <time>2026-08-06T10:06:46Z</time>
      </trkpt>
      <trkpt lat="9.004769" lon="-79.571800">
        <time>2026-08-06T10:06:47Z</time>
      </trkpt>
      <trkpt lat="9.004766" lon="-79.571820">
        <time>2026-08-06T10:06:48Z</time>
      </trkpt>
      <trkpt lat="9.004760" lon="-79.571842">
        <time>2026-08-06T10:06:49Z</time>
      </trkpt>
      <trkpt lat="9.004755" lon="-79.571863">
        <time>2026-08-06T10:06:50Z</time>
      </trkpt>
      <trkpt lat="9.004749" lon="-79.571886">
        <time>2026-08-06T10:06:51Z</time>
      </trkpt>
      <trkpt lat="9.004744" lon="-79.571907">
        <time>2026-08-06T10:06:52Z</time>
      </trkpt>
      <trkpt lat="9.004738" lon="-79.571927">
        <time>2026-08-06T10:06:53Z</time>
      </trkpt>
      <trkpt lat="9.004732" lon="-79.571949">
        <time>2026-08-06T10:06:54Z</time>
      </trkpt>
      <trkpt lat="9.004726" lon="-79.571969">
        <time>2026-08-06T10:06:55Z</time>
      </trkpt>
      <trkpt lat="9.004720" lon="-79.571989">
        <time>2026-08-06T10:06:56Z</time>
      </trkpt>
      <trkpt lat="9.004717" lon="-79.572011">
        <time>2026-08-06T10:06:57Z</time>
      </trkpt>
      <trkpt lat="9.004712" lon="-79.572036">
        <time>2026-08-06T10:06:58Z</time>
      </trkpt>
      <trkpt lat="9.004704" lon="-79.572061">
        <time>2026-08-06T10:06:59Z</time>
      </trkpt>
      <trkpt lat="9.004700" lon="-79.572081">
        <time>2026-08-06T10:07:00Z</time>
      </trkpt>
      <trkpt lat="9.004696" lon="-79.572102">
        <time>2026-08-06T10:07:01Z</time>
      </trkpt>
      <trkpt lat="9.004691" lon="-79.572121">
        <time>2026-08-06T10:07:02Z</time>
      </trkpt>
      <trkpt lat="9.004683" lon="-79.572141">
        <time>2026-08-06T10:07:03Z</time>
      </trkpt>
      <trkpt lat="9.004677" lon="-79.572157">
        <time>2026-08-06T10:07:04Z</time>
      </trkpt>
      <trkpt lat="9.004670" lon="-79.572174">
        <time>2026-08-06T10:07:05Z</time>
      </trkpt>
      <trkpt lat="9.004665" lon="-79.572194">
        <time>2026-08-06T10:07:06Z</time>
      </trkpt>
      <trkpt lat="9.004656" lon="-79.572214">
        <time>2026-08-06T10:07:07Z</time>
      </trkpt>
      <trkpt lat="9.004646" lon="-79.572234">
        <time>2026-08-06T10:07:08Z</time>
      </trkpt>
      <trkpt lat="9.004638" lon="-79.572255">
        <time>2026-08-06T10:07:09Z</time>
      </trkpt>
      <trkpt lat="9.004631" lon="-79.572275">
        <time>2026-08-06T10:07:10Z</time>
      </trkpt>
      <trkpt lat="9.004625" lon="-79.572293">
        <time>2026-08-06T10:07:11Z</time>
      </trkpt>
      <trkpt lat="9.004619" lon="-79.572311">
        <time>2026-08-06T10:07:12Z</time>
      </trkpt>
      <trkpt lat="9.004612" lon="-79.572331">
        <time>2026-08-06T10:07:13Z</time>
      </trkpt>
      <trkpt lat="9.004604" lon="-79.572347">
        <time>2026-08-06T10:07:14Z</time>
      </trkpt>
      <trkpt lat="9.004595" lon="-79.572368">
        <time>2026-08-06T10:07:15Z</time>
      </trkpt>
      <trkpt lat="9.004590" lon="-79.572390">
        <time>2026-08-06T10:07:16Z</time>
      </trkpt>
      <trkpt lat="9.004581" lon="-79.572410">
        <time>2026-08-06T10:07:17Z</time>
      </trkpt>
      <trkpt lat="9.004570" lon="-79.572430">
        <time>2026-08-06T10:07:18Z</time>
      </trkpt>
      <trkpt lat="9.004558" lon="-79.572448">
        <time>2026-08-06T10:07:19Z</time>
      </trkpt>
      <trkpt lat="9.004547" lon="-79.572463">
        <time>2026-08-06T10:07:20Z</time>
      </trkpt>
      <trkpt lat="9.004536" lon="-79.572479">
        <time>2026-08-06T10:07:21Z</time>
      </trkpt>
      <trkpt lat="9.004524" lon="-79.572493">
        <time>2026-08-06T10:07:22Z</time>
      </trkpt>
      <trkpt lat="9.004516" lon="-79.572506">
        <time>2026-08-06T10:07:23Z</time>
      </trkpt>
      <trkpt lat="9.004504" lon="-79.572523">
        <time>2026-08-06T10:07:24Z</time>
      </trkpt>
      <trkpt lat="9.004493" lon="-79.572540">
        <time>2026-08-06T10:07:25Z</time>
      </trkpt>
      <trkpt lat="9.004480" lon="-79.572558">
        <time>2026-08-06T10:07:26Z</time>
      </trkpt>
      <trkpt lat="9.004468" lon="-79.572570">
        <time>2026-08-06T10:07:27Z</time>
      </trkpt>
      <trkpt lat="9.004459" lon="-79.572585">
        <time>2026-08-06T10:07:28Z</time>
      </trkpt>
      <trkpt lat="9.004450" lon="-79.572598">
        <time>2026-08-06T10:07:29Z</time>
      </trkpt>
      <trkpt lat="9.004437" lon="-79.572617">
        <time>2026-08-06T10:07:30Z</time>
      </trkpt>
      <trkpt lat="9.004422" lon="-79.572634">
        <time>2026-08-06T10:07:31Z</time>
      </trkpt>
      <trkpt lat="9.004406" lon="-79.572652">
        <time>2026-08-06T10:07:32Z</time>
      </trkpt>
      <trkpt lat="9.004387" lon="-79.572671">
        <time>2026-08-06T10:07:33Z</time>
      </trkpt>
      <trkpt lat="9.004376" lon="-79.572691">
        <time>2026-08-06T10:07:34Z</time>
      </trkpt>
      <trkpt lat="9.004367" lon="-79.572712">
        <time>2026-08-06T10:07:35Z</time>
      </trkpt>
      <trkpt lat="9.004351" lon="-79.572734">
        <time>2026-08-06T10:07:36Z</time>
      </trkpt>
      <trkpt lat="9.004333" lon="-79.572751">
        <time>2026-08-06T10:07:37Z</time>
      </trkpt>
      <trkpt lat="9.004319" lon="-79.572767">
        <time>2026-08-06T10:07:38Z</time>
      </trkpt>
      <trkpt lat="9.004304" lon="-79.572783">
        <time>2026-08-06T10:07:39Z</time>
      </trkpt>
      <trkpt lat="9.004288" lon="-79.572798">
        <time>2026-08-06T10:07:40Z</time>
      </trkpt>
      <trkpt lat="9.004273" lon="-79.572811">
        <time>2026-08-06T10:07:41Z</time>
      </trkpt>
      <trkpt lat="9.004259" lon="-79.572824">
        <time>2026-08-06T10:07:42Z</time>
      </trkpt>
      <trkpt lat="9.004244" lon="-79.572839">
        <time>2026-08-06T10:07:43Z</time>
      </trkpt>
      <trkpt lat="9.004230" lon="-79.572856">
        <time>2026-08-06T10:07:44Z</time>
      </trkpt>
      <trkpt lat="9.004216" lon="-79.572869">
        <time>2026-08-06T10:07:45Z</time>
      </trkpt>
      <trkpt lat="9.004200" lon="-79.572882">
        <time>2026-08-06T10:07:46Z</time>
      </trkpt>
      <trkpt lat="9.004183" lon="-79.572897">
        <time>2026-08-06T10:07:47Z</time>
      </trkpt>
      <trkpt lat="9.004166" lon="-79.572911">
        <time>2026-08-06T10:07:48Z</time>
      </trkpt>
      <trkpt lat="9.004149" lon="-79.572925">
        <time>2026-08-06T10:07:49Z</time>
      </trkpt>
      <trkpt lat="9.004131" lon="-79.572938">
        <time>2026-08-06T10:07:50Z</time>
      </trkpt>
      <trkpt lat="9.004111" lon="-79.572949">
        <time>2026-08-06T10:07:51Z</time>
      </trkpt>
      <trkpt lat="9.004093" lon="-79.572962">
        <time>2026-08-06T10:07:52Z</time>
      </trkpt>
      <trkpt lat="9.004071" lon="-79.572972">
        <time>2026-08-06T10:07:53Z</time>
      </trkpt>
      <trkpt lat="9.004052" lon="-79.572979">
        <time>2026-08-06T10:07:54Z</time>
      </trkpt>
      <trkpt lat="9.004033" lon="-79.572987">
        <time>2026-08-06T10:07:55Z</time>
      </trkpt>
      <trkpt lat="9.004013" lon="-79.572993">
        <time>2026-08-06T10:07:56Z</time>
      </trkpt>
      <trkpt lat="9.003993" lon="-79.573002">
        <time>2026-08-06T10:07:57Z</time>
      </trkpt>
      <trkpt lat="9.003971" lon="-79.573014">
        <time>2026-08-06T10:07:58Z</time>
      </trkpt>
      <trkpt lat="9.003945" lon="-79.573026">
        <time>2026-08-06T10:07:59Z</time>
      </trkpt>
      <trkpt lat="9.003924" lon="-79.573038">
        <time>2026-08-06T10:08:00Z</time>
      </trkpt>
      <trkpt lat="9.003904" lon="-79.573049">
        <time>2026-08-06T10:08:01Z</time>
      </trkpt>
      <trkpt lat="9.003888" lon="-79.573059">
        <time>2026-08-06T10:08:02Z</time>
      </trkpt>
      <trkpt lat="9.003869" lon="-79.573066">
        <time>2026-08-06T10:08:03Z</time>
      </trkpt>
      <trkpt lat="9.003846" lon="-79.573078">
        <time>2026-08-06T10:08:04Z</time>
      </trkpt>
      <trkpt lat="9.003825" lon="-79.573092">
        <time>2026-08-06T10:08:05Z</time>
      </trkpt>
      <trkpt lat="9.003807" lon="-79.573103">
        <time>2026-08-06T10:08:06Z</time>
      </trkpt>
      <trkpt lat="9.003785" lon="-79.573115">
        <time>2026-08-06T10:08:07Z</time>
      </trkpt>
      <trkpt lat="9.003766" lon="-79.573127">
        <time>2026-08-06T10:08:08Z</time>
      </trkpt>
      <trkpt lat="9.003746" lon="-79.573141">
        <time>2026-08-06T10:08:09Z</time>
      </trkpt>
      <trkpt lat="9.003727" lon="-79.573153">
        <time>2026-08-06T10:08:10Z</time>
      </trkpt>
      <trkpt lat="9.003711" lon="-79.573164">
        <time>2026-08-06T10:08:11Z</time>
      </trkpt>
      <trkpt lat="9.003691" lon="-79.573176">
        <time>2026-08-06T10:08:12Z</time>
      </trkpt>
      <trkpt lat="9.003672" lon="-79.573190">
        <time>2026-08-06T10:08:13Z</time>
      </trkpt>
      <trkpt lat="9.003656" lon="-79.573200">
        <time>2026-08-06T10:08:14Z</time>
      </trkpt>
      <trkpt lat="9.003640" lon="-79.573210">
        <time>2026-08-06T10:08:15Z</time>
      </trkpt>
      <trkpt lat="9.003623" lon="-79.573222">
        <time>2026-08-06T10:08:16Z</time>
      </trkpt>
      <trkpt lat="9.003606" lon="-79.573232">
        <time>2026-08-06T10:08:17Z</time>
      </trkpt>
      <trkpt lat="9.003586" lon="-79.573245">
        <time>2026-08-06T10:08:18Z</time>
      </trkpt>
      <trkpt lat="9.003564" lon="-79.573260">
        <time>2026-08-06T10:08:19Z</time>
      </trkpt>
      <trkpt lat="9.003544" lon="-79.573273">
        <time>2026-08-06T10:08:20Z</time>
      </trkpt>
      <trkpt lat="9.003526" lon="-79.573289">
        <time>2026-08-06T10:08:21Z</time>
      </trkpt>
      <trkpt lat="9.003507" lon="-79.573305">
        <time>2026-08-06T10:08:22Z</time>
      </trkpt>
      <trkpt lat="9.003489" lon="-79.573318">
        <time>2026-08-06T10:08:23Z</time>
      </trkpt>
      <trkpt lat="9.003472" lon="-79.573332">
        <time>2026-08-06T10:08:24Z</time>
      </trkpt>
      <trkpt lat="9.003456" lon="-79.573349">
        <time>2026-08-06T10:08:25Z</time>
      </trkpt>
      <trkpt lat="9.003442" lon="-79.573364">
        <time>2026-08-06T10:08:26Z</time>
      </trkpt>
      <trkpt lat="9.003429" lon="-79.573377">
        <time>2026-08-06T10:08:27Z</time>
      </trkpt>
      <trkpt lat="9.003415" lon="-79.573388">
        <time>2026-08-06T10:08:28Z</time>
      </trkpt>
      <trkpt lat="9.003400" lon="-79.573397">
        <time>2026-08-06T10:08:29Z</time>
      </trkpt>
      <trkpt lat="9.003385" lon="-79.573402">
        <time>2026-08-06T10:08:30Z</time>
      </trkpt>
      <trkpt lat="9.003366" lon="-79.573405">
        <time>2026-08-06T10:08:31Z</time>
      </trkpt>
      <trkpt lat="9.003347" lon="-79.573419">
        <time>2026-08-06T10:08:32Z</time>
      </trkpt>
      <trkpt lat="9.003327" lon="-79.573434">
        <time>2026-08-06T10:08:33Z</time>
      </trkpt>
      <trkpt lat="9.003309" lon="-79.573452">
        <time>2026-08-06T10:08:34Z</time>
      </trkpt>
      <trkpt lat="9.003291" lon="-79.573468">
        <time>2026-08-06T10:08:35Z</time>
      </trkpt>
      <trkpt lat="9.003273" lon="-79.573481">
        <time>2026-08-06T10:08:36Z</time>
      </trkpt>
      <trkpt lat="9.003255" lon="-79.573495">
        <time>2026-08-06T10:08:37Z</time>
      </trkpt>
      <trkpt lat="9.003238" lon="-79.573509">
        <time>2026-08-06T10:08:38Z</time>
      </trkpt>
      <trkpt lat="9.003222" lon="-79.573520">
        <time>2026-08-06T10:08:39Z</time>
      </trkpt>
      <trkpt lat="9.003207" lon="-79.573535">
        <time>2026-08-06T10:08:40Z</time>
      </trkpt>
      <trkpt lat="9.003193" lon="-79.573552">
        <time>2026-08-06T10:08:41Z</time>
      </trkpt>
      <trkpt lat="9.003177" lon="-79.573570">
        <time>2026-08-06T10:08:42Z</time>
      </trkpt>
      <trkpt lat="9.003161" lon="-79.573589">
        <time>2026-08-06T10:08:43Z</time>
      </trkpt>
      <trkpt lat="9.003152" lon="-79.573614">
        <time>2026-08-06T10:08:44Z</time>
      </trkpt>
      <trkpt lat="9.003141" lon="-79.573633">
        <time>2026-08-06T10:08:45Z</time>
      </trkpt>
      <trkpt lat="9.003128" lon="-79.573649">
        <time>2026-08-06T10:08:46Z</time>
      </trkpt>
      <trkpt lat="9.003110" lon="-79.573667">
        <time>2026-08-06T10:08:47Z</time>
      </trkpt>
      <trkpt lat="9.003098" lon="-79.573676">
        <time>2026-08-06T10:08:48Z</time>
      </trkpt>
      <trkpt lat="9.003084" lon="-79.573693">
        <time>2026-08-06T10:08:49Z</time>
      </trkpt>
      <trkpt lat="9.003067" lon="-79.573711">
        <time>2026-08-06T10:08:50Z</time>
      </trkpt>
      <trkpt lat="9.003050" lon="-79.573730">
        <time>2026-08-06T10:08:51Z</time>
      </trkpt>
      <trkpt lat="9.003033" lon="-79.573747">
        <time>2026-08-06T10:08:52Z</time>
      </trkpt>
      <trkpt lat="9.003017" lon="-79.573763">
        <time>2026-08-06T10:08:53Z</time>
      </trkpt>
      <trkpt lat="9.002999" lon="-79.573776">
        <time>2026-08-06T10:08:54Z</time>
      </trkpt>
      <trkpt lat="9.002981" lon="-79.573792">
        <time>2026-08-06T10:08:55Z</time>
      </trkpt>
      <trkpt lat="9.002967" lon="-79.573807">
        <time>2026-08-06T10:08:56Z</time>
      </trkpt>
      <trkpt lat="9.002953" lon="-79.573823">
        <time>2026-08-06T10:08:57Z</time>
      </trkpt>
      <trkpt lat="9.002934" lon="-79.573837">
        <time>2026-08-06T10:08:58Z</time>
      </trkpt>
      <trkpt lat="9.002917" lon="-79.573851">
        <time>2026-08-06T10:08:59Z</time>
      </trkpt>
      <trkpt lat="9.002903" lon="-79.573866">
        <time>2026-08-06T10:09:00Z</time>
      </trkpt>
      <trkpt lat="9.002886" lon="-79.573880">
        <time>2026-08-06T10:09:01Z</time>
      </trkpt>
      <trkpt lat="9.002871" lon="-79.573893">
        <time>2026-08-06T10:09:02Z</time>
      </trkpt>
      <trkpt lat="9.002854" lon="-79.573908">
        <time>2026-08-06T10:09:03Z</time>
      </trkpt>
      <trkpt lat="9.002839" lon="-79.573923">
        <time>2026-08-06T10:09:04Z</time>
      </trkpt>
      <trkpt lat="9.002825" lon="-79.573937">
        <time>2026-08-06T10:09:05Z</time>
      </trkpt>
      <trkpt lat="9.002806" lon="-79.573952">
        <time>2026-08-06T10:09:06Z</time>
      </trkpt>
      <trkpt lat="9.002790" lon="-79.573967">
        <time>2026-08-06T10:09:07Z</time>
      </trkpt>
      <trkpt lat="9.002776" lon="-79.573979">
        <time>2026-08-06T10:09:08Z</time>
      </trkpt>
      <trkpt lat="9.002760" lon="-79.573994">
        <time>2026-08-06T10:09:09Z</time>
      </trkpt>
      <trkpt lat="9.002744" lon="-79.574007">
        <time>2026-08-06T10:09:10Z</time>
      </trkpt>
      <trkpt lat="9.002727" lon="-79.574019">
        <time>2026-08-06T10:09:11Z</time>
      </trkpt>
      <trkpt lat="9.002710" lon="-79.574034">
        <time>2026-08-06T10:09:12Z</time>
      </trkpt>
      <trkpt lat="9.002697" lon="-79.574046">
        <time>2026-08-06T10:09:13Z</time>
      </trkpt>
      <trkpt lat="9.002681" lon="-79.574059">
        <time>2026-08-06T10:09:14Z</time>
      </trkpt>
      <trkpt lat="9.002663" lon="-79.574072">
        <time>2026-08-06T10:09:15Z</time>
      </trkpt>
      <trkpt lat="9.002645" lon="-79.574084">
        <time>2026-08-06T10:09:16Z</time>
      </trkpt>
      <trkpt lat="9.002626" lon="-79.574099">
        <time>2026-08-06T10:09:17Z</time>
      </trkpt>
      <trkpt lat="9.002607" lon="-79.574118">
        <time>2026-08-06T10:09:18Z</time>
      </trkpt>
      <trkpt lat="9.002592" lon="-79.574130">
        <time>2026-08-06T10:09:19Z</time>
      </trkpt>
      <trkpt lat="9.002573" lon="-79.574147">
        <time>2026-08-06T10:09:20Z</time>
      </trkpt>
      <trkpt lat="9.002555" lon="-79.574161">
        <time>2026-08-06T10:09:21Z</time>
      </trkpt>
      <trkpt lat="9.002538" lon="-79.574175">
        <time>2026-08-06T10:09:22Z</time>
      </trkpt>
      <trkpt lat="9.002521" lon="-79.574188">
        <time>2026-08-06T10:09:23Z</time>
      </trkpt>
      <trkpt lat="9.002506" lon="-79.574201">
        <time>2026-08-06T10:09:24Z</time>
      </trkpt>
      <trkpt lat="9.002488" lon="-79.574215">
        <time>2026-08-06T10:09:25Z</time>
      </trkpt>
      <trkpt lat="9.002471" lon="-79.574229">
        <time>2026-08-06T10:09:26Z</time>
      </trkpt>
      <trkpt lat="9.002454" lon="-79.574242">
        <time>2026-08-06T10:09:27Z</time>
      </trkpt>
      <trkpt lat="9.002438" lon="-79.574253">
        <time>2026-08-06T10:09:28Z</time>
      </trkpt>
      <trkpt lat="9.002421" lon="-79.574266">
        <time>2026-08-06T10:09:29Z</time>
      </trkpt>
      <trkpt lat="9.002404" lon="-79.574276">
        <time>2026-08-06T10:09:30Z</time>
      </trkpt>
      <trkpt lat="9.002386" lon="-79.574288">
        <time>2026-08-06T10:09:31Z</time>
      </trkpt>
      <trkpt lat="9.002368" lon="-79.574301">
        <time>2026-08-06T10:09:32Z</time>
      </trkpt>
      <trkpt lat="9.002345" lon="-79.574314">
        <time>2026-08-06T10:09:33Z</time>
      </trkpt>
      <trkpt lat="9.002327" lon="-79.574323">
        <time>2026-08-06T10:09:34Z</time>
      </trkpt>
      <trkpt lat="9.002309" lon="-79.574337">
        <time>2026-08-06T10:09:35Z</time>
      </trkpt>
      <trkpt lat="9.002293" lon="-79.574349">
        <time>2026-08-06T10:09:36Z</time>
      </trkpt>
      <trkpt lat="9.002277" lon="-79.574359">
        <time>2026-08-06T10:09:37Z</time>
      </trkpt>
      <trkpt lat="9.002259" lon="-79.574370">
        <time>2026-08-06T10:09:38Z</time>
      </trkpt>
      <trkpt lat="9.002243" lon="-79.574382">
        <time>2026-08-06T10:09:39Z</time>
      </trkpt>
      <trkpt lat="9.002228" lon="-79.574393">
        <time>2026-08-06T10:09:40Z</time>
      </trkpt>
      <trkpt lat="9.002212" lon="-79.574408">
        <time>2026-08-06T10:09:41Z</time>
      </trkpt>
      <trkpt lat="9.002194" lon="-79.574421">
        <time>2026-08-06T10:09:42Z</time>
      </trkpt>
      <trkpt lat="9.002175" lon="-79.574435">
        <time>2026-08-06T10:09:43Z</time>
      </trkpt>
      <trkpt lat="9.002159" lon="-79.574448">
        <time>2026-08-06T10:09:44Z</time>
      </trkpt>
      <trkpt lat="9.002142" lon="-79.574464">
        <time>2026-08-06T10:09:45Z</time>
      </trkpt>
      <trkpt lat="9.002124" lon="-79.574477">
        <time>2026-08-06T10:09:46Z</time>
      </trkpt>
      <trkpt lat="9.002106" lon="-79.574491">
        <time>2026-08-06T10:09:47Z</time>
      </trkpt>
      <trkpt lat="9.002090" lon="-79.574503">
        <time>2026-08-06T10:09:48Z</time>
      </trkpt>
      <trkpt lat="9.002073" lon="-79.574516">
        <time>2026-08-06T10:09:49Z</time>
      </trkpt>
      <trkpt lat="9.002056" lon="-79.574524">
        <time>2026-08-06T10:09:50Z</time>
      </trkpt>
      <trkpt lat="9.002039" lon="-79.574537">
        <time>2026-08-06T10:09:51Z</time>
      </trkpt>
      <trkpt lat="9.002022" lon="-79.574552">
        <time>2026-08-06T10:09:52Z</time>
      </trkpt>
      <trkpt lat="9.002006" lon="-79.574561">
        <time>2026-08-06T10:09:53Z</time>
      </trkpt>
      <trkpt lat="9.001986" lon="-79.574574">
        <time>2026-08-06T10:09:54Z</time>
      </trkpt>
      <trkpt lat="9.001969" lon="-79.574586">
        <time>2026-08-06T10:09:55Z</time>
      </trkpt>
      <trkpt lat="9.001954" lon="-79.574599">
        <time>2026-08-06T10:09:56Z</time>
      </trkpt>
      <trkpt lat="9.001935" lon="-79.574615">
        <time>2026-08-06T10:09:57Z</time>
      </trkpt>
      <trkpt lat="9.001919" lon="-79.574628">
        <time>2026-08-06T10:09:58Z</time>
      </trkpt>
      <trkpt lat="9.001902" lon="-79.574641">
        <time>2026-08-06T10:09:59Z</time>
      </trkpt>
      <trkpt lat="9.001886" lon="-79.574658">
        <time>2026-08-06T10:10:00Z</time>
      </trkpt>
      <trkpt lat="9.001871" lon="-79.574671">
        <time>2026-08-06T10:10:01Z</time>
      </trkpt>
      <trkpt lat="9.001854" lon="-79.574686">
        <time>2026-08-06T10:10:02Z</time>
      </trkpt>
      <trkpt lat="9.001837" lon="-79.574699">
        <time>2026-08-06T10:10:03Z</time>
      </trkpt>
      <trkpt lat="9.001819" lon="-79.574716">
        <time>2026-08-06T10:10:04Z</time>
      </trkpt>
      <trkpt lat="9.001804" lon="-79.574734">
        <time>2026-08-06T10:10:05Z</time>
      </trkpt>
      <trkpt lat="9.001789" lon="-79.574749">
        <time>2026-08-06T10:10:06Z</time>
      </trkpt>
      <trkpt lat="9.001774" lon="-79.574764">
        <time>2026-08-06T10:10:07Z</time>
      </trkpt>
      <trkpt lat="9.001756" lon="-79.574778">
        <time>2026-08-06T10:10:08Z</time>
      </trkpt>
      <trkpt lat="9.001740" lon="-79.574793">
        <time>2026-08-06T10:10:09Z</time>
      </trkpt>
      <trkpt lat="9.001724" lon="-79.574810">
        <time>2026-08-06T10:10:10Z</time>
      </trkpt>
      <trkpt lat="9.001708" lon="-79.574827">
        <time>2026-08-06T10:10:11Z</time>
      </trkpt>
      <trkpt lat="9.001694" lon="-79.574844">
        <time>2026-08-06T10:10:12Z</time>
      </trkpt>
      <trkpt lat="9.001680" lon="-79.574861">
        <time>2026-08-06T10:10:13Z</time>
      </trkpt>
      <trkpt lat="9.001664" lon="-79.574878">
        <time>2026-08-06T10:10:14Z</time>
      </trkpt>
      <trkpt lat="9.001649" lon="-79.574895">
        <time>2026-08-06T10:10:15Z</time>
      </trkpt>
      <trkpt lat="9.001634" lon="-79.574912">
        <time>2026-08-06T10:10:16Z</time>
      </trkpt>
      <trkpt lat="9.001619" lon="-79.574928">
        <time>2026-08-06T10:10:17Z</time>
      </trkpt>
      <trkpt lat="9.001603" lon="-79.574942">
        <time>2026-08-06T10:10:18Z</time>
      </trkpt>
      <trkpt lat="9.001586" lon="-79.574958">
        <time>2026-08-06T10:10:19Z</time>
      </trkpt>
      <trkpt lat="9.001568" lon="-79.574975">
        <time>2026-08-06T10:10:20Z</time>
      </trkpt>
      <trkpt lat="9.001550" lon="-79.574992">
        <time>2026-08-06T10:10:21Z</time>
      </trkpt>
      <trkpt lat="9.001532" lon="-79.575008">
        <time>2026-08-06T10:10:22Z</time>
      </trkpt>
      <trkpt lat="9.001515" lon="-79.575024">
        <time>2026-08-06T10:10:23Z</time>
      </trkpt>
      <trkpt lat="9.001498" lon="-79.575039">
        <time>2026-08-06T10:10:24Z</time>
      </trkpt>
      <trkpt lat="9.001479" lon="-79.575055">
        <time>2026-08-06T10:10:25Z</time>
      </trkpt>
      <trkpt lat="9.001463" lon="-79.575070">
        <time>2026-08-06T10:10:26Z</time>
      </trkpt>
      <trkpt lat="9.001446" lon="-79.575085">
        <time>2026-08-06T10:10:27Z</time>
      </trkpt>
      <trkpt lat="9.001429" lon="-79.575096">
        <time>2026-08-06T10:10:28Z</time>
      </trkpt>
      <trkpt lat="9.001413" lon="-79.575110">
        <time>2026-08-06T10:10:29Z</time>
      </trkpt>
      <trkpt lat="9.001395" lon="-79.575127">
        <time>2026-08-06T10:10:30Z</time>
      </trkpt>
      <trkpt lat="9.001374" lon="-79.575143">
        <time>2026-08-06T10:10:31Z</time>
      </trkpt>
      <trkpt lat="9.001357" lon="-79.575159">
        <time>2026-08-06T10:10:32Z</time>
      </trkpt>
      <trkpt lat="9.001341" lon="-79.575175">
        <time>2026-08-06T10:10:33Z</time>
      </trkpt>
      <trkpt lat="9.001325" lon="-79.575188">
        <time>2026-08-06T10:10:34Z</time>
      </trkpt>
      <trkpt lat="9.001308" lon="-79.575201">
        <time>2026-08-06T10:10:35Z</time>
      </trkpt>
      <trkpt lat="9.001291" lon="-79.575214">
        <time>2026-08-06T10:10:36Z</time>
      </trkpt>
      <trkpt lat="9.001274" lon="-79.575227">
        <time>2026-08-06T10:10:37Z</time>
      </trkpt>
      <trkpt lat="9.001258" lon="-79.575239">
        <time>2026-08-06T10:10:38Z</time>
      </trkpt>
      <trkpt lat="9.001244" lon="-79.575254">
        <time>2026-08-06T10:10:39Z</time>
      </trkpt>
      <trkpt lat="9.001227" lon="-79.575270">
        <time>2026-08-06T10:10:40Z</time>
      </trkpt>
      <trkpt lat="9.001211" lon="-79.575285">
        <time>2026-08-06T10:10:41Z</time>
      </trkpt>
      <trkpt lat="9.001194" lon="-79.575299">
        <time>2026-08-06T10:10:42Z</time>
      </trkpt>
      <trkpt lat="9.001178" lon="-79.575315">
        <time>2026-08-06T10:10:43Z</time>
      </trkpt>
      <trkpt lat="9.001163" lon="-79.575328">
        <time>2026-08-06T10:10:44Z</time>
      </trkpt>
      <trkpt lat="9.001147" lon="-79.575340">
        <time>2026-08-06T10:10:45Z</time>
      </trkpt>
      <trkpt lat="9.001129" lon="-79.575346">
        <time>2026-08-06T10:10:46Z</time>
      </trkpt>
      <trkpt lat="9.001111" lon="-79.575359">
        <time>2026-08-06T10:10:47Z</time>
      </trkpt>
      <trkpt lat="9.001092" lon="-79.575374">
        <time>2026-08-06T10:10:48Z</time>
      </trkpt>
      <trkpt lat="9.001075" lon="-79.575385">
        <time>2026-08-06T10:10:49Z</time>
      </trkpt>
      <trkpt lat="9.001057" lon="-79.575395">
        <time>2026-08-06T10:10:50Z</time>
      </trkpt>
      <trkpt lat="9.001039" lon="-79.575404">
        <time>2026-08-06T10:10:51Z</time>
      </trkpt>
      <trkpt lat="9.001021" lon="-79.575414">
        <time>2026-08-06T10:10:52Z</time>
      </trkpt>
      <trkpt lat="9.001003" lon="-79.575426">
        <time>2026-08-06T10:10:53Z</time>
      </trkpt>
      <trkpt lat="9.000987" lon="-79.575436">
        <time>2026-08-06T10:10:54Z</time>
      </trkpt>
      <trkpt lat="9.000969" lon="-79.575449">
        <time>2026-08-06T10:10:55Z</time>
      </trkpt>
      <trkpt lat="9.000950" lon="-79.575462">
        <time>2026-08-06T10:10:56Z</time>
      </trkpt>
      <trkpt lat="9.000932" lon="-79.575475">
        <time>2026-08-06T10:10:57Z</time>
      </trkpt>
      <trkpt lat="9.000914" lon="-79.575488">
        <time>2026-08-06T10:10:58Z</time>
      </trkpt>
      <trkpt lat="9.000896" lon="-79.575501">
        <time>2026-08-06T10:10:59Z</time>
      </trkpt>
      <trkpt lat="9.000876" lon="-79.575515">
        <time>2026-08-06T10:11:00Z</time>
      </trkpt>
      <trkpt lat="9.000856" lon="-79.575528">
        <time>2026-08-06T10:11:01Z</time>
      </trkpt>
      <trkpt lat="9.000839" lon="-79.575541">
        <time>2026-08-06T10:11:02Z</time>
      </trkpt>
      <trkpt lat="9.000820" lon="-79.575555">
        <time>2026-08-06T10:11:03Z</time>
      </trkpt>
      <trkpt lat="9.000802" lon="-79.575569">
        <time>2026-08-06T10:11:04Z</time>
      </trkpt>
      <trkpt lat="9.000783" lon="-79.575579">
        <time>2026-08-06T10:11:05Z</time>
      </trkpt>
      <trkpt lat="9.000768" lon="-79.575592">
        <time>2026-08-06T10:11:06Z</time>
      </trkpt>
      <trkpt lat="9.000752" lon="-79.575606">
        <time>2026-08-06T10:11:07Z</time>
      </trkpt>
      <trkpt lat="9.000735" lon="-79.575617">
        <time>2026-08-06T10:11:08Z</time>
      </trkpt>
      <trkpt lat="9.000719" lon="-79.575629">
        <time>2026-08-06T10:11:09Z</time>
      </trkpt>
      <trkpt lat="9.000703" lon="-79.575642">
        <time>2026-08-06T10:11:10Z</time>
      </trkpt>
      <trkpt lat="9.000688" lon="-79.575655">
        <time>2026-08-06T10:11:11Z</time>
      </trkpt>
      <trkpt lat="9.000674" lon="-79.575669">
        <time>2026-08-06T10:11:12Z</time>
      </trkpt>
      <trkpt lat="9.000659" lon="-79.575683">
        <time>2026-08-06T10:11:13Z</time>
      </trkpt>
      <trkpt lat="9.000645" lon="-79.575696">
        <time>2026-08-06T10:11:14Z</time>
      </trkpt>
      <trkpt lat="9.000631" lon="-79.575709">
        <time>2026-08-06T10:11:15Z</time>
      </trkpt>
      <trkpt lat="9.000617" lon="-79.575724">
        <time>2026-08-06T10:11:16Z</time>
      </trkpt>
      <trkpt lat="9.000606" lon="-79.575738">
        <time>2026-08-06T10:11:17Z</time>
      </trkpt>
      <trkpt lat="9.000592" lon="-79.575753">
        <time>2026-08-06T10:11:18Z</time>
      </trkpt>
      <trkpt lat="9.000577" lon="-79.575768">
        <time>2026-08-06T10:11:19Z</time>
      </trkpt>
      <trkpt lat="9.000563" lon="-79.575782">
        <time>2026-08-06T10:11:20Z</time>
      </trkpt>
      <trkpt lat="9.000547" lon="-79.575797">
        <time>2026-08-06T10:11:21Z</time>
      </trkpt>
      <trkpt lat="9.000532" lon="-79.575814">
        <time>2026-08-06T10:11:22Z</time>
      </trkpt>
      <trkpt lat="9.000518" lon="-79.575828">
        <time>2026-08-06T10:11:23Z</time>
      </trkpt>
      <trkpt lat="9.000504" lon="-79.575843">
        <time>2026-08-06T10:11:24Z</time>
      </trkpt>
      <trkpt lat="9.000490" lon="-79.575860">
        <time>2026-08-06T10:11:25Z</time>
      </trkpt>
      <trkpt lat="9.000478" lon="-79.575875">
        <time>2026-08-06T10:11:26Z</time>
      </trkpt>
      <trkpt lat="9.000465" lon="-79.575890">
        <time>2026-08-06T10:11:27Z</time>
      </trkpt>
      <trkpt lat="9.000451" lon="-79.575907">
        <time>2026-08-06T10:11:28Z</time>
      </trkpt>
      <trkpt lat="9.000437" lon="-79.575921">
        <time>2026-08-06T10:11:29Z</time>
      </trkpt>
      <trkpt lat="9.000426" lon="-79.575935">
        <time>2026-08-06T10:11:30Z</time>
      </trkpt>
      <trkpt lat="9.000416" lon="-79.575951">
        <time>2026-08-06T10:11:31Z</time>
      </trkpt>
      <trkpt lat="9.000406" lon="-79.575967">
        <time>2026-08-06T10:11:32Z</time>
      </trkpt>
      <trkpt lat="9.000393" lon="-79.575981">
        <time>2026-08-06T10:11:33Z</time>
      </trkpt>
      <trkpt lat="9.000380" lon="-79.575998">
        <time>2026-08-06T10:11:34Z</time>
      </trkpt>
      <trkpt lat="9.000369" lon="-79.576014">
        <time>2026-08-06T10:11:35Z</time>
      </trkpt>
      <trkpt lat="9.000356" lon="-79.576029">
        <time>2026-08-06T10:11:36Z</time>
      </trkpt>
      <trkpt lat="9.000342" lon="-79.576045">
        <time>2026-08-06T10:11:37Z</time>
      </trkpt>
      <trkpt lat="9.000329" lon="-79.576062">
        <time>2026-08-06T10:11:38Z</time>
      </trkpt>
      <trkpt lat="9.000317" lon="-79.576079">
        <time>2026-08-06T10:11:39Z</time>
      </trkpt>
      <trkpt lat="9.000304" lon="-79.576099">
        <time>2026-08-06T10:11:40Z</time>
      </trkpt>
      <trkpt lat="9.000291" lon="-79.576116">
        <time>2026-08-06T10:11:41Z</time>
      </trkpt>
      <trkpt lat="9.000281" lon="-79.576133">
        <time>2026-08-06T10:11:42Z</time>
      </trkpt>
      <trkpt lat="9.000269" lon="-79.576151">
        <time>2026-08-06T10:11:43Z</time>
      </trkpt>
      <trkpt lat="9.000256" lon="-79.576167">
        <time>2026-08-06T10:11:44Z</time>
      </trkpt>
      <trkpt lat="9.000243" lon="-79.576184">
        <time>2026-08-06T10:11:45Z</time>
      </trkpt>
      <trkpt lat="9.000229" lon="-79.576201">
        <time>2026-08-06T10:11:46Z</time>
      </trkpt>
      <trkpt lat="9.000216" lon="-79.576213">
        <time>2026-08-06T10:11:47Z</time>
      </trkpt>
      <trkpt lat="9.000203" lon="-79.576229">
        <time>2026-08-06T10:11:48Z</time>
      </trkpt>
      <trkpt lat="9.000189" lon="-79.576245">
        <time>2026-08-06T10:11:49Z</time>
      </trkpt>
      <trkpt lat="9.000176" lon="-79.576262">
        <time>2026-08-06T10:11:50Z</time>
      </trkpt>
      <trkpt lat="9.000161" lon="-79.576276">
        <time>2026-08-06T10:11:51Z</time>
      </trkpt>
      <trkpt lat="9.000148" lon="-79.576290">
        <time>2026-08-06T10:11:52Z</time>
      </trkpt>
      <trkpt lat="9.000135" lon="-79.576303">
        <time>2026-08-06T10:11:53Z</time>
      </trkpt>
      <trkpt lat="9.000121" lon="-79.576315">
        <time>2026-08-06T10:11:54Z</time>
      </trkpt>
      <trkpt lat="9.000108" lon="-79.576326">
        <time>2026-08-06T10:11:55Z</time>
      </trkpt>
      <trkpt lat="9.000094" lon="-79.576338">
        <time>2026-08-06T10:11:56Z</time>
      </trkpt>
      <trkpt lat="9.000078" lon="-79.576349">
        <time>2026-08-06T10:11:57Z</time>
      </trkpt>
      <trkpt lat="9.000063" lon="-79.576360">
        <time>2026-08-06T10:11:58Z</time>
      </trkpt>
      <trkpt lat="9.000048" lon="-79.576370">
        <time>2026-08-06T10:11:59Z</time>
      </trkpt>
      <trkpt lat="9.000030" lon="-79.576382">
        <time>2026-08-06T10:12:00Z</time>
      </trkpt>
      <trkpt lat="9.000013" lon="-79.576394">
        <time>2026-08-06T10:12:01Z</time>
      </trkpt>
      <trkpt lat="8.999995" lon="-79.576407">
        <time>2026-08-06T10:12:02Z</time>
      </trkpt>
      <trkpt lat="8.999978" lon="-79.576421">
        <time>2026-08-06T10:12:03Z</time>
      </trkpt>
      <trkpt lat="8.999958" lon="-79.576430">
        <time>2026-08-06T10:12:04Z</time>
      </trkpt>
      <trkpt lat="8.999941" lon="-79.576443">
        <time>2026-08-06T10:12:05Z</time>
      </trkpt>
      <trkpt lat="8.999921" lon="-79.576456">
        <time>2026-08-06T10:12:06Z</time>
      </trkpt>
      <trkpt lat="8.999904" lon="-79.576468">
        <time>2026-08-06T10:12:07Z</time>
      </trkpt>
      <trkpt lat="8.999886" lon="-79.576481">
        <time>2026-08-06T10:12:08Z</time>
      </trkpt>
      <trkpt lat="8.999866" lon="-79.576500">
        <time>2026-08-06T10:12:09Z</time>
      </trkpt>
      <trkpt lat="8.999849" lon="-79.576512">
        <time>2026-08-06T10:12:10Z</time>
      </trkpt>
      <trkpt lat="8.999836" lon="-79.576525">
        <time>2026-08-06T10:12:11Z</time>
      </trkpt>
      <trkpt lat="8.999826" lon="-79.576537">
        <time>2026-08-06T10:12:12Z</time>
      </trkpt>
      <trkpt lat="8.999824" lon="-79.576557">
        <time>2026-08-06T10:12:13Z</time>
      </trkpt>
      <trkpt lat="8.999827" lon="-79.576575">
        <time>2026-08-06T10:12:14Z</time>
      </trkpt>
      <trkpt lat="8.999820" lon="-79.576593">
        <time>2026-08-06T10:12:15Z</time>
      </trkpt>
      <trkpt lat="8.999805" lon="-79.576615">
        <time>2026-08-06T10:12:16Z</time>
      </trkpt>
      <trkpt lat="8.999792" lon="-79.576628">
        <time>2026-08-06T10:12:17Z</time>
      </trkpt>
      <trkpt lat="8.999777" lon="-79.576642">
        <time>2026-08-06T10:12:18Z</time>
      </trkpt>
      <trkpt lat="8.999762" lon="-79.576654">
        <time>2026-08-06T10:12:19Z</time>
      </trkpt>
      <trkpt lat="8.999746" lon="-79.576668">
        <time>2026-08-06T10:12:20Z</time>
      </trkpt>
      <trkpt lat="8.999728" lon="-79.576678">
        <time>2026-08-06T10:12:21Z</time>
      </trkpt>
      <trkpt lat="8.999708" lon="-79.576689">
        <time>2026-08-06T10:12:22Z</time>
      </trkpt>
      <trkpt lat="8.999688" lon="-79.576702">
        <time>2026-08-06T10:12:23Z</time>
      </trkpt>
      <trkpt lat="8.999667" lon="-79.576716">
        <time>2026-08-06T10:12:24Z</time>
      </trkpt>
      <trkpt lat="8.999645" lon="-79.576728">
        <time>2026-08-06T10:12:25Z</time>
      </trkpt>
      <trkpt lat="8.999624" lon="-79.576741">
        <time>2026-08-06T10:12:26Z</time>
      </trkpt>
      <trkpt lat="8.999607" lon="-79.576756">
        <time>2026-08-06T10:12:27Z</time>
      </trkpt>
      <trkpt lat="8.999589" lon="-79.576771">
        <time>2026-08-06T10:12:28Z</time>
      </trkpt>
      <trkpt lat="8.999569" lon="-79.576785">
        <time>2026-08-06T10:12:29Z</time>
      </trkpt>
      <trkpt lat="8.999551" lon="-79.576796">
        <time>2026-08-06T10:12:30Z</time>
      </trkpt>
      <trkpt lat="8.999532" lon="-79.576811">
        <time>2026-08-06T10:12:31Z</time>
      </trkpt>
      <trkpt lat="8.999515" lon="-79.576825">
        <time>2026-08-06T10:12:32Z</time>
      </trkpt>
      <trkpt lat="8.999497" lon="-79.576838">
        <time>2026-08-06T10:12:33Z</time>
      </trkpt>
      <trkpt lat="8.999479" lon="-79.576855">
        <time>2026-08-06T10:12:34Z</time>
      </trkpt>
      <trkpt lat="8.999462" lon="-79.576869">
        <time>2026-08-06T10:12:35Z</time>
      </trkpt>
      <trkpt lat="8.999443" lon="-79.576883">
        <time>2026-08-06T10:12:36Z</time>
      </trkpt>
      <trkpt lat="8.999424" lon="-79.576897">
        <time>2026-08-06T10:12:37Z</time>
      </trkpt>
      <trkpt lat="8.999407" lon="-79.576909">
        <time>2026-08-06T10:12:38Z</time>
      </trkpt>
      <trkpt lat="8.999388" lon="-79.576920">
        <time>2026-08-06T10:12:39Z</time>
      </trkpt>
      <trkpt lat="8.999369" lon="-79.576934">
        <time>2026-08-06T10:12:40Z</time>
      </trkpt>
      <trkpt lat="8.999352" lon="-79.576946">
        <time>2026-08-06T10:12:41Z</time>
      </trkpt>
      <trkpt lat="8.999338" lon="-79.576959">
        <time>2026-08-06T10:12:42Z</time>
      </trkpt>
      <trkpt lat="8.999320" lon="-79.576970">
        <time>2026-08-06T10:12:43Z</time>
      </trkpt>
      <trkpt lat="8.999303" lon="-79.576982">
        <time>2026-08-06T10:12:44Z</time>
      </trkpt>
      <trkpt lat="8.999284" lon="-79.576994">
        <time>2026-08-06T10:12:45Z</time>
      </trkpt>
      <trkpt lat="8.999267" lon="-79.577010">
        <time>2026-08-06T10:12:46Z</time>
      </trkpt>
      <trkpt lat="8.999249" lon="-79.577022">
        <time>2026-08-06T10:12:47Z</time>
      </trkpt>
      <trkpt lat="8.999232" lon="-79.577033">
        <time>2026-08-06T10:12:48Z</time>
      </trkpt>
      <trkpt lat="8.999213" lon="-79.577047">
        <time>2026-08-06T10:12:49Z</time>
      </trkpt>
      <trkpt lat="8.999197" lon="-79.577061">
        <time>2026-08-06T10:12:50Z</time>
      </trkpt>
      <trkpt lat="8.999182" lon="-79.577075">
        <time>2026-08-06T10:12:51Z</time>
      </trkpt>
      <trkpt lat="8.999163" lon="-79.577087">
        <time>2026-08-06T10:12:52Z</time>
      </trkpt>
      <trkpt lat="8.999146" lon="-79.577099">
        <time>2026-08-06T10:12:53Z</time>
      </trkpt>
      <trkpt lat="8.999128" lon="-79.577113">
        <time>2026-08-06T10:12:54Z</time>
      </trkpt>
      <trkpt lat="8.999110" lon="-79.577124">
        <time>2026-08-06T10:12:55Z</time>
      </trkpt>
      <trkpt lat="8.999092" lon="-79.577135">
        <time>2026-08-06T10:12:56Z</time>
      </trkpt>
      <trkpt lat="8.999070" lon="-79.577148">
        <time>2026-08-06T10:12:57Z</time>
      </trkpt>
      <trkpt lat="8.999050" lon="-79.577160">
        <time>2026-08-06T10:12:58Z</time>
      </trkpt>
      <trkpt lat="8.999033" lon="-79.577176">
        <time>2026-08-06T10:12:59Z</time>
      </trkpt>
      <trkpt lat="8.999016" lon="-79.577191">
        <time>2026-08-06T10:13:00Z</time>
      </trkpt>
      <trkpt lat="8.998999" lon="-79.577203">
        <time>2026-08-06T10:13:01Z</time>
      </trkpt>
      <trkpt lat="8.998980" lon="-79.577218">
        <time>2026-08-06T10:13:02Z</time>
      </trkpt>
      <trkpt lat="8.998963" lon="-79.577229">
        <time>2026-08-06T10:13:03Z</time>
      </trkpt>
      <trkpt lat="8.998949" lon="-79.577237">
        <time>2026-08-06T10:13:04Z</time>
      </trkpt>
      <trkpt lat="8.998933" lon="-79.577250">
        <time>2026-08-06T10:13:05Z</time>
      </trkpt>
      <trkpt lat="8.998916" lon="-79.577261">
        <time>2026-08-06T10:13:06Z</time>
      </trkpt>
      <trkpt lat="8.998900" lon="-79.577276">
        <time>2026-08-06T10:13:07Z</time>
      </trkpt>
      <trkpt lat="8.998885" lon="-79.577286">
        <time>2026-08-06T10:13:08Z</time>
      </trkpt>
      <trkpt lat="8.998869" lon="-79.577299">
        <time>2026-08-06T10:13:09Z</time>
      </trkpt>
      <trkpt lat="8.998851" lon="-79.577312">
        <time>2026-08-06T10:13:10Z</time>
      </trkpt>
      <trkpt lat="8.998833" lon="-79.577326">
        <time>2026-08-06T10:13:11Z</time>
      </trkpt>
      <trkpt lat="8.998812" lon="-79.577339">
        <time>2026-08-06T10:13:12Z</time>
      </trkpt>
      <trkpt lat="8.998793" lon="-79.577349">
        <time>2026-08-06T10:13:13Z</time>
      </trkpt>
      <trkpt lat="8.998775" lon="-79.577360">
        <time>2026-08-06T10:13:14Z</time>
      </trkpt>
      <trkpt lat="8.998757" lon="-79.577373">
        <time>2026-08-06T10:13:15Z</time>
      </trkpt>
      <trkpt lat="8.998741" lon="-79.577386">
        <time>2026-08-06T10:13:16Z</time>
      </trkpt>
      <trkpt lat="8.998725" lon="-79.577399">
        <time>2026-08-06T10:13:17Z</time>
      </trkpt>
      <trkpt lat="8.998706" lon="-79.577412">
        <time>2026-08-06T10:13:18Z</time>
      </trkpt>
      <trkpt lat="8.998687" lon="-79.577427">
        <time>2026-08-06T10:13:19Z</time>
      </trkpt>
      <trkpt lat="8.998670" lon="-79.577442">
        <time>2026-08-06T10:13:20Z</time>
      </trkpt>
      <trkpt lat="8.998650" lon="-79.577457">
        <time>2026-08-06T10:13:21Z</time>
      </trkpt>
      <trkpt lat="8.998629" lon="-79.577472">
        <time>2026-08-06T10:13:22Z</time>
      </trkpt>
      <trkpt lat="8.998610" lon="-79.577487">
        <time>2026-08-06T10:13:23Z</time>
      </trkpt>
      <trkpt lat="8.998594" lon="-79.577499">
        <time>2026-08-06T10:13:24Z</time>
      </trkpt>
      <trkpt lat="8.998575" lon="-79.577513">
        <time>2026-08-06T10:13:25Z</time>
      </trkpt>
      <trkpt lat="8.998556" lon="-79.577530">
        <time>2026-08-06T10:13:26Z</time>
      </trkpt>
      <trkpt lat="8.998539" lon="-79.577543">
        <time>2026-08-06T10:13:27Z</time>
      </trkpt>
      <trkpt lat="8.998522" lon="-79.577557">
        <time>2026-08-06T10:13:28Z</time>
      </trkpt>
      <trkpt lat="8.998502" lon="-79.577571">
        <time>2026-08-06T10:13:29Z</time>
      </trkpt>
      <trkpt lat="8.998486" lon="-79.577585">
        <time>2026-08-06T10:13:30Z</time>
      </trkpt>
      <trkpt lat="8.998468" lon="-79.577598">
        <time>2026-08-06T10:13:31Z</time>
      </trkpt>
      <trkpt lat="8.998447" lon="-79.577612">
        <time>2026-08-06T10:13:32Z</time>
      </trkpt>
      <trkpt lat="8.998429" lon="-79.577624">
        <time>2026-08-06T10:13:33Z</time>
      </trkpt>
      <trkpt lat="8.998410" lon="-79.577638">
        <time>2026-08-06T10:13:34Z</time>
      </trkpt>
      <trkpt lat="8.998393" lon="-79.577651">
        <time>2026-08-06T10:13:35Z</time>
      </trkpt>
      <trkpt lat="8.998377" lon="-79.577665">
        <time>2026-08-06T10:13:36Z</time>
      </trkpt>
      <trkpt lat="8.998362" lon="-79.577680">
        <time>2026-08-06T10:13:37Z</time>
      </trkpt>
      <trkpt lat="8.998344" lon="-79.577693">
        <time>2026-08-06T10:13:38Z</time>
      </trkpt>
      <trkpt lat="8.998326" lon="-79.577704">
        <time>2026-08-06T10:13:39Z</time>
      </trkpt>
      <trkpt lat="8.998308" lon="-79.577720">
        <time>2026-08-06T10:13:40Z</time>
      </trkpt>
      <trkpt lat="8.998289" lon="-79.577735">
        <time>2026-08-06T10:13:41Z</time>
      </trkpt>
      <trkpt lat="8.998272" lon="-79.577746">
        <time>2026-08-06T10:13:42Z</time>
      </trkpt>
      <trkpt lat="8.998254" lon="-79.577760">
        <time>2026-08-06T10:13:43Z</time>
      </trkpt>
      <trkpt lat="8.998238" lon="-79.577772">
        <time>2026-08-06T10:13:44Z</time>
      </trkpt>
      <trkpt lat="8.998219" lon="-79.577783">
        <time>2026-08-06T10:13:45Z</time>
      </trkpt>
      <trkpt lat="8.998200" lon="-79.577797">
        <time>2026-08-06T10:13:46Z</time>
      </trkpt>
      <trkpt lat="8.998182" lon="-79.577810">
        <time>2026-08-06T10:13:47Z</time>
      </trkpt>
      <trkpt lat="8.998166" lon="-79.577822">
        <time>2026-08-06T10:13:48Z</time>
      </trkpt>
      <trkpt lat="8.998147" lon="-79.577835">
        <time>2026-08-06T10:13:49Z</time>
      </trkpt>
      <trkpt lat="8.998130" lon="-79.577848">
        <time>2026-08-06T10:13:50Z</time>
      </trkpt>
      <trkpt lat="8.998115" lon="-79.577860">
        <time>2026-08-06T10:13:51Z</time>
      </trkpt>
      <trkpt lat="8.998096" lon="-79.577875">
        <time>2026-08-06T10:13:52Z</time>
      </trkpt>
      <trkpt lat="8.998079" lon="-79.577889">
        <time>2026-08-06T10:13:53Z</time>
      </trkpt>
      <trkpt lat="8.998061" lon="-79.577904">
        <time>2026-08-06T10:13:54Z</time>
      </trkpt>
      <trkpt lat="8.998043" lon="-79.577917">
        <time>2026-08-06T10:13:55Z</time>
      </trkpt>
      <trkpt lat="8.998025" lon="-79.577929">
        <time>2026-08-06T10:13:56Z</time>
      </trkpt>
      <trkpt lat="8.998008" lon="-79.577940">
        <time>2026-08-06T10:13:57Z</time>
      </trkpt>
      <trkpt lat="8.997989" lon="-79.577954">
        <time>2026-08-06T10:13:58Z</time>
      </trkpt>
      <trkpt lat="8.997973" lon="-79.577965">
        <time>2026-08-06T10:13:59Z</time>
      </trkpt>
      <trkpt lat="8.997955" lon="-79.577975">
        <time>2026-08-06T10:14:00Z</time>
      </trkpt>
      <trkpt lat="8.997938" lon="-79.577989">
        <time>2026-08-06T10:14:01Z</time>
      </trkpt>
      <trkpt lat="8.997922" lon="-79.578000">
        <time>2026-08-06T10:14:02Z</time>
      </trkpt>
      <trkpt lat="8.997902" lon="-79.578012">
        <time>2026-08-06T10:14:03Z</time>
      </trkpt>
      <trkpt lat="8.997882" lon="-79.578025">
        <time>2026-08-06T10:14:04Z</time>
      </trkpt>
      <trkpt lat="8.997863" lon="-79.578037">
        <time>2026-08-06T10:14:05Z</time>
      </trkpt>
      <trkpt lat="8.997844" lon="-79.578050">
        <time>2026-08-06T10:14:06Z</time>
      </trkpt>
      <trkpt lat="8.997822" lon="-79.578061">
        <time>2026-08-06T10:14:07Z</time>
      </trkpt>
      <trkpt lat="8.997804" lon="-79.578071">
        <time>2026-08-06T10:14:08Z</time>
      </trkpt>
      <trkpt lat="8.997787" lon="-79.578085">
        <time>2026-08-06T10:14:09Z</time>
      </trkpt>
      <trkpt lat="8.997771" lon="-79.578099">
        <time>2026-08-06T10:14:10Z</time>
      </trkpt>
      <trkpt lat="8.997753" lon="-79.578111">
        <time>2026-08-06T10:14:11Z</time>
      </trkpt>
      <trkpt lat="8.997733" lon="-79.578127">
        <time>2026-08-06T10:14:12Z</time>
      </trkpt>
      <trkpt lat="8.997718" lon="-79.578140">
        <time>2026-08-06T10:14:13Z</time>
      </trkpt>
      <trkpt lat="8.997701" lon="-79.578154">
        <time>2026-08-06T10:14:14Z</time>
      </trkpt>
      <trkpt lat="8.997687" lon="-79.578174">
        <time>2026-08-06T10:14:15Z</time>
      </trkpt>
      <trkpt lat="8.997673" lon="-79.578194">
        <time>2026-08-06T10:14:16Z</time>
      </trkpt>
      <trkpt lat="8.997661" lon="-79.578211">
        <time>2026-08-06T10:14:17Z</time>
      </trkpt>
      <trkpt lat="8.997650" lon="-79.578229">
        <time>2026-08-06T10:14:18Z</time>
      </trkpt>
      <trkpt lat="8.997639" lon="-79.578245">
        <time>2026-08-06T10:14:19Z</time>
      </trkpt>
      <trkpt lat="8.997632" lon="-79.578261">
        <time>2026-08-06T10:14:20Z</time>
      </trkpt>
      <trkpt lat="8.997625" lon="-79.578276">
        <time>2026-08-06T10:14:21Z</time>
      </trkpt>
      <trkpt lat="8.997620" lon="-79.578287">
        <time>2026-08-06T10:14:22Z</time>
      </trkpt>
      <trkpt lat="8.997614" lon="-79.578299">
        <time>2026-08-06T10:14:23Z</time>
      </trkpt>
      <trkpt lat="8.997603" lon="-79.578309">
        <time>2026-08-06T10:14:24Z</time>
      </trkpt>
      <trkpt lat="8.997591" lon="-79.578324">
        <time>2026-08-06T10:14:25Z</time>
      </trkpt>
      <trkpt lat="8.997582" lon="-79.578345">
        <time>2026-08-06T10:14:26Z</time>
      </trkpt>
      <trkpt lat="8.997582" lon="-79.578365">
        <time>2026-08-06T10:14:27Z</time>
      </trkpt>
      <trkpt lat="8.997594" lon="-79.578392">
        <time>2026-08-06T10:14:28Z</time>
      </trkpt>
      <trkpt lat="8.997606" lon="-79.578417">
        <time>2026-08-06T10:14:29Z</time>
      </trkpt>
      <trkpt lat="8.997623" lon="-79.578440">
        <time>2026-08-06T10:14:30Z</time>
      </trkpt>
      <trkpt lat="8.997641" lon="-79.578465">
        <time>2026-08-06T10:14:31Z</time>
      </trkpt>
      <trkpt lat="8.997658" lon="-79.578485">
        <time>2026-08-06T10:14:32Z</time>
      </trkpt>
      <trkpt lat="8.997679" lon="-79.578504">
        <time>2026-08-06T10:14:33Z</time>
      </trkpt>
      <trkpt lat="8.997703" lon="-79.578517">
        <time>2026-08-06T10:14:34Z</time>
      </trkpt>
      <trkpt lat="8.997732" lon="-79.578524">
        <time>2026-08-06T10:14:35Z</time>
      </trkpt>
      <trkpt lat="8.997764" lon="-79.578524">
        <time>2026-08-06T10:14:36Z</time>
      </trkpt>
      <trkpt lat="8.997793" lon="-79.578518">
        <time>2026-08-06T10:14:37Z</time>
      </trkpt>
      <trkpt lat="8.997822" lon="-79.578512">
        <time>2026-08-06T10:14:38Z</time>
      </trkpt>
      <trkpt lat="8.997846" lon="-79.578506">
        <time>2026-08-06T10:14:39Z</time>
      </trkpt>
      <trkpt lat="8.997866" lon="-79.578501">
        <time>2026-08-06T10:14:40Z</time>
      </trkpt>
      <trkpt lat="8.997884" lon="-79.578497">
        <time>2026-08-06T10:14:41Z</time>
      </trkpt>
      <trkpt lat="8.997892" lon="-79.578504">
        <time>2026-08-06T10:14:42Z</time>
      </trkpt>
      <trkpt lat="8.997896" lon="-79.578521">
        <time>2026-08-06T10:14:43Z</time>
      </trkpt>
      <trkpt lat="8.997893" lon="-79.578541">
        <time>2026-08-06T10:14:44Z</time>
      </trkpt>
      <trkpt lat="8.997889" lon="-79.578559">
        <time>2026-08-06T10:14:45Z</time>
      </trkpt>
      <trkpt lat="8.997887" lon="-79.578580">
        <time>2026-08-06T10:14:46Z</time>
      </trkpt>
      <trkpt lat="8.997885" lon="-79.578604">
        <time>2026-08-06T10:14:47Z</time>
      </trkpt>
      <trkpt lat="8.997885" lon="-79.578626">
        <time>2026-08-06T10:14:48Z</time>
      </trkpt>
      <trkpt lat="8.997885" lon="-79.578647">
        <time>2026-08-06T10:14:49Z</time>
      </trkpt>
      <trkpt lat="8.997883" lon="-79.578671">
        <time>2026-08-06T10:14:50Z</time>
      </trkpt>
      <trkpt lat="8.997879" lon="-79.578694">
        <time>2026-08-06T10:14:51Z</time>
      </trkpt>
      <trkpt lat="8.997877" lon="-79.578718">
        <time>2026-08-06T10:14:52Z</time>
      </trkpt>
      <trkpt lat="8.997879" lon="-79.578740">
        <time>2026-08-06T10:14:53Z</time>
      </trkpt>
      <trkpt lat="8.997881" lon="-79.578763">
        <time>2026-08-06T10:14:54Z</time>
      </trkpt>
      <trkpt lat="8.997884" lon="-79.578787">
        <time>2026-08-06T10:14:55Z</time>
      </trkpt>
      <trkpt lat="8.997889" lon="-79.578810">
        <time>2026-08-06T10:14:56Z</time>
      </trkpt>
      <trkpt lat="8.997895" lon="-79.578832">
        <time>2026-08-06T10:14:57Z</time>
      </trkpt>
      <trkpt lat="8.997903" lon="-79.578859">
        <time>2026-08-06T10:14:58Z</time>
      </trkpt>
      <trkpt lat="8.997912" lon="-79.578887">
        <time>2026-08-06T10:14:59Z</time>
      </trkpt>
      <trkpt lat="8.997920" lon="-79.578912">
        <time>2026-08-06T10:15:00Z</time>
      </trkpt>
      <trkpt lat="8.997925" lon="-79.578935">
        <time>2026-08-06T10:15:01Z</time>
      </trkpt>
      <trkpt lat="8.997931" lon="-79.578958">
        <time>2026-08-06T10:15:02Z</time>
      </trkpt>
      <trkpt lat="8.997939" lon="-79.578981">
        <time>2026-08-06T10:15:03Z</time>
      </trkpt>
      <trkpt lat="8.997945" lon="-79.579003">
        <time>2026-08-06T10:15:04Z</time>
      </trkpt>
      <trkpt lat="8.997952" lon="-79.579024">
        <time>2026-08-06T10:15:05Z</time>
      </trkpt>
      <trkpt lat="8.997956" lon="-79.579048">
        <time>2026-08-06T10:15:06Z</time>
      </trkpt>
      <trkpt lat="8.997961" lon="-79.579067">
        <time>2026-08-06T10:15:07Z</time>
      </trkpt>
      <trkpt lat="8.997967" lon="-79.579088">
        <time>2026-08-06T10:15:08Z</time>
      </trkpt>
      <trkpt lat="8.997973" lon="-79.579111">
        <time>2026-08-06T10:15:09Z</time>
      </trkpt>
      <trkpt lat="8.997978" lon="-79.579132">
        <time>2026-08-06T10:15:10Z</time>
      </trkpt>
      <trkpt lat="8.997982" lon="-79.579155">
        <time>2026-08-06T10:15:11Z</time>
      </trkpt>
      <trkpt lat="8.997991" lon="-79.579179">
        <time>2026-08-06T10:15:12Z</time>
      </trkpt>
      <trkpt lat="8.998002" lon="-79.579201">
        <time>2026-08-06T10:15:13Z</time>
      </trkpt>
      <trkpt lat="8.998015" lon="-79.579225">
        <time>2026-08-06T10:15:14Z</time>
      </trkpt>
      <trkpt lat="8.998025" lon="-79.579248">
        <time>2026-08-06T10:15:15Z</time>
      </trkpt>
      <trkpt lat="8.998036" lon="-79.579269">
        <time>2026-08-06T10:15:16Z</time>
      </trkpt>
      <trkpt lat="8.998049" lon="-79.579289">
        <time>2026-08-06T10:15:17Z</time>
      </trkpt>
      <trkpt lat="8.998061" lon="-79.579309">
        <time>2026-08-06T10:15:18Z</time>
      </trkpt>
      <trkpt lat="8.998071" lon="-79.579328">
        <time>2026-08-06T10:15:19Z</time>
      </trkpt>
      <trkpt lat="8.998083" lon="-79.579347">
        <time>2026-08-06T10:15:20Z</time>
      </trkpt>
      <trkpt lat="8.998095" lon="-79.579368">
        <time>2026-08-06T10:15:21Z</time>
      </trkpt>
      <trkpt lat="8.998111" lon="-79.579385">
        <time>2026-08-06T10:15:22Z</time>
      </trkpt>
      <trkpt lat="8.998128" lon="-79.579402">
        <time>2026-08-06T10:15:23Z</time>
      </trkpt>
      <trkpt lat="8.998143" lon="-79.579420">
        <time>2026-08-06T10:15:24Z</time>
      </trkpt>
      <trkpt lat="8.998161" lon="-79.579438">
        <time>2026-08-06T10:15:25Z</time>
      </trkpt>
      <trkpt lat="8.998177" lon="-79.579456">
        <time>2026-08-06T10:15:26Z</time>
      </trkpt>
      <trkpt lat="8.998192" lon="-79.579474">
        <time>2026-08-06T10:15:27Z</time>
      </trkpt>
      <trkpt lat="8.998206" lon="-79.579494">
        <time>2026-08-06T10:15:28Z</time>
      </trkpt>
      <trkpt lat="8.998225" lon="-79.579511">
        <time>2026-08-06T10:15:29Z</time>
      </trkpt>
      <trkpt lat="8.998242" lon="-79.579530">
        <time>2026-08-06T10:15:30Z</time>
      </trkpt>
      <trkpt lat="8.998261" lon="-79.579547">
        <time>2026-08-06T10:15:31Z</time>
      </trkpt>
      <trkpt lat="8.998285" lon="-79.579562">
        <time>2026-08-06T10:15:32Z</time>
      </trkpt>
      <trkpt lat="8.998308" lon="-79.579575">
        <time>2026-08-06T10:15:33Z</time>
      </trkpt>
      <trkpt lat="8.998333" lon="-79.579577">
        <time>2026-08-06T10:15:34Z</time>
      </trkpt>
      <trkpt lat="8.998364" lon="-79.579572">
        <time>2026-08-06T10:15:35Z</time>
      </trkpt>
      <trkpt lat="8.998391" lon="-79.579573">
        <time>2026-08-06T10:15:36Z</time>
      </trkpt>
      <trkpt lat="8.998420" lon="-79.579567">
        <time>2026-08-06T10:15:37Z</time>
      </trkpt>
      <trkpt lat="8.998447" lon="-79.579561">
        <time>2026-08-06T10:15:38Z</time>
      </trkpt>
      <trkpt lat="8.998474" lon="-79.579555">
        <time>2026-08-06T10:15:39Z</time>
      </trkpt>
      <trkpt lat="8.998501" lon="-79.579543">
        <time>2026-08-06T10:15:40Z</time>
      </trkpt>
      <trkpt lat="8.998525" lon="-79.579531">
        <time>2026-08-06T10:15:41Z</time>
      </trkpt>
      <trkpt lat="8.998547" lon="-79.579518">
        <time>2026-08-06T10:15:42Z</time>
      </trkpt>
      <trkpt lat="8.998569" lon="-79.579501">
        <time>2026-08-06T10:15:43Z</time>
      </trkpt>
      <trkpt lat="8.998587" lon="-79.579485">
        <time>2026-08-06T10:15:44Z</time>
      </trkpt>
      <trkpt lat="8.998601" lon="-79.579465">
        <time>2026-08-06T10:15:45Z</time>
      </trkpt>
      <trkpt lat="8.998614" lon="-79.579442">
        <time>2026-08-06T10:15:46Z</time>
      </trkpt>
      <trkpt lat="8.998627" lon="-79.579420">
        <time>2026-08-06T10:15:47Z</time>
      </trkpt>
      <trkpt lat="8.998639" lon="-79.579395">
        <time>2026-08-06T10:15:48Z</time>
      </trkpt>
      <trkpt lat="8.998650" lon="-79.579374">
        <time>2026-08-06T10:15:49Z</time>
      </trkpt>
      <trkpt lat="8.998659" lon="-79.579351">
        <time>2026-08-06T10:15:50Z</time>
      </trkpt>
      <trkpt lat="8.998673" lon="-79.579328">
        <time>2026-08-06T10:15:51Z</time>
      </trkpt>
      <trkpt lat="8.998690" lon="-79.579310">
        <time>2026-08-06T10:15:52Z</time>
      </trkpt>
      <trkpt lat="8.998705" lon="-79.579293">
        <time>2026-08-06T10:15:53Z</time>
      </trkpt>
      <trkpt lat="8.998723" lon="-79.579278">
        <time>2026-08-06T10:15:54Z</time>
      </trkpt>
      <trkpt lat="8.998742" lon="-79.579265">
        <time>2026-08-06T10:15:55Z</time>
      </trkpt>
      <trkpt lat="8.998759" lon="-79.579250">
        <time>2026-08-06T10:15:56Z</time>
      </trkpt>
      <trkpt lat="8.998776" lon="-79.579236">
        <time>2026-08-06T10:15:57Z</time>
      </trkpt>
      <trkpt lat="8.998790" lon="-79.579226">
        <time>2026-08-06T10:15:58Z</time>
      </trkpt>
      <trkpt lat="8.998804" lon="-79.579218">
        <time>2026-08-06T10:15:59Z</time>
      </trkpt>
      <trkpt lat="8.998820" lon="-79.579219">
        <time>2026-08-06T10:16:00Z</time>
      </trkpt>
      <trkpt lat="8.998829" lon="-79.579230">
        <time>2026-08-06T10:16:01Z</time>
      </trkpt>
      <trkpt lat="8.998841" lon="-79.579245">
        <time>2026-08-06T10:16:02Z</time>
      </trkpt>
      <trkpt lat="8.998854" lon="-79.579259">
        <time>2026-08-06T10:16:03Z</time>
      </trkpt>
      <trkpt lat="8.998870" lon="-79.579272">
        <time>2026-08-06T10:16:04Z</time>
      </trkpt>
      <trkpt lat="8.998892" lon="-79.579283">
        <time>2026-08-06T10:16:05Z</time>
      </trkpt>
      <trkpt lat="8.998914" lon="-79.579291">
        <time>2026-08-06T10:16:06Z</time>
      </trkpt>
      <trkpt lat="8.998935" lon="-79.579293">
        <time>2026-08-06T10:16:07Z</time>
      </trkpt>
      <trkpt lat="8.998961" lon="-79.579292">
        <time>2026-08-06T10:16:08Z</time>
      </trkpt>
      <trkpt lat="8.998984" lon="-79.579286">
        <time>2026-08-06T10:16:09Z</time>
      </trkpt>
      <trkpt lat="8.999007" lon="-79.579280">
        <time>2026-08-06T10:16:10Z</time>
      </trkpt>
      <trkpt lat="8.999028" lon="-79.579272">
        <time>2026-08-06T10:16:11Z</time>
      </trkpt>
      <trkpt lat="8.999049" lon="-79.579267">
        <time>2026-08-06T10:16:12Z</time>
      </trkpt>
      <trkpt lat="8.999071" lon="-79.579262">
        <time>2026-08-06T10:16:13Z</time>
      </trkpt>
      <trkpt lat="8.999094" lon="-79.579256">
        <time>2026-08-06T10:16:14Z</time>
      </trkpt>
      <trkpt lat="8.999113" lon="-79.579251">
        <time>2026-08-06T10:16:15Z</time>
      </trkpt>
      <trkpt lat="8.999133" lon="-79.579246">
        <time>2026-08-06T10:16:16Z</time>
      </trkpt>
      <trkpt lat="8.999157" lon="-79.579240">
        <time>2026-08-06T10:16:17Z</time>
      </trkpt>
      <trkpt lat="8.999178" lon="-79.579238">
        <time>2026-08-06T10:16:18Z</time>
      </trkpt>
      <trkpt lat="8.999199" lon="-79.579236">
        <time>2026-08-06T10:16:19Z</time>
      </trkpt>
      <trkpt lat="8.999223" lon="-79.579234">
        <time>2026-08-06T10:16:20Z</time>
      </trkpt>
      <trkpt lat="8.999245" lon="-79.579234">
        <time>2026-08-06T10:16:21Z</time>
      </trkpt>
      <trkpt lat="8.999267" lon="-79.579236">
        <time>2026-08-06T10:16:22Z</time>
      </trkpt>
      <trkpt lat="8.999292" lon="-79.579237">
        <time>2026-08-06T10:16:23Z</time>
      </trkpt>
      <trkpt lat="8.999313" lon="-79.579240">
        <time>2026-08-06T10:16:24Z</time>
      </trkpt>
      <trkpt lat="8.999337" lon="-79.579239">
        <time>2026-08-06T10:16:25Z</time>
      </trkpt>
      <trkpt lat="8.999361" lon="-79.579235">
        <time>2026-08-06T10:16:26Z</time>
      </trkpt>
      <trkpt lat="8.999383" lon="-79.579232">
        <time>2026-08-06T10:16:27Z</time>
      </trkpt>
      <trkpt lat="8.999406" lon="-79.579229">
        <time>2026-08-06T10:16:28Z</time>
      </trkpt>
      <trkpt lat="8.999430" lon="-79.579225">
        <time>2026-08-06T10:16:29Z</time>
      </trkpt>
      <trkpt lat="8.999450" lon="-79.579221">
        <time>2026-08-06T10:16:30Z</time>
      </trkpt>
      <trkpt lat="8.999472" lon="-79.579215">
        <time>2026-08-06T10:16:31Z</time>
      </trkpt>
      <trkpt lat="8.999492" lon="-79.579212">
        <time>2026-08-06T10:16:32Z</time>
      </trkpt>
      <trkpt lat="8.999513" lon="-79.579209">
        <time>2026-08-06T10:16:33Z</time>
      </trkpt>
      <trkpt lat="8.999536" lon="-79.579207">
        <time>2026-08-06T10:16:34Z</time>
      </trkpt>
      <trkpt lat="8.999557" lon="-79.579204">
        <time>2026-08-06T10:16:35Z</time>
      </trkpt>
      <trkpt lat="8.999578" lon="-79.579200">
        <time>2026-08-06T10:16:36Z</time>
      </trkpt>
      <trkpt lat="8.999599" lon="-79.579199">
        <time>2026-08-06T10:16:37Z</time>
      </trkpt>
      <trkpt lat="8.999617" lon="-79.579202">
        <time>2026-08-06T10:16:38Z</time>
      </trkpt>
      <trkpt lat="8.999632" lon="-79.579208">
        <time>2026-08-06T10:16:39Z</time>
      </trkpt>
      <trkpt lat="8.999650" lon="-79.579216">
        <time>2026-08-06T10:16:40Z</time>
      </trkpt>
      <trkpt lat="8.999671" lon="-79.579224">
        <time>2026-08-06T10:16:41Z</time>
      </trkpt>
      <trkpt lat="8.999687" lon="-79.579232">
        <time>2026-08-06T10:16:42Z</time>
      </trkpt>
      <trkpt lat="8.999706" lon="-79.579241">
        <time>2026-08-06T10:16:43Z</time>
      </trkpt>
      <trkpt lat="8.999723" lon="-79.579250">
        <time>2026-08-06T10:16:44Z</time>
      </trkpt>
      <trkpt lat="8.999741" lon="-79.579262">
        <time>2026-08-06T10:16:45Z</time>
      </trkpt>
      <trkpt lat="8.999760" lon="-79.579272">
        <time>2026-08-06T10:16:46Z</time>
      </trkpt>
      <trkpt lat="8.999780" lon="-79.579284">
        <time>2026-08-06T10:16:47Z</time>
      </trkpt>
      <trkpt lat="8.999801" lon="-79.579293">
        <time>2026-08-06T10:16:48Z</time>
      </trkpt>
      <trkpt lat="8.999822" lon="-79.579299">
        <time>2026-08-06T10:16:49Z</time>
      </trkpt>
      <trkpt lat="8.999844" lon="-79.579307">
        <time>2026-08-06T10:16:50Z</time>
      </trkpt>
      <trkpt lat="8.999868" lon="-79.579311">
        <time>2026-08-06T10:16:51Z</time>
      </trkpt>
      <trkpt lat="8.999895" lon="-79.579309">
        <time>2026-08-06T10:16:52Z</time>
      </trkpt>
      <trkpt lat="8.999919" lon="-79.579309">
        <time>2026-08-06T10:16:53Z</time>
      </trkpt>
      <trkpt lat="8.999947" lon="-79.579306">
        <time>2026-08-06T10:16:54Z</time>
      </trkpt>
      <trkpt lat="8.999974" lon="-79.579303">
        <time>2026-08-06T10:16:55Z</time>
      </trkpt>
      <trkpt lat="8.999998" lon="-79.579302">
        <time>2026-08-06T10:16:56Z</time>
      </trkpt>
      <trkpt lat="9.000022" lon="-79.579298">
        <time>2026-08-06T10:16:57Z</time>
      </trkpt>
      <trkpt lat="9.000048" lon="-79.579293">
        <time>2026-08-06T10:16:58Z</time>
      </trkpt>
      <trkpt lat="9.000070" lon="-79.579290">
        <time>2026-08-06T10:16:59Z</time>
      </trkpt>
      <trkpt lat="9.000093" lon="-79.579287">
        <time>2026-08-06T10:17:00Z</time>
      </trkpt>
      <trkpt lat="9.000115" lon="-79.579284">
        <time>2026-08-06T10:17:01Z</time>
      </trkpt>
      <trkpt lat="9.000137" lon="-79.579282">
        <time>2026-08-06T10:17:02Z</time>
      </trkpt>
      <trkpt lat="9.000160" lon="-79.579280">
        <time>2026-08-06T10:17:03Z</time>
      </trkpt>
      <trkpt lat="9.000182" lon="-79.579280">
        <time>2026-08-06T10:17:04Z</time>
      </trkpt>
      <trkpt lat="9.000203" lon="-79.579281">
        <time>2026-08-06T10:17:05Z</time>
      </trkpt>
      <trkpt lat="9.000222" lon="-79.579286">
        <time>2026-08-06T10:17:06Z</time>
      </trkpt>
      <trkpt lat="9.000235" lon="-79.579304">
        <time>2026-08-06T10:17:07Z</time>
      </trkpt>
      <trkpt lat="9.000237" lon="-79.579322">
        <time>2026-08-06T10:17:08Z</time>
      </trkpt>
      <trkpt lat="9.000239" lon="-79.579341">
        <time>2026-08-06T10:17:09Z</time>
      </trkpt>
      <trkpt lat="9.000241" lon="-79.579359">
        <time>2026-08-06T10:17:10Z</time>
      </trkpt>
      <trkpt lat="9.000244" lon="-79.579375">
        <time>2026-08-06T10:17:11Z</time>
      </trkpt>
      <trkpt lat="9.000244" lon="-79.579393">
        <time>2026-08-06T10:17:12Z</time>
      </trkpt>
      <trkpt lat="9.000246" lon="-79.579413">
        <time>2026-08-06T10:17:13Z</time>
      </trkpt>
      <trkpt lat="9.000249" lon="-79.579437">
        <time>2026-08-06T10:17:14Z</time>
      </trkpt>
      <trkpt lat="9.000250" lon="-79.579461">
        <time>2026-08-06T10:17:15Z</time>
      </trkpt>
      <trkpt lat="9.000252" lon="-79.579481">
        <time>2026-08-06T10:17:16Z</time>
      </trkpt>
      <trkpt lat="9.000251" lon="-79.579505">
        <time>2026-08-06T10:17:17Z</time>
      </trkpt>
      <trkpt lat="9.000251" lon="-79.579528">
        <time>2026-08-06T10:17:18Z</time>
      </trkpt>
      <trkpt lat="9.000250" lon="-79.579550">
        <time>2026-08-06T10:17:19Z</time>
      </trkpt>
      <trkpt lat="9.000251" lon="-79.579576">
        <time>2026-08-06T10:17:20Z</time>
      </trkpt>
      <trkpt lat="9.000251" lon="-79.579598">
        <time>2026-08-06T10:17:21Z</time>
      </trkpt>
      <trkpt lat="9.000252" lon="-79.579620">
        <time>2026-08-06T10:17:22Z</time>
      </trkpt>
      <trkpt lat="9.000255" lon="-79.579644">
        <time>2026-08-06T10:17:23Z</time>
      </trkpt>
      <trkpt lat="9.000257" lon="-79.579665">
        <time>2026-08-06T10:17:24Z</time>
      </trkpt>
      <trkpt lat="9.000258" lon="-79.579689">
        <time>2026-08-06T10:17:25Z</time>
      </trkpt>
      <trkpt lat="9.000260" lon="-79.579713">
        <time>2026-08-06T10:17:26Z</time>
      </trkpt>
      <trkpt lat="9.000262" lon="-79.579736">
        <time>2026-08-06T10:17:27Z</time>
      </trkpt>
      <trkpt lat="9.000263" lon="-79.579762">
        <time>2026-08-06T10:17:28Z</time>
      </trkpt>
      <trkpt lat="9.000264" lon="-79.579786">
        <time>2026-08-06T10:17:29Z</time>
      </trkpt>
      <trkpt lat="9.000266" lon="-79.579810">
        <time>2026-08-06T10:17:30Z</time>
      </trkpt>
      <trkpt lat="9.000269" lon="-79.579835">
        <time>2026-08-06T10:17:31Z</time>
      </trkpt>
      <trkpt lat="9.000270" lon="-79.579858">
        <time>2026-08-06T10:17:32Z</time>
      </trkpt>
      <trkpt lat="9.000270" lon="-79.579882">
        <time>2026-08-06T10:17:33Z</time>
      </trkpt>
      <trkpt lat="9.000272" lon="-79.579906">
        <time>2026-08-06T10:17:34Z</time>
      </trkpt>
      <trkpt lat="9.000271" lon="-79.579926">
        <time>2026-08-06T10:17:35Z</time>
      </trkpt>
      <trkpt lat="9.000274" lon="-79.579946">
        <time>2026-08-06T10:17:36Z</time>
      </trkpt>
      <trkpt lat="9.000275" lon="-79.579970">
        <time>2026-08-06T10:17:37Z</time>
      </trkpt>
      <trkpt lat="9.000274" lon="-79.579992">
        <time>2026-08-06T10:17:38Z</time>
      </trkpt>
      <trkpt lat="9.000277" lon="-79.580015">
        <time>2026-08-06T10:17:39Z</time>
      </trkpt>
      <trkpt lat="9.000280" lon="-79.580041">
        <time>2026-08-06T10:17:40Z</time>
      </trkpt>
      <trkpt lat="9.000280" lon="-79.580063">
        <time>2026-08-06T10:17:41Z</time>
      </trkpt>
      <trkpt lat="9.000283" lon="-79.580085">
        <time>2026-08-06T10:17:42Z</time>
      </trkpt>
      <trkpt lat="9.000288" lon="-79.580108">
        <time>2026-08-06T10:17:43Z</time>
      </trkpt>
      <trkpt lat="9.000293" lon="-79.580130">
        <time>2026-08-06T10:17:44Z</time>
      </trkpt>
      <trkpt lat="9.000304" lon="-79.580151">
        <time>2026-08-06T10:17:45Z</time>
      </trkpt>
      <trkpt lat="9.000314" lon="-79.580170">
        <time>2026-08-06T10:17:46Z</time>
      </trkpt>
      <trkpt lat="9.000327" lon="-79.580185">
        <time>2026-08-06T10:17:47Z</time>
      </trkpt>
      <trkpt lat="9.000349" lon="-79.580199">
        <time>2026-08-06T10:17:48Z</time>
      </trkpt>
      <trkpt lat="9.000372" lon="-79.580210">
        <time>2026-08-06T10:17:49Z</time>
      </trkpt>
      <trkpt lat="9.000396" lon="-79.580219">
        <time>2026-08-06T10:17:50Z</time>
      </trkpt>
      <trkpt lat="9.000424" lon="-79.580223">
        <time>2026-08-06T10:17:51Z</time>
      </trkpt>
      <trkpt lat="9.000449" lon="-79.580225">
        <time>2026-08-06T10:17:52Z</time>
      </trkpt>
      <trkpt lat="9.000474" lon="-79.580223">
        <time>2026-08-06T10:17:53Z</time>
      </trkpt>
      <trkpt lat="9.000501" lon="-79.580215">
        <time>2026-08-06T10:17:54Z</time>
      </trkpt>
      <trkpt lat="9.000524" lon="-79.580208">
        <time>2026-08-06T10:17:55Z</time>
      </trkpt>
      <trkpt lat="9.000544" lon="-79.580203">
        <time>2026-08-06T10:17:56Z</time>
      </trkpt>
      <trkpt lat="9.000568" lon="-79.580194">
        <time>2026-08-06T10:17:57Z</time>
      </trkpt>
      <trkpt lat="9.000590" lon="-79.580187">
        <time>2026-08-06T10:17:58Z</time>
      </trkpt>
      <trkpt lat="9.000612" lon="-79.580183">
        <time>2026-08-06T10:17:59Z</time>
      </trkpt>
      <trkpt lat="9.000636" lon="-79.580174">
        <time>2026-08-06T10:18:00Z</time>
      </trkpt>
      <trkpt lat="9.000657" lon="-79.580169">
        <time>2026-08-06T10:18:01Z</time>
      </trkpt>
      <trkpt lat="9.000681" lon="-79.580162">
        <time>2026-08-06T10:18:02Z</time>
      </trkpt>
      <trkpt lat="9.000706" lon="-79.580154">
        <time>2026-08-06T10:18:03Z</time>
      </trkpt>
      <trkpt lat="9.000727" lon="-79.580149">
        <time>2026-08-06T10:18:04Z</time>
      </trkpt>
      <trkpt lat="9.000750" lon="-79.580141">
        <time>2026-08-06T10:18:05Z</time>
      </trkpt>
      <trkpt lat="9.000775" lon="-79.580134">
        <time>2026-08-06T10:18:06Z</time>
      </trkpt>
      <trkpt lat="9.000798" lon="-79.580130">
        <time>2026-08-06T10:18:07Z</time>
      </trkpt>
      <trkpt lat="9.000824" lon="-79.580125">
        <time>2026-08-06T10:18:08Z</time>
      </trkpt>
      <trkpt lat="9.000847" lon="-79.580114">
        <time>2026-08-06T10:18:09Z</time>
      </trkpt>
      <trkpt lat="9.000867" lon="-79.580105">
        <time>2026-08-06T10:18:10Z</time>
      </trkpt>
      <trkpt lat="9.000889" lon="-79.580095">
        <time>2026-08-06T10:18:11Z</time>
      </trkpt>
      <trkpt lat="9.000907" lon="-79.580088">
        <time>2026-08-06T10:18:12Z</time>
      </trkpt>
      <trkpt lat="9.000926" lon="-79.580079">
        <time>2026-08-06T10:18:13Z</time>
      </trkpt>
      <trkpt lat="9.000945" lon="-79.580068">
        <time>2026-08-06T10:18:14Z</time>
      </trkpt>
      <trkpt lat="9.000964" lon="-79.580059">
        <time>2026-08-06T10:18:15Z</time>
      </trkpt>
      <trkpt lat="9.000983" lon="-79.580044">
        <time>2026-08-06T10:18:16Z</time>
      </trkpt>
      <trkpt lat="9.001000" lon="-79.580027">
        <time>2026-08-06T10:18:17Z</time>
      </trkpt>
      <trkpt lat="9.001020" lon="-79.580008">
        <time>2026-08-06T10:18:18Z</time>
      </trkpt>
      <trkpt lat="9.001037" lon="-79.579984">
        <time>2026-08-06T10:18:19Z</time>
      </trkpt>
      <trkpt lat="9.001049" lon="-79.579961">
        <time>2026-08-06T10:18:20Z</time>
      </trkpt>
      <trkpt lat="9.001060" lon="-79.579938">
        <time>2026-08-06T10:18:21Z</time>
      </trkpt>
      <trkpt lat="9.001068" lon="-79.579912">
        <time>2026-08-06T10:18:22Z</time>
      </trkpt>
      <trkpt lat="9.001075" lon="-79.579887">
        <time>2026-08-06T10:18:23Z</time>
      </trkpt>
      <trkpt lat="9.001076" lon="-79.579862">
        <time>2026-08-06T10:18:24Z</time>
      </trkpt>
      <trkpt lat="9.001078" lon="-79.579834">
        <time>2026-08-06T10:18:25Z</time>
      </trkpt>
      <trkpt lat="9.001080" lon="-79.579812">
        <time>2026-08-06T10:18:26Z</time>
      </trkpt>
      <trkpt lat="9.001078" lon="-79.579786">
        <time>2026-08-06T10:18:27Z</time>
      </trkpt>
      <trkpt lat="9.001074" lon="-79.579761">
        <time>2026-08-06T10:18:28Z</time>
      </trkpt>
      <trkpt lat="9.001067" lon="-79.579738">
        <time>2026-08-06T10:18:29Z</time>
      </trkpt>
      <trkpt lat="9.001062" lon="-79.579711">
        <time>2026-08-06T10:18:30Z</time>
      </trkpt>
      <trkpt lat="9.001058" lon="-79.579688">
        <time>2026-08-06T10:18:31Z</time>
      </trkpt>
      <trkpt lat="9.001053" lon="-79.579667">
        <time>2026-08-06T10:18:32Z</time>
      </trkpt>
      <trkpt lat="9.001046" lon="-79.579644">
        <time>2026-08-06T10:18:33Z</time>
      </trkpt>
      <trkpt lat="9.001039" lon="-79.579622">
        <time>2026-08-06T10:18:34Z</time>
      </trkpt>
      <trkpt lat="9.001035" lon="-79.579600">
        <time>2026-08-06T10:18:35Z</time>
      </trkpt>
      <trkpt lat="9.001031" lon="-79.579576">
        <time>2026-08-06T10:18:36Z</time>
      </trkpt>
      <trkpt lat="9.001026" lon="-79.579552">
        <time>2026-08-06T10:18:37Z</time>
      </trkpt>
      <trkpt lat="9.001021" lon="-79.579527">
        <time>2026-08-06T10:18:38Z</time>
      </trkpt>
      <trkpt lat="9.001016" lon="-79.579501">
        <time>2026-08-06T10:18:39Z</time>
      </trkpt>
      <trkpt lat="9.001013" lon="-79.579480">
        <time>2026-08-06T10:18:40Z</time>
      </trkpt>
      <trkpt lat="9.001009" lon="-79.579460">
        <time>2026-08-06T10:18:41Z</time>
      </trkpt>
      <trkpt lat="9.001005" lon="-79.579438">
        <time>2026-08-06T10:18:42Z</time>
      </trkpt>
      <trkpt lat="9.001003" lon="-79.579418">
        <time>2026-08-06T10:18:43Z</time>
      </trkpt>
      <trkpt lat="9.001002" lon="-79.579396">
        <time>2026-08-06T10:18:44Z</time>
      </trkpt>
      <trkpt lat="9.001002" lon="-79.579374">
        <time>2026-08-06T10:18:45Z</time>
      </trkpt>
      <trkpt lat="9.001008" lon="-79.579354">
        <time>2026-08-06T10:18:46Z</time>
      </trkpt>
      <trkpt lat="9.001015" lon="-79.579335">
        <time>2026-08-06T10:18:47Z</time>
      </trkpt>
      <trkpt lat="9.001023" lon="-79.579315">
        <time>2026-08-06T10:18:48Z</time>
      </trkpt>
      <trkpt lat="9.001030" lon="-79.579298">
        <time>2026-08-06T10:18:49Z</time>
      </trkpt>
      <trkpt lat="9.001041" lon="-79.579278">
        <time>2026-08-06T10:18:50Z</time>
      </trkpt>
      <trkpt lat="9.001057" lon="-79.579260">
        <time>2026-08-06T10:18:51Z</time>
      </trkpt>
      <trkpt lat="9.001071" lon="-79.579243">
        <time>2026-08-06T10:18:52Z</time>
      </trkpt>
      <trkpt lat="9.001086" lon="-79.579224">
        <time>2026-08-06T10:18:53Z</time>
      </trkpt>
      <trkpt lat="9.001101" lon="-79.579207">
        <time>2026-08-06T10:18:54Z</time>
      </trkpt>
      <trkpt lat="9.001116" lon="-79.579193">
        <time>2026-08-06T10:18:55Z</time>
      </trkpt>
      <trkpt lat="9.001134" lon="-79.579180">
        <time>2026-08-06T10:18:56Z</time>
      </trkpt>
      <trkpt lat="9.001151" lon="-79.579169">
        <time>2026-08-06T10:18:57Z</time>
      </trkpt>
      <trkpt lat="9.001169" lon="-79.579157">
        <time>2026-08-06T10:18:58Z</time>
      </trkpt>
      <trkpt lat="9.001188" lon="-79.579148">
        <time>2026-08-06T10:18:59Z</time>
      </trkpt>
      <trkpt lat="9.001207" lon="-79.579139">
        <time>2026-08-06T10:19:00Z</time>
      </trkpt>
      <trkpt lat="9.001227" lon="-79.579130">
        <time>2026-08-06T10:19:01Z</time>
      </trkpt>
      <trkpt lat="9.001246" lon="-79.579122">
        <time>2026-08-06T10:19:02Z</time>
      </trkpt>
      <trkpt lat="9.001266" lon="-79.579112">
        <time>2026-08-06T10:19:03Z</time>
      </trkpt>
      <trkpt lat="9.001288" lon="-79.579101">
        <time>2026-08-06T10:19:04Z</time>
      </trkpt>
      <trkpt lat="9.001306" lon="-79.579092">
        <time>2026-08-06T10:19:05Z</time>
      </trkpt>
      <trkpt lat="9.001326" lon="-79.579085">
        <time>2026-08-06T10:19:06Z</time>
      </trkpt>
      <trkpt lat="9.001348" lon="-79.579080">
        <time>2026-08-06T10:19:07Z</time>
      </trkpt>
      <trkpt lat="9.001368" lon="-79.579076">
        <time>2026-08-06T10:19:08Z</time>
      </trkpt>
      <trkpt lat="9.001390" lon="-79.579074">
        <time>2026-08-06T10:19:09Z</time>
      </trkpt>
      <trkpt lat="9.001412" lon="-79.579074">
        <time>2026-08-06T10:19:10Z</time>
      </trkpt>
      <trkpt lat="9.001435" lon="-79.579078">
        <time>2026-08-06T10:19:11Z</time>
      </trkpt>
      <trkpt lat="9.001455" lon="-79.579083">
        <time>2026-08-06T10:19:12Z</time>
      </trkpt>
      <trkpt lat="9.001476" lon="-79.579086">
        <time>2026-08-06T10:19:13Z</time>
      </trkpt>
      <trkpt lat="9.001494" lon="-79.579093">
        <time>2026-08-06T10:19:14Z</time>
      </trkpt>
      <trkpt lat="9.001514" lon="-79.579101">
        <time>2026-08-06T10:19:15Z</time>
      </trkpt>
      <trkpt lat="9.001535" lon="-79.579110">
        <time>2026-08-06T10:19:16Z</time>
      </trkpt>
      <trkpt lat="9.001552" lon="-79.579122">
        <time>2026-08-06T10:19:17Z</time>
      </trkpt>
      <trkpt lat="9.001570" lon="-79.579135">
        <time>2026-08-06T10:19:18Z</time>
      </trkpt>
      <trkpt lat="9.001588" lon="-79.579149">
        <time>2026-08-06T10:19:19Z</time>
      </trkpt>
      <trkpt lat="9.001601" lon="-79.579165">
        <time>2026-08-06T10:19:20Z</time>
      </trkpt>
      <trkpt lat="9.001614" lon="-79.579180">
        <time>2026-08-06T10:19:21Z</time>
      </trkpt>
      <trkpt lat="9.001626" lon="-79.579196">
        <time>2026-08-06T10:19:22Z</time>
      </trkpt>
      <trkpt lat="9.001638" lon="-79.579211">
        <time>2026-08-06T10:19:23Z</time>
      </trkpt>
      <trkpt lat="9.001648" lon="-79.579231">
        <time>2026-08-06T10:19:24Z</time>
      </trkpt>
      <trkpt lat="9.001652" lon="-79.579250">
        <time>2026-08-06T10:19:25Z</time>
      </trkpt>
      <trkpt lat="9.001652" lon="-79.579269">
        <time>2026-08-06T10:19:26Z</time>
      </trkpt>
      <trkpt lat="9.001644" lon="-79.579292">
        <time>2026-08-06T10:19:27Z</time>
      </trkpt>
      <trkpt lat="9.001638" lon="-79.579315">
        <time>2026-08-06T10:19:28Z</time>
      </trkpt>
      <trkpt lat="9.001633" lon="-79.579335">
        <time>2026-08-06T10:19:29Z</time>
      </trkpt>
      <trkpt lat="9.001625" lon="-79.579357">
        <time>2026-08-06T10:19:30Z</time>
      </trkpt>
      <trkpt lat="9.001618" lon="-79.579379">
        <time>2026-08-06T10:19:31Z</time>
      </trkpt>
      <trkpt lat="9.001609" lon="-79.579402">
        <time>2026-08-06T10:19:32Z</time>
      </trkpt>
      <trkpt lat="9.001602" lon="-79.579426">
        <time>2026-08-06T10:19:33Z</time>
      </trkpt>
      <trkpt lat="9.001598" lon="-79.579449">
        <time>2026-08-06T10:19:34Z</time>
      </trkpt>
      <trkpt lat="9.001595" lon="-79.579473">
        <time>2026-08-06T10:19:35Z</time>
      </trkpt>
      <trkpt lat="9.001590" lon="-79.579499">
        <time>2026-08-06T10:19:36Z</time>
      </trkpt>
      <trkpt lat="9.001586" lon="-79.579522">
        <time>2026-08-06T10:19:37Z</time>
      </trkpt>
      <trkpt lat="9.001586" lon="-79.579548">
        <time>2026-08-06T10:19:38Z</time>
      </trkpt>
      <trkpt lat="9.001585" lon="-79.579572">
        <time>2026-08-06T10:19:39Z</time>
      </trkpt>
      <trkpt lat="9.001586" lon="-79.579597">
        <time>2026-08-06T10:19:40Z</time>
      </trkpt>
      <trkpt lat="9.001591" lon="-79.579623">
        <time>2026-08-06T10:19:41Z</time>
      </trkpt>
      <trkpt lat="9.001596" lon="-79.579648">
        <time>2026-08-06T10:19:42Z</time>
      </trkpt>
      <trkpt lat="9.001603" lon="-79.579671">
        <time>2026-08-06T10:19:43Z</time>
      </trkpt>
      <trkpt lat="9.001614" lon="-79.579697">
        <time>2026-08-06T10:19:44Z</time>
      </trkpt>
      <trkpt lat="9.001621" lon="-79.579720">
        <time>2026-08-06T10:19:45Z</time>
      </trkpt>
      <trkpt lat="9.001634" lon="-79.579743">
        <time>2026-08-06T10:19:46Z</time>
      </trkpt>
      <trkpt lat="9.001647" lon="-79.579765">
        <time>2026-08-06T10:19:47Z</time>
      </trkpt>
      <trkpt lat="9.001657" lon="-79.579787">
        <time>2026-08-06T10:19:48Z</time>
      </trkpt>
      <trkpt lat="9.001674" lon="-79.579809">
        <time>2026-08-06T10:19:49Z</time>
      </trkpt>
      <trkpt lat="9.001691" lon="-79.579829">
        <time>2026-08-06T10:19:50Z</time>
      </trkpt>
      <trkpt lat="9.001707" lon="-79.579850">
        <time>2026-08-06T10:19:51Z</time>
      </trkpt>
      <trkpt lat="9.001732" lon="-79.579863">
        <time>2026-08-06T10:19:52Z</time>
      </trkpt>
      <trkpt lat="9.001756" lon="-79.579873">
        <time>2026-08-06T10:19:53Z</time>
      </trkpt>
      <trkpt lat="9.001784" lon="-79.579877">
        <time>2026-08-06T10:19:54Z</time>
      </trkpt>
      <trkpt lat="9.001812" lon="-79.579876">
        <time>2026-08-06T10:19:55Z</time>
      </trkpt>
      <trkpt lat="9.001840" lon="-79.579873">
        <time>2026-08-06T10:19:56Z</time>
      </trkpt>
      <trkpt lat="9.001867" lon="-79.579867">
        <time>2026-08-06T10:19:57Z</time>
      </trkpt>
      <trkpt lat="9.001892" lon="-79.579861">
        <time>2026-08-06T10:19:58Z</time>
      </trkpt>
      <trkpt lat="9.001914" lon="-79.579856">
        <time>2026-08-06T10:19:59Z</time>
      </trkpt>
      <trkpt lat="9.001939" lon="-79.579847">
        <time>2026-08-06T10:20:00Z</time>
      </trkpt>
      <trkpt lat="9.001962" lon="-79.579840">
        <time>2026-08-06T10:20:01Z</time>
      </trkpt>
      <trkpt lat="9.001985" lon="-79.579831">
        <time>2026-08-06T10:20:02Z</time>
      </trkpt>
      <trkpt lat="9.002008" lon="-79.579822">
        <time>2026-08-06T10:20:03Z</time>
      </trkpt>
      <trkpt lat="9.002030" lon="-79.579815">
        <time>2026-08-06T10:20:04Z</time>
      </trkpt>
      <trkpt lat="9.002053" lon="-79.579807">
        <time>2026-08-06T10:20:05Z</time>
      </trkpt>
      <trkpt lat="9.002074" lon="-79.579799">
        <time>2026-08-06T10:20:06Z</time>
      </trkpt>
      <trkpt lat="9.002100" lon="-79.579794">
        <time>2026-08-06T10:20:07Z</time>
      </trkpt>
      <trkpt lat="9.002124" lon="-79.579791">
        <time>2026-08-06T10:20:08Z</time>
      </trkpt>
      <trkpt lat="9.002145" lon="-79.579789">
        <time>2026-08-06T10:20:09Z</time>
      </trkpt>
      <trkpt lat="9.002169" lon="-79.579789">
        <time>2026-08-06T10:20:10Z</time>
      </trkpt>
      <trkpt lat="9.002196" lon="-79.579789">
        <time>2026-08-06T10:20:11Z</time>
      </trkpt>
      <trkpt lat="9.002219" lon="-79.579796">
        <time>2026-08-06T10:20:12Z</time>
      </trkpt>
      <trkpt lat="9.002243" lon="-79.579802">
        <time>2026-08-06T10:20:13Z</time>
      </trkpt>
      <trkpt lat="9.002266" lon="-79.579808">
        <time>2026-08-06T10:20:14Z</time>
      </trkpt>
      <trkpt lat="9.002287" lon="-79.579816">
        <time>2026-08-06T10:20:15Z</time>
      </trkpt>
      <trkpt lat="9.002307" lon="-79.579822">
        <time>2026-08-06T10:20:16Z</time>
      </trkpt>
      <trkpt lat="9.002329" lon="-79.579830">
        <time>2026-08-06T10:20:17Z</time>
      </trkpt>
      <trkpt lat="9.002351" lon="-79.579837">
        <time>2026-08-06T10:20:18Z</time>
      </trkpt>
      <trkpt lat="9.002372" lon="-79.579843">
        <time>2026-08-06T10:20:19Z</time>
      </trkpt>
      <trkpt lat="9.002394" lon="-79.579848">
        <time>2026-08-06T10:20:20Z</time>
      </trkpt>
      <trkpt lat="9.002416" lon="-79.579849">
        <time>2026-08-06T10:20:21Z</time>
      </trkpt>
      <trkpt lat="9.002441" lon="-79.579847">
        <time>2026-08-06T10:20:22Z</time>
      </trkpt>
      <trkpt lat="9.002463" lon="-79.579848">
        <time>2026-08-06T10:20:23Z</time>
      </trkpt>
      <trkpt lat="9.002491" lon="-79.579845">
        <time>2026-08-06T10:20:24Z</time>
      </trkpt>
      <trkpt lat="9.002513" lon="-79.579842">
        <time>2026-08-06T10:20:25Z</time>
      </trkpt>
      <trkpt lat="9.002536" lon="-79.579837">
        <time>2026-08-06T10:20:26Z</time>
      </trkpt>
      <trkpt lat="9.002562" lon="-79.579831">
        <time>2026-08-06T10:20:27Z</time>
      </trkpt>
      <trkpt lat="9.002587" lon="-79.579824">
        <time>2026-08-06T10:20:28Z</time>
      </trkpt>
      <trkpt lat="9.002612" lon="-79.579820">
        <time>2026-08-06T10:20:29Z</time>
      </trkpt>
      <trkpt lat="9.002638" lon="-79.579812">
        <time>2026-08-06T10:20:30Z</time>
      </trkpt>
      <trkpt lat="9.002661" lon="-79.579800">
        <time>2026-08-06T10:20:31Z</time>
      </trkpt>
      <trkpt lat="9.002681" lon="-79.579783">
        <time>2026-08-06T10:20:32Z</time>
      </trkpt>
      <trkpt lat="9.002698" lon="-79.579765">
        <time>2026-08-06T10:20:33Z</time>
      </trkpt>
      <trkpt lat="9.002715" lon="-79.579746">
        <time>2026-08-06T10:20:34Z</time>
      </trkpt>
      <trkpt lat="9.002728" lon="-79.579725">
        <time>2026-08-06T10:20:35Z</time>
      </trkpt>
      <trkpt lat="9.002743" lon="-79.579707">
        <time>2026-08-06T10:20:36Z</time>
      </trkpt>
      <trkpt lat="9.002758" lon="-79.579688">
        <time>2026-08-06T10:20:37Z</time>
      </trkpt>
      <trkpt lat="9.002772" lon="-79.579669">
        <time>2026-08-06T10:20:38Z</time>
      </trkpt>
      <trkpt lat="9.002786" lon="-79.579649">
        <time>2026-08-06T10:20:39Z</time>
      </trkpt>
      <trkpt lat="9.002797" lon="-79.579632">
        <time>2026-08-06T10:20:40Z</time>
      </trkpt>
      <trkpt lat="9.002809" lon="-79.579614">
        <time>2026-08-06T10:20:41Z</time>
      </trkpt>
      <trkpt lat="9.002822" lon="-79.579594">
        <time>2026-08-06T10:20:42Z</time>
      </trkpt>
      <trkpt lat="9.002833" lon="-79.579575">
        <time>2026-08-06T10:20:43Z</time>
      </trkpt>
      <trkpt lat="9.002843" lon="-79.579557">
        <time>2026-08-06T10:20:44Z</time>
      </trkpt>
      <trkpt lat="9.002854" lon="-79.579535">
        <time>2026-08-06T10:20:45Z</time>
      </trkpt>
      <trkpt lat="9.002865" lon="-79.579515">
        <time>2026-08-06T10:20:46Z</time>
      </trkpt>
      <trkpt lat="9.002875" lon="-79.579496">
        <time>2026-08-06T10:20:47Z</time>
      </trkpt>
      <trkpt lat="9.002885" lon="-79.579473">
        <time>2026-08-06T10:20:48Z</time>
      </trkpt>
      <trkpt lat="9.002892" lon="-79.579452">
        <time>2026-08-06T10:20:49Z</time>
      </trkpt>
      <trkpt lat="9.002897" lon="-79.579429">
        <time>2026-08-06T10:20:50Z</time>
      </trkpt>
      <trkpt lat="9.002900" lon="-79.579406">
        <time>2026-08-06T10:20:51Z</time>
      </trkpt>
      <trkpt lat="9.002907" lon="-79.579383">
        <time>2026-08-06T10:20:52Z</time>
      </trkpt>
      <trkpt lat="9.002911" lon="-79.579357">
        <time>2026-08-06T10:20:53Z</time>
      </trkpt>
      <trkpt lat="9.002915" lon="-79.579333">
        <time>2026-08-06T10:20:54Z</time>
      </trkpt>
      <trkpt lat="9.002921" lon="-79.579308">
        <time>2026-08-06T10:20:55Z</time>
      </trkpt>
      <trkpt lat="9.002925" lon="-79.579284">
        <time>2026-08-06T10:20:56Z</time>
      </trkpt>
      <trkpt lat="9.002927" lon="-79.579263">
        <time>2026-08-06T10:20:57Z</time>
      </trkpt>
      <trkpt lat="9.002930" lon="-79.579240">
        <time>2026-08-06T10:20:58Z</time>
      </trkpt>
      <trkpt lat="9.002935" lon="-79.579213">
        <time>2026-08-06T10:20:59Z</time>
      </trkpt>
      <trkpt lat="9.002941" lon="-79.579191">
        <time>2026-08-06T10:21:00Z</time>
      </trkpt>
      <trkpt lat="9.002946" lon="-79.579168">
        <time>2026-08-06T10:21:01Z</time>
      </trkpt>
      <trkpt lat="9.002951" lon="-79.579143">
        <time>2026-08-06T10:21:02Z</time>
      </trkpt>
      <trkpt lat="9.002955" lon="-79.579122">
        <time>2026-08-06T10:21:03Z</time>
      </trkpt>
      <trkpt lat="9.002958" lon="-79.579099">
        <time>2026-08-06T10:21:04Z</time>
      </trkpt>
      <trkpt lat="9.002962" lon="-79.579077">
        <time>2026-08-06T10:21:05Z</time>
      </trkpt>
      <trkpt lat="9.002966" lon="-79.579053">
        <time>2026-08-06T10:21:06Z</time>
      </trkpt>
      <trkpt lat="9.002969" lon="-79.579026">
        <time>2026-08-06T10:21:07Z</time>
      </trkpt>
      <trkpt lat="9.002969" lon="-79.579002">
        <time>2026-08-06T10:21:08Z</time>
      </trkpt>
      <trkpt lat="9.002971" lon="-79.578978">
        <time>2026-08-06T10:21:09Z</time>
      </trkpt>
      <trkpt lat="9.002972" lon="-79.578953">
        <time>2026-08-06T10:21:10Z</time>
      </trkpt>
      <trkpt lat="9.002970" lon="-79.578930">
        <time>2026-08-06T10:21:11Z</time>
      </trkpt>
      <trkpt lat="9.002970" lon="-79.578906">
        <time>2026-08-06T10:21:12Z</time>
      </trkpt>
      <trkpt lat="9.002971" lon="-79.578880">
        <time>2026-08-06T10:21:13Z</time>
      </trkpt>
      <trkpt lat="9.002974" lon="-79.578859">
        <time>2026-08-06T10:21:14Z</time>
      </trkpt>
      <trkpt lat="9.002973" lon="-79.578835">
        <time>2026-08-06T10:21:15Z</time>
      </trkpt>
      <trkpt lat="9.002971" lon="-79.578812">
        <time>2026-08-06T10:21:16Z</time>
      </trkpt>
      <trkpt lat="9.002969" lon="-79.578790">
        <time>2026-08-06T10:21:17Z</time>
      </trkpt>
      <trkpt lat="9.002966" lon="-79.578767">
        <time>2026-08-06T10:21:18Z</time>
      </trkpt>
      <trkpt lat="9.002964" lon="-79.578743">
        <time>2026-08-06T10:21:19Z</time>
      </trkpt>
      <trkpt lat="9.002963" lon="-79.578718">
        <time>2026-08-06T10:21:20Z</time>
      </trkpt>
      <trkpt lat="9.002960" lon="-79.578692">
        <time>2026-08-06T10:21:21Z</time>
      </trkpt>
      <trkpt lat="9.002959" lon="-79.578668">
        <time>2026-08-06T10:21:22Z</time>
      </trkpt>
      <trkpt lat="9.002954" lon="-79.578646">
        <time>2026-08-06T10:21:23Z</time>
      </trkpt>
      <trkpt lat="9.002952" lon="-79.578621">
        <time>2026-08-06T10:21:24Z</time>
      </trkpt>
      <trkpt lat="9.002950" lon="-79.578599">
        <time>2026-08-06T10:21:25Z</time>
      </trkpt>
      <trkpt lat="9.002946" lon="-79.578576">
        <time>2026-08-06T10:21:26Z</time>
      </trkpt>
      <trkpt lat="9.002943" lon="-79.578552">
        <time>2026-08-06T10:21:27Z</time>
      </trkpt>
      <trkpt lat="9.002940" lon="-79.578530">
        <time>2026-08-06T10:21:28Z</time>
      </trkpt>
      <trkpt lat="9.002934" lon="-79.578506">
        <time>2026-08-06T10:21:29Z</time>
      </trkpt>
      <trkpt lat="9.002930" lon="-79.578484">
        <time>2026-08-06T10:21:30Z</time>
      </trkpt>
      <trkpt lat="9.002925" lon="-79.578462">
        <time>2026-08-06T10:21:31Z</time>
      </trkpt>
      <trkpt lat="9.002920" lon="-79.578441">
        <time>2026-08-06T10:21:32Z</time>
      </trkpt>
      <trkpt lat="9.002917" lon="-79.578420">
        <time>2026-08-06T10:21:33Z</time>
      </trkpt>
      <trkpt lat="9.002911" lon="-79.578397">
        <time>2026-08-06T10:21:34Z</time>
      </trkpt>
      <trkpt lat="9.002902" lon="-79.578373">
        <time>2026-08-06T10:21:35Z</time>
      </trkpt>
      <trkpt lat="9.002893" lon="-79.578352">
        <time>2026-08-06T10:21:36Z</time>
      </trkpt>
      <trkpt lat="9.002887" lon="-79.578328">
        <time>2026-08-06T10:21:37Z</time>
      </trkpt>
      <trkpt lat="9.002882" lon="-79.578306">
        <time>2026-08-06T10:21:38Z</time>
      </trkpt>
      <trkpt lat="9.002875" lon="-79.578283">
        <time>2026-08-06T10:21:39Z</time>
      </trkpt>
      <trkpt lat="9.002870" lon="-79.578259">
        <time>2026-08-06T10:21:40Z</time>
      </trkpt>
      <trkpt lat="9.002867" lon="-79.578236">
        <time>2026-08-06T10:21:41Z</time>
      </trkpt>
      <trkpt lat="9.002860" lon="-79.578215">
        <time>2026-08-06T10:21:42Z</time>
      </trkpt>
      <trkpt lat="9.002854" lon="-79.578194">
        <time>2026-08-06T10:21:43Z</time>
      </trkpt>
      <trkpt lat="9.002845" lon="-79.578172">
        <time>2026-08-06T10:21:44Z</time>
      </trkpt>
      <trkpt lat="9.002834" lon="-79.578149">
        <time>2026-08-06T10:21:45Z</time>
      </trkpt>
      <trkpt lat="9.002826" lon="-79.578130">
        <time>2026-08-06T10:21:46Z</time>
      </trkpt>
      <trkpt lat="9.002818" lon="-79.578108">
        <time>2026-08-06T10:21:47Z</time>
      </trkpt>
      <trkpt lat="9.002806" lon="-79.578086">
        <time>2026-08-06T10:21:48Z</time>
      </trkpt>
      <trkpt lat="9.002793" lon="-79.578063">
        <time>2026-08-06T10:21:49Z</time>
      </trkpt>
      <trkpt lat="9.002781" lon="-79.578040">
        <time>2026-08-06T10:21:50Z</time>
      </trkpt>
      <trkpt lat="9.002769" lon="-79.578020">
        <time>2026-08-06T10:21:51Z</time>
      </trkpt>
      <trkpt lat="9.002759" lon="-79.577997">
        <time>2026-08-06T10:21:52Z</time>
      </trkpt>
      <trkpt lat="9.002742" lon="-79.577975">
        <time>2026-08-06T10:21:53Z</time>
      </trkpt>
      <trkpt lat="9.002726" lon="-79.577957">
        <time>2026-08-06T10:21:54Z</time>
      </trkpt>
      <trkpt lat="9.002708" lon="-79.577939">
        <time>2026-08-06T10:21:55Z</time>
      </trkpt>
      <trkpt lat="9.002688" lon="-79.577924">
        <time>2026-08-06T10:21:56Z</time>
      </trkpt>
      <trkpt lat="9.002672" lon="-79.577909">
        <time>2026-08-06T10:21:57Z</time>
      </trkpt>
      <trkpt lat="9.002654" lon="-79.577894">
        <time>2026-08-06T10:21:58Z</time>
      </trkpt>
      <trkpt lat="9.002635" lon="-79.577879">
        <time>2026-08-06T10:21:59Z</time>
      </trkpt>
      <trkpt lat="9.002618" lon="-79.577864">
        <time>2026-08-06T10:22:00Z</time>
      </trkpt>
      <trkpt lat="9.002598" lon="-79.577848">
        <time>2026-08-06T10:22:01Z</time>
      </trkpt>
      <trkpt lat="9.002582" lon="-79.577833">
        <time>2026-08-06T10:22:02Z</time>
      </trkpt>
      <trkpt lat="9.002564" lon="-79.577818">
        <time>2026-08-06T10:22:03Z</time>
      </trkpt>
      <trkpt lat="9.002547" lon="-79.577802">
        <time>2026-08-06T10:22:04Z</time>
      </trkpt>
      <trkpt lat="9.002530" lon="-79.577789">
        <time>2026-08-06T10:22:05Z</time>
      </trkpt>
      <trkpt lat="9.002513" lon="-79.577774">
        <time>2026-08-06T10:22:06Z</time>
      </trkpt>
      <trkpt lat="9.002493" lon="-79.577758">
        <time>2026-08-06T10:22:07Z</time>
      </trkpt>
      <trkpt lat="9.002475" lon="-79.577745">
        <time>2026-08-06T10:22:08Z</time>
      </trkpt>
      <trkpt lat="9.002458" lon="-79.577731">
        <time>2026-08-06T10:22:09Z</time>
      </trkpt>
      <trkpt lat="9.002441" lon="-79.577714">
        <time>2026-08-06T10:22:10Z</time>
      </trkpt>
      <trkpt lat="9.002425" lon="-79.577697">
        <time>2026-08-06T10:22:11Z</time>
      </trkpt>
      <trkpt lat="9.002408" lon="-79.577679">
        <time>2026-08-06T10:22:12Z</time>
      </trkpt>
      <trkpt lat="9.002386" lon="-79.577669">
        <time>2026-08-06T10:22:13Z</time>
      </trkpt>
      <trkpt lat="9.002370" lon="-79.577656">
        <time>2026-08-06T10:22:14Z</time>
      </trkpt>
      <trkpt lat="9.002359" lon="-79.577649">
        <time>2026-08-06T10:22:15Z</time>
      </trkpt>
      <trkpt lat="9.002348" lon="-79.577641">
        <time>2026-08-06T10:22:16Z</time>
      </trkpt>
      <trkpt lat="9.002337" lon="-79.577636">
        <time>2026-08-06T10:22:17Z</time>
      </trkpt>
      <trkpt lat="9.002331" lon="-79.577632">
        <time>2026-08-06T10:22:18Z</time>
      </trkpt>
      <trkpt lat="9.002326" lon="-79.577627">
        <time>2026-08-06T10:22:19Z</time>
      </trkpt>
      <trkpt lat="9.002322" lon="-79.577624">
        <time>2026-08-06T10:22:20Z</time>
      </trkpt>
      <trkpt lat="9.002321" lon="-79.577623">
        <time>2026-08-06T10:22:21Z</time>
      </trkpt>
      <trkpt lat="9.002321" lon="-79.577618">
        <time>2026-08-06T10:22:22Z</time>
      </trkpt>
      <trkpt lat="9.002319" lon="-79.577614">
        <time>2026-08-06T10:22:23Z</time>
      </trkpt>
      <trkpt lat="9.002312" lon="-79.577611">
        <time>2026-08-06T10:22:24Z</time>
      </trkpt>
      <trkpt lat="9.002306" lon="-79.577614">
        <time>2026-08-06T10:22:25Z</time>
      </trkpt>
      <trkpt lat="9.002309" lon="-79.577619">
        <time>2026-08-06T10:22:26Z</time>
      </trkpt>
      <trkpt lat="9.002310" lon="-79.577620">
        <time>2026-08-06T10:22:27Z</time>
      </trkpt>
      <trkpt lat="9.002310" lon="-79.577620">
        <time>2026-08-06T10:22:28Z</time>
      </trkpt>
      <trkpt lat="9.002310" lon="-79.577620">
        <time>2026-08-06T10:22:29Z</time>
      </trkpt>
      <trkpt lat="9.002310" lon="-79.577620">
        <time>2026-08-06T10:22:30Z</time>
      </trkpt>
      <trkpt lat="9.002310" lon="-79.577620">
        <time>2026-08-06T10:22:31Z</time>
      </trkpt>
      <trkpt lat="9.002310" lon="-79.577620">
        <time>2026-08-06T10:22:32Z</time>
      </trkpt>
      <trkpt lat="9.002310" lon="-79.577620">
        <time>2026-08-06T10:22:33Z</time>
      </trkpt>
      <trkpt lat="9.002310" lon="-79.577620">
        <time>2026-08-06T10:22:34Z</time>
      </trkpt>
      <trkpt lat="9.002310" lon="-79.577620">
        <time>2026-08-06T10:22:35Z</time>
      </trkpt>
      <trkpt lat="9.002311" lon="-79.577618">
        <time>2026-08-06T10:22:36Z</time>
      </trkpt>
      <trkpt lat="9.002313" lon="-79.577616">
        <time>2026-08-06T10:22:37Z</time>
      </trkpt>
      <trkpt lat="9.002311" lon="-79.577621">
        <time>2026-08-06T10:22:38Z</time>
      </trkpt>
      <trkpt lat="9.002310" lon="-79.577620">
        <time>2026-08-06T10:22:39Z</time>
      </trkpt>
      <trkpt lat="9.002310" lon="-79.577620">
        <time>2026-08-06T10:22:40Z</time>
      </trkpt>
      <trkpt lat="9.002310" lon="-79.577620">
        <time>2026-08-06T10:22:41Z</time>
      </trkpt>
      <trkpt lat="9.002310" lon="-79.577620">
        <time>2026-08-06T10:22:42Z</time>
      </trkpt>
      <trkpt lat="9.002310" lon="-79.577620">
        <time>2026-08-06T10:22:43Z</time>
      </trkpt>
      <trkpt lat="9.002312" lon="-79.577621">
        <time>2026-08-06T10:22:44Z</time>
      </trkpt>
      <trkpt lat="9.002292" lon="-79.577603">
        <time>2026-08-06T10:22:45Z</time>
      </trkpt>
      <trkpt lat="9.002275" lon="-79.577586">
        <time>2026-08-06T10:22:46Z</time>
      </trkpt>
      <trkpt lat="9.002254" lon="-79.577569">
        <time>2026-08-06T10:22:47Z</time>
      </trkpt>
      <trkpt lat="9.002232" lon="-79.577550">
        <time>2026-08-06T10:22:48Z</time>
      </trkpt>
      <trkpt lat="9.002208" lon="-79.577528">
        <time>2026-08-06T10:22:49Z</time>
      </trkpt>
      <trkpt lat="9.002185" lon="-79.577510">
        <time>2026-08-06T10:22:50Z</time>
      </trkpt>
      <trkpt lat="9.002161" lon="-79.577492">
        <time>2026-08-06T10:22:51Z</time>
      </trkpt>
      <trkpt lat="9.002136" lon="-79.577477">
        <time>2026-08-06T10:22:52Z</time>
      </trkpt>
      <trkpt lat="9.002110" lon="-79.577461">
        <time>2026-08-06T10:22:53Z</time>
      </trkpt>
      <trkpt lat="9.002080" lon="-79.577443">
        <time>2026-08-06T10:22:54Z</time>
      </trkpt>
      <trkpt lat="9.002051" lon="-79.577430">
        <time>2026-08-06T10:22:55Z</time>
      </trkpt>
      <trkpt lat="9.002029" lon="-79.577418">
        <time>2026-08-06T10:22:56Z</time>
      </trkpt>
      <trkpt lat="9.002001" lon="-79.577404">
        <time>2026-08-06T10:22:57Z</time>
      </trkpt>
      <trkpt lat="9.001975" lon="-79.577389">
        <time>2026-08-06T10:22:58Z</time>
      </trkpt>
      <trkpt lat="9.001949" lon="-79.577377">
        <time>2026-08-06T10:22:59Z</time>
      </trkpt>
      <trkpt lat="9.001924" lon="-79.577360">
        <time>2026-08-06T10:23:00Z</time>
      </trkpt>
      <trkpt lat="9.001899" lon="-79.577344">
        <time>2026-08-06T10:23:01Z</time>
      </trkpt>
      <trkpt lat="9.001873" lon="-79.577326">
        <time>2026-08-06T10:23:02Z</time>
      </trkpt>
      <trkpt lat="9.001848" lon="-79.577308">
        <time>2026-08-06T10:23:03Z</time>
      </trkpt>
      <trkpt lat="9.001824" lon="-79.577294">
        <time>2026-08-06T10:23:04Z</time>
      </trkpt>
      <trkpt lat="9.001800" lon="-79.577280">
        <time>2026-08-06T10:23:05Z</time>
      </trkpt>
      <trkpt lat="9.001776" lon="-79.577265">
        <time>2026-08-06T10:23:06Z</time>
      </trkpt>
      <trkpt lat="9.001749" lon="-79.577251">
        <time>2026-08-06T10:23:07Z</time>
      </trkpt>
      <trkpt lat="9.001728" lon="-79.577235">
        <time>2026-08-06T10:23:08Z</time>
      </trkpt>
      <trkpt lat="9.001704" lon="-79.577221">
        <time>2026-08-06T10:23:09Z</time>
      </trkpt>
      <trkpt lat="9.001683" lon="-79.577204">
        <time>2026-08-06T10:23:10Z</time>
      </trkpt>
      <trkpt lat="9.001660" lon="-79.577187">
        <time>2026-08-06T10:23:11Z</time>
      </trkpt>
      <trkpt lat="9.001635" lon="-79.577170">
        <time>2026-08-06T10:23:12Z</time>
      </trkpt>
      <trkpt lat="9.001615" lon="-79.577154">
        <time>2026-08-06T10:23:13Z</time>
      </trkpt>
      <trkpt lat="9.001590" lon="-79.577136">
        <time>2026-08-06T10:23:14Z</time>
      </trkpt>
      <trkpt lat="9.001568" lon="-79.577121">
        <time>2026-08-06T10:23:15Z</time>
      </trkpt>
      <trkpt lat="9.001547" lon="-79.577104">
        <time>2026-08-06T10:23:16Z</time>
      </trkpt>
      <trkpt lat="9.001521" lon="-79.577088">
        <time>2026-08-06T10:23:17Z</time>
      </trkpt>
      <trkpt lat="9.001492" lon="-79.577072">
        <time>2026-08-06T10:23:18Z</time>
      </trkpt>
      <trkpt lat="9.001464" lon="-79.577058">
        <time>2026-08-06T10:23:19Z</time>
      </trkpt>
      <trkpt lat="9.001436" lon="-79.577045">
        <time>2026-08-06T10:23:20Z</time>
      </trkpt>
      <trkpt lat="9.001410" lon="-79.577034">
        <time>2026-08-06T10:23:21Z</time>
      </trkpt>
      <trkpt lat="9.001383" lon="-79.577022">
        <time>2026-08-06T10:23:22Z</time>
      </trkpt>
      <trkpt lat="9.001350" lon="-79.577012">
        <time>2026-08-06T10:23:23Z</time>
      </trkpt>
      <trkpt lat="9.001319" lon="-79.577006">
        <time>2026-08-06T10:23:24Z</time>
      </trkpt>
      <trkpt lat="9.001291" lon="-79.576997">
        <time>2026-08-06T10:23:25Z</time>
      </trkpt>
      <trkpt lat="9.001259" lon="-79.576987">
        <time>2026-08-06T10:23:26Z</time>
      </trkpt>
      <trkpt lat="9.001231" lon="-79.576977">
        <time>2026-08-06T10:23:27Z</time>
      </trkpt>
      <trkpt lat="9.001203" lon="-79.576968">
        <time>2026-08-06T10:23:28Z</time>
      </trkpt>
      <trkpt lat="9.001174" lon="-79.576961">
        <time>2026-08-06T10:23:29Z</time>
      </trkpt>
      <trkpt lat="9.001146" lon="-79.576956">
        <time>2026-08-06T10:23:30Z</time>
      </trkpt>
      <trkpt lat="9.001114" lon="-79.576952">
        <time>2026-08-06T10:23:31Z</time>
      </trkpt>
      <trkpt lat="9.001082" lon="-79.576946">
        <time>2026-08-06T10:23:32Z</time>
      </trkpt>
      <trkpt lat="9.001048" lon="-79.576939">
        <time>2026-08-06T10:23:33Z</time>
      </trkpt>
      <trkpt lat="9.001019" lon="-79.576934">
        <time>2026-08-06T10:23:34Z</time>
      </trkpt>
      <trkpt lat="9.000992" lon="-79.576929">
        <time>2026-08-06T10:23:35Z</time>
      </trkpt>
      <trkpt lat="9.000963" lon="-79.576928">
        <time>2026-08-06T10:23:36Z</time>
      </trkpt>
      <trkpt lat="9.000937" lon="-79.576925">
        <time>2026-08-06T10:23:37Z</time>
      </trkpt>
      <trkpt lat="9.000909" lon="-79.576923">
        <time>2026-08-06T10:23:38Z</time>
      </trkpt>
      <trkpt lat="9.000884" lon="-79.576921">
        <time>2026-08-06T10:23:39Z</time>
      </trkpt>
      <trkpt lat="9.000857" lon="-79.576917">
        <time>2026-08-06T10:23:40Z</time>
      </trkpt>
      <trkpt lat="9.000828" lon="-79.576916">
        <time>2026-08-06T10:23:41Z</time>
      </trkpt>
      <trkpt lat="9.000803" lon="-79.576915">
        <time>2026-08-06T10:23:42Z</time>
      </trkpt>
      <trkpt lat="9.000774" lon="-79.576911">
        <time>2026-08-06T10:23:43Z</time>
      </trkpt>
      <trkpt lat="9.000744" lon="-79.576913">
        <time>2026-08-06T10:23:44Z</time>
      </trkpt>
      <trkpt lat="9.000719" lon="-79.576910">
        <time>2026-08-06T10:23:45Z</time>
      </trkpt>
      <trkpt lat="9.000693" lon="-79.576908">
        <time>2026-08-06T10:23:46Z</time>
      </trkpt>
      <trkpt lat="9.000670" lon="-79.576911">
        <time>2026-08-06T10:23:47Z</time>
      </trkpt>
      <trkpt lat="9.000647" lon="-79.576912">
        <time>2026-08-06T10:23:48Z</time>
      </trkpt>
      <trkpt lat="9.000621" lon="-79.576914">
        <time>2026-08-06T10:23:49Z</time>
      </trkpt>
      <trkpt lat="9.000599" lon="-79.576921">
        <time>2026-08-06T10:23:50Z</time>
      </trkpt>
      <trkpt lat="9.000580" lon="-79.576925">
        <time>2026-08-06T10:23:51Z</time>
      </trkpt>
      <trkpt lat="9.000561" lon="-79.576930">
        <time>2026-08-06T10:23:52Z</time>
      </trkpt>
      <trkpt lat="9.000539" lon="-79.576938">
        <time>2026-08-06T10:23:53Z</time>
      </trkpt>
      <trkpt lat="9.000518" lon="-79.576944">
        <time>2026-08-06T10:23:54Z</time>
      </trkpt>
      <trkpt lat="9.000497" lon="-79.576949">
        <time>2026-08-06T10:23:55Z</time>
      </trkpt>
      <trkpt lat="9.000480" lon="-79.576954">
        <time>2026-08-06T10:23:56Z</time>
      </trkpt>
      <trkpt lat="9.000461" lon="-79.576960">
        <time>2026-08-06T10:23:57Z</time>
      </trkpt>
      <trkpt lat="9.000446" lon="-79.576967">
        <time>2026-08-06T10:23:58Z</time>
      </trkpt>
      <trkpt lat="9.000432" lon="-79.576973">
        <time>2026-08-06T10:23:59Z</time>
      </trkpt>
      <trkpt lat="9.000415" lon="-79.576979">
        <time>2026-08-06T10:24:00Z</time>
      </trkpt>
      <trkpt lat="9.000400" lon="-79.576986">
        <time>2026-08-06T10:24:01Z</time>
      </trkpt>
      <trkpt lat="9.000384" lon="-79.576994">
        <time>2026-08-06T10:24:02Z</time>
      </trkpt>
      <trkpt lat="9.000368" lon="-79.577002">
        <time>2026-08-06T10:24:03Z</time>
      </trkpt>
      <trkpt lat="9.000353" lon="-79.577009">
        <time>2026-08-06T10:24:04Z</time>
      </trkpt>
      <trkpt lat="9.000339" lon="-79.577019">
        <time>2026-08-06T10:24:05Z</time>
      </trkpt>
      <trkpt lat="9.000323" lon="-79.577028">
        <time>2026-08-06T10:24:06Z</time>
      </trkpt>
      <trkpt lat="9.000307" lon="-79.577035">
        <time>2026-08-06T10:24:07Z</time>
      </trkpt>
      <trkpt lat="9.000294" lon="-79.577043">
        <time>2026-08-06T10:24:08Z</time>
      </trkpt>
      <trkpt lat="9.000280" lon="-79.577047">
        <time>2026-08-06T10:24:09Z</time>
      </trkpt>
      <trkpt lat="9.000267" lon="-79.577056">
        <time>2026-08-06T10:24:10Z</time>
      </trkpt>
      <trkpt lat="9.000255" lon="-79.577062">
        <time>2026-08-06T10:24:11Z</time>
      </trkpt>
      <trkpt lat="9.000242" lon="-79.577068">
        <time>2026-08-06T10:24:12Z</time>
      </trkpt>
      <trkpt lat="9.000228" lon="-79.577073">
        <time>2026-08-06T10:24:13Z</time>
      </trkpt>
      <trkpt lat="9.000214" lon="-79.577078">
        <time>2026-08-06T10:24:14Z</time>
      </trkpt>
      <trkpt lat="9.000198" lon="-79.577086">
        <time>2026-08-06T10:24:15Z</time>
      </trkpt>
      <trkpt lat="9.000185" lon="-79.577093">
        <time>2026-08-06T10:24:16Z</time>
      </trkpt>
      <trkpt lat="9.000168" lon="-79.577098">
        <time>2026-08-06T10:24:17Z</time>
      </trkpt>
      <trkpt lat="9.000150" lon="-79.577105">
        <time>2026-08-06T10:24:18Z</time>
      </trkpt>
      <trkpt lat="9.000136" lon="-79.577112">
        <time>2026-08-06T10:24:19Z</time>
      </trkpt>
      <trkpt lat="9.000122" lon="-79.577122">
        <time>2026-08-06T10:24:20Z</time>
      </trkpt>
      <trkpt lat="9.000109" lon="-79.577131">
        <time>2026-08-06T10:24:21Z</time>
      </trkpt>
      <trkpt lat="9.000094" lon="-79.577142">
        <time>2026-08-06T10:24:22Z</time>
      </trkpt>
      <trkpt lat="9.000080" lon="-79.577151">
        <time>2026-08-06T10:24:23Z</time>
      </trkpt>
      <trkpt lat="9.000066" lon="-79.577163">
        <time>2026-08-06T10:24:24Z</time>
      </trkpt>
      <trkpt lat="9.000046" lon="-79.577178">
        <time>2026-08-06T10:24:25Z</time>
      </trkpt>
      <trkpt lat="9.000025" lon="-79.577189">
        <time>2026-08-06T10:24:26Z</time>
      </trkpt>
      <trkpt lat="9.000004" lon="-79.577203">
        <time>2026-08-06T10:24:27Z</time>
      </trkpt>
      <trkpt lat="8.999984" lon="-79.577217">
        <time>2026-08-06T10:24:28Z</time>
      </trkpt>
      <trkpt lat="8.999964" lon="-79.577228">
        <time>2026-08-06T10:24:29Z</time>
      </trkpt>
      <trkpt lat="8.999946" lon="-79.577240">
        <time>2026-08-06T10:24:30Z</time>
      </trkpt>
      <trkpt lat="8.999926" lon="-79.577253">
        <time>2026-08-06T10:24:31Z</time>
      </trkpt>
      <trkpt lat="8.999909" lon="-79.577264">
        <time>2026-08-06T10:24:32Z</time>
      </trkpt>
      <trkpt lat="8.999891" lon="-79.577274">
        <time>2026-08-06T10:24:33Z</time>
      </trkpt>
      <trkpt lat="8.999874" lon="-79.577286">
        <time>2026-08-06T10:24:34Z</time>
      </trkpt>
      <trkpt lat="8.999859" lon="-79.577299">
        <time>2026-08-06T10:24:35Z</time>
      </trkpt>
      <trkpt lat="8.999844" lon="-79.577309">
        <time>2026-08-06T10:24:36Z</time>
      </trkpt>
      <trkpt lat="8.999826" lon="-79.577323">
        <time>2026-08-06T10:24:37Z</time>
      </trkpt>
      <trkpt lat="8.999811" lon="-79.577334">
        <time>2026-08-06T10:24:38Z</time>
      </trkpt>
      <trkpt lat="8.999795" lon="-79.577346">
        <time>2026-08-06T10:24:39Z</time>
      </trkpt>
      <trkpt lat="8.999774" lon="-79.577360">
        <time>2026-08-06T10:24:40Z</time>
      </trkpt>
      <trkpt lat="8.999753" lon="-79.577374">
        <time>2026-08-06T10:24:41Z</time>
      </trkpt>
      <trkpt lat="8.999733" lon="-79.577392">
        <time>2026-08-06T10:24:42Z</time>
      </trkpt>
      <trkpt lat="8.999711" lon="-79.577406">
        <time>2026-08-06T10:24:43Z</time>
      </trkpt>
      <trkpt lat="8.999687" lon="-79.577421">
        <time>2026-08-06T10:24:44Z</time>
      </trkpt>
      <trkpt lat="8.999664" lon="-79.577439">
        <time>2026-08-06T10:24:45Z</time>
      </trkpt>
      <trkpt lat="8.999639" lon="-79.577454">
        <time>2026-08-06T10:24:46Z</time>
      </trkpt>
      <trkpt lat="8.999616" lon="-79.577472">
        <time>2026-08-06T10:24:47Z</time>
      </trkpt>
      <trkpt lat="8.999593" lon="-79.577488">
        <time>2026-08-06T10:24:48Z</time>
      </trkpt>
      <trkpt lat="8.999570" lon="-79.577507">
        <time>2026-08-06T10:24:49Z</time>
      </trkpt>
      <trkpt lat="8.999545" lon="-79.577526">
        <time>2026-08-06T10:24:50Z</time>
      </trkpt>
      <trkpt lat="8.999524" lon="-79.577543">
        <time>2026-08-06T10:24:51Z</time>
      </trkpt>
      <trkpt lat="8.999501" lon="-79.577560">
        <time>2026-08-06T10:24:52Z</time>
      </trkpt>
      <trkpt lat="8.999479" lon="-79.577576">
        <time>2026-08-06T10:24:53Z</time>
      </trkpt>
      <trkpt lat="8.999455" lon="-79.577595">
        <time>2026-08-06T10:24:54Z</time>
      </trkpt>
      <trkpt lat="8.999432" lon="-79.577611">
        <time>2026-08-06T10:24:55Z</time>
      </trkpt>
      <trkpt lat="8.999412" lon="-79.577628">
        <time>2026-08-06T10:24:56Z</time>
      </trkpt>
      <trkpt lat="8.999390" lon="-79.577648">
        <time>2026-08-06T10:24:57Z</time>
      </trkpt>
      <trkpt lat="8.999368" lon="-79.577669">
        <time>2026-08-06T10:24:58Z</time>
      </trkpt>
      <trkpt lat="8.999345" lon="-79.577686">
        <time>2026-08-06T10:24:59Z</time>
      </trkpt>
      <trkpt lat="8.999322" lon="-79.577702">
        <time>2026-08-06T10:25:00Z</time>
      </trkpt>
      <trkpt lat="8.999299" lon="-79.577719">
        <time>2026-08-06T10:25:01Z</time>
      </trkpt>
      <trkpt lat="8.999275" lon="-79.577733">
        <time>2026-08-06T10:25:02Z</time>
      </trkpt>
      <trkpt lat="8.999252" lon="-79.577750">
        <time>2026-08-06T10:25:03Z</time>
      </trkpt>
      <trkpt lat="8.999228" lon="-79.577767">
        <time>2026-08-06T10:25:04Z</time>
      </trkpt>
      <trkpt lat="8.999204" lon="-79.577781">
        <time>2026-08-06T10:25:05Z</time>
      </trkpt>
      <trkpt lat="8.999178" lon="-79.577798">
        <time>2026-08-06T10:25:06Z</time>
      </trkpt>
      <trkpt lat="8.999153" lon="-79.577818">
        <time>2026-08-06T10:25:07Z</time>
      </trkpt>
      <trkpt lat="8.999129" lon="-79.577836">
        <time>2026-08-06T10:25:08Z</time>
      </trkpt>
      <trkpt lat="8.999109" lon="-79.577852">
        <time>2026-08-06T10:25:09Z</time>
      </trkpt>
      <trkpt lat="8.999087" lon="-79.577870">
        <time>2026-08-06T10:25:10Z</time>
      </trkpt>
      <trkpt lat="8.999061" lon="-79.577886">
        <time>2026-08-06T10:25:11Z</time>
      </trkpt>
      <trkpt lat="8.999036" lon="-79.577900">
        <time>2026-08-06T10:25:12Z</time>
      </trkpt>
      <trkpt lat="8.999013" lon="-79.577920">
        <time>2026-08-06T10:25:13Z</time>
      </trkpt>
      <trkpt lat="8.998989" lon="-79.577934">
        <time>2026-08-06T10:25:14Z</time>
      </trkpt>
      <trkpt lat="8.998964" lon="-79.577952">
        <time>2026-08-06T10:25:15Z</time>
      </trkpt>
      <trkpt lat="8.998939" lon="-79.577972">
        <time>2026-08-06T10:25:16Z</time>
      </trkpt>
      <trkpt lat="8.998912" lon="-79.577991">
        <time>2026-08-06T10:25:17Z</time>
      </trkpt>
      <trkpt lat="8.998890" lon="-79.578008">
        <time>2026-08-06T10:25:18Z</time>
      </trkpt>
      <trkpt lat="8.998868" lon="-79.578028">
        <time>2026-08-06T10:25:19Z</time>
      </trkpt>
      <trkpt lat="8.998846" lon="-79.578047">
        <time>2026-08-06T10:25:20Z</time>
      </trkpt>
      <trkpt lat="8.998824" lon="-79.578067">
        <time>2026-08-06T10:25:21Z</time>
      </trkpt>
      <trkpt lat="8.998804" lon="-79.578085">
        <time>2026-08-06T10:25:22Z</time>
      </trkpt>
      <trkpt lat="8.998782" lon="-79.578104">
        <time>2026-08-06T10:25:23Z</time>
      </trkpt>
      <trkpt lat="8.998759" lon="-79.578122">
        <time>2026-08-06T10:25:24Z</time>
      </trkpt>
      <trkpt lat="8.998736" lon="-79.578139">
        <time>2026-08-06T10:25:25Z</time>
      </trkpt>
      <trkpt lat="8.998715" lon="-79.578156">
        <time>2026-08-06T10:25:26Z</time>
      </trkpt>
      <trkpt lat="8.998693" lon="-79.578180">
        <time>2026-08-06T10:25:27Z</time>
      </trkpt>
      <trkpt lat="8.998671" lon="-79.578195">
        <time>2026-08-06T10:25:28Z</time>
      </trkpt>
      <trkpt lat="8.998645" lon="-79.578213">
        <time>2026-08-06T10:25:29Z</time>
      </trkpt>
      <trkpt lat="8.998623" lon="-79.578227">
        <time>2026-08-06T10:25:30Z</time>
      </trkpt>
      <trkpt lat="8.998598" lon="-79.578245">
        <time>2026-08-06T10:25:31Z</time>
      </trkpt>
      <trkpt lat="8.998575" lon="-79.578262">
        <time>2026-08-06T10:25:32Z</time>
      </trkpt>
      <trkpt lat="8.998550" lon="-79.578278">
        <time>2026-08-06T10:25:33Z</time>
      </trkpt>
      <trkpt lat="8.998523" lon="-79.578294">
        <time>2026-08-06T10:25:34Z</time>
      </trkpt>
      <trkpt lat="8.998496" lon="-79.578308">
        <time>2026-08-06T10:25:35Z</time>
      </trkpt>
      <trkpt lat="8.998469" lon="-79.578320">
        <time>2026-08-06T10:25:36Z</time>
      </trkpt>
      <trkpt lat="8.998442" lon="-79.578332">
        <time>2026-08-06T10:25:37Z</time>
      </trkpt>
      <trkpt lat="8.998417" lon="-79.578343">
        <time>2026-08-06T10:25:38Z</time>
      </trkpt>
      <trkpt lat="8.998392" lon="-79.578352">
        <time>2026-08-06T10:25:39Z</time>
      </trkpt>
      <trkpt lat="8.998367" lon="-79.578361">
        <time>2026-08-06T10:25:40Z</time>
      </trkpt>
      <trkpt lat="8.998345" lon="-79.578364">
        <time>2026-08-06T10:25:41Z</time>
      </trkpt>
      <trkpt lat="8.998323" lon="-79.578369">
        <time>2026-08-06T10:25:42Z</time>
      </trkpt>
      <trkpt lat="8.998298" lon="-79.578375">
        <time>2026-08-06T10:25:43Z</time>
      </trkpt>
      <trkpt lat="8.998272" lon="-79.578381">
        <time>2026-08-06T10:25:44Z</time>
      </trkpt>
      <trkpt lat="8.998247" lon="-79.578390">
        <time>2026-08-06T10:25:45Z</time>
      </trkpt>
      <trkpt lat="8.998225" lon="-79.578398">
        <time>2026-08-06T10:25:46Z</time>
      </trkpt>
      <trkpt lat="8.998206" lon="-79.578402">
        <time>2026-08-06T10:25:47Z</time>
      </trkpt>
      <trkpt lat="8.998189" lon="-79.578406">
        <time>2026-08-06T10:25:48Z</time>
      </trkpt>
      <trkpt lat="8.998171" lon="-79.578409">
        <time>2026-08-06T10:25:49Z</time>
      </trkpt>
      <trkpt lat="8.998153" lon="-79.578412">
        <time>2026-08-06T10:25:50Z</time>
      </trkpt>
      <trkpt lat="8.998134" lon="-79.578416">
        <time>2026-08-06T10:25:51Z</time>
      </trkpt>
      <trkpt lat="8.998116" lon="-79.578419">
        <time>2026-08-06T10:25:52Z</time>
      </trkpt>
      <trkpt lat="8.998097" lon="-79.578419">
        <time>2026-08-06T10:25:53Z</time>
      </trkpt>
      <trkpt lat="8.998078" lon="-79.578420">
        <time>2026-08-06T10:25:54Z</time>
      </trkpt>
      <trkpt lat="8.998059" lon="-79.578421">
        <time>2026-08-06T10:25:55Z</time>
      </trkpt>
      <trkpt lat="8.998041" lon="-79.578421">
        <time>2026-08-06T10:25:56Z</time>
      </trkpt>
      <trkpt lat="8.998022" lon="-79.578424">
        <time>2026-08-06T10:25:57Z</time>
      </trkpt>
      <trkpt lat="8.998004" lon="-79.578430">
        <time>2026-08-06T10:25:58Z</time>
      </trkpt>
      <trkpt lat="8.997983" lon="-79.578434">
        <time>2026-08-06T10:25:59Z</time>
      </trkpt>
      <trkpt lat="8.997964" lon="-79.578442">
        <time>2026-08-06T10:26:00Z</time>
      </trkpt>
      <trkpt lat="8.997945" lon="-79.578452">
        <time>2026-08-06T10:26:01Z</time>
      </trkpt>
      <trkpt lat="8.997926" lon="-79.578461">
        <time>2026-08-06T10:26:02Z</time>
      </trkpt>
      <trkpt lat="8.997912" lon="-79.578479">
        <time>2026-08-06T10:26:03Z</time>
      </trkpt>
      <trkpt lat="8.997898" lon="-79.578500">
        <time>2026-08-06T10:26:04Z</time>
      </trkpt>
      <trkpt lat="8.997886" lon="-79.578521">
        <time>2026-08-06T10:26:05Z</time>
      </trkpt>
      <trkpt lat="8.997880" lon="-79.578543">
        <time>2026-08-06T10:26:06Z</time>
      </trkpt>
      <trkpt lat="8.997873" lon="-79.578570">
        <time>2026-08-06T10:26:07Z</time>
      </trkpt>
      <trkpt lat="8.997869" lon="-79.578597">
        <time>2026-08-06T10:26:08Z</time>
      </trkpt>
      <trkpt lat="8.997868" lon="-79.578621">
        <time>2026-08-06T10:26:09Z</time>
      </trkpt>
      <trkpt lat="8.997869" lon="-79.578646">
        <time>2026-08-06T10:26:10Z</time>
      </trkpt>
      <trkpt lat="8.997869" lon="-79.578670">
        <time>2026-08-06T10:26:11Z</time>
      </trkpt>
      <trkpt lat="8.997868" lon="-79.578692">
        <time>2026-08-06T10:26:12Z</time>
      </trkpt>
      <trkpt lat="8.997869" lon="-79.578717">
        <time>2026-08-06T10:26:13Z</time>
      </trkpt>
      <trkpt lat="8.997873" lon="-79.578737">
        <time>2026-08-06T10:26:14Z</time>
      </trkpt>
      <trkpt lat="8.997875" lon="-79.578760">
        <time>2026-08-06T10:26:15Z</time>
      </trkpt>
      <trkpt lat="8.997879" lon="-79.578784">
        <time>2026-08-06T10:26:16Z</time>
      </trkpt>
      <trkpt lat="8.997884" lon="-79.578807">
        <time>2026-08-06T10:26:17Z</time>
      </trkpt>
      <trkpt lat="8.997890" lon="-79.578830">
        <time>2026-08-06T10:26:18Z</time>
      </trkpt>
      <trkpt lat="8.997895" lon="-79.578855">
        <time>2026-08-06T10:26:19Z</time>
      </trkpt>
      <trkpt lat="8.997901" lon="-79.578879">
        <time>2026-08-06T10:26:20Z</time>
      </trkpt>
      <trkpt lat="8.997907" lon="-79.578902">
        <time>2026-08-06T10:26:21Z</time>
      </trkpt>
      <trkpt lat="8.997914" lon="-79.578925">
        <time>2026-08-06T10:26:22Z</time>
      </trkpt>
      <trkpt lat="8.997918" lon="-79.578945">
        <time>2026-08-06T10:26:23Z</time>
      </trkpt>
      <trkpt lat="8.997922" lon="-79.578967">
        <time>2026-08-06T10:26:24Z</time>
      </trkpt>
      <trkpt lat="8.997928" lon="-79.578988">
        <time>2026-08-06T10:26:25Z</time>
      </trkpt>
      <trkpt lat="8.997932" lon="-79.579006">
        <time>2026-08-06T10:26:26Z</time>
      </trkpt>
      <trkpt lat="8.997936" lon="-79.579026">
        <time>2026-08-06T10:26:27Z</time>
      </trkpt>
      <trkpt lat="8.997943" lon="-79.579048">
        <time>2026-08-06T10:26:28Z</time>
      </trkpt>
      <trkpt lat="8.997947" lon="-79.579069">
        <time>2026-08-06T10:26:29Z</time>
      </trkpt>
      <trkpt lat="8.997951" lon="-79.579091">
        <time>2026-08-06T10:26:30Z</time>
      </trkpt>
      <trkpt lat="8.997956" lon="-79.579112">
        <time>2026-08-06T10:26:31Z</time>
      </trkpt>
      <trkpt lat="8.997961" lon="-79.579133">
        <time>2026-08-06T10:26:32Z</time>
      </trkpt>
      <trkpt lat="8.997965" lon="-79.579154">
        <time>2026-08-06T10:26:33Z</time>
      </trkpt>
      <trkpt lat="8.997974" lon="-79.579174">
        <time>2026-08-06T10:26:34Z</time>
      </trkpt>
      <trkpt lat="8.997986" lon="-79.579192">
        <time>2026-08-06T10:26:35Z</time>
      </trkpt>
      <trkpt lat="8.997994" lon="-79.579213">
        <time>2026-08-06T10:26:36Z</time>
      </trkpt>
      <trkpt lat="8.998007" lon="-79.579235">
        <time>2026-08-06T10:26:37Z</time>
      </trkpt>
      <trkpt lat="8.998020" lon="-79.579253">
        <time>2026-08-06T10:26:38Z</time>
      </trkpt>
      <trkpt lat="8.998034" lon="-79.579270">
        <time>2026-08-06T10:26:39Z</time>
      </trkpt>
      <trkpt lat="8.998048" lon="-79.579289">
        <time>2026-08-06T10:26:40Z</time>
      </trkpt>
      <trkpt lat="8.998059" lon="-79.579307">
        <time>2026-08-06T10:26:41Z</time>
      </trkpt>
      <trkpt lat="8.998072" lon="-79.579329">
        <time>2026-08-06T10:26:42Z</time>
      </trkpt>
      <trkpt lat="8.998087" lon="-79.579351">
        <time>2026-08-06T10:26:43Z</time>
      </trkpt>
      <trkpt lat="8.998101" lon="-79.579372">
        <time>2026-08-06T10:26:44Z</time>
      </trkpt>
      <trkpt lat="8.998121" lon="-79.579395">
        <time>2026-08-06T10:26:45Z</time>
      </trkpt>
      <trkpt lat="8.998139" lon="-79.579418">
        <time>2026-08-06T10:26:46Z</time>
      </trkpt>
      <trkpt lat="8.998159" lon="-79.579439">
        <time>2026-08-06T10:26:47Z</time>
      </trkpt>
      <trkpt lat="8.998176" lon="-79.579462">
        <time>2026-08-06T10:26:48Z</time>
      </trkpt>
      <trkpt lat="8.998189" lon="-79.579490">
        <time>2026-08-06T10:26:49Z</time>
      </trkpt>
      <trkpt lat="8.998215" lon="-79.579512">
        <time>2026-08-06T10:26:50Z</time>
      </trkpt>
      <trkpt lat="8.998237" lon="-79.579533">
        <time>2026-08-06T10:26:51Z</time>
      </trkpt>
      <trkpt lat="8.998262" lon="-79.579553">
        <time>2026-08-06T10:26:52Z</time>
      </trkpt>
      <trkpt lat="8.998291" lon="-79.579575">
        <time>2026-08-06T10:26:53Z</time>
      </trkpt>
      <trkpt lat="8.998322" lon="-79.579584">
        <time>2026-08-06T10:26:54Z</time>
      </trkpt>
      <trkpt lat="8.998356" lon="-79.579586">
        <time>2026-08-06T10:26:55Z</time>
      </trkpt>
      <trkpt lat="8.998386" lon="-79.579586">
        <time>2026-08-06T10:26:56Z</time>
      </trkpt>
      <trkpt lat="8.998415" lon="-79.579581">
        <time>2026-08-06T10:26:57Z</time>
      </trkpt>
      <trkpt lat="8.998446" lon="-79.579571">
        <time>2026-08-06T10:26:58Z</time>
      </trkpt>
      <trkpt lat="8.998476" lon="-79.579564">
        <time>2026-08-06T10:26:59Z</time>
      </trkpt>
      <trkpt lat="8.998505" lon="-79.579550">
        <time>2026-08-06T10:27:00Z</time>
      </trkpt>
      <trkpt lat="8.998531" lon="-79.579536">
        <time>2026-08-06T10:27:01Z</time>
      </trkpt>
      <trkpt lat="8.998554" lon="-79.579513">
        <time>2026-08-06T10:27:02Z</time>
      </trkpt>
      <trkpt lat="8.998577" lon="-79.579485">
        <time>2026-08-06T10:27:03Z</time>
      </trkpt>
      <trkpt lat="8.998596" lon="-79.579459">
        <time>2026-08-06T10:27:04Z</time>
      </trkpt>
      <trkpt lat="8.998615" lon="-79.579429">
        <time>2026-08-06T10:27:05Z</time>
      </trkpt>
      <trkpt lat="8.998631" lon="-79.579402">
        <time>2026-08-06T10:27:06Z</time>
      </trkpt>
      <trkpt lat="8.998644" lon="-79.579375">
        <time>2026-08-06T10:27:07Z</time>
      </trkpt>
      <trkpt lat="8.998653" lon="-79.579348">
        <time>2026-08-06T10:27:08Z</time>
      </trkpt>
      <trkpt lat="8.998666" lon="-79.579325">
        <time>2026-08-06T10:27:09Z</time>
      </trkpt>
      <trkpt lat="8.998683" lon="-79.579303">
        <time>2026-08-06T10:27:10Z</time>
      </trkpt>
      <trkpt lat="8.998704" lon="-79.579286">
        <time>2026-08-06T10:27:11Z</time>
      </trkpt>
      <trkpt lat="8.998723" lon="-79.579266">
        <time>2026-08-06T10:27:12Z</time>
      </trkpt>
      <trkpt lat="8.998745" lon="-79.579246">
        <time>2026-08-06T10:27:13Z</time>
      </trkpt>
      <trkpt lat="8.998765" lon="-79.579232">
        <time>2026-08-06T10:27:14Z</time>
      </trkpt>
      <trkpt lat="8.998784" lon="-79.579216">
        <time>2026-08-06T10:27:15Z</time>
      </trkpt>
      <trkpt lat="8.998807" lon="-79.579209">
        <time>2026-08-06T10:27:16Z</time>
      </trkpt>
      <trkpt lat="8.998825" lon="-79.579212">
        <time>2026-08-06T10:27:17Z</time>
      </trkpt>
      <trkpt lat="8.998841" lon="-79.579233">
        <time>2026-08-06T10:27:18Z</time>
      </trkpt>
      <trkpt lat="8.998859" lon="-79.579249">
        <time>2026-08-06T10:27:19Z</time>
      </trkpt>
      <trkpt lat="8.998880" lon="-79.579265">
        <time>2026-08-06T10:27:20Z</time>
      </trkpt>
      <trkpt lat="8.998908" lon="-79.579276">
        <time>2026-08-06T10:27:21Z</time>
      </trkpt>
      <trkpt lat="8.998931" lon="-79.579283">
        <time>2026-08-06T10:27:22Z</time>
      </trkpt>
      <trkpt lat="8.998961" lon="-79.579282">
        <time>2026-08-06T10:27:23Z</time>
      </trkpt>
      <trkpt lat="8.998988" lon="-79.579281">
        <time>2026-08-06T10:27:24Z</time>
      </trkpt>
      <trkpt lat="8.999013" lon="-79.579276">
        <time>2026-08-06T10:27:25Z</time>
      </trkpt>
      <trkpt lat="8.999039" lon="-79.579268">
        <time>2026-08-06T10:27:26Z</time>
      </trkpt>
      <trkpt lat="8.999064" lon="-79.579261">
        <time>2026-08-06T10:27:27Z</time>
      </trkpt>
      <trkpt lat="8.999093" lon="-79.579252">
        <time>2026-08-06T10:27:28Z</time>
      </trkpt>
      <trkpt lat="8.999117" lon="-79.579246">
        <time>2026-08-06T10:27:29Z</time>
      </trkpt>
      <trkpt lat="8.999145" lon="-79.579240">
        <time>2026-08-06T10:27:30Z</time>
      </trkpt>
      <trkpt lat="8.999170" lon="-79.579234">
        <time>2026-08-06T10:27:31Z</time>
      </trkpt>
      <trkpt lat="8.999195" lon="-79.579230">
        <time>2026-08-06T10:27:32Z</time>
      </trkpt>
      <trkpt lat="8.999223" lon="-79.579226">
        <time>2026-08-06T10:27:33Z</time>
      </trkpt>
      <trkpt lat="8.999248" lon="-79.579225">
        <time>2026-08-06T10:27:34Z</time>
      </trkpt>
      <trkpt lat="8.999274" lon="-79.579225">
        <time>2026-08-06T10:27:35Z</time>
      </trkpt>
      <trkpt lat="8.999298" lon="-79.579224">
        <time>2026-08-06T10:27:36Z</time>
      </trkpt>
      <trkpt lat="8.999325" lon="-79.579224">
        <time>2026-08-06T10:27:37Z</time>
      </trkpt>
      <trkpt lat="8.999353" lon="-79.579222">
        <time>2026-08-06T10:27:38Z</time>
      </trkpt>
      <trkpt lat="8.999377" lon="-79.579219">
        <time>2026-08-06T10:27:39Z</time>
      </trkpt>
      <trkpt lat="8.999406" lon="-79.579216">
        <time>2026-08-06T10:27:40Z</time>
      </trkpt>
      <trkpt lat="8.999434" lon="-79.579210">
        <time>2026-08-06T10:27:41Z</time>
      </trkpt>
      <trkpt lat="8.999459" lon="-79.579205">
        <time>2026-08-06T10:27:42Z</time>
      </trkpt>
      <trkpt lat="8.999487" lon="-79.579198">
        <time>2026-08-06T10:27:43Z</time>
      </trkpt>
      <trkpt lat="8.999512" lon="-79.579192">
        <time>2026-08-06T10:27:44Z</time>
      </trkpt>
      <trkpt lat="8.999533" lon="-79.579187">
        <time>2026-08-06T10:27:45Z</time>
      </trkpt>
      <trkpt lat="8.999556" lon="-79.579186">
        <time>2026-08-06T10:27:46Z</time>
      </trkpt>
      <trkpt lat="8.999579" lon="-79.579185">
        <time>2026-08-06T10:27:47Z</time>
      </trkpt>
      <trkpt lat="8.999598" lon="-79.579184">
        <time>2026-08-06T10:27:48Z</time>
      </trkpt>
      <trkpt lat="8.999618" lon="-79.579185">
        <time>2026-08-06T10:27:49Z</time>
      </trkpt>
      <trkpt lat="8.999638" lon="-79.579189">
        <time>2026-08-06T10:27:50Z</time>
      </trkpt>
      <trkpt lat="8.999655" lon="-79.579196">
        <time>2026-08-06T10:27:51Z</time>
      </trkpt>
      <trkpt lat="8.999671" lon="-79.579204">
        <time>2026-08-06T10:27:52Z</time>
      </trkpt>
      <trkpt lat="8.999689" lon="-79.579210">
        <time>2026-08-06T10:27:53Z</time>
      </trkpt>
      <trkpt lat="8.999703" lon="-79.579219">
        <time>2026-08-06T10:27:54Z</time>
      </trkpt>
      <trkpt lat="8.999719" lon="-79.579228">
        <time>2026-08-06T10:27:55Z</time>
      </trkpt>
      <trkpt lat="8.999737" lon="-79.579236">
        <time>2026-08-06T10:27:56Z</time>
      </trkpt>
      <trkpt lat="8.999751" lon="-79.579245">
        <time>2026-08-06T10:27:57Z</time>
      </trkpt>
      <trkpt lat="8.999767" lon="-79.579256">
        <time>2026-08-06T10:27:58Z</time>
      </trkpt>
      <trkpt lat="8.999785" lon="-79.579267">
        <time>2026-08-06T10:27:59Z</time>
      </trkpt>
      <trkpt lat="8.999802" lon="-79.579277">
        <time>2026-08-06T10:28:00Z</time>
      </trkpt>
      <trkpt lat="8.999820" lon="-79.579286">
        <time>2026-08-06T10:28:01Z</time>
      </trkpt>
      <trkpt lat="8.999838" lon="-79.579293">
        <time>2026-08-06T10:28:02Z</time>
      </trkpt>
      <trkpt lat="8.999859" lon="-79.579299">
        <time>2026-08-06T10:28:03Z</time>
      </trkpt>
      <trkpt lat="8.999880" lon="-79.579301">
        <time>2026-08-06T10:28:04Z</time>
      </trkpt>
      <trkpt lat="8.999900" lon="-79.579302">
        <time>2026-08-06T10:28:05Z</time>
      </trkpt>
      <trkpt lat="8.999922" lon="-79.579300">
        <time>2026-08-06T10:28:06Z</time>
      </trkpt>
      <trkpt lat="8.999941" lon="-79.579299">
        <time>2026-08-06T10:28:07Z</time>
      </trkpt>
      <trkpt lat="8.999959" lon="-79.579298">
        <time>2026-08-06T10:28:08Z</time>
      </trkpt>
      <trkpt lat="8.999981" lon="-79.579294">
        <time>2026-08-06T10:28:09Z</time>
      </trkpt>
      <trkpt lat="8.999999" lon="-79.579290">
        <time>2026-08-06T10:28:10Z</time>
      </trkpt>
      <trkpt lat="9.000018" lon="-79.579289">
        <time>2026-08-06T10:28:11Z</time>
      </trkpt>
      <trkpt lat="9.000038" lon="-79.579286">
        <time>2026-08-06T10:28:12Z</time>
      </trkpt>
      <trkpt lat="9.000060" lon="-79.579283">
        <time>2026-08-06T10:28:13Z</time>
      </trkpt>
      <trkpt lat="9.000079" lon="-79.579281">
        <time>2026-08-06T10:28:14Z</time>
      </trkpt>
      <trkpt lat="9.000100" lon="-79.579279">
        <time>2026-08-06T10:28:15Z</time>
      </trkpt>
      <trkpt lat="9.000120" lon="-79.579276">
        <time>2026-08-06T10:28:16Z</time>
      </trkpt>
      <trkpt lat="9.000138" lon="-79.579272">
        <time>2026-08-06T10:28:17Z</time>
      </trkpt>
      <trkpt lat="9.000157" lon="-79.579269">
        <time>2026-08-06T10:28:18Z</time>
      </trkpt>
      <trkpt lat="9.000179" lon="-79.579266">
        <time>2026-08-06T10:28:19Z</time>
      </trkpt>
      <trkpt lat="9.000197" lon="-79.579267">
        <time>2026-08-06T10:28:20Z</time>
      </trkpt>
      <trkpt lat="9.000216" lon="-79.579271">
        <time>2026-08-06T10:28:21Z</time>
      </trkpt>
      <trkpt lat="9.000231" lon="-79.579280">
        <time>2026-08-06T10:28:22Z</time>
      </trkpt>
      <trkpt lat="9.000238" lon="-79.579293">
        <time>2026-08-06T10:28:23Z</time>
      </trkpt>
      <trkpt lat="9.000241" lon="-79.579309">
        <time>2026-08-06T10:28:24Z</time>
      </trkpt>
      <trkpt lat="9.000245" lon="-79.579329">
        <time>2026-08-06T10:28:25Z</time>
      </trkpt>
      <trkpt lat="9.000250" lon="-79.579348">
        <time>2026-08-06T10:28:26Z</time>
      </trkpt>
      <trkpt lat="9.000252" lon="-79.579368">
        <time>2026-08-06T10:28:27Z</time>
      </trkpt>
      <trkpt lat="9.000254" lon="-79.579388">
        <time>2026-08-06T10:28:28Z</time>
      </trkpt>
      <trkpt lat="9.000254" lon="-79.579412">
        <time>2026-08-06T10:28:29Z</time>
      </trkpt>
      <trkpt lat="9.000256" lon="-79.579433">
        <time>2026-08-06T10:28:30Z</time>
      </trkpt>
      <trkpt lat="9.000258" lon="-79.579455">
        <time>2026-08-06T10:28:31Z</time>
      </trkpt>
      <trkpt lat="9.000259" lon="-79.579479">
        <time>2026-08-06T10:28:32Z</time>
      </trkpt>
      <trkpt lat="9.000258" lon="-79.579500">
        <time>2026-08-06T10:28:33Z</time>
      </trkpt>
      <trkpt lat="9.000257" lon="-79.579524">
        <time>2026-08-06T10:28:34Z</time>
      </trkpt>
      <trkpt lat="9.000258" lon="-79.579549">
        <time>2026-08-06T10:28:35Z</time>
      </trkpt>
      <trkpt lat="9.000258" lon="-79.579568">
        <time>2026-08-06T10:28:36Z</time>
      </trkpt>
      <trkpt lat="9.000260" lon="-79.579591">
        <time>2026-08-06T10:28:37Z</time>
      </trkpt>
      <trkpt lat="9.000262" lon="-79.579616">
        <time>2026-08-06T10:28:38Z</time>
      </trkpt>
      <trkpt lat="9.000263" lon="-79.579640">
        <time>2026-08-06T10:28:39Z</time>
      </trkpt>
      <trkpt lat="9.000268" lon="-79.579664">
        <time>2026-08-06T10:28:40Z</time>
      </trkpt>
      <trkpt lat="9.000269" lon="-79.579688">
        <time>2026-08-06T10:28:41Z</time>
      </trkpt>
      <trkpt lat="9.000268" lon="-79.579713">
        <time>2026-08-06T10:28:42Z</time>
      </trkpt>
      <trkpt lat="9.000269" lon="-79.579742">
        <time>2026-08-06T10:28:43Z</time>
      </trkpt>
      <trkpt lat="9.000267" lon="-79.579768">
        <time>2026-08-06T10:28:44Z</time>
      </trkpt>
      <trkpt lat="9.000268" lon="-79.579796">
        <time>2026-08-06T10:28:45Z</time>
      </trkpt>
      <trkpt lat="9.000270" lon="-79.579825">
        <time>2026-08-06T10:28:46Z</time>
      </trkpt>
      <trkpt lat="9.000268" lon="-79.579853">
        <time>2026-08-06T10:28:47Z</time>
      </trkpt>
      <trkpt lat="9.000269" lon="-79.579884">
        <time>2026-08-06T10:28:48Z</time>
      </trkpt>
      <trkpt lat="9.000269" lon="-79.579911">
        <time>2026-08-06T10:28:49Z</time>
      </trkpt>
      <trkpt lat="9.000271" lon="-79.579942">
        <time>2026-08-06T10:28:50Z</time>
      </trkpt>
      <trkpt lat="9.000270" lon="-79.579972">
        <time>2026-08-06T10:28:51Z</time>
      </trkpt>
      <trkpt lat="9.000272" lon="-79.580001">
        <time>2026-08-06T10:28:52Z</time>
      </trkpt>
      <trkpt lat="9.000275" lon="-79.580032">
        <time>2026-08-06T10:28:53Z</time>
      </trkpt>
      <trkpt lat="9.000275" lon="-79.580062">
        <time>2026-08-06T10:28:54Z</time>
      </trkpt>
      <trkpt lat="9.000279" lon="-79.580095">
        <time>2026-08-06T10:28:55Z</time>
      </trkpt>
      <trkpt lat="9.000286" lon="-79.580121">
        <time>2026-08-06T10:28:56Z</time>
      </trkpt>
      <trkpt lat="9.000300" lon="-79.580152">
        <time>2026-08-06T10:28:57Z</time>
      </trkpt>
      <trkpt lat="9.000319" lon="-79.580176">
        <time>2026-08-06T10:28:58Z</time>
      </trkpt>
      <trkpt lat="9.000341" lon="-79.580196">
        <time>2026-08-06T10:28:59Z</time>
      </trkpt>
      <trkpt lat="9.000371" lon="-79.580212">
        <time>2026-08-06T10:29:00Z</time>
      </trkpt>
      <trkpt lat="9.000407" lon="-79.580216">
        <time>2026-08-06T10:29:01Z</time>
      </trkpt>
      <trkpt lat="9.000445" lon="-79.580217">
        <time>2026-08-06T10:29:02Z</time>
      </trkpt>
      <trkpt lat="9.000479" lon="-79.580214">
        <time>2026-08-06T10:29:03Z</time>
      </trkpt>
      <trkpt lat="9.000514" lon="-79.580207">
        <time>2026-08-06T10:29:04Z</time>
      </trkpt>
      <trkpt lat="9.000546" lon="-79.580198">
        <time>2026-08-06T10:29:05Z</time>
      </trkpt>
      <trkpt lat="9.000575" lon="-79.580191">
        <time>2026-08-06T10:29:06Z</time>
      </trkpt>
      <trkpt lat="9.000606" lon="-79.580181">
        <time>2026-08-06T10:29:07Z</time>
      </trkpt>
      <trkpt lat="9.000637" lon="-79.580173">
        <time>2026-08-06T10:29:08Z</time>
      </trkpt>
      <trkpt lat="9.000669" lon="-79.580162">
        <time>2026-08-06T10:29:09Z</time>
      </trkpt>
      <trkpt lat="9.000699" lon="-79.580154">
        <time>2026-08-06T10:29:10Z</time>
      </trkpt>
      <trkpt lat="9.000729" lon="-79.580147">
        <time>2026-08-06T10:29:11Z</time>
      </trkpt>
      <trkpt lat="9.000760" lon="-79.580139">
        <time>2026-08-06T10:29:12Z</time>
      </trkpt>
      <trkpt lat="9.000787" lon="-79.580133">
        <time>2026-08-06T10:29:13Z</time>
      </trkpt>
      <trkpt lat="9.000817" lon="-79.580122">
        <time>2026-08-06T10:29:14Z</time>
      </trkpt>
      <trkpt lat="9.000846" lon="-79.580111">
        <time>2026-08-06T10:29:15Z</time>
      </trkpt>
      <trkpt lat="9.000876" lon="-79.580100">
        <time>2026-08-06T10:29:16Z</time>
      </trkpt>
      <trkpt lat="9.000904" lon="-79.580088">
        <time>2026-08-06T10:29:17Z</time>
      </trkpt>
      <trkpt lat="9.000931" lon="-79.580076">
        <time>2026-08-06T10:29:18Z</time>
      </trkpt>
      <trkpt lat="9.000959" lon="-79.580060">
        <time>2026-08-06T10:29:19Z</time>
      </trkpt>
      <trkpt lat="9.000985" lon="-79.580043">
        <time>2026-08-06T10:29:20Z</time>
      </trkpt>
      <trkpt lat="9.001008" lon="-79.580020">
        <time>2026-08-06T10:29:21Z</time>
      </trkpt>
      <trkpt lat="9.001029" lon="-79.579994">
        <time>2026-08-06T10:29:22Z</time>
      </trkpt>
      <trkpt lat="9.001045" lon="-79.579966">
        <time>2026-08-06T10:29:23Z</time>
      </trkpt>
      <trkpt lat="9.001058" lon="-79.579935">
        <time>2026-08-06T10:29:24Z</time>
      </trkpt>
      <trkpt lat="9.001069" lon="-79.579903">
        <time>2026-08-06T10:29:25Z</time>
      </trkpt>
      <trkpt lat="9.001076" lon="-79.579869">
        <time>2026-08-06T10:29:26Z</time>
      </trkpt>
      <trkpt lat="9.001079" lon="-79.579837">
        <time>2026-08-06T10:29:27Z</time>
      </trkpt>
      <trkpt lat="9.001077" lon="-79.579804">
        <time>2026-08-06T10:29:28Z</time>
      </trkpt>
      <trkpt lat="9.001076" lon="-79.579772">
        <time>2026-08-06T10:29:29Z</time>
      </trkpt>
      <trkpt lat="9.001070" lon="-79.579740">
        <time>2026-08-06T10:29:30Z</time>
      </trkpt>
      <trkpt lat="9.001066" lon="-79.579707">
        <time>2026-08-06T10:29:31Z</time>
      </trkpt>
      <trkpt lat="9.001061" lon="-79.579678">
        <time>2026-08-06T10:29:32Z</time>
      </trkpt>
      <trkpt lat="9.001054" lon="-79.579649">
        <time>2026-08-06T10:29:33Z</time>
      </trkpt>
      <trkpt lat="9.001046" lon="-79.579624">
        <time>2026-08-06T10:29:34Z</time>
      </trkpt>
      <trkpt lat="9.001039" lon="-79.579593">
        <time>2026-08-06T10:29:35Z</time>
      </trkpt>
      <trkpt lat="9.001033" lon="-79.579566">
        <time>2026-08-06T10:29:36Z</time>
      </trkpt>
      <trkpt lat="9.001028" lon="-79.579532">
        <time>2026-08-06T10:29:37Z</time>
      </trkpt>
      <trkpt lat="9.001024" lon="-79.579504">
        <time>2026-08-06T10:29:38Z</time>
      </trkpt>
      <trkpt lat="9.001020" lon="-79.579473">
        <time>2026-08-06T10:29:39Z</time>
      </trkpt>
      <trkpt lat="9.001015" lon="-79.579443">
        <time>2026-08-06T10:29:40Z</time>
      </trkpt>
      <trkpt lat="9.001015" lon="-79.579417">
        <time>2026-08-06T10:29:41Z</time>
      </trkpt>
      <trkpt lat="9.001013" lon="-79.579387">
        <time>2026-08-06T10:29:42Z</time>
      </trkpt>
      <trkpt lat="9.001015" lon="-79.579361">
        <time>2026-08-06T10:29:43Z</time>
      </trkpt>
      <trkpt lat="9.001020" lon="-79.579336">
        <time>2026-08-06T10:29:44Z</time>
      </trkpt>
      <trkpt lat="9.001026" lon="-79.579315">
        <time>2026-08-06T10:29:45Z</time>
      </trkpt>
      <trkpt lat="9.001030" lon="-79.579299">
        <time>2026-08-06T10:29:46Z</time>
      </trkpt>
      <trkpt lat="9.001035" lon="-79.579285">
        <time>2026-08-06T10:29:47Z</time>
      </trkpt>
      <trkpt lat="9.001042" lon="-79.579272">
        <time>2026-08-06T10:29:48Z</time>
      </trkpt>
      <trkpt lat="9.001052" lon="-79.579258">
        <time>2026-08-06T10:29:49Z</time>
      </trkpt>
      <trkpt lat="9.001061" lon="-79.579248">
        <time>2026-08-06T10:29:50Z</time>
      </trkpt>
      <trkpt lat="9.001069" lon="-79.579235">
        <time>2026-08-06T10:29:51Z</time>
      </trkpt>
      <trkpt lat="9.001079" lon="-79.579219">
        <time>2026-08-06T10:29:52Z</time>
      </trkpt>
      <trkpt lat="9.001090" lon="-79.579206">
        <time>2026-08-06T10:29:53Z</time>
      </trkpt>
      <trkpt lat="9.001099" lon="-79.579194">
        <time>2026-08-06T10:29:54Z</time>
      </trkpt>
      <trkpt lat="9.001108" lon="-79.579185">
        <time>2026-08-06T10:29:55Z</time>
      </trkpt>
      <trkpt lat="9.001118" lon="-79.579180">
        <time>2026-08-06T10:29:56Z</time>
      </trkpt>
      <trkpt lat="9.001129" lon="-79.579172">
        <time>2026-08-06T10:29:57Z</time>
      </trkpt>
      <trkpt lat="9.001141" lon="-79.579163">
        <time>2026-08-06T10:29:58Z</time>
      </trkpt>
      <trkpt lat="9.001155" lon="-79.579156">
        <time>2026-08-06T10:29:59Z</time>
      </trkpt>
      <trkpt lat="9.001171" lon="-79.579149">
        <time>2026-08-06T10:30:00Z</time>
      </trkpt>
      <trkpt lat="9.001185" lon="-79.579139">
        <time>2026-08-06T10:30:01Z</time>
      </trkpt>
      <trkpt lat="9.001201" lon="-79.579133">
        <time>2026-08-06T10:30:02Z</time>
      </trkpt>
      <trkpt lat="9.001215" lon="-79.579127">
        <time>2026-08-06T10:30:03Z</time>
      </trkpt>
      <trkpt lat="9.001231" lon="-79.579120">
        <time>2026-08-06T10:30:04Z</time>
      </trkpt>
      <trkpt lat="9.001246" lon="-79.579114">
        <time>2026-08-06T10:30:05Z</time>
      </trkpt>
      <trkpt lat="9.001261" lon="-79.579109">
        <time>2026-08-06T10:30:06Z</time>
      </trkpt>
      <trkpt lat="9.001278" lon="-79.579101">
        <time>2026-08-06T10:30:07Z</time>
      </trkpt>
      <trkpt lat="9.001297" lon="-79.579091">
        <time>2026-08-06T10:30:08Z</time>
      </trkpt>
      <trkpt lat="9.001315" lon="-79.579082">
        <time>2026-08-06T10:30:09Z</time>
      </trkpt>
      <trkpt lat="9.001335" lon="-79.579076">
        <time>2026-08-06T10:30:10Z</time>
      </trkpt>
      <trkpt lat="9.001356" lon="-79.579075">
        <time>2026-08-06T10:30:11Z</time>
      </trkpt>
      <trkpt lat="9.001375" lon="-79.579072">
        <time>2026-08-06T10:30:12Z</time>
      </trkpt>
      <trkpt lat="9.001393" lon="-79.579071">
        <time>2026-08-06T10:30:13Z</time>
      </trkpt>
      <trkpt lat="9.001414" lon="-79.579071">
        <time>2026-08-06T10:30:14Z</time>
      </trkpt>
      <trkpt lat="9.001432" lon="-79.579075">
        <time>2026-08-06T10:30:15Z</time>
      </trkpt>
      <trkpt lat="9.001450" lon="-79.579080">
        <time>2026-08-06T10:30:16Z</time>
      </trkpt>
      <trkpt lat="9.001468" lon="-79.579085">
        <time>2026-08-06T10:30:17Z</time>
      </trkpt>
      <trkpt lat="9.001484" lon="-79.579089">
        <time>2026-08-06T10:30:18Z</time>
      </trkpt>
      <trkpt lat="9.001503" lon="-79.579094">
        <time>2026-08-06T10:30:19Z</time>
      </trkpt>
      <trkpt lat="9.001521" lon="-79.579102">
        <time>2026-08-06T10:30:20Z</time>
      </trkpt>
      <trkpt lat="9.001540" lon="-79.579112">
        <time>2026-08-06T10:30:21Z</time>
      </trkpt>
      <trkpt lat="9.001557" lon="-79.579120">
        <time>2026-08-06T10:30:22Z</time>
      </trkpt>
      <trkpt lat="9.001576" lon="-79.579132">
        <time>2026-08-06T10:30:23Z</time>
      </trkpt>
      <trkpt lat="9.001594" lon="-79.579146">
        <time>2026-08-06T10:30:24Z</time>
      </trkpt>
      <trkpt lat="9.001608" lon="-79.579160">
        <time>2026-08-06T10:30:25Z</time>
      </trkpt>
      <trkpt lat="9.001621" lon="-79.579175">
        <time>2026-08-06T10:30:26Z</time>
      </trkpt>
      <trkpt lat="9.001635" lon="-79.579191">
        <time>2026-08-06T10:30:27Z</time>
      </trkpt>
      <trkpt lat="9.001646" lon="-79.579209">
        <time>2026-08-06T10:30:28Z</time>
      </trkpt>
      <trkpt lat="9.001656" lon="-79.579230">
        <time>2026-08-06T10:30:29Z</time>
      </trkpt>
      <trkpt lat="9.001661" lon="-79.579251">
        <time>2026-08-06T10:30:30Z</time>
      </trkpt>
      <trkpt lat="9.001658" lon="-79.579273">
        <time>2026-08-06T10:30:31Z</time>
      </trkpt>
      <trkpt lat="9.001651" lon="-79.579296">
        <time>2026-08-06T10:30:32Z</time>
      </trkpt>
      <trkpt lat="9.001644" lon="-79.579317">
        <time>2026-08-06T10:30:33Z</time>
      </trkpt>
      <trkpt lat="9.001637" lon="-79.579336">
        <time>2026-08-06T10:30:34Z</time>
      </trkpt>
      <trkpt lat="9.001629" lon="-79.579356">
        <time>2026-08-06T10:30:35Z</time>
      </trkpt>
      <trkpt lat="9.001622" lon="-79.579376">
        <time>2026-08-06T10:30:36Z</time>
      </trkpt>
      <trkpt lat="9.001615" lon="-79.579397">
        <time>2026-08-06T10:30:37Z</time>
      </trkpt>
      <trkpt lat="9.001608" lon="-79.579419">
        <time>2026-08-06T10:30:38Z</time>
      </trkpt>
      <trkpt lat="9.001604" lon="-79.579443">
        <time>2026-08-06T10:30:39Z</time>
      </trkpt>
      <trkpt lat="9.001599" lon="-79.579468">
        <time>2026-08-06T10:30:40Z</time>
      </trkpt>
      <trkpt lat="9.001595" lon="-79.579497">
        <time>2026-08-06T10:30:41Z</time>
      </trkpt>
      <trkpt lat="9.001592" lon="-79.579528">
        <time>2026-08-06T10:30:42Z</time>
      </trkpt>
      <trkpt lat="9.001594" lon="-79.579559">
        <time>2026-08-06T10:30:43Z</time>
      </trkpt>
      <trkpt lat="9.001598" lon="-79.579589">
        <time>2026-08-06T10:30:44Z</time>
      </trkpt>
      <trkpt lat="9.001601" lon="-79.579618">
        <time>2026-08-06T10:30:45Z</time>
      </trkpt>
      <trkpt lat="9.001608" lon="-79.579651">
        <time>2026-08-06T10:30:46Z</time>
      </trkpt>
      <trkpt lat="9.001615" lon="-79.579679">
        <time>2026-08-06T10:30:47Z</time>
      </trkpt>
      <trkpt lat="9.001626" lon="-79.579710">
        <time>2026-08-06T10:30:48Z</time>
      </trkpt>
      <trkpt lat="9.001641" lon="-79.579739">
        <time>2026-08-06T10:30:49Z</time>
      </trkpt>
      <trkpt lat="9.001656" lon="-79.579764">
        <time>2026-08-06T10:30:50Z</time>
      </trkpt>
      <trkpt lat="9.001672" lon="-79.579793">
        <time>2026-08-06T10:30:51Z</time>
      </trkpt>
      <trkpt lat="9.001689" lon="-79.579821">
        <time>2026-08-06T10:30:52Z</time>
      </trkpt>
      <trkpt lat="9.001713" lon="-79.579847">
        <time>2026-08-06T10:30:53Z</time>
      </trkpt>
      <trkpt lat="9.001739" lon="-79.579861">
        <time>2026-08-06T10:30:54Z</time>
      </trkpt>
      <trkpt lat="9.001770" lon="-79.579871">
        <time>2026-08-06T10:30:55Z</time>
      </trkpt>
      <trkpt lat="9.001806" lon="-79.579869">
        <time>2026-08-06T10:30:56Z</time>
      </trkpt>
      <trkpt lat="9.001840" lon="-79.579868">
        <time>2026-08-06T10:30:57Z</time>
      </trkpt>
      <trkpt lat="9.001877" lon="-79.579862">
        <time>2026-08-06T10:30:58Z</time>
      </trkpt>
      <trkpt lat="9.001906" lon="-79.579853">
        <time>2026-08-06T10:30:59Z</time>
      </trkpt>
      <trkpt lat="9.001940" lon="-79.579842">
        <time>2026-08-06T10:31:00Z</time>
      </trkpt>
      <trkpt lat="9.001971" lon="-79.579833">
        <time>2026-08-06T10:31:01Z</time>
      </trkpt>
      <trkpt lat="9.002001" lon="-79.579823">
        <time>2026-08-06T10:31:02Z</time>
      </trkpt>
      <trkpt lat="9.002030" lon="-79.579814">
        <time>2026-08-06T10:31:03Z</time>
      </trkpt>
      <trkpt lat="9.002059" lon="-79.579807">
        <time>2026-08-06T10:31:04Z</time>
      </trkpt>
      <trkpt lat="9.002090" lon="-79.579799">
        <time>2026-08-06T10:31:05Z</time>
      </trkpt>
      <trkpt lat="9.002119" lon="-79.579795">
        <time>2026-08-06T10:31:06Z</time>
      </trkpt>
      <trkpt lat="9.002151" lon="-79.579789">
        <time>2026-08-06T10:31:07Z</time>
      </trkpt>
      <trkpt lat="9.002182" lon="-79.579787">
        <time>2026-08-06T10:31:08Z</time>
      </trkpt>
      <trkpt lat="9.002214" lon="-79.579790">
        <time>2026-08-06T10:31:09Z</time>
      </trkpt>
      <trkpt lat="9.002244" lon="-79.579799">
        <time>2026-08-06T10:31:10Z</time>
      </trkpt>
      <trkpt lat="9.002271" lon="-79.579809">
        <time>2026-08-06T10:31:11Z</time>
      </trkpt>
      <trkpt lat="9.002301" lon="-79.579817">
        <time>2026-08-06T10:31:12Z</time>
      </trkpt>
      <trkpt lat="9.002328" lon="-79.579827">
        <time>2026-08-06T10:31:13Z</time>
      </trkpt>
      <trkpt lat="9.002358" lon="-79.579840">
        <time>2026-08-06T10:31:14Z</time>
      </trkpt>
      <trkpt lat="9.002385" lon="-79.579850">
        <time>2026-08-06T10:31:15Z</time>
      </trkpt>
      <trkpt lat="9.002417" lon="-79.579854">
        <time>2026-08-06T10:31:16Z</time>
      </trkpt>
      <trkpt lat="9.002446" lon="-79.579856">
        <time>2026-08-06T10:31:17Z</time>
      </trkpt>
      <trkpt lat="9.002478" lon="-79.579855">
        <time>2026-08-06T10:31:18Z</time>
      </trkpt>
      <trkpt lat="9.002510" lon="-79.579850">
        <time>2026-08-06T10:31:19Z</time>
      </trkpt>
      <trkpt lat="9.002541" lon="-79.579845">
        <time>2026-08-06T10:31:20Z</time>
      </trkpt>
      <trkpt lat="9.002575" lon="-79.579836">
        <time>2026-08-06T10:31:21Z</time>
      </trkpt>
      <trkpt lat="9.002608" lon="-79.579830">
        <time>2026-08-06T10:31:22Z</time>
      </trkpt>
      <trkpt lat="9.002639" lon="-79.579818">
        <time>2026-08-06T10:31:23Z</time>
      </trkpt>
      <trkpt lat="9.002670" lon="-79.579800">
        <time>2026-08-06T10:31:24Z</time>
      </trkpt>
      <trkpt lat="9.002698" lon="-79.579778">
        <time>2026-08-06T10:31:25Z</time>
      </trkpt>
      <trkpt lat="9.002719" lon="-79.579752">
        <time>2026-08-06T10:31:26Z</time>
      </trkpt>
      <trkpt lat="9.002739" lon="-79.579725">
        <time>2026-08-06T10:31:27Z</time>
      </trkpt>
      <trkpt lat="9.002759" lon="-79.579701">
        <time>2026-08-06T10:31:28Z</time>
      </trkpt>
      <trkpt lat="9.002776" lon="-79.579677">
        <time>2026-08-06T10:31:29Z</time>
      </trkpt>
      <trkpt lat="9.002794" lon="-79.579650">
        <time>2026-08-06T10:31:30Z</time>
      </trkpt>
      <trkpt lat="9.002812" lon="-79.579629">
        <time>2026-08-06T10:31:31Z</time>
      </trkpt>
      <trkpt lat="9.002826" lon="-79.579600">
        <time>2026-08-06T10:31:32Z</time>
      </trkpt>
      <trkpt lat="9.002839" lon="-79.579574">
        <time>2026-08-06T10:31:33Z</time>
      </trkpt>
      <trkpt lat="9.002854" lon="-79.579543">
        <time>2026-08-06T10:31:34Z</time>
      </trkpt>
      <trkpt lat="9.002865" lon="-79.579518">
        <time>2026-08-06T10:31:35Z</time>
      </trkpt>
      <trkpt lat="9.002877" lon="-79.579493">
        <time>2026-08-06T10:31:36Z</time>
      </trkpt>
      <trkpt lat="9.002886" lon="-79.579466">
        <time>2026-08-06T10:31:37Z</time>
      </trkpt>
      <trkpt lat="9.002894" lon="-79.579439">
        <time>2026-08-06T10:31:38Z</time>
      </trkpt>
      <trkpt lat="9.002901" lon="-79.579407">
        <time>2026-08-06T10:31:39Z</time>
      </trkpt>
      <trkpt lat="9.002907" lon="-79.579378">
        <time>2026-08-06T10:31:40Z</time>
      </trkpt>
      <trkpt lat="9.002913" lon="-79.579349">
        <time>2026-08-06T10:31:41Z</time>
      </trkpt>
      <trkpt lat="9.002919" lon="-79.579321">
        <time>2026-08-06T10:31:42Z</time>
      </trkpt>
      <trkpt lat="9.002926" lon="-79.579294">
        <time>2026-08-06T10:31:43Z</time>
      </trkpt>
      <trkpt lat="9.002932" lon="-79.579268">
        <time>2026-08-06T10:31:44Z</time>
      </trkpt>
      <trkpt lat="9.002935" lon="-79.579247">
        <time>2026-08-06T10:31:45Z</time>
      </trkpt>
      <trkpt lat="9.002937" lon="-79.579229">
        <time>2026-08-06T10:31:46Z</time>
      </trkpt>
      <trkpt lat="9.002941" lon="-79.579213">
        <time>2026-08-06T10:31:47Z</time>
      </trkpt>
      <trkpt lat="9.002946" lon="-79.579193">
        <time>2026-08-06T10:31:48Z</time>
      </trkpt>
      <trkpt lat="9.002949" lon="-79.579179">
        <time>2026-08-06T10:31:49Z</time>
      </trkpt>
      <trkpt lat="9.002951" lon="-79.579165">
        <time>2026-08-06T10:31:50Z</time>
      </trkpt>
      <trkpt lat="9.002954" lon="-79.579152">
        <time>2026-08-06T10:31:51Z</time>
      </trkpt>
      <trkpt lat="9.002956" lon="-79.579141">
        <time>2026-08-06T10:31:52Z</time>
      </trkpt>
      <trkpt lat="9.002957" lon="-79.579131">
        <time>2026-08-06T10:31:53Z</time>
      </trkpt>
      <trkpt lat="9.002959" lon="-79.579119">
        <time>2026-08-06T10:31:54Z</time>
      </trkpt>
      <trkpt lat="9.002963" lon="-79.579105">
        <time>2026-08-06T10:31:55Z</time>
      </trkpt>
      <trkpt lat="9.002966" lon="-79.579087">
        <time>2026-08-06T10:31:56Z</time>
      </trkpt>
      <trkpt lat="9.002966" lon="-79.579068">
        <time>2026-08-06T10:31:57Z</time>
      </trkpt>
      <trkpt lat="9.002968" lon="-79.579048">
        <time>2026-08-06T10:31:58Z</time>
      </trkpt>
      <trkpt lat="9.002969" lon="-79.579031">
        <time>2026-08-06T10:31:59Z</time>
      </trkpt>
      <trkpt lat="9.002973" lon="-79.579012">
        <time>2026-08-06T10:32:00Z</time>
      </trkpt>
      <trkpt lat="9.002975" lon="-79.578996">
        <time>2026-08-06T10:32:01Z</time>
      </trkpt>
      <trkpt lat="9.002977" lon="-79.578978">
        <time>2026-08-06T10:32:02Z</time>
      </trkpt>
      <trkpt lat="9.002977" lon="-79.578957">
        <time>2026-08-06T10:32:03Z</time>
      </trkpt>
      <trkpt lat="9.002978" lon="-79.578939">
        <time>2026-08-06T10:32:04Z</time>
      </trkpt>
      <trkpt lat="9.002981" lon="-79.578917">
        <time>2026-08-06T10:32:05Z</time>
      </trkpt>
      <trkpt lat="9.002985" lon="-79.578893">
        <time>2026-08-06T10:32:06Z</time>
      </trkpt>
      <trkpt lat="9.002987" lon="-79.578872">
        <time>2026-08-06T10:32:07Z</time>
      </trkpt>
      <trkpt lat="9.002988" lon="-79.578850">
        <time>2026-08-06T10:32:08Z</time>
      </trkpt>
      <trkpt lat="9.002987" lon="-79.578829">
        <time>2026-08-06T10:32:09Z</time>
      </trkpt>
      <trkpt lat="9.002986" lon="-79.578807">
        <time>2026-08-06T10:32:10Z</time>
      </trkpt>
      <trkpt lat="9.002985" lon="-79.578787">
        <time>2026-08-06T10:32:11Z</time>
      </trkpt>
      <trkpt lat="9.002982" lon="-79.578770">
        <time>2026-08-06T10:32:12Z</time>
      </trkpt>
      <trkpt lat="9.002979" lon="-79.578751">
        <time>2026-08-06T10:32:13Z</time>
      </trkpt>
      <trkpt lat="9.002975" lon="-79.578736">
        <time>2026-08-06T10:32:14Z</time>
      </trkpt>
      <trkpt lat="9.002971" lon="-79.578718">
        <time>2026-08-06T10:32:15Z</time>
      </trkpt>
      <trkpt lat="9.002967" lon="-79.578697">
        <time>2026-08-06T10:32:16Z</time>
      </trkpt>
      <trkpt lat="9.002963" lon="-79.578678">
        <time>2026-08-06T10:32:17Z</time>
      </trkpt>
      <trkpt lat="9.002962" lon="-79.578658">
        <time>2026-08-06T10:32:18Z</time>
      </trkpt>
      <trkpt lat="9.002959" lon="-79.578635">
        <time>2026-08-06T10:32:19Z</time>
      </trkpt>
      <trkpt lat="9.002956" lon="-79.578614">
        <time>2026-08-06T10:32:20Z</time>
      </trkpt>
      <trkpt lat="9.002954" lon="-79.578592">
        <time>2026-08-06T10:32:21Z</time>
      </trkpt>
      <trkpt lat="9.002950" lon="-79.578570">
        <time>2026-08-06T10:32:22Z</time>
      </trkpt>
      <trkpt lat="9.002948" lon="-79.578549">
        <time>2026-08-06T10:32:23Z</time>
      </trkpt>
      <trkpt lat="9.002945" lon="-79.578526">
        <time>2026-08-06T10:32:24Z</time>
      </trkpt>
      <trkpt lat="9.002942" lon="-79.578505">
        <time>2026-08-06T10:32:25Z</time>
      </trkpt>
      <trkpt lat="9.002939" lon="-79.578486">
        <time>2026-08-06T10:32:26Z</time>
      </trkpt>
      <trkpt lat="9.002937" lon="-79.578468">
        <time>2026-08-06T10:32:27Z</time>
      </trkpt>
      <trkpt lat="9.002935" lon="-79.578447">
        <time>2026-08-06T10:32:28Z</time>
      </trkpt>
      <trkpt lat="9.002933" lon="-79.578429">
        <time>2026-08-06T10:32:29Z</time>
      </trkpt>
      <trkpt lat="9.002928" lon="-79.578409">
        <time>2026-08-06T10:32:30Z</time>
      </trkpt>
      <trkpt lat="9.002924" lon="-79.578386">
        <time>2026-08-06T10:32:31Z</time>
      </trkpt>
      <trkpt lat="9.002920" lon="-79.578367">
        <time>2026-08-06T10:32:32Z</time>
      </trkpt>
      <trkpt lat="9.002913" lon="-79.578341">
        <time>2026-08-06T10:32:33Z</time>
      </trkpt>
      <trkpt lat="9.002905" lon="-79.578318">
        <time>2026-08-06T10:32:34Z</time>
      </trkpt>
      <trkpt lat="9.002901" lon="-79.578294">
        <time>2026-08-06T10:32:35Z</time>
      </trkpt>
      <trkpt lat="9.002895" lon="-79.578272">
        <time>2026-08-06T10:32:36Z</time>
      </trkpt>
      <trkpt lat="9.002890" lon="-79.578251">
        <time>2026-08-06T10:32:37Z</time>
      </trkpt>
      <trkpt lat="9.002888" lon="-79.578232">
        <time>2026-08-06T10:32:38Z</time>
      </trkpt>
      <trkpt lat="9.002881" lon="-79.578209">
        <time>2026-08-06T10:32:39Z</time>
      </trkpt>
      <trkpt lat="9.002876" lon="-79.578184">
        <time>2026-08-06T10:32:40Z</time>
      </trkpt>
      <trkpt lat="9.002869" lon="-79.578160">
        <time>2026-08-06T10:32:41Z</time>
      </trkpt>
      <trkpt lat="9.002857" lon="-79.578131">
        <time>2026-08-06T10:32:42Z</time>
      </trkpt>
      <trkpt lat="9.002840" lon="-79.578110">
        <time>2026-08-06T10:32:43Z</time>
      </trkpt>
      <trkpt lat="9.002822" lon="-79.578085">
        <time>2026-08-06T10:32:44Z</time>
      </trkpt>
      <trkpt lat="9.002805" lon="-79.578059">
        <time>2026-08-06T10:32:45Z</time>
      </trkpt>
      <trkpt lat="9.002788" lon="-79.578035">
        <time>2026-08-06T10:32:46Z</time>
      </trkpt>
      <trkpt lat="9.002768" lon="-79.578009">
        <time>2026-08-06T10:32:47Z</time>
      </trkpt>
      <trkpt lat="9.002750" lon="-79.577986">
        <time>2026-08-06T10:32:48Z</time>
      </trkpt>
      <trkpt lat="9.002729" lon="-79.577961">
        <time>2026-08-06T10:32:49Z</time>
      </trkpt>
      <trkpt lat="9.002702" lon="-79.577939">
        <time>2026-08-06T10:32:50Z</time>
      </trkpt>
      <trkpt lat="9.002681" lon="-79.577918">
        <time>2026-08-06T10:32:51Z</time>
      </trkpt>
      <trkpt lat="9.002660" lon="-79.577898">
        <time>2026-08-06T10:32:52Z</time>
      </trkpt>
      <trkpt lat="9.002637" lon="-79.577883">
        <time>2026-08-06T10:32:53Z</time>
      </trkpt>
      <trkpt lat="9.002613" lon="-79.577865">
        <time>2026-08-06T10:32:54Z</time>
      </trkpt>
      <trkpt lat="9.002590" lon="-79.577848">
        <time>2026-08-06T10:32:55Z</time>
      </trkpt>
      <trkpt lat="9.002572" lon="-79.577830">
        <time>2026-08-06T10:32:56Z</time>
      </trkpt>
      <trkpt lat="9.002552" lon="-79.577807">
        <time>2026-08-06T10:32:57Z</time>
      </trkpt>
      <trkpt lat="9.002527" lon="-79.577786">
        <time>2026-08-06T10:32:58Z</time>
      </trkpt>
      <trkpt lat="9.002500" lon="-79.577765">
        <time>2026-08-06T10:32:59Z</time>
      </trkpt>
      <trkpt lat="9.002478" lon="-79.577744">
        <time>2026-08-06T10:33:00Z</time>
      </trkpt>
      <trkpt lat="9.002455" lon="-79.577723">
        <time>2026-08-06T10:33:01Z</time>
      </trkpt>
      <trkpt lat="9.002432" lon="-79.577702">
        <time>2026-08-06T10:33:02Z</time>
      </trkpt>
      <trkpt lat="9.002408" lon="-79.577683">
        <time>2026-08-06T10:33:03Z</time>
      </trkpt>
      <trkpt lat="9.002383" lon="-79.577663">
        <time>2026-08-06T10:33:04Z</time>
      </trkpt>
      <trkpt lat="9.002359" lon="-79.577642">
        <time>2026-08-06T10:33:05Z</time>
      </trkpt>
      <trkpt lat="9.002334" lon="-79.577622">
        <time>2026-08-06T10:33:06Z</time>
      </trkpt>
      <trkpt lat="9.002310" lon="-79.577600">
        <time>2026-08-06T10:33:07Z</time>
      </trkpt>
      <trkpt lat="9.002287" lon="-79.577584">
        <time>2026-08-06T10:33:08Z</time>
      </trkpt>
      <trkpt lat="9.002262" lon="-79.577568">
        <time>2026-08-06T10:33:09Z</time>
      </trkpt>
      <trkpt lat="9.002237" lon="-79.577553">
        <time>2026-08-06T10:33:10Z</time>
      </trkpt>
      <trkpt lat="9.002213" lon="-79.577533">
        <time>2026-08-06T10:33:11Z</time>
      </trkpt>
      <trkpt lat="9.002191" lon="-79.577514">
        <time>2026-08-06T10:33:12Z</time>
      </trkpt>
      <trkpt lat="9.002168" lon="-79.577496">
        <time>2026-08-06T10:33:13Z</time>
      </trkpt>
      <trkpt lat="9.002145" lon="-79.577480">
        <time>2026-08-06T10:33:14Z</time>
      </trkpt>
      <trkpt lat="9.002117" lon="-79.577464">
        <time>2026-08-06T10:33:15Z</time>
      </trkpt>
      <trkpt lat="9.002089" lon="-79.577448">
        <time>2026-08-06T10:33:16Z</time>
      </trkpt>
      <trkpt lat="9.002061" lon="-79.577431">
        <time>2026-08-06T10:33:17Z</time>
      </trkpt>
      <trkpt lat="9.002036" lon="-79.577413">
        <time>2026-08-06T10:33:18Z</time>
      </trkpt>
      <trkpt lat="9.002010" lon="-79.577399">
        <time>2026-08-06T10:33:19Z</time>
      </trkpt>
      <trkpt lat="9.001982" lon="-79.577385">
        <time>2026-08-06T10:33:20Z</time>
      </trkpt>
      <trkpt lat="9.001956" lon="-79.577372">
        <time>2026-08-06T10:33:21Z</time>
      </trkpt>
      <trkpt lat="9.001930" lon="-79.577356">
        <time>2026-08-06T10:33:22Z</time>
      </trkpt>
      <trkpt lat="9.001905" lon="-79.577337">
        <time>2026-08-06T10:33:23Z</time>
      </trkpt>
      <trkpt lat="9.001879" lon="-79.577317">
        <time>2026-08-06T10:33:24Z</time>
      </trkpt>
      <trkpt lat="9.001855" lon="-79.577302">
        <time>2026-08-06T10:33:25Z</time>
      </trkpt>
      <trkpt lat="9.001828" lon="-79.577286">
        <time>2026-08-06T10:33:26Z</time>
      </trkpt>
      <trkpt lat="9.001800" lon="-79.577269">
        <time>2026-08-06T10:33:27Z</time>
      </trkpt>
      <trkpt lat="9.001773" lon="-79.577255">
        <time>2026-08-06T10:33:28Z</time>
      </trkpt>
      <trkpt lat="9.001747" lon="-79.577237">
        <time>2026-08-06T10:33:29Z</time>
      </trkpt>
      <trkpt lat="9.001724" lon="-79.577221">
        <time>2026-08-06T10:33:30Z</time>
      </trkpt>
      <trkpt lat="9.001700" lon="-79.577205">
        <time>2026-08-06T10:33:31Z</time>
      </trkpt>
      <trkpt lat="9.001675" lon="-79.577187">
        <time>2026-08-06T10:33:32Z</time>
      </trkpt>
      <trkpt lat="9.001646" lon="-79.577168">
        <time>2026-08-06T10:33:33Z</time>
      </trkpt>
      <trkpt lat="9.001620" lon="-79.577149">
        <time>2026-08-06T10:33:34Z</time>
      </trkpt>
      <trkpt lat="9.001594" lon="-79.577133">
        <time>2026-08-06T10:33:35Z</time>
      </trkpt>
      <trkpt lat="9.001569" lon="-79.577119">
        <time>2026-08-06T10:33:36Z</time>
      </trkpt>
      <trkpt lat="9.001544" lon="-79.577104">
        <time>2026-08-06T10:33:37Z</time>
      </trkpt>
      <trkpt lat="9.001515" lon="-79.577087">
        <time>2026-08-06T10:33:38Z</time>
      </trkpt>
      <trkpt lat="9.001485" lon="-79.577072">
        <time>2026-08-06T10:33:39Z</time>
      </trkpt>
      <trkpt lat="9.001453" lon="-79.577060">
        <time>2026-08-06T10:33:40Z</time>
      </trkpt>
      <trkpt lat="9.001422" lon="-79.577049">
        <time>2026-08-06T10:33:41Z</time>
      </trkpt>
      <trkpt lat="9.001399" lon="-79.577037">
        <time>2026-08-06T10:33:42Z</time>
      </trkpt>
      <trkpt lat="9.001375" lon="-79.577025">
        <time>2026-08-06T10:33:43Z</time>
      </trkpt>
      <trkpt lat="9.001353" lon="-79.577015">
        <time>2026-08-06T10:33:44Z</time>
      </trkpt>
      <trkpt lat="9.001335" lon="-79.577010">
        <time>2026-08-06T10:33:45Z</time>
      </trkpt>
      <trkpt lat="9.001318" lon="-79.577003">
        <time>2026-08-06T10:33:46Z</time>
      </trkpt>
      <trkpt lat="9.001302" lon="-79.576996">
        <time>2026-08-06T10:33:47Z</time>
      </trkpt>
      <trkpt lat="9.001290" lon="-79.576989">
        <time>2026-08-06T10:33:48Z</time>
      </trkpt>
      <trkpt lat="9.001273" lon="-79.576983">
        <time>2026-08-06T10:33:49Z</time>
      </trkpt>
      <trkpt lat="9.001256" lon="-79.576977">
        <time>2026-08-06T10:33:50Z</time>
      </trkpt>
      <trkpt lat="9.001238" lon="-79.576971">
        <time>2026-08-06T10:33:51Z</time>
      </trkpt>
      <trkpt lat="9.001218" lon="-79.576967">
        <time>2026-08-06T10:33:52Z</time>
      </trkpt>
      <trkpt lat="9.001198" lon="-79.576962">
        <time>2026-08-06T10:33:53Z</time>
      </trkpt>
      <trkpt lat="9.001181" lon="-79.576957">
        <time>2026-08-06T10:33:54Z</time>
      </trkpt>
      <trkpt lat="9.001162" lon="-79.576955">
        <time>2026-08-06T10:33:55Z</time>
      </trkpt>
      <trkpt lat="9.001143" lon="-79.576953">
        <time>2026-08-06T10:33:56Z</time>
      </trkpt>
      <trkpt lat="9.001126" lon="-79.576950">
        <time>2026-08-06T10:33:57Z</time>
      </trkpt>
      <trkpt lat="9.001106" lon="-79.576946">
        <time>2026-08-06T10:33:58Z</time>
      </trkpt>
      <trkpt lat="9.001083" lon="-79.576945">
        <time>2026-08-06T10:33:59Z</time>
      </trkpt>
      <trkpt lat="9.001060" lon="-79.576944">
        <time>2026-08-06T10:34:00Z</time>
      </trkpt>
      <trkpt lat="9.001040" lon="-79.576944">
        <time>2026-08-06T10:34:01Z</time>
      </trkpt>
      <trkpt lat="9.001019" lon="-79.576942">
        <time>2026-08-06T10:34:02Z</time>
      </trkpt>
      <trkpt lat="9.000999" lon="-79.576941">
        <time>2026-08-06T10:34:03Z</time>
      </trkpt>
      <trkpt lat="9.000977" lon="-79.576939">
        <time>2026-08-06T10:34:04Z</time>
      </trkpt>
      <trkpt lat="9.000954" lon="-79.576939">
        <time>2026-08-06T10:34:05Z</time>
      </trkpt>
      <trkpt lat="9.000934" lon="-79.576940">
        <time>2026-08-06T10:34:06Z</time>
      </trkpt>
      <trkpt lat="9.000914" lon="-79.576939">
        <time>2026-08-06T10:34:07Z</time>
      </trkpt>
      <trkpt lat="9.000892" lon="-79.576937">
        <time>2026-08-06T10:34:08Z</time>
      </trkpt>
      <trkpt lat="9.000870" lon="-79.576935">
        <time>2026-08-06T10:34:09Z</time>
      </trkpt>
      <trkpt lat="9.000849" lon="-79.576929">
        <time>2026-08-06T10:34:10Z</time>
      </trkpt>
      <trkpt lat="9.000826" lon="-79.576930">
        <time>2026-08-06T10:34:11Z</time>
      </trkpt>
      <trkpt lat="9.000801" lon="-79.576928">
        <time>2026-08-06T10:34:12Z</time>
      </trkpt>
      <trkpt lat="9.000779" lon="-79.576924">
        <time>2026-08-06T10:34:13Z</time>
      </trkpt>
      <trkpt lat="9.000757" lon="-79.576922">
        <time>2026-08-06T10:34:14Z</time>
      </trkpt>
      <trkpt lat="9.000734" lon="-79.576921">
        <time>2026-08-06T10:34:15Z</time>
      </trkpt>
      <trkpt lat="9.000712" lon="-79.576919">
        <time>2026-08-06T10:34:16Z</time>
      </trkpt>
      <trkpt lat="9.000688" lon="-79.576919">
        <time>2026-08-06T10:34:17Z</time>
      </trkpt>
      <trkpt lat="9.000665" lon="-79.576921">
        <time>2026-08-06T10:34:18Z</time>
      </trkpt>
      <trkpt lat="9.000644" lon="-79.576925">
        <time>2026-08-06T10:34:19Z</time>
      </trkpt>
      <trkpt lat="9.000621" lon="-79.576928">
        <time>2026-08-06T10:34:20Z</time>
      </trkpt>
      <trkpt lat="9.000595" lon="-79.576934">
        <time>2026-08-06T10:34:21Z</time>
      </trkpt>
      <trkpt lat="9.000567" lon="-79.576942">
        <time>2026-08-06T10:34:22Z</time>
      </trkpt>
      <trkpt lat="9.000542" lon="-79.576951">
        <time>2026-08-06T10:34:23Z</time>
      </trkpt>
      <trkpt lat="9.000520" lon="-79.576958">
        <time>2026-08-06T10:34:24Z</time>
      </trkpt>
      <trkpt lat="9.000496" lon="-79.576965">
        <time>2026-08-06T10:34:25Z</time>
      </trkpt>
      <trkpt lat="9.000474" lon="-79.576975">
        <time>2026-08-06T10:34:26Z</time>
      </trkpt>
      <trkpt lat="9.000452" lon="-79.576984">
        <time>2026-08-06T10:34:27Z</time>
      </trkpt>
      <trkpt lat="9.000430" lon="-79.576992">
        <time>2026-08-06T10:34:28Z</time>
      </trkpt>
      <trkpt lat="9.000410" lon="-79.577002">
        <time>2026-08-06T10:34:29Z</time>
      </trkpt>
      <trkpt lat="9.000394" lon="-79.577007">
        <time>2026-08-06T10:34:30Z</time>
      </trkpt>
      <trkpt lat="9.000375" lon="-79.577017">
        <time>2026-08-06T10:34:31Z</time>
      </trkpt>
      <trkpt lat="9.000354" lon="-79.577025">
        <time>2026-08-06T10:34:32Z</time>
      </trkpt>
      <trkpt lat="9.000335" lon="-79.577032">
        <time>2026-08-06T10:34:33Z</time>
      </trkpt>
      <trkpt lat="9.000314" lon="-79.577043">
        <time>2026-08-06T10:34:34Z</time>
      </trkpt>
      <trkpt lat="9.000295" lon="-79.577051">
        <time>2026-08-06T10:34:35Z</time>
      </trkpt>
      <trkpt lat="9.000274" lon="-79.577060">
        <time>2026-08-06T10:34:36Z</time>
      </trkpt>
      <trkpt lat="9.000255" lon="-79.577071">
        <time>2026-08-06T10:34:37Z</time>
      </trkpt>
      <trkpt lat="9.000237" lon="-79.577081">
        <time>2026-08-06T10:34:38Z</time>
      </trkpt>
      <trkpt lat="9.000217" lon="-79.577092">
        <time>2026-08-06T10:34:39Z</time>
      </trkpt>
      <trkpt lat="9.000196" lon="-79.577102">
        <time>2026-08-06T10:34:40Z</time>
      </trkpt>
      <trkpt lat="9.000174" lon="-79.577112">
        <time>2026-08-06T10:34:41Z</time>
      </trkpt>
      <trkpt lat="9.000153" lon="-79.577125">
        <time>2026-08-06T10:34:42Z</time>
      </trkpt>
      <trkpt lat="9.000131" lon="-79.577137">
        <time>2026-08-06T10:34:43Z</time>
      </trkpt>
      <trkpt lat="9.000108" lon="-79.577149">
        <time>2026-08-06T10:34:44Z</time>
      </trkpt>
      <trkpt lat="9.000086" lon="-79.577164">
        <time>2026-08-06T10:34:45Z</time>
      </trkpt>
      <trkpt lat="9.000062" lon="-79.577179">
        <time>2026-08-06T10:34:46Z</time>
      </trkpt>
      <trkpt lat="9.000036" lon="-79.577198">
        <time>2026-08-06T10:34:47Z</time>
      </trkpt>
      <trkpt lat="9.000007" lon="-79.577214">
        <time>2026-08-06T10:34:48Z</time>
      </trkpt>
      <trkpt lat="8.999982" lon="-79.577234">
        <time>2026-08-06T10:34:49Z</time>
      </trkpt>
      <trkpt lat="8.999955" lon="-79.577252">
        <time>2026-08-06T10:34:50Z</time>
      </trkpt>
      <trkpt lat="8.999926" lon="-79.577271">
        <time>2026-08-06T10:34:51Z</time>
      </trkpt>
      <trkpt lat="8.999903" lon="-79.577290">
        <time>2026-08-06T10:34:52Z</time>
      </trkpt>
      <trkpt lat="8.999877" lon="-79.577303">
        <time>2026-08-06T10:34:53Z</time>
      </trkpt>
      <trkpt lat="8.999854" lon="-79.577327">
        <time>2026-08-06T10:34:54Z</time>
      </trkpt>
      <trkpt lat="8.999836" lon="-79.577344">
        <time>2026-08-06T10:34:55Z</time>
      </trkpt>
      <trkpt lat="8.999813" lon="-79.577365">
        <time>2026-08-06T10:34:56Z</time>
      </trkpt>
      <trkpt lat="8.999792" lon="-79.577384">
        <time>2026-08-06T10:34:57Z</time>
      </trkpt>
      <trkpt lat="8.999768" lon="-79.577402">
        <time>2026-08-06T10:34:58Z</time>
      </trkpt>
      <trkpt lat="8.999745" lon="-79.577422">
        <time>2026-08-06T10:34:59Z</time>
      </trkpt>
      <trkpt lat="8.999720" lon="-79.577441">
        <time>2026-08-06T10:35:00Z</time>
      </trkpt>
      <trkpt lat="8.999693" lon="-79.577462">
        <time>2026-08-06T10:35:01Z</time>
      </trkpt>
      <trkpt lat="8.999669" lon="-79.577478">
        <time>2026-08-06T10:35:02Z</time>
      </trkpt>
      <trkpt lat="8.999645" lon="-79.577497">
        <time>2026-08-06T10:35:03Z</time>
      </trkpt>
      <trkpt lat="8.999620" lon="-79.577514">
        <time>2026-08-06T10:35:04Z</time>
      </trkpt>
      <trkpt lat="8.999595" lon="-79.577532">
        <time>2026-08-06T10:35:05Z</time>
      </trkpt>
      <trkpt lat="8.999571" lon="-79.577549">
        <time>2026-08-06T10:35:06Z</time>
      </trkpt>
      <trkpt lat="8.999546" lon="-79.577571">
        <time>2026-08-06T10:35:07Z</time>
      </trkpt>
      <trkpt lat="8.999522" lon="-79.577589">
        <time>2026-08-06T10:35:08Z</time>
      </trkpt>
      <trkpt lat="8.999496" lon="-79.577608">
        <time>2026-08-06T10:35:09Z</time>
      </trkpt>
      <trkpt lat="8.999471" lon="-79.577627">
        <time>2026-08-06T10:35:10Z</time>
      </trkpt>
      <trkpt lat="8.999445" lon="-79.577645">
        <time>2026-08-06T10:35:11Z</time>
      </trkpt>
      <trkpt lat="8.999420" lon="-79.577665">
        <time>2026-08-06T10:35:12Z</time>
      </trkpt>
      <trkpt lat="8.999398" lon="-79.577683">
        <time>2026-08-06T10:35:13Z</time>
      </trkpt>
      <trkpt lat="8.999373" lon="-79.577702">
        <time>2026-08-06T10:35:14Z</time>
      </trkpt>
      <trkpt lat="8.999348" lon="-79.577719">
        <time>2026-08-06T10:35:15Z</time>
      </trkpt>
      <trkpt lat="8.999321" lon="-79.577737">
        <time>2026-08-06T10:35:16Z</time>
      </trkpt>
      <trkpt lat="8.999298" lon="-79.577755">
        <time>2026-08-06T10:35:17Z</time>
      </trkpt>
      <trkpt lat="8.999274" lon="-79.577772">
        <time>2026-08-06T10:35:18Z</time>
      </trkpt>
      <trkpt lat="8.999251" lon="-79.577788">
        <time>2026-08-06T10:35:19Z</time>
      </trkpt>
      <trkpt lat="8.999227" lon="-79.577804">
        <time>2026-08-06T10:35:20Z</time>
      </trkpt>
      <trkpt lat="8.999202" lon="-79.577822">
        <time>2026-08-06T10:35:21Z</time>
      </trkpt>
      <trkpt lat="8.999177" lon="-79.577839">
        <time>2026-08-06T10:35:22Z</time>
      </trkpt>
      <trkpt lat="8.999150" lon="-79.577860">
        <time>2026-08-06T10:35:23Z</time>
      </trkpt>
      <trkpt lat="8.999126" lon="-79.577879">
        <time>2026-08-06T10:35:24Z</time>
      </trkpt>
      <trkpt lat="8.999100" lon="-79.577897">
        <time>2026-08-06T10:35:25Z</time>
      </trkpt>
      <trkpt lat="8.999076" lon="-79.577913">
        <time>2026-08-06T10:35:26Z</time>
      </trkpt>
      <trkpt lat="8.999050" lon="-79.577933">
        <time>2026-08-06T10:35:27Z</time>
      </trkpt>
      <trkpt lat="8.999026" lon="-79.577951">
        <time>2026-08-06T10:35:28Z</time>
      </trkpt>
      <trkpt lat="8.999001" lon="-79.577970">
        <time>2026-08-06T10:35:29Z</time>
      </trkpt>
      <trkpt lat="8.998977" lon="-79.577991">
        <time>2026-08-06T10:35:30Z</time>
      </trkpt>
      <trkpt lat="8.998951" lon="-79.578009">
        <time>2026-08-06T10:35:31Z</time>
      </trkpt>
      <trkpt lat="8.998925" lon="-79.578030">
        <time>2026-08-06T10:35:32Z</time>
      </trkpt>
      <trkpt lat="8.998902" lon="-79.578046">
        <time>2026-08-06T10:35:33Z</time>
      </trkpt>
      <trkpt lat="8.998875" lon="-79.578063">
        <time>2026-08-06T10:35:34Z</time>
      </trkpt>
      <trkpt lat="8.998852" lon="-79.578080">
        <time>2026-08-06T10:35:35Z</time>
      </trkpt>
      <trkpt lat="8.998827" lon="-79.578099">
        <time>2026-08-06T10:35:36Z</time>
      </trkpt>
      <trkpt lat="8.998805" lon="-79.578116">
        <time>2026-08-06T10:35:37Z</time>
      </trkpt>
      <trkpt lat="8.998781" lon="-79.578133">
        <time>2026-08-06T10:35:38Z</time>
      </trkpt>
      <trkpt lat="8.998754" lon="-79.578149">
        <time>2026-08-06T10:35:39Z</time>
      </trkpt>
      <trkpt lat="8.998730" lon="-79.578166">
        <time>2026-08-06T10:35:40Z</time>
      </trkpt>
      <trkpt lat="8.998704" lon="-79.578185">
        <time>2026-08-06T10:35:41Z</time>
      </trkpt>
      <trkpt lat="8.998683" lon="-79.578204">
        <time>2026-08-06T10:35:42Z</time>
      </trkpt>
      <trkpt lat="8.998664" lon="-79.578218">
        <time>2026-08-06T10:35:43Z</time>
      </trkpt>
      <trkpt lat="8.998649" lon="-79.578226">
        <time>2026-08-06T10:35:44Z</time>
      </trkpt>
      <trkpt lat="8.998637" lon="-79.578234">
        <time>2026-08-06T10:35:45Z</time>
      </trkpt>
      <trkpt lat="8.998626" lon="-79.578245">
        <time>2026-08-06T10:35:46Z</time>
      </trkpt>
      <trkpt lat="8.998616" lon="-79.578254">
        <time>2026-08-06T10:35:47Z</time>
      </trkpt>
      <trkpt lat="8.998605" lon="-79.578262">
        <time>2026-08-06T10:35:48Z</time>
      </trkpt>
      <trkpt lat="8.998595" lon="-79.578271">
        <time>2026-08-06T10:35:49Z</time>
      </trkpt>
      <trkpt lat="8.998585" lon="-79.578279">
        <time>2026-08-06T10:35:50Z</time>
      </trkpt>
      <trkpt lat="8.998574" lon="-79.578287">
        <time>2026-08-06T10:35:51Z</time>
      </trkpt>
      <trkpt lat="8.998563" lon="-79.578295">
        <time>2026-08-06T10:35:52Z</time>
      </trkpt>
      <trkpt lat="8.998550" lon="-79.578303">
        <time>2026-08-06T10:35:53Z</time>
      </trkpt>
      <trkpt lat="8.998538" lon="-79.578307">
        <time>2026-08-06T10:35:54Z</time>
      </trkpt>
      <trkpt lat="8.998525" lon="-79.578320">
        <time>2026-08-06T10:35:55Z</time>
      </trkpt>
      <trkpt lat="8.998510" lon="-79.578329">
        <time>2026-08-06T10:35:56Z</time>
      </trkpt>
      <trkpt lat="8.998495" lon="-79.578338">
        <time>2026-08-06T10:35:57Z</time>
      </trkpt>
      <trkpt lat="8.998480" lon="-79.578346">
        <time>2026-08-06T10:35:58Z</time>
      </trkpt>
      <trkpt lat="8.998468" lon="-79.578348">
        <time>2026-08-06T10:35:59Z</time>
      </trkpt>
      <trkpt lat="8.998453" lon="-79.578354">
        <time>2026-08-06T10:36:00Z</time>
      </trkpt>
      <trkpt lat="8.998436" lon="-79.578357">
        <time>2026-08-06T10:36:01Z</time>
      </trkpt>
      <trkpt lat="8.998420" lon="-79.578361">
        <time>2026-08-06T10:36:02Z</time>
      </trkpt>
      <trkpt lat="8.998405" lon="-79.578365">
        <time>2026-08-06T10:36:03Z</time>
      </trkpt>
      <trkpt lat="8.998387" lon="-79.578370">
        <time>2026-08-06T10:36:04Z</time>
      </trkpt>
      <trkpt lat="8.998368" lon="-79.578376">
        <time>2026-08-06T10:36:05Z</time>
      </trkpt>
      <trkpt lat="8.998350" lon="-79.578381">
        <time>2026-08-06T10:36:06Z</time>
      </trkpt>
      <trkpt lat="8.998330" lon="-79.578386">
        <time>2026-08-06T10:36:07Z</time>
      </trkpt>
      <trkpt lat="8.998312" lon="-79.578393">
        <time>2026-08-06T10:36:08Z</time>
      </trkpt>
      <trkpt lat="8.998293" lon="-79.578397">
        <time>2026-08-06T10:36:09Z</time>
      </trkpt>
      <trkpt lat="8.998271" lon="-79.578399">
        <time>2026-08-06T10:36:10Z</time>
      </trkpt>
      <trkpt lat="8.998250" lon="-79.578406">
        <time>2026-08-06T10:36:11Z</time>
      </trkpt>
      <trkpt lat="8.998231" lon="-79.578410">
        <time>2026-08-06T10:36:12Z</time>
      </trkpt>
      <trkpt lat="8.998214" lon="-79.578414">
        <time>2026-08-06T10:36:13Z</time>
      </trkpt>
      <trkpt lat="8.998198" lon="-79.578419">
        <time>2026-08-06T10:36:14Z</time>
      </trkpt>
      <trkpt lat="8.998180" lon="-79.578425">
        <time>2026-08-06T10:36:15Z</time>
      </trkpt>
      <trkpt lat="8.998163" lon="-79.578427">
        <time>2026-08-06T10:36:16Z</time>
      </trkpt>
      <trkpt lat="8.998146" lon="-79.578429">
        <time>2026-08-06T10:36:17Z</time>
      </trkpt>
      <trkpt lat="8.998122" lon="-79.578434">
        <time>2026-08-06T10:36:18Z</time>
      </trkpt>
      <trkpt lat="8.998099" lon="-79.578436">
        <time>2026-08-06T10:36:19Z</time>
      </trkpt>
      <trkpt lat="8.998078" lon="-79.578435">
        <time>2026-08-06T10:36:20Z</time>
      </trkpt>
      <trkpt lat="8.998056" lon="-79.578438">
        <time>2026-08-06T10:36:21Z</time>
      </trkpt>
      <trkpt lat="8.998032" lon="-79.578441">
        <time>2026-08-06T10:36:22Z</time>
      </trkpt>
      <trkpt lat="8.998010" lon="-79.578443">
        <time>2026-08-06T10:36:23Z</time>
      </trkpt>
      <trkpt lat="8.997983" lon="-79.578451">
        <time>2026-08-06T10:36:24Z</time>
      </trkpt>
      <trkpt lat="8.997959" lon="-79.578460">
        <time>2026-08-06T10:36:25Z</time>
      </trkpt>
      <trkpt lat="8.997939" lon="-79.578473">
        <time>2026-08-06T10:36:26Z</time>
      </trkpt>
      <trkpt lat="8.997920" lon="-79.578492">
        <time>2026-08-06T10:36:27Z</time>
      </trkpt>
      <trkpt lat="8.997904" lon="-79.578512">
        <time>2026-08-06T10:36:28Z</time>
      </trkpt>
      <trkpt lat="8.997891" lon="-79.578533">
        <time>2026-08-06T10:36:29Z</time>
      </trkpt>
      <trkpt lat="8.997883" lon="-79.578558">
        <time>2026-08-06T10:36:30Z</time>
      </trkpt>
      <trkpt lat="8.997878" lon="-79.578583">
        <time>2026-08-06T10:36:31Z</time>
      </trkpt>
      <trkpt lat="8.997876" lon="-79.578606">
        <time>2026-08-06T10:36:32Z</time>
      </trkpt>
      <trkpt lat="8.997878" lon="-79.578633">
        <time>2026-08-06T10:36:33Z</time>
      </trkpt>
      <trkpt lat="8.997877" lon="-79.578660">
        <time>2026-08-06T10:36:34Z</time>
      </trkpt>
      <trkpt lat="8.997874" lon="-79.578684">
        <time>2026-08-06T10:36:35Z</time>
      </trkpt>
      <trkpt lat="8.997876" lon="-79.578709">
        <time>2026-08-06T10:36:36Z</time>
      </trkpt>
      <trkpt lat="8.997878" lon="-79.578736">
        <time>2026-08-06T10:36:37Z</time>
      </trkpt>
      <trkpt lat="8.997881" lon="-79.578758">
        <time>2026-08-06T10:36:38Z</time>
      </trkpt>
      <trkpt lat="8.997885" lon="-79.578783">
        <time>2026-08-06T10:36:39Z</time>
      </trkpt>
      <trkpt lat="8.997890" lon="-79.578808">
        <time>2026-08-06T10:36:40Z</time>
      </trkpt>
      <trkpt lat="8.997898" lon="-79.578835">
        <time>2026-08-06T10:36:41Z</time>
      </trkpt>
      <trkpt lat="8.997905" lon="-79.578863">
        <time>2026-08-06T10:36:42Z</time>
      </trkpt>
      <trkpt lat="8.997913" lon="-79.578891">
        <time>2026-08-06T10:36:43Z</time>
      </trkpt>
      <trkpt lat="8.997922" lon="-79.578922">
        <time>2026-08-06T10:36:44Z</time>
      </trkpt>
      <trkpt lat="8.997928" lon="-79.578951">
        <time>2026-08-06T10:36:45Z</time>
      </trkpt>
      <trkpt lat="8.997935" lon="-79.578983">
        <time>2026-08-06T10:36:46Z</time>
      </trkpt>
      <trkpt lat="8.997944" lon="-79.579013">
        <time>2026-08-06T10:36:47Z</time>
      </trkpt>
      <trkpt lat="8.997951" lon="-79.579044">
        <time>2026-08-06T10:36:48Z</time>
      </trkpt>
      <trkpt lat="8.997960" lon="-79.579077">
        <time>2026-08-06T10:36:49Z</time>
      </trkpt>
      <trkpt lat="8.997966" lon="-79.579107">
        <time>2026-08-06T10:36:50Z</time>
      </trkpt>
      <trkpt lat="8.997976" lon="-79.579139">
        <time>2026-08-06T10:36:51Z</time>
      </trkpt>
      <trkpt lat="8.997985" lon="-79.579170">
        <time>2026-08-06T10:36:52Z</time>
      </trkpt>
      <trkpt lat="8.998000" lon="-79.579199">
        <time>2026-08-06T10:36:53Z</time>
      </trkpt>
      <trkpt lat="8.998015" lon="-79.579227">
        <time>2026-08-06T10:36:54Z</time>
      </trkpt>
      <trkpt lat="8.998030" lon="-79.579256">
        <time>2026-08-06T10:36:55Z</time>
      </trkpt>
      <trkpt lat="8.998044" lon="-79.579284">
        <time>2026-08-06T10:36:56Z</time>
      </trkpt>
      <trkpt lat="8.998060" lon="-79.579314">
        <time>2026-08-06T10:36:57Z</time>
      </trkpt>
      <trkpt lat="8.998077" lon="-79.579342">
        <time>2026-08-06T10:36:58Z</time>
      </trkpt>
      <trkpt lat="8.998098" lon="-79.579370">
        <time>2026-08-06T10:36:59Z</time>
      </trkpt>
      <trkpt lat="8.998118" lon="-79.579394">
        <time>2026-08-06T10:37:00Z</time>
      </trkpt>
      <trkpt lat="8.998139" lon="-79.579420">
        <time>2026-08-06T10:37:01Z</time>
      </trkpt>
      <trkpt lat="8.998160" lon="-79.579443">
        <time>2026-08-06T10:37:02Z</time>
      </trkpt>
      <trkpt lat="8.998180" lon="-79.579466">
        <time>2026-08-06T10:37:03Z</time>
      </trkpt>
      <trkpt lat="8.998202" lon="-79.579489">
        <time>2026-08-06T10:37:04Z</time>
      </trkpt>
      <trkpt lat="8.998223" lon="-79.579513">
        <time>2026-08-06T10:37:05Z</time>
      </trkpt>
      <trkpt lat="8.998252" lon="-79.579537">
        <time>2026-08-06T10:37:06Z</time>
      </trkpt>
      <trkpt lat="8.998286" lon="-79.579555">
        <time>2026-08-06T10:37:07Z</time>
      </trkpt>
      <trkpt lat="8.998326" lon="-79.579565">
        <time>2026-08-06T10:37:08Z</time>
      </trkpt>
      <trkpt lat="8.998360" lon="-79.579568">
        <time>2026-08-06T10:37:09Z</time>
      </trkpt>
      <trkpt lat="8.998391" lon="-79.579569">
        <time>2026-08-06T10:37:10Z</time>
      </trkpt>
      <trkpt lat="8.998426" lon="-79.579564">
        <time>2026-08-06T10:37:11Z</time>
      </trkpt>
      <trkpt lat="8.998459" lon="-79.579559">
        <time>2026-08-06T10:37:12Z</time>
      </trkpt>
      <trkpt lat="8.998494" lon="-79.579546">
        <time>2026-08-06T10:37:13Z</time>
      </trkpt>
      <trkpt lat="8.998524" lon="-79.579533">
        <time>2026-08-06T10:37:14Z</time>
      </trkpt>
      <trkpt lat="8.998554" lon="-79.579511">
        <time>2026-08-06T10:37:15Z</time>
      </trkpt>
      <trkpt lat="8.998580" lon="-79.579481">
        <time>2026-08-06T10:37:16Z</time>
      </trkpt>
      <trkpt lat="8.998603" lon="-79.579450">
        <time>2026-08-06T10:37:17Z</time>
      </trkpt>
      <trkpt lat="8.998621" lon="-79.579418">
        <time>2026-08-06T10:37:18Z</time>
      </trkpt>
      <trkpt lat="8.998636" lon="-79.579389">
        <time>2026-08-06T10:37:19Z</time>
      </trkpt>
      <trkpt lat="8.998650" lon="-79.579354">
        <time>2026-08-06T10:37:20Z</time>
      </trkpt>
      <trkpt lat="8.998666" lon="-79.579328">
        <time>2026-08-06T10:37:21Z</time>
      </trkpt>
      <trkpt lat="8.998688" lon="-79.579303">
        <time>2026-08-06T10:37:22Z</time>
      </trkpt>
      <trkpt lat="8.998714" lon="-79.579284">
        <time>2026-08-06T10:37:23Z</time>
      </trkpt>
      <trkpt lat="8.998737" lon="-79.579264">
        <time>2026-08-06T10:37:24Z</time>
      </trkpt>
      <trkpt lat="8.998761" lon="-79.579243">
        <time>2026-08-06T10:37:25Z</time>
      </trkpt>
      <trkpt lat="8.998781" lon="-79.579228">
        <time>2026-08-06T10:37:26Z</time>
      </trkpt>
      <trkpt lat="8.998802" lon="-79.579218">
        <time>2026-08-06T10:37:27Z</time>
      </trkpt>
      <trkpt lat="8.998819" lon="-79.579221">
        <time>2026-08-06T10:37:28Z</time>
      </trkpt>
      <trkpt lat="8.998841" lon="-79.579237">
        <time>2026-08-06T10:37:29Z</time>
      </trkpt>
      <trkpt lat="8.998860" lon="-79.579255">
        <time>2026-08-06T10:37:30Z</time>
      </trkpt>
      <trkpt lat="8.998883" lon="-79.579269">
        <time>2026-08-06T10:37:31Z</time>
      </trkpt>
      <trkpt lat="8.998911" lon="-79.579279">
        <time>2026-08-06T10:37:32Z</time>
      </trkpt>
      <trkpt lat="8.998940" lon="-79.579284">
        <time>2026-08-06T10:37:33Z</time>
      </trkpt>
      <trkpt lat="8.998971" lon="-79.579279">
        <time>2026-08-06T10:37:34Z</time>
      </trkpt>
      <trkpt lat="8.998999" lon="-79.579274">
        <time>2026-08-06T10:37:35Z</time>
      </trkpt>
      <trkpt lat="8.999030" lon="-79.579267">
        <time>2026-08-06T10:37:36Z</time>
      </trkpt>
      <trkpt lat="8.999059" lon="-79.579260">
        <time>2026-08-06T10:37:37Z</time>
      </trkpt>
      <trkpt lat="8.999089" lon="-79.579249">
        <time>2026-08-06T10:37:38Z</time>
      </trkpt>
      <trkpt lat="8.999118" lon="-79.579243">
        <time>2026-08-06T10:37:39Z</time>
      </trkpt>
      <trkpt lat="8.999148" lon="-79.579237">
        <time>2026-08-06T10:37:40Z</time>
      </trkpt>
      <trkpt lat="8.999177" lon="-79.579230">
        <time>2026-08-06T10:37:41Z</time>
      </trkpt>
      <trkpt lat="8.999202" lon="-79.579225">
        <time>2026-08-06T10:37:42Z</time>
      </trkpt>
      <trkpt lat="8.999225" lon="-79.579221">
        <time>2026-08-06T10:37:43Z</time>
      </trkpt>
      <trkpt lat="8.999244" lon="-79.579218">
        <time>2026-08-06T10:37:44Z</time>
      </trkpt>
      <trkpt lat="8.999259" lon="-79.579220">
        <time>2026-08-06T10:37:45Z</time>
      </trkpt>
      <trkpt lat="8.999277" lon="-79.579216">
        <time>2026-08-06T10:37:46Z</time>
      </trkpt>
      <trkpt lat="8.999292" lon="-79.579216">
        <time>2026-08-06T10:37:47Z</time>
      </trkpt>
      <trkpt lat="8.999307" lon="-79.579217">
        <time>2026-08-06T10:37:48Z</time>
      </trkpt>
      <trkpt lat="8.999320" lon="-79.579217">
        <time>2026-08-06T10:37:49Z</time>
      </trkpt>
      <trkpt lat="8.999332" lon="-79.579216">
        <time>2026-08-06T10:37:50Z</time>
      </trkpt>
      <trkpt lat="8.999346" lon="-79.579218">
        <time>2026-08-06T10:37:51Z</time>
      </trkpt>
      <trkpt lat="8.999359" lon="-79.579219">
        <time>2026-08-06T10:37:52Z</time>
      </trkpt>
      <trkpt lat="8.999372" lon="-79.579218">
        <time>2026-08-06T10:37:53Z</time>
      </trkpt>
      <trkpt lat="8.999383" lon="-79.579216">
        <time>2026-08-06T10:37:54Z</time>
      </trkpt>
      <trkpt lat="8.999399" lon="-79.579213">
        <time>2026-08-06T10:37:55Z</time>
      </trkpt>
      <trkpt lat="8.999413" lon="-79.579211">
        <time>2026-08-06T10:37:56Z</time>
      </trkpt>
      <trkpt lat="8.999426" lon="-79.579208">
        <time>2026-08-06T10:37:57Z</time>
      </trkpt>
      <trkpt lat="8.999440" lon="-79.579206">
        <time>2026-08-06T10:37:58Z</time>
      </trkpt>
      <trkpt lat="8.999454" lon="-79.579205">
        <time>2026-08-06T10:37:59Z</time>
      </trkpt>
      <trkpt lat="8.999468" lon="-79.579201">
        <time>2026-08-06T10:38:00Z</time>
      </trkpt>
      <trkpt lat="8.999480" lon="-79.579197">
        <time>2026-08-06T10:38:01Z</time>
      </trkpt>
      <trkpt lat="8.999492" lon="-79.579192">
        <time>2026-08-06T10:38:02Z</time>
      </trkpt>
      <trkpt lat="8.999505" lon="-79.579188">
        <time>2026-08-06T10:38:03Z</time>
      </trkpt>
      <trkpt lat="8.999516" lon="-79.579184">
        <time>2026-08-06T10:38:04Z</time>
      </trkpt>
      <trkpt lat="8.999532" lon="-79.579182">
        <time>2026-08-06T10:38:05Z</time>
      </trkpt>
      <trkpt lat="8.999551" lon="-79.579179">
        <time>2026-08-06T10:38:06Z</time>
      </trkpt>
      <trkpt lat="8.999569" lon="-79.579177">
        <time>2026-08-06T10:38:07Z</time>
      </trkpt>
      <trkpt lat="8.999587" lon="-79.579176">
        <time>2026-08-06T10:38:08Z</time>
      </trkpt>
      <trkpt lat="8.999607" lon="-79.579178">
        <time>2026-08-06T10:38:09Z</time>
      </trkpt>
      <trkpt lat="8.999625" lon="-79.579184">
        <time>2026-08-06T10:38:10Z</time>
      </trkpt>
      <trkpt lat="8.999642" lon="-79.579191">
        <time>2026-08-06T10:38:11Z</time>
      </trkpt>
      <trkpt lat="8.999659" lon="-79.579199">
        <time>2026-08-06T10:38:12Z</time>
      </trkpt>
      <trkpt lat="8.999677" lon="-79.579207">
        <time>2026-08-06T10:38:13Z</time>
      </trkpt>
      <trkpt lat="8.999692" lon="-79.579219">
        <time>2026-08-06T10:38:14Z</time>
      </trkpt>
      <trkpt lat="8.999707" lon="-79.579229">
        <time>2026-08-06T10:38:15Z</time>
      </trkpt>
      <trkpt lat="8.999727" lon="-79.579240">
        <time>2026-08-06T10:38:16Z</time>
      </trkpt>
      <trkpt lat="8.999745" lon="-79.579249">
        <time>2026-08-06T10:38:17Z</time>
      </trkpt>
      <trkpt lat="8.999761" lon="-79.579262">
        <time>2026-08-06T10:38:18Z</time>
      </trkpt>
      <trkpt lat="8.999778" lon="-79.579274">
        <time>2026-08-06T10:38:19Z</time>
      </trkpt>
      <trkpt lat="8.999795" lon="-79.579283">
        <time>2026-08-06T10:38:20Z</time>
      </trkpt>
      <trkpt lat="8.999813" lon="-79.579292">
        <time>2026-08-06T10:38:21Z</time>
      </trkpt>
      <trkpt lat="8.999836" lon="-79.579300">
        <time>2026-08-06T10:38:22Z</time>
      </trkpt>
      <trkpt lat="8.999859" lon="-79.579304">
        <time>2026-08-06T10:38:23Z</time>
      </trkpt>
      <trkpt lat="8.999884" lon="-79.579306">
        <time>2026-08-06T10:38:24Z</time>
      </trkpt>
      <trkpt lat="8.999908" lon="-79.579305">
        <time>2026-08-06T10:38:25Z</time>
      </trkpt>
      <trkpt lat="8.999935" lon="-79.579301">
        <time>2026-08-06T10:38:26Z</time>
      </trkpt>
      <trkpt lat="8.999960" lon="-79.579300">
        <time>2026-08-06T10:38:27Z</time>
      </trkpt>
      <trkpt lat="8.999990" lon="-79.579296">
        <time>2026-08-06T10:38:28Z</time>
      </trkpt>
      <trkpt lat="9.000017" lon="-79.579290">
        <time>2026-08-06T10:38:29Z</time>
      </trkpt>
      <trkpt lat="9.000041" lon="-79.579286">
        <time>2026-08-06T10:38:30Z</time>
      </trkpt>
      <trkpt lat="9.000065" lon="-79.579281">
        <time>2026-08-06T10:38:31Z</time>
      </trkpt>
      <trkpt lat="9.000086" lon="-79.579275">
        <time>2026-08-06T10:38:32Z</time>
      </trkpt>
      <trkpt lat="9.000112" lon="-79.579270">
        <time>2026-08-06T10:38:33Z</time>
      </trkpt>
      <trkpt lat="9.000135" lon="-79.579267">
        <time>2026-08-06T10:38:34Z</time>
      </trkpt>
      <trkpt lat="9.000156" lon="-79.579266">
        <time>2026-08-06T10:38:35Z</time>
      </trkpt>
      <trkpt lat="9.000181" lon="-79.579265">
        <time>2026-08-06T10:38:36Z</time>
      </trkpt>
      <trkpt lat="9.000208" lon="-79.579265">
        <time>2026-08-06T10:38:37Z</time>
      </trkpt>
      <trkpt lat="9.000226" lon="-79.579274">
        <time>2026-08-06T10:38:38Z</time>
      </trkpt>
      <trkpt lat="9.000237" lon="-79.579290">
        <time>2026-08-06T10:38:39Z</time>
      </trkpt>
      <trkpt lat="9.000242" lon="-79.579313">
        <time>2026-08-06T10:38:40Z</time>
      </trkpt>
      <trkpt lat="9.000244" lon="-79.579338">
        <time>2026-08-06T10:38:41Z</time>
      </trkpt>
      <trkpt lat="9.000248" lon="-79.579364">
        <time>2026-08-06T10:38:42Z</time>
      </trkpt>
      <trkpt lat="9.000252" lon="-79.579392">
        <time>2026-08-06T10:38:43Z</time>
      </trkpt>
      <trkpt lat="9.000254" lon="-79.579419">
        <time>2026-08-06T10:38:44Z</time>
      </trkpt>
      <trkpt lat="9.000258" lon="-79.579448">
        <time>2026-08-06T10:38:45Z</time>
      </trkpt>
      <trkpt lat="9.000257" lon="-79.579478">
        <time>2026-08-06T10:38:46Z</time>
      </trkpt>
      <trkpt lat="9.000257" lon="-79.579509">
        <time>2026-08-06T10:38:47Z</time>
      </trkpt>
      <trkpt lat="9.000256" lon="-79.579540">
        <time>2026-08-06T10:38:48Z</time>
      </trkpt>
      <trkpt lat="9.000256" lon="-79.579570">
        <time>2026-08-06T10:38:49Z</time>
      </trkpt>
      <trkpt lat="9.000259" lon="-79.579600">
        <time>2026-08-06T10:38:50Z</time>
      </trkpt>
      <trkpt lat="9.000258" lon="-79.579631">
        <time>2026-08-06T10:38:51Z</time>
      </trkpt>
      <trkpt lat="9.000262" lon="-79.579662">
        <time>2026-08-06T10:38:52Z</time>
      </trkpt>
      <trkpt lat="9.000263" lon="-79.579697">
        <time>2026-08-06T10:38:53Z</time>
      </trkpt>
      <trkpt lat="9.000266" lon="-79.579731">
        <time>2026-08-06T10:38:54Z</time>
      </trkpt>
      <trkpt lat="9.000266" lon="-79.579762">
        <time>2026-08-06T10:38:55Z</time>
      </trkpt>
      <trkpt lat="9.000269" lon="-79.579793">
        <time>2026-08-06T10:38:56Z</time>
      </trkpt>
      <trkpt lat="9.000271" lon="-79.579824">
        <time>2026-08-06T10:38:57Z</time>
      </trkpt>
      <trkpt lat="9.000273" lon="-79.579856">
        <time>2026-08-06T10:38:58Z</time>
      </trkpt>
      <trkpt lat="9.000274" lon="-79.579889">
        <time>2026-08-06T10:38:59Z</time>
      </trkpt>
      <trkpt lat="9.000275" lon="-79.579919">
        <time>2026-08-06T10:39:00Z</time>
      </trkpt>
      <trkpt lat="9.000276" lon="-79.579954">
        <time>2026-08-06T10:39:01Z</time>
      </trkpt>
      <trkpt lat="9.000274" lon="-79.579987">
        <time>2026-08-06T10:39:02Z</time>
      </trkpt>
      <trkpt lat="9.000277" lon="-79.580020">
        <time>2026-08-06T10:39:03Z</time>
      </trkpt>
      <trkpt lat="9.000278" lon="-79.580055">
        <time>2026-08-06T10:39:04Z</time>
      </trkpt>
      <trkpt lat="9.000283" lon="-79.580090">
        <time>2026-08-06T10:39:05Z</time>
      </trkpt>
      <trkpt lat="9.000290" lon="-79.580123">
        <time>2026-08-06T10:39:06Z</time>
      </trkpt>
      <trkpt lat="9.000298" lon="-79.580156">
        <time>2026-08-06T10:39:07Z</time>
      </trkpt>
      <trkpt lat="9.000314" lon="-79.580187">
        <time>2026-08-06T10:39:08Z</time>
      </trkpt>
      <trkpt lat="9.000336" lon="-79.580210">
        <time>2026-08-06T10:39:09Z</time>
      </trkpt>
      <trkpt lat="9.000367" lon="-79.580225">
        <time>2026-08-06T10:39:10Z</time>
      </trkpt>
      <trkpt lat="9.000405" lon="-79.580229">
        <time>2026-08-06T10:39:11Z</time>
      </trkpt>
      <trkpt lat="9.000442" lon="-79.580230">
        <time>2026-08-06T10:39:12Z</time>
      </trkpt>
      <trkpt lat="9.000478" lon="-79.580224">
        <time>2026-08-06T10:39:13Z</time>
      </trkpt>
      <trkpt lat="9.000511" lon="-79.580217">
        <time>2026-08-06T10:39:14Z</time>
      </trkpt>
      <trkpt lat="9.000549" lon="-79.580205">
        <time>2026-08-06T10:39:15Z</time>
      </trkpt>
      <trkpt lat="9.000580" lon="-79.580195">
        <time>2026-08-06T10:39:16Z</time>
      </trkpt>
      <trkpt lat="9.000613" lon="-79.580185">
        <time>2026-08-06T10:39:17Z</time>
      </trkpt>
      <trkpt lat="9.000646" lon="-79.580175">
        <time>2026-08-06T10:39:18Z</time>
      </trkpt>
      <trkpt lat="9.000679" lon="-79.580164">
        <time>2026-08-06T10:39:19Z</time>
      </trkpt>
      <trkpt lat="9.000711" lon="-79.580154">
        <time>2026-08-06T10:39:20Z</time>
      </trkpt>
      <trkpt lat="9.000742" lon="-79.580143">
        <time>2026-08-06T10:39:21Z</time>
      </trkpt>
      <trkpt lat="9.000774" lon="-79.580133">
        <time>2026-08-06T10:39:22Z</time>
      </trkpt>
      <trkpt lat="9.000803" lon="-79.580124">
        <time>2026-08-06T10:39:23Z</time>
      </trkpt>
      <trkpt lat="9.000834" lon="-79.580113">
        <time>2026-08-06T10:39:24Z</time>
      </trkpt>
      <trkpt lat="9.000865" lon="-79.580103">
        <time>2026-08-06T10:39:25Z</time>
      </trkpt>
      <trkpt lat="9.000898" lon="-79.580088">
        <time>2026-08-06T10:39:26Z</time>
      </trkpt>
      <trkpt lat="9.000928" lon="-79.580074">
        <time>2026-08-06T10:39:27Z</time>
      </trkpt>
      <trkpt lat="9.000958" lon="-79.580053">
        <time>2026-08-06T10:39:28Z</time>
      </trkpt>
      <trkpt lat="9.000987" lon="-79.580030">
        <time>2026-08-06T10:39:29Z</time>
      </trkpt>
      <trkpt lat="9.001012" lon="-79.580004">
        <time>2026-08-06T10:39:30Z</time>
      </trkpt>
      <trkpt lat="9.001032" lon="-79.579974">
        <time>2026-08-06T10:39:31Z</time>
      </trkpt>
      <trkpt lat="9.001049" lon="-79.579945">
        <time>2026-08-06T10:39:32Z</time>
      </trkpt>
      <trkpt lat="9.001058" lon="-79.579913">
        <time>2026-08-06T10:39:33Z</time>
      </trkpt>
      <trkpt lat="9.001065" lon="-79.579881">
        <time>2026-08-06T10:39:34Z</time>
      </trkpt>
      <trkpt lat="9.001067" lon="-79.579846">
        <time>2026-08-06T10:39:35Z</time>
      </trkpt>
      <trkpt lat="9.001068" lon="-79.579814">
        <time>2026-08-06T10:39:36Z</time>
      </trkpt>
      <trkpt lat="9.001065" lon="-79.579779">
        <time>2026-08-06T10:39:37Z</time>
      </trkpt>
      <trkpt lat="9.001059" lon="-79.579748">
        <time>2026-08-06T10:39:38Z</time>
      </trkpt>
      <trkpt lat="9.001053" lon="-79.579714">
        <time>2026-08-06T10:39:39Z</time>
      </trkpt>
      <trkpt lat="9.001049" lon="-79.579683">
        <time>2026-08-06T10:39:40Z</time>
      </trkpt>
      <trkpt lat="9.001040" lon="-79.579652">
        <time>2026-08-06T10:39:41Z</time>
      </trkpt>
      <trkpt lat="9.001037" lon="-79.579622">
        <time>2026-08-06T10:39:42Z</time>
      </trkpt>
      <trkpt lat="9.001034" lon="-79.579588">
        <time>2026-08-06T10:39:43Z</time>
      </trkpt>
      <trkpt lat="9.001027" lon="-79.579557">
        <time>2026-08-06T10:39:44Z</time>
      </trkpt>
      <trkpt lat="9.001020" lon="-79.579534">
        <time>2026-08-06T10:39:45Z</time>
      </trkpt>
      <trkpt lat="9.001015" lon="-79.579517">
        <time>2026-08-06T10:39:46Z</time>
      </trkpt>
      <trkpt lat="9.001012" lon="-79.579502">
        <time>2026-08-06T10:39:47Z</time>
      </trkpt>
      <trkpt lat="9.001011" lon="-79.579486">
        <time>2026-08-06T10:39:48Z</time>
      </trkpt>
      <trkpt lat="9.001008" lon="-79.579472">
        <time>2026-08-06T10:39:49Z</time>
      </trkpt>
      <trkpt lat="9.001004" lon="-79.579462">
        <time>2026-08-06T10:39:50Z</time>
      </trkpt>
      <trkpt lat="9.001003" lon="-79.579447">
        <time>2026-08-06T10:39:51Z</time>
      </trkpt>
      <trkpt lat="9.001003" lon="-79.579435">
        <time>2026-08-06T10:39:52Z</time>
      </trkpt>
      <trkpt lat="9.001003" lon="-79.579422">
        <time>2026-08-06T10:39:53Z</time>
      </trkpt>
      <trkpt lat="9.001002" lon="-79.579406">
        <time>2026-08-06T10:39:54Z</time>
      </trkpt>
      <trkpt lat="9.001003" lon="-79.579392">
        <time>2026-08-06T10:39:55Z</time>
      </trkpt>
      <trkpt lat="9.001004" lon="-79.579376">
        <time>2026-08-06T10:39:56Z</time>
      </trkpt>
      <trkpt lat="9.001005" lon="-79.579359">
        <time>2026-08-06T10:39:57Z</time>
      </trkpt>
      <trkpt lat="9.001008" lon="-79.579345">
        <time>2026-08-06T10:39:58Z</time>
      </trkpt>
      <trkpt lat="9.001013" lon="-79.579327">
        <time>2026-08-06T10:39:59Z</time>
      </trkpt>
      <trkpt lat="9.001016" lon="-79.579313">
        <time>2026-08-06T10:40:00Z</time>
      </trkpt>
      <trkpt lat="9.001020" lon="-79.579296">
        <time>2026-08-06T10:40:01Z</time>
      </trkpt>
      <trkpt lat="9.001025" lon="-79.579276">
        <time>2026-08-06T10:40:02Z</time>
      </trkpt>
      <trkpt lat="9.001033" lon="-79.579260">
        <time>2026-08-06T10:40:03Z</time>
      </trkpt>
      <trkpt lat="9.001047" lon="-79.579246">
        <time>2026-08-06T10:40:04Z</time>
      </trkpt>
      <trkpt lat="9.001057" lon="-79.579233">
        <time>2026-08-06T10:40:05Z</time>
      </trkpt>
      <trkpt lat="9.001067" lon="-79.579215">
        <time>2026-08-06T10:40:06Z</time>
      </trkpt>
      <trkpt lat="9.001080" lon="-79.579203">
        <time>2026-08-06T10:40:07Z</time>
      </trkpt>
      <trkpt lat="9.001096" lon="-79.579191">
        <time>2026-08-06T10:40:08Z</time>
      </trkpt>
      <trkpt lat="9.001111" lon="-79.579177">
        <time>2026-08-06T10:40:09Z</time>
      </trkpt>
      <trkpt lat="9.001128" lon="-79.579165">
        <time>2026-08-06T10:40:10Z</time>
      </trkpt>
      <trkpt lat="9.001144" lon="-79.579156">
        <time>2026-08-06T10:40:11Z</time>
      </trkpt>
      <trkpt lat="9.001160" lon="-79.579148">
        <time>2026-08-06T10:40:12Z</time>
      </trkpt>
      <trkpt lat="9.001178" lon="-79.579138">
        <time>2026-08-06T10:40:13Z</time>
      </trkpt>
      <trkpt lat="9.001195" lon="-79.579131">
        <time>2026-08-06T10:40:14Z</time>
      </trkpt>
      <trkpt lat="9.001213" lon="-79.579123">
        <time>2026-08-06T10:40:15Z</time>
      </trkpt>
      <trkpt lat="9.001231" lon="-79.579112">
        <time>2026-08-06T10:40:16Z</time>
      </trkpt>
      <trkpt lat="9.001251" lon="-79.579103">
        <time>2026-08-06T10:40:17Z</time>
      </trkpt>
      <trkpt lat="9.001268" lon="-79.579094">
        <time>2026-08-06T10:40:18Z</time>
      </trkpt>
      <trkpt lat="9.001288" lon="-79.579085">
        <time>2026-08-06T10:40:19Z</time>
      </trkpt>
      <trkpt lat="9.001310" lon="-79.579076">
        <time>2026-08-06T10:40:20Z</time>
      </trkpt>
      <trkpt lat="9.001329" lon="-79.579070">
        <time>2026-08-06T10:40:21Z</time>
      </trkpt>
      <trkpt lat="9.001349" lon="-79.579066">
        <time>2026-08-06T10:40:22Z</time>
      </trkpt>
      <trkpt lat="9.001371" lon="-79.579063">
        <time>2026-08-06T10:40:23Z</time>
      </trkpt>
      <trkpt lat="9.001392" lon="-79.579062">
        <time>2026-08-06T10:40:24Z</time>
      </trkpt>
      <trkpt lat="9.001415" lon="-79.579065">
        <time>2026-08-06T10:40:25Z</time>
      </trkpt>
      <trkpt lat="9.001435" lon="-79.579069">
        <time>2026-08-06T10:40:26Z</time>
      </trkpt>
      <trkpt lat="9.001461" lon="-79.579073">
        <time>2026-08-06T10:40:27Z</time>
      </trkpt>
      <trkpt lat="9.001486" lon="-79.579076">
        <time>2026-08-06T10:40:28Z</time>
      </trkpt>
      <trkpt lat="9.001507" lon="-79.579084">
        <time>2026-08-06T10:40:29Z</time>
      </trkpt>
      <trkpt lat="9.001525" lon="-79.579093">
        <time>2026-08-06T10:40:30Z</time>
      </trkpt>
      <trkpt lat="9.001548" lon="-79.579106">
        <time>2026-08-06T10:40:31Z</time>
      </trkpt>
      <trkpt lat="9.001567" lon="-79.579117">
        <time>2026-08-06T10:40:32Z</time>
      </trkpt>
      <trkpt lat="9.001584" lon="-79.579128">
        <time>2026-08-06T10:40:33Z</time>
      </trkpt>
      <trkpt lat="9.001602" lon="-79.579142">
        <time>2026-08-06T10:40:34Z</time>
      </trkpt>
      <trkpt lat="9.001617" lon="-79.579159">
        <time>2026-08-06T10:40:35Z</time>
      </trkpt>
      <trkpt lat="9.001632" lon="-79.579178">
        <time>2026-08-06T10:40:36Z</time>
      </trkpt>
      <trkpt lat="9.001646" lon="-79.579197">
        <time>2026-08-06T10:40:37Z</time>
      </trkpt>
      <trkpt lat="9.001654" lon="-79.579222">
        <time>2026-08-06T10:40:38Z</time>
      </trkpt>
      <trkpt lat="9.001663" lon="-79.579248">
        <time>2026-08-06T10:40:39Z</time>
      </trkpt>
      <trkpt lat="9.001665" lon="-79.579273">
        <time>2026-08-06T10:40:40Z</time>
      </trkpt>
      <trkpt lat="9.001660" lon="-79.579299">
        <time>2026-08-06T10:40:41Z</time>
      </trkpt>
      <trkpt lat="9.001650" lon="-79.579325">
        <time>2026-08-06T10:40:42Z</time>
      </trkpt>
      <trkpt lat="9.001640" lon="-79.579353">
        <time>2026-08-06T10:40:43Z</time>
      </trkpt>
      <trkpt lat="9.001630" lon="-79.579384">
        <time>2026-08-06T10:40:44Z</time>
      </trkpt>
      <trkpt lat="9.001621" lon="-79.579413">
        <time>2026-08-06T10:40:45Z</time>
      </trkpt>
      <trkpt lat="9.001614" lon="-79.579449">
        <time>2026-08-06T10:40:46Z</time>
      </trkpt>
      <trkpt lat="9.001607" lon="-79.579484">
        <time>2026-08-06T10:40:47Z</time>
      </trkpt>
      <trkpt lat="9.001603" lon="-79.579516">
        <time>2026-08-06T10:40:48Z</time>
      </trkpt>
      <trkpt lat="9.001600" lon="-79.579554">
        <time>2026-08-06T10:40:49Z</time>
      </trkpt>
      <trkpt lat="9.001600" lon="-79.579589">
        <time>2026-08-06T10:40:50Z</time>
      </trkpt>
      <trkpt lat="9.001607" lon="-79.579625">
        <time>2026-08-06T10:40:51Z</time>
      </trkpt>
      <trkpt lat="9.001614" lon="-79.579658">
        <time>2026-08-06T10:40:52Z</time>
      </trkpt>
      <trkpt lat="9.001626" lon="-79.579693">
        <time>2026-08-06T10:40:53Z</time>
      </trkpt>
      <trkpt lat="9.001638" lon="-79.579727">
        <time>2026-08-06T10:40:54Z</time>
      </trkpt>
      <trkpt lat="9.001656" lon="-79.579759">
        <time>2026-08-06T10:40:55Z</time>
      </trkpt>
      <trkpt lat="9.001672" lon="-79.579788">
        <time>2026-08-06T10:40:56Z</time>
      </trkpt>
      <trkpt lat="9.001694" lon="-79.579815">
        <time>2026-08-06T10:40:57Z</time>
      </trkpt>
      <trkpt lat="9.001717" lon="-79.579840">
        <time>2026-08-06T10:40:58Z</time>
      </trkpt>
      <trkpt lat="9.001750" lon="-79.579855">
        <time>2026-08-06T10:40:59Z</time>
      </trkpt>
      <trkpt lat="9.001786" lon="-79.579866">
        <time>2026-08-06T10:41:00Z</time>
      </trkpt>
      <trkpt lat="9.001823" lon="-79.579869">
        <time>2026-08-06T10:41:01Z</time>
      </trkpt>
      <trkpt lat="9.001860" lon="-79.579865">
        <time>2026-08-06T10:41:02Z</time>
      </trkpt>
      <trkpt lat="9.001895" lon="-79.579853">
        <time>2026-08-06T10:41:03Z</time>
      </trkpt>
      <trkpt lat="9.001931" lon="-79.579842">
        <time>2026-08-06T10:41:04Z</time>
      </trkpt>
      <trkpt lat="9.001961" lon="-79.579835">
        <time>2026-08-06T10:41:05Z</time>
      </trkpt>
      <trkpt lat="9.001995" lon="-79.579827">
        <time>2026-08-06T10:41:06Z</time>
      </trkpt>
      <trkpt lat="9.002024" lon="-79.579817">
        <time>2026-08-06T10:41:07Z</time>
      </trkpt>
      <trkpt lat="9.002054" lon="-79.579806">
        <time>2026-08-06T10:41:08Z</time>
      </trkpt>
      <trkpt lat="9.002084" lon="-79.579801">
        <time>2026-08-06T10:41:09Z</time>
      </trkpt>
      <trkpt lat="9.002117" lon="-79.579796">
        <time>2026-08-06T10:41:10Z</time>
      </trkpt>
      <trkpt lat="9.002148" lon="-79.579793">
        <time>2026-08-06T10:41:11Z</time>
      </trkpt>
      <trkpt lat="9.002181" lon="-79.579795">
        <time>2026-08-06T10:41:12Z</time>
      </trkpt>
      <trkpt lat="9.002209" lon="-79.579800">
        <time>2026-08-06T10:41:13Z</time>
      </trkpt>
      <trkpt lat="9.002239" lon="-79.579807">
        <time>2026-08-06T10:41:14Z</time>
      </trkpt>
      <trkpt lat="9.002268" lon="-79.579816">
        <time>2026-08-06T10:41:15Z</time>
      </trkpt>
      <trkpt lat="9.002297" lon="-79.579829">
        <time>2026-08-06T10:41:16Z</time>
      </trkpt>
      <trkpt lat="9.002332" lon="-79.579840">
        <time>2026-08-06T10:41:17Z</time>
      </trkpt>
      <trkpt lat="9.002364" lon="-79.579852">
        <time>2026-08-06T10:41:18Z</time>
      </trkpt>
      <trkpt lat="9.002399" lon="-79.579859">
        <time>2026-08-06T10:41:19Z</time>
      </trkpt>
      <trkpt lat="9.002430" lon="-79.579861">
        <time>2026-08-06T10:41:20Z</time>
      </trkpt>
      <trkpt lat="9.002465" lon="-79.579861">
        <time>2026-08-06T10:41:21Z</time>
      </trkpt>
      <trkpt lat="9.002500" lon="-79.579860">
        <time>2026-08-06T10:41:22Z</time>
      </trkpt>
      <trkpt lat="9.002536" lon="-79.579852">
        <time>2026-08-06T10:41:23Z</time>
      </trkpt>
      <trkpt lat="9.002571" lon="-79.579845">
        <time>2026-08-06T10:41:24Z</time>
      </trkpt>
      <trkpt lat="9.002611" lon="-79.579836">
        <time>2026-08-06T10:41:25Z</time>
      </trkpt>
      <trkpt lat="9.002646" lon="-79.579825">
        <time>2026-08-06T10:41:26Z</time>
      </trkpt>
      <trkpt lat="9.002680" lon="-79.579803">
        <time>2026-08-06T10:41:27Z</time>
      </trkpt>
      <trkpt lat="9.002705" lon="-79.579774">
        <time>2026-08-06T10:41:28Z</time>
      </trkpt>
      <trkpt lat="9.002728" lon="-79.579744">
        <time>2026-08-06T10:41:29Z</time>
      </trkpt>
      <trkpt lat="9.002749" lon="-79.579714">
        <time>2026-08-06T10:41:30Z</time>
      </trkpt>
      <trkpt lat="9.002770" lon="-79.579685">
        <time>2026-08-06T10:41:31Z</time>
      </trkpt>
      <trkpt lat="9.002790" lon="-79.579659">
        <time>2026-08-06T10:41:32Z</time>
      </trkpt>
      <trkpt lat="9.002813" lon="-79.579630">
        <time>2026-08-06T10:41:33Z</time>
      </trkpt>
      <trkpt lat="9.002831" lon="-79.579601">
        <time>2026-08-06T10:41:34Z</time>
      </trkpt>
      <trkpt lat="9.002845" lon="-79.579570">
        <time>2026-08-06T10:41:35Z</time>
      </trkpt>
      <trkpt lat="9.002859" lon="-79.579540">
        <time>2026-08-06T10:41:36Z</time>
      </trkpt>
      <trkpt lat="9.002871" lon="-79.579511">
        <time>2026-08-06T10:41:37Z</time>
      </trkpt>
      <trkpt lat="9.002885" lon="-79.579480">
        <time>2026-08-06T10:41:38Z</time>
      </trkpt>
      <trkpt lat="9.002896" lon="-79.579451">
        <time>2026-08-06T10:41:39Z</time>
      </trkpt>
      <trkpt lat="9.002903" lon="-79.579419">
        <time>2026-08-06T10:41:40Z</time>
      </trkpt>
      <trkpt lat="9.002909" lon="-79.579388">
        <time>2026-08-06T10:41:41Z</time>
      </trkpt>
      <trkpt lat="9.002916" lon="-79.579357">
        <time>2026-08-06T10:41:42Z</time>
      </trkpt>
      <trkpt lat="9.002923" lon="-79.579324">
        <time>2026-08-06T10:41:43Z</time>
      </trkpt>
      <trkpt lat="9.002930" lon="-79.579293">
        <time>2026-08-06T10:41:44Z</time>
      </trkpt>
      <trkpt lat="9.002936" lon="-79.579266">
        <time>2026-08-06T10:41:45Z</time>
      </trkpt>
      <trkpt lat="9.002943" lon="-79.579243">
        <time>2026-08-06T10:41:46Z</time>
      </trkpt>
      <trkpt lat="9.002950" lon="-79.579229">
        <time>2026-08-06T10:41:47Z</time>
      </trkpt>
      <trkpt lat="9.002953" lon="-79.579216">
        <time>2026-08-06T10:41:48Z</time>
      </trkpt>
      <trkpt lat="9.002954" lon="-79.579201">
        <time>2026-08-06T10:41:49Z</time>
      </trkpt>
      <trkpt lat="9.002955" lon="-79.579189">
        <time>2026-08-06T10:41:50Z</time>
      </trkpt>
      <trkpt lat="9.002956" lon="-79.579178">
        <time>2026-08-06T10:41:51Z</time>
      </trkpt>
      <trkpt lat="9.002958" lon="-79.579165">
        <time>2026-08-06T10:41:52Z</time>
      </trkpt>
      <trkpt lat="9.002959" lon="-79.579154">
        <time>2026-08-06T10:41:53Z</time>
      </trkpt>
      <trkpt lat="9.002961" lon="-79.579142">
        <time>2026-08-06T10:41:54Z</time>
      </trkpt>
      <trkpt lat="9.002962" lon="-79.579129">
        <time>2026-08-06T10:41:55Z</time>
      </trkpt>
      <trkpt lat="9.002963" lon="-79.579116">
        <time>2026-08-06T10:41:56Z</time>
      </trkpt>
      <trkpt lat="9.002965" lon="-79.579105">
        <time>2026-08-06T10:41:57Z</time>
      </trkpt>
      <trkpt lat="9.002966" lon="-79.579093">
        <time>2026-08-06T10:41:58Z</time>
      </trkpt>
      <trkpt lat="9.002968" lon="-79.579079">
        <time>2026-08-06T10:41:59Z</time>
      </trkpt>
      <trkpt lat="9.002972" lon="-79.579066">
        <time>2026-08-06T10:42:00Z</time>
      </trkpt>
      <trkpt lat="9.002974" lon="-79.579052">
        <time>2026-08-06T10:42:01Z</time>
      </trkpt>
      <trkpt lat="9.002975" lon="-79.579041">
        <time>2026-08-06T10:42:02Z</time>
      </trkpt>
      <trkpt lat="9.002977" lon="-79.579025">
        <time>2026-08-06T10:42:03Z</time>
      </trkpt>
      <trkpt lat="9.002976" lon="-79.579009">
        <time>2026-08-06T10:42:04Z</time>
      </trkpt>
      <trkpt lat="9.002976" lon="-79.578996">
        <time>2026-08-06T10:42:05Z</time>
      </trkpt>
      <trkpt lat="9.002976" lon="-79.578981">
        <time>2026-08-06T10:42:06Z</time>
      </trkpt>
      <trkpt lat="9.002978" lon="-79.578967">
        <time>2026-08-06T10:42:07Z</time>
      </trkpt>
      <trkpt lat="9.002979" lon="-79.578951">
        <time>2026-08-06T10:42:08Z</time>
      </trkpt>
      <trkpt lat="9.002980" lon="-79.578933">
        <time>2026-08-06T10:42:09Z</time>
      </trkpt>
      <trkpt lat="9.002979" lon="-79.578916">
        <time>2026-08-06T10:42:10Z</time>
      </trkpt>
      <trkpt lat="9.002980" lon="-79.578899">
        <time>2026-08-06T10:42:11Z</time>
      </trkpt>
      <trkpt lat="9.002978" lon="-79.578878">
        <time>2026-08-06T10:42:12Z</time>
      </trkpt>
      <trkpt lat="9.002976" lon="-79.578862">
        <time>2026-08-06T10:42:13Z</time>
      </trkpt>
      <trkpt lat="9.002978" lon="-79.578847">
        <time>2026-08-06T10:42:14Z</time>
      </trkpt>
      <trkpt lat="9.002978" lon="-79.578831">
        <time>2026-08-06T10:42:15Z</time>
      </trkpt>
      <trkpt lat="9.002975" lon="-79.578815">
        <time>2026-08-06T10:42:16Z</time>
      </trkpt>
      <trkpt lat="9.002972" lon="-79.578800">
        <time>2026-08-06T10:42:17Z</time>
      </trkpt>
      <trkpt lat="9.002970" lon="-79.578788">
        <time>2026-08-06T10:42:18Z</time>
      </trkpt>
      <trkpt lat="9.002972" lon="-79.578774">
        <time>2026-08-06T10:42:19Z</time>
      </trkpt>
      <trkpt lat="9.002975" lon="-79.578761">
        <time>2026-08-06T10:42:20Z</time>
      </trkpt>
      <trkpt lat="9.002972" lon="-79.578743">
        <time>2026-08-06T10:42:21Z</time>
      </trkpt>
      <trkpt lat="9.002967" lon="-79.578724">
        <time>2026-08-06T10:42:22Z</time>
      </trkpt>
      <trkpt lat="9.002967" lon="-79.578704">
        <time>2026-08-06T10:42:23Z</time>
      </trkpt>
      <trkpt lat="9.002967" lon="-79.578683">
        <time>2026-08-06T10:42:24Z</time>
      </trkpt>
      <trkpt lat="9.002967" lon="-79.578667">
        <time>2026-08-06T10:42:25Z</time>
      </trkpt>
      <trkpt lat="9.002966" lon="-79.578650">
        <time>2026-08-06T10:42:26Z</time>
      </trkpt>
      <trkpt lat="9.002963" lon="-79.578632">
        <time>2026-08-06T10:42:27Z</time>
      </trkpt>
      <trkpt lat="9.002961" lon="-79.578612">
        <time>2026-08-06T10:42:28Z</time>
      </trkpt>
      <trkpt lat="9.002959" lon="-79.578595">
        <time>2026-08-06T10:42:29Z</time>
      </trkpt>
      <trkpt lat="9.002958" lon="-79.578575">
        <time>2026-08-06T10:42:30Z</time>
      </trkpt>
      <trkpt lat="9.002956" lon="-79.578558">
        <time>2026-08-06T10:42:31Z</time>
      </trkpt>
      <trkpt lat="9.002954" lon="-79.578540">
        <time>2026-08-06T10:42:32Z</time>
      </trkpt>
      <trkpt lat="9.002951" lon="-79.578523">
        <time>2026-08-06T10:42:33Z</time>
      </trkpt>
      <trkpt lat="9.002948" lon="-79.578504">
        <time>2026-08-06T10:42:34Z</time>
      </trkpt>
      <trkpt lat="9.002948" lon="-79.578487">
        <time>2026-08-06T10:42:35Z</time>
      </trkpt>
      <trkpt lat="9.002948" lon="-79.578469">
        <time>2026-08-06T10:42:36Z</time>
      </trkpt>
      <trkpt lat="9.002943" lon="-79.578452">
        <time>2026-08-06T10:42:37Z</time>
      </trkpt>
      <trkpt lat="9.002941" lon="-79.578433">
        <time>2026-08-06T10:42:38Z</time>
      </trkpt>
      <trkpt lat="9.002937" lon="-79.578414">
        <time>2026-08-06T10:42:39Z</time>
      </trkpt>
      <trkpt lat="9.002930" lon="-79.578393">
        <time>2026-08-06T10:42:40Z</time>
      </trkpt>
      <trkpt lat="9.002921" lon="-79.578372">
        <time>2026-08-06T10:42:41Z</time>
      </trkpt>
      <trkpt lat="9.002914" lon="-79.578353">
        <time>2026-08-06T10:42:42Z</time>
      </trkpt>
      <trkpt lat="9.002909" lon="-79.578330">
        <time>2026-08-06T10:42:43Z</time>
      </trkpt>
      <trkpt lat="9.002903" lon="-79.578308">
        <time>2026-08-06T10:42:44Z</time>
      </trkpt>
      <trkpt lat="9.002898" lon="-79.578291">
        <time>2026-08-06T10:42:45Z</time>
      </trkpt>
      <trkpt lat="9.002893" lon="-79.578272">
        <time>2026-08-06T10:42:46Z</time>
      </trkpt>
      <trkpt lat="9.002888" lon="-79.578253">
        <time>2026-08-06T10:42:47Z</time>
      </trkpt>
      <trkpt lat="9.002884" lon="-79.578232">
        <time>2026-08-06T10:42:48Z</time>
      </trkpt>
      <trkpt lat="9.002879" lon="-79.578211">
        <time>2026-08-06T10:42:49Z</time>
      </trkpt>
      <trkpt lat="9.002873" lon="-79.578189">
        <time>2026-08-06T10:42:50Z</time>
      </trkpt>
      <trkpt lat="9.002868" lon="-79.578166">
        <time>2026-08-06T10:42:51Z</time>
      </trkpt>
      <trkpt lat="9.002858" lon="-79.578145">
        <time>2026-08-06T10:42:52Z</time>
      </trkpt>
      <trkpt lat="9.002846" lon="-79.578126">
        <time>2026-08-06T10:42:53Z</time>
      </trkpt>
      <trkpt lat="9.002834" lon="-79.578106">
        <time>2026-08-06T10:42:54Z</time>
      </trkpt>
      <trkpt lat="9.002823" lon="-79.578084">
        <time>2026-08-06T10:42:55Z</time>
      </trkpt>
      <trkpt lat="9.002810" lon="-79.578065">
        <time>2026-08-06T10:42:56Z</time>
      </trkpt>
      <trkpt lat="9.002798" lon="-79.578046">
        <time>2026-08-06T10:42:57Z</time>
      </trkpt>
      <trkpt lat="9.002783" lon="-79.578026">
        <time>2026-08-06T10:42:58Z</time>
      </trkpt>
      <trkpt lat="9.002770" lon="-79.578004">
        <time>2026-08-06T10:42:59Z</time>
      </trkpt>
      <trkpt lat="9.002756" lon="-79.577987">
        <time>2026-08-06T10:43:00Z</time>
      </trkpt>
      <trkpt lat="9.002739" lon="-79.577968">
        <time>2026-08-06T10:43:01Z</time>
      </trkpt>
      <trkpt lat="9.002724" lon="-79.577950">
        <time>2026-08-06T10:43:02Z</time>
      </trkpt>
      <trkpt lat="9.002706" lon="-79.577935">
        <time>2026-08-06T10:43:03Z</time>
      </trkpt>
      <trkpt lat="9.002688" lon="-79.577920">
        <time>2026-08-06T10:43:04Z</time>
      </trkpt>
      <trkpt lat="9.002671" lon="-79.577906">
        <time>2026-08-06T10:43:05Z</time>
      </trkpt>
      <trkpt lat="9.002657" lon="-79.577888">
        <time>2026-08-06T10:43:06Z</time>
      </trkpt>
      <trkpt lat="9.002640" lon="-79.577874">
        <time>2026-08-06T10:43:07Z</time>
      </trkpt>
      <trkpt lat="9.002623" lon="-79.577862">
        <time>2026-08-06T10:43:08Z</time>
      </trkpt>
      <trkpt lat="9.002605" lon="-79.577849">
        <time>2026-08-06T10:43:09Z</time>
      </trkpt>
      <trkpt lat="9.002587" lon="-79.577835">
        <time>2026-08-06T10:43:10Z</time>
      </trkpt>
      <trkpt lat="9.002574" lon="-79.577820">
        <time>2026-08-06T10:43:11Z</time>
      </trkpt>
      <trkpt lat="9.002557" lon="-79.577804">
        <time>2026-08-06T10:43:12Z</time>
      </trkpt>
      <trkpt lat="9.002536" lon="-79.577788">
        <time>2026-08-06T10:43:13Z</time>
      </trkpt>
      <trkpt lat="9.002515" lon="-79.577770">
        <time>2026-08-06T10:43:14Z</time>
      </trkpt>
      <trkpt lat="9.002494" lon="-79.577754">
        <time>2026-08-06T10:43:15Z</time>
      </trkpt>
      <trkpt lat="9.002475" lon="-79.577738">
        <time>2026-08-06T10:43:16Z</time>
      </trkpt>
      <trkpt lat="9.002459" lon="-79.577722">
        <time>2026-08-06T10:43:17Z</time>
      </trkpt>
      <trkpt lat="9.002443" lon="-79.577705">
        <time>2026-08-06T10:43:18Z</time>
      </trkpt>
      <trkpt lat="9.002429" lon="-79.577688">
        <time>2026-08-06T10:43:19Z</time>
      </trkpt>
      <trkpt lat="9.002413" lon="-79.577673">
        <time>2026-08-06T10:43:20Z</time>
      </trkpt>
      <trkpt lat="9.002392" lon="-79.577658">
        <time>2026-08-06T10:43:21Z</time>
      </trkpt>
      <trkpt lat="9.002374" lon="-79.577641">
        <time>2026-08-06T10:43:22Z</time>
      </trkpt>
      <trkpt lat="9.002354" lon="-79.577626">
        <time>2026-08-06T10:43:23Z</time>
      </trkpt>
      <trkpt lat="9.002333" lon="-79.577609">
        <time>2026-08-06T10:43:24Z</time>
      </trkpt>
      <trkpt lat="9.002314" lon="-79.577593">
        <time>2026-08-06T10:43:25Z</time>
      </trkpt>
      <trkpt lat="9.002293" lon="-79.577581">
        <time>2026-08-06T10:43:26Z</time>
      </trkpt>
      <trkpt lat="9.002275" lon="-79.577568">
        <time>2026-08-06T10:43:27Z</time>
      </trkpt>
      <trkpt lat="9.002257" lon="-79.577555">
        <time>2026-08-06T10:43:28Z</time>
      </trkpt>
      <trkpt lat="9.002238" lon="-79.577543">
        <time>2026-08-06T10:43:29Z</time>
      </trkpt>
      <trkpt lat="9.002219" lon="-79.577529">
        <time>2026-08-06T10:43:30Z</time>
      </trkpt>
      <trkpt lat="9.002200" lon="-79.577517">
        <time>2026-08-06T10:43:31Z</time>
      </trkpt>
      <trkpt lat="9.002183" lon="-79.577503">
        <time>2026-08-06T10:43:32Z</time>
      </trkpt>
      <trkpt lat="9.002165" lon="-79.577489">
        <time>2026-08-06T10:43:33Z</time>
      </trkpt>
      <trkpt lat="9.002145" lon="-79.577477">
        <time>2026-08-06T10:43:34Z</time>
      </trkpt>
      <trkpt lat="9.002123" lon="-79.577463">
        <time>2026-08-06T10:43:35Z</time>
      </trkpt>
      <trkpt lat="9.002100" lon="-79.577451">
        <time>2026-08-06T10:43:36Z</time>
      </trkpt>
      <trkpt lat="9.002074" lon="-79.577439">
        <time>2026-08-06T10:43:37Z</time>
      </trkpt>
      <trkpt lat="9.002053" lon="-79.577427">
        <time>2026-08-06T10:43:38Z</time>
      </trkpt>
      <trkpt lat="9.002035" lon="-79.577414">
        <time>2026-08-06T10:43:39Z</time>
      </trkpt>
      <trkpt lat="9.002016" lon="-79.577402">
        <time>2026-08-06T10:43:40Z</time>
      </trkpt>
      <trkpt lat="9.001996" lon="-79.577390">
        <time>2026-08-06T10:43:41Z</time>
      </trkpt>
      <trkpt lat="9.001979" lon="-79.577379">
        <time>2026-08-06T10:43:42Z</time>
      </trkpt>
      <trkpt lat="9.001961" lon="-79.577369">
        <time>2026-08-06T10:43:43Z</time>
      </trkpt>
      <trkpt lat="9.001943" lon="-79.577359">
        <time>2026-08-06T10:43:44Z</time>
      </trkpt>
      <trkpt lat="9.001920" lon="-79.577350">
        <time>2026-08-06T10:43:45Z</time>
      </trkpt>
      <trkpt lat="9.001899" lon="-79.577336">
        <time>2026-08-06T10:43:46Z</time>
      </trkpt>
      <trkpt lat="9.001880" lon="-79.577323">
        <time>2026-08-06T10:43:47Z</time>
      </trkpt>
      <trkpt lat="9.001858" lon="-79.577310">
        <time>2026-08-06T10:43:48Z</time>
      </trkpt>
      <trkpt lat="9.001837" lon="-79.577297">
        <time>2026-08-06T10:43:49Z</time>
      </trkpt>
      <trkpt lat="9.001817" lon="-79.577284">
        <time>2026-08-06T10:43:50Z</time>
      </trkpt>
      <trkpt lat="9.001794" lon="-79.577272">
        <time>2026-08-06T10:43:51Z</time>
      </trkpt>
      <trkpt lat="9.001774" lon="-79.577259">
        <time>2026-08-06T10:43:52Z</time>
      </trkpt>
      <trkpt lat="9.001753" lon="-79.577248">
        <time>2026-08-06T10:43:53Z</time>
      </trkpt>
      <trkpt lat="9.001732" lon="-79.577237">
        <time>2026-08-06T10:43:54Z</time>
      </trkpt>
      <trkpt lat="9.001712" lon="-79.577226">
        <time>2026-08-06T10:43:55Z</time>
      </trkpt>
      <trkpt lat="9.001692" lon="-79.577213">
        <time>2026-08-06T10:43:56Z</time>
      </trkpt>
      <trkpt lat="9.001670" lon="-79.577200">
        <time>2026-08-06T10:43:57Z</time>
      </trkpt>
      <trkpt lat="9.001649" lon="-79.577185">
        <time>2026-08-06T10:43:58Z</time>
      </trkpt>
      <trkpt lat="9.001627" lon="-79.577171">
        <time>2026-08-06T10:43:59Z</time>
      </trkpt>
      <trkpt lat="9.001609" lon="-79.577160">
        <time>2026-08-06T10:44:00Z</time>
      </trkpt>
      <trkpt lat="9.001593" lon="-79.577146">
        <time>2026-08-06T10:44:01Z</time>
      </trkpt>
      <trkpt lat="9.001575" lon="-79.577131">
        <time>2026-08-06T10:44:02Z</time>
      </trkpt>
      <trkpt lat="9.001556" lon="-79.577120">
        <time>2026-08-06T10:44:03Z</time>
      </trkpt>
      <trkpt lat="9.001533" lon="-79.577109">
        <time>2026-08-06T10:44:04Z</time>
      </trkpt>
      <trkpt lat="9.001507" lon="-79.577099">
        <time>2026-08-06T10:44:05Z</time>
      </trkpt>
      <trkpt lat="9.001482" lon="-79.577086">
        <time>2026-08-06T10:44:06Z</time>
      </trkpt>
      <trkpt lat="9.001457" lon="-79.577073">
        <time>2026-08-06T10:44:07Z</time>
      </trkpt>
      <trkpt lat="9.001432" lon="-79.577063">
        <time>2026-08-06T10:44:08Z</time>
      </trkpt>
      <trkpt lat="9.001409" lon="-79.577052">
        <time>2026-08-06T10:44:09Z</time>
      </trkpt>
      <trkpt lat="9.001386" lon="-79.577042">
        <time>2026-08-06T10:44:10Z</time>
      </trkpt>
      <trkpt lat="9.001362" lon="-79.577030">
        <time>2026-08-06T10:44:11Z</time>
      </trkpt>
      <trkpt lat="9.001339" lon="-79.577020">
        <time>2026-08-06T10:44:12Z</time>
      </trkpt>
      <trkpt lat="9.001318" lon="-79.577013">
        <time>2026-08-06T10:44:13Z</time>
      </trkpt>
      <trkpt lat="9.001297" lon="-79.577005">
        <time>2026-08-06T10:44:14Z</time>
      </trkpt>
      <trkpt lat="9.001275" lon="-79.576998">
        <time>2026-08-06T10:44:15Z</time>
      </trkpt>
      <trkpt lat="9.001253" lon="-79.576991">
        <time>2026-08-06T10:44:16Z</time>
      </trkpt>
      <trkpt lat="9.001230" lon="-79.576984">
        <time>2026-08-06T10:44:17Z</time>
      </trkpt>
      <trkpt lat="9.001205" lon="-79.576978">
        <time>2026-08-06T10:44:18Z</time>
      </trkpt>
      <trkpt lat="9.001178" lon="-79.576973">
        <time>2026-08-06T10:44:19Z</time>
      </trkpt>
      <trkpt lat="9.001155" lon="-79.576967">
        <time>2026-08-06T10:44:20Z</time>
      </trkpt>
      <trkpt lat="9.001131" lon="-79.576963">
        <time>2026-08-06T10:44:21Z</time>
      </trkpt>
      <trkpt lat="9.001104" lon="-79.576958">
        <time>2026-08-06T10:44:22Z</time>
      </trkpt>
      <trkpt lat="9.001079" lon="-79.576955">
        <time>2026-08-06T10:44:23Z</time>
      </trkpt>
      <trkpt lat="9.001054" lon="-79.576949">
        <time>2026-08-06T10:44:24Z</time>
      </trkpt>
      <trkpt lat="9.001030" lon="-79.576943">
        <time>2026-08-06T10:44:25Z</time>
      </trkpt>
      <trkpt lat="9.001006" lon="-79.576940">
        <time>2026-08-06T10:44:26Z</time>
      </trkpt>
      <trkpt lat="9.000982" lon="-79.576937">
        <time>2026-08-06T10:44:27Z</time>
      </trkpt>
      <trkpt lat="9.000959" lon="-79.576934">
        <time>2026-08-06T10:44:28Z</time>
      </trkpt>
      <trkpt lat="9.000933" lon="-79.576933">
        <time>2026-08-06T10:44:29Z</time>
      </trkpt>
      <trkpt lat="9.000908" lon="-79.576932">
        <time>2026-08-06T10:44:30Z</time>
      </trkpt>
      <trkpt lat="9.000884" lon="-79.576929">
        <time>2026-08-06T10:44:31Z</time>
      </trkpt>
      <trkpt lat="9.000859" lon="-79.576928">
        <time>2026-08-06T10:44:32Z</time>
      </trkpt>
      <trkpt lat="9.000834" lon="-79.576927">
        <time>2026-08-06T10:44:33Z</time>
      </trkpt>
      <trkpt lat="9.000811" lon="-79.576923">
        <time>2026-08-06T10:44:34Z</time>
      </trkpt>
      <trkpt lat="9.000786" lon="-79.576919">
        <time>2026-08-06T10:44:35Z</time>
      </trkpt>
      <trkpt lat="9.000761" lon="-79.576919">
        <time>2026-08-06T10:44:36Z</time>
      </trkpt>
      <trkpt lat="9.000736" lon="-79.576915">
        <time>2026-08-06T10:44:37Z</time>
      </trkpt>
      <trkpt lat="9.000713" lon="-79.576914">
        <time>2026-08-06T10:44:38Z</time>
      </trkpt>
      <trkpt lat="9.000688" lon="-79.576916">
        <time>2026-08-06T10:44:39Z</time>
      </trkpt>
      <trkpt lat="9.000663" lon="-79.576919">
        <time>2026-08-06T10:44:40Z</time>
      </trkpt>
      <trkpt lat="9.000641" lon="-79.576921">
        <time>2026-08-06T10:44:41Z</time>
      </trkpt>
      <trkpt lat="9.000617" lon="-79.576924">
        <time>2026-08-06T10:44:42Z</time>
      </trkpt>
      <trkpt lat="9.000591" lon="-79.576930">
        <time>2026-08-06T10:44:43Z</time>
      </trkpt>
      <trkpt lat="9.000567" lon="-79.576936">
        <time>2026-08-06T10:44:44Z</time>
      </trkpt>
      <trkpt lat="9.000542" lon="-79.576943">
        <time>2026-08-06T10:44:45Z</time>
      </trkpt>
      <trkpt lat="9.000515" lon="-79.576951">
        <time>2026-08-06T10:44:46Z</time>
      </trkpt>
      <trkpt lat="9.000489" lon="-79.576960">
        <time>2026-08-06T10:44:47Z</time>
      </trkpt>
      <trkpt lat="9.000461" lon="-79.576964">
        <time>2026-08-06T10:44:48Z</time>
      </trkpt>
      <trkpt lat="9.000434" lon="-79.576973">
        <time>2026-08-06T10:44:49Z</time>
      </trkpt>
      <trkpt lat="9.000409" lon="-79.576984">
        <time>2026-08-06T10:44:50Z</time>
      </trkpt>
      <trkpt lat="9.000385" lon="-79.576994">
        <time>2026-08-06T10:44:51Z</time>
      </trkpt>
      <trkpt lat="9.000364" lon="-79.577004">
        <time>2026-08-06T10:44:52Z</time>
      </trkpt>
      <trkpt lat="9.000340" lon="-79.577016">
        <time>2026-08-06T10:44:53Z</time>
      </trkpt>
      <trkpt lat="9.000316" lon="-79.577027">
        <time>2026-08-06T10:44:54Z</time>
      </trkpt>
      <trkpt lat="9.000298" lon="-79.577036">
        <time>2026-08-06T10:44:55Z</time>
      </trkpt>
      <trkpt lat="9.000274" lon="-79.577048">
        <time>2026-08-06T10:44:56Z</time>
      </trkpt>
      <trkpt lat="9.000251" lon="-79.577058">
        <time>2026-08-06T10:44:57Z</time>
      </trkpt>
      <trkpt lat="9.000228" lon="-79.577071">
        <time>2026-08-06T10:44:58Z</time>
      </trkpt>
      <trkpt lat="9.000209" lon="-79.577083">
        <time>2026-08-06T10:44:59Z</time>
      </trkpt>
      <trkpt lat="9.000185" lon="-79.577093">
        <time>2026-08-06T10:45:00Z</time>
      </trkpt>
      <trkpt lat="9.000163" lon="-79.577105">
        <time>2026-08-06T10:45:01Z</time>
      </trkpt>
      <trkpt lat="9.000144" lon="-79.577118">
        <time>2026-08-06T10:45:02Z</time>
      </trkpt>
      <trkpt lat="9.000123" lon="-79.577129">
        <time>2026-08-06T10:45:03Z</time>
      </trkpt>
      <trkpt lat="9.000101" lon="-79.577144">
        <time>2026-08-06T10:45:04Z</time>
      </trkpt>
      <trkpt lat="9.000082" lon="-79.577159">
        <time>2026-08-06T10:45:05Z</time>
      </trkpt>
      <trkpt lat="9.000061" lon="-79.577169">
        <time>2026-08-06T10:45:06Z</time>
      </trkpt>
      <trkpt lat="9.000040" lon="-79.577182">
        <time>2026-08-06T10:45:07Z</time>
      </trkpt>
      <trkpt lat="9.000017" lon="-79.577194">
        <time>2026-08-06T10:45:08Z</time>
      </trkpt>
      <trkpt lat="8.999993" lon="-79.577210">
        <time>2026-08-06T10:45:09Z</time>
      </trkpt>
      <trkpt lat="8.999972" lon="-79.577225">
        <time>2026-08-06T10:45:10Z</time>
      </trkpt>
      <trkpt lat="8.999953" lon="-79.577240">
        <time>2026-08-06T10:45:11Z</time>
      </trkpt>
      <trkpt lat="8.999932" lon="-79.577255">
        <time>2026-08-06T10:45:12Z</time>
      </trkpt>
      <trkpt lat="8.999911" lon="-79.577271">
        <time>2026-08-06T10:45:13Z</time>
      </trkpt>
      <trkpt lat="8.999888" lon="-79.577288">
        <time>2026-08-06T10:45:14Z</time>
      </trkpt>
      <trkpt lat="8.999871" lon="-79.577303">
        <time>2026-08-06T10:45:15Z</time>
      </trkpt>
      <trkpt lat="8.999854" lon="-79.577321">
        <time>2026-08-06T10:45:16Z</time>
      </trkpt>
      <trkpt lat="8.999835" lon="-79.577339">
        <time>2026-08-06T10:45:17Z</time>
      </trkpt>
      <trkpt lat="8.999821" lon="-79.577355">
        <time>2026-08-06T10:45:18Z</time>
      </trkpt>
      <trkpt lat="8.999804" lon="-79.577370">
        <time>2026-08-06T10:45:19Z</time>
      </trkpt>
      <trkpt lat="8.999785" lon="-79.577383">
        <time>2026-08-06T10:45:20Z</time>
      </trkpt>
      <trkpt lat="8.999765" lon="-79.577397">
        <time>2026-08-06T10:45:21Z</time>
      </trkpt>
      <trkpt lat="8.999747" lon="-79.577413">
        <time>2026-08-06T10:45:22Z</time>
      </trkpt>
      <trkpt lat="8.999727" lon="-79.577427">
        <time>2026-08-06T10:45:23Z</time>
      </trkpt>
      <trkpt lat="8.999703" lon="-79.577443">
        <time>2026-08-06T10:45:24Z</time>
      </trkpt>
      <trkpt lat="8.999682" lon="-79.577454">
        <time>2026-08-06T10:45:25Z</time>
      </trkpt>
      <trkpt lat="8.999662" lon="-79.577468">
        <time>2026-08-06T10:45:26Z</time>
      </trkpt>
      <trkpt lat="8.999644" lon="-79.577485">
        <time>2026-08-06T10:45:27Z</time>
      </trkpt>
      <trkpt lat="8.999626" lon="-79.577499">
        <time>2026-08-06T10:45:28Z</time>
      </trkpt>
      <trkpt lat="8.999608" lon="-79.577517">
        <time>2026-08-06T10:45:29Z</time>
      </trkpt>
      <trkpt lat="8.999590" lon="-79.577533">
        <time>2026-08-06T10:45:30Z</time>
      </trkpt>
      <trkpt lat="8.999571" lon="-79.577547">
        <time>2026-08-06T10:45:31Z</time>
      </trkpt>
      <trkpt lat="8.999552" lon="-79.577563">
        <time>2026-08-06T10:45:32Z</time>
      </trkpt>
      <trkpt lat="8.999531" lon="-79.577576">
        <time>2026-08-06T10:45:33Z</time>
      </trkpt>
      <trkpt lat="8.999511" lon="-79.577591">
        <time>2026-08-06T10:45:34Z</time>
      </trkpt>
      <trkpt lat="8.999492" lon="-79.577605">
        <time>2026-08-06T10:45:35Z</time>
      </trkpt>
      <trkpt lat="8.999475" lon="-79.577620">
        <time>2026-08-06T10:45:36Z</time>
      </trkpt>
      <trkpt lat="8.999458" lon="-79.577635">
        <time>2026-08-06T10:45:37Z</time>
      </trkpt>
      <trkpt lat="8.999439" lon="-79.577648">
        <time>2026-08-06T10:45:38Z</time>
      </trkpt>
      <trkpt lat="8.999420" lon="-79.577661">
        <time>2026-08-06T10:45:39Z</time>
      </trkpt>
      <trkpt lat="8.999402" lon="-79.577677">
        <time>2026-08-06T10:45:40Z</time>
      </trkpt>
      <trkpt lat="8.999386" lon="-79.577689">
        <time>2026-08-06T10:45:41Z</time>
      </trkpt>
      <trkpt lat="8.999368" lon="-79.577703">
        <time>2026-08-06T10:45:42Z</time>
      </trkpt>
      <trkpt lat="8.999349" lon="-79.577717">
        <time>2026-08-06T10:45:43Z</time>
      </trkpt>
      <trkpt lat="8.999331" lon="-79.577731">
        <time>2026-08-06T10:45:44Z</time>
      </trkpt>
      <trkpt lat="8.999311" lon="-79.577745">
        <time>2026-08-06T10:45:45Z</time>
      </trkpt>
      <trkpt lat="8.999293" lon="-79.577759">
        <time>2026-08-06T10:45:46Z</time>
      </trkpt>
      <trkpt lat="8.999276" lon="-79.577775">
        <time>2026-08-06T10:45:47Z</time>
      </trkpt>
      <trkpt lat="8.999258" lon="-79.577789">
        <time>2026-08-06T10:45:48Z</time>
      </trkpt>
      <trkpt lat="8.999241" lon="-79.577802">
        <time>2026-08-06T10:45:49Z</time>
      </trkpt>
      <trkpt lat="8.999222" lon="-79.577817">
        <time>2026-08-06T10:45:50Z</time>
      </trkpt>
      <trkpt lat="8.999203" lon="-79.577831">
        <time>2026-08-06T10:45:51Z</time>
      </trkpt>
      <trkpt lat="8.999184" lon="-79.577846">
        <time>2026-08-06T10:45:52Z</time>
      </trkpt>
      <trkpt lat="8.999165" lon="-79.577861">
        <time>2026-08-06T10:45:53Z</time>
      </trkpt>
      <trkpt lat="8.999144" lon="-79.577874">
        <time>2026-08-06T10:45:54Z</time>
      </trkpt>
      <trkpt lat="8.999125" lon="-79.577888">
        <time>2026-08-06T10:45:55Z</time>
      </trkpt>
      <trkpt lat="8.999105" lon="-79.577902">
        <time>2026-08-06T10:45:56Z</time>
      </trkpt>
      <trkpt lat="8.999085" lon="-79.577917">
        <time>2026-08-06T10:45:57Z</time>
      </trkpt>
      <trkpt lat="8.999064" lon="-79.577931">
        <time>2026-08-06T10:45:58Z</time>
      </trkpt>
      <trkpt lat="8.999046" lon="-79.577943">
        <time>2026-08-06T10:45:59Z</time>
      </trkpt>
      <trkpt lat="8.999025" lon="-79.577960">
        <time>2026-08-06T10:46:00Z</time>
      </trkpt>
      <trkpt lat="8.999005" lon="-79.577973">
        <time>2026-08-06T10:46:01Z</time>
      </trkpt>
      <trkpt lat="8.998985" lon="-79.577987">
        <time>2026-08-06T10:46:02Z</time>
      </trkpt>
      <trkpt lat="8.998965" lon="-79.577999">
        <time>2026-08-06T10:46:03Z</time>
      </trkpt>
      <trkpt lat="8.998947" lon="-79.578011">
        <time>2026-08-06T10:46:04Z</time>
      </trkpt>
      <trkpt lat="8.998927" lon="-79.578025">
        <time>2026-08-06T10:46:05Z</time>
      </trkpt>
      <trkpt lat="8.998909" lon="-79.578037">
        <time>2026-08-06T10:46:06Z</time>
      </trkpt>
      <trkpt lat="8.998890" lon="-79.578050">
        <time>2026-08-06T10:46:07Z</time>
      </trkpt>
      <trkpt lat="8.998874" lon="-79.578069">
        <time>2026-08-06T10:46:08Z</time>
      </trkpt>
      <trkpt lat="8.998855" lon="-79.578084">
        <time>2026-08-06T10:46:09Z</time>
      </trkpt>
      <trkpt lat="8.998835" lon="-79.578100">
        <time>2026-08-06T10:46:10Z</time>
      </trkpt>
      <trkpt lat="8.998815" lon="-79.578112">
        <time>2026-08-06T10:46:11Z</time>
      </trkpt>
      <trkpt lat="8.998795" lon="-79.578128">
        <time>2026-08-06T10:46:12Z</time>
      </trkpt>
      <trkpt lat="8.998777" lon="-79.578145">
        <time>2026-08-06T10:46:13Z</time>
      </trkpt>
      <trkpt lat="8.998759" lon="-79.578159">
        <time>2026-08-06T10:46:14Z</time>
      </trkpt>
      <trkpt lat="8.998739" lon="-79.578176">
        <time>2026-08-06T10:46:15Z</time>
      </trkpt>
      <trkpt lat="8.998719" lon="-79.578190">
        <time>2026-08-06T10:46:16Z</time>
      </trkpt>
      <trkpt lat="8.998699" lon="-79.578206">
        <time>2026-08-06T10:46:17Z</time>
      </trkpt>
      <trkpt lat="8.998678" lon="-79.578223">
        <time>2026-08-06T10:46:18Z</time>
      </trkpt>
      <trkpt lat="8.998661" lon="-79.578236">
        <time>2026-08-06T10:46:19Z</time>
      </trkpt>
      <trkpt lat="8.998641" lon="-79.578251">
        <time>2026-08-06T10:46:20Z</time>
      </trkpt>
      <trkpt lat="8.998623" lon="-79.578266">
        <time>2026-08-06T10:46:21Z</time>
      </trkpt>
      <trkpt lat="8.998604" lon="-79.578280">
        <time>2026-08-06T10:46:22Z</time>
      </trkpt>
      <trkpt lat="8.998584" lon="-79.578296">
        <time>2026-08-06T10:46:23Z</time>
      </trkpt>
      <trkpt lat="8.998564" lon="-79.578307">
        <time>2026-08-06T10:46:24Z</time>
      </trkpt>
      <trkpt lat="8.998545" lon="-79.578319">
        <time>2026-08-06T10:46:25Z</time>
      </trkpt>
      <trkpt lat="8.998525" lon="-79.578332">
        <time>2026-08-06T10:46:26Z</time>
      </trkpt>
      <trkpt lat="8.998507" lon="-79.578342">
        <time>2026-08-06T10:46:27Z</time>
      </trkpt>
      <trkpt lat="8.998488" lon="-79.578354">
        <time>2026-08-06T10:46:28Z</time>
      </trkpt>
      <trkpt lat="8.998470" lon="-79.578363">
        <time>2026-08-06T10:46:29Z</time>
      </trkpt>
      <trkpt lat="8.998451" lon="-79.578369">
        <time>2026-08-06T10:46:30Z</time>
      </trkpt>
      <trkpt lat="8.998428" lon="-79.578380">
        <time>2026-08-06T10:46:31Z</time>
      </trkpt>
      <trkpt lat="8.998406" lon="-79.578388">
        <time>2026-08-06T10:46:32Z</time>
      </trkpt>
      <trkpt lat="8.998383" lon="-79.578393">
        <time>2026-08-06T10:46:33Z</time>
      </trkpt>
      <trkpt lat="8.998362" lon="-79.578400">
        <time>2026-08-06T10:46:34Z</time>
      </trkpt>
      <trkpt lat="8.998342" lon="-79.578406">
        <time>2026-08-06T10:46:35Z</time>
      </trkpt>
      <trkpt lat="8.998319" lon="-79.578412">
        <time>2026-08-06T10:46:36Z</time>
      </trkpt>
      <trkpt lat="8.998300" lon="-79.578416">
        <time>2026-08-06T10:46:37Z</time>
      </trkpt>
      <trkpt lat="8.998275" lon="-79.578420">
        <time>2026-08-06T10:46:38Z</time>
      </trkpt>
      <trkpt lat="8.998250" lon="-79.578425">
        <time>2026-08-06T10:46:39Z</time>
      </trkpt>
      <trkpt lat="8.998229" lon="-79.578430">
        <time>2026-08-06T10:46:40Z</time>
      </trkpt>
      <trkpt lat="8.998207" lon="-79.578434">
        <time>2026-08-06T10:46:41Z</time>
      </trkpt>
      <trkpt lat="8.998185" lon="-79.578439">
        <time>2026-08-06T10:46:42Z</time>
      </trkpt>
      <trkpt lat="8.998163" lon="-79.578443">
        <time>2026-08-06T10:46:43Z</time>
      </trkpt>
      <trkpt lat="8.998141" lon="-79.578448">
        <time>2026-08-06T10:46:44Z</time>
      </trkpt>
      <trkpt lat="8.998119" lon="-79.578451">
        <time>2026-08-06T10:46:45Z</time>
      </trkpt>
      <trkpt lat="8.998096" lon="-79.578453">
        <time>2026-08-06T10:46:46Z</time>
      </trkpt>
      <trkpt lat="8.998073" lon="-79.578457">
        <time>2026-08-06T10:46:47Z</time>
      </trkpt>
      <trkpt lat="8.998052" lon="-79.578461">
        <time>2026-08-06T10:46:48Z</time>
      </trkpt>
      <trkpt lat="8.998032" lon="-79.578465">
        <time>2026-08-06T10:46:49Z</time>
      </trkpt>
      <trkpt lat="8.998013" lon="-79.578472">
        <time>2026-08-06T10:46:50Z</time>
      </trkpt>
      <trkpt lat="8.997992" lon="-79.578475">
        <time>2026-08-06T10:46:51Z</time>
      </trkpt>
      <trkpt lat="8.997972" lon="-79.578476">
        <time>2026-08-06T10:46:52Z</time>
      </trkpt>
      <trkpt lat="8.997954" lon="-79.578477">
        <time>2026-08-06T10:46:53Z</time>
      </trkpt>
      <trkpt lat="8.997934" lon="-79.578474">
        <time>2026-08-06T10:46:54Z</time>
      </trkpt>
      <trkpt lat="8.997911" lon="-79.578479">
        <time>2026-08-06T10:46:55Z</time>
      </trkpt>
      <trkpt lat="8.997887" lon="-79.578484">
        <time>2026-08-06T10:46:56Z</time>
      </trkpt>
      <trkpt lat="8.997864" lon="-79.578489">
        <time>2026-08-06T10:46:57Z</time>
      </trkpt>
      <trkpt lat="8.997839" lon="-79.578494">
        <time>2026-08-06T10:46:58Z</time>
      </trkpt>
      <trkpt lat="8.997813" lon="-79.578501">
        <time>2026-08-06T10:46:59Z</time>
      </trkpt>
      <trkpt lat="8.997790" lon="-79.578507">
        <time>2026-08-06T10:47:00Z</time>
      </trkpt>
      <trkpt lat="8.997767" lon="-79.578512">
        <time>2026-08-06T10:47:01Z</time>
      </trkpt>
      <trkpt lat="8.997744" lon="-79.578514">
        <time>2026-08-06T10:47:02Z</time>
      </trkpt>
      <trkpt lat="8.997725" lon="-79.578509">
        <time>2026-08-06T10:47:03Z</time>
      </trkpt>
      <trkpt lat="8.997706" lon="-79.578497">
        <time>2026-08-06T10:47:04Z</time>
      </trkpt>
      <trkpt lat="8.997690" lon="-79.578481">
        <time>2026-08-06T10:47:05Z</time>
      </trkpt>
      <trkpt lat="8.997679" lon="-79.578465">
        <time>2026-08-06T10:47:06Z</time>
      </trkpt>
      <trkpt lat="8.997665" lon="-79.578448">
        <time>2026-08-06T10:47:07Z</time>
      </trkpt>
      <trkpt lat="8.997653" lon="-79.578431">
        <time>2026-08-06T10:47:08Z</time>
      </trkpt>
      <trkpt lat="8.997641" lon="-79.578415">
        <time>2026-08-06T10:47:09Z</time>
      </trkpt>
      <trkpt lat="8.997628" lon="-79.578396">
        <time>2026-08-06T10:47:10Z</time>
      </trkpt>
      <trkpt lat="8.997620" lon="-79.578377">
        <time>2026-08-06T10:47:11Z</time>
      </trkpt>
      <trkpt lat="8.997617" lon="-79.578359">
        <time>2026-08-06T10:47:12Z</time>
      </trkpt>
      <trkpt lat="8.997620" lon="-79.578343">
        <time>2026-08-06T10:47:13Z</time>
      </trkpt>
      <trkpt lat="8.997635" lon="-79.578333">
        <time>2026-08-06T10:47:14Z</time>
      </trkpt>
      <trkpt lat="8.997655" lon="-79.578320">
        <time>2026-08-06T10:47:15Z</time>
      </trkpt>
      <trkpt lat="8.997673" lon="-79.578306">
        <time>2026-08-06T10:47:16Z</time>
      </trkpt>
      <trkpt lat="8.997692" lon="-79.578296">
        <time>2026-08-06T10:47:17Z</time>
      </trkpt>
      <trkpt lat="8.997712" lon="-79.578283">
        <time>2026-08-06T10:47:18Z</time>
      </trkpt>
      <trkpt lat="8.997732" lon="-79.578271">
        <time>2026-08-06T10:47:19Z</time>
      </trkpt>
      <trkpt lat="8.997751" lon="-79.578259">
        <time>2026-08-06T10:47:20Z</time>
      </trkpt>
      <trkpt lat="8.997768" lon="-79.578245">
        <time>2026-08-06T10:47:21Z</time>
      </trkpt>
      <trkpt lat="8.997784" lon="-79.578231">
        <time>2026-08-06T10:47:22Z</time>
      </trkpt>
      <trkpt lat="8.997802" lon="-79.578217">
        <time>2026-08-06T10:47:23Z</time>
      </trkpt>
      <trkpt lat="8.997820" lon="-79.578204">
        <time>2026-08-06T10:47:24Z</time>
      </trkpt>
      <trkpt lat="8.997838" lon="-79.578191">
        <time>2026-08-06T10:47:25Z</time>
      </trkpt>
      <trkpt lat="8.997855" lon="-79.578179">
        <time>2026-08-06T10:47:26Z</time>
      </trkpt>
      <trkpt lat="8.997872" lon="-79.578167">
        <time>2026-08-06T10:47:27Z</time>
      </trkpt>
      <trkpt lat="8.997892" lon="-79.578156">
        <time>2026-08-06T10:47:28Z</time>
      </trkpt>
      <trkpt lat="8.997906" lon="-79.578144">
        <time>2026-08-06T10:47:29Z</time>
      </trkpt>
      <trkpt lat="8.997923" lon="-79.578129">
        <time>2026-08-06T10:47:30Z</time>
      </trkpt>
      <trkpt lat="8.997941" lon="-79.578115">
        <time>2026-08-06T10:47:31Z</time>
      </trkpt>
      <trkpt lat="8.997961" lon="-79.578102">
        <time>2026-08-06T10:47:32Z</time>
      </trkpt>
      <trkpt lat="8.997980" lon="-79.578087">
        <time>2026-08-06T10:47:33Z</time>
      </trkpt>
      <trkpt lat="8.997997" lon="-79.578074">
        <time>2026-08-06T10:47:34Z</time>
      </trkpt>
      <trkpt lat="8.998015" lon="-79.578060">
        <time>2026-08-06T10:47:35Z</time>
      </trkpt>
      <trkpt lat="8.998034" lon="-79.578045">
        <time>2026-08-06T10:47:36Z</time>
      </trkpt>
      <trkpt lat="8.998053" lon="-79.578033">
        <time>2026-08-06T10:47:37Z</time>
      </trkpt>
      <trkpt lat="8.998071" lon="-79.578019">
        <time>2026-08-06T10:47:38Z</time>
      </trkpt>
      <trkpt lat="8.998091" lon="-79.578004">
        <time>2026-08-06T10:47:39Z</time>
      </trkpt>
      <trkpt lat="8.998111" lon="-79.577991">
        <time>2026-08-06T10:47:40Z</time>
      </trkpt>
      <trkpt lat="8.998130" lon="-79.577976">
        <time>2026-08-06T10:47:41Z</time>
      </trkpt>
      <trkpt lat="8.998148" lon="-79.577964">
        <time>2026-08-06T10:47:42Z</time>
      </trkpt>
      <trkpt lat="8.998166" lon="-79.577952">
        <time>2026-08-06T10:47:43Z</time>
      </trkpt>
      <trkpt lat="8.998184" lon="-79.577940">
        <time>2026-08-06T10:47:44Z</time>
      </trkpt>
      <trkpt lat="8.998202" lon="-79.577929">
        <time>2026-08-06T10:47:45Z</time>
      </trkpt>
      <trkpt lat="8.998221" lon="-79.577915">
        <time>2026-08-06T10:47:46Z</time>
      </trkpt>
      <trkpt lat="8.998240" lon="-79.577902">
        <time>2026-08-06T10:47:47Z</time>
      </trkpt>
      <trkpt lat="8.998259" lon="-79.577889">
        <time>2026-08-06T10:47:48Z</time>
      </trkpt>
      <trkpt lat="8.998279" lon="-79.577876">
        <time>2026-08-06T10:47:49Z</time>
      </trkpt>
      <trkpt lat="8.998300" lon="-79.577862">
        <time>2026-08-06T10:47:50Z</time>
      </trkpt>
      <trkpt lat="8.998318" lon="-79.577847">
        <time>2026-08-06T10:47:51Z</time>
      </trkpt>
      <trkpt lat="8.998337" lon="-79.577833">
        <time>2026-08-06T10:47:52Z</time>
      </trkpt>
      <trkpt lat="8.998357" lon="-79.577820">
        <time>2026-08-06T10:47:53Z</time>
      </trkpt>
      <trkpt lat="8.998376" lon="-79.577806">
        <time>2026-08-06T10:47:54Z</time>
      </trkpt>
      <trkpt lat="8.998394" lon="-79.577794">
        <time>2026-08-06T10:47:55Z</time>
      </trkpt>
      <trkpt lat="8.998409" lon="-79.577781">
        <time>2026-08-06T10:47:56Z</time>
      </trkpt>
      <trkpt lat="8.998426" lon="-79.577765">
        <time>2026-08-06T10:47:57Z</time>
      </trkpt>
      <trkpt lat="8.998440" lon="-79.577752">
        <time>2026-08-06T10:47:58Z</time>
      </trkpt>
      <trkpt lat="8.998458" lon="-79.577738">
        <time>2026-08-06T10:47:59Z</time>
      </trkpt>
      <trkpt lat="8.998473" lon="-79.577724">
        <time>2026-08-06T10:48:00Z</time>
      </trkpt>
      <trkpt lat="8.998488" lon="-79.577714">
        <time>2026-08-06T10:48:01Z</time>
      </trkpt>
      <trkpt lat="8.998512" lon="-79.577698">
        <time>2026-08-06T10:48:02Z</time>
      </trkpt>
      <trkpt lat="8.998533" lon="-79.577682">
        <time>2026-08-06T10:48:03Z</time>
      </trkpt>
      <trkpt lat="8.998550" lon="-79.577670">
        <time>2026-08-06T10:48:04Z</time>
      </trkpt>
      <trkpt lat="8.998570" lon="-79.577660">
        <time>2026-08-06T10:48:05Z</time>
      </trkpt>
      <trkpt lat="8.998589" lon="-79.577649">
        <time>2026-08-06T10:48:06Z</time>
      </trkpt>
      <trkpt lat="8.998608" lon="-79.577634">
        <time>2026-08-06T10:48:07Z</time>
      </trkpt>
      <trkpt lat="8.998628" lon="-79.577619">
        <time>2026-08-06T10:48:08Z</time>
      </trkpt>
      <trkpt lat="8.998647" lon="-79.577608">
        <time>2026-08-06T10:48:09Z</time>
      </trkpt>
      <trkpt lat="8.998666" lon="-79.577595">
        <time>2026-08-06T10:48:10Z</time>
      </trkpt>
      <trkpt lat="8.998684" lon="-79.577582">
        <time>2026-08-06T10:48:11Z</time>
      </trkpt>
      <trkpt lat="8.998702" lon="-79.577568">
        <time>2026-08-06T10:48:12Z</time>
      </trkpt>
      <trkpt lat="8.998720" lon="-79.577554">
        <time>2026-08-06T10:48:13Z</time>
      </trkpt>
      <trkpt lat="8.998738" lon="-79.577541">
        <time>2026-08-06T10:48:14Z</time>
      </trkpt>
      <trkpt lat="8.998758" lon="-79.577527">
        <time>2026-08-06T10:48:15Z</time>
      </trkpt>
      <trkpt lat="8.998774" lon="-79.577515">
        <time>2026-08-06T10:48:16Z</time>
      </trkpt>
      <trkpt lat="8.998790" lon="-79.577501">
        <time>2026-08-06T10:48:17Z</time>
      </trkpt>
      <trkpt lat="8.998807" lon="-79.577487">
        <time>2026-08-06T10:48:18Z</time>
      </trkpt>
      <trkpt lat="8.998826" lon="-79.577472">
        <time>2026-08-06T10:48:19Z</time>
      </trkpt>
      <trkpt lat="8.998843" lon="-79.577457">
        <time>2026-08-06T10:48:20Z</time>
      </trkpt>
      <trkpt lat="8.998863" lon="-79.577443">
        <time>2026-08-06T10:48:21Z</time>
      </trkpt>
      <trkpt lat="8.998881" lon="-79.577429">
        <time>2026-08-06T10:48:22Z</time>
      </trkpt>
      <trkpt lat="8.998897" lon="-79.577416">
        <time>2026-08-06T10:48:23Z</time>
      </trkpt>
      <trkpt lat="8.998917" lon="-79.577403">
        <time>2026-08-06T10:48:24Z</time>
      </trkpt>
      <trkpt lat="8.998937" lon="-79.577391">
        <time>2026-08-06T10:48:25Z</time>
      </trkpt>
      <trkpt lat="8.998957" lon="-79.577379">
        <time>2026-08-06T10:48:26Z</time>
      </trkpt>
      <trkpt lat="8.998976" lon="-79.577366">
        <time>2026-08-06T10:48:27Z</time>
      </trkpt>
      <trkpt lat="8.998995" lon="-79.577353">
        <time>2026-08-06T10:48:28Z</time>
      </trkpt>
      <trkpt lat="8.999013" lon="-79.577339">
        <time>2026-08-06T10:48:29Z</time>
      </trkpt>
      <trkpt lat="8.999031" lon="-79.577326">
        <time>2026-08-06T10:48:30Z</time>
      </trkpt>
      <trkpt lat="8.999050" lon="-79.577314">
        <time>2026-08-06T10:48:31Z</time>
      </trkpt>
      <trkpt lat="8.999068" lon="-79.577302">
        <time>2026-08-06T10:48:32Z</time>
      </trkpt>
      <trkpt lat="8.999084" lon="-79.577291">
        <time>2026-08-06T10:48:33Z</time>
      </trkpt>
      <trkpt lat="8.999101" lon="-79.577279">
        <time>2026-08-06T10:48:34Z</time>
      </trkpt>
      <trkpt lat="8.999123" lon="-79.577265">
        <time>2026-08-06T10:48:35Z</time>
      </trkpt>
      <trkpt lat="8.999142" lon="-79.577251">
        <time>2026-08-06T10:48:36Z</time>
      </trkpt>
      <trkpt lat="8.999161" lon="-79.577234">
        <time>2026-08-06T10:48:37Z</time>
      </trkpt>
      <trkpt lat="8.999182" lon="-79.577219">
        <time>2026-08-06T10:48:38Z</time>
      </trkpt>
      <trkpt lat="8.999200" lon="-79.577204">
        <time>2026-08-06T10:48:39Z</time>
      </trkpt>
      <trkpt lat="8.999219" lon="-79.577189">
        <time>2026-08-06T10:48:40Z</time>
      </trkpt>
      <trkpt lat="8.999241" lon="-79.577175">
        <time>2026-08-06T10:48:41Z</time>
      </trkpt>
      <trkpt lat="8.999262" lon="-79.577162">
        <time>2026-08-06T10:48:42Z</time>
      </trkpt>
      <trkpt lat="8.999282" lon="-79.577146">
        <time>2026-08-06T10:48:43Z</time>
      </trkpt>
      <trkpt lat="8.999302" lon="-79.577133">
        <time>2026-08-06T10:48:44Z</time>
      </trkpt>
      <trkpt lat="8.999323" lon="-79.577119">
        <time>2026-08-06T10:48:45Z</time>
      </trkpt>
      <trkpt lat="8.999342" lon="-79.577105">
        <time>2026-08-06T10:48:46Z</time>
      </trkpt>
      <trkpt lat="8.999363" lon="-79.577092">
        <time>2026-08-06T10:48:47Z</time>
      </trkpt>
      <trkpt lat="8.999383" lon="-79.577079">
        <time>2026-08-06T10:48:48Z</time>
      </trkpt>
      <trkpt lat="8.999403" lon="-79.577066">
        <time>2026-08-06T10:48:49Z</time>
      </trkpt>
      <trkpt lat="8.999422" lon="-79.577051">
        <time>2026-08-06T10:48:50Z</time>
      </trkpt>
      <trkpt lat="8.999443" lon="-79.577034">
        <time>2026-08-06T10:48:51Z</time>
      </trkpt>
      <trkpt lat="8.999461" lon="-79.577022">
        <time>2026-08-06T10:48:52Z</time>
      </trkpt>
      <trkpt lat="8.999481" lon="-79.577009">
        <time>2026-08-06T10:48:53Z</time>
      </trkpt>
      <trkpt lat="8.999500" lon="-79.576995">
        <time>2026-08-06T10:48:54Z</time>
      </trkpt>
      <trkpt lat="8.999518" lon="-79.576980">
        <time>2026-08-06T10:48:55Z</time>
      </trkpt>
      <trkpt lat="8.999538" lon="-79.576964">
        <time>2026-08-06T10:48:56Z</time>
      </trkpt>
      <trkpt lat="8.999557" lon="-79.576951">
        <time>2026-08-06T10:48:57Z</time>
      </trkpt>
      <trkpt lat="8.999575" lon="-79.576934">
        <time>2026-08-06T10:48:58Z</time>
      </trkpt>
      <trkpt lat="8.999595" lon="-79.576917">
        <time>2026-08-06T10:48:59Z</time>
      </trkpt>
      <trkpt lat="8.999614" lon="-79.576903">
        <time>2026-08-06T10:49:00Z</time>
      </trkpt>
      <trkpt lat="8.999635" lon="-79.576886">
        <time>2026-08-06T10:49:01Z</time>
      </trkpt>
      <trkpt lat="8.999654" lon="-79.576872">
        <time>2026-08-06T10:49:02Z</time>
      </trkpt>
      <trkpt lat="8.999676" lon="-79.576857">
        <time>2026-08-06T10:49:03Z</time>
      </trkpt>
      <trkpt lat="8.999698" lon="-79.576843">
        <time>2026-08-06T10:49:04Z</time>
      </trkpt>
      <trkpt lat="8.999719" lon="-79.576829">
        <time>2026-08-06T10:49:05Z</time>
      </trkpt>
      <trkpt lat="8.999739" lon="-79.576814">
        <time>2026-08-06T10:49:06Z</time>
      </trkpt>
      <trkpt lat="8.999760" lon="-79.576799">
        <time>2026-08-06T10:49:07Z</time>
      </trkpt>
      <trkpt lat="8.999780" lon="-79.576785">
        <time>2026-08-06T10:49:08Z</time>
      </trkpt>
      <trkpt lat="8.999800" lon="-79.576772">
        <time>2026-08-06T10:49:09Z</time>
      </trkpt>
      <trkpt lat="8.999819" lon="-79.576760">
        <time>2026-08-06T10:49:10Z</time>
      </trkpt>
      <trkpt lat="8.999832" lon="-79.576748">
        <time>2026-08-06T10:49:11Z</time>
      </trkpt>
      <trkpt lat="8.999841" lon="-79.576737">
        <time>2026-08-06T10:49:12Z</time>
      </trkpt>
      <trkpt lat="8.999851" lon="-79.576727">
        <time>2026-08-06T10:49:13Z</time>
      </trkpt>
    </trkseg>
  </trk>
</gpx>
