<?xml version="1.0" encoding="UTF-8"?>
<gpx version="1.1" creator="FitFilter" xmlns="http://www.topografix.com/GPX/1/1" xmlns:xsi="http://www.w3.org/2001/XMLSchema-instance" xsi:schemaLocation="http://www.topografix.com/GPX/1/1 http://www.topografix.com/GPX/1/1/gpx.xsd">
  <metadata>
    <time>2026-08-08T13:18:22Z</time>
  </metadata>
  <trk>
    <name>Hiking - 2026-08-08 13:18</name>
    <type>hiking</type>
    <trkseg>
      <trkpt lat="9.500867" lon="-79.682617">
        <time>2026-08-08T13:18:26Z</time>
      </trkpt>
      <trkpt lat="9.500860" lon="-79.682620">
        <time>2026-08-08T13:18:28Z</time>
      </trkpt>
      <trkpt lat="9.500849" lon="-79.682642">
        <time>2026-08-08T13:18:37Z</time>
      </trkpt>
      <trkpt lat="9.500868" lon="-79.682667">
        <time>2026-08-08T13:18:43Z</time>
      </trkpt>
      <trkpt lat="9.500891" lon="-79.682675">
        <time>2026-08-08T13:18:49Z</time>
      </trkpt>
      <trkpt lat="9.500946" lon="-79.682665">
        <time>2026-08-08T13:18:55Z</time>
      </trkpt>
      <trkpt lat="9.500965" lon="-79.682664">
        <time>2026-08-08T13:19:00Z</time>
      </trkpt>
      <trkpt lat="9.500993" lon="-79.682669">
        <time>2026-08-08T13:19:04Z</time>
      </trkpt>
      <trkpt lat="9.501030" lon="-79.682692">
        <time>2026-08-08T13:19:08Z</time>
      </trkpt>
      <trkpt lat="9.501050" lon="-79.682701">
        <time>2026-08-08T13:19:10Z</time>
      </trkpt>
      <trkpt lat="9.501076" lon="-79.682705">
        <time>2026-08-08T13:19:12Z</time>
      </trkpt>
      <trkpt lat="9.501117" lon="-79.682702">
        <time>2026-08-08T13:19:16Z</time>
      </trkpt>
      <trkpt lat="9.501218" lon="-79.682710">
        <time>2026-08-08T13:19:25Z</time>
      </trkpt>
      <trkpt lat="9.501256" lon="-79.682713">
        <time>2026-08-08T13:19:28Z</time>
      </trkpt>
      <trkpt lat="9.501301" lon="-79.682683">
        <time>2026-08-08T13:19:33Z</time>
      </trkpt>
      <trkpt lat="9.501297" lon="-79.682619">
        <time>2026-08-08T13:19:38Z</time>
      </trkpt>
      <trkpt lat="9.501295" lon="-79.682581">
        <time>2026-08-08T13:19:41Z</time>
      </trkpt>
      <trkpt lat="9.501320" lon="-79.682523">
        <time>2026-08-08T13:19:47Z</time>
      </trkpt>
      <trkpt lat="9.501326" lon="-79.682522">
        <time>2026-08-08T13:19:48Z</time>
      </trkpt>
      <trkpt lat="9.501367" lon="-79.682507">
        <time>2026-08-08T13:19:54Z</time>
      </trkpt>
      <trkpt lat="9.501418" lon="-79.682497">
        <time>2026-08-08T13:19:59Z</time>
      </trkpt>
      <trkpt lat="9.501429" lon="-79.682475">
        <time>2026-08-08T13:20:01Z</time>
      </trkpt>
      <trkpt lat="9.501438" lon="-79.682401">
        <time>2026-08-08T13:20:08Z</time>
      </trkpt>
      <trkpt lat="9.501469" lon="-79.682348">
        <time>2026-08-08T13:20:15Z</time>
      </trkpt>
      <trkpt lat="9.501477" lon="-79.682343">
        <time>2026-08-08T13:20:16Z</time>
      </trkpt>
      <trkpt lat="9.501486" lon="-79.682342">
        <time>2026-08-08T13:20:17Z</time>
      </trkpt>
      <trkpt lat="9.501504" lon="-79.682325">
        <time>2026-08-08T13:20:22Z</time>
      </trkpt>
      <trkpt lat="9.501514" lon="-79.682304">
        <time>2026-08-08T13:20:26Z</time>
      </trkpt>
      <trkpt lat="9.501513" lon="-79.682292">
        <time>2026-08-08T13:20:28Z</time>
      </trkpt>
      <trkpt lat="9.501530" lon="-79.682244">
        <time>2026-08-08T13:20:33Z</time>
      </trkpt>
      <trkpt lat="9.501534" lon="-79.682237">
        <time>2026-08-08T13:20:34Z</time>
      </trkpt>
      <trkpt lat="9.501546" lon="-79.682162">
        <time>2026-08-08T13:20:41Z</time>
      </trkpt>
      <trkpt lat="9.501542" lon="-79.682087">
        <time>2026-08-08T13:20:49Z</time>
      </trkpt>
      <trkpt lat="9.501531" lon="-79.682017">
        <time>2026-08-08T13:20:55Z</time>
      </trkpt>
      <trkpt lat="9.501530" lon="-79.681995">
        <time>2026-08-08T13:20:57Z</time>
      </trkpt>
      <trkpt lat="9.501551" lon="-79.681909">
        <time>2026-08-08T13:21:04Z</time>
      </trkpt>
      <trkpt lat="9.501552" lon="-79.681833">
        <time>2026-08-08T13:21:10Z</time>
      </trkpt>
      <trkpt lat="9.501540" lon="-79.681762">
        <time>2026-08-08T13:21:17Z</time>
      </trkpt>
      <trkpt lat="9.501537" lon="-79.681752">
        <time>2026-08-08T13:21:18Z</time>
      </trkpt>
      <trkpt lat="9.501531" lon="-79.681741">
        <time>2026-08-08T13:21:19Z</time>
      </trkpt>
      <trkpt lat="9.501500" lon="-79.681688">
        <time>2026-08-08T13:21:24Z</time>
      </trkpt>
      <trkpt lat="9.501494" lon="-79.681677">
        <time>2026-08-08T13:21:27Z</time>
      </trkpt>
      <trkpt lat="9.501500" lon="-79.681671">
        <time>2026-08-08T13:21:28Z</time>
      </trkpt>
      <trkpt lat="9.501515" lon="-79.681644">
        <time>2026-08-08T13:21:31Z</time>
      </trkpt>
      <trkpt lat="9.501520" lon="-79.681607">
        <time>2026-08-08T13:21:35Z</time>
      </trkpt>
      <trkpt lat="9.501504" lon="-79.681553">
        <time>2026-08-08T13:21:41Z</time>
      </trkpt>
      <trkpt lat="9.501506" lon="-79.681522">
        <time>2026-08-08T13:21:45Z</time>
      </trkpt>
      <trkpt lat="9.501509" lon="-79.681472">
        <time>2026-08-08T13:21:50Z</time>
      </trkpt>
      <trkpt lat="9.501500" lon="-79.681428">
        <time>2026-08-08T13:21:55Z</time>
      </trkpt>
      <trkpt lat="9.501500" lon="-79.681415">
        <time>2026-08-08T13:21:56Z</time>
      </trkpt>
      <trkpt lat="9.501489" lon="-79.681391">
        <time>2026-08-08T13:21:59Z</time>
      </trkpt>
      <trkpt lat="9.501494" lon="-79.681378">
        <time>2026-08-08T13:22:01Z</time>
      </trkpt>
      <trkpt lat="9.501483" lon="-79.681334">
        <time>2026-08-08T13:22:05Z</time>
      </trkpt>
      <trkpt lat="9.501480" lon="-79.681263">
        <time>2026-08-08T13:22:11Z</time>
      </trkpt>
      <trkpt lat="9.501493" lon="-79.681179">
        <time>2026-08-08T13:22:18Z</time>
      </trkpt>
      <trkpt lat="9.501461" lon="-79.681102">
        <time>2026-08-08T13:22:26Z</time>
      </trkpt>
      <trkpt lat="9.501436" lon="-79.681041">
        <time>2026-08-08T13:22:34Z</time>
      </trkpt>
      <trkpt lat="9.501426" lon="-79.681006">
        <time>2026-08-08T13:22:41Z</time>
      </trkpt>
      <trkpt lat="9.501412" lon="-79.680943">
        <time>2026-08-08T13:22:49Z</time>
      </trkpt>
      <trkpt lat="9.501385" lon="-79.680842">
        <time>2026-08-08T13:22:59Z</time>
      </trkpt>
      <trkpt lat="9.501377" lon="-79.680771">
        <time>2026-08-08T13:23:06Z</time>
      </trkpt>
      <trkpt lat="9.501382" lon="-79.680737">
        <time>2026-08-08T13:23:09Z</time>
      </trkpt>
      <trkpt lat="9.501386" lon="-79.680727">
        <time>2026-08-08T13:23:10Z</time>
      </trkpt>
      <trkpt lat="9.501405" lon="-79.680651">
        <time>2026-08-08T13:23:17Z</time>
      </trkpt>
      <trkpt lat="9.501405" lon="-79.680626">
        <time>2026-08-08T13:23:19Z</time>
      </trkpt>
      <trkpt lat="9.501424" lon="-79.680514">
        <time>2026-08-08T13:23:28Z</time>
      </trkpt>
      <trkpt lat="9.501462" lon="-79.680426">
        <time>2026-08-08T13:23:37Z</time>
      </trkpt>
      <trkpt lat="9.501486" lon="-79.680360">
        <time>2026-08-08T13:23:44Z</time>
      </trkpt>
      <trkpt lat="9.501488" lon="-79.680337">
        <time>2026-08-08T13:23:46Z</time>
      </trkpt>
      <trkpt lat="9.501514" lon="-79.680278">
        <time>2026-08-08T13:23:55Z</time>
      </trkpt>
      <trkpt lat="9.501544" lon="-79.680261">
        <time>2026-08-08T13:23:59Z</time>
      </trkpt>
      <trkpt lat="9.501590" lon="-79.680217">
        <time>2026-08-08T13:24:04Z</time>
      </trkpt>
      <trkpt lat="9.501648" lon="-79.680137">
        <time>2026-08-08T13:24:12Z</time>
      </trkpt>
      <trkpt lat="9.501696" lon="-79.680060">
        <time>2026-08-08T13:24:19Z</time>
      </trkpt>
      <trkpt lat="9.501725" lon="-79.679971">
        <time>2026-08-08T13:24:27Z</time>
      </trkpt>
      <trkpt lat="9.501759" lon="-79.679925">
        <time>2026-08-08T13:24:35Z</time>
      </trkpt>
      <trkpt lat="9.501763" lon="-79.679917">
        <time>2026-08-08T13:24:36Z</time>
      </trkpt>
      <trkpt lat="9.501795" lon="-79.679869">
        <time>2026-08-08T13:24:42Z</time>
      </trkpt>
      <trkpt lat="9.501822" lon="-79.679821">
        <time>2026-08-08T13:24:48Z</time>
      </trkpt>
      <trkpt lat="9.501833" lon="-79.679818">
        <time>2026-08-08T13:24:49Z</time>
      </trkpt>
      <trkpt lat="9.501923" lon="-79.679729">
        <time>2026-08-08T13:25:01Z</time>
      </trkpt>
      <trkpt lat="9.501927" lon="-79.679718">
        <time>2026-08-08T13:25:02Z</time>
      </trkpt>
      <trkpt lat="9.501993" lon="-79.679656">
        <time>2026-08-08T13:25:11Z</time>
      </trkpt>
      <trkpt lat="9.502094" lon="-79.679592">
        <time>2026-08-08T13:25:21Z</time>
      </trkpt>
      <trkpt lat="9.502148" lon="-79.679538">
        <time>2026-08-08T13:25:29Z</time>
      </trkpt>
      <trkpt lat="9.502162" lon="-79.679512">
        <time>2026-08-08T13:25:32Z</time>
      </trkpt>
      <trkpt lat="9.502181" lon="-79.679486">
        <time>2026-08-08T13:25:36Z</time>
      </trkpt>
      <trkpt lat="9.502199" lon="-79.679447">
        <time>2026-08-08T13:25:40Z</time>
      </trkpt>
      <trkpt lat="9.502252" lon="-79.679386">
        <time>2026-08-08T13:25:49Z</time>
      </trkpt>
      <trkpt lat="9.502260" lon="-79.679374">
        <time>2026-08-08T13:25:50Z</time>
      </trkpt>
      <trkpt lat="9.502334" lon="-79.679325">
        <time>2026-08-08T13:25:58Z</time>
      </trkpt>
      <trkpt lat="9.502403" lon="-79.679266">
        <time>2026-08-08T13:26:08Z</time>
      </trkpt>
      <trkpt lat="9.502429" lon="-79.679243">
        <time>2026-08-08T13:26:11Z</time>
      </trkpt>
      <trkpt lat="9.502523" lon="-79.679191">
        <time>2026-08-08T13:26:18Z</time>
      </trkpt>
      <trkpt lat="9.502566" lon="-79.679165">
        <time>2026-08-08T13:26:22Z</time>
      </trkpt>
      <trkpt lat="9.502587" lon="-79.679151">
        <time>2026-08-08T13:26:25Z</time>
      </trkpt>
      <trkpt lat="9.502596" lon="-79.679142">
        <time>2026-08-08T13:26:26Z</time>
      </trkpt>
      <trkpt lat="9.502628" lon="-79.679110">
        <time>2026-08-08T13:26:32Z</time>
      </trkpt>
      <trkpt lat="9.502631" lon="-79.679108">
        <time>2026-08-08T13:26:33Z</time>
      </trkpt>
      <trkpt lat="9.502669" lon="-79.679074">
        <time>2026-08-08T13:26:39Z</time>
      </trkpt>
      <trkpt lat="9.502683" lon="-79.679069">
        <time>2026-08-08T13:26:40Z</time>
      </trkpt>
      <trkpt lat="9.502714" lon="-79.679052">
        <time>2026-08-08T13:26:44Z</time>
      </trkpt>
      <trkpt lat="9.502764" lon="-79.679019">
        <time>2026-08-08T13:26:49Z</time>
      </trkpt>
      <trkpt lat="9.502778" lon="-79.679012">
        <time>2026-08-08T13:26:50Z</time>
      </trkpt>
      <trkpt lat="9.502835" lon="-79.678978">
        <time>2026-08-08T13:26:55Z</time>
      </trkpt>
      <trkpt lat="9.502850" lon="-79.678967">
        <time>2026-08-08T13:26:57Z</time>
      </trkpt>
      <trkpt lat="9.502865" lon="-79.678956">
        <time>2026-08-08T13:26:59Z</time>
      </trkpt>
      <trkpt lat="9.502895" lon="-79.678934">
        <time>2026-08-08T13:27:03Z</time>
      </trkpt>
      <trkpt lat="9.502914" lon="-79.678924">
        <time>2026-08-08T13:27:05Z</time>
      </trkpt>
      <trkpt lat="9.502981" lon="-79.678883">
        <time>2026-08-08T13:27:14Z</time>
      </trkpt>
      <trkpt lat="9.503013" lon="-79.678864">
        <time>2026-08-08T13:27:20Z</time>
      </trkpt>
      <trkpt lat="9.503022" lon="-79.678867">
        <time>2026-08-08T13:27:21Z</time>
      </trkpt>
      <trkpt lat="9.503062" lon="-79.678874">
        <time>2026-08-08T13:27:28Z</time>
      </trkpt>
      <trkpt lat="9.503075" lon="-79.678867">
        <time>2026-08-08T13:27:30Z</time>
      </trkpt>
      <trkpt lat="9.503079" lon="-79.678855">
        <time>2026-08-08T13:27:34Z</time>
      </trkpt>
      <trkpt lat="9.503072" lon="-79.678809">
        <time>2026-08-08T13:27:41Z</time>
      </trkpt>
      <trkpt lat="9.503070" lon="-79.678789">
        <time>2026-08-08T13:27:44Z</time>
      </trkpt>
      <trkpt lat="9.503065" lon="-79.678765">
        <time>2026-08-08T13:27:48Z</time>
      </trkpt>
      <trkpt lat="9.503062" lon="-79.678755">
        <time>2026-08-08T13:27:50Z</time>
      </trkpt>
      <trkpt lat="9.503046" lon="-79.678712">
        <time>2026-08-08T13:27:54Z</time>
      </trkpt>
      <trkpt lat="9.503045" lon="-79.678700">
        <time>2026-08-08T13:27:55Z</time>
      </trkpt>
      <trkpt lat="9.503039" lon="-79.678686">
        <time>2026-08-08T13:27:57Z</time>
      </trkpt>
      <trkpt lat="9.503032" lon="-79.678657">
        <time>2026-08-08T13:28:01Z</time>
      </trkpt>
      <trkpt lat="9.503002" lon="-79.678637">
        <time>2026-08-08T13:28:06Z</time>
      </trkpt>
      <trkpt lat="9.502975" lon="-79.678622">
        <time>2026-08-08T13:28:10Z</time>
      </trkpt>
      <trkpt lat="9.502915" lon="-79.678597">
        <time>2026-08-08T13:28:16Z</time>
      </trkpt>
      <trkpt lat="9.502860" lon="-79.678582">
        <time>2026-08-08T13:28:22Z</time>
      </trkpt>
      <trkpt lat="9.502839" lon="-79.678568">
        <time>2026-08-08T13:28:25Z</time>
      </trkpt>
      <trkpt lat="9.502806" lon="-79.678553">
        <time>2026-08-08T13:28:29Z</time>
      </trkpt>
      <trkpt lat="9.502797" lon="-79.678554">
        <time>2026-08-08T13:28:30Z</time>
      </trkpt>
      <trkpt lat="9.502784" lon="-79.678544">
        <time>2026-08-08T13:28:32Z</time>
      </trkpt>
      <trkpt lat="9.502751" lon="-79.678530">
        <time>2026-08-08T13:28:35Z</time>
      </trkpt>
      <trkpt lat="9.502696" lon="-79.678484">
        <time>2026-08-08T13:28:42Z</time>
      </trkpt>
      <trkpt lat="9.502669" lon="-79.678433">
        <time>2026-08-08T13:28:48Z</time>
      </trkpt>
      <trkpt lat="9.502586" lon="-79.678308">
        <time>2026-08-08T13:29:00Z</time>
      </trkpt>
      <trkpt lat="9.502556" lon="-79.678257">
        <time>2026-08-08T13:29:06Z</time>
      </trkpt>
      <trkpt lat="9.502499" lon="-79.678201">
        <time>2026-08-08T13:29:12Z</time>
      </trkpt>
      <trkpt lat="9.502490" lon="-79.678197">
        <time>2026-08-08T13:29:13Z</time>
      </trkpt>
      <trkpt lat="9.502482" lon="-79.678189">
        <time>2026-08-08T13:29:16Z</time>
      </trkpt>
      <trkpt lat="9.502478" lon="-79.678176">
        <time>2026-08-08T13:29:18Z</time>
      </trkpt>
      <trkpt lat="9.502465" lon="-79.678161">
        <time>2026-08-08T13:29:20Z</time>
      </trkpt>
      <trkpt lat="9.502374" lon="-79.678080">
        <time>2026-08-08T13:29:29Z</time>
      </trkpt>
      <trkpt lat="9.502296" lon="-79.678003">
        <time>2026-08-08T13:29:38Z</time>
      </trkpt>
      <trkpt lat="9.502201" lon="-79.677928">
        <time>2026-08-08T13:29:48Z</time>
      </trkpt>
      <trkpt lat="9.502129" lon="-79.677854">
        <time>2026-08-08T13:29:58Z</time>
      </trkpt>
      <trkpt lat="9.502045" lon="-79.677800">
        <time>2026-08-08T13:30:06Z</time>
      </trkpt>
      <trkpt lat="9.501993" lon="-79.677760">
        <time>2026-08-08T13:30:11Z</time>
      </trkpt>
      <trkpt lat="9.501948" lon="-79.677728">
        <time>2026-08-08T13:30:16Z</time>
      </trkpt>
      <trkpt lat="9.501925" lon="-79.677709">
        <time>2026-08-08T13:30:19Z</time>
      </trkpt>
      <trkpt lat="9.501888" lon="-79.677674">
        <time>2026-08-08T13:30:24Z</time>
      </trkpt>
      <trkpt lat="9.501831" lon="-79.677610">
        <time>2026-08-08T13:30:32Z</time>
      </trkpt>
      <trkpt lat="9.501779" lon="-79.677554">
        <time>2026-08-08T13:30:40Z</time>
      </trkpt>
      <trkpt lat="9.501755" lon="-79.677529">
        <time>2026-08-08T13:30:43Z</time>
      </trkpt>
      <trkpt lat="9.501696" lon="-79.677465">
        <time>2026-08-08T13:30:50Z</time>
      </trkpt>
      <trkpt lat="9.501654" lon="-79.677430">
        <time>2026-08-08T13:30:54Z</time>
      </trkpt>
      <trkpt lat="9.501587" lon="-79.677374">
        <time>2026-08-08T13:31:01Z</time>
      </trkpt>
      <trkpt lat="9.501563" lon="-79.677354">
        <time>2026-08-08T13:31:04Z</time>
      </trkpt>
      <trkpt lat="9.501497" lon="-79.677295">
        <time>2026-08-08T13:31:12Z</time>
      </trkpt>
      <trkpt lat="9.501441" lon="-79.677258">
        <time>2026-08-08T13:31:18Z</time>
      </trkpt>
      <trkpt lat="9.501437" lon="-79.677256">
        <time>2026-08-08T13:31:20Z</time>
      </trkpt>
      <trkpt lat="9.501415" lon="-79.677227">
        <time>2026-08-08T13:31:32Z</time>
      </trkpt>
      <trkpt lat="9.501344" lon="-79.677175">
        <time>2026-08-08T13:31:40Z</time>
      </trkpt>
      <trkpt lat="9.501319" lon="-79.677151">
        <time>2026-08-08T13:31:43Z</time>
      </trkpt>
      <trkpt lat="9.501266" lon="-79.677105">
        <time>2026-08-08T13:31:48Z</time>
      </trkpt>
      <trkpt lat="9.501247" lon="-79.677088">
        <time>2026-08-08T13:31:50Z</time>
      </trkpt>
      <trkpt lat="9.501188" lon="-79.677062">
        <time>2026-08-08T13:31:56Z</time>
      </trkpt>
      <trkpt lat="9.501103" lon="-79.677030">
        <time>2026-08-08T13:32:04Z</time>
      </trkpt>
      <trkpt lat="9.501074" lon="-79.677009">
        <time>2026-08-08T13:32:07Z</time>
      </trkpt>
      <trkpt lat="9.501034" lon="-79.676976">
        <time>2026-08-08T13:32:12Z</time>
      </trkpt>
      <trkpt lat="9.500976" lon="-79.676907">
        <time>2026-08-08T13:32:20Z</time>
      </trkpt>
      <trkpt lat="9.500928" lon="-79.676814">
        <time>2026-08-08T13:32:27Z</time>
      </trkpt>
      <trkpt lat="9.500847" lon="-79.676745">
        <time>2026-08-08T13:32:34Z</time>
      </trkpt>
      <trkpt lat="9.500776" lon="-79.676740">
        <time>2026-08-08T13:32:41Z</time>
      </trkpt>
      <trkpt lat="9.500664" lon="-79.676760">
        <time>2026-08-08T13:32:51Z</time>
      </trkpt>
      <trkpt lat="9.500599" lon="-79.676735">
        <time>2026-08-08T13:32:58Z</time>
      </trkpt>
      <trkpt lat="9.500593" lon="-79.676728">
        <time>2026-08-08T13:32:59Z</time>
      </trkpt>
      <trkpt lat="9.500538" lon="-79.676669">
        <time>2026-08-08T13:33:07Z</time>
      </trkpt>
      <trkpt lat="9.500484" lon="-79.676601">
        <time>2026-08-08T13:33:15Z</time>
      </trkpt>
      <trkpt lat="9.500453" lon="-79.676554">
        <time>2026-08-08T13:33:19Z</time>
      </trkpt>
      <trkpt lat="9.500427" lon="-79.676511">
        <time>2026-08-08T13:33:23Z</time>
      </trkpt>
      <trkpt lat="9.500422" lon="-79.676473">
        <time>2026-08-08T13:33:26Z</time>
      </trkpt>
      <trkpt lat="9.500420" lon="-79.676420">
        <time>2026-08-08T13:33:31Z</time>
      </trkpt>
      <trkpt lat="9.500426" lon="-79.676295">
        <time>2026-08-08T13:33:40Z</time>
      </trkpt>
      <trkpt lat="9.500382" lon="-79.676210">
        <time>2026-08-08T13:33:46Z</time>
      </trkpt>
      <trkpt lat="9.500310" lon="-79.676148">
        <time>2026-08-08T13:33:53Z</time>
      </trkpt>
      <trkpt lat="9.500287" lon="-79.676139">
        <time>2026-08-08T13:33:55Z</time>
      </trkpt>
      <trkpt lat="9.500240" lon="-79.676099">
        <time>2026-08-08T13:34:01Z</time>
      </trkpt>
      <trkpt lat="9.500231" lon="-79.676077">
        <time>2026-08-08T13:34:03Z</time>
      </trkpt>
      <trkpt lat="9.500221" lon="-79.676021">
        <time>2026-08-08T13:34:07Z</time>
      </trkpt>
      <trkpt lat="9.500225" lon="-79.675988">
        <time>2026-08-08T13:34:10Z</time>
      </trkpt>
      <trkpt lat="9.500205" lon="-79.675853">
        <time>2026-08-08T13:34:20Z</time>
      </trkpt>
      <trkpt lat="9.500219" lon="-79.675755">
        <time>2026-08-08T13:34:28Z</time>
      </trkpt>
      <trkpt lat="9.500229" lon="-79.675687">
        <time>2026-08-08T13:34:34Z</time>
      </trkpt>
      <trkpt lat="9.500237" lon="-79.675650">
        <time>2026-08-08T13:34:37Z</time>
      </trkpt>
      <trkpt lat="9.500230" lon="-79.675563">
        <time>2026-08-08T13:34:45Z</time>
      </trkpt>
      <trkpt lat="9.500240" lon="-79.675515">
        <time>2026-08-08T13:34:50Z</time>
      </trkpt>
      <trkpt lat="9.500265" lon="-79.675431">
        <time>2026-08-08T13:34:59Z</time>
      </trkpt>
      <trkpt lat="9.500327" lon="-79.675328">
        <time>2026-08-08T13:35:08Z</time>
      </trkpt>
      <trkpt lat="9.500386" lon="-79.675242">
        <time>2026-08-08T13:35:16Z</time>
      </trkpt>
      <trkpt lat="9.500436" lon="-79.675153">
        <time>2026-08-08T13:35:25Z</time>
      </trkpt>
      <trkpt lat="9.500484" lon="-79.675058">
        <time>2026-08-08T13:35:33Z</time>
      </trkpt>
      <trkpt lat="9.500498" lon="-79.674957">
        <time>2026-08-08T13:35:42Z</time>
      </trkpt>
      <trkpt lat="9.500529" lon="-79.674958">
        <time>2026-08-08T13:35:46Z</time>
      </trkpt>
      <trkpt lat="9.500547" lon="-79.674947">
        <time>2026-08-08T13:35:48Z</time>
      </trkpt>
      <trkpt lat="9.500556" lon="-79.674933">
        <time>2026-08-08T13:35:49Z</time>
      </trkpt>
      <trkpt lat="9.500632" lon="-79.674885">
        <time>2026-08-08T13:35:56Z</time>
      </trkpt>
      <trkpt lat="9.500703" lon="-79.674831">
        <time>2026-08-08T13:36:04Z</time>
      </trkpt>
      <trkpt lat="9.500747" lon="-79.674751">
        <time>2026-08-08T13:36:12Z</time>
      </trkpt>
      <trkpt lat="9.500834" lon="-79.674676">
        <time>2026-08-08T13:36:22Z</time>
      </trkpt>
      <trkpt lat="9.500885" lon="-79.674590">
        <time>2026-08-08T13:36:30Z</time>
      </trkpt>
      <trkpt lat="9.500967" lon="-79.674513">
        <time>2026-08-08T13:36:40Z</time>
      </trkpt>
      <trkpt lat="9.501054" lon="-79.674411">
        <time>2026-08-08T13:36:49Z</time>
      </trkpt>
      <trkpt lat="9.501140" lon="-79.674301">
        <time>2026-08-08T13:36:59Z</time>
      </trkpt>
      <trkpt lat="9.501179" lon="-79.674219">
        <time>2026-08-08T13:37:06Z</time>
      </trkpt>
      <trkpt lat="9.501198" lon="-79.674183">
        <time>2026-08-08T13:37:09Z</time>
      </trkpt>
      <trkpt lat="9.501229" lon="-79.674125">
        <time>2026-08-08T13:37:14Z</time>
      </trkpt>
      <trkpt lat="9.501254" lon="-79.674090">
        <time>2026-08-08T13:37:18Z</time>
      </trkpt>
      <trkpt lat="9.501313" lon="-79.674033">
        <time>2026-08-08T13:37:26Z</time>
      </trkpt>
      <trkpt lat="9.501383" lon="-79.673993">
        <time>2026-08-08T13:37:35Z</time>
      </trkpt>
      <trkpt lat="9.501465" lon="-79.673963">
        <time>2026-08-08T13:37:43Z</time>
      </trkpt>
      <trkpt lat="9.501577" lon="-79.673896">
        <time>2026-08-08T13:37:53Z</time>
      </trkpt>
      <trkpt lat="9.501638" lon="-79.673883">
        <time>2026-08-08T13:38:00Z</time>
      </trkpt>
      <trkpt lat="9.501654" lon="-79.673887">
        <time>2026-08-08T13:38:02Z</time>
      </trkpt>
      <trkpt lat="9.501768" lon="-79.673897">
        <time>2026-08-08T13:38:12Z</time>
      </trkpt>
      <trkpt lat="9.501868" lon="-79.673865">
        <time>2026-08-08T13:38:20Z</time>
      </trkpt>
      <trkpt lat="9.501878" lon="-79.673853">
        <time>2026-08-08T13:38:21Z</time>
      </trkpt>
      <trkpt lat="9.501958" lon="-79.673812">
        <time>2026-08-08T13:38:29Z</time>
      </trkpt>
      <trkpt lat="9.502037" lon="-79.673800">
        <time>2026-08-08T13:38:39Z</time>
      </trkpt>
      <trkpt lat="9.502131" lon="-79.673785">
        <time>2026-08-08T13:38:46Z</time>
      </trkpt>
      <trkpt lat="9.502156" lon="-79.673781">
        <time>2026-08-08T13:38:48Z</time>
      </trkpt>
      <trkpt lat="9.502235" lon="-79.673755">
        <time>2026-08-08T13:38:54Z</time>
      </trkpt>
      <trkpt lat="9.502246" lon="-79.673752">
        <time>2026-08-08T13:38:55Z</time>
      </trkpt>
      <trkpt lat="9.502291" lon="-79.673727">
        <time>2026-08-08T13:39:03Z</time>
      </trkpt>
      <trkpt lat="9.502322" lon="-79.673708">
        <time>2026-08-08T13:39:09Z</time>
      </trkpt>
      <trkpt lat="9.502353" lon="-79.673687">
        <time>2026-08-08T13:39:16Z</time>
      </trkpt>
      <trkpt lat="9.502378" lon="-79.673679">
        <time>2026-08-08T13:39:23Z</time>
      </trkpt>
      <trkpt lat="9.502408" lon="-79.673665">
        <time>2026-08-08T13:39:27Z</time>
      </trkpt>
      <trkpt lat="9.502430" lon="-79.673648">
        <time>2026-08-08T13:39:31Z</time>
      </trkpt>
      <trkpt lat="9.502475" lon="-79.673644">
        <time>2026-08-08T13:39:39Z</time>
      </trkpt>
      <trkpt lat="9.502496" lon="-79.673625">
        <time>2026-08-08T13:39:48Z</time>
      </trkpt>
      <trkpt lat="9.502481" lon="-79.673625">
        <time>2026-08-08T13:39:54Z</time>
      </trkpt>
      <trkpt lat="9.502478" lon="-79.673624">
        <time>2026-08-08T13:40:02Z</time>
      </trkpt>
      <trkpt lat="9.502478" lon="-79.673624">
        <time>2026-08-08T13:40:11Z</time>
      </trkpt>
      <trkpt lat="9.502478" lon="-79.673624">
        <time>2026-08-08T13:40:14Z</time>
      </trkpt>
      <trkpt lat="9.502478" lon="-79.673624">
        <time>2026-08-08T13:40:16Z</time>
      </trkpt>
      <trkpt lat="9.502478" lon="-79.673624">
        <time>2026-08-08T13:40:22Z</time>
      </trkpt>
      <trkpt lat="9.502478" lon="-79.673624">
        <time>2026-08-08T13:40:24Z</time>
      </trkpt>
      <trkpt lat="9.502487" lon="-79.673614">
        <time>2026-08-08T13:40:28Z</time>
      </trkpt>
      <trkpt lat="9.502488" lon="-79.673614">
        <time>2026-08-08T13:40:29Z</time>
      </trkpt>
      <trkpt lat="9.502490" lon="-79.673614">
        <time>2026-08-08T13:40:30Z</time>
      </trkpt>
      <trkpt lat="9.502489" lon="-79.673614">
        <time>2026-08-08T13:40:31Z</time>
      </trkpt>
      <trkpt lat="9.502489" lon="-79.673614">
        <time>2026-08-08T13:40:44Z</time>
      </trkpt>
      <trkpt lat="9.502489" lon="-79.673614">
        <time>2026-08-08T13:40:50Z</time>
      </trkpt>
      <trkpt lat="9.502489" lon="-79.673614">
        <time>2026-08-08T13:40:53Z</time>
      </trkpt>
      <trkpt lat="9.502489" lon="-79.673614">
        <time>2026-08-08T13:40:55Z</time>
      </trkpt>
      <trkpt lat="9.502496" lon="-79.673608">
        <time>2026-08-08T13:40:56Z</time>
      </trkpt>
      <trkpt lat="9.502497" lon="-79.673608">
        <time>2026-08-08T13:40:57Z</time>
      </trkpt>
      <trkpt lat="9.502505" lon="-79.673614">
        <time>2026-08-08T13:41:06Z</time>
      </trkpt>
      <trkpt lat="9.502508" lon="-79.673618">
        <time>2026-08-08T13:41:09Z</time>
      </trkpt>
      <trkpt lat="9.502508" lon="-79.673618">
        <time>2026-08-08T13:41:23Z</time>
      </trkpt>
      <trkpt lat="9.502508" lon="-79.673618">
        <time>2026-08-08T13:41:24Z</time>
      </trkpt>
      <trkpt lat="9.502508" lon="-79.673618">
        <time>2026-08-08T13:41:31Z</time>
      </trkpt>
      <trkpt lat="9.502506" lon="-79.673613">
        <time>2026-08-08T13:41:37Z</time>
      </trkpt>
      <trkpt lat="9.502508" lon="-79.673618">
        <time>2026-08-08T13:41:51Z</time>
      </trkpt>
      <trkpt lat="9.502508" lon="-79.673618">
        <time>2026-08-08T13:42:02Z</time>
      </trkpt>
      <trkpt lat="9.502508" lon="-79.673618">
        <time>2026-08-08T13:42:04Z</time>
      </trkpt>
      <trkpt lat="9.502508" lon="-79.673618">
        <time>2026-08-08T13:42:08Z</time>
      </trkpt>
      <trkpt lat="9.502508" lon="-79.673618">
        <time>2026-08-08T13:42:09Z</time>
      </trkpt>
      <trkpt lat="9.502508" lon="-79.673618">
        <time>2026-08-08T13:42:15Z</time>
      </trkpt>
      <trkpt lat="9.502508" lon="-79.673618">
        <time>2026-08-08T13:42:18Z</time>
      </trkpt>
      <trkpt lat="9.502508" lon="-79.673618">
        <time>2026-08-08T13:42:26Z</time>
      </trkpt>
      <trkpt lat="9.502508" lon="-79.673618">
        <time>2026-08-08T13:42:27Z</time>
      </trkpt>
      <trkpt lat="9.502508" lon="-79.673618">
        <time>2026-08-08T13:42:32Z</time>
      </trkpt>
      <trkpt lat="9.502508" lon="-79.673618">
        <time>2026-08-08T13:42:34Z</time>
      </trkpt>
      <trkpt lat="9.502505" lon="-79.673620">
        <time>2026-08-08T13:42:44Z</time>
      </trkpt>
      <trkpt lat="9.502508" lon="-79.673618">
        <time>2026-08-08T13:42:51Z</time>
      </trkpt>
      <trkpt lat="9.502508" lon="-79.673618">
        <time>2026-08-08T13:42:55Z</time>
      </trkpt>
      <trkpt lat="9.502508" lon="-79.673618">
        <time>2026-08-08T13:42:57Z</time>
      </trkpt>
      <trkpt lat="9.502508" lon="-79.673618">
        <time>2026-08-08T13:43:03Z</time>
      </trkpt>
      <trkpt lat="9.502508" lon="-79.673618">
        <time>2026-08-08T13:43:19Z</time>
      </trkpt>
      <trkpt lat="9.502501" lon="-79.673606">
        <time>2026-08-08T13:43:20Z</time>
      </trkpt>
      <trkpt lat="9.502501" lon="-79.673603">
        <time>2026-08-08T13:43:29Z</time>
      </trkpt>
      <trkpt lat="9.502502" lon="-79.673605">
        <time>2026-08-08T13:43:39Z</time>
      </trkpt>
      <trkpt lat="9.502502" lon="-79.673605">
        <time>2026-08-08T13:43:44Z</time>
      </trkpt>
      <trkpt lat="9.502506" lon="-79.673604">
        <time>2026-08-08T13:43:47Z</time>
      </trkpt>
      <trkpt lat="9.502502" lon="-79.673605">
        <time>2026-08-08T13:43:51Z</time>
      </trkpt>
      <trkpt lat="9.502502" lon="-79.673605">
        <time>2026-08-08T13:44:06Z</time>
      </trkpt>
      <trkpt lat="9.502502" lon="-79.673605">
        <time>2026-08-08T13:44:08Z</time>
      </trkpt>
      <trkpt lat="9.502502" lon="-79.673605">
        <time>2026-08-08T13:44:23Z</time>
      </trkpt>
      <trkpt lat="9.502502" lon="-79.673605">
        <time>2026-08-08T13:44:27Z</time>
      </trkpt>
      <trkpt lat="9.502502" lon="-79.673605">
        <time>2026-08-08T13:44:49Z</time>
      </trkpt>
      <trkpt lat="9.502503" lon="-79.673600">
        <time>2026-08-08T13:45:06Z</time>
      </trkpt>
      <trkpt lat="9.502505" lon="-79.673606">
        <time>2026-08-08T13:45:09Z</time>
      </trkpt>
      <trkpt lat="9.502502" lon="-79.673606">
        <time>2026-08-08T13:45:16Z</time>
      </trkpt>
      <trkpt lat="9.502501" lon="-79.673604">
        <time>2026-08-08T13:45:21Z</time>
      </trkpt>
      <trkpt lat="9.502504" lon="-79.673594">
        <time>2026-08-08T13:45:28Z</time>
      </trkpt>
      <trkpt lat="9.502502" lon="-79.673605">
        <time>2026-08-08T13:45:29Z</time>
      </trkpt>
      <trkpt lat="9.502502" lon="-79.673605">
        <time>2026-08-08T13:45:34Z</time>
      </trkpt>
      <trkpt lat="9.502506" lon="-79.673596">
        <time>2026-08-08T13:45:40Z</time>
      </trkpt>
      <trkpt lat="9.502506" lon="-79.673593">
        <time>2026-08-08T13:45:42Z</time>
      </trkpt>
      <trkpt lat="9.502509" lon="-79.673590">
        <time>2026-08-08T13:45:44Z</time>
      </trkpt>
      <trkpt lat="9.502509" lon="-79.673585">
        <time>2026-08-08T13:45:50Z</time>
      </trkpt>
      <trkpt lat="9.502521" lon="-79.673568">
        <time>2026-08-08T13:45:58Z</time>
      </trkpt>
      <trkpt lat="9.502522" lon="-79.673559">
        <time>2026-08-08T13:46:04Z</time>
      </trkpt>
      <trkpt lat="9.502523" lon="-79.673560">
        <time>2026-08-08T13:46:07Z</time>
      </trkpt>
      <trkpt lat="9.502524" lon="-79.673561">
        <time>2026-08-08T13:46:15Z</time>
      </trkpt>
      <trkpt lat="9.502524" lon="-79.673561">
        <time>2026-08-08T13:46:31Z</time>
      </trkpt>
      <trkpt lat="9.502524" lon="-79.673561">
        <time>2026-08-08T13:46:32Z</time>
      </trkpt>
      <trkpt lat="9.502524" lon="-79.673561">
        <time>2026-08-08T13:46:36Z</time>
      </trkpt>
      <trkpt lat="9.502515" lon="-79.673580">
        <time>2026-08-08T13:46:47Z</time>
      </trkpt>
      <trkpt lat="9.502515" lon="-79.673580">
        <time>2026-08-08T13:47:08Z</time>
      </trkpt>
      <trkpt lat="9.502515" lon="-79.673580">
        <time>2026-08-08T13:47:18Z</time>
      </trkpt>
      <trkpt lat="9.502515" lon="-79.673580">
        <time>2026-08-08T13:47:22Z</time>
      </trkpt>
      <trkpt lat="9.502515" lon="-79.673580">
        <time>2026-08-08T13:47:25Z</time>
      </trkpt>
      <trkpt lat="9.502515" lon="-79.673580">
        <time>2026-08-08T13:47:29Z</time>
      </trkpt>
      <trkpt lat="9.502515" lon="-79.673580">
        <time>2026-08-08T13:47:31Z</time>
      </trkpt>
      <trkpt lat="9.502515" lon="-79.673580">
        <time>2026-08-08T13:47:39Z</time>
      </trkpt>
      <trkpt lat="9.502515" lon="-79.673580">
        <time>2026-08-08T13:47:47Z</time>
      </trkpt>
      <trkpt lat="9.502515" lon="-79.673580">
        <time>2026-08-08T13:47:58Z</time>
      </trkpt>
      <trkpt lat="9.502515" lon="-79.673580">
        <time>2026-08-08T13:48:07Z</time>
      </trkpt>
      <trkpt lat="9.502515" lon="-79.673580">
        <time>2026-08-08T13:48:08Z</time>
      </trkpt>
      <trkpt lat="9.502515" lon="-79.673580">
        <time>2026-08-08T13:48:10Z</time>
      </trkpt>
      <trkpt lat="9.502515" lon="-79.673580">
        <time>2026-08-08T13:48:16Z</time>
      </trkpt>
      <trkpt lat="9.502506" lon="-79.673592">
        <time>2026-08-08T13:48:22Z</time>
      </trkpt>
      <trkpt lat="9.502510" lon="-79.673593">
        <time>2026-08-08T13:48:28Z</time>
      </trkpt>
      <trkpt lat="9.502526" lon="-79.673596">
        <time>2026-08-08T13:48:32Z</time>
      </trkpt>
      <trkpt lat="9.502536" lon="-79.673592">
        <time>2026-08-08T13:48:33Z</time>
      </trkpt>
      <trkpt lat="9.502564" lon="-79.673575">
        <time>2026-08-08T13:48:37Z</time>
      </trkpt>
      <trkpt lat="9.502596" lon="-79.673558">
        <time>2026-08-08T13:48:41Z</time>
      </trkpt>
      <trkpt lat="9.502645" lon="-79.673512">
        <time>2026-08-08T13:48:49Z</time>
      </trkpt>
      <trkpt lat="9.502657" lon="-79.673481">
        <time>2026-08-08T13:48:56Z</time>
      </trkpt>
      <trkpt lat="9.502670" lon="-79.673456">
        <time>2026-08-08T13:49:00Z</time>
      </trkpt>
      <trkpt lat="9.502682" lon="-79.673438">
        <time>2026-08-08T13:49:03Z</time>
      </trkpt>
      <trkpt lat="9.502737" lon="-79.673422">
        <time>2026-08-08T13:49:09Z</time>
      </trkpt>
      <trkpt lat="9.502748" lon="-79.673418">
        <time>2026-08-08T13:49:10Z</time>
      </trkpt>
      <trkpt lat="9.502801" lon="-79.673390">
        <time>2026-08-08T13:49:15Z</time>
      </trkpt>
      <trkpt lat="9.502838" lon="-79.673376">
        <time>2026-08-08T13:49:19Z</time>
      </trkpt>
      <trkpt lat="9.502845" lon="-79.673372">
        <time>2026-08-08T13:49:20Z</time>
      </trkpt>
      <trkpt lat="9.502900" lon="-79.673329">
        <time>2026-08-08T13:49:28Z</time>
      </trkpt>
      <trkpt lat="9.502968" lon="-79.673268">
        <time>2026-08-08T13:49:37Z</time>
      </trkpt>
      <trkpt lat="9.502971" lon="-79.673262">
        <time>2026-08-08T13:49:38Z</time>
      </trkpt>
      <trkpt lat="9.503003" lon="-79.673237">
        <time>2026-08-08T13:49:42Z</time>
      </trkpt>
      <trkpt lat="9.503025" lon="-79.673215">
        <time>2026-08-08T13:49:46Z</time>
      </trkpt>
      <trkpt lat="9.503068" lon="-79.673222">
        <time>2026-08-08T13:49:53Z</time>
      </trkpt>
      <trkpt lat="9.503160" lon="-79.673184">
        <time>2026-08-08T13:50:02Z</time>
      </trkpt>
      <trkpt lat="9.503233" lon="-79.673139">
        <time>2026-08-08T13:50:12Z</time>
      </trkpt>
      <trkpt lat="9.503244" lon="-79.673129">
        <time>2026-08-08T13:50:16Z</time>
      </trkpt>
      <trkpt lat="9.503246" lon="-79.673119">
        <time>2026-08-08T13:50:19Z</time>
      </trkpt>
      <trkpt lat="9.503250" lon="-79.673107">
        <time>2026-08-08T13:50:23Z</time>
      </trkpt>
      <trkpt lat="9.503252" lon="-79.673105">
        <time>2026-08-08T13:50:24Z</time>
      </trkpt>
      <trkpt lat="9.503257" lon="-79.673109">
        <time>2026-08-08T13:50:26Z</time>
      </trkpt>
      <trkpt lat="9.503269" lon="-79.673108">
        <time>2026-08-08T13:50:28Z</time>
      </trkpt>
      <trkpt lat="9.503277" lon="-79.673072">
        <time>2026-08-08T13:50:33Z</time>
      </trkpt>
      <trkpt lat="9.503274" lon="-79.673041">
        <time>2026-08-08T13:50:37Z</time>
      </trkpt>
      <trkpt lat="9.503288" lon="-79.673023">
        <time>2026-08-08T13:50:42Z</time>
      </trkpt>
      <trkpt lat="9.503300" lon="-79.673008">
        <time>2026-08-08T13:50:46Z</time>
      </trkpt>
      <trkpt lat="9.503332" lon="-79.672972">
        <time>2026-08-08T13:50:53Z</time>
      </trkpt>
      <trkpt lat="9.503341" lon="-79.672951">
        <time>2026-08-08T13:50:56Z</time>
      </trkpt>
      <trkpt lat="9.503351" lon="-79.672937">
        <time>2026-08-08T13:51:00Z</time>
      </trkpt>
      <trkpt lat="9.503358" lon="-79.672924">
        <time>2026-08-08T13:51:03Z</time>
      </trkpt>
      <trkpt lat="9.503400" lon="-79.672861">
        <time>2026-08-08T13:51:11Z</time>
      </trkpt>
      <trkpt lat="9.503412" lon="-79.672809">
        <time>2026-08-08T13:51:20Z</time>
      </trkpt>
      <trkpt lat="9.503454" lon="-79.672758">
        <time>2026-08-08T13:51:27Z</time>
      </trkpt>
      <trkpt lat="9.503459" lon="-79.672750">
        <time>2026-08-08T13:51:28Z</time>
      </trkpt>
      <trkpt lat="9.503472" lon="-79.672723">
        <time>2026-08-08T13:51:31Z</time>
      </trkpt>
      <trkpt lat="9.503499" lon="-79.672700">
        <time>2026-08-08T13:51:36Z</time>
      </trkpt>
      <trkpt lat="9.503506" lon="-79.672700">
        <time>2026-08-08T13:51:37Z</time>
      </trkpt>
      <trkpt lat="9.503543" lon="-79.672699">
        <time>2026-08-08T13:51:42Z</time>
      </trkpt>
      <trkpt lat="9.503550" lon="-79.672700">
        <time>2026-08-08T13:51:43Z</time>
      </trkpt>
      <trkpt lat="9.503584" lon="-79.672696">
        <time>2026-08-08T13:51:46Z</time>
      </trkpt>
      <trkpt lat="9.503617" lon="-79.672674">
        <time>2026-08-08T13:51:50Z</time>
      </trkpt>
      <trkpt lat="9.503649" lon="-79.672617">
        <time>2026-08-08T13:51:57Z</time>
      </trkpt>
      <trkpt lat="9.503706" lon="-79.672585">
        <time>2026-08-08T13:52:05Z</time>
      </trkpt>
      <trkpt lat="9.503752" lon="-79.672557">
        <time>2026-08-08T13:52:12Z</time>
      </trkpt>
      <trkpt lat="9.503800" lon="-79.672529">
        <time>2026-08-08T13:52:20Z</time>
      </trkpt>
      <trkpt lat="9.503883" lon="-79.672506">
        <time>2026-08-08T13:52:29Z</time>
      </trkpt>
      <trkpt lat="9.503954" lon="-79.672478">
        <time>2026-08-08T13:52:36Z</time>
      </trkpt>
      <trkpt lat="9.504015" lon="-79.672444">
        <time>2026-08-08T13:52:43Z</time>
      </trkpt>
      <trkpt lat="9.504080" lon="-79.672399">
        <time>2026-08-08T13:52:50Z</time>
      </trkpt>
      <trkpt lat="9.504136" lon="-79.672343">
        <time>2026-08-08T13:52:58Z</time>
      </trkpt>
      <trkpt lat="9.504187" lon="-79.672309">
        <time>2026-08-08T13:53:04Z</time>
      </trkpt>
      <trkpt lat="9.504236" lon="-79.672270">
        <time>2026-08-08T13:53:10Z</time>
      </trkpt>
      <trkpt lat="9.504291" lon="-79.672250">
        <time>2026-08-08T13:53:16Z</time>
      </trkpt>
      <trkpt lat="9.504343" lon="-79.672206">
        <time>2026-08-08T13:53:23Z</time>
      </trkpt>
      <trkpt lat="9.504409" lon="-79.672152">
        <time>2026-08-08T13:53:31Z</time>
      </trkpt>
      <trkpt lat="9.504479" lon="-79.672105">
        <time>2026-08-08T13:53:40Z</time>
      </trkpt>
      <trkpt lat="9.504544" lon="-79.672057">
        <time>2026-08-08T13:53:48Z</time>
      </trkpt>
      <trkpt lat="9.504622" lon="-79.671984">
        <time>2026-08-08T13:53:58Z</time>
      </trkpt>
      <trkpt lat="9.504661" lon="-79.671931">
        <time>2026-08-08T13:54:05Z</time>
      </trkpt>
      <trkpt lat="9.504704" lon="-79.671879">
        <time>2026-08-08T13:54:13Z</time>
      </trkpt>
      <trkpt lat="9.504760" lon="-79.671814">
        <time>2026-08-08T13:54:21Z</time>
      </trkpt>
      <trkpt lat="9.504818" lon="-79.671774">
        <time>2026-08-08T13:54:28Z</time>
      </trkpt>
      <trkpt lat="9.504866" lon="-79.671736">
        <time>2026-08-08T13:54:34Z</time>
      </trkpt>
      <trkpt lat="9.504925" lon="-79.671674">
        <time>2026-08-08T13:54:43Z</time>
      </trkpt>
      <trkpt lat="9.504982" lon="-79.671630">
        <time>2026-08-08T13:54:51Z</time>
      </trkpt>
      <trkpt lat="9.505049" lon="-79.671592">
        <time>2026-08-08T13:55:00Z</time>
      </trkpt>
      <trkpt lat="9.505066" lon="-79.671569">
        <time>2026-08-08T13:55:03Z</time>
      </trkpt>
      <trkpt lat="9.505090" lon="-79.671538">
        <time>2026-08-08T13:55:07Z</time>
      </trkpt>
      <trkpt lat="9.505157" lon="-79.671474">
        <time>2026-08-08T13:55:17Z</time>
      </trkpt>
      <trkpt lat="9.505205" lon="-79.671427">
        <time>2026-08-08T13:55:25Z</time>
      </trkpt>
      <trkpt lat="9.505262" lon="-79.671401">
        <time>2026-08-08T13:55:31Z</time>
      </trkpt>
      <trkpt lat="9.505309" lon="-79.671368">
        <time>2026-08-08T13:55:38Z</time>
      </trkpt>
      <trkpt lat="9.505350" lon="-79.671322">
        <time>2026-08-08T13:55:45Z</time>
      </trkpt>
      <trkpt lat="9.505402" lon="-79.671275">
        <time>2026-08-08T13:55:53Z</time>
      </trkpt>
      <trkpt lat="9.505461" lon="-79.671238">
        <time>2026-08-08T13:56:01Z</time>
      </trkpt>
      <trkpt lat="9.505512" lon="-79.671204">
        <time>2026-08-08T13:56:08Z</time>
      </trkpt>
      <trkpt lat="9.505551" lon="-79.671147">
        <time>2026-08-08T13:56:15Z</time>
      </trkpt>
      <trkpt lat="9.505577" lon="-79.671085">
        <time>2026-08-08T13:56:22Z</time>
      </trkpt>
      <trkpt lat="9.505593" lon="-79.671048">
        <time>2026-08-08T13:56:26Z</time>
      </trkpt>
      <trkpt lat="9.505614" lon="-79.671018">
        <time>2026-08-08T13:56:30Z</time>
      </trkpt>
      <trkpt lat="9.505634" lon="-79.670951">
        <time>2026-08-08T13:56:37Z</time>
      </trkpt>
      <trkpt lat="9.505669" lon="-79.670900">
        <time>2026-08-08T13:56:44Z</time>
      </trkpt>
      <trkpt lat="9.505701" lon="-79.670845">
        <time>2026-08-08T13:56:51Z</time>
      </trkpt>
      <trkpt lat="9.505713" lon="-79.670795">
        <time>2026-08-08T13:56:56Z</time>
      </trkpt>
      <trkpt lat="9.505743" lon="-79.670757">
        <time>2026-08-08T13:57:02Z</time>
      </trkpt>
      <trkpt lat="9.505778" lon="-79.670707">
        <time>2026-08-08T13:57:09Z</time>
      </trkpt>
      <trkpt lat="9.505810" lon="-79.670668">
        <time>2026-08-08T13:57:14Z</time>
      </trkpt>
      <trkpt lat="9.505810" lon="-79.670662">
        <time>2026-08-08T13:57:15Z</time>
      </trkpt>
      <trkpt lat="9.505829" lon="-79.670615">
        <time>2026-08-08T13:57:21Z</time>
      </trkpt>
      <trkpt lat="9.505856" lon="-79.670594">
        <time>2026-08-08T13:57:25Z</time>
      </trkpt>
      <trkpt lat="9.505879" lon="-79.670574">
        <time>2026-08-08T13:57:28Z</time>
      </trkpt>
      <trkpt lat="9.505898" lon="-79.670523">
        <time>2026-08-08T13:57:33Z</time>
      </trkpt>
      <trkpt lat="9.505933" lon="-79.670461">
        <time>2026-08-08T13:57:40Z</time>
      </trkpt>
      <trkpt lat="9.505945" lon="-79.670446">
        <time>2026-08-08T13:57:42Z</time>
      </trkpt>
      <trkpt lat="9.505977" lon="-79.670416">
        <time>2026-08-08T13:57:47Z</time>
      </trkpt>
      <trkpt lat="9.506019" lon="-79.670362">
        <time>2026-08-08T13:57:54Z</time>
      </trkpt>
      <trkpt lat="9.506052" lon="-79.670297">
        <time>2026-08-08T13:58:01Z</time>
      </trkpt>
      <trkpt lat="9.506060" lon="-79.670238">
        <time>2026-08-08T13:58:07Z</time>
      </trkpt>
      <trkpt lat="9.506060" lon="-79.670229">
        <time>2026-08-08T13:58:08Z</time>
      </trkpt>
      <trkpt lat="9.506052" lon="-79.670149">
        <time>2026-08-08T13:58:17Z</time>
      </trkpt>
      <trkpt lat="9.506067" lon="-79.670095">
        <time>2026-08-08T13:58:23Z</time>
      </trkpt>
      <trkpt lat="9.506071" lon="-79.670055">
        <time>2026-08-08T13:58:29Z</time>
      </trkpt>
      <trkpt lat="9.506075" lon="-79.670050">
        <time>2026-08-08T13:58:30Z</time>
      </trkpt>
      <trkpt lat="9.506113" lon="-79.670015">
        <time>2026-08-08T13:58:36Z</time>
      </trkpt>
      <trkpt lat="9.506098" lon="-79.670004">
        <time>2026-08-08T13:58:42Z</time>
      </trkpt>
      <trkpt lat="9.506084" lon="-79.669989">
        <time>2026-08-08T13:58:47Z</time>
      </trkpt>
      <trkpt lat="9.506084" lon="-79.669989">
        <time>2026-08-08T13:58:52Z</time>
      </trkpt>
      <trkpt lat="9.506084" lon="-79.669989">
        <time>2026-08-08T13:58:55Z</time>
      </trkpt>
      <trkpt lat="9.506084" lon="-79.669989">
        <time>2026-08-08T13:58:56Z</time>
      </trkpt>
      <trkpt lat="9.506084" lon="-79.669989">
        <time>2026-08-08T13:58:58Z</time>
      </trkpt>
      <trkpt lat="9.506084" lon="-79.669989">
        <time>2026-08-08T13:58:59Z</time>
      </trkpt>
      <trkpt lat="9.506084" lon="-79.669989">
        <time>2026-08-08T13:59:01Z</time>
      </trkpt>
      <trkpt lat="9.506081" lon="-79.669981">
        <time>2026-08-08T13:59:05Z</time>
      </trkpt>
      <trkpt lat="9.506084" lon="-79.669989">
        <time>2026-08-08T13:59:10Z</time>
      </trkpt>
      <trkpt lat="9.506090" lon="-79.669963">
        <time>2026-08-08T13:59:14Z</time>
      </trkpt>
      <trkpt lat="9.506117" lon="-79.669932">
        <time>2026-08-08T13:59:19Z</time>
      </trkpt>
      <trkpt lat="9.506118" lon="-79.669891">
        <time>2026-08-08T13:59:23Z</time>
      </trkpt>
      <trkpt lat="9.506099" lon="-79.669833">
        <time>2026-08-08T13:59:29Z</time>
      </trkpt>
      <trkpt lat="9.506076" lon="-79.669790">
        <time>2026-08-08T13:59:34Z</time>
      </trkpt>
      <trkpt lat="9.506070" lon="-79.669763">
        <time>2026-08-08T13:59:39Z</time>
      </trkpt>
      <trkpt lat="9.506071" lon="-79.669753">
        <time>2026-08-08T13:59:40Z</time>
      </trkpt>
      <trkpt lat="9.506086" lon="-79.669712">
        <time>2026-08-08T13:59:45Z</time>
      </trkpt>
      <trkpt lat="9.506083" lon="-79.669692">
        <time>2026-08-08T13:59:47Z</time>
      </trkpt>
      <trkpt lat="9.506081" lon="-79.669616">
        <time>2026-08-08T13:59:54Z</time>
      </trkpt>
      <trkpt lat="9.506081" lon="-79.669562">
        <time>2026-08-08T14:00:00Z</time>
      </trkpt>
      <trkpt lat="9.506082" lon="-79.669505">
        <time>2026-08-08T14:00:07Z</time>
      </trkpt>
      <trkpt lat="9.506129" lon="-79.669450">
        <time>2026-08-08T14:00:15Z</time>
      </trkpt>
      <trkpt lat="9.506134" lon="-79.669406">
        <time>2026-08-08T14:00:20Z</time>
      </trkpt>
      <trkpt lat="9.506136" lon="-79.669344">
        <time>2026-08-08T14:00:27Z</time>
      </trkpt>
      <trkpt lat="9.506141" lon="-79.669328">
        <time>2026-08-08T14:00:28Z</time>
      </trkpt>
      <trkpt lat="9.506139" lon="-79.669283">
        <time>2026-08-08T14:00:32Z</time>
      </trkpt>
      <trkpt lat="9.506113" lon="-79.669207">
        <time>2026-08-08T14:00:40Z</time>
      </trkpt>
      <trkpt lat="9.506079" lon="-79.669131">
        <time>2026-08-08T14:00:47Z</time>
      </trkpt>
      <trkpt lat="9.506047" lon="-79.669071">
        <time>2026-08-08T14:00:54Z</time>
      </trkpt>
      <trkpt lat="9.506033" lon="-79.669014">
        <time>2026-08-08T14:01:00Z</time>
      </trkpt>
      <trkpt lat="9.506042" lon="-79.668956">
        <time>2026-08-08T14:01:06Z</time>
      </trkpt>
      <trkpt lat="9.506036" lon="-79.668942">
        <time>2026-08-08T14:01:07Z</time>
      </trkpt>
      <trkpt lat="9.506031" lon="-79.668907">
        <time>2026-08-08T14:01:10Z</time>
      </trkpt>
      <trkpt lat="9.506026" lon="-79.668845">
        <time>2026-08-08T14:01:16Z</time>
      </trkpt>
      <trkpt lat="9.506024" lon="-79.668801">
        <time>2026-08-08T14:01:20Z</time>
      </trkpt>
      <trkpt lat="9.506015" lon="-79.668784">
        <time>2026-08-08T14:01:22Z</time>
      </trkpt>
      <trkpt lat="9.506024" lon="-79.668767">
        <time>2026-08-08T14:01:24Z</time>
      </trkpt>
      <trkpt lat="9.506023" lon="-79.668744">
        <time>2026-08-08T14:01:26Z</time>
      </trkpt>
      <trkpt lat="9.506019" lon="-79.668729">
        <time>2026-08-08T14:01:27Z</time>
      </trkpt>
      <trkpt lat="9.506011" lon="-79.668693">
        <time>2026-08-08T14:01:33Z</time>
      </trkpt>
      <trkpt lat="9.506002" lon="-79.668656">
        <time>2026-08-08T14:01:39Z</time>
      </trkpt>
      <trkpt lat="9.505999" lon="-79.668648">
        <time>2026-08-08T14:01:40Z</time>
      </trkpt>
      <trkpt lat="9.505985" lon="-79.668596">
        <time>2026-08-08T14:01:45Z</time>
      </trkpt>
      <trkpt lat="9.505954" lon="-79.668524">
        <time>2026-08-08T14:01:52Z</time>
      </trkpt>
      <trkpt lat="9.505924" lon="-79.668446">
        <time>2026-08-08T14:01:59Z</time>
      </trkpt>
      <trkpt lat="9.505915" lon="-79.668442">
        <time>2026-08-08T14:02:00Z</time>
      </trkpt>
      <trkpt lat="9.505906" lon="-79.668419">
        <time>2026-08-08T14:02:02Z</time>
      </trkpt>
      <trkpt lat="9.505894" lon="-79.668398">
        <time>2026-08-08T14:02:04Z</time>
      </trkpt>
      <trkpt lat="9.505866" lon="-79.668340">
        <time>2026-08-08T14:02:09Z</time>
      </trkpt>
      <trkpt lat="9.505856" lon="-79.668310">
        <time>2026-08-08T14:02:12Z</time>
      </trkpt>
      <trkpt lat="9.505877" lon="-79.668261">
        <time>2026-08-08T14:02:17Z</time>
      </trkpt>
      <trkpt lat="9.505896" lon="-79.668187">
        <time>2026-08-08T14:02:24Z</time>
      </trkpt>
      <trkpt lat="9.505922" lon="-79.668131">
        <time>2026-08-08T14:02:30Z</time>
      </trkpt>
      <trkpt lat="9.505919" lon="-79.668117">
        <time>2026-08-08T14:02:31Z</time>
      </trkpt>
      <trkpt lat="9.505912" lon="-79.668091">
        <time>2026-08-08T14:02:34Z</time>
      </trkpt>
      <trkpt lat="9.505903" lon="-79.668075">
        <time>2026-08-08T14:02:35Z</time>
      </trkpt>
      <trkpt lat="9.505887" lon="-79.668047">
        <time>2026-08-08T14:02:38Z</time>
      </trkpt>
      <trkpt lat="9.505843" lon="-79.668003">
        <time>2026-08-08T14:02:43Z</time>
      </trkpt>
      <trkpt lat="9.505831" lon="-79.667952">
        <time>2026-08-08T14:02:49Z</time>
      </trkpt>
      <trkpt lat="9.505843" lon="-79.667904">
        <time>2026-08-08T14:02:54Z</time>
      </trkpt>
      <trkpt lat="9.505864" lon="-79.667886">
        <time>2026-08-08T14:02:57Z</time>
      </trkpt>
      <trkpt lat="9.505868" lon="-79.667877">
        <time>2026-08-08T14:02:59Z</time>
      </trkpt>
      <trkpt lat="9.505883" lon="-79.667840">
        <time>2026-08-08T14:03:03Z</time>
      </trkpt>
      <trkpt lat="9.505884" lon="-79.667818">
        <time>2026-08-08T14:03:05Z</time>
      </trkpt>
      <trkpt lat="9.505896" lon="-79.667777">
        <time>2026-08-08T14:03:10Z</time>
      </trkpt>
      <trkpt lat="9.505889" lon="-79.667768">
        <time>2026-08-08T14:03:11Z</time>
      </trkpt>
      <trkpt lat="9.505890" lon="-79.667760">
        <time>2026-08-08T14:03:12Z</time>
      </trkpt>
      <trkpt lat="9.505897" lon="-79.667749">
        <time>2026-08-08T14:03:14Z</time>
      </trkpt>
      <trkpt lat="9.505904" lon="-79.667714">
        <time>2026-08-08T14:03:18Z</time>
      </trkpt>
      <trkpt lat="9.505901" lon="-79.667653">
        <time>2026-08-08T14:03:25Z</time>
      </trkpt>
      <trkpt lat="9.505905" lon="-79.667640">
        <time>2026-08-08T14:03:27Z</time>
      </trkpt>
      <trkpt lat="9.505899" lon="-79.667570">
        <time>2026-08-08T14:03:34Z</time>
      </trkpt>
      <trkpt lat="9.505881" lon="-79.667504">
        <time>2026-08-08T14:03:40Z</time>
      </trkpt>
      <trkpt lat="9.505862" lon="-79.667431">
        <time>2026-08-08T14:03:49Z</time>
      </trkpt>
      <trkpt lat="9.505794" lon="-79.667351">
        <time>2026-08-08T14:03:59Z</time>
      </trkpt>
      <trkpt lat="9.505755" lon="-79.667335">
        <time>2026-08-08T14:04:04Z</time>
      </trkpt>
      <trkpt lat="9.505738" lon="-79.667293">
        <time>2026-08-08T14:04:09Z</time>
      </trkpt>
      <trkpt lat="9.505684" lon="-79.667255">
        <time>2026-08-08T14:04:15Z</time>
      </trkpt>
      <trkpt lat="9.505648" lon="-79.667209">
        <time>2026-08-08T14:04:21Z</time>
      </trkpt>
      <trkpt lat="9.505619" lon="-79.667163">
        <time>2026-08-08T14:04:26Z</time>
      </trkpt>
      <trkpt lat="9.505596" lon="-79.667137">
        <time>2026-08-08T14:04:31Z</time>
      </trkpt>
      <trkpt lat="9.505587" lon="-79.667095">
        <time>2026-08-08T14:04:36Z</time>
      </trkpt>
      <trkpt lat="9.505584" lon="-79.667039">
        <time>2026-08-08T14:04:41Z</time>
      </trkpt>
      <trkpt lat="9.505578" lon="-79.667002">
        <time>2026-08-08T14:04:45Z</time>
      </trkpt>
      <trkpt lat="9.505576" lon="-79.666965">
        <time>2026-08-08T14:04:48Z</time>
      </trkpt>
      <trkpt lat="9.505577" lon="-79.666953">
        <time>2026-08-08T14:04:50Z</time>
      </trkpt>
      <trkpt lat="9.505568" lon="-79.666945">
        <time>2026-08-08T14:04:51Z</time>
      </trkpt>
      <trkpt lat="9.505534" lon="-79.666900">
        <time>2026-08-08T14:04:56Z</time>
      </trkpt>
      <trkpt lat="9.505525" lon="-79.666897">
        <time>2026-08-08T14:04:57Z</time>
      </trkpt>
      <trkpt lat="9.505496" lon="-79.666867">
        <time>2026-08-08T14:05:02Z</time>
      </trkpt>
      <trkpt lat="9.505470" lon="-79.666837">
        <time>2026-08-08T14:05:07Z</time>
      </trkpt>
      <trkpt lat="9.505430" lon="-79.666780">
        <time>2026-08-08T14:05:13Z</time>
      </trkpt>
      <trkpt lat="9.505398" lon="-79.666735">
        <time>2026-08-08T14:05:18Z</time>
      </trkpt>
      <trkpt lat="9.505398" lon="-79.666723">
        <time>2026-08-08T14:05:22Z</time>
      </trkpt>
      <trkpt lat="9.505413" lon="-79.666719">
        <time>2026-08-08T14:05:23Z</time>
      </trkpt>
      <trkpt lat="9.505424" lon="-79.666708">
        <time>2026-08-08T14:05:26Z</time>
      </trkpt>
      <trkpt lat="9.505437" lon="-79.666698">
        <time>2026-08-08T14:05:28Z</time>
      </trkpt>
      <trkpt lat="9.505503" lon="-79.666693">
        <time>2026-08-08T14:05:34Z</time>
      </trkpt>
      <trkpt lat="9.505562" lon="-79.666650">
        <time>2026-08-08T14:05:41Z</time>
      </trkpt>
      <trkpt lat="9.505570" lon="-79.666586">
        <time>2026-08-08T14:05:48Z</time>
      </trkpt>
      <trkpt lat="9.505587" lon="-79.666536">
        <time>2026-08-08T14:05:54Z</time>
      </trkpt>
      <trkpt lat="9.505582" lon="-79.666482">
        <time>2026-08-08T14:06:00Z</time>
      </trkpt>
      <trkpt lat="9.505574" lon="-79.666469">
        <time>2026-08-08T14:06:06Z</time>
      </trkpt>
      <trkpt lat="9.505574" lon="-79.666468">
        <time>2026-08-08T14:06:08Z</time>
      </trkpt>
      <trkpt lat="9.505572" lon="-79.666454">
        <time>2026-08-08T14:06:12Z</time>
      </trkpt>
      <trkpt lat="9.505555" lon="-79.666428">
        <time>2026-08-08T14:06:15Z</time>
      </trkpt>
      <trkpt lat="9.505547" lon="-79.666409">
        <time>2026-08-08T14:06:18Z</time>
      </trkpt>
      <trkpt lat="9.505519" lon="-79.666363">
        <time>2026-08-08T14:06:23Z</time>
      </trkpt>
      <trkpt lat="9.505499" lon="-79.666320">
        <time>2026-08-08T14:06:28Z</time>
      </trkpt>
      <trkpt lat="9.505476" lon="-79.666261">
        <time>2026-08-08T14:06:35Z</time>
      </trkpt>
      <trkpt lat="9.505466" lon="-79.666226">
        <time>2026-08-08T14:06:41Z</time>
      </trkpt>
      <trkpt lat="9.505455" lon="-79.666179">
        <time>2026-08-08T14:06:46Z</time>
      </trkpt>
      <trkpt lat="9.505432" lon="-79.666104">
        <time>2026-08-08T14:06:53Z</time>
      </trkpt>
      <trkpt lat="9.505392" lon="-79.666053">
        <time>2026-08-08T14:07:01Z</time>
      </trkpt>
      <trkpt lat="9.505339" lon="-79.666043">
        <time>2026-08-08T14:07:07Z</time>
      </trkpt>
      <trkpt lat="9.505328" lon="-79.666015">
        <time>2026-08-08T14:07:12Z</time>
      </trkpt>
      <trkpt lat="9.505319" lon="-79.666001">
        <time>2026-08-08T14:07:14Z</time>
      </trkpt>
      <trkpt lat="9.505319" lon="-79.665996">
        <time>2026-08-08T14:07:20Z</time>
      </trkpt>
      <trkpt lat="9.505319" lon="-79.665996">
        <time>2026-08-08T14:07:22Z</time>
      </trkpt>
      <trkpt lat="9.505319" lon="-79.665996">
        <time>2026-08-08T14:07:23Z</time>
      </trkpt>
      <trkpt lat="9.505327" lon="-79.665999">
        <time>2026-08-08T14:07:28Z</time>
      </trkpt>
      <trkpt lat="9.505337" lon="-79.665984">
        <time>2026-08-08T14:07:30Z</time>
      </trkpt>
      <trkpt lat="9.505336" lon="-79.665959">
        <time>2026-08-08T14:07:34Z</time>
      </trkpt>
      <trkpt lat="9.505329" lon="-79.665933">
        <time>2026-08-08T14:07:41Z</time>
      </trkpt>
      <trkpt lat="9.505332" lon="-79.665935">
        <time>2026-08-08T14:07:42Z</time>
      </trkpt>
      <trkpt lat="9.505333" lon="-79.665932">
        <time>2026-08-08T14:07:43Z</time>
      </trkpt>
      <trkpt lat="9.505336" lon="-79.665926">
        <time>2026-08-08T14:07:44Z</time>
      </trkpt>
      <trkpt lat="9.505349" lon="-79.665914">
        <time>2026-08-08T14:07:46Z</time>
      </trkpt>
      <trkpt lat="9.505356" lon="-79.665897">
        <time>2026-08-08T14:07:48Z</time>
      </trkpt>
      <trkpt lat="9.505348" lon="-79.665876">
        <time>2026-08-08T14:07:50Z</time>
      </trkpt>
      <trkpt lat="9.505323" lon="-79.665850">
        <time>2026-08-08T14:07:54Z</time>
      </trkpt>
      <trkpt lat="9.505303" lon="-79.665826">
        <time>2026-08-08T14:07:57Z</time>
      </trkpt>
      <trkpt lat="9.505277" lon="-79.665814">
        <time>2026-08-08T14:08:00Z</time>
      </trkpt>
      <trkpt lat="9.505264" lon="-79.665807">
        <time>2026-08-08T14:08:02Z</time>
      </trkpt>
      <trkpt lat="9.505246" lon="-79.665807">
        <time>2026-08-08T14:08:08Z</time>
      </trkpt>
      <trkpt lat="9.505257" lon="-79.665814">
        <time>2026-08-08T14:08:14Z</time>
      </trkpt>
      <trkpt lat="9.505256" lon="-79.665824">
        <time>2026-08-08T14:08:19Z</time>
      </trkpt>
      <trkpt lat="9.505255" lon="-79.665818">
        <time>2026-08-08T14:08:21Z</time>
      </trkpt>
      <trkpt lat="9.505295" lon="-79.665792">
        <time>2026-08-08T14:08:26Z</time>
      </trkpt>
      <trkpt lat="9.505305" lon="-79.665785">
        <time>2026-08-08T14:08:27Z</time>
      </trkpt>
      <trkpt lat="9.505197" lon="-79.665793">
        <time>2026-08-08T14:29:34Z</time>
      </trkpt>
      <trkpt lat="9.505184" lon="-79.665774">
        <time>2026-08-08T14:29:36Z</time>
      </trkpt>
      <trkpt lat="9.505204" lon="-79.665779">
        <time>2026-08-08T14:29:37Z</time>
      </trkpt>
      <trkpt lat="9.505213" lon="-79.665762">
        <time>2026-08-08T14:29:40Z</time>
      </trkpt>
      <trkpt lat="9.505213" lon="-79.665757">
        <time>2026-08-08T14:29:42Z</time>
      </trkpt>
      <trkpt lat="9.505213" lon="-79.665741">
        <time>2026-08-08T14:29:44Z</time>
      </trkpt>
      <trkpt lat="9.505207" lon="-79.665715">
        <time>2026-08-08T14:29:47Z</time>
      </trkpt>
      <trkpt lat="9.505200" lon="-79.665694">
        <time>2026-08-08T14:29:51Z</time>
      </trkpt>
      <trkpt lat="9.505182" lon="-79.665680">
        <time>2026-08-08T14:29:54Z</time>
      </trkpt>
      <trkpt lat="9.505179" lon="-79.665681">
        <time>2026-08-08T14:29:55Z</time>
      </trkpt>
      <trkpt lat="9.505184" lon="-79.665676">
        <time>2026-08-08T14:30:02Z</time>
      </trkpt>
      <trkpt lat="9.505192" lon="-79.665648">
        <time>2026-08-08T14:30:10Z</time>
      </trkpt>
      <trkpt lat="9.505194" lon="-79.665632">
        <time>2026-08-08T14:30:14Z</time>
      </trkpt>
      <trkpt lat="9.505191" lon="-79.665627">
        <time>2026-08-08T14:30:16Z</time>
      </trkpt>
      <trkpt lat="9.505156" lon="-79.665595">
        <time>2026-08-08T14:30:24Z</time>
      </trkpt>
      <trkpt lat="9.505136" lon="-79.665564">
        <time>2026-08-08T14:30:28Z</time>
      </trkpt>
      <trkpt lat="9.505127" lon="-79.665564">
        <time>2026-08-08T14:30:29Z</time>
      </trkpt>
      <trkpt lat="9.505112" lon="-79.665566">
        <time>2026-08-08T14:30:31Z</time>
      </trkpt>
      <trkpt lat="9.505103" lon="-79.665567">
        <time>2026-08-08T14:30:36Z</time>
      </trkpt>
      <trkpt lat="9.505114" lon="-79.665562">
        <time>2026-08-08T14:30:41Z</time>
      </trkpt>
      <trkpt lat="9.505127" lon="-79.665543">
        <time>2026-08-08T14:30:47Z</time>
      </trkpt>
      <trkpt lat="9.505120" lon="-79.665536">
        <time>2026-08-08T14:30:49Z</time>
      </trkpt>
      <trkpt lat="9.505094" lon="-79.665526">
        <time>2026-08-08T14:30:52Z</time>
      </trkpt>
      <trkpt lat="9.505040" lon="-79.665511">
        <time>2026-08-08T14:30:58Z</time>
      </trkpt>
      <trkpt lat="9.505003" lon="-79.665496">
        <time>2026-08-08T14:31:04Z</time>
      </trkpt>
      <trkpt lat="9.504959" lon="-79.665492">
        <time>2026-08-08T14:31:13Z</time>
      </trkpt>
      <trkpt lat="9.504954" lon="-79.665486">
        <time>2026-08-08T14:31:19Z</time>
      </trkpt>
      <trkpt lat="9.504936" lon="-79.665475">
        <time>2026-08-08T14:31:22Z</time>
      </trkpt>
      <trkpt lat="9.504936" lon="-79.665474">
        <time>2026-08-08T14:31:23Z</time>
      </trkpt>
      <trkpt lat="9.504936" lon="-79.665473">
        <time>2026-08-08T14:31:24Z</time>
      </trkpt>
      <trkpt lat="9.504933" lon="-79.665473">
        <time>2026-08-08T14:31:25Z</time>
      </trkpt>
      <trkpt lat="9.504951" lon="-79.665479">
        <time>2026-08-08T14:31:29Z</time>
      </trkpt>
      <trkpt lat="9.504949" lon="-79.665471">
        <time>2026-08-08T14:31:33Z</time>
      </trkpt>
      <trkpt lat="9.504947" lon="-79.665468">
        <time>2026-08-08T14:31:36Z</time>
      </trkpt>
      <trkpt lat="9.504946" lon="-79.665458">
        <time>2026-08-08T14:31:38Z</time>
      </trkpt>
      <trkpt lat="9.504955" lon="-79.665446">
        <time>2026-08-08T14:31:40Z</time>
      </trkpt>
      <trkpt lat="9.504940" lon="-79.665438">
        <time>2026-08-08T14:31:45Z</time>
      </trkpt>
      <trkpt lat="9.504942" lon="-79.665439">
        <time>2026-08-08T14:31:46Z</time>
      </trkpt>
      <trkpt lat="9.504941" lon="-79.665424">
        <time>2026-08-08T14:31:48Z</time>
      </trkpt>
      <trkpt lat="9.504936" lon="-79.665400">
        <time>2026-08-08T14:31:50Z</time>
      </trkpt>
      <trkpt lat="9.504931" lon="-79.665379">
        <time>2026-08-08T14:31:52Z</time>
      </trkpt>
      <trkpt lat="9.504933" lon="-79.665342">
        <time>2026-08-08T14:31:57Z</time>
      </trkpt>
      <trkpt lat="9.504933" lon="-79.665335">
        <time>2026-08-08T14:32:04Z</time>
      </trkpt>
      <trkpt lat="9.504930" lon="-79.665332">
        <time>2026-08-08T14:32:09Z</time>
      </trkpt>
      <trkpt lat="9.504927" lon="-79.665329">
        <time>2026-08-08T14:32:10Z</time>
      </trkpt>
      <trkpt lat="9.504945" lon="-79.665274">
        <time>2026-08-08T14:32:17Z</time>
      </trkpt>
      <trkpt lat="9.504931" lon="-79.665257">
        <time>2026-08-08T14:32:23Z</time>
      </trkpt>
      <trkpt lat="9.504940" lon="-79.665244">
        <time>2026-08-08T14:32:29Z</time>
      </trkpt>
      <trkpt lat="9.504939" lon="-79.665236">
        <time>2026-08-08T14:32:30Z</time>
      </trkpt>
      <trkpt lat="9.504960" lon="-79.665209">
        <time>2026-08-08T14:32:35Z</time>
      </trkpt>
      <trkpt lat="9.504967" lon="-79.665191">
        <time>2026-08-08T14:32:38Z</time>
      </trkpt>
      <trkpt lat="9.504961" lon="-79.665175">
        <time>2026-08-08T14:32:40Z</time>
      </trkpt>
      <trkpt lat="9.504947" lon="-79.665153">
        <time>2026-08-08T14:32:46Z</time>
      </trkpt>
      <trkpt lat="9.504957" lon="-79.665145">
        <time>2026-08-08T14:32:51Z</time>
      </trkpt>
      <trkpt lat="9.504942" lon="-79.665105">
        <time>2026-08-08T14:32:58Z</time>
      </trkpt>
      <trkpt lat="9.504938" lon="-79.665093">
        <time>2026-08-08T14:33:00Z</time>
      </trkpt>
      <trkpt lat="9.504937" lon="-79.665089">
        <time>2026-08-08T14:33:03Z</time>
      </trkpt>
      <trkpt lat="9.504946" lon="-79.665074">
        <time>2026-08-08T14:33:07Z</time>
      </trkpt>
      <trkpt lat="9.504951" lon="-79.665042">
        <time>2026-08-08T14:33:13Z</time>
      </trkpt>
      <trkpt lat="9.504952" lon="-79.665012">
        <time>2026-08-08T14:33:18Z</time>
      </trkpt>
      <trkpt lat="9.504948" lon="-79.665006">
        <time>2026-08-08T14:33:22Z</time>
      </trkpt>
      <trkpt lat="9.504945" lon="-79.664993">
        <time>2026-08-08T14:33:23Z</time>
      </trkpt>
      <trkpt lat="9.504943" lon="-79.664980">
        <time>2026-08-08T14:33:26Z</time>
      </trkpt>
      <trkpt lat="9.504936" lon="-79.664964">
        <time>2026-08-08T14:33:29Z</time>
      </trkpt>
      <trkpt lat="9.504936" lon="-79.664959">
        <time>2026-08-08T14:33:34Z</time>
      </trkpt>
      <trkpt lat="9.504949" lon="-79.664962">
        <time>2026-08-08T14:33:37Z</time>
      </trkpt>
      <trkpt lat="9.504954" lon="-79.664967">
        <time>2026-08-08T14:33:39Z</time>
      </trkpt>
      <trkpt lat="9.504973" lon="-79.664959">
        <time>2026-08-08T14:33:43Z</time>
      </trkpt>
      <trkpt lat="9.504998" lon="-79.664959">
        <time>2026-08-08T14:33:47Z</time>
      </trkpt>
      <trkpt lat="9.505000" lon="-79.664954">
        <time>2026-08-08T14:33:48Z</time>
      </trkpt>
      <trkpt lat="9.505005" lon="-79.664939">
        <time>2026-08-08T14:33:52Z</time>
      </trkpt>
      <trkpt lat="9.505005" lon="-79.664929">
        <time>2026-08-08T14:33:53Z</time>
      </trkpt>
      <trkpt lat="9.505010" lon="-79.664910">
        <time>2026-08-08T14:33:55Z</time>
      </trkpt>
      <trkpt lat="9.505006" lon="-79.664895">
        <time>2026-08-08T14:33:57Z</time>
      </trkpt>
      <trkpt lat="9.505001" lon="-79.664886">
        <time>2026-08-08T14:33:59Z</time>
      </trkpt>
      <trkpt lat="9.505010" lon="-79.664869">
        <time>2026-08-08T14:34:01Z</time>
      </trkpt>
      <trkpt lat="9.505008" lon="-79.664826">
        <time>2026-08-08T14:34:06Z</time>
      </trkpt>
      <trkpt lat="9.505006" lon="-79.664795">
        <time>2026-08-08T14:34:12Z</time>
      </trkpt>
      <trkpt lat="9.505000" lon="-79.664776">
        <time>2026-08-08T14:34:14Z</time>
      </trkpt>
      <trkpt lat="9.504987" lon="-79.664762">
        <time>2026-08-08T14:34:16Z</time>
      </trkpt>
      <trkpt lat="9.504981" lon="-79.664754">
        <time>2026-08-08T14:34:20Z</time>
      </trkpt>
      <trkpt lat="9.504976" lon="-79.664754">
        <time>2026-08-08T14:34:21Z</time>
      </trkpt>
      <trkpt lat="9.504964" lon="-79.664730">
        <time>2026-08-08T14:34:25Z</time>
      </trkpt>
      <trkpt lat="9.504963" lon="-79.664727">
        <time>2026-08-08T14:34:27Z</time>
      </trkpt>
      <trkpt lat="9.504962" lon="-79.664727">
        <time>2026-08-08T14:34:30Z</time>
      </trkpt>
      <trkpt lat="9.504945" lon="-79.664723">
        <time>2026-08-08T14:34:33Z</time>
      </trkpt>
      <trkpt lat="9.504930" lon="-79.664721">
        <time>2026-08-08T14:34:35Z</time>
      </trkpt>
      <trkpt lat="9.504913" lon="-79.664719">
        <time>2026-08-08T14:34:40Z</time>
      </trkpt>
      <trkpt lat="9.504879" lon="-79.664707">
        <time>2026-08-08T14:34:45Z</time>
      </trkpt>
      <trkpt lat="9.504875" lon="-79.664697">
        <time>2026-08-08T14:34:47Z</time>
      </trkpt>
      <trkpt lat="9.504867" lon="-79.664693">
        <time>2026-08-08T14:34:48Z</time>
      </trkpt>
      <trkpt lat="9.504853" lon="-79.664686">
        <time>2026-08-08T14:34:50Z</time>
      </trkpt>
      <trkpt lat="9.504849" lon="-79.664688">
        <time>2026-08-08T14:34:51Z</time>
      </trkpt>
      <trkpt lat="9.504844" lon="-79.664688">
        <time>2026-08-08T14:34:52Z</time>
      </trkpt>
      <trkpt lat="9.504842" lon="-79.664667">
        <time>2026-08-08T14:34:54Z</time>
      </trkpt>
      <trkpt lat="9.504806" lon="-79.664627">
        <time>2026-08-08T14:35:00Z</time>
      </trkpt>
      <trkpt lat="9.504768" lon="-79.664616">
        <time>2026-08-08T14:35:03Z</time>
      </trkpt>
      <trkpt lat="9.504735" lon="-79.664604">
        <time>2026-08-08T14:35:10Z</time>
      </trkpt>
      <trkpt lat="9.504714" lon="-79.664591">
        <time>2026-08-08T14:35:15Z</time>
      </trkpt>
      <trkpt lat="9.504694" lon="-79.664575">
        <time>2026-08-08T14:35:17Z</time>
      </trkpt>
      <trkpt lat="9.504697" lon="-79.664563">
        <time>2026-08-08T14:35:20Z</time>
      </trkpt>
      <trkpt lat="9.504701" lon="-79.664556">
        <time>2026-08-08T14:35:21Z</time>
      </trkpt>
      <trkpt lat="9.504710" lon="-79.664518">
        <time>2026-08-08T14:35:27Z</time>
      </trkpt>
      <trkpt lat="9.504736" lon="-79.664463">
        <time>2026-08-08T14:35:34Z</time>
      </trkpt>
      <trkpt lat="9.504746" lon="-79.664466">
        <time>2026-08-08T14:35:41Z</time>
      </trkpt>
      <trkpt lat="9.504751" lon="-79.664449">
        <time>2026-08-08T14:35:43Z</time>
      </trkpt>
      <trkpt lat="9.504759" lon="-79.664433">
        <time>2026-08-08T14:35:45Z</time>
      </trkpt>
      <trkpt lat="9.504769" lon="-79.664417">
        <time>2026-08-08T14:35:47Z</time>
      </trkpt>
      <trkpt lat="9.504777" lon="-79.664394">
        <time>2026-08-08T14:35:50Z</time>
      </trkpt>
      <trkpt lat="9.504791" lon="-79.664357">
        <time>2026-08-08T14:35:55Z</time>
      </trkpt>
      <trkpt lat="9.504796" lon="-79.664347">
        <time>2026-08-08T14:35:56Z</time>
      </trkpt>
      <trkpt lat="9.504805" lon="-79.664328">
        <time>2026-08-08T14:35:58Z</time>
      </trkpt>
      <trkpt lat="9.504808" lon="-79.664317">
        <time>2026-08-08T14:35:59Z</time>
      </trkpt>
      <trkpt lat="9.504810" lon="-79.664304">
        <time>2026-08-08T14:36:02Z</time>
      </trkpt>
      <trkpt lat="9.504823" lon="-79.664311">
        <time>2026-08-08T14:36:03Z</time>
      </trkpt>
      <trkpt lat="9.504832" lon="-79.664309">
        <time>2026-08-08T14:36:04Z</time>
      </trkpt>
      <trkpt lat="9.504851" lon="-79.664301">
        <time>2026-08-08T14:36:06Z</time>
      </trkpt>
      <trkpt lat="9.504883" lon="-79.664277">
        <time>2026-08-08T14:36:11Z</time>
      </trkpt>
      <trkpt lat="9.504895" lon="-79.664238">
        <time>2026-08-08T14:36:16Z</time>
      </trkpt>
      <trkpt lat="9.504902" lon="-79.664182">
        <time>2026-08-08T14:36:22Z</time>
      </trkpt>
      <trkpt lat="9.504900" lon="-79.664144">
        <time>2026-08-08T14:36:25Z</time>
      </trkpt>
      <trkpt lat="9.504886" lon="-79.664124">
        <time>2026-08-08T14:36:27Z</time>
      </trkpt>
      <trkpt lat="9.504882" lon="-79.664108">
        <time>2026-08-08T14:36:29Z</time>
      </trkpt>
      <trkpt lat="9.504859" lon="-79.664070">
        <time>2026-08-08T14:36:32Z</time>
      </trkpt>
      <trkpt lat="9.504851" lon="-79.664061">
        <time>2026-08-08T14:36:34Z</time>
      </trkpt>
      <trkpt lat="9.504851" lon="-79.664040">
        <time>2026-08-08T14:36:39Z</time>
      </trkpt>
      <trkpt lat="9.504852" lon="-79.664024">
        <time>2026-08-08T14:36:42Z</time>
      </trkpt>
      <trkpt lat="9.504861" lon="-79.664017">
        <time>2026-08-08T14:36:47Z</time>
      </trkpt>
      <trkpt lat="9.504864" lon="-79.664018">
        <time>2026-08-08T14:36:48Z</time>
      </trkpt>
      <trkpt lat="9.504885" lon="-79.663950">
        <time>2026-08-08T14:36:57Z</time>
      </trkpt>
      <trkpt lat="9.504892" lon="-79.663944">
        <time>2026-08-08T14:37:00Z</time>
      </trkpt>
      <trkpt lat="9.504899" lon="-79.663921">
        <time>2026-08-08T14:37:02Z</time>
      </trkpt>
      <trkpt lat="9.504903" lon="-79.663904">
        <time>2026-08-08T14:37:04Z</time>
      </trkpt>
      <trkpt lat="9.504916" lon="-79.663855">
        <time>2026-08-08T14:37:09Z</time>
      </trkpt>
      <trkpt lat="9.504921" lon="-79.663847">
        <time>2026-08-08T14:37:10Z</time>
      </trkpt>
      <trkpt lat="9.504935" lon="-79.663834">
        <time>2026-08-08T14:37:12Z</time>
      </trkpt>
      <trkpt lat="9.504941" lon="-79.663813">
        <time>2026-08-08T14:37:14Z</time>
      </trkpt>
      <trkpt lat="9.504943" lon="-79.663804">
        <time>2026-08-08T14:37:15Z</time>
      </trkpt>
      <trkpt lat="9.504948" lon="-79.663765">
        <time>2026-08-08T14:37:19Z</time>
      </trkpt>
      <trkpt lat="9.504959" lon="-79.663747">
        <time>2026-08-08T14:37:22Z</time>
      </trkpt>
      <trkpt lat="9.504976" lon="-79.663706">
        <time>2026-08-08T14:37:28Z</time>
      </trkpt>
      <trkpt lat="9.504978" lon="-79.663651">
        <time>2026-08-08T14:37:34Z</time>
      </trkpt>
      <trkpt lat="9.504981" lon="-79.663550">
        <time>2026-08-08T14:37:42Z</time>
      </trkpt>
      <trkpt lat="9.504982" lon="-79.663531">
        <time>2026-08-08T14:37:44Z</time>
      </trkpt>
      <trkpt lat="9.505012" lon="-79.663483">
        <time>2026-08-08T14:37:49Z</time>
      </trkpt>
      <trkpt lat="9.505030" lon="-79.663415">
        <time>2026-08-08T14:37:56Z</time>
      </trkpt>
      <trkpt lat="9.505052" lon="-79.663345">
        <time>2026-08-08T14:38:03Z</time>
      </trkpt>
      <trkpt lat="9.505071" lon="-79.663338">
        <time>2026-08-08T14:38:05Z</time>
      </trkpt>
      <trkpt lat="9.505082" lon="-79.663332">
        <time>2026-08-08T14:38:08Z</time>
      </trkpt>
      <trkpt lat="9.505092" lon="-79.663291">
        <time>2026-08-08T14:38:13Z</time>
      </trkpt>
      <trkpt lat="9.505091" lon="-79.663283">
        <time>2026-08-08T14:38:14Z</time>
      </trkpt>
      <trkpt lat="9.505093" lon="-79.663264">
        <time>2026-08-08T14:38:16Z</time>
      </trkpt>
      <trkpt lat="9.505093" lon="-79.663198">
        <time>2026-08-08T14:38:22Z</time>
      </trkpt>
      <trkpt lat="9.505097" lon="-79.663143">
        <time>2026-08-08T14:38:27Z</time>
      </trkpt>
      <trkpt lat="9.505104" lon="-79.663111">
        <time>2026-08-08T14:38:30Z</time>
      </trkpt>
      <trkpt lat="9.505103" lon="-79.663090">
        <time>2026-08-08T14:38:33Z</time>
      </trkpt>
      <trkpt lat="9.505109" lon="-79.663082">
        <time>2026-08-08T14:38:36Z</time>
      </trkpt>
      <trkpt lat="9.505112" lon="-79.663073">
        <time>2026-08-08T14:38:37Z</time>
      </trkpt>
      <trkpt lat="9.505107" lon="-79.663054">
        <time>2026-08-08T14:38:40Z</time>
      </trkpt>
      <trkpt lat="9.505107" lon="-79.663021">
        <time>2026-08-08T14:38:44Z</time>
      </trkpt>
      <trkpt lat="9.505121" lon="-79.663002">
        <time>2026-08-08T14:38:47Z</time>
      </trkpt>
      <trkpt lat="9.505124" lon="-79.662993">
        <time>2026-08-08T14:38:48Z</time>
      </trkpt>
      <trkpt lat="9.505147" lon="-79.662936">
        <time>2026-08-08T14:38:54Z</time>
      </trkpt>
      <trkpt lat="9.505156" lon="-79.662920">
        <time>2026-08-08T14:38:56Z</time>
      </trkpt>
      <trkpt lat="9.505174" lon="-79.662885">
        <time>2026-08-08T14:39:01Z</time>
      </trkpt>
      <trkpt lat="9.505176" lon="-79.662840">
        <time>2026-08-08T14:39:07Z</time>
      </trkpt>
      <trkpt lat="9.505182" lon="-79.662831">
        <time>2026-08-08T14:39:09Z</time>
      </trkpt>
      <trkpt lat="9.505203" lon="-79.662794">
        <time>2026-08-08T14:39:14Z</time>
      </trkpt>
      <trkpt lat="9.505239" lon="-79.662764">
        <time>2026-08-08T14:39:20Z</time>
      </trkpt>
      <trkpt lat="9.505239" lon="-79.662760">
        <time>2026-08-08T14:39:21Z</time>
      </trkpt>
      <trkpt lat="9.505238" lon="-79.662751">
        <time>2026-08-08T14:39:22Z</time>
      </trkpt>
      <trkpt lat="9.505261" lon="-79.662745">
        <time>2026-08-08T14:39:25Z</time>
      </trkpt>
      <trkpt lat="9.505266" lon="-79.662736">
        <time>2026-08-08T14:39:26Z</time>
      </trkpt>
      <trkpt lat="9.505285" lon="-79.662723">
        <time>2026-08-08T14:39:28Z</time>
      </trkpt>
      <trkpt lat="9.505323" lon="-79.662657">
        <time>2026-08-08T14:39:34Z</time>
      </trkpt>
      <trkpt lat="9.505328" lon="-79.662635">
        <time>2026-08-08T14:39:37Z</time>
      </trkpt>
      <trkpt lat="9.505324" lon="-79.662583">
        <time>2026-08-08T14:39:45Z</time>
      </trkpt>
      <trkpt lat="9.505342" lon="-79.662530">
        <time>2026-08-08T14:39:51Z</time>
      </trkpt>
      <trkpt lat="9.505343" lon="-79.662454">
        <time>2026-08-08T14:39:58Z</time>
      </trkpt>
      <trkpt lat="9.505347" lon="-79.662430">
        <time>2026-08-08T14:40:04Z</time>
      </trkpt>
      <trkpt lat="9.505362" lon="-79.662371">
        <time>2026-08-08T14:40:12Z</time>
      </trkpt>
      <trkpt lat="9.505369" lon="-79.662297">
        <time>2026-08-08T14:40:21Z</time>
      </trkpt>
      <trkpt lat="9.505374" lon="-79.662272">
        <time>2026-08-08T14:40:25Z</time>
      </trkpt>
      <trkpt lat="9.505380" lon="-79.662246">
        <time>2026-08-08T14:40:28Z</time>
      </trkpt>
      <trkpt lat="9.505415" lon="-79.662210">
        <time>2026-08-08T14:40:34Z</time>
      </trkpt>
      <trkpt lat="9.505425" lon="-79.662198">
        <time>2026-08-08T14:40:37Z</time>
      </trkpt>
      <trkpt lat="9.505437" lon="-79.662173">
        <time>2026-08-08T14:40:40Z</time>
      </trkpt>
      <trkpt lat="9.505464" lon="-79.662128">
        <time>2026-08-08T14:40:46Z</time>
      </trkpt>
      <trkpt lat="9.505473" lon="-79.662111">
        <time>2026-08-08T14:40:49Z</time>
      </trkpt>
      <trkpt lat="9.505476" lon="-79.662093">
        <time>2026-08-08T14:40:52Z</time>
      </trkpt>
      <trkpt lat="9.505487" lon="-79.662046">
        <time>2026-08-08T14:40:58Z</time>
      </trkpt>
      <trkpt lat="9.505485" lon="-79.662025">
        <time>2026-08-08T14:41:05Z</time>
      </trkpt>
      <trkpt lat="9.505485" lon="-79.662015">
        <time>2026-08-08T14:41:09Z</time>
      </trkpt>
      <trkpt lat="9.505490" lon="-79.662012">
        <time>2026-08-08T14:41:10Z</time>
      </trkpt>
      <trkpt lat="9.505491" lon="-79.662007">
        <time>2026-08-08T14:41:11Z</time>
      </trkpt>
      <trkpt lat="9.505504" lon="-79.661979">
        <time>2026-08-08T14:41:16Z</time>
      </trkpt>
      <trkpt lat="9.505502" lon="-79.661962">
        <time>2026-08-08T14:41:18Z</time>
      </trkpt>
      <trkpt lat="9.505520" lon="-79.661934">
        <time>2026-08-08T14:41:23Z</time>
      </trkpt>
      <trkpt lat="9.505513" lon="-79.661898">
        <time>2026-08-08T14:41:29Z</time>
      </trkpt>
      <trkpt lat="9.505487" lon="-79.661896">
        <time>2026-08-08T14:41:34Z</time>
      </trkpt>
      <trkpt lat="9.505491" lon="-79.661901">
        <time>2026-08-08T14:41:36Z</time>
      </trkpt>
      <trkpt lat="9.505484" lon="-79.661918">
        <time>2026-08-08T14:41:39Z</time>
      </trkpt>
      <trkpt lat="9.505461" lon="-79.661905">
        <time>2026-08-08T14:41:44Z</time>
      </trkpt>
      <trkpt lat="9.505458" lon="-79.661883">
        <time>2026-08-08T14:41:49Z</time>
      </trkpt>
      <trkpt lat="9.505458" lon="-79.661873">
        <time>2026-08-08T14:41:51Z</time>
      </trkpt>
      <trkpt lat="9.505462" lon="-79.661865">
        <time>2026-08-08T14:41:54Z</time>
      </trkpt>
      <trkpt lat="9.505463" lon="-79.661860">
        <time>2026-08-08T14:41:55Z</time>
      </trkpt>
      <trkpt lat="9.505464" lon="-79.661856">
        <time>2026-08-08T14:41:57Z</time>
      </trkpt>
      <trkpt lat="9.505468" lon="-79.661838">
        <time>2026-08-08T14:42:01Z</time>
      </trkpt>
      <trkpt lat="9.505467" lon="-79.661797">
        <time>2026-08-08T14:42:05Z</time>
      </trkpt>
      <trkpt lat="9.505461" lon="-79.661731">
        <time>2026-08-08T14:42:12Z</time>
      </trkpt>
      <trkpt lat="9.505472" lon="-79.661671">
        <time>2026-08-08T14:42:19Z</time>
      </trkpt>
      <trkpt lat="9.505490" lon="-79.661610">
        <time>2026-08-08T14:42:26Z</time>
      </trkpt>
      <trkpt lat="9.505506" lon="-79.661537">
        <time>2026-08-08T14:42:34Z</time>
      </trkpt>
      <trkpt lat="9.505521" lon="-79.661469">
        <time>2026-08-08T14:42:44Z</time>
      </trkpt>
      <trkpt lat="9.505565" lon="-79.661420">
        <time>2026-08-08T14:42:50Z</time>
      </trkpt>
      <trkpt lat="9.505576" lon="-79.661413">
        <time>2026-08-08T14:42:51Z</time>
      </trkpt>
      <trkpt lat="9.505599" lon="-79.661381">
        <time>2026-08-08T14:42:55Z</time>
      </trkpt>
      <trkpt lat="9.505601" lon="-79.661374">
        <time>2026-08-08T14:42:56Z</time>
      </trkpt>
      <trkpt lat="9.505641" lon="-79.661307">
        <time>2026-08-08T14:43:04Z</time>
      </trkpt>
      <trkpt lat="9.505652" lon="-79.661278">
        <time>2026-08-08T14:43:08Z</time>
      </trkpt>
      <trkpt lat="9.505667" lon="-79.661254">
        <time>2026-08-08T14:43:11Z</time>
      </trkpt>
      <trkpt lat="9.505674" lon="-79.661233">
        <time>2026-08-08T14:43:13Z</time>
      </trkpt>
      <trkpt lat="9.505684" lon="-79.661177">
        <time>2026-08-08T14:43:18Z</time>
      </trkpt>
      <trkpt lat="9.505699" lon="-79.661158">
        <time>2026-08-08T14:43:22Z</time>
      </trkpt>
      <trkpt lat="9.505709" lon="-79.661102">
        <time>2026-08-08T14:43:28Z</time>
      </trkpt>
      <trkpt lat="9.505720" lon="-79.661060">
        <time>2026-08-08T14:43:34Z</time>
      </trkpt>
      <trkpt lat="9.505728" lon="-79.661032">
        <time>2026-08-08T14:43:40Z</time>
      </trkpt>
      <trkpt lat="9.505733" lon="-79.661018">
        <time>2026-08-08T14:43:42Z</time>
      </trkpt>
      <trkpt lat="9.505740" lon="-79.660986">
        <time>2026-08-08T14:43:47Z</time>
      </trkpt>
      <trkpt lat="9.505741" lon="-79.660980">
        <time>2026-08-08T14:43:48Z</time>
      </trkpt>
      <trkpt lat="9.505740" lon="-79.660954">
        <time>2026-08-08T14:43:52Z</time>
      </trkpt>
      <trkpt lat="9.505751" lon="-79.660925">
        <time>2026-08-08T14:43:56Z</time>
      </trkpt>
      <trkpt lat="9.505771" lon="-79.660885">
        <time>2026-08-08T14:44:03Z</time>
      </trkpt>
      <trkpt lat="9.505802" lon="-79.660812">
        <time>2026-08-08T14:44:10Z</time>
      </trkpt>
      <trkpt lat="9.505806" lon="-79.660756">
        <time>2026-08-08T14:44:16Z</time>
      </trkpt>
      <trkpt lat="9.505828" lon="-79.660727">
        <time>2026-08-08T14:44:24Z</time>
      </trkpt>
      <trkpt lat="9.505833" lon="-79.660684">
        <time>2026-08-08T14:44:33Z</time>
      </trkpt>
      <trkpt lat="9.505836" lon="-79.660638">
        <time>2026-08-08T14:44:39Z</time>
      </trkpt>
      <trkpt lat="9.505839" lon="-79.660616">
        <time>2026-08-08T14:44:44Z</time>
      </trkpt>
      <trkpt lat="9.505844" lon="-79.660598">
        <time>2026-08-08T14:44:46Z</time>
      </trkpt>
      <trkpt lat="9.505837" lon="-79.660549">
        <time>2026-08-08T14:44:52Z</time>
      </trkpt>
      <trkpt lat="9.505841" lon="-79.660531">
        <time>2026-08-08T14:44:57Z</time>
      </trkpt>
      <trkpt lat="9.505845" lon="-79.660513">
        <time>2026-08-08T14:45:00Z</time>
      </trkpt>
      <trkpt lat="9.505862" lon="-79.660496">
        <time>2026-08-08T14:45:07Z</time>
      </trkpt>
      <trkpt lat="9.505878" lon="-79.660475">
        <time>2026-08-08T14:45:11Z</time>
      </trkpt>
      <trkpt lat="9.505885" lon="-79.660462">
        <time>2026-08-08T14:45:13Z</time>
      </trkpt>
      <trkpt lat="9.505891" lon="-79.660451">
        <time>2026-08-08T14:45:14Z</time>
      </trkpt>
      <trkpt lat="9.505928" lon="-79.660377">
        <time>2026-08-08T14:45:23Z</time>
      </trkpt>
      <trkpt lat="9.505955" lon="-79.660277">
        <time>2026-08-08T14:45:33Z</time>
      </trkpt>
      <trkpt lat="9.505969" lon="-79.660241">
        <time>2026-08-08T14:45:38Z</time>
      </trkpt>
      <trkpt lat="9.505986" lon="-79.660229">
        <time>2026-08-08T14:45:42Z</time>
      </trkpt>
      <trkpt lat="9.506008" lon="-79.660203">
        <time>2026-08-08T14:45:49Z</time>
      </trkpt>
      <trkpt lat="9.506013" lon="-79.660200">
        <time>2026-08-08T14:45:50Z</time>
      </trkpt>
      <trkpt lat="9.506040" lon="-79.660133">
        <time>2026-08-08T14:45:59Z</time>
      </trkpt>
      <trkpt lat="9.506041" lon="-79.660119">
        <time>2026-08-08T14:46:00Z</time>
      </trkpt>
      <trkpt lat="9.506050" lon="-79.660042">
        <time>2026-08-08T14:46:08Z</time>
      </trkpt>
      <trkpt lat="9.506067" lon="-79.660038">
        <time>2026-08-08T14:46:15Z</time>
      </trkpt>
      <trkpt lat="9.506090" lon="-79.660016">
        <time>2026-08-08T14:46:23Z</time>
      </trkpt>
      <trkpt lat="9.506128" lon="-79.660038">
        <time>2026-08-08T14:46:30Z</time>
      </trkpt>
      <trkpt lat="9.506142" lon="-79.659996">
        <time>2026-08-08T14:46:35Z</time>
      </trkpt>
      <trkpt lat="9.506121" lon="-79.659918">
        <time>2026-08-08T14:46:42Z</time>
      </trkpt>
      <trkpt lat="9.506099" lon="-79.659867">
        <time>2026-08-08T14:46:49Z</time>
      </trkpt>
      <trkpt lat="9.506068" lon="-79.659821">
        <time>2026-08-08T14:46:57Z</time>
      </trkpt>
      <trkpt lat="9.506051" lon="-79.659785">
        <time>2026-08-08T14:47:06Z</time>
      </trkpt>
      <trkpt lat="9.506014" lon="-79.659738">
        <time>2026-08-08T14:47:13Z</time>
      </trkpt>
      <trkpt lat="9.505975" lon="-79.659708">
        <time>2026-08-08T14:47:19Z</time>
      </trkpt>
      <trkpt lat="9.505961" lon="-79.659701">
        <time>2026-08-08T14:47:21Z</time>
      </trkpt>
      <trkpt lat="9.505931" lon="-79.659679">
        <time>2026-08-08T14:47:28Z</time>
      </trkpt>
      <trkpt lat="9.505900" lon="-79.659670">
        <time>2026-08-08T14:47:34Z</time>
      </trkpt>
      <trkpt lat="9.505895" lon="-79.659633">
        <time>2026-08-08T14:47:41Z</time>
      </trkpt>
      <trkpt lat="9.505884" lon="-79.659574">
        <time>2026-08-08T14:47:47Z</time>
      </trkpt>
      <trkpt lat="9.505884" lon="-79.659559">
        <time>2026-08-08T14:47:53Z</time>
      </trkpt>
      <trkpt lat="9.505875" lon="-79.659538">
        <time>2026-08-08T14:47:57Z</time>
      </trkpt>
      <trkpt lat="9.505874" lon="-79.659527">
        <time>2026-08-08T14:47:59Z</time>
      </trkpt>
      <trkpt lat="9.505873" lon="-79.659520">
        <time>2026-08-08T14:48:06Z</time>
      </trkpt>
      <trkpt lat="9.505876" lon="-79.659482">
        <time>2026-08-08T14:48:12Z</time>
      </trkpt>
      <trkpt lat="9.505901" lon="-79.659433">
        <time>2026-08-08T14:48:18Z</time>
      </trkpt>
      <trkpt lat="9.505921" lon="-79.659392">
        <time>2026-08-08T14:48:24Z</time>
      </trkpt>
      <trkpt lat="9.505948" lon="-79.659332">
        <time>2026-08-08T14:48:32Z</time>
      </trkpt>
      <trkpt lat="9.505962" lon="-79.659305">
        <time>2026-08-08T14:48:35Z</time>
      </trkpt>
      <trkpt lat="9.505991" lon="-79.659272">
        <time>2026-08-08T14:48:40Z</time>
      </trkpt>
      <trkpt lat="9.506006" lon="-79.659256">
        <time>2026-08-08T14:48:42Z</time>
      </trkpt>
      <trkpt lat="9.506048" lon="-79.659195">
        <time>2026-08-08T14:48:50Z</time>
      </trkpt>
      <trkpt lat="9.506073" lon="-79.659202">
        <time>2026-08-08T14:48:56Z</time>
      </trkpt>
      <trkpt lat="9.506074" lon="-79.659204">
        <time>2026-08-08T14:48:57Z</time>
      </trkpt>
      <trkpt lat="9.506116" lon="-79.659198">
        <time>2026-08-08T14:49:02Z</time>
      </trkpt>
      <trkpt lat="9.506135" lon="-79.659199">
        <time>2026-08-08T14:49:04Z</time>
      </trkpt>
      <trkpt lat="9.506194" lon="-79.659198">
        <time>2026-08-08T14:49:11Z</time>
      </trkpt>
      <trkpt lat="9.506234" lon="-79.659194">
        <time>2026-08-08T14:49:15Z</time>
      </trkpt>
      <trkpt lat="9.506287" lon="-79.659194">
        <time>2026-08-08T14:49:20Z</time>
      </trkpt>
      <trkpt lat="9.506378" lon="-79.659169">
        <time>2026-08-08T14:49:30Z</time>
      </trkpt>
      <trkpt lat="9.506410" lon="-79.659159">
        <time>2026-08-08T14:49:35Z</time>
      </trkpt>
      <trkpt lat="9.506414" lon="-79.659163">
        <time>2026-08-08T14:49:36Z</time>
      </trkpt>
      <trkpt lat="9.506456" lon="-79.659176">
        <time>2026-08-08T14:49:43Z</time>
      </trkpt>
      <trkpt lat="9.506476" lon="-79.659185">
        <time>2026-08-08T14:49:48Z</time>
      </trkpt>
      <trkpt lat="9.506516" lon="-79.659192">
        <time>2026-08-08T14:49:56Z</time>
      </trkpt>
      <trkpt lat="9.506532" lon="-79.659188">
        <time>2026-08-08T14:50:00Z</time>
      </trkpt>
      <trkpt lat="9.506561" lon="-79.659187">
        <time>2026-08-08T14:50:04Z</time>
      </trkpt>
      <trkpt lat="9.506592" lon="-79.659202">
        <time>2026-08-08T14:50:09Z</time>
      </trkpt>
      <trkpt lat="9.506634" lon="-79.659216">
        <time>2026-08-08T14:50:15Z</time>
      </trkpt>
      <trkpt lat="9.506644" lon="-79.659218">
        <time>2026-08-08T14:50:16Z</time>
      </trkpt>
      <trkpt lat="9.506657" lon="-79.659219">
        <time>2026-08-08T14:50:18Z</time>
      </trkpt>
      <trkpt lat="9.506688" lon="-79.659220">
        <time>2026-08-08T14:50:22Z</time>
      </trkpt>
      <trkpt lat="9.506755" lon="-79.659200">
        <time>2026-08-08T14:50:29Z</time>
      </trkpt>
      <trkpt lat="9.506780" lon="-79.659191">
        <time>2026-08-08T14:50:32Z</time>
      </trkpt>
      <trkpt lat="9.506798" lon="-79.659188">
        <time>2026-08-08T14:50:35Z</time>
      </trkpt>
      <trkpt lat="9.506822" lon="-79.659190">
        <time>2026-08-08T14:50:42Z</time>
      </trkpt>
      <trkpt lat="9.506831" lon="-79.659185">
        <time>2026-08-08T14:50:47Z</time>
      </trkpt>
      <trkpt lat="9.506880" lon="-79.659177">
        <time>2026-08-08T14:50:53Z</time>
      </trkpt>
      <trkpt lat="9.506898" lon="-79.659160">
        <time>2026-08-08T14:50:59Z</time>
      </trkpt>
      <trkpt lat="9.506936" lon="-79.659177">
        <time>2026-08-08T14:51:05Z</time>
      </trkpt>
      <trkpt lat="9.506946" lon="-79.659176">
        <time>2026-08-08T14:51:07Z</time>
      </trkpt>
      <trkpt lat="9.506949" lon="-79.659177">
        <time>2026-08-08T14:51:10Z</time>
      </trkpt>
      <trkpt lat="9.506956" lon="-79.659173">
        <time>2026-08-08T14:51:12Z</time>
      </trkpt>
      <trkpt lat="9.506958" lon="-79.659170">
        <time>2026-08-08T14:51:17Z</time>
      </trkpt>
      <trkpt lat="9.506963" lon="-79.659171">
        <time>2026-08-08T14:51:20Z</time>
      </trkpt>
      <trkpt lat="9.506983" lon="-79.659157">
        <time>2026-08-08T14:51:24Z</time>
      </trkpt>
      <trkpt lat="9.506990" lon="-79.659150">
        <time>2026-08-08T14:51:28Z</time>
      </trkpt>
      <trkpt lat="9.506988" lon="-79.659150">
        <time>2026-08-08T14:51:30Z</time>
      </trkpt>
      <trkpt lat="9.506997" lon="-79.659150">
        <time>2026-08-08T14:51:33Z</time>
      </trkpt>
      <trkpt lat="9.507003" lon="-79.659148">
        <time>2026-08-08T14:51:34Z</time>
      </trkpt>
      <trkpt lat="9.507016" lon="-79.659143">
        <time>2026-08-08T14:51:36Z</time>
      </trkpt>
      <trkpt lat="9.507044" lon="-79.659133">
        <time>2026-08-08T14:51:40Z</time>
      </trkpt>
      <trkpt lat="9.507043" lon="-79.659132">
        <time>2026-08-08T14:51:42Z</time>
      </trkpt>
      <trkpt lat="9.507074" lon="-79.659106">
        <time>2026-08-08T14:51:48Z</time>
      </trkpt>
      <trkpt lat="9.507091" lon="-79.659101">
        <time>2026-08-08T14:51:50Z</time>
      </trkpt>
      <trkpt lat="9.507104" lon="-79.659071">
        <time>2026-08-08T14:51:53Z</time>
      </trkpt>
      <trkpt lat="9.507124" lon="-79.659024">
        <time>2026-08-08T14:51:59Z</time>
      </trkpt>
      <trkpt lat="9.507126" lon="-79.659017">
        <time>2026-08-08T14:52:00Z</time>
      </trkpt>
      <trkpt lat="9.507132" lon="-79.659010">
        <time>2026-08-08T14:52:02Z</time>
      </trkpt>
      <trkpt lat="9.507126" lon="-79.659005">
        <time>2026-08-08T14:52:04Z</time>
      </trkpt>
      <trkpt lat="9.507126" lon="-79.659005">
        <time>2026-08-08T14:52:05Z</time>
      </trkpt>
      <trkpt lat="9.507130" lon="-79.659004">
        <time>2026-08-08T14:52:06Z</time>
      </trkpt>
      <trkpt lat="9.507136" lon="-79.658984">
        <time>2026-08-08T14:52:09Z</time>
      </trkpt>
      <trkpt lat="9.507140" lon="-79.658971">
        <time>2026-08-08T14:52:12Z</time>
      </trkpt>
      <trkpt lat="9.507136" lon="-79.658951">
        <time>2026-08-08T14:52:16Z</time>
      </trkpt>
      <trkpt lat="9.507130" lon="-79.658955">
        <time>2026-08-08T14:52:17Z</time>
      </trkpt>
      <trkpt lat="9.507116" lon="-79.658963">
        <time>2026-08-08T14:52:21Z</time>
      </trkpt>
      <trkpt lat="9.507110" lon="-79.658985">
        <time>2026-08-08T14:52:24Z</time>
      </trkpt>
      <trkpt lat="9.507121" lon="-79.659025">
        <time>2026-08-08T14:52:29Z</time>
      </trkpt>
      <trkpt lat="9.507132" lon="-79.659046">
        <time>2026-08-08T14:52:33Z</time>
      </trkpt>
      <trkpt lat="9.507144" lon="-79.659060">
        <time>2026-08-08T14:52:35Z</time>
      </trkpt>
      <trkpt lat="9.507147" lon="-79.659058">
        <time>2026-08-08T14:52:36Z</time>
      </trkpt>
      <trkpt lat="9.507169" lon="-79.659041">
        <time>2026-08-08T14:52:41Z</time>
      </trkpt>
      <trkpt lat="9.507192" lon="-79.659028">
        <time>2026-08-08T14:52:46Z</time>
      </trkpt>
      <trkpt lat="9.507195" lon="-79.659023">
        <time>2026-08-08T14:52:47Z</time>
      </trkpt>
      <trkpt lat="9.507209" lon="-79.659014">
        <time>2026-08-08T14:52:50Z</time>
      </trkpt>
      <trkpt lat="9.507210" lon="-79.659011">
        <time>2026-08-08T14:52:54Z</time>
      </trkpt>
      <trkpt lat="9.507209" lon="-79.659011">
        <time>2026-08-08T14:52:55Z</time>
      </trkpt>
      <trkpt lat="9.507207" lon="-79.659008">
        <time>2026-08-08T14:53:00Z</time>
      </trkpt>
      <trkpt lat="9.507215" lon="-79.659005">
        <time>2026-08-08T14:53:01Z</time>
      </trkpt>
      <trkpt lat="9.507221" lon="-79.659004">
        <time>2026-08-08T14:53:02Z</time>
      </trkpt>
      <trkpt lat="9.507234" lon="-79.658979">
        <time>2026-08-08T14:53:07Z</time>
      </trkpt>
      <trkpt lat="9.507241" lon="-79.658962">
        <time>2026-08-08T14:53:09Z</time>
      </trkpt>
      <trkpt lat="9.507247" lon="-79.658953">
        <time>2026-08-08T14:53:10Z</time>
      </trkpt>
      <trkpt lat="9.507265" lon="-79.658934">
        <time>2026-08-08T14:53:13Z</time>
      </trkpt>
      <trkpt lat="9.507273" lon="-79.658918">
        <time>2026-08-08T14:53:15Z</time>
      </trkpt>
      <trkpt lat="9.507278" lon="-79.658915">
        <time>2026-08-08T14:53:16Z</time>
      </trkpt>
      <trkpt lat="9.507291" lon="-79.658897">
        <time>2026-08-08T14:53:20Z</time>
      </trkpt>
      <trkpt lat="9.507296" lon="-79.658889">
        <time>2026-08-08T14:53:22Z</time>
      </trkpt>
      <trkpt lat="9.507310" lon="-79.658857">
        <time>2026-08-08T14:53:30Z</time>
      </trkpt>
      <trkpt lat="9.507319" lon="-79.658816">
        <time>2026-08-08T14:53:37Z</time>
      </trkpt>
      <trkpt lat="9.507341" lon="-79.658827">
        <time>2026-08-08T14:53:43Z</time>
      </trkpt>
      <trkpt lat="9.507323" lon="-79.658804">
        <time>2026-08-08T14:53:47Z</time>
      </trkpt>
      <trkpt lat="9.507315" lon="-79.658797">
        <time>2026-08-08T14:53:49Z</time>
      </trkpt>
      <trkpt lat="9.507300" lon="-79.658794">
        <time>2026-08-08T14:53:53Z</time>
      </trkpt>
      <trkpt lat="9.507304" lon="-79.658789">
        <time>2026-08-08T14:53:56Z</time>
      </trkpt>
      <trkpt lat="9.507294" lon="-79.658769">
        <time>2026-08-08T14:53:59Z</time>
      </trkpt>
      <trkpt lat="9.507293" lon="-79.658764">
        <time>2026-08-08T14:54:00Z</time>
      </trkpt>
      <trkpt lat="9.507289" lon="-79.658764">
        <time>2026-08-08T14:54:01Z</time>
      </trkpt>
      <trkpt lat="9.507286" lon="-79.658735">
        <time>2026-08-08T14:54:06Z</time>
      </trkpt>
      <trkpt lat="9.507276" lon="-79.658698">
        <time>2026-08-08T14:54:12Z</time>
      </trkpt>
      <trkpt lat="9.507264" lon="-79.658659">
        <time>2026-08-08T14:54:18Z</time>
      </trkpt>
      <trkpt lat="9.507244" lon="-79.658637">
        <time>2026-08-08T14:54:24Z</time>
      </trkpt>
      <trkpt lat="9.507233" lon="-79.658598">
        <time>2026-08-08T14:54:30Z</time>
      </trkpt>
      <trkpt lat="9.507238" lon="-79.658586">
        <time>2026-08-08T14:54:33Z</time>
      </trkpt>
      <trkpt lat="9.507240" lon="-79.658575">
        <time>2026-08-08T14:54:35Z</time>
      </trkpt>
      <trkpt lat="9.507237" lon="-79.658572">
        <time>2026-08-08T14:54:36Z</time>
      </trkpt>
      <trkpt lat="9.507244" lon="-79.658523">
        <time>2026-08-08T14:54:44Z</time>
      </trkpt>
      <trkpt lat="9.507246" lon="-79.658514">
        <time>2026-08-08T14:54:45Z</time>
      </trkpt>
      <trkpt lat="9.507240" lon="-79.658467">
        <time>2026-08-08T14:54:51Z</time>
      </trkpt>
      <trkpt lat="9.507247" lon="-79.658403">
        <time>2026-08-08T14:55:00Z</time>
      </trkpt>
      <trkpt lat="9.507238" lon="-79.658384">
        <time>2026-08-08T14:55:06Z</time>
      </trkpt>
      <trkpt lat="9.507231" lon="-79.658332">
        <time>2026-08-08T14:55:13Z</time>
      </trkpt>
      <trkpt lat="9.507237" lon="-79.658295">
        <time>2026-08-08T14:55:19Z</time>
      </trkpt>
      <trkpt lat="9.507243" lon="-79.658238">
        <time>2026-08-08T14:55:26Z</time>
      </trkpt>
      <trkpt lat="9.507174" lon="-79.658179">
        <time>2026-08-08T14:55:33Z</time>
      </trkpt>
      <trkpt lat="9.507172" lon="-79.658170">
        <time>2026-08-08T14:55:34Z</time>
      </trkpt>
      <trkpt lat="9.507183" lon="-79.658149">
        <time>2026-08-08T14:55:37Z</time>
      </trkpt>
      <trkpt lat="9.507179" lon="-79.658142">
        <time>2026-08-08T14:55:38Z</time>
      </trkpt>
      <trkpt lat="9.507162" lon="-79.658123">
        <time>2026-08-08T14:55:42Z</time>
      </trkpt>
      <trkpt lat="9.507154" lon="-79.658117">
        <time>2026-08-08T14:55:45Z</time>
      </trkpt>
      <trkpt lat="9.507156" lon="-79.658105">
        <time>2026-08-08T14:55:47Z</time>
      </trkpt>
      <trkpt lat="9.507164" lon="-79.658099">
        <time>2026-08-08T14:55:50Z</time>
      </trkpt>
      <trkpt lat="9.507170" lon="-79.658096">
        <time>2026-08-08T14:55:52Z</time>
      </trkpt>
      <trkpt lat="9.507165" lon="-79.658101">
        <time>2026-08-08T14:55:55Z</time>
      </trkpt>
      <trkpt lat="9.507159" lon="-79.658077">
        <time>2026-08-08T14:56:00Z</time>
      </trkpt>
      <trkpt lat="9.507180" lon="-79.658071">
        <time>2026-08-08T14:56:07Z</time>
      </trkpt>
      <trkpt lat="9.507195" lon="-79.658043">
        <time>2026-08-08T14:56:13Z</time>
      </trkpt>
      <trkpt lat="9.507203" lon="-79.658022">
        <time>2026-08-08T14:56:18Z</time>
      </trkpt>
      <trkpt lat="9.507197" lon="-79.658005">
        <time>2026-08-08T14:56:23Z</time>
      </trkpt>
      <trkpt lat="9.507192" lon="-79.658004">
        <time>2026-08-08T14:56:25Z</time>
      </trkpt>
      <trkpt lat="9.507207" lon="-79.657975">
        <time>2026-08-08T14:56:30Z</time>
      </trkpt>
      <trkpt lat="9.507209" lon="-79.657947">
        <time>2026-08-08T14:56:36Z</time>
      </trkpt>
      <trkpt lat="9.507195" lon="-79.657910">
        <time>2026-08-08T14:56:42Z</time>
      </trkpt>
      <trkpt lat="9.507191" lon="-79.657868">
        <time>2026-08-08T14:56:48Z</time>
      </trkpt>
      <trkpt lat="9.507199" lon="-79.657823">
        <time>2026-08-08T14:56:52Z</time>
      </trkpt>
      <trkpt lat="9.507187" lon="-79.657806">
        <time>2026-08-08T14:56:54Z</time>
      </trkpt>
      <trkpt lat="9.507169" lon="-79.657798">
        <time>2026-08-08T14:56:56Z</time>
      </trkpt>
      <trkpt lat="9.507142" lon="-79.657799">
        <time>2026-08-08T14:56:59Z</time>
      </trkpt>
      <trkpt lat="9.507126" lon="-79.657798">
        <time>2026-08-08T14:57:01Z</time>
      </trkpt>
      <trkpt lat="9.507100" lon="-79.657802">
        <time>2026-08-08T14:57:04Z</time>
      </trkpt>
      <trkpt lat="9.507089" lon="-79.657800">
        <time>2026-08-08T14:57:07Z</time>
      </trkpt>
      <trkpt lat="9.507071" lon="-79.657787">
        <time>2026-08-08T14:57:12Z</time>
      </trkpt>
      <trkpt lat="9.507060" lon="-79.657783">
        <time>2026-08-08T14:57:14Z</time>
      </trkpt>
      <trkpt lat="9.507049" lon="-79.657804">
        <time>2026-08-08T14:57:20Z</time>
      </trkpt>
      <trkpt lat="9.507038" lon="-79.657793">
        <time>2026-08-08T14:57:26Z</time>
      </trkpt>
      <trkpt lat="9.507045" lon="-79.657789">
        <time>2026-08-08T14:57:28Z</time>
      </trkpt>
      <trkpt lat="9.507046" lon="-79.657771">
        <time>2026-08-08T14:57:31Z</time>
      </trkpt>
      <trkpt lat="9.507031" lon="-79.657753">
        <time>2026-08-08T14:57:34Z</time>
      </trkpt>
      <trkpt lat="9.507027" lon="-79.657770">
        <time>2026-08-08T14:57:41Z</time>
      </trkpt>
      <trkpt lat="9.507005" lon="-79.657778">
        <time>2026-08-08T14:57:52Z</time>
      </trkpt>
      <trkpt lat="9.506989" lon="-79.657779">
        <time>2026-08-08T14:58:00Z</time>
      </trkpt>
      <trkpt lat="9.506991" lon="-79.657777">
        <time>2026-08-08T14:58:01Z</time>
      </trkpt>
      <trkpt lat="9.506990" lon="-79.657774">
        <time>2026-08-08T14:58:03Z</time>
      </trkpt>
      <trkpt lat="9.506989" lon="-79.657772">
        <time>2026-08-08T14:58:05Z</time>
      </trkpt>
      <trkpt lat="9.506999" lon="-79.657764">
        <time>2026-08-08T14:58:08Z</time>
      </trkpt>
      <trkpt lat="9.507001" lon="-79.657759">
        <time>2026-08-08T14:58:10Z</time>
      </trkpt>
      <trkpt lat="9.507017" lon="-79.657728">
        <time>2026-08-08T14:58:15Z</time>
      </trkpt>
      <trkpt lat="9.507016" lon="-79.657713">
        <time>2026-08-08T14:58:17Z</time>
      </trkpt>
      <trkpt lat="9.507021" lon="-79.657678">
        <time>2026-08-08T14:58:22Z</time>
      </trkpt>
      <trkpt lat="9.507021" lon="-79.657664">
        <time>2026-08-08T14:58:23Z</time>
      </trkpt>
      <trkpt lat="9.507041" lon="-79.657634">
        <time>2026-08-08T14:58:29Z</time>
      </trkpt>
      <trkpt lat="9.507044" lon="-79.657630">
        <time>2026-08-08T14:58:30Z</time>
      </trkpt>
      <trkpt lat="9.507036" lon="-79.657567">
        <time>2026-08-08T14:58:36Z</time>
      </trkpt>
      <trkpt lat="9.507024" lon="-79.657527">
        <time>2026-08-08T14:58:41Z</time>
      </trkpt>
      <trkpt lat="9.507015" lon="-79.657511">
        <time>2026-08-08T14:58:43Z</time>
      </trkpt>
      <trkpt lat="9.507011" lon="-79.657505">
        <time>2026-08-08T14:58:44Z</time>
      </trkpt>
      <trkpt lat="9.506975" lon="-79.657444">
        <time>2026-08-08T14:58:51Z</time>
      </trkpt>
      <trkpt lat="9.506965" lon="-79.657414">
        <time>2026-08-08T14:58:54Z</time>
      </trkpt>
      <trkpt lat="9.506909" lon="-79.657366">
        <time>2026-08-08T14:59:02Z</time>
      </trkpt>
      <trkpt lat="9.506889" lon="-79.657349">
        <time>2026-08-08T14:59:04Z</time>
      </trkpt>
      <trkpt lat="9.506858" lon="-79.657326">
        <time>2026-08-08T14:59:08Z</time>
      </trkpt>
      <trkpt lat="9.506841" lon="-79.657301">
        <time>2026-08-08T14:59:11Z</time>
      </trkpt>
      <trkpt lat="9.506841" lon="-79.657282">
        <time>2026-08-08T14:59:14Z</time>
      </trkpt>
      <trkpt lat="9.506835" lon="-79.657274">
        <time>2026-08-08T14:59:15Z</time>
      </trkpt>
      <trkpt lat="9.506822" lon="-79.657249">
        <time>2026-08-08T14:59:18Z</time>
      </trkpt>
      <trkpt lat="9.506809" lon="-79.657229">
        <time>2026-08-08T14:59:21Z</time>
      </trkpt>
      <trkpt lat="9.506805" lon="-79.657223">
        <time>2026-08-08T14:59:22Z</time>
      </trkpt>
      <trkpt lat="9.506794" lon="-79.657186">
        <time>2026-08-08T14:59:28Z</time>
      </trkpt>
      <trkpt lat="9.506794" lon="-79.657181">
        <time>2026-08-08T14:59:29Z</time>
      </trkpt>
      <trkpt lat="9.506798" lon="-79.657176">
        <time>2026-08-08T14:59:30Z</time>
      </trkpt>
      <trkpt lat="9.506795" lon="-79.657166">
        <time>2026-08-08T14:59:32Z</time>
      </trkpt>
      <trkpt lat="9.506805" lon="-79.657153">
        <time>2026-08-08T14:59:34Z</time>
      </trkpt>
      <trkpt lat="9.506810" lon="-79.657138">
        <time>2026-08-08T14:59:36Z</time>
      </trkpt>
      <trkpt lat="9.506801" lon="-79.657072">
        <time>2026-08-08T14:59:43Z</time>
      </trkpt>
      <trkpt lat="9.506769" lon="-79.657030">
        <time>2026-08-08T14:59:48Z</time>
      </trkpt>
      <trkpt lat="9.506746" lon="-79.656999">
        <time>2026-08-08T14:59:52Z</time>
      </trkpt>
      <trkpt lat="9.506735" lon="-79.656967">
        <time>2026-08-08T14:59:57Z</time>
      </trkpt>
      <trkpt lat="9.506734" lon="-79.656958">
        <time>2026-08-08T14:59:58Z</time>
      </trkpt>
      <trkpt lat="9.506724" lon="-79.656937">
        <time>2026-08-08T15:00:02Z</time>
      </trkpt>
      <trkpt lat="9.506717" lon="-79.656927">
        <time>2026-08-08T15:00:03Z</time>
      </trkpt>
      <trkpt lat="9.506654" lon="-79.656904">
        <time>2026-08-08T15:00:08Z</time>
      </trkpt>
      <trkpt lat="9.506644" lon="-79.656905">
        <time>2026-08-08T15:00:09Z</time>
      </trkpt>
      <trkpt lat="9.506632" lon="-79.656885">
        <time>2026-08-08T15:00:15Z</time>
      </trkpt>
      <trkpt lat="9.506584" lon="-79.656836">
        <time>2026-08-08T15:00:23Z</time>
      </trkpt>
      <trkpt lat="9.506557" lon="-79.656790">
        <time>2026-08-08T15:00:29Z</time>
      </trkpt>
      <trkpt lat="9.506526" lon="-79.656737">
        <time>2026-08-08T15:00:36Z</time>
      </trkpt>
      <trkpt lat="9.506518" lon="-79.656736">
        <time>2026-08-08T15:00:37Z</time>
      </trkpt>
      <trkpt lat="9.506508" lon="-79.656735">
        <time>2026-08-08T15:00:39Z</time>
      </trkpt>
      <trkpt lat="9.506497" lon="-79.656732">
        <time>2026-08-08T15:00:41Z</time>
      </trkpt>
      <trkpt lat="9.506494" lon="-79.656734">
        <time>2026-08-08T15:00:42Z</time>
      </trkpt>
      <trkpt lat="9.506488" lon="-79.656723">
        <time>2026-08-08T15:00:44Z</time>
      </trkpt>
      <trkpt lat="9.506488" lon="-79.656695">
        <time>2026-08-08T15:00:48Z</time>
      </trkpt>
      <trkpt lat="9.506449" lon="-79.656658">
        <time>2026-08-08T15:00:55Z</time>
      </trkpt>
      <trkpt lat="9.506448" lon="-79.656648">
        <time>2026-08-08T15:00:57Z</time>
      </trkpt>
      <trkpt lat="9.506452" lon="-79.656635">
        <time>2026-08-08T15:01:01Z</time>
      </trkpt>
      <trkpt lat="9.506453" lon="-79.656610">
        <time>2026-08-08T15:01:05Z</time>
      </trkpt>
      <trkpt lat="9.506458" lon="-79.656607">
        <time>2026-08-08T15:01:08Z</time>
      </trkpt>
      <trkpt lat="9.506457" lon="-79.656573">
        <time>2026-08-08T15:01:11Z</time>
      </trkpt>
      <trkpt lat="9.506451" lon="-79.656549">
        <time>2026-08-08T15:01:13Z</time>
      </trkpt>
      <trkpt lat="9.506414" lon="-79.656517">
        <time>2026-08-08T15:01:17Z</time>
      </trkpt>
      <trkpt lat="9.506407" lon="-79.656513">
        <time>2026-08-08T15:01:18Z</time>
      </trkpt>
      <trkpt lat="9.506377" lon="-79.656452">
        <time>2026-08-08T15:01:26Z</time>
      </trkpt>
      <trkpt lat="9.506363" lon="-79.656436">
        <time>2026-08-08T15:01:30Z</time>
      </trkpt>
      <trkpt lat="9.506363" lon="-79.656427">
        <time>2026-08-08T15:01:31Z</time>
      </trkpt>
      <trkpt lat="9.506362" lon="-79.656421">
        <time>2026-08-08T15:01:32Z</time>
      </trkpt>
      <trkpt lat="9.506334" lon="-79.656395">
        <time>2026-08-08T15:01:37Z</time>
      </trkpt>
      <trkpt lat="9.506325" lon="-79.656386">
        <time>2026-08-08T15:01:39Z</time>
      </trkpt>
      <trkpt lat="9.506284" lon="-79.656359">
        <time>2026-08-08T15:01:45Z</time>
      </trkpt>
      <trkpt lat="9.506233" lon="-79.656339">
        <time>2026-08-08T15:01:51Z</time>
      </trkpt>
      <trkpt lat="9.506225" lon="-79.656336">
        <time>2026-08-08T15:01:52Z</time>
      </trkpt>
      <trkpt lat="9.506212" lon="-79.656298">
        <time>2026-08-08T15:01:58Z</time>
      </trkpt>
      <trkpt lat="9.506206" lon="-79.656290">
        <time>2026-08-08T15:01:59Z</time>
      </trkpt>
      <trkpt lat="9.506190" lon="-79.656248">
        <time>2026-08-08T15:02:03Z</time>
      </trkpt>
      <trkpt lat="9.506191" lon="-79.656229">
        <time>2026-08-08T15:02:05Z</time>
      </trkpt>
      <trkpt lat="9.506180" lon="-79.656173">
        <time>2026-08-08T15:02:13Z</time>
      </trkpt>
      <trkpt lat="9.506166" lon="-79.656168">
        <time>2026-08-08T15:02:15Z</time>
      </trkpt>
      <trkpt lat="9.506151" lon="-79.656162">
        <time>2026-08-08T15:02:18Z</time>
      </trkpt>
      <trkpt lat="9.506149" lon="-79.656158">
        <time>2026-08-08T15:02:19Z</time>
      </trkpt>
      <trkpt lat="9.506106" lon="-79.656120">
        <time>2026-08-08T15:02:25Z</time>
      </trkpt>
      <trkpt lat="9.506105" lon="-79.656117">
        <time>2026-08-08T15:02:26Z</time>
      </trkpt>
      <trkpt lat="9.506082" lon="-79.656091">
        <time>2026-08-08T15:02:30Z</time>
      </trkpt>
      <trkpt lat="9.506073" lon="-79.656083">
        <time>2026-08-08T15:02:31Z</time>
      </trkpt>
      <trkpt lat="9.506010" lon="-79.656021">
        <time>2026-08-08T15:02:40Z</time>
      </trkpt>
      <trkpt lat="9.505975" lon="-79.655986">
        <time>2026-08-08T15:02:47Z</time>
      </trkpt>
      <trkpt lat="9.505946" lon="-79.655940">
        <time>2026-08-08T15:02:53Z</time>
      </trkpt>
      <trkpt lat="9.505907" lon="-79.655881">
        <time>2026-08-08T15:03:01Z</time>
      </trkpt>
      <trkpt lat="9.505869" lon="-79.655806">
        <time>2026-08-08T15:03:10Z</time>
      </trkpt>
      <trkpt lat="9.505838" lon="-79.655736">
        <time>2026-08-08T15:03:17Z</time>
      </trkpt>
      <trkpt lat="9.505816" lon="-79.655706">
        <time>2026-08-08T15:03:21Z</time>
      </trkpt>
      <trkpt lat="9.505800" lon="-79.655690">
        <time>2026-08-08T15:03:24Z</time>
      </trkpt>
      <trkpt lat="9.505791" lon="-79.655668">
        <time>2026-08-08T15:03:27Z</time>
      </trkpt>
      <trkpt lat="9.505762" lon="-79.655641">
        <time>2026-08-08T15:03:31Z</time>
      </trkpt>
      <trkpt lat="9.505739" lon="-79.655627">
        <time>2026-08-08T15:03:33Z</time>
      </trkpt>
      <trkpt lat="9.505671" lon="-79.655585">
        <time>2026-08-08T15:03:42Z</time>
      </trkpt>
      <trkpt lat="9.505664" lon="-79.655580">
        <time>2026-08-08T15:03:43Z</time>
      </trkpt>
      <trkpt lat="9.505639" lon="-79.655569">
        <time>2026-08-08T15:03:47Z</time>
      </trkpt>
      <trkpt lat="9.505616" lon="-79.655566">
        <time>2026-08-08T15:03:51Z</time>
      </trkpt>
      <trkpt lat="9.505618" lon="-79.655566">
        <time>2026-08-08T15:03:54Z</time>
      </trkpt>
      <trkpt lat="9.505606" lon="-79.655567">
        <time>2026-08-08T15:03:56Z</time>
      </trkpt>
      <trkpt lat="9.505555" lon="-79.655565">
        <time>2026-08-08T15:04:04Z</time>
      </trkpt>
      <trkpt lat="9.505543" lon="-79.655561">
        <time>2026-08-08T15:04:06Z</time>
      </trkpt>
      <trkpt lat="9.505529" lon="-79.655562">
        <time>2026-08-08T15:04:09Z</time>
      </trkpt>
      <trkpt lat="9.505508" lon="-79.655557">
        <time>2026-08-08T15:04:13Z</time>
      </trkpt>
      <trkpt lat="9.505494" lon="-79.655543">
        <time>2026-08-08T15:04:16Z</time>
      </trkpt>
      <trkpt lat="9.505488" lon="-79.655542">
        <time>2026-08-08T15:04:17Z</time>
      </trkpt>
      <trkpt lat="9.505478" lon="-79.655537">
        <time>2026-08-08T15:04:19Z</time>
      </trkpt>
      <trkpt lat="9.505455" lon="-79.655530">
        <time>2026-08-08T15:04:24Z</time>
      </trkpt>
      <trkpt lat="9.505387" lon="-79.655532">
        <time>2026-08-08T15:04:32Z</time>
      </trkpt>
      <trkpt lat="9.505347" lon="-79.655518">
        <time>2026-08-08T15:04:38Z</time>
      </trkpt>
      <trkpt lat="9.505346" lon="-79.655511">
        <time>2026-08-08T15:04:40Z</time>
      </trkpt>
      <trkpt lat="9.505341" lon="-79.655485">
        <time>2026-08-08T15:04:43Z</time>
      </trkpt>
      <trkpt lat="9.505331" lon="-79.655469">
        <time>2026-08-08T15:04:45Z</time>
      </trkpt>
      <trkpt lat="9.505310" lon="-79.655454">
        <time>2026-08-08T15:04:48Z</time>
      </trkpt>
      <trkpt lat="9.505292" lon="-79.655431">
        <time>2026-08-08T15:04:54Z</time>
      </trkpt>
      <trkpt lat="9.505292" lon="-79.655420">
        <time>2026-08-08T15:04:56Z</time>
      </trkpt>
      <trkpt lat="9.505283" lon="-79.655402">
        <time>2026-08-08T15:04:59Z</time>
      </trkpt>
      <trkpt lat="9.505268" lon="-79.655390">
        <time>2026-08-08T15:05:04Z</time>
      </trkpt>
      <trkpt lat="9.505257" lon="-79.655383">
        <time>2026-08-08T15:05:09Z</time>
      </trkpt>
      <trkpt lat="9.505254" lon="-79.655380">
        <time>2026-08-08T15:05:10Z</time>
      </trkpt>
      <trkpt lat="9.505243" lon="-79.655372">
        <time>2026-08-08T15:05:12Z</time>
      </trkpt>
      <trkpt lat="9.505227" lon="-79.655348">
        <time>2026-08-08T15:05:17Z</time>
      </trkpt>
      <trkpt lat="9.505206" lon="-79.655314">
        <time>2026-08-08T15:05:22Z</time>
      </trkpt>
      <trkpt lat="9.505207" lon="-79.655290">
        <time>2026-08-08T15:05:24Z</time>
      </trkpt>
      <trkpt lat="9.505189" lon="-79.655257">
        <time>2026-08-08T15:05:30Z</time>
      </trkpt>
      <trkpt lat="9.505161" lon="-79.655202">
        <time>2026-08-08T15:05:37Z</time>
      </trkpt>
      <trkpt lat="9.505149" lon="-79.655197">
        <time>2026-08-08T15:05:38Z</time>
      </trkpt>
      <trkpt lat="9.505123" lon="-79.655177">
        <time>2026-08-08T15:05:42Z</time>
      </trkpt>
      <trkpt lat="9.505112" lon="-79.655174">
        <time>2026-08-08T15:05:43Z</time>
      </trkpt>
      <trkpt lat="9.505102" lon="-79.655176">
        <time>2026-08-08T15:05:45Z</time>
      </trkpt>
      <trkpt lat="9.505096" lon="-79.655174">
        <time>2026-08-08T15:05:47Z</time>
      </trkpt>
      <trkpt lat="9.505088" lon="-79.655157">
        <time>2026-08-08T15:05:49Z</time>
      </trkpt>
      <trkpt lat="9.505080" lon="-79.655152">
        <time>2026-08-08T15:05:52Z</time>
      </trkpt>
      <trkpt lat="9.505069" lon="-79.655147">
        <time>2026-08-08T15:05:54Z</time>
      </trkpt>
      <trkpt lat="9.505052" lon="-79.655130">
        <time>2026-08-08T15:06:00Z</time>
      </trkpt>
      <trkpt lat="9.505061" lon="-79.655104">
        <time>2026-08-08T15:06:06Z</time>
      </trkpt>
      <trkpt lat="9.505058" lon="-79.655072">
        <time>2026-08-08T15:06:13Z</time>
      </trkpt>
      <trkpt lat="9.505052" lon="-79.655071">
        <time>2026-08-08T15:06:21Z</time>
      </trkpt>
      <trkpt lat="9.505052" lon="-79.655038">
        <time>2026-08-08T15:06:27Z</time>
      </trkpt>
      <trkpt lat="9.505043" lon="-79.655020">
        <time>2026-08-08T15:06:30Z</time>
      </trkpt>
      <trkpt lat="9.505034" lon="-79.655014">
        <time>2026-08-08T15:06:31Z</time>
      </trkpt>
      <trkpt lat="9.505003" lon="-79.654974">
        <time>2026-08-08T15:06:38Z</time>
      </trkpt>
      <trkpt lat="9.505031" lon="-79.654924">
        <time>2026-08-08T15:06:46Z</time>
      </trkpt>
      <trkpt lat="9.505036" lon="-79.654905">
        <time>2026-08-08T15:06:48Z</time>
      </trkpt>
      <trkpt lat="9.505047" lon="-79.654865">
        <time>2026-08-08T15:06:53Z</time>
      </trkpt>
      <trkpt lat="9.505042" lon="-79.654845">
        <time>2026-08-08T15:06:56Z</time>
      </trkpt>
      <trkpt lat="9.505041" lon="-79.654841">
        <time>2026-08-08T15:06:57Z</time>
      </trkpt>
      <trkpt lat="9.505031" lon="-79.654815">
        <time>2026-08-08T15:07:01Z</time>
      </trkpt>
      <trkpt lat="9.505022" lon="-79.654791">
        <time>2026-08-08T15:07:04Z</time>
      </trkpt>
      <trkpt lat="9.505015" lon="-79.654780">
        <time>2026-08-08T15:07:05Z</time>
      </trkpt>
      <trkpt lat="9.504987" lon="-79.654744">
        <time>2026-08-08T15:07:10Z</time>
      </trkpt>
      <trkpt lat="9.504982" lon="-79.654742">
        <time>2026-08-08T15:07:11Z</time>
      </trkpt>
      <trkpt lat="9.504976" lon="-79.654713">
        <time>2026-08-08T15:07:17Z</time>
      </trkpt>
      <trkpt lat="9.504978" lon="-79.654709">
        <time>2026-08-08T15:07:18Z</time>
      </trkpt>
      <trkpt lat="9.504997" lon="-79.654656">
        <time>2026-08-08T15:07:25Z</time>
      </trkpt>
      <trkpt lat="9.505007" lon="-79.654646">
        <time>2026-08-08T15:07:28Z</time>
      </trkpt>
      <trkpt lat="9.505010" lon="-79.654647">
        <time>2026-08-08T15:07:33Z</time>
      </trkpt>
      <trkpt lat="9.504997" lon="-79.654651">
        <time>2026-08-08T15:07:39Z</time>
      </trkpt>
      <trkpt lat="9.504999" lon="-79.654638">
        <time>2026-08-08T15:07:41Z</time>
      </trkpt>
      <trkpt lat="9.504993" lon="-79.654608">
        <time>2026-08-08T15:07:45Z</time>
      </trkpt>
      <trkpt lat="9.504983" lon="-79.654575">
        <time>2026-08-08T15:07:49Z</time>
      </trkpt>
      <trkpt lat="9.504964" lon="-79.654523">
        <time>2026-08-08T15:07:54Z</time>
      </trkpt>
      <trkpt lat="9.504960" lon="-79.654512">
        <time>2026-08-08T15:07:55Z</time>
      </trkpt>
      <trkpt lat="9.504957" lon="-79.654503">
        <time>2026-08-08T15:07:56Z</time>
      </trkpt>
      <trkpt lat="9.504950" lon="-79.654463">
        <time>2026-08-08T15:08:02Z</time>
      </trkpt>
      <trkpt lat="9.504948" lon="-79.654406">
        <time>2026-08-08T15:08:09Z</time>
      </trkpt>
      <trkpt lat="9.504945" lon="-79.654388">
        <time>2026-08-08T15:08:12Z</time>
      </trkpt>
      <trkpt lat="9.504928" lon="-79.654350">
        <time>2026-08-08T15:08:17Z</time>
      </trkpt>
      <trkpt lat="9.504900" lon="-79.654315">
        <time>2026-08-08T15:08:24Z</time>
      </trkpt>
      <trkpt lat="9.504874" lon="-79.654298">
        <time>2026-08-08T15:08:31Z</time>
      </trkpt>
      <trkpt lat="9.504842" lon="-79.654280">
        <time>2026-08-08T15:08:39Z</time>
      </trkpt>
      <trkpt lat="9.504834" lon="-79.654262">
        <time>2026-08-08T15:08:45Z</time>
      </trkpt>
      <trkpt lat="9.504836" lon="-79.654223">
        <time>2026-08-08T15:08:53Z</time>
      </trkpt>
      <trkpt lat="9.504828" lon="-79.654187">
        <time>2026-08-08T15:08:58Z</time>
      </trkpt>
      <trkpt lat="9.504823" lon="-79.654180">
        <time>2026-08-08T15:08:59Z</time>
      </trkpt>
      <trkpt lat="9.504808" lon="-79.654144">
        <time>2026-08-08T15:09:05Z</time>
      </trkpt>
      <trkpt lat="9.504783" lon="-79.654105">
        <time>2026-08-08T15:09:13Z</time>
      </trkpt>
      <trkpt lat="9.504798" lon="-79.654067">
        <time>2026-08-08T15:09:19Z</time>
      </trkpt>
      <trkpt lat="9.504802" lon="-79.654064">
        <time>2026-08-08T15:09:20Z</time>
      </trkpt>
      <trkpt lat="9.504807" lon="-79.654059">
        <time>2026-08-08T15:09:21Z</time>
      </trkpt>
      <trkpt lat="9.504818" lon="-79.654008">
        <time>2026-08-08T15:09:27Z</time>
      </trkpt>
      <trkpt lat="9.504807" lon="-79.653994">
        <time>2026-08-08T15:09:29Z</time>
      </trkpt>
      <trkpt lat="9.504789" lon="-79.653975">
        <time>2026-08-08T15:09:32Z</time>
      </trkpt>
      <trkpt lat="9.504777" lon="-79.653970">
        <time>2026-08-08T15:09:34Z</time>
      </trkpt>
      <trkpt lat="9.504741" lon="-79.653946">
        <time>2026-08-08T15:09:40Z</time>
      </trkpt>
      <trkpt lat="9.504734" lon="-79.653945">
        <time>2026-08-08T15:09:41Z</time>
      </trkpt>
      <trkpt lat="9.504739" lon="-79.653944">
        <time>2026-08-08T15:09:47Z</time>
      </trkpt>
      <trkpt lat="9.504741" lon="-79.653938">
        <time>2026-08-08T15:09:49Z</time>
      </trkpt>
      <trkpt lat="9.504737" lon="-79.653913">
        <time>2026-08-08T15:09:54Z</time>
      </trkpt>
      <trkpt lat="9.504743" lon="-79.653897">
        <time>2026-08-08T15:09:56Z</time>
      </trkpt>
      <trkpt lat="9.504745" lon="-79.653832">
        <time>2026-08-08T15:10:02Z</time>
      </trkpt>
      <trkpt lat="9.504712" lon="-79.653768">
        <time>2026-08-08T15:10:09Z</time>
      </trkpt>
      <trkpt lat="9.504704" lon="-79.653756">
        <time>2026-08-08T15:10:10Z</time>
      </trkpt>
      <trkpt lat="9.504669" lon="-79.653704">
        <time>2026-08-08T15:10:18Z</time>
      </trkpt>
      <trkpt lat="9.504640" lon="-79.653702">
        <time>2026-08-08T15:10:23Z</time>
      </trkpt>
      <trkpt lat="9.504636" lon="-79.653701">
        <time>2026-08-08T15:10:24Z</time>
      </trkpt>
      <trkpt lat="9.504620" lon="-79.653697">
        <time>2026-08-08T15:10:27Z</time>
      </trkpt>
      <trkpt lat="9.504610" lon="-79.653676">
        <time>2026-08-08T15:10:31Z</time>
      </trkpt>
      <trkpt lat="9.504597" lon="-79.653676">
        <time>2026-08-08T15:10:33Z</time>
      </trkpt>
      <trkpt lat="9.504553" lon="-79.653648">
        <time>2026-08-08T15:10:40Z</time>
      </trkpt>
      <trkpt lat="9.504525" lon="-79.653622">
        <time>2026-08-08T15:10:46Z</time>
      </trkpt>
      <trkpt lat="9.504516" lon="-79.653601">
        <time>2026-08-08T15:10:49Z</time>
      </trkpt>
      <trkpt lat="9.504490" lon="-79.653551">
        <time>2026-08-08T15:10:58Z</time>
      </trkpt>
      <trkpt lat="9.504441" lon="-79.653499">
        <time>2026-08-08T15:11:08Z</time>
      </trkpt>
      <trkpt lat="9.504440" lon="-79.653495">
        <time>2026-08-08T15:11:09Z</time>
      </trkpt>
      <trkpt lat="9.504452" lon="-79.653466">
        <time>2026-08-08T15:11:17Z</time>
      </trkpt>
      <trkpt lat="9.504466" lon="-79.653418">
        <time>2026-08-08T15:11:22Z</time>
      </trkpt>
      <trkpt lat="9.504476" lon="-79.653397">
        <time>2026-08-08T15:11:25Z</time>
      </trkpt>
      <trkpt lat="9.504493" lon="-79.653372">
        <time>2026-08-08T15:11:29Z</time>
      </trkpt>
      <trkpt lat="9.504512" lon="-79.653319">
        <time>2026-08-08T15:11:36Z</time>
      </trkpt>
      <trkpt lat="9.504521" lon="-79.653285">
        <time>2026-08-08T15:11:40Z</time>
      </trkpt>
      <trkpt lat="9.504529" lon="-79.653273">
        <time>2026-08-08T15:11:43Z</time>
      </trkpt>
      <trkpt lat="9.504531" lon="-79.653241">
        <time>2026-08-08T15:11:48Z</time>
      </trkpt>
      <trkpt lat="9.504529" lon="-79.653243">
        <time>2026-08-08T15:11:50Z</time>
      </trkpt>
      <trkpt lat="9.504536" lon="-79.653214">
        <time>2026-08-08T15:11:53Z</time>
      </trkpt>
      <trkpt lat="9.504506" lon="-79.653157">
        <time>2026-08-08T15:12:02Z</time>
      </trkpt>
      <trkpt lat="9.504497" lon="-79.653135">
        <time>2026-08-08T15:12:05Z</time>
      </trkpt>
      <trkpt lat="9.504486" lon="-79.653107">
        <time>2026-08-08T15:12:09Z</time>
      </trkpt>
      <trkpt lat="9.504488" lon="-79.653098">
        <time>2026-08-08T15:12:10Z</time>
      </trkpt>
      <trkpt lat="9.504473" lon="-79.653060">
        <time>2026-08-08T15:12:15Z</time>
      </trkpt>
      <trkpt lat="9.504466" lon="-79.653049">
        <time>2026-08-08T15:12:17Z</time>
      </trkpt>
      <trkpt lat="9.504446" lon="-79.653000">
        <time>2026-08-08T15:12:26Z</time>
      </trkpt>
      <trkpt lat="9.504438" lon="-79.652992">
        <time>2026-08-08T15:12:27Z</time>
      </trkpt>
      <trkpt lat="9.504414" lon="-79.652978">
        <time>2026-08-08T15:12:29Z</time>
      </trkpt>
      <trkpt lat="9.504370" lon="-79.652961">
        <time>2026-08-08T15:12:33Z</time>
      </trkpt>
      <trkpt lat="9.504348" lon="-79.652952">
        <time>2026-08-08T15:12:35Z</time>
      </trkpt>
      <trkpt lat="9.504316" lon="-79.652961">
        <time>2026-08-08T15:12:41Z</time>
      </trkpt>
      <trkpt lat="9.504302" lon="-79.652977">
        <time>2026-08-08T15:12:48Z</time>
      </trkpt>
      <trkpt lat="9.504289" lon="-79.652984">
        <time>2026-08-08T15:12:50Z</time>
      </trkpt>
      <trkpt lat="9.504288" lon="-79.652990">
        <time>2026-08-08T15:12:53Z</time>
      </trkpt>
      <trkpt lat="9.504289" lon="-79.652983">
        <time>2026-08-08T15:12:55Z</time>
      </trkpt>
      <trkpt lat="9.504295" lon="-79.652979">
        <time>2026-08-08T15:12:56Z</time>
      </trkpt>
      <trkpt lat="9.504301" lon="-79.652972">
        <time>2026-08-08T15:13:00Z</time>
      </trkpt>
      <trkpt lat="9.504285" lon="-79.652965">
        <time>2026-08-08T15:13:03Z</time>
      </trkpt>
      <trkpt lat="9.504272" lon="-79.652956">
        <time>2026-08-08T15:13:05Z</time>
      </trkpt>
      <trkpt lat="9.504257" lon="-79.652937">
        <time>2026-08-08T15:13:08Z</time>
      </trkpt>
      <trkpt lat="9.504218" lon="-79.652914">
        <time>2026-08-08T15:13:16Z</time>
      </trkpt>
      <trkpt lat="9.504199" lon="-79.652900">
        <time>2026-08-08T15:13:23Z</time>
      </trkpt>
      <trkpt lat="9.504149" lon="-79.652871">
        <time>2026-08-08T15:13:33Z</time>
      </trkpt>
      <trkpt lat="9.504111" lon="-79.652848">
        <time>2026-08-08T15:13:39Z</time>
      </trkpt>
      <trkpt lat="9.504107" lon="-79.652842">
        <time>2026-08-08T15:13:40Z</time>
      </trkpt>
      <trkpt lat="9.504077" lon="-79.652809">
        <time>2026-08-08T15:13:46Z</time>
      </trkpt>
      <trkpt lat="9.504039" lon="-79.652781">
        <time>2026-08-08T15:13:52Z</time>
      </trkpt>
      <trkpt lat="9.504030" lon="-79.652778">
        <time>2026-08-08T15:13:53Z</time>
      </trkpt>
      <trkpt lat="9.504010" lon="-79.652759">
        <time>2026-08-08T15:13:58Z</time>
      </trkpt>
      <trkpt lat="9.503958" lon="-79.652731">
        <time>2026-08-08T15:14:06Z</time>
      </trkpt>
      <trkpt lat="9.503948" lon="-79.652699">
        <time>2026-08-08T15:14:14Z</time>
      </trkpt>
      <trkpt lat="9.503934" lon="-79.652663">
        <time>2026-08-08T15:14:22Z</time>
      </trkpt>
      <trkpt lat="9.503941" lon="-79.652628">
        <time>2026-08-08T15:14:28Z</time>
      </trkpt>
      <trkpt lat="9.503950" lon="-79.652582">
        <time>2026-08-08T15:14:35Z</time>
      </trkpt>
      <trkpt lat="9.503962" lon="-79.652519">
        <time>2026-08-08T15:14:43Z</time>
      </trkpt>
      <trkpt lat="9.503964" lon="-79.652480">
        <time>2026-08-08T15:14:48Z</time>
      </trkpt>
      <trkpt lat="9.503954" lon="-79.652433">
        <time>2026-08-08T15:14:55Z</time>
      </trkpt>
      <trkpt lat="9.503950" lon="-79.652409">
        <time>2026-08-08T15:14:59Z</time>
      </trkpt>
      <trkpt lat="9.503950" lon="-79.652406">
        <time>2026-08-08T15:15:03Z</time>
      </trkpt>
      <trkpt lat="9.503963" lon="-79.652385">
        <time>2026-08-08T15:15:08Z</time>
      </trkpt>
      <trkpt lat="9.503972" lon="-79.652380">
        <time>2026-08-08T15:15:09Z</time>
      </trkpt>
      <trkpt lat="9.503980" lon="-79.652377">
        <time>2026-08-08T15:15:12Z</time>
      </trkpt>
      <trkpt lat="9.503984" lon="-79.652372">
        <time>2026-08-08T15:15:14Z</time>
      </trkpt>
      <trkpt lat="9.503987" lon="-79.652365">
        <time>2026-08-08T15:15:16Z</time>
      </trkpt>
      <trkpt lat="9.503989" lon="-79.652319">
        <time>2026-08-08T15:15:21Z</time>
      </trkpt>
      <trkpt lat="9.503990" lon="-79.652311">
        <time>2026-08-08T15:15:22Z</time>
      </trkpt>
      <trkpt lat="9.503983" lon="-79.652293">
        <time>2026-08-08T15:15:27Z</time>
      </trkpt>
      <trkpt lat="9.503974" lon="-79.652283">
        <time>2026-08-08T15:15:33Z</time>
      </trkpt>
      <trkpt lat="9.503975" lon="-79.652284">
        <time>2026-08-08T15:15:34Z</time>
      </trkpt>
      <trkpt lat="9.503994" lon="-79.652282">
        <time>2026-08-08T15:15:38Z</time>
      </trkpt>
      <trkpt lat="9.504001" lon="-79.652286">
        <time>2026-08-08T15:15:39Z</time>
      </trkpt>
      <trkpt lat="9.504014" lon="-79.652245">
        <time>2026-08-08T15:15:45Z</time>
      </trkpt>
      <trkpt lat="9.504011" lon="-79.652240">
        <time>2026-08-08T15:15:46Z</time>
      </trkpt>
      <trkpt lat="9.503987" lon="-79.652209">
        <time>2026-08-08T15:15:51Z</time>
      </trkpt>
      <trkpt lat="9.503980" lon="-79.652198">
        <time>2026-08-08T15:15:53Z</time>
      </trkpt>
      <trkpt lat="9.503980" lon="-79.652189">
        <time>2026-08-08T15:15:54Z</time>
      </trkpt>
      <trkpt lat="9.503976" lon="-79.652180">
        <time>2026-08-08T15:15:56Z</time>
      </trkpt>
      <trkpt lat="9.503966" lon="-79.652161">
        <time>2026-08-08T15:16:00Z</time>
      </trkpt>
      <trkpt lat="9.503965" lon="-79.652123">
        <time>2026-08-08T15:16:04Z</time>
      </trkpt>
      <trkpt lat="9.503965" lon="-79.652114">
        <time>2026-08-08T15:16:05Z</time>
      </trkpt>
      <trkpt lat="9.503940" lon="-79.652073">
        <time>2026-08-08T15:16:11Z</time>
      </trkpt>
      <trkpt lat="9.503900" lon="-79.652029">
        <time>2026-08-08T15:16:18Z</time>
      </trkpt>
      <trkpt lat="9.503869" lon="-79.651977">
        <time>2026-08-08T15:16:26Z</time>
      </trkpt>
      <trkpt lat="9.503835" lon="-79.651948">
        <time>2026-08-08T15:16:32Z</time>
      </trkpt>
      <trkpt lat="9.503812" lon="-79.651941">
        <time>2026-08-08T15:16:35Z</time>
      </trkpt>
      <trkpt lat="9.503804" lon="-79.651932">
        <time>2026-08-08T15:16:40Z</time>
      </trkpt>
      <trkpt lat="9.503797" lon="-79.651927">
        <time>2026-08-08T15:16:42Z</time>
      </trkpt>
      <trkpt lat="9.503792" lon="-79.651908">
        <time>2026-08-08T15:16:48Z</time>
      </trkpt>
      <trkpt lat="9.503797" lon="-79.651896">
        <time>2026-08-08T15:16:50Z</time>
      </trkpt>
      <trkpt lat="9.503792" lon="-79.651908">
        <time>2026-08-08T15:16:54Z</time>
      </trkpt>
      <trkpt lat="9.503799" lon="-79.651909">
        <time>2026-08-08T15:16:56Z</time>
      </trkpt>
      <trkpt lat="9.503831" lon="-79.651900">
        <time>2026-08-08T15:17:03Z</time>
      </trkpt>
      <trkpt lat="9.503831" lon="-79.651879">
        <time>2026-08-08T15:17:07Z</time>
      </trkpt>
      <trkpt lat="9.503828" lon="-79.651868">
        <time>2026-08-08T15:17:10Z</time>
      </trkpt>
      <trkpt lat="9.503834" lon="-79.651860">
        <time>2026-08-08T15:17:14Z</time>
      </trkpt>
      <trkpt lat="9.503834" lon="-79.651835">
        <time>2026-08-08T15:17:18Z</time>
      </trkpt>
      <trkpt lat="9.503843" lon="-79.651815">
        <time>2026-08-08T15:17:22Z</time>
      </trkpt>
      <trkpt lat="9.503850" lon="-79.651796">
        <time>2026-08-08T15:17:25Z</time>
      </trkpt>
      <trkpt lat="9.503857" lon="-79.651786">
        <time>2026-08-08T15:17:27Z</time>
      </trkpt>
      <trkpt lat="9.503861" lon="-79.651783">
        <time>2026-08-08T15:17:28Z</time>
      </trkpt>
      <trkpt lat="9.503867" lon="-79.651760">
        <time>2026-08-08T15:17:33Z</time>
      </trkpt>
      <trkpt lat="9.503869" lon="-79.651750">
        <time>2026-08-08T15:17:39Z</time>
      </trkpt>
      <trkpt lat="9.503873" lon="-79.651755">
        <time>2026-08-08T15:17:41Z</time>
      </trkpt>
      <trkpt lat="9.503907" lon="-79.651731">
        <time>2026-08-08T15:17:48Z</time>
      </trkpt>
      <trkpt lat="9.503913" lon="-79.651726">
        <time>2026-08-08T15:17:49Z</time>
      </trkpt>
      <trkpt lat="9.503923" lon="-79.651700">
        <time>2026-08-08T15:17:53Z</time>
      </trkpt>
      <trkpt lat="9.503922" lon="-79.651685">
        <time>2026-08-08T15:17:55Z</time>
      </trkpt>
      <trkpt lat="9.503921" lon="-79.651670">
        <time>2026-08-08T15:17:56Z</time>
      </trkpt>
      <trkpt lat="9.503920" lon="-79.651595">
        <time>2026-08-08T15:18:03Z</time>
      </trkpt>
      <trkpt lat="9.503894" lon="-79.651570">
        <time>2026-08-08T15:18:08Z</time>
      </trkpt>
      <trkpt lat="9.503884" lon="-79.651558">
        <time>2026-08-08T15:18:11Z</time>
      </trkpt>
      <trkpt lat="9.503862" lon="-79.651531">
        <time>2026-08-08T15:18:19Z</time>
      </trkpt>
      <trkpt lat="9.503863" lon="-79.651518">
        <time>2026-08-08T15:18:26Z</time>
      </trkpt>
      <trkpt lat="9.503867" lon="-79.651478">
        <time>2026-08-08T15:18:35Z</time>
      </trkpt>
      <trkpt lat="9.503852" lon="-79.651427">
        <time>2026-08-08T15:18:41Z</time>
      </trkpt>
      <trkpt lat="9.503838" lon="-79.651389">
        <time>2026-08-08T15:18:48Z</time>
      </trkpt>
      <trkpt lat="9.503840" lon="-79.651367">
        <time>2026-08-08T15:18:51Z</time>
      </trkpt>
      <trkpt lat="9.503852" lon="-79.651340">
        <time>2026-08-08T15:18:55Z</time>
      </trkpt>
      <trkpt lat="9.503858" lon="-79.651309">
        <time>2026-08-08T15:18:59Z</time>
      </trkpt>
      <trkpt lat="9.503854" lon="-79.651292">
        <time>2026-08-08T15:19:03Z</time>
      </trkpt>
      <trkpt lat="9.503847" lon="-79.651277">
        <time>2026-08-08T15:19:06Z</time>
      </trkpt>
      <trkpt lat="9.503842" lon="-79.651257">
        <time>2026-08-08T15:19:09Z</time>
      </trkpt>
      <trkpt lat="9.503808" lon="-79.651209">
        <time>2026-08-08T15:19:16Z</time>
      </trkpt>
      <trkpt lat="9.503766" lon="-79.651164">
        <time>2026-08-08T15:19:24Z</time>
      </trkpt>
      <trkpt lat="9.503727" lon="-79.651143">
        <time>2026-08-08T15:19:28Z</time>
      </trkpt>
      <trkpt lat="9.503702" lon="-79.651138">
        <time>2026-08-08T15:19:31Z</time>
      </trkpt>
      <trkpt lat="9.503700" lon="-79.651136">
        <time>2026-08-08T15:19:32Z</time>
      </trkpt>
      <trkpt lat="9.503657" lon="-79.651137">
        <time>2026-08-08T15:19:37Z</time>
      </trkpt>
      <trkpt lat="9.503646" lon="-79.651137">
        <time>2026-08-08T15:19:38Z</time>
      </trkpt>
      <trkpt lat="9.503604" lon="-79.651137">
        <time>2026-08-08T15:19:43Z</time>
      </trkpt>
      <trkpt lat="9.503597" lon="-79.651137">
        <time>2026-08-08T15:19:45Z</time>
      </trkpt>
      <trkpt lat="9.503581" lon="-79.651160">
        <time>2026-08-08T15:19:52Z</time>
      </trkpt>
      <trkpt lat="9.503582" lon="-79.651175">
        <time>2026-08-08T15:19:57Z</time>
      </trkpt>
      <trkpt lat="9.503574" lon="-79.651174">
        <time>2026-08-08T15:20:04Z</time>
      </trkpt>
      <trkpt lat="9.503565" lon="-79.651166">
        <time>2026-08-08T15:20:06Z</time>
      </trkpt>
      <trkpt lat="9.503552" lon="-79.651162">
        <time>2026-08-08T15:20:09Z</time>
      </trkpt>
      <trkpt lat="9.503542" lon="-79.651163">
        <time>2026-08-08T15:20:11Z</time>
      </trkpt>
      <trkpt lat="9.503501" lon="-79.651152">
        <time>2026-08-08T15:20:15Z</time>
      </trkpt>
      <trkpt lat="9.503443" lon="-79.651157">
        <time>2026-08-08T15:20:19Z</time>
      </trkpt>
      <trkpt lat="9.503429" lon="-79.651161">
        <time>2026-08-08T15:20:21Z</time>
      </trkpt>
      <trkpt lat="9.503422" lon="-79.651164">
        <time>2026-08-08T15:20:22Z</time>
      </trkpt>
      <trkpt lat="9.503344" lon="-79.651181">
        <time>2026-08-08T15:20:31Z</time>
      </trkpt>
      <trkpt lat="9.503302" lon="-79.651195">
        <time>2026-08-08T15:20:37Z</time>
      </trkpt>
      <trkpt lat="9.503273" lon="-79.651208">
        <time>2026-08-08T15:20:40Z</time>
      </trkpt>
      <trkpt lat="9.503245" lon="-79.651235">
        <time>2026-08-08T15:20:44Z</time>
      </trkpt>
      <trkpt lat="9.503229" lon="-79.651232">
        <time>2026-08-08T15:20:46Z</time>
      </trkpt>
      <trkpt lat="9.503180" lon="-79.651238">
        <time>2026-08-08T15:20:54Z</time>
      </trkpt>
      <trkpt lat="9.503120" lon="-79.651219">
        <time>2026-08-08T15:21:02Z</time>
      </trkpt>
      <trkpt lat="9.503108" lon="-79.651217">
        <time>2026-08-08T15:21:04Z</time>
      </trkpt>
      <trkpt lat="9.503049" lon="-79.651216">
        <time>2026-08-08T15:21:10Z</time>
      </trkpt>
      <trkpt lat="9.502999" lon="-79.651217">
        <time>2026-08-08T15:21:18Z</time>
      </trkpt>
      <trkpt lat="9.502987" lon="-79.651223">
        <time>2026-08-08T15:21:22Z</time>
      </trkpt>
      <trkpt lat="9.502960" lon="-79.651237">
        <time>2026-08-08T15:21:27Z</time>
      </trkpt>
      <trkpt lat="9.502953" lon="-79.651240">
        <time>2026-08-08T15:21:28Z</time>
      </trkpt>
      <trkpt lat="9.502929" lon="-79.651245">
        <time>2026-08-08T15:21:33Z</time>
      </trkpt>
      <trkpt lat="9.502926" lon="-79.651243">
        <time>2026-08-08T15:21:37Z</time>
      </trkpt>
      <trkpt lat="9.502926" lon="-79.651238">
        <time>2026-08-08T15:21:40Z</time>
      </trkpt>
      <trkpt lat="9.502908" lon="-79.651228">
        <time>2026-08-08T15:21:44Z</time>
      </trkpt>
      <trkpt lat="9.502900" lon="-79.651216">
        <time>2026-08-08T15:21:47Z</time>
      </trkpt>
      <trkpt lat="9.502878" lon="-79.651231">
        <time>2026-08-08T15:21:53Z</time>
      </trkpt>
      <trkpt lat="9.502880" lon="-79.651233">
        <time>2026-08-08T15:21:54Z</time>
      </trkpt>
      <trkpt lat="9.502865" lon="-79.651224">
        <time>2026-08-08T15:21:57Z</time>
      </trkpt>
      <trkpt lat="9.502865" lon="-79.651220">
        <time>2026-08-08T15:21:59Z</time>
      </trkpt>
      <trkpt lat="9.502862" lon="-79.651216">
        <time>2026-08-08T15:22:01Z</time>
      </trkpt>
      <trkpt lat="9.502851" lon="-79.651217">
        <time>2026-08-08T15:22:06Z</time>
      </trkpt>
      <trkpt lat="9.502798" lon="-79.651204">
        <time>2026-08-08T15:22:14Z</time>
      </trkpt>
      <trkpt lat="9.502761" lon="-79.651214">
        <time>2026-08-08T15:22:21Z</time>
      </trkpt>
      <trkpt lat="9.502752" lon="-79.651204">
        <time>2026-08-08T15:22:29Z</time>
      </trkpt>
      <trkpt lat="9.502726" lon="-79.651197">
        <time>2026-08-08T15:22:35Z</time>
      </trkpt>
      <trkpt lat="9.502730" lon="-79.651172">
        <time>2026-08-08T15:22:39Z</time>
      </trkpt>
      <trkpt lat="9.502722" lon="-79.651156">
        <time>2026-08-08T15:22:43Z</time>
      </trkpt>
      <trkpt lat="9.502719" lon="-79.651148">
        <time>2026-08-08T15:22:45Z</time>
      </trkpt>
      <trkpt lat="9.502704" lon="-79.651144">
        <time>2026-08-08T15:22:47Z</time>
      </trkpt>
      <trkpt lat="9.502693" lon="-79.651123">
        <time>2026-08-08T15:22:51Z</time>
      </trkpt>
      <trkpt lat="9.502661" lon="-79.651099">
        <time>2026-08-08T15:22:58Z</time>
      </trkpt>
      <trkpt lat="9.502655" lon="-79.651097">
        <time>2026-08-08T15:22:59Z</time>
      </trkpt>
      <trkpt lat="9.502620" lon="-79.651090">
        <time>2026-08-08T15:23:06Z</time>
      </trkpt>
      <trkpt lat="9.502555" lon="-79.651095">
        <time>2026-08-08T15:23:13Z</time>
      </trkpt>
      <trkpt lat="9.502550" lon="-79.651095">
        <time>2026-08-08T15:23:14Z</time>
      </trkpt>
      <trkpt lat="9.502517" lon="-79.651101">
        <time>2026-08-08T15:23:19Z</time>
      </trkpt>
      <trkpt lat="9.502500" lon="-79.651097">
        <time>2026-08-08T15:23:22Z</time>
      </trkpt>
      <trkpt lat="9.502504" lon="-79.651080">
        <time>2026-08-08T15:23:25Z</time>
      </trkpt>
      <trkpt lat="9.502503" lon="-79.651075">
        <time>2026-08-08T15:23:28Z</time>
      </trkpt>
      <trkpt lat="9.502498" lon="-79.651072">
        <time>2026-08-08T15:23:31Z</time>
      </trkpt>
      <trkpt lat="9.502498" lon="-79.651072">
        <time>2026-08-08T15:23:33Z</time>
      </trkpt>
      <trkpt lat="9.502497" lon="-79.651069">
        <time>2026-08-08T15:23:34Z</time>
      </trkpt>
      <trkpt lat="9.502491" lon="-79.651061">
        <time>2026-08-08T15:23:38Z</time>
      </trkpt>
      <trkpt lat="9.502498" lon="-79.651060">
        <time>2026-08-08T15:23:40Z</time>
      </trkpt>
      <trkpt lat="9.502501" lon="-79.651056">
        <time>2026-08-08T15:23:44Z</time>
      </trkpt>
      <trkpt lat="9.502491" lon="-79.651036">
        <time>2026-08-08T15:23:51Z</time>
      </trkpt>
      <trkpt lat="9.502463" lon="-79.651021">
        <time>2026-08-08T15:23:55Z</time>
      </trkpt>
      <trkpt lat="9.502426" lon="-79.651014">
        <time>2026-08-08T15:24:00Z</time>
      </trkpt>
      <trkpt lat="9.502398" lon="-79.651036">
        <time>2026-08-08T15:24:03Z</time>
      </trkpt>
      <trkpt lat="9.502391" lon="-79.651034">
        <time>2026-08-08T15:24:09Z</time>
      </trkpt>
      <trkpt lat="9.502358" lon="-79.651050">
        <time>2026-08-08T15:24:13Z</time>
      </trkpt>
      <trkpt lat="9.502351" lon="-79.651048">
        <time>2026-08-08T15:24:18Z</time>
      </trkpt>
      <trkpt lat="9.502351" lon="-79.651045">
        <time>2026-08-08T15:24:22Z</time>
      </trkpt>
      <trkpt lat="9.502354" lon="-79.651048">
        <time>2026-08-08T15:24:23Z</time>
      </trkpt>
      <trkpt lat="9.502358" lon="-79.651057">
        <time>2026-08-08T15:24:26Z</time>
      </trkpt>
      <trkpt lat="9.502352" lon="-79.651058">
        <time>2026-08-08T15:24:28Z</time>
      </trkpt>
      <trkpt lat="9.502351" lon="-79.651059">
        <time>2026-08-08T15:24:29Z</time>
      </trkpt>
      <trkpt lat="9.502348" lon="-79.651062">
        <time>2026-08-08T15:24:31Z</time>
      </trkpt>
      <trkpt lat="9.502348" lon="-79.651059">
        <time>2026-08-08T15:24:32Z</time>
      </trkpt>
      <trkpt lat="9.502351" lon="-79.651051">
        <time>2026-08-08T15:24:36Z</time>
      </trkpt>
      <trkpt lat="9.502324" lon="-79.651047">
        <time>2026-08-08T15:24:41Z</time>
      </trkpt>
      <trkpt lat="9.502309" lon="-79.651033">
        <time>2026-08-08T15:24:46Z</time>
      </trkpt>
      <trkpt lat="9.502307" lon="-79.651032">
        <time>2026-08-08T15:24:47Z</time>
      </trkpt>
      <trkpt lat="9.502312" lon="-79.650995">
        <time>2026-08-08T15:24:54Z</time>
      </trkpt>
      <trkpt lat="9.502311" lon="-79.650986">
        <time>2026-08-08T15:24:55Z</time>
      </trkpt>
      <trkpt lat="9.502322" lon="-79.650949">
        <time>2026-08-08T15:25:00Z</time>
      </trkpt>
      <trkpt lat="9.502313" lon="-79.650884">
        <time>2026-08-08T15:25:07Z</time>
      </trkpt>
      <trkpt lat="9.502273" lon="-79.650846">
        <time>2026-08-08T15:25:12Z</time>
      </trkpt>
      <trkpt lat="9.502266" lon="-79.650829">
        <time>2026-08-08T15:25:14Z</time>
      </trkpt>
      <trkpt lat="9.502263" lon="-79.650825">
        <time>2026-08-08T15:25:15Z</time>
      </trkpt>
      <trkpt lat="9.502267" lon="-79.650814">
        <time>2026-08-08T15:25:17Z</time>
      </trkpt>
      <trkpt lat="9.502273" lon="-79.650793">
        <time>2026-08-08T15:25:21Z</time>
      </trkpt>
      <trkpt lat="9.502272" lon="-79.650791">
        <time>2026-08-08T15:25:22Z</time>
      </trkpt>
      <trkpt lat="9.502278" lon="-79.650767">
        <time>2026-08-08T15:25:29Z</time>
      </trkpt>
      <trkpt lat="9.502279" lon="-79.650764">
        <time>2026-08-08T15:25:30Z</time>
      </trkpt>
      <trkpt lat="9.502276" lon="-79.650722">
        <time>2026-08-08T15:25:37Z</time>
      </trkpt>
      <trkpt lat="9.502262" lon="-79.650694">
        <time>2026-08-08T15:25:41Z</time>
      </trkpt>
      <trkpt lat="9.502261" lon="-79.650681">
        <time>2026-08-08T15:25:43Z</time>
      </trkpt>
      <trkpt lat="9.502250" lon="-79.650658">
        <time>2026-08-08T15:25:46Z</time>
      </trkpt>
      <trkpt lat="9.502239" lon="-79.650620">
        <time>2026-08-08T15:25:52Z</time>
      </trkpt>
      <trkpt lat="9.502252" lon="-79.650585">
        <time>2026-08-08T15:25:59Z</time>
      </trkpt>
      <trkpt lat="9.502252" lon="-79.650578">
        <time>2026-08-08T15:26:00Z</time>
      </trkpt>
      <trkpt lat="9.502253" lon="-79.650562">
        <time>2026-08-08T15:26:04Z</time>
      </trkpt>
      <trkpt lat="9.502226" lon="-79.650513">
        <time>2026-08-08T15:26:11Z</time>
      </trkpt>
      <trkpt lat="9.502227" lon="-79.650490">
        <time>2026-08-08T15:26:14Z</time>
      </trkpt>
      <trkpt lat="9.502219" lon="-79.650453">
        <time>2026-08-08T15:26:18Z</time>
      </trkpt>
      <trkpt lat="9.502209" lon="-79.650419">
        <time>2026-08-08T15:26:24Z</time>
      </trkpt>
      <trkpt lat="9.502203" lon="-79.650409">
        <time>2026-08-08T15:26:25Z</time>
      </trkpt>
      <trkpt lat="9.502184" lon="-79.650370">
        <time>2026-08-08T15:26:31Z</time>
      </trkpt>
      <trkpt lat="9.502177" lon="-79.650372">
        <time>2026-08-08T15:26:32Z</time>
      </trkpt>
      <trkpt lat="9.502162" lon="-79.650353">
        <time>2026-08-08T15:26:37Z</time>
      </trkpt>
      <trkpt lat="9.502163" lon="-79.650346">
        <time>2026-08-08T15:26:38Z</time>
      </trkpt>
      <trkpt lat="9.502161" lon="-79.650332">
        <time>2026-08-08T15:26:40Z</time>
      </trkpt>
      <trkpt lat="9.502151" lon="-79.650313">
        <time>2026-08-08T15:26:43Z</time>
      </trkpt>
      <trkpt lat="9.502143" lon="-79.650306">
        <time>2026-08-08T15:26:44Z</time>
      </trkpt>
      <trkpt lat="9.502125" lon="-79.650303">
        <time>2026-08-08T15:26:46Z</time>
      </trkpt>
      <trkpt lat="9.502100" lon="-79.650292">
        <time>2026-08-08T15:26:50Z</time>
      </trkpt>
      <trkpt lat="9.502100" lon="-79.650293">
        <time>2026-08-08T15:26:51Z</time>
      </trkpt>
      <trkpt lat="9.502094" lon="-79.650294">
        <time>2026-08-08T15:26:52Z</time>
      </trkpt>
      <trkpt lat="9.502081" lon="-79.650293">
        <time>2026-08-08T15:26:54Z</time>
      </trkpt>
      <trkpt lat="9.502073" lon="-79.650293">
        <time>2026-08-08T15:26:55Z</time>
      </trkpt>
      <trkpt lat="9.502020" lon="-79.650261">
        <time>2026-08-08T15:27:04Z</time>
      </trkpt>
      <trkpt lat="9.501978" lon="-79.650258">
        <time>2026-08-08T15:27:12Z</time>
      </trkpt>
      <trkpt lat="9.501968" lon="-79.650259">
        <time>2026-08-08T15:27:14Z</time>
      </trkpt>
      <trkpt lat="9.501929" lon="-79.650260">
        <time>2026-08-08T15:27:20Z</time>
      </trkpt>
      <trkpt lat="9.501910" lon="-79.650253">
        <time>2026-08-08T15:27:27Z</time>
      </trkpt>
      <trkpt lat="9.501911" lon="-79.650251">
        <time>2026-08-08T15:27:28Z</time>
      </trkpt>
      <trkpt lat="9.501911" lon="-79.650245">
        <time>2026-08-08T15:27:30Z</time>
      </trkpt>
      <trkpt lat="9.501916" lon="-79.650241">
        <time>2026-08-08T15:27:34Z</time>
      </trkpt>
      <trkpt lat="9.501905" lon="-79.650232">
        <time>2026-08-08T15:27:39Z</time>
      </trkpt>
      <trkpt lat="9.501902" lon="-79.650231">
        <time>2026-08-08T15:27:41Z</time>
      </trkpt>
      <trkpt lat="9.501895" lon="-79.650221">
        <time>2026-08-08T15:27:45Z</time>
      </trkpt>
      <trkpt lat="9.501893" lon="-79.650217">
        <time>2026-08-08T15:27:46Z</time>
      </trkpt>
      <trkpt lat="9.501887" lon="-79.650193">
        <time>2026-08-08T15:27:53Z</time>
      </trkpt>
      <trkpt lat="9.501884" lon="-79.650160">
        <time>2026-08-08T15:28:02Z</time>
      </trkpt>
      <trkpt lat="9.501891" lon="-79.650148">
        <time>2026-08-08T15:28:10Z</time>
      </trkpt>
      <trkpt lat="9.501896" lon="-79.650151">
        <time>2026-08-08T15:28:15Z</time>
      </trkpt>
      <trkpt lat="9.501905" lon="-79.650151">
        <time>2026-08-08T15:28:19Z</time>
      </trkpt>
      <trkpt lat="9.501906" lon="-79.650151">
        <time>2026-08-08T15:28:20Z</time>
      </trkpt>
      <trkpt lat="9.501928" lon="-79.650179">
        <time>2026-08-08T15:28:28Z</time>
      </trkpt>
      <trkpt lat="9.501909" lon="-79.650173">
        <time>2026-08-08T15:28:32Z</time>
      </trkpt>
      <trkpt lat="9.501901" lon="-79.650168">
        <time>2026-08-08T15:28:37Z</time>
      </trkpt>
      <trkpt lat="9.501901" lon="-79.650167">
        <time>2026-08-08T15:28:41Z</time>
      </trkpt>
      <trkpt lat="9.501888" lon="-79.650161">
        <time>2026-08-08T15:28:47Z</time>
      </trkpt>
      <trkpt lat="9.501895" lon="-79.650167">
        <time>2026-08-08T15:28:49Z</time>
      </trkpt>
      <trkpt lat="9.501896" lon="-79.650169">
        <time>2026-08-08T15:28:53Z</time>
      </trkpt>
      <trkpt lat="9.501895" lon="-79.650170">
        <time>2026-08-08T15:28:54Z</time>
      </trkpt>
      <trkpt lat="9.501892" lon="-79.650171">
        <time>2026-08-08T15:28:55Z</time>
      </trkpt>
      <trkpt lat="9.501847" lon="-79.650156">
        <time>2026-08-08T15:29:03Z</time>
      </trkpt>
      <trkpt lat="9.501852" lon="-79.650160">
        <time>2026-08-08T15:29:04Z</time>
      </trkpt>
      <trkpt lat="9.501858" lon="-79.650161">
        <time>2026-08-08T15:29:05Z</time>
      </trkpt>
      <trkpt lat="9.501865" lon="-79.650167">
        <time>2026-08-08T15:29:09Z</time>
      </trkpt>
      <trkpt lat="9.501869" lon="-79.650166">
        <time>2026-08-08T15:29:10Z</time>
      </trkpt>
      <trkpt lat="9.501864" lon="-79.650173">
        <time>2026-08-08T15:29:17Z</time>
      </trkpt>
      <trkpt lat="9.501854" lon="-79.650188">
        <time>2026-08-08T15:29:26Z</time>
      </trkpt>
      <trkpt lat="9.501857" lon="-79.650196">
        <time>2026-08-08T15:29:30Z</time>
      </trkpt>
      <trkpt lat="9.501858" lon="-79.650195">
        <time>2026-08-08T15:29:35Z</time>
      </trkpt>
      <trkpt lat="9.501858" lon="-79.650194">
        <time>2026-08-08T15:29:36Z</time>
      </trkpt>
      <trkpt lat="9.501852" lon="-79.650209">
        <time>2026-08-08T15:29:43Z</time>
      </trkpt>
      <trkpt lat="9.501853" lon="-79.650192">
        <time>2026-08-08T15:29:48Z</time>
      </trkpt>
      <trkpt lat="9.501855" lon="-79.650192">
        <time>2026-08-08T15:29:49Z</time>
      </trkpt>
      <trkpt lat="9.501858" lon="-79.650180">
        <time>2026-08-08T15:29:58Z</time>
      </trkpt>
      <trkpt lat="9.501847" lon="-79.650168">
        <time>2026-08-08T15:30:01Z</time>
      </trkpt>
      <trkpt lat="9.501831" lon="-79.650161">
        <time>2026-08-08T15:30:04Z</time>
      </trkpt>
      <trkpt lat="9.501810" lon="-79.650158">
        <time>2026-08-08T15:30:07Z</time>
      </trkpt>
      <trkpt lat="9.501804" lon="-79.650156">
        <time>2026-08-08T15:30:09Z</time>
      </trkpt>
      <trkpt lat="9.501805" lon="-79.650157">
        <time>2026-08-08T15:30:11Z</time>
      </trkpt>
      <trkpt lat="9.501801" lon="-79.650160">
        <time>2026-08-08T15:30:14Z</time>
      </trkpt>
      <trkpt lat="9.501801" lon="-79.650161">
        <time>2026-08-08T15:30:15Z</time>
      </trkpt>
      <trkpt lat="9.501791" lon="-79.650154">
        <time>2026-08-08T15:30:19Z</time>
      </trkpt>
      <trkpt lat="9.501786" lon="-79.650135">
        <time>2026-08-08T15:30:22Z</time>
      </trkpt>
      <trkpt lat="9.501781" lon="-79.650128">
        <time>2026-08-08T15:30:23Z</time>
      </trkpt>
      <trkpt lat="9.501770" lon="-79.650117">
        <time>2026-08-08T15:30:25Z</time>
      </trkpt>
      <trkpt lat="9.501736" lon="-79.650102">
        <time>2026-08-08T15:30:30Z</time>
      </trkpt>
      <trkpt lat="9.501711" lon="-79.650094">
        <time>2026-08-08T15:30:35Z</time>
      </trkpt>
      <trkpt lat="9.501656" lon="-79.650086">
        <time>2026-08-08T15:30:43Z</time>
      </trkpt>
      <trkpt lat="9.501652" lon="-79.650085">
        <time>2026-08-08T15:30:44Z</time>
      </trkpt>
      <trkpt lat="9.501628" lon="-79.650054">
        <time>2026-08-08T15:30:51Z</time>
      </trkpt>
      <trkpt lat="9.501634" lon="-79.650019">
        <time>2026-08-08T15:30:58Z</time>
      </trkpt>
      <trkpt lat="9.501629" lon="-79.649988">
        <time>2026-08-08T15:31:05Z</time>
      </trkpt>
      <trkpt lat="9.501617" lon="-79.649969">
        <time>2026-08-08T15:31:08Z</time>
      </trkpt>
      <trkpt lat="9.501605" lon="-79.649956">
        <time>2026-08-08T15:31:12Z</time>
      </trkpt>
      <trkpt lat="9.501594" lon="-79.649942">
        <time>2026-08-08T15:31:14Z</time>
      </trkpt>
      <trkpt lat="9.501592" lon="-79.649930">
        <time>2026-08-08T15:31:17Z</time>
      </trkpt>
      <trkpt lat="9.501562" lon="-79.649914">
        <time>2026-08-08T15:31:21Z</time>
      </trkpt>
      <trkpt lat="9.501542" lon="-79.649906">
        <time>2026-08-08T15:31:24Z</time>
      </trkpt>
      <trkpt lat="9.501526" lon="-79.649894">
        <time>2026-08-08T15:31:28Z</time>
      </trkpt>
      <trkpt lat="9.501512" lon="-79.649888">
        <time>2026-08-08T15:31:31Z</time>
      </trkpt>
      <trkpt lat="9.501495" lon="-79.649864">
        <time>2026-08-08T15:31:38Z</time>
      </trkpt>
      <trkpt lat="9.501486" lon="-79.649857">
        <time>2026-08-08T15:31:39Z</time>
      </trkpt>
      <trkpt lat="9.501455" lon="-79.649834">
        <time>2026-08-08T15:31:43Z</time>
      </trkpt>
      <trkpt lat="9.501445" lon="-79.649828">
        <time>2026-08-08T15:31:46Z</time>
      </trkpt>
      <trkpt lat="9.501443" lon="-79.649829">
        <time>2026-08-08T15:31:49Z</time>
      </trkpt>
      <trkpt lat="9.501429" lon="-79.649821">
        <time>2026-08-08T15:31:51Z</time>
      </trkpt>
      <trkpt lat="9.501399" lon="-79.649802">
        <time>2026-08-08T15:31:56Z</time>
      </trkpt>
      <trkpt lat="9.501366" lon="-79.649791">
        <time>2026-08-08T15:32:01Z</time>
      </trkpt>
      <trkpt lat="9.501360" lon="-79.649789">
        <time>2026-08-08T15:32:02Z</time>
      </trkpt>
      <trkpt lat="9.501315" lon="-79.649782">
        <time>2026-08-08T15:32:09Z</time>
      </trkpt>
      <trkpt lat="9.501280" lon="-79.649783">
        <time>2026-08-08T15:32:13Z</time>
      </trkpt>
      <trkpt lat="9.501275" lon="-79.649783">
        <time>2026-08-08T15:32:14Z</time>
      </trkpt>
      <trkpt lat="9.501230" lon="-79.649787">
        <time>2026-08-08T15:32:21Z</time>
      </trkpt>
      <trkpt lat="9.501186" lon="-79.649783">
        <time>2026-08-08T15:32:29Z</time>
      </trkpt>
      <trkpt lat="9.501178" lon="-79.649772">
        <time>2026-08-08T15:32:32Z</time>
      </trkpt>
      <trkpt lat="9.501142" lon="-79.649781">
        <time>2026-08-08T15:32:36Z</time>
      </trkpt>
      <trkpt lat="9.501138" lon="-79.649783">
        <time>2026-08-08T15:32:37Z</time>
      </trkpt>
      <trkpt lat="9.501111" lon="-79.649798">
        <time>2026-08-08T15:32:43Z</time>
      </trkpt>
      <trkpt lat="9.501098" lon="-79.649804">
        <time>2026-08-08T15:32:46Z</time>
      </trkpt>
      <trkpt lat="9.501093" lon="-79.649811">
        <time>2026-08-08T15:32:52Z</time>
      </trkpt>
      <trkpt lat="9.501088" lon="-79.649806">
        <time>2026-08-08T15:32:54Z</time>
      </trkpt>
      <trkpt lat="9.501078" lon="-79.649812">
        <time>2026-08-08T15:32:58Z</time>
      </trkpt>
      <trkpt lat="9.501076" lon="-79.649809">
        <time>2026-08-08T15:33:00Z</time>
      </trkpt>
      <trkpt lat="9.501068" lon="-79.649816">
        <time>2026-08-08T15:33:05Z</time>
      </trkpt>
      <trkpt lat="9.501062" lon="-79.649820">
        <time>2026-08-08T15:33:08Z</time>
      </trkpt>
      <trkpt lat="9.501049" lon="-79.649832">
        <time>2026-08-08T15:33:17Z</time>
      </trkpt>
      <trkpt lat="9.501052" lon="-79.649829">
        <time>2026-08-08T15:33:20Z</time>
      </trkpt>
      <trkpt lat="9.501051" lon="-79.649837">
        <time>2026-08-08T15:33:26Z</time>
      </trkpt>
      <trkpt lat="9.501071" lon="-79.649849">
        <time>2026-08-08T15:33:32Z</time>
      </trkpt>
      <trkpt lat="9.501074" lon="-79.649854">
        <time>2026-08-08T15:33:33Z</time>
      </trkpt>
      <trkpt lat="9.501065" lon="-79.649891">
        <time>2026-08-08T15:33:44Z</time>
      </trkpt>
      <trkpt lat="9.501065" lon="-79.649894">
        <time>2026-08-08T15:33:45Z</time>
      </trkpt>
      <trkpt lat="9.501064" lon="-79.649883">
        <time>2026-08-08T15:33:51Z</time>
      </trkpt>
      <trkpt lat="9.501056" lon="-79.649888">
        <time>2026-08-08T15:33:53Z</time>
      </trkpt>
      <trkpt lat="9.501038" lon="-79.649909">
        <time>2026-08-08T15:34:01Z</time>
      </trkpt>
      <trkpt lat="9.501039" lon="-79.649900">
        <time>2026-08-08T15:34:04Z</time>
      </trkpt>
      <trkpt lat="9.501039" lon="-79.649904">
        <time>2026-08-08T15:34:05Z</time>
      </trkpt>
      <trkpt lat="9.501049" lon="-79.649902">
        <time>2026-08-08T15:34:14Z</time>
      </trkpt>
      <trkpt lat="9.501053" lon="-79.649890">
        <time>2026-08-08T15:34:17Z</time>
      </trkpt>
      <trkpt lat="9.501059" lon="-79.649897">
        <time>2026-08-08T15:34:19Z</time>
      </trkpt>
      <trkpt lat="9.501076" lon="-79.649881">
        <time>2026-08-08T15:34:23Z</time>
      </trkpt>
      <trkpt lat="9.501076" lon="-79.649879">
        <time>2026-08-08T15:34:24Z</time>
      </trkpt>
      <trkpt lat="9.501077" lon="-79.649881">
        <time>2026-08-08T15:34:26Z</time>
      </trkpt>
      <trkpt lat="9.501065" lon="-79.649861">
        <time>2026-08-08T15:34:30Z</time>
      </trkpt>
      <trkpt lat="9.501065" lon="-79.649857">
        <time>2026-08-08T15:34:32Z</time>
      </trkpt>
      <trkpt lat="9.501066" lon="-79.649855">
        <time>2026-08-08T15:34:33Z</time>
      </trkpt>
      <trkpt lat="9.501071" lon="-79.649846">
        <time>2026-08-08T15:34:37Z</time>
      </trkpt>
      <trkpt lat="9.501065" lon="-79.649842">
        <time>2026-08-08T15:34:43Z</time>
      </trkpt>
      <trkpt lat="9.501064" lon="-79.649842">
        <time>2026-08-08T15:34:45Z</time>
      </trkpt>
      <trkpt lat="9.501071" lon="-79.649840">
        <time>2026-08-08T15:34:48Z</time>
      </trkpt>
      <trkpt lat="9.501073" lon="-79.649844">
        <time>2026-08-08T15:34:51Z</time>
      </trkpt>
      <trkpt lat="9.501065" lon="-79.649855">
        <time>2026-08-08T15:34:57Z</time>
      </trkpt>
      <trkpt lat="9.501053" lon="-79.649857">
        <time>2026-08-08T15:35:01Z</time>
      </trkpt>
      <trkpt lat="9.501055" lon="-79.649858">
        <time>2026-08-08T15:35:03Z</time>
      </trkpt>
      <trkpt lat="9.501065" lon="-79.649861">
        <time>2026-08-08T15:35:06Z</time>
      </trkpt>
      <trkpt lat="9.501084" lon="-79.649856">
        <time>2026-08-08T15:35:16Z</time>
      </trkpt>
      <trkpt lat="9.501095" lon="-79.649862">
        <time>2026-08-08T15:35:18Z</time>
      </trkpt>
      <trkpt lat="9.501090" lon="-79.649856">
        <time>2026-08-08T15:35:21Z</time>
      </trkpt>
      <trkpt lat="9.501093" lon="-79.649866">
        <time>2026-08-08T15:35:27Z</time>
      </trkpt>
      <trkpt lat="9.501086" lon="-79.649859">
        <time>2026-08-08T15:35:34Z</time>
      </trkpt>
      <trkpt lat="9.501085" lon="-79.649862">
        <time>2026-08-08T15:35:36Z</time>
      </trkpt>
      <trkpt lat="9.501086" lon="-79.649861">
        <time>2026-08-08T15:35:39Z</time>
      </trkpt>
      <trkpt lat="9.501084" lon="-79.649858">
        <time>2026-08-08T15:35:41Z</time>
      </trkpt>
      <trkpt lat="9.501082" lon="-79.649855">
        <time>2026-08-08T15:35:51Z</time>
      </trkpt>
      <trkpt lat="9.501075" lon="-79.649852">
        <time>2026-08-08T15:35:59Z</time>
      </trkpt>
      <trkpt lat="9.501059" lon="-79.649849">
        <time>2026-08-08T15:36:10Z</time>
      </trkpt>
      <trkpt lat="9.501063" lon="-79.649845">
        <time>2026-08-08T15:36:18Z</time>
      </trkpt>
      <trkpt lat="9.501081" lon="-79.649844">
        <time>2026-08-08T15:36:24Z</time>
      </trkpt>
      <trkpt lat="9.501080" lon="-79.649844">
        <time>2026-08-08T15:36:26Z</time>
      </trkpt>
      <trkpt lat="9.501080" lon="-79.649844">
        <time>2026-08-08T15:36:39Z</time>
      </trkpt>
      <trkpt lat="9.501067" lon="-79.649865">
        <time>2026-08-08T15:36:47Z</time>
      </trkpt>
      <trkpt lat="9.501056" lon="-79.649887">
        <time>2026-08-08T15:37:00Z</time>
      </trkpt>
      <trkpt lat="9.501058" lon="-79.649890">
        <time>2026-08-08T15:37:02Z</time>
      </trkpt>
      <trkpt lat="9.501060" lon="-79.649891">
        <time>2026-08-08T15:37:03Z</time>
      </trkpt>
      <trkpt lat="9.501066" lon="-79.649894">
        <time>2026-08-08T15:37:06Z</time>
      </trkpt>
      <trkpt lat="9.501085" lon="-79.649898">
        <time>2026-08-08T15:37:11Z</time>
      </trkpt>
      <trkpt lat="9.501102" lon="-79.649890">
        <time>2026-08-08T15:37:17Z</time>
      </trkpt>
      <trkpt lat="9.501099" lon="-79.649875">
        <time>2026-08-08T15:37:20Z</time>
      </trkpt>
      <trkpt lat="9.501099" lon="-79.649863">
        <time>2026-08-08T15:37:24Z</time>
      </trkpt>
      <trkpt lat="9.501091" lon="-79.649857">
        <time>2026-08-08T15:37:30Z</time>
      </trkpt>
      <trkpt lat="9.501080" lon="-79.649847">
        <time>2026-08-08T15:37:35Z</time>
      </trkpt>
      <trkpt lat="9.501078" lon="-79.649842">
        <time>2026-08-08T15:37:37Z</time>
      </trkpt>
      <trkpt lat="9.501063" lon="-79.649847">
        <time>2026-08-08T15:37:47Z</time>
      </trkpt>
      <trkpt lat="9.501054" lon="-79.649866">
        <time>2026-08-08T15:37:54Z</time>
      </trkpt>
      <trkpt lat="9.501062" lon="-79.649866">
        <time>2026-08-08T15:38:00Z</time>
      </trkpt>
      <trkpt lat="9.501051" lon="-79.649872">
        <time>2026-08-08T15:38:04Z</time>
      </trkpt>
      <trkpt lat="9.501055" lon="-79.649870">
        <time>2026-08-08T15:38:07Z</time>
      </trkpt>
      <trkpt lat="9.501052" lon="-79.649864">
        <time>2026-08-08T15:38:13Z</time>
      </trkpt>
      <trkpt lat="9.501052" lon="-79.649864">
        <time>2026-08-08T15:38:14Z</time>
      </trkpt>
      <trkpt lat="9.501057" lon="-79.649865">
        <time>2026-08-08T15:38:15Z</time>
      </trkpt>
      <trkpt lat="9.501063" lon="-79.649864">
        <time>2026-08-08T15:38:19Z</time>
      </trkpt>
      <trkpt lat="9.501066" lon="-79.649865">
        <time>2026-08-08T15:38:21Z</time>
      </trkpt>
      <trkpt lat="9.501062" lon="-79.649869">
        <time>2026-08-08T15:38:23Z</time>
      </trkpt>
      <trkpt lat="9.501060" lon="-79.649857">
        <time>2026-08-08T15:38:27Z</time>
      </trkpt>
      <trkpt lat="9.501064" lon="-79.649859">
        <time>2026-08-08T15:38:28Z</time>
      </trkpt>
      <trkpt lat="9.501062" lon="-79.649855">
        <time>2026-08-08T15:38:31Z</time>
      </trkpt>
      <trkpt lat="9.499283" lon="-79.648936">
        <time>2026-08-08T17:16:13Z</time>
      </trkpt>
      <trkpt lat="9.499323" lon="-79.648919">
        <time>2026-08-08T17:16:17Z</time>
      </trkpt>
      <trkpt lat="9.499334" lon="-79.648914">
        <time>2026-08-08T17:16:20Z</time>
      </trkpt>
      <trkpt lat="9.499338" lon="-79.648906">
        <time>2026-08-08T17:16:27Z</time>
      </trkpt>
      <trkpt lat="9.499327" lon="-79.648921">
        <time>2026-08-08T17:16:33Z</time>
      </trkpt>
      <trkpt lat="9.499322" lon="-79.648924">
        <time>2026-08-08T17:16:36Z</time>
      </trkpt>
      <trkpt lat="9.499324" lon="-79.648910">
        <time>2026-08-08T17:16:42Z</time>
      </trkpt>
      <trkpt lat="9.499328" lon="-79.648916">
        <time>2026-08-08T17:16:44Z</time>
      </trkpt>
      <trkpt lat="9.499332" lon="-79.648903">
        <time>2026-08-08T17:16:48Z</time>
      </trkpt>
      <trkpt lat="9.499326" lon="-79.648894">
        <time>2026-08-08T17:16:50Z</time>
      </trkpt>
      <trkpt lat="9.499326" lon="-79.648894">
        <time>2026-08-08T17:16:52Z</time>
      </trkpt>
      <trkpt lat="9.499326" lon="-79.648894">
        <time>2026-08-08T17:16:54Z</time>
      </trkpt>
      <trkpt lat="9.499326" lon="-79.648894">
        <time>2026-08-08T17:16:55Z</time>
      </trkpt>
      <trkpt lat="9.499326" lon="-79.648894">
        <time>2026-08-08T17:16:56Z</time>
      </trkpt>
      <trkpt lat="9.499326" lon="-79.648894">
        <time>2026-08-08T17:16:59Z</time>
      </trkpt>
      <trkpt lat="9.499326" lon="-79.648894">
        <time>2026-08-08T17:17:00Z</time>
      </trkpt>
      <trkpt lat="9.499326" lon="-79.648894">
        <time>2026-08-08T17:17:03Z</time>
      </trkpt>
      <trkpt lat="9.499326" lon="-79.648894">
        <time>2026-08-08T17:17:08Z</time>
      </trkpt>
      <trkpt lat="9.499326" lon="-79.648894">
        <time>2026-08-08T17:17:10Z</time>
      </trkpt>
      <trkpt lat="9.499326" lon="-79.648894">
        <time>2026-08-08T17:17:16Z</time>
      </trkpt>
      <trkpt lat="9.499326" lon="-79.648894">
        <time>2026-08-08T17:17:21Z</time>
      </trkpt>
      <trkpt lat="9.499326" lon="-79.648894">
        <time>2026-08-08T17:17:23Z</time>
      </trkpt>
      <trkpt lat="9.499326" lon="-79.648894">
        <time>2026-08-08T17:17:24Z</time>
      </trkpt>
      <trkpt lat="9.499326" lon="-79.648894">
        <time>2026-08-08T17:17:26Z</time>
      </trkpt>
      <trkpt lat="9.499326" lon="-79.648894">
        <time>2026-08-08T17:17:27Z</time>
      </trkpt>
      <trkpt lat="9.499326" lon="-79.648894">
        <time>2026-08-08T17:17:33Z</time>
      </trkpt>
      <trkpt lat="9.499326" lon="-79.648894">
        <time>2026-08-08T17:17:37Z</time>
      </trkpt>
      <trkpt lat="9.499326" lon="-79.648894">
        <time>2026-08-08T17:17:42Z</time>
      </trkpt>
      <trkpt lat="9.499326" lon="-79.648894">
        <time>2026-08-08T17:17:43Z</time>
      </trkpt>
      <trkpt lat="9.499326" lon="-79.648894">
        <time>2026-08-08T17:17:49Z</time>
      </trkpt>
      <trkpt lat="9.499326" lon="-79.648894">
        <time>2026-08-08T17:17:54Z</time>
      </trkpt>
      <trkpt lat="9.499326" lon="-79.648894">
        <time>2026-08-08T17:17:56Z</time>
      </trkpt>
      <trkpt lat="9.499326" lon="-79.648894">
        <time>2026-08-08T17:18:02Z</time>
      </trkpt>
      <trkpt lat="9.499326" lon="-79.648894">
        <time>2026-08-08T17:18:04Z</time>
      </trkpt>
      <trkpt lat="9.499326" lon="-79.648894">
        <time>2026-08-08T17:18:11Z</time>
      </trkpt>
      <trkpt lat="9.499326" lon="-79.648894">
        <time>2026-08-08T17:18:22Z</time>
      </trkpt>
      <trkpt lat="9.499326" lon="-79.648894">
        <time>2026-08-08T17:18:24Z</time>
      </trkpt>
      <trkpt lat="9.499326" lon="-79.648894">
        <time>2026-08-08T17:18:30Z</time>
      </trkpt>
      <trkpt lat="9.499326" lon="-79.648894">
        <time>2026-08-08T17:18:32Z</time>
      </trkpt>
      <trkpt lat="9.499326" lon="-79.648894">
        <time>2026-08-08T17:18:40Z</time>
      </trkpt>
      <trkpt lat="9.499326" lon="-79.648894">
        <time>2026-08-08T17:18:48Z</time>
      </trkpt>
      <trkpt lat="9.499326" lon="-79.648894">
        <time>2026-08-08T17:18:49Z</time>
      </trkpt>
      <trkpt lat="9.499326" lon="-79.648894">
        <time>2026-08-08T17:18:51Z</time>
      </trkpt>
      <trkpt lat="9.499326" lon="-79.648894">
        <time>2026-08-08T17:18:55Z</time>
      </trkpt>
      <trkpt lat="9.499312" lon="-79.648910">
        <time>2026-08-08T17:18:59Z</time>
      </trkpt>
      <trkpt lat="9.499312" lon="-79.648910">
        <time>2026-08-08T17:19:01Z</time>
      </trkpt>
      <trkpt lat="9.499312" lon="-79.648910">
        <time>2026-08-08T17:19:06Z</time>
      </trkpt>
      <trkpt lat="9.499301" lon="-79.648928">
        <time>2026-08-08T17:19:09Z</time>
      </trkpt>
      <trkpt lat="9.499293" lon="-79.648944">
        <time>2026-08-08T17:19:12Z</time>
      </trkpt>
      <trkpt lat="9.499295" lon="-79.648960">
        <time>2026-08-08T17:19:14Z</time>
      </trkpt>
      <trkpt lat="9.499293" lon="-79.648953">
        <time>2026-08-08T17:19:16Z</time>
      </trkpt>
      <trkpt lat="9.499289" lon="-79.648956">
        <time>2026-08-08T17:19:18Z</time>
      </trkpt>
      <trkpt lat="9.499294" lon="-79.648970">
        <time>2026-08-08T17:19:22Z</time>
      </trkpt>
      <trkpt lat="9.499281" lon="-79.648943">
        <time>2026-08-08T17:19:27Z</time>
      </trkpt>
      <trkpt lat="9.499270" lon="-79.648927">
        <time>2026-08-08T17:19:32Z</time>
      </trkpt>
      <trkpt lat="9.499272" lon="-79.648920">
        <time>2026-08-08T17:19:37Z</time>
      </trkpt>
      <trkpt lat="9.499268" lon="-79.648919">
        <time>2026-08-08T17:19:38Z</time>
      </trkpt>
      <trkpt lat="9.499257" lon="-79.648914">
        <time>2026-08-08T17:19:41Z</time>
      </trkpt>
      <trkpt lat="9.499244" lon="-79.648911">
        <time>2026-08-08T17:19:43Z</time>
      </trkpt>
      <trkpt lat="9.499228" lon="-79.648915">
        <time>2026-08-08T17:19:45Z</time>
      </trkpt>
      <trkpt lat="9.499216" lon="-79.648918">
        <time>2026-08-08T17:19:47Z</time>
      </trkpt>
      <trkpt lat="9.499174" lon="-79.648923">
        <time>2026-08-08T17:19:52Z</time>
      </trkpt>
      <trkpt lat="9.499168" lon="-79.648927">
        <time>2026-08-08T17:19:53Z</time>
      </trkpt>
      <trkpt lat="9.499141" lon="-79.648930">
        <time>2026-08-08T17:19:56Z</time>
      </trkpt>
      <trkpt lat="9.499131" lon="-79.648927">
        <time>2026-08-08T17:19:58Z</time>
      </trkpt>
      <trkpt lat="9.499140" lon="-79.648917">
        <time>2026-08-08T17:20:00Z</time>
      </trkpt>
      <trkpt lat="9.499138" lon="-79.648917">
        <time>2026-08-08T17:20:03Z</time>
      </trkpt>
      <trkpt lat="9.499127" lon="-79.648928">
        <time>2026-08-08T17:20:06Z</time>
      </trkpt>
      <trkpt lat="9.499119" lon="-79.648938">
        <time>2026-08-08T17:20:09Z</time>
      </trkpt>
      <trkpt lat="9.499089" lon="-79.648936">
        <time>2026-08-08T17:20:14Z</time>
      </trkpt>
      <trkpt lat="9.499071" lon="-79.648938">
        <time>2026-08-08T17:20:17Z</time>
      </trkpt>
      <trkpt lat="9.499061" lon="-79.648934">
        <time>2026-08-08T17:20:19Z</time>
      </trkpt>
      <trkpt lat="9.499057" lon="-79.648932">
        <time>2026-08-08T17:20:22Z</time>
      </trkpt>
      <trkpt lat="9.499055" lon="-79.648934">
        <time>2026-08-08T17:20:24Z</time>
      </trkpt>
      <trkpt lat="9.499057" lon="-79.648933">
        <time>2026-08-08T17:20:25Z</time>
      </trkpt>
      <trkpt lat="9.499057" lon="-79.648933">
        <time>2026-08-08T17:20:31Z</time>
      </trkpt>
      <trkpt lat="9.499057" lon="-79.648933">
        <time>2026-08-08T17:20:36Z</time>
      </trkpt>
      <trkpt lat="9.499044" lon="-79.648913">
        <time>2026-08-08T17:20:39Z</time>
      </trkpt>
      <trkpt lat="9.499032" lon="-79.648898">
        <time>2026-08-08T17:20:44Z</time>
      </trkpt>
      <trkpt lat="9.499005" lon="-79.648882">
        <time>2026-08-08T17:20:49Z</time>
      </trkpt>
      <trkpt lat="9.499005" lon="-79.648882">
        <time>2026-08-08T17:20:51Z</time>
      </trkpt>
      <trkpt lat="9.498992" lon="-79.648877">
        <time>2026-08-08T17:20:55Z</time>
      </trkpt>
      <trkpt lat="9.498987" lon="-79.648877">
        <time>2026-08-08T17:20:58Z</time>
      </trkpt>
      <trkpt lat="9.498983" lon="-79.648874">
        <time>2026-08-08T17:21:00Z</time>
      </trkpt>
      <trkpt lat="9.498956" lon="-79.648865">
        <time>2026-08-08T17:21:03Z</time>
      </trkpt>
      <trkpt lat="9.498953" lon="-79.648849">
        <time>2026-08-08T17:21:07Z</time>
      </trkpt>
      <trkpt lat="9.498950" lon="-79.648846">
        <time>2026-08-08T17:21:11Z</time>
      </trkpt>
      <trkpt lat="9.498952" lon="-79.648842">
        <time>2026-08-08T17:21:12Z</time>
      </trkpt>
      <trkpt lat="9.498935" lon="-79.648825">
        <time>2026-08-08T17:21:16Z</time>
      </trkpt>
      <trkpt lat="9.498922" lon="-79.648816">
        <time>2026-08-08T17:21:19Z</time>
      </trkpt>
      <trkpt lat="9.498925" lon="-79.648815">
        <time>2026-08-08T17:21:22Z</time>
      </trkpt>
      <trkpt lat="9.498932" lon="-79.648813">
        <time>2026-08-08T17:21:25Z</time>
      </trkpt>
      <trkpt lat="9.498927" lon="-79.648796">
        <time>2026-08-08T17:21:27Z</time>
      </trkpt>
      <trkpt lat="9.498897" lon="-79.648784">
        <time>2026-08-08T17:21:33Z</time>
      </trkpt>
      <trkpt lat="9.498877" lon="-79.648793">
        <time>2026-08-08T17:21:39Z</time>
      </trkpt>
      <trkpt lat="9.498877" lon="-79.648793">
        <time>2026-08-08T17:21:51Z</time>
      </trkpt>
      <trkpt lat="9.498877" lon="-79.648793">
        <time>2026-08-08T17:21:55Z</time>
      </trkpt>
      <trkpt lat="9.498877" lon="-79.648793">
        <time>2026-08-08T17:21:56Z</time>
      </trkpt>
      <trkpt lat="9.498877" lon="-79.648793">
        <time>2026-08-08T17:21:57Z</time>
      </trkpt>
      <trkpt lat="9.498876" lon="-79.648804">
        <time>2026-08-08T17:22:01Z</time>
      </trkpt>
      <trkpt lat="9.498879" lon="-79.648806">
        <time>2026-08-08T17:22:04Z</time>
      </trkpt>
      <trkpt lat="9.498879" lon="-79.648806">
        <time>2026-08-08T17:22:08Z</time>
      </trkpt>
      <trkpt lat="9.498879" lon="-79.648806">
        <time>2026-08-08T17:22:13Z</time>
      </trkpt>
      <trkpt lat="9.498879" lon="-79.648806">
        <time>2026-08-08T17:22:17Z</time>
      </trkpt>
      <trkpt lat="9.498879" lon="-79.648806">
        <time>2026-08-08T17:22:19Z</time>
      </trkpt>
      <trkpt lat="9.498868" lon="-79.648805">
        <time>2026-08-08T17:22:24Z</time>
      </trkpt>
      <trkpt lat="9.498862" lon="-79.648799">
        <time>2026-08-08T17:22:25Z</time>
      </trkpt>
      <trkpt lat="9.498863" lon="-79.648797">
        <time>2026-08-08T17:22:27Z</time>
      </trkpt>
      <trkpt lat="9.498863" lon="-79.648797">
        <time>2026-08-08T17:22:29Z</time>
      </trkpt>
      <trkpt lat="9.498863" lon="-79.648800">
        <time>2026-08-08T17:22:31Z</time>
      </trkpt>
      <trkpt lat="9.498849" lon="-79.648778">
        <time>2026-08-08T17:22:35Z</time>
      </trkpt>
      <trkpt lat="9.498848" lon="-79.648778">
        <time>2026-08-08T17:22:40Z</time>
      </trkpt>
      <trkpt lat="9.498848" lon="-79.648778">
        <time>2026-08-08T17:22:41Z</time>
      </trkpt>
      <trkpt lat="9.498846" lon="-79.648787">
        <time>2026-08-08T17:22:43Z</time>
      </trkpt>
      <trkpt lat="9.498844" lon="-79.648789">
        <time>2026-08-08T17:22:45Z</time>
      </trkpt>
      <trkpt lat="9.498843" lon="-79.648788">
        <time>2026-08-08T17:22:46Z</time>
      </trkpt>
      <trkpt lat="9.498850" lon="-79.648799">
        <time>2026-08-08T17:22:49Z</time>
      </trkpt>
      <trkpt lat="9.498856" lon="-79.648799">
        <time>2026-08-08T17:22:53Z</time>
      </trkpt>
      <trkpt lat="9.498857" lon="-79.648791">
        <time>2026-08-08T17:22:58Z</time>
      </trkpt>
      <trkpt lat="9.498854" lon="-79.648783">
        <time>2026-08-08T17:23:04Z</time>
      </trkpt>
      <trkpt lat="9.498849" lon="-79.648786">
        <time>2026-08-08T17:23:05Z</time>
      </trkpt>
      <trkpt lat="9.498844" lon="-79.648797">
        <time>2026-08-08T17:23:13Z</time>
      </trkpt>
      <trkpt lat="9.498852" lon="-79.648806">
        <time>2026-08-08T17:23:17Z</time>
      </trkpt>
      <trkpt lat="9.498854" lon="-79.648808">
        <time>2026-08-08T17:23:18Z</time>
      </trkpt>
      <trkpt lat="9.498851" lon="-79.648807">
        <time>2026-08-08T17:23:20Z</time>
      </trkpt>
      <trkpt lat="9.498846" lon="-79.648813">
        <time>2026-08-08T17:23:23Z</time>
      </trkpt>
      <trkpt lat="9.498843" lon="-79.648820">
        <time>2026-08-08T17:23:26Z</time>
      </trkpt>
      <trkpt lat="9.498842" lon="-79.648821">
        <time>2026-08-08T17:23:30Z</time>
      </trkpt>
      <trkpt lat="9.498842" lon="-79.648821">
        <time>2026-08-08T17:23:32Z</time>
      </trkpt>
      <trkpt lat="9.498837" lon="-79.648810">
        <time>2026-08-08T17:23:39Z</time>
      </trkpt>
      <trkpt lat="9.498837" lon="-79.648808">
        <time>2026-08-08T17:23:40Z</time>
      </trkpt>
      <trkpt lat="9.498836" lon="-79.648806">
        <time>2026-08-08T17:23:42Z</time>
      </trkpt>
      <trkpt lat="9.498835" lon="-79.648806">
        <time>2026-08-08T17:23:43Z</time>
      </trkpt>
      <trkpt lat="9.498834" lon="-79.648803">
        <time>2026-08-08T17:23:48Z</time>
      </trkpt>
      <trkpt lat="9.498832" lon="-79.648804">
        <time>2026-08-08T17:23:49Z</time>
      </trkpt>
      <trkpt lat="9.498825" lon="-79.648799">
        <time>2026-08-08T17:23:55Z</time>
      </trkpt>
      <trkpt lat="9.498812" lon="-79.648803">
        <time>2026-08-08T17:24:02Z</time>
      </trkpt>
      <trkpt lat="9.498809" lon="-79.648806">
        <time>2026-08-08T17:24:03Z</time>
      </trkpt>
      <trkpt lat="9.498802" lon="-79.648804">
        <time>2026-08-08T17:24:07Z</time>
      </trkpt>
      <trkpt lat="9.498791" lon="-79.648809">
        <time>2026-08-08T17:24:11Z</time>
      </trkpt>
      <trkpt lat="9.498790" lon="-79.648807">
        <time>2026-08-08T17:24:14Z</time>
      </trkpt>
      <trkpt lat="9.498775" lon="-79.648809">
        <time>2026-08-08T17:24:17Z</time>
      </trkpt>
      <trkpt lat="9.498765" lon="-79.648814">
        <time>2026-08-08T17:24:20Z</time>
      </trkpt>
      <trkpt lat="9.498769" lon="-79.648817">
        <time>2026-08-08T17:24:23Z</time>
      </trkpt>
      <trkpt lat="9.498797" lon="-79.648812">
        <time>2026-08-08T17:24:28Z</time>
      </trkpt>
      <trkpt lat="9.498796" lon="-79.648809">
        <time>2026-08-08T17:24:29Z</time>
      </trkpt>
      <trkpt lat="9.498795" lon="-79.648812">
        <time>2026-08-08T17:24:30Z</time>
      </trkpt>
      <trkpt lat="9.498793" lon="-79.648812">
        <time>2026-08-08T17:24:31Z</time>
      </trkpt>
      <trkpt lat="9.498791" lon="-79.648804">
        <time>2026-08-08T17:24:34Z</time>
      </trkpt>
      <trkpt lat="9.498791" lon="-79.648801">
        <time>2026-08-08T17:24:35Z</time>
      </trkpt>
      <trkpt lat="9.498780" lon="-79.648801">
        <time>2026-08-08T17:24:37Z</time>
      </trkpt>
      <trkpt lat="9.498763" lon="-79.648802">
        <time>2026-08-08T17:24:39Z</time>
      </trkpt>
      <trkpt lat="9.498755" lon="-79.648781">
        <time>2026-08-08T17:24:46Z</time>
      </trkpt>
      <trkpt lat="9.498757" lon="-79.648781">
        <time>2026-08-08T17:24:50Z</time>
      </trkpt>
      <trkpt lat="9.498758" lon="-79.648786">
        <time>2026-08-08T17:24:53Z</time>
      </trkpt>
      <trkpt lat="9.498755" lon="-79.648791">
        <time>2026-08-08T17:24:55Z</time>
      </trkpt>
      <trkpt lat="9.498731" lon="-79.648797">
        <time>2026-08-08T17:25:01Z</time>
      </trkpt>
      <trkpt lat="9.498731" lon="-79.648791">
        <time>2026-08-08T17:25:09Z</time>
      </trkpt>
      <trkpt lat="9.498731" lon="-79.648791">
        <time>2026-08-08T17:25:10Z</time>
      </trkpt>
      <trkpt lat="9.498734" lon="-79.648786">
        <time>2026-08-08T17:25:17Z</time>
      </trkpt>
      <trkpt lat="9.498735" lon="-79.648784">
        <time>2026-08-08T17:25:22Z</time>
      </trkpt>
      <trkpt lat="9.498734" lon="-79.648781">
        <time>2026-08-08T17:25:26Z</time>
      </trkpt>
      <trkpt lat="9.498731" lon="-79.648777">
        <time>2026-08-08T17:25:29Z</time>
      </trkpt>
      <trkpt lat="9.498728" lon="-79.648767">
        <time>2026-08-08T17:25:33Z</time>
      </trkpt>
      <trkpt lat="9.498726" lon="-79.648754">
        <time>2026-08-08T17:25:36Z</time>
      </trkpt>
      <trkpt lat="9.498733" lon="-79.648731">
        <time>2026-08-08T17:25:41Z</time>
      </trkpt>
      <trkpt lat="9.498729" lon="-79.648693">
        <time>2026-08-08T17:25:48Z</time>
      </trkpt>
      <trkpt lat="9.498729" lon="-79.648696">
        <time>2026-08-08T17:25:49Z</time>
      </trkpt>
      <trkpt lat="9.498735" lon="-79.648704">
        <time>2026-08-08T17:25:51Z</time>
      </trkpt>
      <trkpt lat="9.498736" lon="-79.648703">
        <time>2026-08-08T17:25:52Z</time>
      </trkpt>
      <trkpt lat="9.498729" lon="-79.648692">
        <time>2026-08-08T17:25:53Z</time>
      </trkpt>
      <trkpt lat="9.498719" lon="-79.648690">
        <time>2026-08-08T17:25:55Z</time>
      </trkpt>
      <trkpt lat="9.498710" lon="-79.648696">
        <time>2026-08-08T17:25:58Z</time>
      </trkpt>
      <trkpt lat="9.498695" lon="-79.648695">
        <time>2026-08-08T17:25:59Z</time>
      </trkpt>
      <trkpt lat="9.498682" lon="-79.648695">
        <time>2026-08-08T17:26:03Z</time>
      </trkpt>
      <trkpt lat="9.498682" lon="-79.648694">
        <time>2026-08-08T17:26:04Z</time>
      </trkpt>
      <trkpt lat="9.498676" lon="-79.648657">
        <time>2026-08-08T17:26:12Z</time>
      </trkpt>
      <trkpt lat="9.498669" lon="-79.648617">
        <time>2026-08-08T17:26:18Z</time>
      </trkpt>
      <trkpt lat="9.498659" lon="-79.648604">
        <time>2026-08-08T17:26:24Z</time>
      </trkpt>
      <trkpt lat="9.498665" lon="-79.648597">
        <time>2026-08-08T17:26:26Z</time>
      </trkpt>
      <trkpt lat="9.498663" lon="-79.648587">
        <time>2026-08-08T17:26:29Z</time>
      </trkpt>
      <trkpt lat="9.498664" lon="-79.648589">
        <time>2026-08-08T17:26:30Z</time>
      </trkpt>
      <trkpt lat="9.498663" lon="-79.648586">
        <time>2026-08-08T17:26:32Z</time>
      </trkpt>
      <trkpt lat="9.498640" lon="-79.648560">
        <time>2026-08-08T17:26:37Z</time>
      </trkpt>
      <trkpt lat="9.498640" lon="-79.648555">
        <time>2026-08-08T17:26:38Z</time>
      </trkpt>
      <trkpt lat="9.498638" lon="-79.648560">
        <time>2026-08-08T17:26:44Z</time>
      </trkpt>
      <trkpt lat="9.498636" lon="-79.648559">
        <time>2026-08-08T17:26:45Z</time>
      </trkpt>
      <trkpt lat="9.498633" lon="-79.648556">
        <time>2026-08-08T17:26:47Z</time>
      </trkpt>
      <trkpt lat="9.498633" lon="-79.648554">
        <time>2026-08-08T17:26:50Z</time>
      </trkpt>
      <trkpt lat="9.498618" lon="-79.648526">
        <time>2026-08-08T17:26:54Z</time>
      </trkpt>
      <trkpt lat="9.498612" lon="-79.648529">
        <time>2026-08-08T17:26:56Z</time>
      </trkpt>
      <trkpt lat="9.498612" lon="-79.648529">
        <time>2026-08-08T17:26:59Z</time>
      </trkpt>
      <trkpt lat="9.498612" lon="-79.648529">
        <time>2026-08-08T17:27:02Z</time>
      </trkpt>
      <trkpt lat="9.498615" lon="-79.648524">
        <time>2026-08-08T17:27:05Z</time>
      </trkpt>
      <trkpt lat="9.498604" lon="-79.648518">
        <time>2026-08-08T17:27:07Z</time>
      </trkpt>
      <trkpt lat="9.498594" lon="-79.648514">
        <time>2026-08-08T17:27:10Z</time>
      </trkpt>
      <trkpt lat="9.498603" lon="-79.648520">
        <time>2026-08-08T17:27:12Z</time>
      </trkpt>
      <trkpt lat="9.498559" lon="-79.648510">
        <time>2026-08-08T17:27:19Z</time>
      </trkpt>
      <trkpt lat="9.498589" lon="-79.648509">
        <time>2026-08-08T17:27:26Z</time>
      </trkpt>
      <trkpt lat="9.498590" lon="-79.648510">
        <time>2026-08-08T17:27:29Z</time>
      </trkpt>
      <trkpt lat="9.498593" lon="-79.648504">
        <time>2026-08-08T17:27:31Z</time>
      </trkpt>
      <trkpt lat="9.498596" lon="-79.648502">
        <time>2026-08-08T17:27:32Z</time>
      </trkpt>
      <trkpt lat="9.498601" lon="-79.648499">
        <time>2026-08-08T17:27:43Z</time>
      </trkpt>
      <trkpt lat="9.498585" lon="-79.648484">
        <time>2026-08-08T17:27:47Z</time>
      </trkpt>
      <trkpt lat="9.498559" lon="-79.648468">
        <time>2026-08-08T17:27:54Z</time>
      </trkpt>
      <trkpt lat="9.498553" lon="-79.648483">
        <time>2026-08-08T17:28:00Z</time>
      </trkpt>
      <trkpt lat="9.498548" lon="-79.648498">
        <time>2026-08-08T17:28:03Z</time>
      </trkpt>
      <trkpt lat="9.498529" lon="-79.648521">
        <time>2026-08-08T17:28:13Z</time>
      </trkpt>
      <trkpt lat="9.498524" lon="-79.648522">
        <time>2026-08-08T17:28:14Z</time>
      </trkpt>
      <trkpt lat="9.498515" lon="-79.648526">
        <time>2026-08-08T17:28:18Z</time>
      </trkpt>
      <trkpt lat="9.498508" lon="-79.648535">
        <time>2026-08-08T17:28:20Z</time>
      </trkpt>
      <trkpt lat="9.498503" lon="-79.648542">
        <time>2026-08-08T17:28:22Z</time>
      </trkpt>
      <trkpt lat="9.498513" lon="-79.648559">
        <time>2026-08-08T17:28:31Z</time>
      </trkpt>
      <trkpt lat="9.498496" lon="-79.648603">
        <time>2026-08-08T17:28:40Z</time>
      </trkpt>
      <trkpt lat="9.498490" lon="-79.648606">
        <time>2026-08-08T17:28:42Z</time>
      </trkpt>
      <trkpt lat="9.498482" lon="-79.648611">
        <time>2026-08-08T17:28:50Z</time>
      </trkpt>
      <trkpt lat="9.498482" lon="-79.648611">
        <time>2026-08-08T17:28:52Z</time>
      </trkpt>
      <trkpt lat="9.498482" lon="-79.648611">
        <time>2026-08-08T17:28:54Z</time>
      </trkpt>
      <trkpt lat="9.498448" lon="-79.648625">
        <time>2026-08-08T17:29:10Z</time>
      </trkpt>
      <trkpt lat="9.498448" lon="-79.648605">
        <time>2026-08-08T17:29:15Z</time>
      </trkpt>
      <trkpt lat="9.498445" lon="-79.648591">
        <time>2026-08-08T17:29:17Z</time>
      </trkpt>
      <trkpt lat="9.498447" lon="-79.648588">
        <time>2026-08-08T17:29:18Z</time>
      </trkpt>
      <trkpt lat="9.498458" lon="-79.648571">
        <time>2026-08-08T17:29:22Z</time>
      </trkpt>
      <trkpt lat="9.498457" lon="-79.648558">
        <time>2026-08-08T17:29:25Z</time>
      </trkpt>
      <trkpt lat="9.498460" lon="-79.648549">
        <time>2026-08-08T17:29:29Z</time>
      </trkpt>
      <trkpt lat="9.498467" lon="-79.648540">
        <time>2026-08-08T17:29:32Z</time>
      </trkpt>
      <trkpt lat="9.498466" lon="-79.648534">
        <time>2026-08-08T17:29:33Z</time>
      </trkpt>
      <trkpt lat="9.498473" lon="-79.648506">
        <time>2026-08-08T17:29:38Z</time>
      </trkpt>
      <trkpt lat="9.498470" lon="-79.648510">
        <time>2026-08-08T17:29:39Z</time>
      </trkpt>
      <trkpt lat="9.498474" lon="-79.648511">
        <time>2026-08-08T17:29:45Z</time>
      </trkpt>
      <trkpt lat="9.498463" lon="-79.648492">
        <time>2026-08-08T17:29:52Z</time>
      </trkpt>
      <trkpt lat="9.498457" lon="-79.648489">
        <time>2026-08-08T17:29:56Z</time>
      </trkpt>
      <trkpt lat="9.498455" lon="-79.648496">
        <time>2026-08-08T17:29:58Z</time>
      </trkpt>
      <trkpt lat="9.498462" lon="-79.648509">
        <time>2026-08-08T17:30:02Z</time>
      </trkpt>
      <trkpt lat="9.498469" lon="-79.648499">
        <time>2026-08-08T17:30:08Z</time>
      </trkpt>
      <trkpt lat="9.498468" lon="-79.648493">
        <time>2026-08-08T17:30:10Z</time>
      </trkpt>
      <trkpt lat="9.498458" lon="-79.648488">
        <time>2026-08-08T17:30:17Z</time>
      </trkpt>
      <trkpt lat="9.498456" lon="-79.648491">
        <time>2026-08-08T17:30:19Z</time>
      </trkpt>
      <trkpt lat="9.498460" lon="-79.648497">
        <time>2026-08-08T17:30:21Z</time>
      </trkpt>
      <trkpt lat="9.498460" lon="-79.648500">
        <time>2026-08-08T17:30:27Z</time>
      </trkpt>
      <trkpt lat="9.498461" lon="-79.648501">
        <time>2026-08-08T17:30:30Z</time>
      </trkpt>
      <trkpt lat="9.498458" lon="-79.648495">
        <time>2026-08-08T17:30:34Z</time>
      </trkpt>
      <trkpt lat="9.498460" lon="-79.648498">
        <time>2026-08-08T17:30:35Z</time>
      </trkpt>
      <trkpt lat="9.498451" lon="-79.648488">
        <time>2026-08-08T17:30:38Z</time>
      </trkpt>
      <trkpt lat="9.498443" lon="-79.648487">
        <time>2026-08-08T17:30:41Z</time>
      </trkpt>
      <trkpt lat="9.498439" lon="-79.648487">
        <time>2026-08-08T17:30:42Z</time>
      </trkpt>
      <trkpt lat="9.498428" lon="-79.648487">
        <time>2026-08-08T17:30:47Z</time>
      </trkpt>
      <trkpt lat="9.498430" lon="-79.648485">
        <time>2026-08-08T17:30:48Z</time>
      </trkpt>
      <trkpt lat="9.498430" lon="-79.648475">
        <time>2026-08-08T17:30:54Z</time>
      </trkpt>
      <trkpt lat="9.498423" lon="-79.648472">
        <time>2026-08-08T17:30:56Z</time>
      </trkpt>
      <trkpt lat="9.498416" lon="-79.648463">
        <time>2026-08-08T17:30:58Z</time>
      </trkpt>
      <trkpt lat="9.498409" lon="-79.648453">
        <time>2026-08-08T17:31:00Z</time>
      </trkpt>
      <trkpt lat="9.498408" lon="-79.648440">
        <time>2026-08-08T17:31:03Z</time>
      </trkpt>
      <trkpt lat="9.498412" lon="-79.648432">
        <time>2026-08-08T17:31:07Z</time>
      </trkpt>
      <trkpt lat="9.498423" lon="-79.648437">
        <time>2026-08-08T17:31:10Z</time>
      </trkpt>
      <trkpt lat="9.498424" lon="-79.648421">
        <time>2026-08-08T17:31:14Z</time>
      </trkpt>
      <trkpt lat="9.498424" lon="-79.648402">
        <time>2026-08-08T17:31:17Z</time>
      </trkpt>
      <trkpt lat="9.498411" lon="-79.648382">
        <time>2026-08-08T17:31:22Z</time>
      </trkpt>
      <trkpt lat="9.498402" lon="-79.648365">
        <time>2026-08-08T17:31:25Z</time>
      </trkpt>
      <trkpt lat="9.498393" lon="-79.648365">
        <time>2026-08-08T17:31:29Z</time>
      </trkpt>
      <trkpt lat="9.498401" lon="-79.648372">
        <time>2026-08-08T17:31:31Z</time>
      </trkpt>
      <trkpt lat="9.498400" lon="-79.648373">
        <time>2026-08-08T17:31:32Z</time>
      </trkpt>
      <trkpt lat="9.498400" lon="-79.648371">
        <time>2026-08-08T17:31:33Z</time>
      </trkpt>
      <trkpt lat="9.498403" lon="-79.648370">
        <time>2026-08-08T17:31:36Z</time>
      </trkpt>
      <trkpt lat="9.498406" lon="-79.648372">
        <time>2026-08-08T17:31:39Z</time>
      </trkpt>
      <trkpt lat="9.498405" lon="-79.648375">
        <time>2026-08-08T17:31:41Z</time>
      </trkpt>
      <trkpt lat="9.498404" lon="-79.648379">
        <time>2026-08-08T17:31:45Z</time>
      </trkpt>
      <trkpt lat="9.498406" lon="-79.648381">
        <time>2026-08-08T17:31:52Z</time>
      </trkpt>
      <trkpt lat="9.498407" lon="-79.648360">
        <time>2026-08-08T17:31:55Z</time>
      </trkpt>
      <trkpt lat="9.498407" lon="-79.648363">
        <time>2026-08-08T17:31:58Z</time>
      </trkpt>
      <trkpt lat="9.498408" lon="-79.648363">
        <time>2026-08-08T17:31:59Z</time>
      </trkpt>
      <trkpt lat="9.498418" lon="-79.648338">
        <time>2026-08-08T17:32:09Z</time>
      </trkpt>
      <trkpt lat="9.498422" lon="-79.648344">
        <time>2026-08-08T17:32:12Z</time>
      </trkpt>
      <trkpt lat="9.498421" lon="-79.648357">
        <time>2026-08-08T17:32:16Z</time>
      </trkpt>
      <trkpt lat="9.498422" lon="-79.648352">
        <time>2026-08-08T17:32:19Z</time>
      </trkpt>
      <trkpt lat="9.498410" lon="-79.648357">
        <time>2026-08-08T17:32:32Z</time>
      </trkpt>
      <trkpt lat="9.498409" lon="-79.648360">
        <time>2026-08-08T17:32:33Z</time>
      </trkpt>
      <trkpt lat="9.498412" lon="-79.648364">
        <time>2026-08-08T17:32:35Z</time>
      </trkpt>
      <trkpt lat="9.498415" lon="-79.648371">
        <time>2026-08-08T17:32:37Z</time>
      </trkpt>
      <trkpt lat="9.498419" lon="-79.648375">
        <time>2026-08-08T17:32:39Z</time>
      </trkpt>
      <trkpt lat="9.498419" lon="-79.648376">
        <time>2026-08-08T17:32:40Z</time>
      </trkpt>
      <trkpt lat="9.498448" lon="-79.648353">
        <time>2026-08-08T17:32:46Z</time>
      </trkpt>
      <trkpt lat="9.498448" lon="-79.648350">
        <time>2026-08-08T17:32:47Z</time>
      </trkpt>
      <trkpt lat="9.498466" lon="-79.648339">
        <time>2026-08-08T17:32:51Z</time>
      </trkpt>
      <trkpt lat="9.498473" lon="-79.648334">
        <time>2026-08-08T17:32:54Z</time>
      </trkpt>
      <trkpt lat="9.498464" lon="-79.648324">
        <time>2026-08-08T17:32:57Z</time>
      </trkpt>
      <trkpt lat="9.498453" lon="-79.648311">
        <time>2026-08-08T17:33:00Z</time>
      </trkpt>
      <trkpt lat="9.498458" lon="-79.648307">
        <time>2026-08-08T17:33:03Z</time>
      </trkpt>
      <trkpt lat="9.498471" lon="-79.648315">
        <time>2026-08-08T17:33:13Z</time>
      </trkpt>
      <trkpt lat="9.498473" lon="-79.648312">
        <time>2026-08-08T17:33:17Z</time>
      </trkpt>
      <trkpt lat="9.498470" lon="-79.648311">
        <time>2026-08-08T17:33:18Z</time>
      </trkpt>
      <trkpt lat="9.498471" lon="-79.648314">
        <time>2026-08-08T17:33:19Z</time>
      </trkpt>
      <trkpt lat="9.498467" lon="-79.648316">
        <time>2026-08-08T17:33:22Z</time>
      </trkpt>
      <trkpt lat="9.498471" lon="-79.648318">
        <time>2026-08-08T17:33:24Z</time>
      </trkpt>
      <trkpt lat="9.498476" lon="-79.648318">
        <time>2026-08-08T17:33:25Z</time>
      </trkpt>
      <trkpt lat="9.498488" lon="-79.648317">
        <time>2026-08-08T17:33:29Z</time>
      </trkpt>
      <trkpt lat="9.498485" lon="-79.648315">
        <time>2026-08-08T17:33:30Z</time>
      </trkpt>
      <trkpt lat="9.498483" lon="-79.648315">
        <time>2026-08-08T17:33:31Z</time>
      </trkpt>
      <trkpt lat="9.498482" lon="-79.648315">
        <time>2026-08-08T17:33:32Z</time>
      </trkpt>
      <trkpt lat="9.498494" lon="-79.648318">
        <time>2026-08-08T17:33:38Z</time>
      </trkpt>
      <trkpt lat="9.498497" lon="-79.648318">
        <time>2026-08-08T17:33:39Z</time>
      </trkpt>
      <trkpt lat="9.498496" lon="-79.648314">
        <time>2026-08-08T17:33:40Z</time>
      </trkpt>
      <trkpt lat="9.498500" lon="-79.648310">
        <time>2026-08-08T17:33:42Z</time>
      </trkpt>
      <trkpt lat="9.498500" lon="-79.648310">
        <time>2026-08-08T17:33:43Z</time>
      </trkpt>
      <trkpt lat="9.498499" lon="-79.648298">
        <time>2026-08-08T17:33:48Z</time>
      </trkpt>
      <trkpt lat="9.498495" lon="-79.648297">
        <time>2026-08-08T17:33:50Z</time>
      </trkpt>
      <trkpt lat="9.498480" lon="-79.648287">
        <time>2026-08-08T17:33:54Z</time>
      </trkpt>
      <trkpt lat="9.498485" lon="-79.648289">
        <time>2026-08-08T17:33:55Z</time>
      </trkpt>
      <trkpt lat="9.498479" lon="-79.648293">
        <time>2026-08-08T17:33:56Z</time>
      </trkpt>
      <trkpt lat="9.498474" lon="-79.648294">
        <time>2026-08-08T17:33:58Z</time>
      </trkpt>
      <trkpt lat="9.498465" lon="-79.648294">
        <time>2026-08-08T17:33:59Z</time>
      </trkpt>
      <trkpt lat="9.498455" lon="-79.648294">
        <time>2026-08-08T17:34:00Z</time>
      </trkpt>
      <trkpt lat="9.498445" lon="-79.648311">
        <time>2026-08-08T17:34:04Z</time>
      </trkpt>
      <trkpt lat="9.498443" lon="-79.648313">
        <time>2026-08-08T17:34:06Z</time>
      </trkpt>
      <trkpt lat="9.498447" lon="-79.648304">
        <time>2026-08-08T17:34:07Z</time>
      </trkpt>
      <trkpt lat="9.498451" lon="-79.648306">
        <time>2026-08-08T17:34:11Z</time>
      </trkpt>
      <trkpt lat="9.498452" lon="-79.648308">
        <time>2026-08-08T17:34:13Z</time>
      </trkpt>
      <trkpt lat="9.498449" lon="-79.648309">
        <time>2026-08-08T17:34:15Z</time>
      </trkpt>
      <trkpt lat="9.498449" lon="-79.648303">
        <time>2026-08-08T17:34:17Z</time>
      </trkpt>
      <trkpt lat="9.498452" lon="-79.648299">
        <time>2026-08-08T17:34:18Z</time>
      </trkpt>
      <trkpt lat="9.498447" lon="-79.648295">
        <time>2026-08-08T17:34:19Z</time>
      </trkpt>
      <trkpt lat="9.498436" lon="-79.648290">
        <time>2026-08-08T17:34:21Z</time>
      </trkpt>
      <trkpt lat="9.498418" lon="-79.648287">
        <time>2026-08-08T17:34:25Z</time>
      </trkpt>
      <trkpt lat="9.498415" lon="-79.648277">
        <time>2026-08-08T17:34:31Z</time>
      </trkpt>
      <trkpt lat="9.498412" lon="-79.648274">
        <time>2026-08-08T17:34:34Z</time>
      </trkpt>
      <trkpt lat="9.498423" lon="-79.648281">
        <time>2026-08-08T17:34:36Z</time>
      </trkpt>
      <trkpt lat="9.498427" lon="-79.648280">
        <time>2026-08-08T17:34:40Z</time>
      </trkpt>
      <trkpt lat="9.498428" lon="-79.648278">
        <time>2026-08-08T17:34:41Z</time>
      </trkpt>
      <trkpt lat="9.498440" lon="-79.648248">
        <time>2026-08-08T17:34:48Z</time>
      </trkpt>
      <trkpt lat="9.498434" lon="-79.648217">
        <time>2026-08-08T17:34:56Z</time>
      </trkpt>
      <trkpt lat="9.498421" lon="-79.648220">
        <time>2026-08-08T17:35:00Z</time>
      </trkpt>
      <trkpt lat="9.498398" lon="-79.648211">
        <time>2026-08-08T17:35:04Z</time>
      </trkpt>
      <trkpt lat="9.498396" lon="-79.648195">
        <time>2026-08-08T17:35:07Z</time>
      </trkpt>
      <trkpt lat="9.498393" lon="-79.648194">
        <time>2026-08-08T17:35:09Z</time>
      </trkpt>
      <trkpt lat="9.498377" lon="-79.648185">
        <time>2026-08-08T17:35:17Z</time>
      </trkpt>
      <trkpt lat="9.498357" lon="-79.648169">
        <time>2026-08-08T17:35:27Z</time>
      </trkpt>
      <trkpt lat="9.498356" lon="-79.648169">
        <time>2026-08-08T17:35:30Z</time>
      </trkpt>
      <trkpt lat="9.498355" lon="-79.648159">
        <time>2026-08-08T17:35:36Z</time>
      </trkpt>
      <trkpt lat="9.498345" lon="-79.648148">
        <time>2026-08-08T17:35:38Z</time>
      </trkpt>
      <trkpt lat="9.498346" lon="-79.648145">
        <time>2026-08-08T17:35:39Z</time>
      </trkpt>
      <trkpt lat="9.498341" lon="-79.648128">
        <time>2026-08-08T17:35:42Z</time>
      </trkpt>
      <trkpt lat="9.498339" lon="-79.648115">
        <time>2026-08-08T17:35:44Z</time>
      </trkpt>
      <trkpt lat="9.498335" lon="-79.648116">
        <time>2026-08-08T17:35:45Z</time>
      </trkpt>
      <trkpt lat="9.498331" lon="-79.648111">
        <time>2026-08-08T17:35:46Z</time>
      </trkpt>
      <trkpt lat="9.498319" lon="-79.648101">
        <time>2026-08-08T17:35:51Z</time>
      </trkpt>
      <trkpt lat="9.498325" lon="-79.648094">
        <time>2026-08-08T17:35:54Z</time>
      </trkpt>
      <trkpt lat="9.498329" lon="-79.648085">
        <time>2026-08-08T17:35:57Z</time>
      </trkpt>
      <trkpt lat="9.498328" lon="-79.648091">
        <time>2026-08-08T17:35:59Z</time>
      </trkpt>
      <trkpt lat="9.498333" lon="-79.648081">
        <time>2026-08-08T17:36:02Z</time>
      </trkpt>
      <trkpt lat="9.498333" lon="-79.648059">
        <time>2026-08-08T17:36:05Z</time>
      </trkpt>
      <trkpt lat="9.498344" lon="-79.648056">
        <time>2026-08-08T17:36:06Z</time>
      </trkpt>
      <trkpt lat="9.498376" lon="-79.648056">
        <time>2026-08-08T17:36:11Z</time>
      </trkpt>
      <trkpt lat="9.498365" lon="-79.648049">
        <time>2026-08-08T17:36:15Z</time>
      </trkpt>
      <trkpt lat="9.498354" lon="-79.648042">
        <time>2026-08-08T17:36:16Z</time>
      </trkpt>
      <trkpt lat="9.498306" lon="-79.648036">
        <time>2026-08-08T17:36:20Z</time>
      </trkpt>
      <trkpt lat="9.498289" lon="-79.648037">
        <time>2026-08-08T17:36:22Z</time>
      </trkpt>
      <trkpt lat="9.498246" lon="-79.648037">
        <time>2026-08-08T17:36:29Z</time>
      </trkpt>
      <trkpt lat="9.498228" lon="-79.648046">
        <time>2026-08-08T17:36:31Z</time>
      </trkpt>
      <trkpt lat="9.498228" lon="-79.648073">
        <time>2026-08-08T17:36:36Z</time>
      </trkpt>
      <trkpt lat="9.498226" lon="-79.648075">
        <time>2026-08-08T17:36:37Z</time>
      </trkpt>
      <trkpt lat="9.498206" lon="-79.648096">
        <time>2026-08-08T17:36:43Z</time>
      </trkpt>
      <trkpt lat="9.498196" lon="-79.648104">
        <time>2026-08-08T17:36:49Z</time>
      </trkpt>
      <trkpt lat="9.498222" lon="-79.648100">
        <time>2026-08-08T17:36:55Z</time>
      </trkpt>
      <trkpt lat="9.498222" lon="-79.648097">
        <time>2026-08-08T17:36:56Z</time>
      </trkpt>
      <trkpt lat="9.498212" lon="-79.648088">
        <time>2026-08-08T17:36:58Z</time>
      </trkpt>
      <trkpt lat="9.498205" lon="-79.648086">
        <time>2026-08-08T17:37:01Z</time>
      </trkpt>
      <trkpt lat="9.498205" lon="-79.648081">
        <time>2026-08-08T17:37:04Z</time>
      </trkpt>
      <trkpt lat="9.498198" lon="-79.648076">
        <time>2026-08-08T17:37:07Z</time>
      </trkpt>
      <trkpt lat="9.498183" lon="-79.648093">
        <time>2026-08-08T17:37:10Z</time>
      </trkpt>
      <trkpt lat="9.498183" lon="-79.648094">
        <time>2026-08-08T17:37:12Z</time>
      </trkpt>
      <trkpt lat="9.498186" lon="-79.648098">
        <time>2026-08-08T17:37:13Z</time>
      </trkpt>
      <trkpt lat="9.498200" lon="-79.648125">
        <time>2026-08-08T17:37:17Z</time>
      </trkpt>
      <trkpt lat="9.498202" lon="-79.648125">
        <time>2026-08-08T17:37:19Z</time>
      </trkpt>
      <trkpt lat="9.498195" lon="-79.648102">
        <time>2026-08-08T17:37:24Z</time>
      </trkpt>
      <trkpt lat="9.498197" lon="-79.648106">
        <time>2026-08-08T17:37:25Z</time>
      </trkpt>
      <trkpt lat="9.498199" lon="-79.648106">
        <time>2026-08-08T17:37:27Z</time>
      </trkpt>
      <trkpt lat="9.498194" lon="-79.648106">
        <time>2026-08-08T17:37:30Z</time>
      </trkpt>
      <trkpt lat="9.498194" lon="-79.648107">
        <time>2026-08-08T17:37:32Z</time>
      </trkpt>
      <trkpt lat="9.498194" lon="-79.648108">
        <time>2026-08-08T17:37:33Z</time>
      </trkpt>
      <trkpt lat="9.498194" lon="-79.648111">
        <time>2026-08-08T17:37:34Z</time>
      </trkpt>
      <trkpt lat="9.498194" lon="-79.648117">
        <time>2026-08-08T17:37:36Z</time>
      </trkpt>
      <trkpt lat="9.498180" lon="-79.648116">
        <time>2026-08-08T17:37:44Z</time>
      </trkpt>
      <trkpt lat="9.498168" lon="-79.648130">
        <time>2026-08-08T17:37:52Z</time>
      </trkpt>
      <trkpt lat="9.498173" lon="-79.648130">
        <time>2026-08-08T17:37:57Z</time>
      </trkpt>
      <trkpt lat="9.498183" lon="-79.648126">
        <time>2026-08-08T17:38:02Z</time>
      </trkpt>
      <trkpt lat="9.498187" lon="-79.648130">
        <time>2026-08-08T17:38:05Z</time>
      </trkpt>
      <trkpt lat="9.498193" lon="-79.648131">
        <time>2026-08-08T17:38:07Z</time>
      </trkpt>
      <trkpt lat="9.498196" lon="-79.648137">
        <time>2026-08-08T17:38:11Z</time>
      </trkpt>
      <trkpt lat="9.498188" lon="-79.648148">
        <time>2026-08-08T17:38:17Z</time>
      </trkpt>
      <trkpt lat="9.498187" lon="-79.648158">
        <time>2026-08-08T17:38:20Z</time>
      </trkpt>
      <trkpt lat="9.498198" lon="-79.648161">
        <time>2026-08-08T17:38:25Z</time>
      </trkpt>
      <trkpt lat="9.498192" lon="-79.648153">
        <time>2026-08-08T17:38:31Z</time>
      </trkpt>
      <trkpt lat="9.498200" lon="-79.648122">
        <time>2026-08-08T17:38:36Z</time>
      </trkpt>
      <trkpt lat="9.498202" lon="-79.648118">
        <time>2026-08-08T17:38:38Z</time>
      </trkpt>
      <trkpt lat="9.498194" lon="-79.648124">
        <time>2026-08-08T17:38:43Z</time>
      </trkpt>
      <trkpt lat="9.498190" lon="-79.648147">
        <time>2026-08-08T17:38:48Z</time>
      </trkpt>
      <trkpt lat="9.498203" lon="-79.648152">
        <time>2026-08-08T17:38:53Z</time>
      </trkpt>
      <trkpt lat="9.498199" lon="-79.648156">
        <time>2026-08-08T17:38:56Z</time>
      </trkpt>
      <trkpt lat="9.498195" lon="-79.648160">
        <time>2026-08-08T17:39:00Z</time>
      </trkpt>
      <trkpt lat="9.498204" lon="-79.648148">
        <time>2026-08-08T17:39:04Z</time>
      </trkpt>
      <trkpt lat="9.498205" lon="-79.648152">
        <time>2026-08-08T17:39:05Z</time>
      </trkpt>
      <trkpt lat="9.498208" lon="-79.648147">
        <time>2026-08-08T17:39:09Z</time>
      </trkpt>
      <trkpt lat="9.498211" lon="-79.648145">
        <time>2026-08-08T17:39:10Z</time>
      </trkpt>
      <trkpt lat="9.498218" lon="-79.648144">
        <time>2026-08-08T17:39:12Z</time>
      </trkpt>
      <trkpt lat="9.498217" lon="-79.648143">
        <time>2026-08-08T17:39:14Z</time>
      </trkpt>
      <trkpt lat="9.498224" lon="-79.648133">
        <time>2026-08-08T17:39:22Z</time>
      </trkpt>
      <trkpt lat="9.498217" lon="-79.648137">
        <time>2026-08-08T17:39:29Z</time>
      </trkpt>
      <trkpt lat="9.498212" lon="-79.648145">
        <time>2026-08-08T17:39:32Z</time>
      </trkpt>
      <trkpt lat="9.498200" lon="-79.648153">
        <time>2026-08-08T17:39:38Z</time>
      </trkpt>
      <trkpt lat="9.498183" lon="-79.648172">
        <time>2026-08-08T17:39:42Z</time>
      </trkpt>
      <trkpt lat="9.498187" lon="-79.648150">
        <time>2026-08-08T17:39:52Z</time>
      </trkpt>
      <trkpt lat="9.498190" lon="-79.648146">
        <time>2026-08-08T17:39:53Z</time>
      </trkpt>
      <trkpt lat="9.498216" lon="-79.648131">
        <time>2026-08-08T17:40:03Z</time>
      </trkpt>
      <trkpt lat="9.498215" lon="-79.648135">
        <time>2026-08-08T17:40:10Z</time>
      </trkpt>
      <trkpt lat="9.498216" lon="-79.648127">
        <time>2026-08-08T17:40:12Z</time>
      </trkpt>
      <trkpt lat="9.498218" lon="-79.648111">
        <time>2026-08-08T17:40:16Z</time>
      </trkpt>
      <trkpt lat="9.498218" lon="-79.648085">
        <time>2026-08-08T17:40:22Z</time>
      </trkpt>
      <trkpt lat="9.498204" lon="-79.648068">
        <time>2026-08-08T17:40:30Z</time>
      </trkpt>
      <trkpt lat="9.498200" lon="-79.648072">
        <time>2026-08-08T17:40:31Z</time>
      </trkpt>
      <trkpt lat="9.498186" lon="-79.648123">
        <time>2026-08-08T17:40:40Z</time>
      </trkpt>
      <trkpt lat="9.498179" lon="-79.648127">
        <time>2026-08-08T17:40:43Z</time>
      </trkpt>
      <trkpt lat="9.498177" lon="-79.648132">
        <time>2026-08-08T17:40:45Z</time>
      </trkpt>
      <trkpt lat="9.498174" lon="-79.648134">
        <time>2026-08-08T17:40:47Z</time>
      </trkpt>
      <trkpt lat="9.498172" lon="-79.648134">
        <time>2026-08-08T17:40:48Z</time>
      </trkpt>
      <trkpt lat="9.498171" lon="-79.648135">
        <time>2026-08-08T17:40:50Z</time>
      </trkpt>
      <trkpt lat="9.498163" lon="-79.648133">
        <time>2026-08-08T17:41:01Z</time>
      </trkpt>
      <trkpt lat="9.498163" lon="-79.648133">
        <time>2026-08-08T17:41:03Z</time>
      </trkpt>
      <trkpt lat="9.498163" lon="-79.648133">
        <time>2026-08-08T17:41:11Z</time>
      </trkpt>
      <trkpt lat="9.498163" lon="-79.648133">
        <time>2026-08-08T17:41:17Z</time>
      </trkpt>
      <trkpt lat="9.498163" lon="-79.648133">
        <time>2026-08-08T17:41:19Z</time>
      </trkpt>
      <trkpt lat="9.498163" lon="-79.648133">
        <time>2026-08-08T17:41:37Z</time>
      </trkpt>
      <trkpt lat="9.498163" lon="-79.648133">
        <time>2026-08-08T17:41:57Z</time>
      </trkpt>
      <trkpt lat="9.498163" lon="-79.648133">
        <time>2026-08-08T17:41:58Z</time>
      </trkpt>
      <trkpt lat="9.498163" lon="-79.648133">
        <time>2026-08-08T17:42:11Z</time>
      </trkpt>
      <trkpt lat="9.498163" lon="-79.648133">
        <time>2026-08-08T17:42:16Z</time>
      </trkpt>
      <trkpt lat="9.498176" lon="-79.648139">
        <time>2026-08-08T17:42:28Z</time>
      </trkpt>
      <trkpt lat="9.498176" lon="-79.648139">
        <time>2026-08-08T17:42:39Z</time>
      </trkpt>
      <trkpt lat="9.498176" lon="-79.648139">
        <time>2026-08-08T17:42:42Z</time>
      </trkpt>
      <trkpt lat="9.498176" lon="-79.648139">
        <time>2026-08-08T17:42:46Z</time>
      </trkpt>
      <trkpt lat="9.498176" lon="-79.648139">
        <time>2026-08-08T17:42:58Z</time>
      </trkpt>
      <trkpt lat="9.498188" lon="-79.648132">
        <time>2026-08-08T17:43:11Z</time>
      </trkpt>
      <trkpt lat="9.498191" lon="-79.648136">
        <time>2026-08-08T17:43:18Z</time>
      </trkpt>
      <trkpt lat="9.498202" lon="-79.648115">
        <time>2026-08-08T17:43:26Z</time>
      </trkpt>
      <trkpt lat="9.498206" lon="-79.648097">
        <time>2026-08-08T17:43:30Z</time>
      </trkpt>
      <trkpt lat="9.498209" lon="-79.648096">
        <time>2026-08-08T17:43:33Z</time>
      </trkpt>
      <trkpt lat="9.498200" lon="-79.648107">
        <time>2026-08-08T17:43:41Z</time>
      </trkpt>
      <trkpt lat="9.498168" lon="-79.648139">
        <time>2026-08-08T17:43:53Z</time>
      </trkpt>
      <trkpt lat="9.498172" lon="-79.648143">
        <time>2026-08-08T17:43:56Z</time>
      </trkpt>
      <trkpt lat="9.498212" lon="-79.648130">
        <time>2026-08-08T17:44:09Z</time>
      </trkpt>
      <trkpt lat="9.498243" lon="-79.648119">
        <time>2026-08-08T17:44:26Z</time>
      </trkpt>
      <trkpt lat="9.498233" lon="-79.648129">
        <time>2026-08-08T17:44:33Z</time>
      </trkpt>
      <trkpt lat="9.498238" lon="-79.648131">
        <time>2026-08-08T17:44:37Z</time>
      </trkpt>
      <trkpt lat="9.498229" lon="-79.648138">
        <time>2026-08-08T17:44:42Z</time>
      </trkpt>
      <trkpt lat="9.498183" lon="-79.648160">
        <time>2026-08-08T17:44:59Z</time>
      </trkpt>
      <trkpt lat="9.498185" lon="-79.648160">
        <time>2026-08-08T17:45:03Z</time>
      </trkpt>
      <trkpt lat="9.498183" lon="-79.648161">
        <time>2026-08-08T17:45:08Z</time>
      </trkpt>
      <trkpt lat="9.498190" lon="-79.648157">
        <time>2026-08-08T17:45:12Z</time>
      </trkpt>
      <trkpt lat="9.498180" lon="-79.648154">
        <time>2026-08-08T17:45:24Z</time>
      </trkpt>
      <trkpt lat="9.498179" lon="-79.648155">
        <time>2026-08-08T17:45:25Z</time>
      </trkpt>
      <trkpt lat="9.498175" lon="-79.648159">
        <time>2026-08-08T17:45:27Z</time>
      </trkpt>
      <trkpt lat="9.498168" lon="-79.648167">
        <time>2026-08-08T17:45:30Z</time>
      </trkpt>
      <trkpt lat="9.498169" lon="-79.648174">
        <time>2026-08-08T17:45:34Z</time>
      </trkpt>
      <trkpt lat="9.498170" lon="-79.648172">
        <time>2026-08-08T17:45:35Z</time>
      </trkpt>
      <trkpt lat="9.498169" lon="-79.648175">
        <time>2026-08-08T17:45:36Z</time>
      </trkpt>
      <trkpt lat="9.498180" lon="-79.648165">
        <time>2026-08-08T17:45:46Z</time>
      </trkpt>
      <trkpt lat="9.498198" lon="-79.648137">
        <time>2026-08-08T17:45:50Z</time>
      </trkpt>
      <trkpt lat="9.498231" lon="-79.648105">
        <time>2026-08-08T17:45:55Z</time>
      </trkpt>
      <trkpt lat="9.498234" lon="-79.648103">
        <time>2026-08-08T17:45:56Z</time>
      </trkpt>
      <trkpt lat="9.498251" lon="-79.648089">
        <time>2026-08-08T17:46:00Z</time>
      </trkpt>
      <trkpt lat="9.498259" lon="-79.648102">
        <time>2026-08-08T17:46:08Z</time>
      </trkpt>
      <trkpt lat="9.498214" lon="-79.648147">
        <time>2026-08-08T17:46:22Z</time>
      </trkpt>
      <trkpt lat="9.498214" lon="-79.648147">
        <time>2026-08-08T17:46:23Z</time>
      </trkpt>
      <trkpt lat="9.498205" lon="-79.648117">
        <time>2026-08-08T17:46:30Z</time>
      </trkpt>
      <trkpt lat="9.498218" lon="-79.648104">
        <time>2026-08-08T17:46:39Z</time>
      </trkpt>
      <trkpt lat="9.498218" lon="-79.648102">
        <time>2026-08-08T17:46:45Z</time>
      </trkpt>
      <trkpt lat="9.498224" lon="-79.648103">
        <time>2026-08-08T17:46:47Z</time>
      </trkpt>
      <trkpt lat="9.498220" lon="-79.648103">
        <time>2026-08-08T17:46:49Z</time>
      </trkpt>
      <trkpt lat="9.498216" lon="-79.648082">
        <time>2026-08-08T17:46:55Z</time>
      </trkpt>
      <trkpt lat="9.498222" lon="-79.648082">
        <time>2026-08-08T17:46:59Z</time>
      </trkpt>
      <trkpt lat="9.498228" lon="-79.648114">
        <time>2026-08-08T17:47:07Z</time>
      </trkpt>
      <trkpt lat="9.498230" lon="-79.648118">
        <time>2026-08-08T17:47:09Z</time>
      </trkpt>
      <trkpt lat="9.498217" lon="-79.648133">
        <time>2026-08-08T17:47:16Z</time>
      </trkpt>
      <trkpt lat="9.498221" lon="-79.648129">
        <time>2026-08-08T17:47:18Z</time>
      </trkpt>
      <trkpt lat="9.498218" lon="-79.648126">
        <time>2026-08-08T17:47:22Z</time>
      </trkpt>
      <trkpt lat="9.498212" lon="-79.648114">
        <time>2026-08-08T17:47:26Z</time>
      </trkpt>
      <trkpt lat="9.498209" lon="-79.648101">
        <time>2026-08-08T17:47:34Z</time>
      </trkpt>
      <trkpt lat="9.498211" lon="-79.648104">
        <time>2026-08-08T17:47:35Z</time>
      </trkpt>
      <trkpt lat="9.498219" lon="-79.648114">
        <time>2026-08-08T17:47:45Z</time>
      </trkpt>
      <trkpt lat="9.498221" lon="-79.648114">
        <time>2026-08-08T17:47:46Z</time>
      </trkpt>
      <trkpt lat="9.498227" lon="-79.648110">
        <time>2026-08-08T17:47:50Z</time>
      </trkpt>
      <trkpt lat="9.498226" lon="-79.648107">
        <time>2026-08-08T17:47:51Z</time>
      </trkpt>
      <trkpt lat="9.498221" lon="-79.648105">
        <time>2026-08-08T17:47:55Z</time>
      </trkpt>
      <trkpt lat="9.498216" lon="-79.648102">
        <time>2026-08-08T17:47:56Z</time>
      </trkpt>
      <trkpt lat="9.498211" lon="-79.648093">
        <time>2026-08-08T17:47:57Z</time>
      </trkpt>
      <trkpt lat="9.498210" lon="-79.648087">
        <time>2026-08-08T17:47:58Z</time>
      </trkpt>
      <trkpt lat="9.498187" lon="-79.648073">
        <time>2026-08-08T17:48:04Z</time>
      </trkpt>
      <trkpt lat="9.498172" lon="-79.648073">
        <time>2026-08-08T17:48:07Z</time>
      </trkpt>
      <trkpt lat="9.498152" lon="-79.648066">
        <time>2026-08-08T17:48:12Z</time>
      </trkpt>
      <trkpt lat="9.498149" lon="-79.648067">
        <time>2026-08-08T17:48:14Z</time>
      </trkpt>
      <trkpt lat="9.498149" lon="-79.648064">
        <time>2026-08-08T17:48:16Z</time>
      </trkpt>
      <trkpt lat="9.498148" lon="-79.648061">
        <time>2026-08-08T17:48:21Z</time>
      </trkpt>
      <trkpt lat="9.498147" lon="-79.648053">
        <time>2026-08-08T17:48:24Z</time>
      </trkpt>
      <trkpt lat="9.498147" lon="-79.648049">
        <time>2026-08-08T17:48:26Z</time>
      </trkpt>
      <trkpt lat="9.498148" lon="-79.648048">
        <time>2026-08-08T17:48:27Z</time>
      </trkpt>
      <trkpt lat="9.498156" lon="-79.648035">
        <time>2026-08-08T17:48:36Z</time>
      </trkpt>
      <trkpt lat="9.498161" lon="-79.648048">
        <time>2026-08-08T17:48:39Z</time>
      </trkpt>
      <trkpt lat="9.498170" lon="-79.648067">
        <time>2026-08-08T17:48:45Z</time>
      </trkpt>
      <trkpt lat="9.498176" lon="-79.648087">
        <time>2026-08-08T17:48:53Z</time>
      </trkpt>
      <trkpt lat="9.498176" lon="-79.648094">
        <time>2026-08-08T17:48:56Z</time>
      </trkpt>
      <trkpt lat="9.498176" lon="-79.648089">
        <time>2026-08-08T17:49:00Z</time>
      </trkpt>
      <trkpt lat="9.498172" lon="-79.648085">
        <time>2026-08-08T17:49:02Z</time>
      </trkpt>
      <trkpt lat="9.498170" lon="-79.648084">
        <time>2026-08-08T17:49:03Z</time>
      </trkpt>
      <trkpt lat="9.498179" lon="-79.648086">
        <time>2026-08-08T17:49:07Z</time>
      </trkpt>
      <trkpt lat="9.498181" lon="-79.648091">
        <time>2026-08-08T17:49:10Z</time>
      </trkpt>
      <trkpt lat="9.498180" lon="-79.648090">
        <time>2026-08-08T17:49:11Z</time>
      </trkpt>
      <trkpt lat="9.498181" lon="-79.648089">
        <time>2026-08-08T17:49:12Z</time>
      </trkpt>
      <trkpt lat="9.498182" lon="-79.648090">
        <time>2026-08-08T17:49:13Z</time>
      </trkpt>
      <trkpt lat="9.498167" lon="-79.648098">
        <time>2026-08-08T17:49:24Z</time>
      </trkpt>
      <trkpt lat="9.498164" lon="-79.648113">
        <time>2026-08-08T17:49:27Z</time>
      </trkpt>
      <trkpt lat="9.498158" lon="-79.648114">
        <time>2026-08-08T17:49:29Z</time>
      </trkpt>
      <trkpt lat="9.498154" lon="-79.648115">
        <time>2026-08-08T17:49:32Z</time>
      </trkpt>
      <trkpt lat="9.498151" lon="-79.648119">
        <time>2026-08-08T17:49:36Z</time>
      </trkpt>
      <trkpt lat="9.498148" lon="-79.648122">
        <time>2026-08-08T17:49:38Z</time>
      </trkpt>
      <trkpt lat="9.498142" lon="-79.648128">
        <time>2026-08-08T17:49:44Z</time>
      </trkpt>
      <trkpt lat="9.498123" lon="-79.648121">
        <time>2026-08-08T17:49:52Z</time>
      </trkpt>
      <trkpt lat="9.498125" lon="-79.648128">
        <time>2026-08-08T17:49:58Z</time>
      </trkpt>
      <trkpt lat="9.498131" lon="-79.648136">
        <time>2026-08-08T17:50:00Z</time>
      </trkpt>
      <trkpt lat="9.498135" lon="-79.648137">
        <time>2026-08-08T17:50:03Z</time>
      </trkpt>
      <trkpt lat="9.498141" lon="-79.648133">
        <time>2026-08-08T17:50:06Z</time>
      </trkpt>
      <trkpt lat="9.498140" lon="-79.648129">
        <time>2026-08-08T17:50:10Z</time>
      </trkpt>
      <trkpt lat="9.498144" lon="-79.648129">
        <time>2026-08-08T17:50:12Z</time>
      </trkpt>
      <trkpt lat="9.498149" lon="-79.648132">
        <time>2026-08-08T17:50:14Z</time>
      </trkpt>
      <trkpt lat="9.498150" lon="-79.648131">
        <time>2026-08-08T17:50:15Z</time>
      </trkpt>
      <trkpt lat="9.498164" lon="-79.648131">
        <time>2026-08-08T17:50:24Z</time>
      </trkpt>
      <trkpt lat="9.498168" lon="-79.648148">
        <time>2026-08-08T17:50:29Z</time>
      </trkpt>
      <trkpt lat="9.498173" lon="-79.648154">
        <time>2026-08-08T17:50:32Z</time>
      </trkpt>
      <trkpt lat="9.498175" lon="-79.648159">
        <time>2026-08-08T17:50:35Z</time>
      </trkpt>
      <trkpt lat="9.498170" lon="-79.648157">
        <time>2026-08-08T17:50:37Z</time>
      </trkpt>
      <trkpt lat="9.498154" lon="-79.648141">
        <time>2026-08-08T17:50:41Z</time>
      </trkpt>
      <trkpt lat="9.498154" lon="-79.648139">
        <time>2026-08-08T17:50:42Z</time>
      </trkpt>
      <trkpt lat="9.498150" lon="-79.648125">
        <time>2026-08-08T17:50:44Z</time>
      </trkpt>
      <trkpt lat="9.498146" lon="-79.648113">
        <time>2026-08-08T17:50:45Z</time>
      </trkpt>
      <trkpt lat="9.498139" lon="-79.648108">
        <time>2026-08-08T17:50:46Z</time>
      </trkpt>
      <trkpt lat="9.498125" lon="-79.648092">
        <time>2026-08-08T17:50:48Z</time>
      </trkpt>
      <trkpt lat="9.498117" lon="-79.648086">
        <time>2026-08-08T17:50:49Z</time>
      </trkpt>
      <trkpt lat="9.498111" lon="-79.648077">
        <time>2026-08-08T17:50:50Z</time>
      </trkpt>
      <trkpt lat="9.498089" lon="-79.648044">
        <time>2026-08-08T17:50:54Z</time>
      </trkpt>
      <trkpt lat="9.498087" lon="-79.648038">
        <time>2026-08-08T17:50:55Z</time>
      </trkpt>
      <trkpt lat="9.498096" lon="-79.647997">
        <time>2026-08-08T17:51:02Z</time>
      </trkpt>
      <trkpt lat="9.498094" lon="-79.647980">
        <time>2026-08-08T17:51:04Z</time>
      </trkpt>
      <trkpt lat="9.498092" lon="-79.647974">
        <time>2026-08-08T17:51:05Z</time>
      </trkpt>
      <trkpt lat="9.498087" lon="-79.647956">
        <time>2026-08-08T17:51:08Z</time>
      </trkpt>
      <trkpt lat="9.498066" lon="-79.647922">
        <time>2026-08-08T17:51:12Z</time>
      </trkpt>
      <trkpt lat="9.498003" lon="-79.647889">
        <time>2026-08-08T17:51:22Z</time>
      </trkpt>
      <trkpt lat="9.498010" lon="-79.647878">
        <time>2026-08-08T17:51:28Z</time>
      </trkpt>
      <trkpt lat="9.498003" lon="-79.647863">
        <time>2026-08-08T17:51:31Z</time>
      </trkpt>
      <trkpt lat="9.497999" lon="-79.647857">
        <time>2026-08-08T17:51:32Z</time>
      </trkpt>
      <trkpt lat="9.497991" lon="-79.647809">
        <time>2026-08-08T17:51:39Z</time>
      </trkpt>
      <trkpt lat="9.497983" lon="-79.647800">
        <time>2026-08-08T17:51:42Z</time>
      </trkpt>
      <trkpt lat="9.497978" lon="-79.647780">
        <time>2026-08-08T17:51:45Z</time>
      </trkpt>
      <trkpt lat="9.497974" lon="-79.647775">
        <time>2026-08-08T17:51:46Z</time>
      </trkpt>
      <trkpt lat="9.497960" lon="-79.647758">
        <time>2026-08-08T17:51:54Z</time>
      </trkpt>
      <trkpt lat="9.497958" lon="-79.647755">
        <time>2026-08-08T17:51:56Z</time>
      </trkpt>
      <trkpt lat="9.497961" lon="-79.647762">
        <time>2026-08-08T17:51:58Z</time>
      </trkpt>
      <trkpt lat="9.497981" lon="-79.647767">
        <time>2026-08-08T17:52:02Z</time>
      </trkpt>
      <trkpt lat="9.497988" lon="-79.647758">
        <time>2026-08-08T17:52:08Z</time>
      </trkpt>
      <trkpt lat="9.497977" lon="-79.647737">
        <time>2026-08-08T17:52:11Z</time>
      </trkpt>
      <trkpt lat="9.497960" lon="-79.647713">
        <time>2026-08-08T17:52:13Z</time>
      </trkpt>
      <trkpt lat="9.497930" lon="-79.647674">
        <time>2026-08-08T17:52:17Z</time>
      </trkpt>
      <trkpt lat="9.497915" lon="-79.647660">
        <time>2026-08-08T17:52:19Z</time>
      </trkpt>
      <trkpt lat="9.497886" lon="-79.647631">
        <time>2026-08-08T17:52:24Z</time>
      </trkpt>
      <trkpt lat="9.497878" lon="-79.647623">
        <time>2026-08-08T17:52:26Z</time>
      </trkpt>
      <trkpt lat="9.497878" lon="-79.647620">
        <time>2026-08-08T17:52:27Z</time>
      </trkpt>
      <trkpt lat="9.497839" lon="-79.647555">
        <time>2026-08-08T17:52:36Z</time>
      </trkpt>
      <trkpt lat="9.497792" lon="-79.647502">
        <time>2026-08-08T17:52:47Z</time>
      </trkpt>
      <trkpt lat="9.497772" lon="-79.647498">
        <time>2026-08-08T17:52:50Z</time>
      </trkpt>
      <trkpt lat="9.497745" lon="-79.647484">
        <time>2026-08-08T17:52:58Z</time>
      </trkpt>
      <trkpt lat="9.497748" lon="-79.647475">
        <time>2026-08-08T17:53:00Z</time>
      </trkpt>
      <trkpt lat="9.497742" lon="-79.647454">
        <time>2026-08-08T17:53:05Z</time>
      </trkpt>
      <trkpt lat="9.497755" lon="-79.647423">
        <time>2026-08-08T17:53:09Z</time>
      </trkpt>
      <trkpt lat="9.497764" lon="-79.647401">
        <time>2026-08-08T17:53:12Z</time>
      </trkpt>
      <trkpt lat="9.497753" lon="-79.647350">
        <time>2026-08-08T17:53:19Z</time>
      </trkpt>
      <trkpt lat="9.497752" lon="-79.647343">
        <time>2026-08-08T17:53:20Z</time>
      </trkpt>
      <trkpt lat="9.497730" lon="-79.647301">
        <time>2026-08-08T17:53:25Z</time>
      </trkpt>
      <trkpt lat="9.497719" lon="-79.647280">
        <time>2026-08-08T17:53:27Z</time>
      </trkpt>
      <trkpt lat="9.497710" lon="-79.647274">
        <time>2026-08-08T17:53:28Z</time>
      </trkpt>
      <trkpt lat="9.497699" lon="-79.647260">
        <time>2026-08-08T17:53:30Z</time>
      </trkpt>
      <trkpt lat="9.497685" lon="-79.647244">
        <time>2026-08-08T17:53:37Z</time>
      </trkpt>
      <trkpt lat="9.497680" lon="-79.647232">
        <time>2026-08-08T17:53:46Z</time>
      </trkpt>
      <trkpt lat="9.497676" lon="-79.647205">
        <time>2026-08-08T17:53:54Z</time>
      </trkpt>
      <trkpt lat="9.497677" lon="-79.647194">
        <time>2026-08-08T17:53:58Z</time>
      </trkpt>
      <trkpt lat="9.497676" lon="-79.647193">
        <time>2026-08-08T17:54:00Z</time>
      </trkpt>
      <trkpt lat="9.497673" lon="-79.647179">
        <time>2026-08-08T17:54:04Z</time>
      </trkpt>
      <trkpt lat="9.497668" lon="-79.647162">
        <time>2026-08-08T17:54:06Z</time>
      </trkpt>
      <trkpt lat="9.497667" lon="-79.647162">
        <time>2026-08-08T17:54:10Z</time>
      </trkpt>
      <trkpt lat="9.497665" lon="-79.647128">
        <time>2026-08-08T17:54:17Z</time>
      </trkpt>
      <trkpt lat="9.497650" lon="-79.647101">
        <time>2026-08-08T17:54:21Z</time>
      </trkpt>
      <trkpt lat="9.497635" lon="-79.647065">
        <time>2026-08-08T17:54:26Z</time>
      </trkpt>
      <trkpt lat="9.497577" lon="-79.647023">
        <time>2026-08-08T17:54:34Z</time>
      </trkpt>
      <trkpt lat="9.497509" lon="-79.647017">
        <time>2026-08-08T17:54:42Z</time>
      </trkpt>
      <trkpt lat="9.497466" lon="-79.647008">
        <time>2026-08-08T17:54:49Z</time>
      </trkpt>
      <trkpt lat="9.497443" lon="-79.646992">
        <time>2026-08-08T17:54:54Z</time>
      </trkpt>
      <trkpt lat="9.497415" lon="-79.646967">
        <time>2026-08-08T17:54:59Z</time>
      </trkpt>
      <trkpt lat="9.497399" lon="-79.646952">
        <time>2026-08-08T17:55:06Z</time>
      </trkpt>
      <trkpt lat="9.497398" lon="-79.646945">
        <time>2026-08-08T17:55:07Z</time>
      </trkpt>
      <trkpt lat="9.497406" lon="-79.646940">
        <time>2026-08-08T17:55:08Z</time>
      </trkpt>
      <trkpt lat="9.497422" lon="-79.646918">
        <time>2026-08-08T17:55:12Z</time>
      </trkpt>
      <trkpt lat="9.497435" lon="-79.646838">
        <time>2026-08-08T17:55:19Z</time>
      </trkpt>
      <trkpt lat="9.497424" lon="-79.646816">
        <time>2026-08-08T17:55:27Z</time>
      </trkpt>
      <trkpt lat="9.497349" lon="-79.646791">
        <time>2026-08-08T17:55:34Z</time>
      </trkpt>
      <trkpt lat="9.497294" lon="-79.646783">
        <time>2026-08-08T17:55:40Z</time>
      </trkpt>
      <trkpt lat="9.497242" lon="-79.646810">
        <time>2026-08-08T17:55:46Z</time>
      </trkpt>
      <trkpt lat="9.497228" lon="-79.646830">
        <time>2026-08-08T17:55:50Z</time>
      </trkpt>
      <trkpt lat="9.497216" lon="-79.646852">
        <time>2026-08-08T17:55:53Z</time>
      </trkpt>
      <trkpt lat="9.497211" lon="-79.646858">
        <time>2026-08-08T17:55:57Z</time>
      </trkpt>
      <trkpt lat="9.497193" lon="-79.646840">
        <time>2026-08-08T17:56:04Z</time>
      </trkpt>
      <trkpt lat="9.497119" lon="-79.646843">
        <time>2026-08-08T17:56:15Z</time>
      </trkpt>
      <trkpt lat="9.497086" lon="-79.646858">
        <time>2026-08-08T17:56:18Z</time>
      </trkpt>
      <trkpt lat="9.497061" lon="-79.646868">
        <time>2026-08-08T17:56:22Z</time>
      </trkpt>
      <trkpt lat="9.497028" lon="-79.646863">
        <time>2026-08-08T17:56:31Z</time>
      </trkpt>
      <trkpt lat="9.497032" lon="-79.646862">
        <time>2026-08-08T17:56:33Z</time>
      </trkpt>
      <trkpt lat="9.496995" lon="-79.646879">
        <time>2026-08-08T17:56:39Z</time>
      </trkpt>
      <trkpt lat="9.496979" lon="-79.646870">
        <time>2026-08-08T17:56:48Z</time>
      </trkpt>
      <trkpt lat="9.496971" lon="-79.646840">
        <time>2026-08-08T17:56:50Z</time>
      </trkpt>
      <trkpt lat="9.496958" lon="-79.646814">
        <time>2026-08-08T17:56:53Z</time>
      </trkpt>
      <trkpt lat="9.496937" lon="-79.646760">
        <time>2026-08-08T17:57:01Z</time>
      </trkpt>
      <trkpt lat="9.496911" lon="-79.646727">
        <time>2026-08-08T17:57:08Z</time>
      </trkpt>
      <trkpt lat="9.496896" lon="-79.646711">
        <time>2026-08-08T17:57:13Z</time>
      </trkpt>
      <trkpt lat="9.496825" lon="-79.646682">
        <time>2026-08-08T17:57:21Z</time>
      </trkpt>
      <trkpt lat="9.496753" lon="-79.646680">
        <time>2026-08-08T17:57:30Z</time>
      </trkpt>
      <trkpt lat="9.496740" lon="-79.646686">
        <time>2026-08-08T17:57:32Z</time>
      </trkpt>
      <trkpt lat="9.496715" lon="-79.646691">
        <time>2026-08-08T17:57:39Z</time>
      </trkpt>
      <trkpt lat="9.496680" lon="-79.646713">
        <time>2026-08-08T17:57:47Z</time>
      </trkpt>
      <trkpt lat="9.496680" lon="-79.646710">
        <time>2026-08-08T17:57:49Z</time>
      </trkpt>
      <trkpt lat="9.496655" lon="-79.646706">
        <time>2026-08-08T17:57:56Z</time>
      </trkpt>
      <trkpt lat="9.496635" lon="-79.646668">
        <time>2026-08-08T17:58:04Z</time>
      </trkpt>
      <trkpt lat="9.496569" lon="-79.646656">
        <time>2026-08-08T17:58:13Z</time>
      </trkpt>
      <trkpt lat="9.496559" lon="-79.646683">
        <time>2026-08-08T17:58:17Z</time>
      </trkpt>
      <trkpt lat="9.496536" lon="-79.646693">
        <time>2026-08-08T17:58:20Z</time>
      </trkpt>
      <trkpt lat="9.496518" lon="-79.646701">
        <time>2026-08-08T17:58:22Z</time>
      </trkpt>
      <trkpt lat="9.496466" lon="-79.646686">
        <time>2026-08-08T17:58:27Z</time>
      </trkpt>
      <trkpt lat="9.496462" lon="-79.646678">
        <time>2026-08-08T17:58:29Z</time>
      </trkpt>
      <trkpt lat="9.496475" lon="-79.646665">
        <time>2026-08-08T17:58:32Z</time>
      </trkpt>
      <trkpt lat="9.496487" lon="-79.646642">
        <time>2026-08-08T17:58:34Z</time>
      </trkpt>
      <trkpt lat="9.496479" lon="-79.646612">
        <time>2026-08-08T17:58:37Z</time>
      </trkpt>
      <trkpt lat="9.496469" lon="-79.646595">
        <time>2026-08-08T17:58:39Z</time>
      </trkpt>
      <trkpt lat="9.496404" lon="-79.646592">
        <time>2026-08-08T17:58:47Z</time>
      </trkpt>
      <trkpt lat="9.496306" lon="-79.646635">
        <time>2026-08-08T17:58:55Z</time>
      </trkpt>
      <trkpt lat="9.496284" lon="-79.646641">
        <time>2026-08-08T17:58:58Z</time>
      </trkpt>
      <trkpt lat="9.496255" lon="-79.646659">
        <time>2026-08-08T17:59:03Z</time>
      </trkpt>
      <trkpt lat="9.496240" lon="-79.646666">
        <time>2026-08-08T17:59:08Z</time>
      </trkpt>
      <trkpt lat="9.496241" lon="-79.646667">
        <time>2026-08-08T17:59:11Z</time>
      </trkpt>
      <trkpt lat="9.496238" lon="-79.646672">
        <time>2026-08-08T17:59:14Z</time>
      </trkpt>
      <trkpt lat="9.496227" lon="-79.646696">
        <time>2026-08-08T17:59:17Z</time>
      </trkpt>
      <trkpt lat="9.496219" lon="-79.646706">
        <time>2026-08-08T17:59:18Z</time>
      </trkpt>
      <trkpt lat="9.496209" lon="-79.646724">
        <time>2026-08-08T17:59:23Z</time>
      </trkpt>
      <trkpt lat="9.496209" lon="-79.646726">
        <time>2026-08-08T17:59:24Z</time>
      </trkpt>
      <trkpt lat="9.496158" lon="-79.646741">
        <time>2026-08-08T17:59:31Z</time>
      </trkpt>
      <trkpt lat="9.496067" lon="-79.646746">
        <time>2026-08-08T17:59:41Z</time>
      </trkpt>
      <trkpt lat="9.496048" lon="-79.646754">
        <time>2026-08-08T17:59:46Z</time>
      </trkpt>
      <trkpt lat="9.496003" lon="-79.646741">
        <time>2026-08-08T17:59:53Z</time>
      </trkpt>
      <trkpt lat="9.495945" lon="-79.646746">
        <time>2026-08-08T17:59:59Z</time>
      </trkpt>
      <trkpt lat="9.495882" lon="-79.646760">
        <time>2026-08-08T18:00:07Z</time>
      </trkpt>
      <trkpt lat="9.495868" lon="-79.646760">
        <time>2026-08-08T18:00:09Z</time>
      </trkpt>
      <trkpt lat="9.495841" lon="-79.646754">
        <time>2026-08-08T18:00:15Z</time>
      </trkpt>
      <trkpt lat="9.495831" lon="-79.646752">
        <time>2026-08-08T18:00:16Z</time>
      </trkpt>
      <trkpt lat="9.495825" lon="-79.646751">
        <time>2026-08-08T18:00:17Z</time>
      </trkpt>
      <trkpt lat="9.495793" lon="-79.646744">
        <time>2026-08-08T18:00:21Z</time>
      </trkpt>
      <trkpt lat="9.495777" lon="-79.646740">
        <time>2026-08-08T18:00:23Z</time>
      </trkpt>
      <trkpt lat="9.495774" lon="-79.646743">
        <time>2026-08-08T18:00:25Z</time>
      </trkpt>
      <trkpt lat="9.495750" lon="-79.646748">
        <time>2026-08-08T18:00:29Z</time>
      </trkpt>
      <trkpt lat="9.495718" lon="-79.646760">
        <time>2026-08-08T18:00:33Z</time>
      </trkpt>
      <trkpt lat="9.495681" lon="-79.646785">
        <time>2026-08-08T18:00:41Z</time>
      </trkpt>
      <trkpt lat="9.495629" lon="-79.646857">
        <time>2026-08-08T18:00:50Z</time>
      </trkpt>
      <trkpt lat="9.495613" lon="-79.646902">
        <time>2026-08-08T18:00:59Z</time>
      </trkpt>
      <trkpt lat="9.495595" lon="-79.646912">
        <time>2026-08-08T18:01:03Z</time>
      </trkpt>
      <trkpt lat="9.495591" lon="-79.646911">
        <time>2026-08-08T18:01:04Z</time>
      </trkpt>
      <trkpt lat="9.495585" lon="-79.646907">
        <time>2026-08-08T18:01:06Z</time>
      </trkpt>
      <trkpt lat="9.495522" lon="-79.646867">
        <time>2026-08-08T18:01:16Z</time>
      </trkpt>
      <trkpt lat="9.495514" lon="-79.646868">
        <time>2026-08-08T18:01:18Z</time>
      </trkpt>
      <trkpt lat="9.495495" lon="-79.646869">
        <time>2026-08-08T18:01:23Z</time>
      </trkpt>
      <trkpt lat="9.495484" lon="-79.646867">
        <time>2026-08-08T18:01:25Z</time>
      </trkpt>
      <trkpt lat="9.495462" lon="-79.646879">
        <time>2026-08-08T18:01:30Z</time>
      </trkpt>
      <trkpt lat="9.495446" lon="-79.646870">
        <time>2026-08-08T18:01:36Z</time>
      </trkpt>
      <trkpt lat="9.495430" lon="-79.646861">
        <time>2026-08-08T18:01:39Z</time>
      </trkpt>
      <trkpt lat="9.495427" lon="-79.646858">
        <time>2026-08-08T18:01:40Z</time>
      </trkpt>
      <trkpt lat="9.495396" lon="-79.646853">
        <time>2026-08-08T18:01:47Z</time>
      </trkpt>
      <trkpt lat="9.495388" lon="-79.646853">
        <time>2026-08-08T18:01:48Z</time>
      </trkpt>
      <trkpt lat="9.495359" lon="-79.646890">
        <time>2026-08-08T18:01:55Z</time>
      </trkpt>
      <trkpt lat="9.495346" lon="-79.646880">
        <time>2026-08-08T18:02:00Z</time>
      </trkpt>
      <trkpt lat="9.495299" lon="-79.646859">
        <time>2026-08-08T18:02:07Z</time>
      </trkpt>
      <trkpt lat="9.495246" lon="-79.646850">
        <time>2026-08-08T18:02:14Z</time>
      </trkpt>
      <trkpt lat="9.495196" lon="-79.646878">
        <time>2026-08-08T18:02:23Z</time>
      </trkpt>
      <trkpt lat="9.495190" lon="-79.646873">
        <time>2026-08-08T18:02:26Z</time>
      </trkpt>
      <trkpt lat="9.495182" lon="-79.646877">
        <time>2026-08-08T18:02:28Z</time>
      </trkpt>
      <trkpt lat="9.495121" lon="-79.646870">
        <time>2026-08-08T18:02:36Z</time>
      </trkpt>
      <trkpt lat="9.495104" lon="-79.646861">
        <time>2026-08-08T18:02:41Z</time>
      </trkpt>
      <trkpt lat="9.495080" lon="-79.646850">
        <time>2026-08-08T18:02:44Z</time>
      </trkpt>
      <trkpt lat="9.495032" lon="-79.646837">
        <time>2026-08-08T18:02:51Z</time>
      </trkpt>
      <trkpt lat="9.495008" lon="-79.646837">
        <time>2026-08-08T18:02:55Z</time>
      </trkpt>
      <trkpt lat="9.495003" lon="-79.646838">
        <time>2026-08-08T18:02:58Z</time>
      </trkpt>
      <trkpt lat="9.495009" lon="-79.646832">
        <time>2026-08-08T18:03:00Z</time>
      </trkpt>
      <trkpt lat="9.495015" lon="-79.646825">
        <time>2026-08-08T18:03:02Z</time>
      </trkpt>
      <trkpt lat="9.494992" lon="-79.646819">
        <time>2026-08-08T18:03:06Z</time>
      </trkpt>
      <trkpt lat="9.494945" lon="-79.646816">
        <time>2026-08-08T18:03:12Z</time>
      </trkpt>
      <trkpt lat="9.494936" lon="-79.646819">
        <time>2026-08-08T18:03:13Z</time>
      </trkpt>
      <trkpt lat="9.494907" lon="-79.646814">
        <time>2026-08-08T18:03:21Z</time>
      </trkpt>
      <trkpt lat="9.494900" lon="-79.646816">
        <time>2026-08-08T18:03:25Z</time>
      </trkpt>
      <trkpt lat="9.494892" lon="-79.646819">
        <time>2026-08-08T18:03:28Z</time>
      </trkpt>
      <trkpt lat="9.494864" lon="-79.646851">
        <time>2026-08-08T18:03:33Z</time>
      </trkpt>
      <trkpt lat="9.494855" lon="-79.646861">
        <time>2026-08-08T18:03:35Z</time>
      </trkpt>
      <trkpt lat="9.494852" lon="-79.646858">
        <time>2026-08-08T18:03:38Z</time>
      </trkpt>
      <trkpt lat="9.494840" lon="-79.646855">
        <time>2026-08-08T18:03:41Z</time>
      </trkpt>
      <trkpt lat="9.494821" lon="-79.646857">
        <time>2026-08-08T18:03:46Z</time>
      </trkpt>
      <trkpt lat="9.494807" lon="-79.646860">
        <time>2026-08-08T18:03:48Z</time>
      </trkpt>
      <trkpt lat="9.494800" lon="-79.646853">
        <time>2026-08-08T18:03:50Z</time>
      </trkpt>
      <trkpt lat="9.494780" lon="-79.646859">
        <time>2026-08-08T18:03:53Z</time>
      </trkpt>
      <trkpt lat="9.494773" lon="-79.646864">
        <time>2026-08-08T18:03:54Z</time>
      </trkpt>
      <trkpt lat="9.494768" lon="-79.646866">
        <time>2026-08-08T18:03:55Z</time>
      </trkpt>
      <trkpt lat="9.494742" lon="-79.646863">
        <time>2026-08-08T18:04:01Z</time>
      </trkpt>
      <trkpt lat="9.494729" lon="-79.646865">
        <time>2026-08-08T18:04:09Z</time>
      </trkpt>
      <trkpt lat="9.494726" lon="-79.646866">
        <time>2026-08-08T18:04:10Z</time>
      </trkpt>
      <trkpt lat="9.494712" lon="-79.646856">
        <time>2026-08-08T18:04:16Z</time>
      </trkpt>
      <trkpt lat="9.494699" lon="-79.646845">
        <time>2026-08-08T18:04:20Z</time>
      </trkpt>
      <trkpt lat="9.494663" lon="-79.646836">
        <time>2026-08-08T18:04:24Z</time>
      </trkpt>
      <trkpt lat="9.494640" lon="-79.646834">
        <time>2026-08-08T18:04:29Z</time>
      </trkpt>
      <trkpt lat="9.494613" lon="-79.646835">
        <time>2026-08-08T18:04:34Z</time>
      </trkpt>
      <trkpt lat="9.494597" lon="-79.646848">
        <time>2026-08-08T18:04:37Z</time>
      </trkpt>
      <trkpt lat="9.494598" lon="-79.646849">
        <time>2026-08-08T18:04:38Z</time>
      </trkpt>
      <trkpt lat="9.494599" lon="-79.646835">
        <time>2026-08-08T18:04:43Z</time>
      </trkpt>
      <trkpt lat="9.494602" lon="-79.646832">
        <time>2026-08-08T18:04:45Z</time>
      </trkpt>
      <trkpt lat="9.494598" lon="-79.646801">
        <time>2026-08-08T18:04:49Z</time>
      </trkpt>
      <trkpt lat="9.494578" lon="-79.646781">
        <time>2026-08-08T18:04:53Z</time>
      </trkpt>
      <trkpt lat="9.494568" lon="-79.646781">
        <time>2026-08-08T18:04:55Z</time>
      </trkpt>
      <trkpt lat="9.494547" lon="-79.646774">
        <time>2026-08-08T18:04:59Z</time>
      </trkpt>
      <trkpt lat="9.494543" lon="-79.646779">
        <time>2026-08-08T18:05:00Z</time>
      </trkpt>
      <trkpt lat="9.494530" lon="-79.646771">
        <time>2026-08-08T18:05:03Z</time>
      </trkpt>
      <trkpt lat="9.494521" lon="-79.646753">
        <time>2026-08-08T18:05:05Z</time>
      </trkpt>
      <trkpt lat="9.494512" lon="-79.646749">
        <time>2026-08-08T18:05:07Z</time>
      </trkpt>
      <trkpt lat="9.494500" lon="-79.646760">
        <time>2026-08-08T18:05:12Z</time>
      </trkpt>
      <trkpt lat="9.494472" lon="-79.646766">
        <time>2026-08-08T18:05:17Z</time>
      </trkpt>
      <trkpt lat="9.494467" lon="-79.646774">
        <time>2026-08-08T18:05:18Z</time>
      </trkpt>
      <trkpt lat="9.494445" lon="-79.646791">
        <time>2026-08-08T18:05:22Z</time>
      </trkpt>
      <trkpt lat="9.494440" lon="-79.646790">
        <time>2026-08-08T18:05:27Z</time>
      </trkpt>
      <trkpt lat="9.494428" lon="-79.646797">
        <time>2026-08-08T18:05:31Z</time>
      </trkpt>
      <trkpt lat="9.494420" lon="-79.646799">
        <time>2026-08-08T18:05:33Z</time>
      </trkpt>
      <trkpt lat="9.494423" lon="-79.646795">
        <time>2026-08-08T18:05:34Z</time>
      </trkpt>
      <trkpt lat="9.494421" lon="-79.646796">
        <time>2026-08-08T18:05:35Z</time>
      </trkpt>
      <trkpt lat="9.494412" lon="-79.646803">
        <time>2026-08-08T18:05:38Z</time>
      </trkpt>
      <trkpt lat="9.494411" lon="-79.646792">
        <time>2026-08-08T18:05:42Z</time>
      </trkpt>
      <trkpt lat="9.494389" lon="-79.646787">
        <time>2026-08-08T18:05:46Z</time>
      </trkpt>
      <trkpt lat="9.494375" lon="-79.646773">
        <time>2026-08-08T18:05:48Z</time>
      </trkpt>
      <trkpt lat="9.494361" lon="-79.646764">
        <time>2026-08-08T18:05:49Z</time>
      </trkpt>
      <trkpt lat="9.494351" lon="-79.646759">
        <time>2026-08-08T18:05:50Z</time>
      </trkpt>
      <trkpt lat="9.494343" lon="-79.646753">
        <time>2026-08-08T18:05:51Z</time>
      </trkpt>
      <trkpt lat="9.494330" lon="-79.646744">
        <time>2026-08-08T18:05:53Z</time>
      </trkpt>
      <trkpt lat="9.494329" lon="-79.646736">
        <time>2026-08-08T18:05:55Z</time>
      </trkpt>
      <trkpt lat="9.494321" lon="-79.646750">
        <time>2026-08-08T18:05:57Z</time>
      </trkpt>
      <trkpt lat="9.494302" lon="-79.646733">
        <time>2026-08-08T18:06:04Z</time>
      </trkpt>
      <trkpt lat="9.494271" lon="-79.646709">
        <time>2026-08-08T18:06:11Z</time>
      </trkpt>
      <trkpt lat="9.494256" lon="-79.646697">
        <time>2026-08-08T18:06:17Z</time>
      </trkpt>
      <trkpt lat="9.494256" lon="-79.646697">
        <time>2026-08-08T18:06:18Z</time>
      </trkpt>
      <trkpt lat="9.494257" lon="-79.646693">
        <time>2026-08-08T18:06:20Z</time>
      </trkpt>
      <trkpt lat="9.494250" lon="-79.646693">
        <time>2026-08-08T18:06:21Z</time>
      </trkpt>
      <trkpt lat="9.494237" lon="-79.646677">
        <time>2026-08-08T18:06:29Z</time>
      </trkpt>
      <trkpt lat="9.494235" lon="-79.646677">
        <time>2026-08-08T18:06:30Z</time>
      </trkpt>
      <trkpt lat="9.494227" lon="-79.646690">
        <time>2026-08-08T18:06:34Z</time>
      </trkpt>
      <trkpt lat="9.494211" lon="-79.646689">
        <time>2026-08-08T18:06:36Z</time>
      </trkpt>
      <trkpt lat="9.494203" lon="-79.646694">
        <time>2026-08-08T18:06:37Z</time>
      </trkpt>
      <trkpt lat="9.494197" lon="-79.646682">
        <time>2026-08-08T18:06:40Z</time>
      </trkpt>
      <trkpt lat="9.494188" lon="-79.646684">
        <time>2026-08-08T18:06:42Z</time>
      </trkpt>
      <trkpt lat="9.494183" lon="-79.646679">
        <time>2026-08-08T18:06:43Z</time>
      </trkpt>
      <trkpt lat="9.494169" lon="-79.646675">
        <time>2026-08-08T18:06:46Z</time>
      </trkpt>
      <trkpt lat="9.494157" lon="-79.646662">
        <time>2026-08-08T18:06:48Z</time>
      </trkpt>
      <trkpt lat="9.494148" lon="-79.646660">
        <time>2026-08-08T18:06:49Z</time>
      </trkpt>
      <trkpt lat="9.494133" lon="-79.646655">
        <time>2026-08-08T18:06:51Z</time>
      </trkpt>
      <trkpt lat="9.494101" lon="-79.646657">
        <time>2026-08-08T18:06:57Z</time>
      </trkpt>
      <trkpt lat="9.494086" lon="-79.646660">
        <time>2026-08-08T18:07:00Z</time>
      </trkpt>
      <trkpt lat="9.494071" lon="-79.646675">
        <time>2026-08-08T18:07:05Z</time>
      </trkpt>
      <trkpt lat="9.494055" lon="-79.646690">
        <time>2026-08-08T18:07:09Z</time>
      </trkpt>
      <trkpt lat="9.494043" lon="-79.646691">
        <time>2026-08-08T18:07:14Z</time>
      </trkpt>
      <trkpt lat="9.494041" lon="-79.646686">
        <time>2026-08-08T18:07:17Z</time>
      </trkpt>
      <trkpt lat="9.494035" lon="-79.646674">
        <time>2026-08-08T18:07:20Z</time>
      </trkpt>
      <trkpt lat="9.494033" lon="-79.646669">
        <time>2026-08-08T18:07:22Z</time>
      </trkpt>
      <trkpt lat="9.494032" lon="-79.646665">
        <time>2026-08-08T18:07:24Z</time>
      </trkpt>
      <trkpt lat="9.494026" lon="-79.646658">
        <time>2026-08-08T18:07:29Z</time>
      </trkpt>
      <trkpt lat="9.494025" lon="-79.646635">
        <time>2026-08-08T18:07:34Z</time>
      </trkpt>
      <trkpt lat="9.494008" lon="-79.646618">
        <time>2026-08-08T18:07:42Z</time>
      </trkpt>
      <trkpt lat="9.494004" lon="-79.646614">
        <time>2026-08-08T18:07:43Z</time>
      </trkpt>
      <trkpt lat="9.493992" lon="-79.646607">
        <time>2026-08-08T18:07:45Z</time>
      </trkpt>
      <trkpt lat="9.493988" lon="-79.646604">
        <time>2026-08-08T18:07:47Z</time>
      </trkpt>
      <trkpt lat="9.493993" lon="-79.646604">
        <time>2026-08-08T18:07:48Z</time>
      </trkpt>
      <trkpt lat="9.493992" lon="-79.646609">
        <time>2026-08-08T18:07:50Z</time>
      </trkpt>
      <trkpt lat="9.493993" lon="-79.646608">
        <time>2026-08-08T18:07:52Z</time>
      </trkpt>
      <trkpt lat="9.493967" lon="-79.646604">
        <time>2026-08-08T18:07:57Z</time>
      </trkpt>
      <trkpt lat="9.493955" lon="-79.646600">
        <time>2026-08-08T18:08:05Z</time>
      </trkpt>
      <trkpt lat="9.493945" lon="-79.646597">
        <time>2026-08-08T18:08:08Z</time>
      </trkpt>
      <trkpt lat="9.493933" lon="-79.646590">
        <time>2026-08-08T18:08:11Z</time>
      </trkpt>
      <trkpt lat="9.493904" lon="-79.646589">
        <time>2026-08-08T18:08:15Z</time>
      </trkpt>
      <trkpt lat="9.493855" lon="-79.646585">
        <time>2026-08-08T18:08:22Z</time>
      </trkpt>
      <trkpt lat="9.493838" lon="-79.646580">
        <time>2026-08-08T18:08:24Z</time>
      </trkpt>
      <trkpt lat="9.493829" lon="-79.646581">
        <time>2026-08-08T18:08:25Z</time>
      </trkpt>
      <trkpt lat="9.493824" lon="-79.646579">
        <time>2026-08-08T18:08:27Z</time>
      </trkpt>
      <trkpt lat="9.493819" lon="-79.646581">
        <time>2026-08-08T18:08:29Z</time>
      </trkpt>
      <trkpt lat="9.493807" lon="-79.646581">
        <time>2026-08-08T18:08:31Z</time>
      </trkpt>
      <trkpt lat="9.493814" lon="-79.646577">
        <time>2026-08-08T18:08:33Z</time>
      </trkpt>
      <trkpt lat="9.493825" lon="-79.646570">
        <time>2026-08-08T18:08:36Z</time>
      </trkpt>
      <trkpt lat="9.493818" lon="-79.646579">
        <time>2026-08-08T18:08:39Z</time>
      </trkpt>
      <trkpt lat="9.493816" lon="-79.646578">
        <time>2026-08-08T18:08:40Z</time>
      </trkpt>
      <trkpt lat="9.493818" lon="-79.646578">
        <time>2026-08-08T18:08:41Z</time>
      </trkpt>
      <trkpt lat="9.493822" lon="-79.646576">
        <time>2026-08-08T18:08:43Z</time>
      </trkpt>
      <trkpt lat="9.493824" lon="-79.646569">
        <time>2026-08-08T18:08:46Z</time>
      </trkpt>
      <trkpt lat="9.493814" lon="-79.646569">
        <time>2026-08-08T18:08:49Z</time>
      </trkpt>
      <trkpt lat="9.493814" lon="-79.646567">
        <time>2026-08-08T18:08:57Z</time>
      </trkpt>
      <trkpt lat="9.493808" lon="-79.646578">
        <time>2026-08-08T18:09:00Z</time>
      </trkpt>
      <trkpt lat="9.493814" lon="-79.646585">
        <time>2026-08-08T18:09:04Z</time>
      </trkpt>
      <trkpt lat="9.493810" lon="-79.646591">
        <time>2026-08-08T18:09:09Z</time>
      </trkpt>
      <trkpt lat="9.493811" lon="-79.646594">
        <time>2026-08-08T18:09:11Z</time>
      </trkpt>
      <trkpt lat="9.493809" lon="-79.646595">
        <time>2026-08-08T18:09:12Z</time>
      </trkpt>
      <trkpt lat="9.493802" lon="-79.646594">
        <time>2026-08-08T18:09:14Z</time>
      </trkpt>
      <trkpt lat="9.493790" lon="-79.646593">
        <time>2026-08-08T18:09:20Z</time>
      </trkpt>
      <trkpt lat="9.493786" lon="-79.646590">
        <time>2026-08-08T18:09:21Z</time>
      </trkpt>
      <trkpt lat="9.493781" lon="-79.646589">
        <time>2026-08-08T18:09:23Z</time>
      </trkpt>
      <trkpt lat="9.493774" lon="-79.646586">
        <time>2026-08-08T18:09:25Z</time>
      </trkpt>
      <trkpt lat="9.493766" lon="-79.646588">
        <time>2026-08-08T18:09:29Z</time>
      </trkpt>
      <trkpt lat="9.493750" lon="-79.646597">
        <time>2026-08-08T18:09:33Z</time>
      </trkpt>
      <trkpt lat="9.493746" lon="-79.646602">
        <time>2026-08-08T18:09:35Z</time>
      </trkpt>
      <trkpt lat="9.493741" lon="-79.646609">
        <time>2026-08-08T18:09:41Z</time>
      </trkpt>
      <trkpt lat="9.493762" lon="-79.646600">
        <time>2026-08-08T18:09:45Z</time>
      </trkpt>
      <trkpt lat="9.493788" lon="-79.646596">
        <time>2026-08-08T18:09:51Z</time>
      </trkpt>
      <trkpt lat="9.493801" lon="-79.646583">
        <time>2026-08-08T18:09:56Z</time>
      </trkpt>
      <trkpt lat="9.493797" lon="-79.646591">
        <time>2026-08-08T18:09:58Z</time>
      </trkpt>
      <trkpt lat="9.493789" lon="-79.646597">
        <time>2026-08-08T18:10:00Z</time>
      </trkpt>
      <trkpt lat="9.493762" lon="-79.646617">
        <time>2026-08-08T18:10:06Z</time>
      </trkpt>
      <trkpt lat="9.493769" lon="-79.646616">
        <time>2026-08-08T18:10:12Z</time>
      </trkpt>
      <trkpt lat="9.493766" lon="-79.646614">
        <time>2026-08-08T18:10:15Z</time>
      </trkpt>
      <trkpt lat="9.493749" lon="-79.646608">
        <time>2026-08-08T18:10:19Z</time>
      </trkpt>
      <trkpt lat="9.493708" lon="-79.646637">
        <time>2026-08-08T18:10:26Z</time>
      </trkpt>
      <trkpt lat="9.493704" lon="-79.646641">
        <time>2026-08-08T18:10:32Z</time>
      </trkpt>
      <trkpt lat="9.493707" lon="-79.646642">
        <time>2026-08-08T18:10:33Z</time>
      </trkpt>
      <trkpt lat="9.493720" lon="-79.646615">
        <time>2026-08-08T18:10:38Z</time>
      </trkpt>
      <trkpt lat="9.493729" lon="-79.646616">
        <time>2026-08-08T18:10:39Z</time>
      </trkpt>
      <trkpt lat="9.493739" lon="-79.646607">
        <time>2026-08-08T18:10:41Z</time>
      </trkpt>
      <trkpt lat="9.493743" lon="-79.646610">
        <time>2026-08-08T18:10:42Z</time>
      </trkpt>
      <trkpt lat="9.493748" lon="-79.646615">
        <time>2026-08-08T18:10:44Z</time>
      </trkpt>
      <trkpt lat="9.493746" lon="-79.646626">
        <time>2026-08-08T18:10:46Z</time>
      </trkpt>
      <trkpt lat="9.493747" lon="-79.646635">
        <time>2026-08-08T18:10:54Z</time>
      </trkpt>
      <trkpt lat="9.493767" lon="-79.646637">
        <time>2026-08-08T18:11:00Z</time>
      </trkpt>
      <trkpt lat="9.493771" lon="-79.646628">
        <time>2026-08-08T18:11:02Z</time>
      </trkpt>
      <trkpt lat="9.493775" lon="-79.646613">
        <time>2026-08-08T18:11:04Z</time>
      </trkpt>
      <trkpt lat="9.493776" lon="-79.646615">
        <time>2026-08-08T18:11:06Z</time>
      </trkpt>
      <trkpt lat="9.493784" lon="-79.646611">
        <time>2026-08-08T18:11:08Z</time>
      </trkpt>
      <trkpt lat="9.493801" lon="-79.646606">
        <time>2026-08-08T18:11:11Z</time>
      </trkpt>
      <trkpt lat="9.493799" lon="-79.646611">
        <time>2026-08-08T18:11:16Z</time>
      </trkpt>
      <trkpt lat="9.493782" lon="-79.646613">
        <time>2026-08-08T18:11:19Z</time>
      </trkpt>
      <trkpt lat="9.493777" lon="-79.646609">
        <time>2026-08-08T18:11:20Z</time>
      </trkpt>
      <trkpt lat="9.493786" lon="-79.646580">
        <time>2026-08-08T18:11:25Z</time>
      </trkpt>
      <trkpt lat="9.493786" lon="-79.646581">
        <time>2026-08-08T18:11:26Z</time>
      </trkpt>
      <trkpt lat="9.493786" lon="-79.646577">
        <time>2026-08-08T18:11:27Z</time>
      </trkpt>
      <trkpt lat="9.493787" lon="-79.646569">
        <time>2026-08-08T18:11:29Z</time>
      </trkpt>
      <trkpt lat="9.493786" lon="-79.646565">
        <time>2026-08-08T18:11:30Z</time>
      </trkpt>
      <trkpt lat="9.493795" lon="-79.646573">
        <time>2026-08-08T18:11:33Z</time>
      </trkpt>
      <trkpt lat="9.493806" lon="-79.646580">
        <time>2026-08-08T18:11:35Z</time>
      </trkpt>
      <trkpt lat="9.493818" lon="-79.646584">
        <time>2026-08-08T18:11:41Z</time>
      </trkpt>
      <trkpt lat="9.493816" lon="-79.646577">
        <time>2026-08-08T18:11:42Z</time>
      </trkpt>
      <trkpt lat="9.493812" lon="-79.646576">
        <time>2026-08-08T18:11:43Z</time>
      </trkpt>
      <trkpt lat="9.493801" lon="-79.646563">
        <time>2026-08-08T18:11:45Z</time>
      </trkpt>
      <trkpt lat="9.493797" lon="-79.646558">
        <time>2026-08-08T18:11:49Z</time>
      </trkpt>
      <trkpt lat="9.493775" lon="-79.646557">
        <time>2026-08-08T18:11:54Z</time>
      </trkpt>
      <trkpt lat="9.493766" lon="-79.646557">
        <time>2026-08-08T18:12:03Z</time>
      </trkpt>
      <trkpt lat="9.493768" lon="-79.646557">
        <time>2026-08-08T18:12:05Z</time>
      </trkpt>
      <trkpt lat="9.493767" lon="-79.646558">
        <time>2026-08-08T18:12:06Z</time>
      </trkpt>
      <trkpt lat="9.493770" lon="-79.646539">
        <time>2026-08-08T18:12:10Z</time>
      </trkpt>
      <trkpt lat="9.493775" lon="-79.646536">
        <time>2026-08-08T18:12:16Z</time>
      </trkpt>
      <trkpt lat="9.493778" lon="-79.646548">
        <time>2026-08-08T18:12:18Z</time>
      </trkpt>
      <trkpt lat="9.493779" lon="-79.646544">
        <time>2026-08-08T18:12:19Z</time>
      </trkpt>
      <trkpt lat="9.493781" lon="-79.646548">
        <time>2026-08-08T18:12:21Z</time>
      </trkpt>
      <trkpt lat="9.493785" lon="-79.646554">
        <time>2026-08-08T18:12:24Z</time>
      </trkpt>
      <trkpt lat="9.493786" lon="-79.646558">
        <time>2026-08-08T18:12:25Z</time>
      </trkpt>
      <trkpt lat="9.493788" lon="-79.646581">
        <time>2026-08-08T18:12:27Z</time>
      </trkpt>
      <trkpt lat="9.493787" lon="-79.646596">
        <time>2026-08-08T18:12:29Z</time>
      </trkpt>
      <trkpt lat="9.493787" lon="-79.646599">
        <time>2026-08-08T18:12:30Z</time>
      </trkpt>
      <trkpt lat="9.493786" lon="-79.646603">
        <time>2026-08-08T18:12:31Z</time>
      </trkpt>
      <trkpt lat="9.493785" lon="-79.646567">
        <time>2026-08-08T18:12:34Z</time>
      </trkpt>
      <trkpt lat="9.493797" lon="-79.646548">
        <time>2026-08-08T18:12:44Z</time>
      </trkpt>
      <trkpt lat="9.493800" lon="-79.646548">
        <time>2026-08-08T18:12:45Z</time>
      </trkpt>
      <trkpt lat="9.493819" lon="-79.646537">
        <time>2026-08-08T18:12:49Z</time>
      </trkpt>
      <trkpt lat="9.493819" lon="-79.646528">
        <time>2026-08-08T18:12:50Z</time>
      </trkpt>
      <trkpt lat="9.493817" lon="-79.646520">
        <time>2026-08-08T18:12:53Z</time>
      </trkpt>
      <trkpt lat="9.493815" lon="-79.646527">
        <time>2026-08-08T18:12:56Z</time>
      </trkpt>
      <trkpt lat="9.493811" lon="-79.646528">
        <time>2026-08-08T18:12:59Z</time>
      </trkpt>
      <trkpt lat="9.493809" lon="-79.646529">
        <time>2026-08-08T18:13:02Z</time>
      </trkpt>
      <trkpt lat="9.493797" lon="-79.646532">
        <time>2026-08-08T18:13:06Z</time>
      </trkpt>
      <trkpt lat="9.493800" lon="-79.646524">
        <time>2026-08-08T18:13:08Z</time>
      </trkpt>
      <trkpt lat="9.493800" lon="-79.646524">
        <time>2026-08-08T18:13:09Z</time>
      </trkpt>
      <trkpt lat="9.493799" lon="-79.646524">
        <time>2026-08-08T18:13:10Z</time>
      </trkpt>
      <trkpt lat="9.493799" lon="-79.646524">
        <time>2026-08-08T18:13:12Z</time>
      </trkpt>
      <trkpt lat="9.493797" lon="-79.646517">
        <time>2026-08-08T18:13:14Z</time>
      </trkpt>
      <trkpt lat="9.493794" lon="-79.646507">
        <time>2026-08-08T18:13:15Z</time>
      </trkpt>
      <trkpt lat="9.493790" lon="-79.646501">
        <time>2026-08-08T18:13:17Z</time>
      </trkpt>
      <trkpt lat="9.493786" lon="-79.646489">
        <time>2026-08-08T18:13:19Z</time>
      </trkpt>
      <trkpt lat="9.493792" lon="-79.646475">
        <time>2026-08-08T18:13:25Z</time>
      </trkpt>
      <trkpt lat="9.493793" lon="-79.646470">
        <time>2026-08-08T18:13:26Z</time>
      </trkpt>
      <trkpt lat="9.493807" lon="-79.646402">
        <time>2026-08-08T18:13:34Z</time>
      </trkpt>
      <trkpt lat="9.493803" lon="-79.646385">
        <time>2026-08-08T18:13:36Z</time>
      </trkpt>
      <trkpt lat="9.493777" lon="-79.646363">
        <time>2026-08-08T18:13:42Z</time>
      </trkpt>
      <trkpt lat="9.493769" lon="-79.646357">
        <time>2026-08-08T18:13:43Z</time>
      </trkpt>
      <trkpt lat="9.493742" lon="-79.646346">
        <time>2026-08-08T18:13:46Z</time>
      </trkpt>
      <trkpt lat="9.493737" lon="-79.646345">
        <time>2026-08-08T18:13:47Z</time>
      </trkpt>
      <trkpt lat="9.493708" lon="-79.646342">
        <time>2026-08-08T18:13:55Z</time>
      </trkpt>
      <trkpt lat="9.493708" lon="-79.646340">
        <time>2026-08-08T18:14:02Z</time>
      </trkpt>
      <trkpt lat="9.493693" lon="-79.646329">
        <time>2026-08-08T18:14:07Z</time>
      </trkpt>
      <trkpt lat="9.493684" lon="-79.646322">
        <time>2026-08-08T18:14:09Z</time>
      </trkpt>
      <trkpt lat="9.493671" lon="-79.646320">
        <time>2026-08-08T18:14:11Z</time>
      </trkpt>
      <trkpt lat="9.493661" lon="-79.646326">
        <time>2026-08-08T18:14:15Z</time>
      </trkpt>
      <trkpt lat="9.493640" lon="-79.646318">
        <time>2026-08-08T18:14:21Z</time>
      </trkpt>
      <trkpt lat="9.493620" lon="-79.646306">
        <time>2026-08-08T18:14:25Z</time>
      </trkpt>
      <trkpt lat="9.493612" lon="-79.646293">
        <time>2026-08-08T18:14:28Z</time>
      </trkpt>
      <trkpt lat="9.493614" lon="-79.646279">
        <time>2026-08-08T18:14:31Z</time>
      </trkpt>
      <trkpt lat="9.493615" lon="-79.646275">
        <time>2026-08-08T18:14:32Z</time>
      </trkpt>
      <trkpt lat="9.493610" lon="-79.646249">
        <time>2026-08-08T18:14:38Z</time>
      </trkpt>
      <trkpt lat="9.493607" lon="-79.646247">
        <time>2026-08-08T18:14:39Z</time>
      </trkpt>
      <trkpt lat="9.493591" lon="-79.646225">
        <time>2026-08-08T18:14:44Z</time>
      </trkpt>
      <trkpt lat="9.493586" lon="-79.646222">
        <time>2026-08-08T18:14:47Z</time>
      </trkpt>
      <trkpt lat="9.493579" lon="-79.646220">
        <time>2026-08-08T18:14:49Z</time>
      </trkpt>
      <trkpt lat="9.493582" lon="-79.646208">
        <time>2026-08-08T18:14:52Z</time>
      </trkpt>
      <trkpt lat="9.493598" lon="-79.646170">
        <time>2026-08-08T18:14:59Z</time>
      </trkpt>
      <trkpt lat="9.493560" lon="-79.646103">
        <time>2026-08-08T18:15:06Z</time>
      </trkpt>
      <trkpt lat="9.493531" lon="-79.646079">
        <time>2026-08-08T18:15:12Z</time>
      </trkpt>
      <trkpt lat="9.493528" lon="-79.646083">
        <time>2026-08-08T18:15:14Z</time>
      </trkpt>
      <trkpt lat="9.493531" lon="-79.646073">
        <time>2026-08-08T18:15:16Z</time>
      </trkpt>
      <trkpt lat="9.493507" lon="-79.646066">
        <time>2026-08-08T18:15:19Z</time>
      </trkpt>
      <trkpt lat="9.493491" lon="-79.646067">
        <time>2026-08-08T18:15:23Z</time>
      </trkpt>
      <trkpt lat="9.493472" lon="-79.646059">
        <time>2026-08-08T18:15:27Z</time>
      </trkpt>
      <trkpt lat="9.493461" lon="-79.646051">
        <time>2026-08-08T18:15:29Z</time>
      </trkpt>
      <trkpt lat="9.493431" lon="-79.646034">
        <time>2026-08-08T18:15:34Z</time>
      </trkpt>
      <trkpt lat="9.493433" lon="-79.646029">
        <time>2026-08-08T18:15:36Z</time>
      </trkpt>
      <trkpt lat="9.493421" lon="-79.646008">
        <time>2026-08-08T18:15:40Z</time>
      </trkpt>
      <trkpt lat="9.493414" lon="-79.645988">
        <time>2026-08-08T18:15:45Z</time>
      </trkpt>
      <trkpt lat="9.493376" lon="-79.645992">
        <time>2026-08-08T18:15:51Z</time>
      </trkpt>
      <trkpt lat="9.493361" lon="-79.645996">
        <time>2026-08-08T18:15:54Z</time>
      </trkpt>
      <trkpt lat="9.493356" lon="-79.645995">
        <time>2026-08-08T18:15:56Z</time>
      </trkpt>
      <trkpt lat="9.493358" lon="-79.645992">
        <time>2026-08-08T18:15:57Z</time>
      </trkpt>
      <trkpt lat="9.493356" lon="-79.645974">
        <time>2026-08-08T18:16:01Z</time>
      </trkpt>
      <trkpt lat="9.493351" lon="-79.645971">
        <time>2026-08-08T18:16:03Z</time>
      </trkpt>
      <trkpt lat="9.493343" lon="-79.645969">
        <time>2026-08-08T18:16:07Z</time>
      </trkpt>
      <trkpt lat="9.493335" lon="-79.645964">
        <time>2026-08-08T18:16:09Z</time>
      </trkpt>
      <trkpt lat="9.493322" lon="-79.645961">
        <time>2026-08-08T18:16:15Z</time>
      </trkpt>
      <trkpt lat="9.493331" lon="-79.645962">
        <time>2026-08-08T18:16:17Z</time>
      </trkpt>
      <trkpt lat="9.493330" lon="-79.645963">
        <time>2026-08-08T18:16:19Z</time>
      </trkpt>
      <trkpt lat="9.493338" lon="-79.645966">
        <time>2026-08-08T18:16:21Z</time>
      </trkpt>
      <trkpt lat="9.493329" lon="-79.645961">
        <time>2026-08-08T18:16:24Z</time>
      </trkpt>
      <trkpt lat="9.493317" lon="-79.645949">
        <time>2026-08-08T18:16:28Z</time>
      </trkpt>
      <trkpt lat="9.493309" lon="-79.645917">
        <time>2026-08-08T18:16:32Z</time>
      </trkpt>
      <trkpt lat="9.493311" lon="-79.645916">
        <time>2026-08-08T18:16:33Z</time>
      </trkpt>
      <trkpt lat="9.493308" lon="-79.645908">
        <time>2026-08-08T18:16:36Z</time>
      </trkpt>
      <trkpt lat="9.493298" lon="-79.645915">
        <time>2026-08-08T18:16:38Z</time>
      </trkpt>
      <trkpt lat="9.493293" lon="-79.645910">
        <time>2026-08-08T18:16:40Z</time>
      </trkpt>
      <trkpt lat="9.493285" lon="-79.645899">
        <time>2026-08-08T18:16:44Z</time>
      </trkpt>
      <trkpt lat="9.493281" lon="-79.645897">
        <time>2026-08-08T18:16:45Z</time>
      </trkpt>
      <trkpt lat="9.493275" lon="-79.645896">
        <time>2026-08-08T18:16:46Z</time>
      </trkpt>
      <trkpt lat="9.493259" lon="-79.645882">
        <time>2026-08-08T18:16:51Z</time>
      </trkpt>
      <trkpt lat="9.493256" lon="-79.645868">
        <time>2026-08-08T18:16:53Z</time>
      </trkpt>
      <trkpt lat="9.493254" lon="-79.645845">
        <time>2026-08-08T18:16:56Z</time>
      </trkpt>
      <trkpt lat="9.493258" lon="-79.645835">
        <time>2026-08-08T18:16:58Z</time>
      </trkpt>
      <trkpt lat="9.493252" lon="-79.645831">
        <time>2026-08-08T18:17:00Z</time>
      </trkpt>
      <trkpt lat="9.493231" lon="-79.645825">
        <time>2026-08-08T18:17:04Z</time>
      </trkpt>
      <trkpt lat="9.493190" lon="-79.645806">
        <time>2026-08-08T18:17:09Z</time>
      </trkpt>
      <trkpt lat="9.493179" lon="-79.645787">
        <time>2026-08-08T18:17:14Z</time>
      </trkpt>
      <trkpt lat="9.493180" lon="-79.645781">
        <time>2026-08-08T18:17:15Z</time>
      </trkpt>
      <trkpt lat="9.493176" lon="-79.645732">
        <time>2026-08-08T18:17:20Z</time>
      </trkpt>
      <trkpt lat="9.493170" lon="-79.645713">
        <time>2026-08-08T18:17:22Z</time>
      </trkpt>
      <trkpt lat="9.493157" lon="-79.645676">
        <time>2026-08-08T18:17:29Z</time>
      </trkpt>
      <trkpt lat="9.493148" lon="-79.645674">
        <time>2026-08-08T18:17:31Z</time>
      </trkpt>
      <trkpt lat="9.493134" lon="-79.645660">
        <time>2026-08-08T18:17:35Z</time>
      </trkpt>
      <trkpt lat="9.493104" lon="-79.645653">
        <time>2026-08-08T18:17:40Z</time>
      </trkpt>
      <trkpt lat="9.493080" lon="-79.645644">
        <time>2026-08-08T18:17:43Z</time>
      </trkpt>
      <trkpt lat="9.493061" lon="-79.645619">
        <time>2026-08-08T18:17:49Z</time>
      </trkpt>
      <trkpt lat="9.493062" lon="-79.645572">
        <time>2026-08-08T18:17:55Z</time>
      </trkpt>
      <trkpt lat="9.493067" lon="-79.645561">
        <time>2026-08-08T18:17:58Z</time>
      </trkpt>
      <trkpt lat="9.493085" lon="-79.645554">
        <time>2026-08-08T18:18:02Z</time>
      </trkpt>
      <trkpt lat="9.493105" lon="-79.645526">
        <time>2026-08-08T18:18:08Z</time>
      </trkpt>
      <trkpt lat="9.493115" lon="-79.645504">
        <time>2026-08-08T18:18:15Z</time>
      </trkpt>
      <trkpt lat="9.493151" lon="-79.645506">
        <time>2026-08-08T18:18:22Z</time>
      </trkpt>
      <trkpt lat="9.493151" lon="-79.645502">
        <time>2026-08-08T18:18:23Z</time>
      </trkpt>
      <trkpt lat="9.493155" lon="-79.645494">
        <time>2026-08-08T18:18:25Z</time>
      </trkpt>
      <trkpt lat="9.493156" lon="-79.645485">
        <time>2026-08-08T18:18:27Z</time>
      </trkpt>
      <trkpt lat="9.493162" lon="-79.645477">
        <time>2026-08-08T18:18:29Z</time>
      </trkpt>
      <trkpt lat="9.493148" lon="-79.645472">
        <time>2026-08-08T18:18:32Z</time>
      </trkpt>
      <trkpt lat="9.493138" lon="-79.645461">
        <time>2026-08-08T18:18:35Z</time>
      </trkpt>
      <trkpt lat="9.493151" lon="-79.645437">
        <time>2026-08-08T18:18:38Z</time>
      </trkpt>
      <trkpt lat="9.493149" lon="-79.645429">
        <time>2026-08-08T18:18:40Z</time>
      </trkpt>
      <trkpt lat="9.493147" lon="-79.645416">
        <time>2026-08-08T18:18:46Z</time>
      </trkpt>
      <trkpt lat="9.493146" lon="-79.645410">
        <time>2026-08-08T18:18:47Z</time>
      </trkpt>
      <trkpt lat="9.493145" lon="-79.645382">
        <time>2026-08-08T18:18:52Z</time>
      </trkpt>
      <trkpt lat="9.493140" lon="-79.645382">
        <time>2026-08-08T18:18:53Z</time>
      </trkpt>
      <trkpt lat="9.493127" lon="-79.645362">
        <time>2026-08-08T18:18:56Z</time>
      </trkpt>
      <trkpt lat="9.493112" lon="-79.645334">
        <time>2026-08-08T18:18:59Z</time>
      </trkpt>
      <trkpt lat="9.493095" lon="-79.645286">
        <time>2026-08-08T18:19:06Z</time>
      </trkpt>
      <trkpt lat="9.493070" lon="-79.645266">
        <time>2026-08-08T18:19:13Z</time>
      </trkpt>
      <trkpt lat="9.493044" lon="-79.645251">
        <time>2026-08-08T18:19:19Z</time>
      </trkpt>
      <trkpt lat="9.493038" lon="-79.645250">
        <time>2026-08-08T18:19:20Z</time>
      </trkpt>
      <trkpt lat="9.493026" lon="-79.645245">
        <time>2026-08-08T18:19:22Z</time>
      </trkpt>
      <trkpt lat="9.493016" lon="-79.645240">
        <time>2026-08-08T18:19:24Z</time>
      </trkpt>
      <trkpt lat="9.493006" lon="-79.645233">
        <time>2026-08-08T18:19:26Z</time>
      </trkpt>
      <trkpt lat="9.492994" lon="-79.645228">
        <time>2026-08-08T18:19:28Z</time>
      </trkpt>
      <trkpt lat="9.492945" lon="-79.645223">
        <time>2026-08-08T18:19:34Z</time>
      </trkpt>
      <trkpt lat="9.492916" lon="-79.645222">
        <time>2026-08-08T18:19:39Z</time>
      </trkpt>
      <trkpt lat="9.492898" lon="-79.645220">
        <time>2026-08-08T18:19:41Z</time>
      </trkpt>
      <trkpt lat="9.492891" lon="-79.645219">
        <time>2026-08-08T18:19:42Z</time>
      </trkpt>
      <trkpt lat="9.492841" lon="-79.645169">
        <time>2026-08-08T18:19:49Z</time>
      </trkpt>
      <trkpt lat="9.492837" lon="-79.645165">
        <time>2026-08-08T18:19:50Z</time>
      </trkpt>
      <trkpt lat="9.492823" lon="-79.645149">
        <time>2026-08-08T18:19:55Z</time>
      </trkpt>
      <trkpt lat="9.492812" lon="-79.645145">
        <time>2026-08-08T18:20:01Z</time>
      </trkpt>
      <trkpt lat="9.492802" lon="-79.645149">
        <time>2026-08-08T18:20:03Z</time>
      </trkpt>
      <trkpt lat="9.492772" lon="-79.645111">
        <time>2026-08-08T18:20:10Z</time>
      </trkpt>
      <trkpt lat="9.492753" lon="-79.645089">
        <time>2026-08-08T18:20:14Z</time>
      </trkpt>
      <trkpt lat="9.492714" lon="-79.645057">
        <time>2026-08-08T18:20:19Z</time>
      </trkpt>
      <trkpt lat="9.492686" lon="-79.645036">
        <time>2026-08-08T18:20:23Z</time>
      </trkpt>
      <trkpt lat="9.492647" lon="-79.645032">
        <time>2026-08-08T18:20:28Z</time>
      </trkpt>
      <trkpt lat="9.492622" lon="-79.645050">
        <time>2026-08-08T18:20:34Z</time>
      </trkpt>
      <trkpt lat="9.492602" lon="-79.645061">
        <time>2026-08-08T18:20:37Z</time>
      </trkpt>
      <trkpt lat="9.492589" lon="-79.645065">
        <time>2026-08-08T18:20:40Z</time>
      </trkpt>
      <trkpt lat="9.492558" lon="-79.645069">
        <time>2026-08-08T18:20:45Z</time>
      </trkpt>
      <trkpt lat="9.492544" lon="-79.645076">
        <time>2026-08-08T18:20:47Z</time>
      </trkpt>
      <trkpt lat="9.492486" lon="-79.645082">
        <time>2026-08-08T18:20:52Z</time>
      </trkpt>
      <trkpt lat="9.492449" lon="-79.645093">
        <time>2026-08-08T18:20:56Z</time>
      </trkpt>
      <trkpt lat="9.492425" lon="-79.645106">
        <time>2026-08-08T18:20:59Z</time>
      </trkpt>
      <trkpt lat="9.492417" lon="-79.645110">
        <time>2026-08-08T18:21:00Z</time>
      </trkpt>
      <trkpt lat="9.492366" lon="-79.645110">
        <time>2026-08-08T18:21:08Z</time>
      </trkpt>
      <trkpt lat="9.492356" lon="-79.645067">
        <time>2026-08-08T18:21:14Z</time>
      </trkpt>
      <trkpt lat="9.492348" lon="-79.645063">
        <time>2026-08-08T18:21:15Z</time>
      </trkpt>
      <trkpt lat="9.492250" lon="-79.645033">
        <time>2026-08-08T18:21:24Z</time>
      </trkpt>
      <trkpt lat="9.492201" lon="-79.645034">
        <time>2026-08-08T18:21:31Z</time>
      </trkpt>
      <trkpt lat="9.492156" lon="-79.645036">
        <time>2026-08-08T18:21:35Z</time>
      </trkpt>
      <trkpt lat="9.492131" lon="-79.645053">
        <time>2026-08-08T18:21:37Z</time>
      </trkpt>
      <trkpt lat="9.492126" lon="-79.645075">
        <time>2026-08-08T18:21:39Z</time>
      </trkpt>
      <trkpt lat="9.492117" lon="-79.645117">
        <time>2026-08-08T18:21:46Z</time>
      </trkpt>
      <trkpt lat="9.492092" lon="-79.645139">
        <time>2026-08-08T18:21:50Z</time>
      </trkpt>
      <trkpt lat="9.492089" lon="-79.645147">
        <time>2026-08-08T18:21:52Z</time>
      </trkpt>
      <trkpt lat="9.492088" lon="-79.645149">
        <time>2026-08-08T18:21:53Z</time>
      </trkpt>
      <trkpt lat="9.492075" lon="-79.645144">
        <time>2026-08-08T18:21:59Z</time>
      </trkpt>
      <trkpt lat="9.492029" lon="-79.645174">
        <time>2026-08-08T18:22:03Z</time>
      </trkpt>
      <trkpt lat="9.492021" lon="-79.645179">
        <time>2026-08-08T18:22:05Z</time>
      </trkpt>
      <trkpt lat="9.492025" lon="-79.645182">
        <time>2026-08-08T18:22:08Z</time>
      </trkpt>
      <trkpt lat="9.492036" lon="-79.645189">
        <time>2026-08-08T18:22:11Z</time>
      </trkpt>
      <trkpt lat="9.492043" lon="-79.645212">
        <time>2026-08-08T18:22:14Z</time>
      </trkpt>
      <trkpt lat="9.492029" lon="-79.645226">
        <time>2026-08-08T18:22:18Z</time>
      </trkpt>
      <trkpt lat="9.492025" lon="-79.645246">
        <time>2026-08-08T18:22:22Z</time>
      </trkpt>
      <trkpt lat="9.492026" lon="-79.645243">
        <time>2026-08-08T18:22:24Z</time>
      </trkpt>
      <trkpt lat="9.492023" lon="-79.645254">
        <time>2026-08-08T18:22:27Z</time>
      </trkpt>
      <trkpt lat="9.492020" lon="-79.645253">
        <time>2026-08-08T18:22:28Z</time>
      </trkpt>
      <trkpt lat="9.492004" lon="-79.645289">
        <time>2026-08-08T18:22:33Z</time>
      </trkpt>
      <trkpt lat="9.491999" lon="-79.645298">
        <time>2026-08-08T18:22:35Z</time>
      </trkpt>
      <trkpt lat="9.491990" lon="-79.645300">
        <time>2026-08-08T18:22:37Z</time>
      </trkpt>
      <trkpt lat="9.491966" lon="-79.645315">
        <time>2026-08-08T18:22:42Z</time>
      </trkpt>
      <trkpt lat="9.491928" lon="-79.645337">
        <time>2026-08-08T18:22:48Z</time>
      </trkpt>
      <trkpt lat="9.491922" lon="-79.645337">
        <time>2026-08-08T18:22:50Z</time>
      </trkpt>
      <trkpt lat="9.491893" lon="-79.645331">
        <time>2026-08-08T18:22:54Z</time>
      </trkpt>
      <trkpt lat="9.491860" lon="-79.645337">
        <time>2026-08-08T18:23:00Z</time>
      </trkpt>
      <trkpt lat="9.491829" lon="-79.645353">
        <time>2026-08-08T18:23:06Z</time>
      </trkpt>
      <trkpt lat="9.491821" lon="-79.645359">
        <time>2026-08-08T18:23:07Z</time>
      </trkpt>
      <trkpt lat="9.491813" lon="-79.645375">
        <time>2026-08-08T18:23:10Z</time>
      </trkpt>
      <trkpt lat="9.491794" lon="-79.645385">
        <time>2026-08-08T18:23:13Z</time>
      </trkpt>
      <trkpt lat="9.491766" lon="-79.645406">
        <time>2026-08-08T18:23:19Z</time>
      </trkpt>
      <trkpt lat="9.491760" lon="-79.645401">
        <time>2026-08-08T18:23:21Z</time>
      </trkpt>
      <trkpt lat="9.491744" lon="-79.645420">
        <time>2026-08-08T18:23:25Z</time>
      </trkpt>
      <trkpt lat="9.491743" lon="-79.645420">
        <time>2026-08-08T18:23:27Z</time>
      </trkpt>
      <trkpt lat="9.491716" lon="-79.645406">
        <time>2026-08-08T18:23:30Z</time>
      </trkpt>
      <trkpt lat="9.491697" lon="-79.645418">
        <time>2026-08-08T18:23:35Z</time>
      </trkpt>
      <trkpt lat="9.491657" lon="-79.645425">
        <time>2026-08-08T18:23:39Z</time>
      </trkpt>
      <trkpt lat="9.491640" lon="-79.645435">
        <time>2026-08-08T18:23:41Z</time>
      </trkpt>
      <trkpt lat="9.491620" lon="-79.645439">
        <time>2026-08-08T18:23:44Z</time>
      </trkpt>
      <trkpt lat="9.491594" lon="-79.645452">
        <time>2026-08-08T18:23:48Z</time>
      </trkpt>
      <trkpt lat="9.491589" lon="-79.645453">
        <time>2026-08-08T18:23:49Z</time>
      </trkpt>
      <trkpt lat="9.491555" lon="-79.645461">
        <time>2026-08-08T18:23:56Z</time>
      </trkpt>
      <trkpt lat="9.491543" lon="-79.645466">
        <time>2026-08-08T18:23:58Z</time>
      </trkpt>
      <trkpt lat="9.491532" lon="-79.645454">
        <time>2026-08-08T18:24:07Z</time>
      </trkpt>
      <trkpt lat="9.491507" lon="-79.645452">
        <time>2026-08-08T18:24:17Z</time>
      </trkpt>
      <trkpt lat="9.491486" lon="-79.645465">
        <time>2026-08-08T18:24:20Z</time>
      </trkpt>
      <trkpt lat="9.491479" lon="-79.645464">
        <time>2026-08-08T18:24:23Z</time>
      </trkpt>
      <trkpt lat="9.491434" lon="-79.645464">
        <time>2026-08-08T18:24:32Z</time>
      </trkpt>
      <trkpt lat="9.491411" lon="-79.645463">
        <time>2026-08-08T18:24:36Z</time>
      </trkpt>
      <trkpt lat="9.491393" lon="-79.645443">
        <time>2026-08-08T18:24:39Z</time>
      </trkpt>
      <trkpt lat="9.491375" lon="-79.645437">
        <time>2026-08-08T18:24:42Z</time>
      </trkpt>
      <trkpt lat="9.491368" lon="-79.645436">
        <time>2026-08-08T18:24:43Z</time>
      </trkpt>
      <trkpt lat="9.491365" lon="-79.645437">
        <time>2026-08-08T18:24:44Z</time>
      </trkpt>
      <trkpt lat="9.491350" lon="-79.645441">
        <time>2026-08-08T18:24:47Z</time>
      </trkpt>
      <trkpt lat="9.491344" lon="-79.645447">
        <time>2026-08-08T18:24:49Z</time>
      </trkpt>
      <trkpt lat="9.491295" lon="-79.645459">
        <time>2026-08-08T18:24:58Z</time>
      </trkpt>
      <trkpt lat="9.491267" lon="-79.645461">
        <time>2026-08-08T18:25:04Z</time>
      </trkpt>
      <trkpt lat="9.491256" lon="-79.645450">
        <time>2026-08-08T18:25:07Z</time>
      </trkpt>
      <trkpt lat="9.491239" lon="-79.645439">
        <time>2026-08-08T18:25:09Z</time>
      </trkpt>
      <trkpt lat="9.491231" lon="-79.645428">
        <time>2026-08-08T18:25:10Z</time>
      </trkpt>
      <trkpt lat="9.491190" lon="-79.645446">
        <time>2026-08-08T18:25:15Z</time>
      </trkpt>
      <trkpt lat="9.491182" lon="-79.645452">
        <time>2026-08-08T18:25:16Z</time>
      </trkpt>
      <trkpt lat="9.491163" lon="-79.645461">
        <time>2026-08-08T18:25:18Z</time>
      </trkpt>
      <trkpt lat="9.491137" lon="-79.645491">
        <time>2026-08-08T18:25:24Z</time>
      </trkpt>
      <trkpt lat="9.491118" lon="-79.645501">
        <time>2026-08-08T18:25:27Z</time>
      </trkpt>
      <trkpt lat="9.491096" lon="-79.645528">
        <time>2026-08-08T18:25:30Z</time>
      </trkpt>
      <trkpt lat="9.491094" lon="-79.645532">
        <time>2026-08-08T18:25:31Z</time>
      </trkpt>
      <trkpt lat="9.491065" lon="-79.645573">
        <time>2026-08-08T18:25:39Z</time>
      </trkpt>
      <trkpt lat="9.491051" lon="-79.645554">
        <time>2026-08-08T18:25:44Z</time>
      </trkpt>
      <trkpt lat="9.491054" lon="-79.645553">
        <time>2026-08-08T18:25:45Z</time>
      </trkpt>
      <trkpt lat="9.491052" lon="-79.645549">
        <time>2026-08-08T18:25:46Z</time>
      </trkpt>
      <trkpt lat="9.491013" lon="-79.645508">
        <time>2026-08-08T18:25:52Z</time>
      </trkpt>
      <trkpt lat="9.490991" lon="-79.645503">
        <time>2026-08-08T18:25:54Z</time>
      </trkpt>
      <trkpt lat="9.490979" lon="-79.645501">
        <time>2026-08-08T18:25:55Z</time>
      </trkpt>
      <trkpt lat="9.490925" lon="-79.645496">
        <time>2026-08-08T18:26:02Z</time>
      </trkpt>
      <trkpt lat="9.490861" lon="-79.645533">
        <time>2026-08-08T18:26:09Z</time>
      </trkpt>
      <trkpt lat="9.490857" lon="-79.645537">
        <time>2026-08-08T18:26:10Z</time>
      </trkpt>
      <trkpt lat="9.490818" lon="-79.645575">
        <time>2026-08-08T18:26:18Z</time>
      </trkpt>
      <trkpt lat="9.490810" lon="-79.645585">
        <time>2026-08-08T18:26:21Z</time>
      </trkpt>
      <trkpt lat="9.490803" lon="-79.645599">
        <time>2026-08-08T18:26:24Z</time>
      </trkpt>
      <trkpt lat="9.490791" lon="-79.645605">
        <time>2026-08-08T18:26:26Z</time>
      </trkpt>
      <trkpt lat="9.490788" lon="-79.645607">
        <time>2026-08-08T18:26:27Z</time>
      </trkpt>
      <trkpt lat="9.490781" lon="-79.645607">
        <time>2026-08-08T18:26:32Z</time>
      </trkpt>
      <trkpt lat="9.490769" lon="-79.645614">
        <time>2026-08-08T18:26:34Z</time>
      </trkpt>
      <trkpt lat="9.490730" lon="-79.645650">
        <time>2026-08-08T18:26:41Z</time>
      </trkpt>
      <trkpt lat="9.490725" lon="-79.645655">
        <time>2026-08-08T18:26:42Z</time>
      </trkpt>
      <trkpt lat="9.490720" lon="-79.645658">
        <time>2026-08-08T18:26:43Z</time>
      </trkpt>
      <trkpt lat="9.490694" lon="-79.645677">
        <time>2026-08-08T18:26:47Z</time>
      </trkpt>
      <trkpt lat="9.490675" lon="-79.645701">
        <time>2026-08-08T18:26:50Z</time>
      </trkpt>
      <trkpt lat="9.490667" lon="-79.645712">
        <time>2026-08-08T18:26:51Z</time>
      </trkpt>
      <trkpt lat="9.490619" lon="-79.645782">
        <time>2026-08-08T18:26:59Z</time>
      </trkpt>
      <trkpt lat="9.490613" lon="-79.645801">
        <time>2026-08-08T18:27:02Z</time>
      </trkpt>
      <trkpt lat="9.490603" lon="-79.645826">
        <time>2026-08-08T18:27:10Z</time>
      </trkpt>
      <trkpt lat="9.490596" lon="-79.645829">
        <time>2026-08-08T18:27:12Z</time>
      </trkpt>
      <trkpt lat="9.490591" lon="-79.645842">
        <time>2026-08-08T18:27:17Z</time>
      </trkpt>
      <trkpt lat="9.490592" lon="-79.645850">
        <time>2026-08-08T18:27:19Z</time>
      </trkpt>
      <trkpt lat="9.490576" lon="-79.645892">
        <time>2026-08-08T18:27:28Z</time>
      </trkpt>
      <trkpt lat="9.490575" lon="-79.645890">
        <time>2026-08-08T18:27:29Z</time>
      </trkpt>
      <trkpt lat="9.490540" lon="-79.645918">
        <time>2026-08-08T18:27:36Z</time>
      </trkpt>
      <trkpt lat="9.490519" lon="-79.645958">
        <time>2026-08-08T18:27:43Z</time>
      </trkpt>
      <trkpt lat="9.490477" lon="-79.645997">
        <time>2026-08-08T18:27:50Z</time>
      </trkpt>
      <trkpt lat="9.490438" lon="-79.646044">
        <time>2026-08-08T18:27:58Z</time>
      </trkpt>
      <trkpt lat="9.490422" lon="-79.646046">
        <time>2026-08-08T18:28:02Z</time>
      </trkpt>
      <trkpt lat="9.490395" lon="-79.646051">
        <time>2026-08-08T18:28:08Z</time>
      </trkpt>
      <trkpt lat="9.490354" lon="-79.646076">
        <time>2026-08-08T18:28:15Z</time>
      </trkpt>
      <trkpt lat="9.490336" lon="-79.646100">
        <time>2026-08-08T18:28:20Z</time>
      </trkpt>
      <trkpt lat="9.490334" lon="-79.646113">
        <time>2026-08-08T18:28:22Z</time>
      </trkpt>
      <trkpt lat="9.490324" lon="-79.646111">
        <time>2026-08-08T18:28:27Z</time>
      </trkpt>
      <trkpt lat="9.490300" lon="-79.646102">
        <time>2026-08-08T18:28:33Z</time>
      </trkpt>
      <trkpt lat="9.490296" lon="-79.646101">
        <time>2026-08-08T18:28:35Z</time>
      </trkpt>
      <trkpt lat="9.490289" lon="-79.646104">
        <time>2026-08-08T18:28:38Z</time>
      </trkpt>
      <trkpt lat="9.490277" lon="-79.646113">
        <time>2026-08-08T18:28:41Z</time>
      </trkpt>
      <trkpt lat="9.490268" lon="-79.646123">
        <time>2026-08-08T18:28:43Z</time>
      </trkpt>
      <trkpt lat="9.490253" lon="-79.646128">
        <time>2026-08-08T18:28:46Z</time>
      </trkpt>
      <trkpt lat="9.490244" lon="-79.646124">
        <time>2026-08-08T18:28:47Z</time>
      </trkpt>
      <trkpt lat="9.490237" lon="-79.646112">
        <time>2026-08-08T18:28:49Z</time>
      </trkpt>
      <trkpt lat="9.490235" lon="-79.646107">
        <time>2026-08-08T18:28:50Z</time>
      </trkpt>
      <trkpt lat="9.490216" lon="-79.646111">
        <time>2026-08-08T18:28:57Z</time>
      </trkpt>
      <trkpt lat="9.490204" lon="-79.646129">
        <time>2026-08-08T18:29:04Z</time>
      </trkpt>
      <trkpt lat="9.490203" lon="-79.646131">
        <time>2026-08-08T18:29:06Z</time>
      </trkpt>
      <trkpt lat="9.490198" lon="-79.646142">
        <time>2026-08-08T18:29:12Z</time>
      </trkpt>
      <trkpt lat="9.490197" lon="-79.646148">
        <time>2026-08-08T18:29:13Z</time>
      </trkpt>
      <trkpt lat="9.490201" lon="-79.646149">
        <time>2026-08-08T18:29:18Z</time>
      </trkpt>
      <trkpt lat="9.490197" lon="-79.646142">
        <time>2026-08-08T18:29:19Z</time>
      </trkpt>
      <trkpt lat="9.490161" lon="-79.646143">
        <time>2026-08-08T18:29:25Z</time>
      </trkpt>
      <trkpt lat="9.490167" lon="-79.646166">
        <time>2026-08-08T18:29:30Z</time>
      </trkpt>
      <trkpt lat="9.490151" lon="-79.646199">
        <time>2026-08-08T18:29:38Z</time>
      </trkpt>
      <trkpt lat="9.490143" lon="-79.646244">
        <time>2026-08-08T18:29:47Z</time>
      </trkpt>
      <trkpt lat="9.490118" lon="-79.646265">
        <time>2026-08-08T18:29:54Z</time>
      </trkpt>
      <trkpt lat="9.490114" lon="-79.646254">
        <time>2026-08-08T18:30:02Z</time>
      </trkpt>
      <trkpt lat="9.490113" lon="-79.646240">
        <time>2026-08-08T18:30:03Z</time>
      </trkpt>
      <trkpt lat="9.490099" lon="-79.646237">
        <time>2026-08-08T18:30:07Z</time>
      </trkpt>
      <trkpt lat="9.490080" lon="-79.646233">
        <time>2026-08-08T18:30:10Z</time>
      </trkpt>
      <trkpt lat="9.490079" lon="-79.646233">
        <time>2026-08-08T18:30:11Z</time>
      </trkpt>
      <trkpt lat="9.490072" lon="-79.646242">
        <time>2026-08-08T18:30:16Z</time>
      </trkpt>
      <trkpt lat="9.490076" lon="-79.646257">
        <time>2026-08-08T18:30:19Z</time>
      </trkpt>
      <trkpt lat="9.490052" lon="-79.646271">
        <time>2026-08-08T18:30:28Z</time>
      </trkpt>
      <trkpt lat="9.490052" lon="-79.646263">
        <time>2026-08-08T18:30:31Z</time>
      </trkpt>
      <trkpt lat="9.490057" lon="-79.646256">
        <time>2026-08-08T18:30:33Z</time>
      </trkpt>
      <trkpt lat="9.490058" lon="-79.646248">
        <time>2026-08-08T18:30:36Z</time>
      </trkpt>
      <trkpt lat="9.490057" lon="-79.646252">
        <time>2026-08-08T18:30:42Z</time>
      </trkpt>
      <trkpt lat="9.490054" lon="-79.646240">
        <time>2026-08-08T18:30:45Z</time>
      </trkpt>
      <trkpt lat="9.490079" lon="-79.646210">
        <time>2026-08-08T18:30:50Z</time>
      </trkpt>
      <trkpt lat="9.490092" lon="-79.646211">
        <time>2026-08-08T18:30:57Z</time>
      </trkpt>
      <trkpt lat="9.490088" lon="-79.646213">
        <time>2026-08-08T18:31:00Z</time>
      </trkpt>
      <trkpt lat="9.490060" lon="-79.646225">
        <time>2026-08-08T18:31:07Z</time>
      </trkpt>
      <trkpt lat="9.490052" lon="-79.646226">
        <time>2026-08-08T18:31:09Z</time>
      </trkpt>
      <trkpt lat="9.490048" lon="-79.646227">
        <time>2026-08-08T18:31:10Z</time>
      </trkpt>
      <trkpt lat="9.490048" lon="-79.646228">
        <time>2026-08-08T18:31:13Z</time>
      </trkpt>
      <trkpt lat="9.490059" lon="-79.646229">
        <time>2026-08-08T18:31:15Z</time>
      </trkpt>
      <trkpt lat="9.490062" lon="-79.646234">
        <time>2026-08-08T18:31:17Z</time>
      </trkpt>
      <trkpt lat="9.490051" lon="-79.646237">
        <time>2026-08-08T18:31:19Z</time>
      </trkpt>
      <trkpt lat="9.490055" lon="-79.646237">
        <time>2026-08-08T18:31:21Z</time>
      </trkpt>
      <trkpt lat="9.490056" lon="-79.646236">
        <time>2026-08-08T18:31:25Z</time>
      </trkpt>
      <trkpt lat="9.490040" lon="-79.646242">
        <time>2026-08-08T18:31:31Z</time>
      </trkpt>
      <trkpt lat="9.490053" lon="-79.646251">
        <time>2026-08-08T18:31:34Z</time>
      </trkpt>
      <trkpt lat="9.490055" lon="-79.646253">
        <time>2026-08-08T18:31:35Z</time>
      </trkpt>
      <trkpt lat="9.490056" lon="-79.646253">
        <time>2026-08-08T18:31:36Z</time>
      </trkpt>
      <trkpt lat="9.490056" lon="-79.646253">
        <time>2026-08-08T18:31:37Z</time>
      </trkpt>
      <trkpt lat="9.490047" lon="-79.646248">
        <time>2026-08-08T18:31:40Z</time>
      </trkpt>
      <trkpt lat="9.490038" lon="-79.646246">
        <time>2026-08-08T18:31:43Z</time>
      </trkpt>
      <trkpt lat="9.490032" lon="-79.646244">
        <time>2026-08-08T18:31:45Z</time>
      </trkpt>
      <trkpt lat="9.490019" lon="-79.646227">
        <time>2026-08-08T18:31:49Z</time>
      </trkpt>
      <trkpt lat="9.490026" lon="-79.646231">
        <time>2026-08-08T18:31:55Z</time>
      </trkpt>
      <trkpt lat="9.490025" lon="-79.646234">
        <time>2026-08-08T18:31:56Z</time>
      </trkpt>
      <trkpt lat="9.490035" lon="-79.646242">
        <time>2026-08-08T18:32:06Z</time>
      </trkpt>
      <trkpt lat="9.490037" lon="-79.646243">
        <time>2026-08-08T18:32:10Z</time>
      </trkpt>
      <trkpt lat="9.490039" lon="-79.646225">
        <time>2026-08-08T18:32:15Z</time>
      </trkpt>
      <trkpt lat="9.490038" lon="-79.646232">
        <time>2026-08-08T18:32:17Z</time>
      </trkpt>
      <trkpt lat="9.490042" lon="-79.646218">
        <time>2026-08-08T18:32:24Z</time>
      </trkpt>
      <trkpt lat="9.490059" lon="-79.646216">
        <time>2026-08-08T18:32:29Z</time>
      </trkpt>
      <trkpt lat="9.490058" lon="-79.646212">
        <time>2026-08-08T18:32:30Z</time>
      </trkpt>
      <trkpt lat="9.490069" lon="-79.646197">
        <time>2026-08-08T18:32:34Z</time>
      </trkpt>
      <trkpt lat="9.490062" lon="-79.646194">
        <time>2026-08-08T18:32:36Z</time>
      </trkpt>
      <trkpt lat="9.490060" lon="-79.646194">
        <time>2026-08-08T18:32:38Z</time>
      </trkpt>
      <trkpt lat="9.490051" lon="-79.646198">
        <time>2026-08-08T18:32:43Z</time>
      </trkpt>
      <trkpt lat="9.490053" lon="-79.646205">
        <time>2026-08-08T18:32:45Z</time>
      </trkpt>
      <trkpt lat="9.490047" lon="-79.646214">
        <time>2026-08-08T18:32:47Z</time>
      </trkpt>
      <trkpt lat="9.490045" lon="-79.646194">
        <time>2026-08-08T18:32:53Z</time>
      </trkpt>
      <trkpt lat="9.490038" lon="-79.646158">
        <time>2026-08-08T18:33:00Z</time>
      </trkpt>
      <trkpt lat="9.490037" lon="-79.646156">
        <time>2026-08-08T18:33:03Z</time>
      </trkpt>
      <trkpt lat="9.490032" lon="-79.646158">
        <time>2026-08-08T18:33:04Z</time>
      </trkpt>
      <trkpt lat="9.490038" lon="-79.646163">
        <time>2026-08-08T18:33:07Z</time>
      </trkpt>
      <trkpt lat="9.490034" lon="-79.646165">
        <time>2026-08-08T18:33:12Z</time>
      </trkpt>
      <trkpt lat="9.490021" lon="-79.646153">
        <time>2026-08-08T18:33:17Z</time>
      </trkpt>
      <trkpt lat="9.490015" lon="-79.646142">
        <time>2026-08-08T18:33:18Z</time>
      </trkpt>
      <trkpt lat="9.490010" lon="-79.646130">
        <time>2026-08-08T18:33:21Z</time>
      </trkpt>
      <trkpt lat="9.490007" lon="-79.646127">
        <time>2026-08-08T18:33:23Z</time>
      </trkpt>
      <trkpt lat="9.489999" lon="-79.646116">
        <time>2026-08-08T18:33:25Z</time>
      </trkpt>
      <trkpt lat="9.489995" lon="-79.646114">
        <time>2026-08-08T18:33:26Z</time>
      </trkpt>
      <trkpt lat="9.489992" lon="-79.646111">
        <time>2026-08-08T18:33:27Z</time>
      </trkpt>
      <trkpt lat="9.489991" lon="-79.646107">
        <time>2026-08-08T18:33:30Z</time>
      </trkpt>
      <trkpt lat="9.489984" lon="-79.646105">
        <time>2026-08-08T18:33:33Z</time>
      </trkpt>
      <trkpt lat="9.489978" lon="-79.646107">
        <time>2026-08-08T18:33:35Z</time>
      </trkpt>
      <trkpt lat="9.489976" lon="-79.646102">
        <time>2026-08-08T18:33:38Z</time>
      </trkpt>
      <trkpt lat="9.489971" lon="-79.646101">
        <time>2026-08-08T18:33:40Z</time>
      </trkpt>
      <trkpt lat="9.489968" lon="-79.646099">
        <time>2026-08-08T18:33:42Z</time>
      </trkpt>
      <trkpt lat="9.489972" lon="-79.646091">
        <time>2026-08-08T18:33:44Z</time>
      </trkpt>
      <trkpt lat="9.489967" lon="-79.646078">
        <time>2026-08-08T18:33:47Z</time>
      </trkpt>
      <trkpt lat="9.489963" lon="-79.646077">
        <time>2026-08-08T18:33:49Z</time>
      </trkpt>
      <trkpt lat="9.489965" lon="-79.646064">
        <time>2026-08-08T18:33:52Z</time>
      </trkpt>
      <trkpt lat="9.489966" lon="-79.646052">
        <time>2026-08-08T18:33:55Z</time>
      </trkpt>
      <trkpt lat="9.489971" lon="-79.646011">
        <time>2026-08-08T18:34:02Z</time>
      </trkpt>
      <trkpt lat="9.489980" lon="-79.645983">
        <time>2026-08-08T18:34:09Z</time>
      </trkpt>
      <trkpt lat="9.489982" lon="-79.645979">
        <time>2026-08-08T18:34:10Z</time>
      </trkpt>
      <trkpt lat="9.489989" lon="-79.645978">
        <time>2026-08-08T18:34:13Z</time>
      </trkpt>
      <trkpt lat="9.490003" lon="-79.645968">
        <time>2026-08-08T18:34:18Z</time>
      </trkpt>
      <trkpt lat="9.490026" lon="-79.645959">
        <time>2026-08-08T18:34:26Z</time>
      </trkpt>
      <trkpt lat="9.490037" lon="-79.645936">
        <time>2026-08-08T18:34:29Z</time>
      </trkpt>
      <trkpt lat="9.490040" lon="-79.645937">
        <time>2026-08-08T18:34:30Z</time>
      </trkpt>
      <trkpt lat="9.490049" lon="-79.645921">
        <time>2026-08-08T18:34:33Z</time>
      </trkpt>
      <trkpt lat="9.490049" lon="-79.645914">
        <time>2026-08-08T18:34:34Z</time>
      </trkpt>
      <trkpt lat="9.490050" lon="-79.645902">
        <time>2026-08-08T18:34:36Z</time>
      </trkpt>
      <trkpt lat="9.490049" lon="-79.645900">
        <time>2026-08-08T18:34:37Z</time>
      </trkpt>
      <trkpt lat="9.490068" lon="-79.645881">
        <time>2026-08-08T18:34:44Z</time>
      </trkpt>
      <trkpt lat="9.490072" lon="-79.645841">
        <time>2026-08-08T18:34:52Z</time>
      </trkpt>
      <trkpt lat="9.490086" lon="-79.645796">
        <time>2026-08-08T18:34:58Z</time>
      </trkpt>
      <trkpt lat="9.490092" lon="-79.645790">
        <time>2026-08-08T18:35:00Z</time>
      </trkpt>
      <trkpt lat="9.490110" lon="-79.645782">
        <time>2026-08-08T18:35:04Z</time>
      </trkpt>
      <trkpt lat="9.490118" lon="-79.645788">
        <time>2026-08-08T18:35:07Z</time>
      </trkpt>
      <trkpt lat="9.490121" lon="-79.645787">
        <time>2026-08-08T18:35:08Z</time>
      </trkpt>
      <trkpt lat="9.490158" lon="-79.645777">
        <time>2026-08-08T18:35:12Z</time>
      </trkpt>
      <trkpt lat="9.490184" lon="-79.645776">
        <time>2026-08-08T18:35:14Z</time>
      </trkpt>
      <trkpt lat="9.490217" lon="-79.645780">
        <time>2026-08-08T18:35:17Z</time>
      </trkpt>
      <trkpt lat="9.490221" lon="-79.645784">
        <time>2026-08-08T18:35:19Z</time>
      </trkpt>
      <trkpt lat="9.490229" lon="-79.645778">
        <time>2026-08-08T18:35:21Z</time>
      </trkpt>
      <trkpt lat="9.490239" lon="-79.645771">
        <time>2026-08-08T18:35:23Z</time>
      </trkpt>
      <trkpt lat="9.490258" lon="-79.645761">
        <time>2026-08-08T18:35:27Z</time>
      </trkpt>
      <trkpt lat="9.490254" lon="-79.645750">
        <time>2026-08-08T18:35:29Z</time>
      </trkpt>
      <trkpt lat="9.490249" lon="-79.645726">
        <time>2026-08-08T18:35:31Z</time>
      </trkpt>
      <trkpt lat="9.490266" lon="-79.645712">
        <time>2026-08-08T18:35:34Z</time>
      </trkpt>
      <trkpt lat="9.490265" lon="-79.645717">
        <time>2026-08-08T18:35:37Z</time>
      </trkpt>
      <trkpt lat="9.490252" lon="-79.645723">
        <time>2026-08-08T18:35:40Z</time>
      </trkpt>
      <trkpt lat="9.490233" lon="-79.645731">
        <time>2026-08-08T18:35:43Z</time>
      </trkpt>
      <trkpt lat="9.490217" lon="-79.645724">
        <time>2026-08-08T18:35:45Z</time>
      </trkpt>
      <trkpt lat="9.490207" lon="-79.645725">
        <time>2026-08-08T18:35:46Z</time>
      </trkpt>
      <trkpt lat="9.490178" lon="-79.645734">
        <time>2026-08-08T18:35:51Z</time>
      </trkpt>
      <trkpt lat="9.490167" lon="-79.645738">
        <time>2026-08-08T18:35:53Z</time>
      </trkpt>
      <trkpt lat="9.490135" lon="-79.645746">
        <time>2026-08-08T18:35:57Z</time>
      </trkpt>
      <trkpt lat="9.490112" lon="-79.645749">
        <time>2026-08-08T18:36:01Z</time>
      </trkpt>
      <trkpt lat="9.490071" lon="-79.645755">
        <time>2026-08-08T18:36:05Z</time>
      </trkpt>
      <trkpt lat="9.490056" lon="-79.645751">
        <time>2026-08-08T18:36:07Z</time>
      </trkpt>
      <trkpt lat="9.490045" lon="-79.645749">
        <time>2026-08-08T18:36:09Z</time>
      </trkpt>
      <trkpt lat="9.490022" lon="-79.645751">
        <time>2026-08-08T18:36:12Z</time>
      </trkpt>
      <trkpt lat="9.490007" lon="-79.645757">
        <time>2026-08-08T18:36:15Z</time>
      </trkpt>
      <trkpt lat="9.490005" lon="-79.645757">
        <time>2026-08-08T18:36:16Z</time>
      </trkpt>
      <trkpt lat="9.489999" lon="-79.645760">
        <time>2026-08-08T18:36:18Z</time>
      </trkpt>
      <trkpt lat="9.489967" lon="-79.645780">
        <time>2026-08-08T18:36:24Z</time>
      </trkpt>
      <trkpt lat="9.489958" lon="-79.645781">
        <time>2026-08-08T18:36:26Z</time>
      </trkpt>
      <trkpt lat="9.489940" lon="-79.645764">
        <time>2026-08-08T18:36:32Z</time>
      </trkpt>
      <trkpt lat="9.489932" lon="-79.645763">
        <time>2026-08-08T18:36:36Z</time>
      </trkpt>
      <trkpt lat="9.489907" lon="-79.645754">
        <time>2026-08-08T18:36:40Z</time>
      </trkpt>
      <trkpt lat="9.489890" lon="-79.645741">
        <time>2026-08-08T18:36:43Z</time>
      </trkpt>
      <trkpt lat="9.489889" lon="-79.645736">
        <time>2026-08-08T18:36:44Z</time>
      </trkpt>
      <trkpt lat="9.489894" lon="-79.645720">
        <time>2026-08-08T18:36:47Z</time>
      </trkpt>
      <trkpt lat="9.489892" lon="-79.645700">
        <time>2026-08-08T18:36:51Z</time>
      </trkpt>
      <trkpt lat="9.489884" lon="-79.645645">
        <time>2026-08-08T18:36:56Z</time>
      </trkpt>
      <trkpt lat="9.489885" lon="-79.645628">
        <time>2026-08-08T18:36:59Z</time>
      </trkpt>
      <trkpt lat="9.489891" lon="-79.645601">
        <time>2026-08-08T18:37:04Z</time>
      </trkpt>
      <trkpt lat="9.489890" lon="-79.645599">
        <time>2026-08-08T18:37:06Z</time>
      </trkpt>
      <trkpt lat="9.489888" lon="-79.645597">
        <time>2026-08-08T18:37:07Z</time>
      </trkpt>
      <trkpt lat="9.489884" lon="-79.645584">
        <time>2026-08-08T18:37:11Z</time>
      </trkpt>
      <trkpt lat="9.489867" lon="-79.645603">
        <time>2026-08-08T18:37:17Z</time>
      </trkpt>
      <trkpt lat="9.489850" lon="-79.645596">
        <time>2026-08-08T18:37:22Z</time>
      </trkpt>
      <trkpt lat="9.489849" lon="-79.645594">
        <time>2026-08-08T18:37:23Z</time>
      </trkpt>
      <trkpt lat="9.489833" lon="-79.645546">
        <time>2026-08-08T18:37:31Z</time>
      </trkpt>
      <trkpt lat="9.489831" lon="-79.645530">
        <time>2026-08-08T18:37:33Z</time>
      </trkpt>
      <trkpt lat="9.489828" lon="-79.645514">
        <time>2026-08-08T18:37:35Z</time>
      </trkpt>
      <trkpt lat="9.489840" lon="-79.645501">
        <time>2026-08-08T18:37:39Z</time>
      </trkpt>
      <trkpt lat="9.489849" lon="-79.645496">
        <time>2026-08-08T18:37:40Z</time>
      </trkpt>
      <trkpt lat="9.489874" lon="-79.645480">
        <time>2026-08-08T18:37:48Z</time>
      </trkpt>
      <trkpt lat="9.489908" lon="-79.645450">
        <time>2026-08-08T18:37:57Z</time>
      </trkpt>
      <trkpt lat="9.489903" lon="-79.645450">
        <time>2026-08-08T18:37:58Z</time>
      </trkpt>
      <trkpt lat="9.489892" lon="-79.645448">
        <time>2026-08-08T18:38:01Z</time>
      </trkpt>
      <trkpt lat="9.489912" lon="-79.645433">
        <time>2026-08-08T18:38:06Z</time>
      </trkpt>
      <trkpt lat="9.489904" lon="-79.645437">
        <time>2026-08-08T18:38:07Z</time>
      </trkpt>
      <trkpt lat="9.489903" lon="-79.645434">
        <time>2026-08-08T18:38:08Z</time>
      </trkpt>
      <trkpt lat="9.489899" lon="-79.645432">
        <time>2026-08-08T18:38:09Z</time>
      </trkpt>
      <trkpt lat="9.489891" lon="-79.645422">
        <time>2026-08-08T18:38:12Z</time>
      </trkpt>
      <trkpt lat="9.489888" lon="-79.645418">
        <time>2026-08-08T18:38:14Z</time>
      </trkpt>
      <trkpt lat="9.489878" lon="-79.645418">
        <time>2026-08-08T18:38:20Z</time>
      </trkpt>
      <trkpt lat="9.489881" lon="-79.645422">
        <time>2026-08-08T18:38:23Z</time>
      </trkpt>
      <trkpt lat="9.489887" lon="-79.645421">
        <time>2026-08-08T18:38:24Z</time>
      </trkpt>
      <trkpt lat="9.489893" lon="-79.645424">
        <time>2026-08-08T18:38:25Z</time>
      </trkpt>
      <trkpt lat="9.489898" lon="-79.645418">
        <time>2026-08-08T18:38:28Z</time>
      </trkpt>
      <trkpt lat="9.489899" lon="-79.645419">
        <time>2026-08-08T18:38:29Z</time>
      </trkpt>
      <trkpt lat="9.489888" lon="-79.645423">
        <time>2026-08-08T18:38:33Z</time>
      </trkpt>
      <trkpt lat="9.489878" lon="-79.645423">
        <time>2026-08-08T18:38:35Z</time>
      </trkpt>
      <trkpt lat="9.489878" lon="-79.645430">
        <time>2026-08-08T18:38:43Z</time>
      </trkpt>
      <trkpt lat="9.489886" lon="-79.645438">
        <time>2026-08-08T18:38:45Z</time>
      </trkpt>
      <trkpt lat="9.489908" lon="-79.645443">
        <time>2026-08-08T18:38:52Z</time>
      </trkpt>
      <trkpt lat="9.489912" lon="-79.645444">
        <time>2026-08-08T18:38:53Z</time>
      </trkpt>
      <trkpt lat="9.489915" lon="-79.645447">
        <time>2026-08-08T18:38:55Z</time>
      </trkpt>
      <trkpt lat="9.489916" lon="-79.645446">
        <time>2026-08-08T18:38:56Z</time>
      </trkpt>
      <trkpt lat="9.489919" lon="-79.645444">
        <time>2026-08-08T18:38:59Z</time>
      </trkpt>
      <trkpt lat="9.489919" lon="-79.645444">
        <time>2026-08-08T18:39:00Z</time>
      </trkpt>
      <trkpt lat="9.489914" lon="-79.645440">
        <time>2026-08-08T18:39:05Z</time>
      </trkpt>
    </trkseg>
  </trk>
</gpx>
