<?xml version="1.0" encoding="UTF-8"?>
<gpx version="1.1" creator="FitFilter" xmlns="http://www.topografix.com/GPX/1/1" xmlns:xsi="http://www.w3.org/2001/XMLSchema-instance" xsi:schemaLocation="http://www.topografix.com/GPX/1/1 http://www.topografix.com/GPX/1/1/gpx.xsd">
  <metadata>
    <time>2026-08-13T09:59:55Z</time>
  </metadata>
  <trk>
    <name>Running - 2026-08-13 09:59</name>
    <type>running</type>
    <trkseg>
      <trkpt lat="9.002978" lon="-79.565889">
        <time>2026-08-13T09:59:55Z</time>
      </trkpt>
      <trkpt lat="9.002995" lon="-79.565869">
        <time>2026-08-13T09:59:56Z</time>
      </trkpt>
      <trkpt lat="9.002997" lon="-79.565870">
        <time>2026-08-13T09:59:57Z</time>
      </trkpt>
      <trkpt lat="9.002998" lon="-79.565871">
        <time>2026-08-13T09:59:58Z</time>
      </trkpt>
      <trkpt lat="9.002996" lon="-79.565878">
        <time>2026-08-13T09:59:59Z</time>
      </trkpt>
      <trkpt lat="9.002998" lon="-79.565882">
        <time>2026-08-13T10:00:00Z</time>
      </trkpt>
      <trkpt lat="9.003006" lon="-79.565887">
        <time>2026-08-13T10:00:01Z</time>
      </trkpt>
      <trkpt lat="9.003014" lon="-79.565893">
        <time>2026-08-13T10:00:02Z</time>
      </trkpt>
      <trkpt lat="9.003021" lon="-79.565896">
        <time>2026-08-13T10:00:03Z</time>
      </trkpt>
      <trkpt lat="9.003031" lon="-79.565899">
        <time>2026-08-13T10:00:04Z</time>
      </trkpt>
      <trkpt lat="9.003042" lon="-79.565901">
        <time>2026-08-13T10:00:05Z</time>
      </trkpt>
      <trkpt lat="9.003049" lon="-79.565904">
        <time>2026-08-13T10:00:06Z</time>
      </trkpt>
      <trkpt lat="9.003058" lon="-79.565906">
        <time>2026-08-13T10:00:07Z</time>
      </trkpt>
      <trkpt lat="9.003068" lon="-79.565907">
        <time>2026-08-13T10:00:08Z</time>
      </trkpt>
      <trkpt lat="9.003077" lon="-79.565911">
        <time>2026-08-13T10:00:09Z</time>
      </trkpt>
      <trkpt lat="9.003088" lon="-79.565914">
        <time>2026-08-13T10:00:10Z</time>
      </trkpt>
      <trkpt lat="9.003099" lon="-79.565915">
        <time>2026-08-13T10:00:11Z</time>
      </trkpt>
      <trkpt lat="9.003110" lon="-79.565918">
        <time>2026-08-13T10:00:12Z</time>
      </trkpt>
      <trkpt lat="9.003120" lon="-79.565920">
        <time>2026-08-13T10:00:13Z</time>
      </trkpt>
      <trkpt lat="9.003130" lon="-79.565925">
        <time>2026-08-13T10:00:14Z</time>
      </trkpt>
      <trkpt lat="9.003137" lon="-79.565928">
        <time>2026-08-13T10:00:15Z</time>
      </trkpt>
      <trkpt lat="9.003147" lon="-79.565933">
        <time>2026-08-13T10:00:16Z</time>
      </trkpt>
      <trkpt lat="9.003158" lon="-79.565936">
        <time>2026-08-13T10:00:17Z</time>
      </trkpt>
      <trkpt lat="9.003169" lon="-79.565939">
        <time>2026-08-13T10:00:18Z</time>
      </trkpt>
      <trkpt lat="9.003179" lon="-79.565943">
        <time>2026-08-13T10:00:19Z</time>
      </trkpt>
      <trkpt lat="9.003190" lon="-79.565946">
        <time>2026-08-13T10:00:20Z</time>
      </trkpt>
      <trkpt lat="9.003201" lon="-79.565952">
        <time>2026-08-13T10:00:21Z</time>
      </trkpt>
      <trkpt lat="9.003211" lon="-79.565956">
        <time>2026-08-13T10:00:22Z</time>
      </trkpt>
      <trkpt lat="9.003220" lon="-79.565959">
        <time>2026-08-13T10:00:23Z</time>
      </trkpt>
      <trkpt lat="9.003229" lon="-79.565961">
        <time>2026-08-13T10:00:24Z</time>
      </trkpt>
      <trkpt lat="9.003237" lon="-79.565963">
        <time>2026-08-13T10:00:25Z</time>
      </trkpt>
      <trkpt lat="9.003247" lon="-79.565966">
        <time>2026-08-13T10:00:26Z</time>
      </trkpt>
      <trkpt lat="9.003258" lon="-79.565970">
        <time>2026-08-13T10:00:27Z</time>
      </trkpt>
      <trkpt lat="9.003268" lon="-79.565972">
        <time>2026-08-13T10:00:28Z</time>
      </trkpt>
      <trkpt lat="9.003278" lon="-79.565976">
        <time>2026-08-13T10:00:29Z</time>
      </trkpt>
      <trkpt lat="9.003289" lon="-79.565979">
        <time>2026-08-13T10:00:30Z</time>
      </trkpt>
      <trkpt lat="9.003302" lon="-79.565983">
        <time>2026-08-13T10:00:31Z</time>
      </trkpt>
      <trkpt lat="9.003312" lon="-79.565986">
        <time>2026-08-13T10:00:32Z</time>
      </trkpt>
      <trkpt lat="9.003322" lon="-79.565990">
        <time>2026-08-13T10:00:33Z</time>
      </trkpt>
      <trkpt lat="9.003334" lon="-79.565992">
        <time>2026-08-13T10:00:34Z</time>
      </trkpt>
      <trkpt lat="9.003345" lon="-79.565995">
        <time>2026-08-13T10:00:35Z</time>
      </trkpt>
      <trkpt lat="9.003358" lon="-79.565997">
        <time>2026-08-13T10:00:36Z</time>
      </trkpt>
      <trkpt lat="9.003368" lon="-79.565998">
        <time>2026-08-13T10:00:37Z</time>
      </trkpt>
      <trkpt lat="9.003379" lon="-79.565999">
        <time>2026-08-13T10:00:38Z</time>
      </trkpt>
      <trkpt lat="9.003389" lon="-79.566002">
        <time>2026-08-13T10:00:39Z</time>
      </trkpt>
      <trkpt lat="9.003401" lon="-79.566005">
        <time>2026-08-13T10:00:40Z</time>
      </trkpt>
      <trkpt lat="9.003413" lon="-79.566009">
        <time>2026-08-13T10:00:41Z</time>
      </trkpt>
      <trkpt lat="9.003423" lon="-79.566014">
        <time>2026-08-13T10:00:42Z</time>
      </trkpt>
      <trkpt lat="9.003434" lon="-79.566016">
        <time>2026-08-13T10:00:43Z</time>
      </trkpt>
      <trkpt lat="9.003447" lon="-79.566018">
        <time>2026-08-13T10:00:44Z</time>
      </trkpt>
      <trkpt lat="9.003457" lon="-79.566018">
        <time>2026-08-13T10:00:45Z</time>
      </trkpt>
      <trkpt lat="9.003467" lon="-79.566020">
        <time>2026-08-13T10:00:46Z</time>
      </trkpt>
      <trkpt lat="9.003478" lon="-79.566024">
        <time>2026-08-13T10:00:47Z</time>
      </trkpt>
      <trkpt lat="9.003490" lon="-79.566026">
        <time>2026-08-13T10:00:48Z</time>
      </trkpt>
      <trkpt lat="9.003500" lon="-79.566030">
        <time>2026-08-13T10:00:49Z</time>
      </trkpt>
      <trkpt lat="9.003513" lon="-79.566032">
        <time>2026-08-13T10:00:50Z</time>
      </trkpt>
      <trkpt lat="9.003526" lon="-79.566034">
        <time>2026-08-13T10:00:51Z</time>
      </trkpt>
      <trkpt lat="9.003537" lon="-79.566037">
        <time>2026-08-13T10:00:52Z</time>
      </trkpt>
      <trkpt lat="9.003547" lon="-79.566041">
        <time>2026-08-13T10:00:53Z</time>
      </trkpt>
      <trkpt lat="9.003556" lon="-79.566044">
        <time>2026-08-13T10:00:54Z</time>
      </trkpt>
      <trkpt lat="9.003569" lon="-79.566045">
        <time>2026-08-13T10:00:55Z</time>
      </trkpt>
      <trkpt lat="9.003578" lon="-79.566045">
        <time>2026-08-13T10:00:56Z</time>
      </trkpt>
      <trkpt lat="9.003587" lon="-79.566047">
        <time>2026-08-13T10:00:57Z</time>
      </trkpt>
      <trkpt lat="9.003598" lon="-79.566049">
        <time>2026-08-13T10:00:58Z</time>
      </trkpt>
      <trkpt lat="9.003611" lon="-79.566052">
        <time>2026-08-13T10:00:59Z</time>
      </trkpt>
      <trkpt lat="9.003623" lon="-79.566055">
        <time>2026-08-13T10:01:00Z</time>
      </trkpt>
      <trkpt lat="9.003636" lon="-79.566055">
        <time>2026-08-13T10:01:01Z</time>
      </trkpt>
      <trkpt lat="9.003647" lon="-79.566055">
        <time>2026-08-13T10:01:02Z</time>
      </trkpt>
      <trkpt lat="9.003660" lon="-79.566054">
        <time>2026-08-13T10:01:03Z</time>
      </trkpt>
      <trkpt lat="9.003671" lon="-79.566055">
        <time>2026-08-13T10:01:04Z</time>
      </trkpt>
      <trkpt lat="9.003684" lon="-79.566057">
        <time>2026-08-13T10:01:05Z</time>
      </trkpt>
      <trkpt lat="9.003696" lon="-79.566063">
        <time>2026-08-13T10:01:06Z</time>
      </trkpt>
      <trkpt lat="9.003707" lon="-79.566068">
        <time>2026-08-13T10:01:07Z</time>
      </trkpt>
      <trkpt lat="9.003719" lon="-79.566068">
        <time>2026-08-13T10:01:08Z</time>
      </trkpt>
      <trkpt lat="9.003731" lon="-79.566069">
        <time>2026-08-13T10:01:09Z</time>
      </trkpt>
      <trkpt lat="9.003743" lon="-79.566070">
        <time>2026-08-13T10:01:10Z</time>
      </trkpt>
      <trkpt lat="9.003754" lon="-79.566070">
        <time>2026-08-13T10:01:11Z</time>
      </trkpt>
      <trkpt lat="9.003762" lon="-79.566069">
        <time>2026-08-13T10:01:12Z</time>
      </trkpt>
      <trkpt lat="9.003773" lon="-79.566069">
        <time>2026-08-13T10:01:13Z</time>
      </trkpt>
      <trkpt lat="9.003786" lon="-79.566066">
        <time>2026-08-13T10:01:14Z</time>
      </trkpt>
      <trkpt lat="9.003799" lon="-79.566067">
        <time>2026-08-13T10:01:15Z</time>
      </trkpt>
      <trkpt lat="9.003811" lon="-79.566066">
        <time>2026-08-13T10:01:16Z</time>
      </trkpt>
      <trkpt lat="9.003821" lon="-79.566070">
        <time>2026-08-13T10:01:17Z</time>
      </trkpt>
      <trkpt lat="9.003833" lon="-79.566067">
        <time>2026-08-13T10:01:18Z</time>
      </trkpt>
      <trkpt lat="9.003842" lon="-79.566067">
        <time>2026-08-13T10:01:19Z</time>
      </trkpt>
      <trkpt lat="9.003852" lon="-79.566068">
        <time>2026-08-13T10:01:20Z</time>
      </trkpt>
      <trkpt lat="9.003864" lon="-79.566067">
        <time>2026-08-13T10:01:21Z</time>
      </trkpt>
      <trkpt lat="9.003876" lon="-79.566065">
        <time>2026-08-13T10:01:22Z</time>
      </trkpt>
      <trkpt lat="9.003890" lon="-79.566061">
        <time>2026-08-13T10:01:23Z</time>
      </trkpt>
      <trkpt lat="9.003902" lon="-79.566059">
        <time>2026-08-13T10:01:24Z</time>
      </trkpt>
      <trkpt lat="9.003911" lon="-79.566060">
        <time>2026-08-13T10:01:25Z</time>
      </trkpt>
      <trkpt lat="9.003925" lon="-79.566059">
        <time>2026-08-13T10:01:26Z</time>
      </trkpt>
      <trkpt lat="9.003937" lon="-79.566056">
        <time>2026-08-13T10:01:27Z</time>
      </trkpt>
      <trkpt lat="9.003948" lon="-79.566058">
        <time>2026-08-13T10:01:28Z</time>
      </trkpt>
      <trkpt lat="9.003961" lon="-79.566057">
        <time>2026-08-13T10:01:29Z</time>
      </trkpt>
      <trkpt lat="9.003972" lon="-79.566058">
        <time>2026-08-13T10:01:30Z</time>
      </trkpt>
      <trkpt lat="9.003985" lon="-79.566057">
        <time>2026-08-13T10:01:31Z</time>
      </trkpt>
      <trkpt lat="9.003997" lon="-79.566058">
        <time>2026-08-13T10:01:32Z</time>
      </trkpt>
      <trkpt lat="9.004006" lon="-79.566059">
        <time>2026-08-13T10:01:33Z</time>
      </trkpt>
      <trkpt lat="9.004019" lon="-79.566058">
        <time>2026-08-13T10:01:34Z</time>
      </trkpt>
      <trkpt lat="9.004029" lon="-79.566056">
        <time>2026-08-13T10:01:35Z</time>
      </trkpt>
      <trkpt lat="9.004040" lon="-79.566055">
        <time>2026-08-13T10:01:36Z</time>
      </trkpt>
      <trkpt lat="9.004050" lon="-79.566056">
        <time>2026-08-13T10:01:37Z</time>
      </trkpt>
      <trkpt lat="9.004062" lon="-79.566056">
        <time>2026-08-13T10:01:38Z</time>
      </trkpt>
      <trkpt lat="9.004072" lon="-79.566053">
        <time>2026-08-13T10:01:39Z</time>
      </trkpt>
      <trkpt lat="9.004081" lon="-79.566052">
        <time>2026-08-13T10:01:40Z</time>
      </trkpt>
      <trkpt lat="9.004091" lon="-79.566052">
        <time>2026-08-13T10:01:41Z</time>
      </trkpt>
      <trkpt lat="9.004101" lon="-79.566055">
        <time>2026-08-13T10:01:42Z</time>
      </trkpt>
      <trkpt lat="9.004110" lon="-79.566057">
        <time>2026-08-13T10:01:43Z</time>
      </trkpt>
      <trkpt lat="9.004122" lon="-79.566059">
        <time>2026-08-13T10:01:44Z</time>
      </trkpt>
      <trkpt lat="9.004133" lon="-79.566060">
        <time>2026-08-13T10:01:45Z</time>
      </trkpt>
      <trkpt lat="9.004144" lon="-79.566061">
        <time>2026-08-13T10:01:46Z</time>
      </trkpt>
      <trkpt lat="9.004156" lon="-79.566061">
        <time>2026-08-13T10:01:47Z</time>
      </trkpt>
      <trkpt lat="9.004168" lon="-79.566062">
        <time>2026-08-13T10:01:48Z</time>
      </trkpt>
      <trkpt lat="9.004182" lon="-79.566060">
        <time>2026-08-13T10:01:49Z</time>
      </trkpt>
      <trkpt lat="9.004197" lon="-79.566058">
        <time>2026-08-13T10:01:50Z</time>
      </trkpt>
      <trkpt lat="9.004209" lon="-79.566056">
        <time>2026-08-13T10:01:51Z</time>
      </trkpt>
      <trkpt lat="9.004218" lon="-79.566056">
        <time>2026-08-13T10:01:52Z</time>
      </trkpt>
      <trkpt lat="9.004228" lon="-79.566053">
        <time>2026-08-13T10:01:53Z</time>
      </trkpt>
      <trkpt lat="9.004238" lon="-79.566053">
        <time>2026-08-13T10:01:54Z</time>
      </trkpt>
      <trkpt lat="9.004246" lon="-79.566049">
        <time>2026-08-13T10:01:55Z</time>
      </trkpt>
      <trkpt lat="9.004255" lon="-79.566048">
        <time>2026-08-13T10:01:56Z</time>
      </trkpt>
      <trkpt lat="9.004267" lon="-79.566049">
        <time>2026-08-13T10:01:57Z</time>
      </trkpt>
      <trkpt lat="9.004278" lon="-79.566049">
        <time>2026-08-13T10:01:58Z</time>
      </trkpt>
      <trkpt lat="9.004284" lon="-79.566046">
        <time>2026-08-13T10:01:59Z</time>
      </trkpt>
      <trkpt lat="9.004296" lon="-79.566043">
        <time>2026-08-13T10:02:00Z</time>
      </trkpt>
      <trkpt lat="9.004308" lon="-79.566042">
        <time>2026-08-13T10:02:01Z</time>
      </trkpt>
      <trkpt lat="9.004321" lon="-79.566042">
        <time>2026-08-13T10:02:02Z</time>
      </trkpt>
      <trkpt lat="9.004334" lon="-79.566041">
        <time>2026-08-13T10:02:03Z</time>
      </trkpt>
      <trkpt lat="9.004350" lon="-79.566045">
        <time>2026-08-13T10:02:04Z</time>
      </trkpt>
      <trkpt lat="9.004361" lon="-79.566048">
        <time>2026-08-13T10:02:05Z</time>
      </trkpt>
      <trkpt lat="9.004371" lon="-79.566050">
        <time>2026-08-13T10:02:06Z</time>
      </trkpt>
      <trkpt lat="9.004382" lon="-79.566049">
        <time>2026-08-13T10:02:07Z</time>
      </trkpt>
      <trkpt lat="9.004392" lon="-79.566048">
        <time>2026-08-13T10:02:08Z</time>
      </trkpt>
      <trkpt lat="9.004401" lon="-79.566046">
        <time>2026-08-13T10:02:09Z</time>
      </trkpt>
      <trkpt lat="9.004415" lon="-79.566044">
        <time>2026-08-13T10:02:10Z</time>
      </trkpt>
      <trkpt lat="9.004424" lon="-79.566043">
        <time>2026-08-13T10:02:11Z</time>
      </trkpt>
      <trkpt lat="9.004432" lon="-79.566042">
        <time>2026-08-13T10:02:12Z</time>
      </trkpt>
      <trkpt lat="9.004442" lon="-79.566041">
        <time>2026-08-13T10:02:13Z</time>
      </trkpt>
      <trkpt lat="9.004456" lon="-79.566039">
        <time>2026-08-13T10:02:14Z</time>
      </trkpt>
      <trkpt lat="9.004469" lon="-79.566035">
        <time>2026-08-13T10:02:15Z</time>
      </trkpt>
      <trkpt lat="9.004480" lon="-79.566034">
        <time>2026-08-13T10:02:16Z</time>
      </trkpt>
      <trkpt lat="9.004491" lon="-79.566034">
        <time>2026-08-13T10:02:17Z</time>
      </trkpt>
      <trkpt lat="9.004501" lon="-79.566033">
        <time>2026-08-13T10:02:18Z</time>
      </trkpt>
      <trkpt lat="9.004512" lon="-79.566030">
        <time>2026-08-13T10:02:19Z</time>
      </trkpt>
      <trkpt lat="9.004525" lon="-79.566026">
        <time>2026-08-13T10:02:20Z</time>
      </trkpt>
      <trkpt lat="9.004537" lon="-79.566023">
        <time>2026-08-13T10:02:21Z</time>
      </trkpt>
      <trkpt lat="9.004550" lon="-79.566019">
        <time>2026-08-13T10:02:22Z</time>
      </trkpt>
      <trkpt lat="9.004559" lon="-79.566015">
        <time>2026-08-13T10:02:23Z</time>
      </trkpt>
      <trkpt lat="9.004571" lon="-79.566014">
        <time>2026-08-13T10:02:24Z</time>
      </trkpt>
      <trkpt lat="9.004583" lon="-79.566013">
        <time>2026-08-13T10:02:25Z</time>
      </trkpt>
      <trkpt lat="9.004596" lon="-79.566010">
        <time>2026-08-13T10:02:26Z</time>
      </trkpt>
      <trkpt lat="9.004608" lon="-79.566007">
        <time>2026-08-13T10:02:27Z</time>
      </trkpt>
      <trkpt lat="9.004620" lon="-79.566004">
        <time>2026-08-13T10:02:28Z</time>
      </trkpt>
      <trkpt lat="9.004633" lon="-79.566004">
        <time>2026-08-13T10:02:29Z</time>
      </trkpt>
      <trkpt lat="9.004643" lon="-79.566002">
        <time>2026-08-13T10:02:30Z</time>
      </trkpt>
      <trkpt lat="9.004654" lon="-79.565998">
        <time>2026-08-13T10:02:31Z</time>
      </trkpt>
      <trkpt lat="9.004663" lon="-79.565993">
        <time>2026-08-13T10:02:32Z</time>
      </trkpt>
      <trkpt lat="9.004672" lon="-79.565989">
        <time>2026-08-13T10:02:33Z</time>
      </trkpt>
      <trkpt lat="9.004680" lon="-79.565990">
        <time>2026-08-13T10:02:34Z</time>
      </trkpt>
      <trkpt lat="9.004687" lon="-79.565992">
        <time>2026-08-13T10:02:35Z</time>
      </trkpt>
      <trkpt lat="9.004695" lon="-79.565994">
        <time>2026-08-13T10:02:36Z</time>
      </trkpt>
      <trkpt lat="9.004703" lon="-79.565998">
        <time>2026-08-13T10:02:37Z</time>
      </trkpt>
      <trkpt lat="9.004709" lon="-79.566005">
        <time>2026-08-13T10:02:38Z</time>
      </trkpt>
      <trkpt lat="9.004717" lon="-79.566012">
        <time>2026-08-13T10:02:39Z</time>
      </trkpt>
      <trkpt lat="9.004725" lon="-79.566018">
        <time>2026-08-13T10:02:40Z</time>
      </trkpt>
      <trkpt lat="9.004735" lon="-79.566027">
        <time>2026-08-13T10:02:41Z</time>
      </trkpt>
      <trkpt lat="9.004741" lon="-79.566037">
        <time>2026-08-13T10:02:42Z</time>
      </trkpt>
      <trkpt lat="9.004744" lon="-79.566047">
        <time>2026-08-13T10:02:43Z</time>
      </trkpt>
      <trkpt lat="9.004750" lon="-79.566056">
        <time>2026-08-13T10:02:44Z</time>
      </trkpt>
      <trkpt lat="9.004760" lon="-79.566071">
        <time>2026-08-13T10:02:45Z</time>
      </trkpt>
      <trkpt lat="9.004767" lon="-79.566085">
        <time>2026-08-13T10:02:46Z</time>
      </trkpt>
      <trkpt lat="9.004778" lon="-79.566102">
        <time>2026-08-13T10:02:47Z</time>
      </trkpt>
      <trkpt lat="9.004787" lon="-79.566118">
        <time>2026-08-13T10:02:48Z</time>
      </trkpt>
      <trkpt lat="9.004797" lon="-79.566134">
        <time>2026-08-13T10:02:49Z</time>
      </trkpt>
      <trkpt lat="9.004808" lon="-79.566151">
        <time>2026-08-13T10:02:50Z</time>
      </trkpt>
      <trkpt lat="9.004817" lon="-79.566167">
        <time>2026-08-13T10:02:51Z</time>
      </trkpt>
      <trkpt lat="9.004827" lon="-79.566180">
        <time>2026-08-13T10:02:52Z</time>
      </trkpt>
      <trkpt lat="9.004838" lon="-79.566196">
        <time>2026-08-13T10:02:53Z</time>
      </trkpt>
      <trkpt lat="9.004847" lon="-79.566213">
        <time>2026-08-13T10:02:54Z</time>
      </trkpt>
      <trkpt lat="9.004856" lon="-79.566230">
        <time>2026-08-13T10:02:55Z</time>
      </trkpt>
      <trkpt lat="9.004867" lon="-79.566245">
        <time>2026-08-13T10:02:56Z</time>
      </trkpt>
      <trkpt lat="9.004877" lon="-79.566261">
        <time>2026-08-13T10:02:57Z</time>
      </trkpt>
      <trkpt lat="9.004884" lon="-79.566278">
        <time>2026-08-13T10:02:58Z</time>
      </trkpt>
      <trkpt lat="9.004891" lon="-79.566296">
        <time>2026-08-13T10:02:59Z</time>
      </trkpt>
      <trkpt lat="9.004900" lon="-79.566313">
        <time>2026-08-13T10:03:00Z</time>
      </trkpt>
      <trkpt lat="9.004908" lon="-79.566326">
        <time>2026-08-13T10:03:01Z</time>
      </trkpt>
      <trkpt lat="9.004917" lon="-79.566348">
        <time>2026-08-13T10:03:02Z</time>
      </trkpt>
      <trkpt lat="9.004925" lon="-79.566363">
        <time>2026-08-13T10:03:03Z</time>
      </trkpt>
      <trkpt lat="9.004935" lon="-79.566378">
        <time>2026-08-13T10:03:04Z</time>
      </trkpt>
      <trkpt lat="9.004944" lon="-79.566392">
        <time>2026-08-13T10:03:05Z</time>
      </trkpt>
      <trkpt lat="9.004952" lon="-79.566408">
        <time>2026-08-13T10:03:06Z</time>
      </trkpt>
      <trkpt lat="9.004959" lon="-79.566425">
        <time>2026-08-13T10:03:07Z</time>
      </trkpt>
      <trkpt lat="9.004965" lon="-79.566441">
        <time>2026-08-13T10:03:08Z</time>
      </trkpt>
      <trkpt lat="9.004972" lon="-79.566457">
        <time>2026-08-13T10:03:09Z</time>
      </trkpt>
      <trkpt lat="9.004979" lon="-79.566476">
        <time>2026-08-13T10:03:10Z</time>
      </trkpt>
      <trkpt lat="9.004987" lon="-79.566495">
        <time>2026-08-13T10:03:11Z</time>
      </trkpt>
      <trkpt lat="9.004995" lon="-79.566513">
        <time>2026-08-13T10:03:12Z</time>
      </trkpt>
      <trkpt lat="9.005002" lon="-79.566531">
        <time>2026-08-13T10:03:13Z</time>
      </trkpt>
      <trkpt lat="9.005012" lon="-79.566548">
        <time>2026-08-13T10:03:14Z</time>
      </trkpt>
      <trkpt lat="9.005020" lon="-79.566564">
        <time>2026-08-13T10:03:15Z</time>
      </trkpt>
      <trkpt lat="9.005030" lon="-79.566582">
        <time>2026-08-13T10:03:16Z</time>
      </trkpt>
      <trkpt lat="9.005040" lon="-79.566598">
        <time>2026-08-13T10:03:17Z</time>
      </trkpt>
      <trkpt lat="9.005048" lon="-79.566616">
        <time>2026-08-13T10:03:18Z</time>
      </trkpt>
      <trkpt lat="9.005053" lon="-79.566633">
        <time>2026-08-13T10:03:19Z</time>
      </trkpt>
      <trkpt lat="9.005056" lon="-79.566651">
        <time>2026-08-13T10:03:20Z</time>
      </trkpt>
      <trkpt lat="9.005061" lon="-79.566669">
        <time>2026-08-13T10:03:21Z</time>
      </trkpt>
      <trkpt lat="9.005066" lon="-79.566686">
        <time>2026-08-13T10:03:22Z</time>
      </trkpt>
      <trkpt lat="9.005072" lon="-79.566703">
        <time>2026-08-13T10:03:23Z</time>
      </trkpt>
      <trkpt lat="9.005076" lon="-79.566724">
        <time>2026-08-13T10:03:24Z</time>
      </trkpt>
      <trkpt lat="9.005081" lon="-79.566742">
        <time>2026-08-13T10:03:25Z</time>
      </trkpt>
      <trkpt lat="9.005089" lon="-79.566760">
        <time>2026-08-13T10:03:26Z</time>
      </trkpt>
      <trkpt lat="9.005098" lon="-79.566779">
        <time>2026-08-13T10:03:27Z</time>
      </trkpt>
      <trkpt lat="9.005105" lon="-79.566799">
        <time>2026-08-13T10:03:28Z</time>
      </trkpt>
      <trkpt lat="9.005113" lon="-79.566814">
        <time>2026-08-13T10:03:29Z</time>
      </trkpt>
      <trkpt lat="9.005122" lon="-79.566830">
        <time>2026-08-13T10:03:30Z</time>
      </trkpt>
      <trkpt lat="9.005128" lon="-79.566849">
        <time>2026-08-13T10:03:31Z</time>
      </trkpt>
      <trkpt lat="9.005130" lon="-79.566867">
        <time>2026-08-13T10:03:32Z</time>
      </trkpt>
      <trkpt lat="9.005132" lon="-79.566883">
        <time>2026-08-13T10:03:33Z</time>
      </trkpt>
      <trkpt lat="9.005132" lon="-79.566905">
        <time>2026-08-13T10:03:34Z</time>
      </trkpt>
      <trkpt lat="9.005133" lon="-79.566925">
        <time>2026-08-13T10:03:35Z</time>
      </trkpt>
      <trkpt lat="9.005138" lon="-79.566945">
        <time>2026-08-13T10:03:36Z</time>
      </trkpt>
      <trkpt lat="9.005146" lon="-79.566963">
        <time>2026-08-13T10:03:37Z</time>
      </trkpt>
      <trkpt lat="9.005153" lon="-79.566979">
        <time>2026-08-13T10:03:38Z</time>
      </trkpt>
      <trkpt lat="9.005162" lon="-79.566996">
        <time>2026-08-13T10:03:39Z</time>
      </trkpt>
      <trkpt lat="9.005172" lon="-79.567014">
        <time>2026-08-13T10:03:40Z</time>
      </trkpt>
      <trkpt lat="9.005181" lon="-79.567033">
        <time>2026-08-13T10:03:41Z</time>
      </trkpt>
      <trkpt lat="9.005190" lon="-79.567049">
        <time>2026-08-13T10:03:42Z</time>
      </trkpt>
      <trkpt lat="9.005200" lon="-79.567068">
        <time>2026-08-13T10:03:43Z</time>
      </trkpt>
      <trkpt lat="9.005206" lon="-79.567083">
        <time>2026-08-13T10:03:44Z</time>
      </trkpt>
      <trkpt lat="9.005216" lon="-79.567101">
        <time>2026-08-13T10:03:45Z</time>
      </trkpt>
      <trkpt lat="9.005225" lon="-79.567121">
        <time>2026-08-13T10:03:46Z</time>
      </trkpt>
      <trkpt lat="9.005235" lon="-79.567135">
        <time>2026-08-13T10:03:47Z</time>
      </trkpt>
      <trkpt lat="9.005245" lon="-79.567152">
        <time>2026-08-13T10:03:48Z</time>
      </trkpt>
      <trkpt lat="9.005252" lon="-79.567170">
        <time>2026-08-13T10:03:49Z</time>
      </trkpt>
      <trkpt lat="9.005260" lon="-79.567185">
        <time>2026-08-13T10:03:50Z</time>
      </trkpt>
      <trkpt lat="9.005267" lon="-79.567200">
        <time>2026-08-13T10:03:51Z</time>
      </trkpt>
      <trkpt lat="9.005273" lon="-79.567217">
        <time>2026-08-13T10:03:52Z</time>
      </trkpt>
      <trkpt lat="9.005279" lon="-79.567233">
        <time>2026-08-13T10:03:53Z</time>
      </trkpt>
      <trkpt lat="9.005287" lon="-79.567250">
        <time>2026-08-13T10:03:54Z</time>
      </trkpt>
      <trkpt lat="9.005295" lon="-79.567269">
        <time>2026-08-13T10:03:55Z</time>
      </trkpt>
      <trkpt lat="9.005299" lon="-79.567285">
        <time>2026-08-13T10:03:56Z</time>
      </trkpt>
      <trkpt lat="9.005308" lon="-79.567305">
        <time>2026-08-13T10:03:57Z</time>
      </trkpt>
      <trkpt lat="9.005317" lon="-79.567324">
        <time>2026-08-13T10:03:58Z</time>
      </trkpt>
      <trkpt lat="9.005325" lon="-79.567342">
        <time>2026-08-13T10:03:59Z</time>
      </trkpt>
      <trkpt lat="9.005335" lon="-79.567358">
        <time>2026-08-13T10:04:00Z</time>
      </trkpt>
      <trkpt lat="9.005345" lon="-79.567378">
        <time>2026-08-13T10:04:01Z</time>
      </trkpt>
      <trkpt lat="9.005356" lon="-79.567395">
        <time>2026-08-13T10:04:02Z</time>
      </trkpt>
      <trkpt lat="9.005367" lon="-79.567416">
        <time>2026-08-13T10:04:03Z</time>
      </trkpt>
      <trkpt lat="9.005379" lon="-79.567434">
        <time>2026-08-13T10:04:04Z</time>
      </trkpt>
      <trkpt lat="9.005392" lon="-79.567450">
        <time>2026-08-13T10:04:05Z</time>
      </trkpt>
      <trkpt lat="9.005403" lon="-79.567468">
        <time>2026-08-13T10:04:06Z</time>
      </trkpt>
      <trkpt lat="9.005411" lon="-79.567486">
        <time>2026-08-13T10:04:07Z</time>
      </trkpt>
      <trkpt lat="9.005420" lon="-79.567504">
        <time>2026-08-13T10:04:08Z</time>
      </trkpt>
      <trkpt lat="9.005431" lon="-79.567518">
        <time>2026-08-13T10:04:09Z</time>
      </trkpt>
      <trkpt lat="9.005444" lon="-79.567532">
        <time>2026-08-13T10:04:10Z</time>
      </trkpt>
      <trkpt lat="9.005453" lon="-79.567551">
        <time>2026-08-13T10:04:11Z</time>
      </trkpt>
      <trkpt lat="9.005466" lon="-79.567566">
        <time>2026-08-13T10:04:12Z</time>
      </trkpt>
      <trkpt lat="9.005478" lon="-79.567580">
        <time>2026-08-13T10:04:13Z</time>
      </trkpt>
      <trkpt lat="9.005489" lon="-79.567598">
        <time>2026-08-13T10:04:14Z</time>
      </trkpt>
      <trkpt lat="9.005501" lon="-79.567612">
        <time>2026-08-13T10:04:15Z</time>
      </trkpt>
      <trkpt lat="9.005511" lon="-79.567626">
        <time>2026-08-13T10:04:16Z</time>
      </trkpt>
      <trkpt lat="9.005523" lon="-79.567644">
        <time>2026-08-13T10:04:17Z</time>
      </trkpt>
      <trkpt lat="9.005536" lon="-79.567659">
        <time>2026-08-13T10:04:18Z</time>
      </trkpt>
      <trkpt lat="9.005549" lon="-79.567675">
        <time>2026-08-13T10:04:19Z</time>
      </trkpt>
      <trkpt lat="9.005564" lon="-79.567689">
        <time>2026-08-13T10:04:20Z</time>
      </trkpt>
      <trkpt lat="9.005576" lon="-79.567705">
        <time>2026-08-13T10:04:21Z</time>
      </trkpt>
      <trkpt lat="9.005585" lon="-79.567722">
        <time>2026-08-13T10:04:22Z</time>
      </trkpt>
      <trkpt lat="9.005598" lon="-79.567739">
        <time>2026-08-13T10:04:23Z</time>
      </trkpt>
      <trkpt lat="9.005611" lon="-79.567756">
        <time>2026-08-13T10:04:24Z</time>
      </trkpt>
      <trkpt lat="9.005624" lon="-79.567770">
        <time>2026-08-13T10:04:25Z</time>
      </trkpt>
      <trkpt lat="9.005638" lon="-79.567786">
        <time>2026-08-13T10:04:26Z</time>
      </trkpt>
      <trkpt lat="9.005651" lon="-79.567802">
        <time>2026-08-13T10:04:27Z</time>
      </trkpt>
      <trkpt lat="9.005666" lon="-79.567815">
        <time>2026-08-13T10:04:28Z</time>
      </trkpt>
      <trkpt lat="9.005681" lon="-79.567830">
        <time>2026-08-13T10:04:29Z</time>
      </trkpt>
      <trkpt lat="9.005695" lon="-79.567845">
        <time>2026-08-13T10:04:30Z</time>
      </trkpt>
      <trkpt lat="9.005709" lon="-79.567860">
        <time>2026-08-13T10:04:31Z</time>
      </trkpt>
      <trkpt lat="9.005719" lon="-79.567871">
        <time>2026-08-13T10:04:32Z</time>
      </trkpt>
      <trkpt lat="9.005728" lon="-79.567886">
        <time>2026-08-13T10:04:33Z</time>
      </trkpt>
      <trkpt lat="9.005737" lon="-79.567899">
        <time>2026-08-13T10:04:34Z</time>
      </trkpt>
      <trkpt lat="9.005748" lon="-79.567911">
        <time>2026-08-13T10:04:35Z</time>
      </trkpt>
      <trkpt lat="9.005760" lon="-79.567923">
        <time>2026-08-13T10:04:36Z</time>
      </trkpt>
      <trkpt lat="9.005772" lon="-79.567937">
        <time>2026-08-13T10:04:37Z</time>
      </trkpt>
      <trkpt lat="9.005781" lon="-79.567950">
        <time>2026-08-13T10:04:38Z</time>
      </trkpt>
      <trkpt lat="9.005790" lon="-79.567963">
        <time>2026-08-13T10:04:39Z</time>
      </trkpt>
      <trkpt lat="9.005795" lon="-79.567979">
        <time>2026-08-13T10:04:40Z</time>
      </trkpt>
      <trkpt lat="9.005797" lon="-79.567997">
        <time>2026-08-13T10:04:41Z</time>
      </trkpt>
      <trkpt lat="9.005798" lon="-79.568015">
        <time>2026-08-13T10:04:42Z</time>
      </trkpt>
      <trkpt lat="9.005796" lon="-79.568031">
        <time>2026-08-13T10:04:43Z</time>
      </trkpt>
      <trkpt lat="9.005791" lon="-79.568047">
        <time>2026-08-13T10:04:44Z</time>
      </trkpt>
      <trkpt lat="9.005783" lon="-79.568065">
        <time>2026-08-13T10:04:45Z</time>
      </trkpt>
      <trkpt lat="9.005773" lon="-79.568081">
        <time>2026-08-13T10:04:46Z</time>
      </trkpt>
      <trkpt lat="9.005764" lon="-79.568097">
        <time>2026-08-13T10:04:47Z</time>
      </trkpt>
      <trkpt lat="9.005753" lon="-79.568112">
        <time>2026-08-13T10:04:48Z</time>
      </trkpt>
      <trkpt lat="9.005744" lon="-79.568125">
        <time>2026-08-13T10:04:49Z</time>
      </trkpt>
      <trkpt lat="9.005735" lon="-79.568144">
        <time>2026-08-13T10:04:50Z</time>
      </trkpt>
      <trkpt lat="9.005724" lon="-79.568161">
        <time>2026-08-13T10:04:51Z</time>
      </trkpt>
      <trkpt lat="9.005714" lon="-79.568179">
        <time>2026-08-13T10:04:52Z</time>
      </trkpt>
      <trkpt lat="9.005703" lon="-79.568194">
        <time>2026-08-13T10:04:53Z</time>
      </trkpt>
      <trkpt lat="9.005694" lon="-79.568208">
        <time>2026-08-13T10:04:54Z</time>
      </trkpt>
      <trkpt lat="9.005684" lon="-79.568223">
        <time>2026-08-13T10:04:55Z</time>
      </trkpt>
      <trkpt lat="9.005673" lon="-79.568239">
        <time>2026-08-13T10:04:56Z</time>
      </trkpt>
      <trkpt lat="9.005665" lon="-79.568260">
        <time>2026-08-13T10:04:57Z</time>
      </trkpt>
      <trkpt lat="9.005653" lon="-79.568276">
        <time>2026-08-13T10:04:58Z</time>
      </trkpt>
      <trkpt lat="9.005641" lon="-79.568293">
        <time>2026-08-13T10:04:59Z</time>
      </trkpt>
      <trkpt lat="9.005631" lon="-79.568309">
        <time>2026-08-13T10:05:00Z</time>
      </trkpt>
      <trkpt lat="9.005621" lon="-79.568326">
        <time>2026-08-13T10:05:01Z</time>
      </trkpt>
      <trkpt lat="9.005611" lon="-79.568341">
        <time>2026-08-13T10:05:02Z</time>
      </trkpt>
      <trkpt lat="9.005599" lon="-79.568358">
        <time>2026-08-13T10:05:03Z</time>
      </trkpt>
      <trkpt lat="9.005587" lon="-79.568375">
        <time>2026-08-13T10:05:04Z</time>
      </trkpt>
      <trkpt lat="9.005577" lon="-79.568392">
        <time>2026-08-13T10:05:05Z</time>
      </trkpt>
      <trkpt lat="9.005568" lon="-79.568412">
        <time>2026-08-13T10:05:06Z</time>
      </trkpt>
      <trkpt lat="9.005562" lon="-79.568432">
        <time>2026-08-13T10:05:07Z</time>
      </trkpt>
      <trkpt lat="9.005559" lon="-79.568450">
        <time>2026-08-13T10:05:08Z</time>
      </trkpt>
      <trkpt lat="9.005557" lon="-79.568474">
        <time>2026-08-13T10:05:09Z</time>
      </trkpt>
      <trkpt lat="9.005556" lon="-79.568496">
        <time>2026-08-13T10:05:10Z</time>
      </trkpt>
      <trkpt lat="9.005557" lon="-79.568518">
        <time>2026-08-13T10:05:11Z</time>
      </trkpt>
      <trkpt lat="9.005554" lon="-79.568538">
        <time>2026-08-13T10:05:12Z</time>
      </trkpt>
      <trkpt lat="9.005549" lon="-79.568559">
        <time>2026-08-13T10:05:13Z</time>
      </trkpt>
      <trkpt lat="9.005547" lon="-79.568577">
        <time>2026-08-13T10:05:14Z</time>
      </trkpt>
      <trkpt lat="9.005545" lon="-79.568591">
        <time>2026-08-13T10:05:15Z</time>
      </trkpt>
      <trkpt lat="9.005542" lon="-79.568607">
        <time>2026-08-13T10:05:16Z</time>
      </trkpt>
      <trkpt lat="9.005537" lon="-79.568626">
        <time>2026-08-13T10:05:17Z</time>
      </trkpt>
      <trkpt lat="9.005531" lon="-79.568646">
        <time>2026-08-13T10:05:18Z</time>
      </trkpt>
      <trkpt lat="9.005528" lon="-79.568665">
        <time>2026-08-13T10:05:19Z</time>
      </trkpt>
      <trkpt lat="9.005526" lon="-79.568686">
        <time>2026-08-13T10:05:20Z</time>
      </trkpt>
      <trkpt lat="9.005525" lon="-79.568705">
        <time>2026-08-13T10:05:21Z</time>
      </trkpt>
      <trkpt lat="9.005521" lon="-79.568720">
        <time>2026-08-13T10:05:22Z</time>
      </trkpt>
      <trkpt lat="9.005516" lon="-79.568737">
        <time>2026-08-13T10:05:23Z</time>
      </trkpt>
      <trkpt lat="9.005513" lon="-79.568757">
        <time>2026-08-13T10:05:24Z</time>
      </trkpt>
      <trkpt lat="9.005506" lon="-79.568773">
        <time>2026-08-13T10:05:25Z</time>
      </trkpt>
      <trkpt lat="9.005502" lon="-79.568793">
        <time>2026-08-13T10:05:26Z</time>
      </trkpt>
      <trkpt lat="9.005499" lon="-79.568813">
        <time>2026-08-13T10:05:27Z</time>
      </trkpt>
      <trkpt lat="9.005492" lon="-79.568832">
        <time>2026-08-13T10:05:28Z</time>
      </trkpt>
      <trkpt lat="9.005485" lon="-79.568852">
        <time>2026-08-13T10:05:29Z</time>
      </trkpt>
      <trkpt lat="9.005478" lon="-79.568871">
        <time>2026-08-13T10:05:30Z</time>
      </trkpt>
      <trkpt lat="9.005474" lon="-79.568890">
        <time>2026-08-13T10:05:31Z</time>
      </trkpt>
      <trkpt lat="9.005470" lon="-79.568907">
        <time>2026-08-13T10:05:32Z</time>
      </trkpt>
      <trkpt lat="9.005462" lon="-79.568923">
        <time>2026-08-13T10:05:33Z</time>
      </trkpt>
      <trkpt lat="9.005456" lon="-79.568941">
        <time>2026-08-13T10:05:34Z</time>
      </trkpt>
      <trkpt lat="9.005453" lon="-79.568960">
        <time>2026-08-13T10:05:35Z</time>
      </trkpt>
      <trkpt lat="9.005447" lon="-79.568981">
        <time>2026-08-13T10:05:36Z</time>
      </trkpt>
      <trkpt lat="9.005440" lon="-79.569001">
        <time>2026-08-13T10:05:37Z</time>
      </trkpt>
      <trkpt lat="9.005436" lon="-79.569021">
        <time>2026-08-13T10:05:38Z</time>
      </trkpt>
      <trkpt lat="9.005431" lon="-79.569038">
        <time>2026-08-13T10:05:39Z</time>
      </trkpt>
      <trkpt lat="9.005423" lon="-79.569057">
        <time>2026-08-13T10:05:40Z</time>
      </trkpt>
      <trkpt lat="9.005417" lon="-79.569076">
        <time>2026-08-13T10:05:41Z</time>
      </trkpt>
      <trkpt lat="9.005412" lon="-79.569094">
        <time>2026-08-13T10:05:42Z</time>
      </trkpt>
      <trkpt lat="9.005406" lon="-79.569110">
        <time>2026-08-13T10:05:43Z</time>
      </trkpt>
      <trkpt lat="9.005400" lon="-79.569135">
        <time>2026-08-13T10:05:44Z</time>
      </trkpt>
      <trkpt lat="9.005396" lon="-79.569156">
        <time>2026-08-13T10:05:45Z</time>
      </trkpt>
      <trkpt lat="9.005394" lon="-79.569179">
        <time>2026-08-13T10:05:46Z</time>
      </trkpt>
      <trkpt lat="9.005393" lon="-79.569202">
        <time>2026-08-13T10:05:47Z</time>
      </trkpt>
      <trkpt lat="9.005388" lon="-79.569224">
        <time>2026-08-13T10:05:48Z</time>
      </trkpt>
      <trkpt lat="9.005382" lon="-79.569242">
        <time>2026-08-13T10:05:49Z</time>
      </trkpt>
      <trkpt lat="9.005376" lon="-79.569263">
        <time>2026-08-13T10:05:50Z</time>
      </trkpt>
      <trkpt lat="9.005375" lon="-79.569284">
        <time>2026-08-13T10:05:51Z</time>
      </trkpt>
      <trkpt lat="9.005371" lon="-79.569304">
        <time>2026-08-13T10:05:52Z</time>
      </trkpt>
      <trkpt lat="9.005367" lon="-79.569326">
        <time>2026-08-13T10:05:53Z</time>
      </trkpt>
      <trkpt lat="9.005365" lon="-79.569347">
        <time>2026-08-13T10:05:54Z</time>
      </trkpt>
      <trkpt lat="9.005364" lon="-79.569367">
        <time>2026-08-13T10:05:55Z</time>
      </trkpt>
      <trkpt lat="9.005359" lon="-79.569388">
        <time>2026-08-13T10:05:56Z</time>
      </trkpt>
      <trkpt lat="9.005351" lon="-79.569409">
        <time>2026-08-13T10:05:57Z</time>
      </trkpt>
      <trkpt lat="9.005345" lon="-79.569427">
        <time>2026-08-13T10:05:58Z</time>
      </trkpt>
      <trkpt lat="9.005340" lon="-79.569444">
        <time>2026-08-13T10:05:59Z</time>
      </trkpt>
      <trkpt lat="9.005335" lon="-79.569461">
        <time>2026-08-13T10:06:00Z</time>
      </trkpt>
      <trkpt lat="9.005330" lon="-79.569479">
        <time>2026-08-13T10:06:01Z</time>
      </trkpt>
      <trkpt lat="9.005325" lon="-79.569494">
        <time>2026-08-13T10:06:02Z</time>
      </trkpt>
      <trkpt lat="9.005317" lon="-79.569514">
        <time>2026-08-13T10:06:03Z</time>
      </trkpt>
      <trkpt lat="9.005311" lon="-79.569533">
        <time>2026-08-13T10:06:04Z</time>
      </trkpt>
      <trkpt lat="9.005306" lon="-79.569552">
        <time>2026-08-13T10:06:05Z</time>
      </trkpt>
      <trkpt lat="9.005299" lon="-79.569572">
        <time>2026-08-13T10:06:06Z</time>
      </trkpt>
      <trkpt lat="9.005294" lon="-79.569593">
        <time>2026-08-13T10:06:07Z</time>
      </trkpt>
      <trkpt lat="9.005288" lon="-79.569611">
        <time>2026-08-13T10:06:08Z</time>
      </trkpt>
      <trkpt lat="9.005284" lon="-79.569626">
        <time>2026-08-13T10:06:09Z</time>
      </trkpt>
      <trkpt lat="9.005280" lon="-79.569646">
        <time>2026-08-13T10:06:10Z</time>
      </trkpt>
      <trkpt lat="9.005271" lon="-79.569666">
        <time>2026-08-13T10:06:11Z</time>
      </trkpt>
      <trkpt lat="9.005265" lon="-79.569685">
        <time>2026-08-13T10:06:12Z</time>
      </trkpt>
      <trkpt lat="9.005260" lon="-79.569705">
        <time>2026-08-13T10:06:13Z</time>
      </trkpt>
      <trkpt lat="9.005254" lon="-79.569725">
        <time>2026-08-13T10:06:14Z</time>
      </trkpt>
      <trkpt lat="9.005249" lon="-79.569743">
        <time>2026-08-13T10:06:15Z</time>
      </trkpt>
      <trkpt lat="9.005240" lon="-79.569762">
        <time>2026-08-13T10:06:16Z</time>
      </trkpt>
      <trkpt lat="9.005232" lon="-79.569780">
        <time>2026-08-13T10:06:17Z</time>
      </trkpt>
      <trkpt lat="9.005222" lon="-79.569797">
        <time>2026-08-13T10:06:18Z</time>
      </trkpt>
      <trkpt lat="9.005211" lon="-79.569814">
        <time>2026-08-13T10:06:19Z</time>
      </trkpt>
      <trkpt lat="9.005203" lon="-79.569834">
        <time>2026-08-13T10:06:20Z</time>
      </trkpt>
      <trkpt lat="9.005193" lon="-79.569852">
        <time>2026-08-13T10:06:21Z</time>
      </trkpt>
      <trkpt lat="9.005184" lon="-79.569869">
        <time>2026-08-13T10:06:22Z</time>
      </trkpt>
      <trkpt lat="9.005176" lon="-79.569889">
        <time>2026-08-13T10:06:23Z</time>
      </trkpt>
      <trkpt lat="9.005167" lon="-79.569907">
        <time>2026-08-13T10:06:24Z</time>
      </trkpt>
      <trkpt lat="9.005158" lon="-79.569925">
        <time>2026-08-13T10:06:25Z</time>
      </trkpt>
      <trkpt lat="9.005149" lon="-79.569948">
        <time>2026-08-13T10:06:26Z</time>
      </trkpt>
      <trkpt lat="9.005142" lon="-79.569968">
        <time>2026-08-13T10:06:27Z</time>
      </trkpt>
      <trkpt lat="9.005136" lon="-79.569987">
        <time>2026-08-13T10:06:28Z</time>
      </trkpt>
      <trkpt lat="9.005129" lon="-79.570005">
        <time>2026-08-13T10:06:29Z</time>
      </trkpt>
      <trkpt lat="9.005120" lon="-79.570026">
        <time>2026-08-13T10:06:30Z</time>
      </trkpt>
      <trkpt lat="9.005111" lon="-79.570046">
        <time>2026-08-13T10:06:31Z</time>
      </trkpt>
      <trkpt lat="9.005104" lon="-79.570064">
        <time>2026-08-13T10:06:32Z</time>
      </trkpt>
      <trkpt lat="9.005097" lon="-79.570083">
        <time>2026-08-13T10:06:33Z</time>
      </trkpt>
      <trkpt lat="9.005090" lon="-79.570102">
        <time>2026-08-13T10:06:34Z</time>
      </trkpt>
      <trkpt lat="9.005082" lon="-79.570121">
        <time>2026-08-13T10:06:35Z</time>
      </trkpt>
      <trkpt lat="9.005075" lon="-79.570139">
        <time>2026-08-13T10:06:36Z</time>
      </trkpt>
      <trkpt lat="9.005067" lon="-79.570156">
        <time>2026-08-13T10:06:37Z</time>
      </trkpt>
      <trkpt lat="9.005060" lon="-79.570173">
        <time>2026-08-13T10:06:38Z</time>
      </trkpt>
      <trkpt lat="9.005057" lon="-79.570190">
        <time>2026-08-13T10:06:39Z</time>
      </trkpt>
      <trkpt lat="9.005052" lon="-79.570208">
        <time>2026-08-13T10:06:40Z</time>
      </trkpt>
      <trkpt lat="9.005047" lon="-79.570228">
        <time>2026-08-13T10:06:41Z</time>
      </trkpt>
      <trkpt lat="9.005042" lon="-79.570250">
        <time>2026-08-13T10:06:42Z</time>
      </trkpt>
      <trkpt lat="9.005044" lon="-79.570273">
        <time>2026-08-13T10:06:43Z</time>
      </trkpt>
      <trkpt lat="9.005045" lon="-79.570292">
        <time>2026-08-13T10:06:44Z</time>
      </trkpt>
      <trkpt lat="9.005040" lon="-79.570313">
        <time>2026-08-13T10:06:45Z</time>
      </trkpt>
      <trkpt lat="9.005033" lon="-79.570333">
        <time>2026-08-13T10:06:46Z</time>
      </trkpt>
      <trkpt lat="9.005024" lon="-79.570356">
        <time>2026-08-13T10:06:47Z</time>
      </trkpt>
      <trkpt lat="9.005017" lon="-79.570376">
        <time>2026-08-13T10:06:48Z</time>
      </trkpt>
      <trkpt lat="9.005014" lon="-79.570398">
        <time>2026-08-13T10:06:49Z</time>
      </trkpt>
      <trkpt lat="9.005006" lon="-79.570422">
        <time>2026-08-13T10:06:50Z</time>
      </trkpt>
      <trkpt lat="9.005000" lon="-79.570442">
        <time>2026-08-13T10:06:51Z</time>
      </trkpt>
      <trkpt lat="9.004995" lon="-79.570464">
        <time>2026-08-13T10:06:52Z</time>
      </trkpt>
      <trkpt lat="9.004987" lon="-79.570486">
        <time>2026-08-13T10:06:53Z</time>
      </trkpt>
      <trkpt lat="9.004980" lon="-79.570508">
        <time>2026-08-13T10:06:54Z</time>
      </trkpt>
      <trkpt lat="9.004973" lon="-79.570530">
        <time>2026-08-13T10:06:55Z</time>
      </trkpt>
      <trkpt lat="9.004967" lon="-79.570550">
        <time>2026-08-13T10:06:56Z</time>
      </trkpt>
      <trkpt lat="9.004961" lon="-79.570569">
        <time>2026-08-13T10:06:57Z</time>
      </trkpt>
      <trkpt lat="9.004956" lon="-79.570589">
        <time>2026-08-13T10:06:58Z</time>
      </trkpt>
      <trkpt lat="9.004946" lon="-79.570612">
        <time>2026-08-13T10:06:59Z</time>
      </trkpt>
      <trkpt lat="9.004940" lon="-79.570628">
        <time>2026-08-13T10:07:00Z</time>
      </trkpt>
      <trkpt lat="9.004930" lon="-79.570643">
        <time>2026-08-13T10:07:01Z</time>
      </trkpt>
      <trkpt lat="9.004920" lon="-79.570662">
        <time>2026-08-13T10:07:02Z</time>
      </trkpt>
      <trkpt lat="9.004910" lon="-79.570678">
        <time>2026-08-13T10:07:03Z</time>
      </trkpt>
      <trkpt lat="9.004902" lon="-79.570698">
        <time>2026-08-13T10:07:04Z</time>
      </trkpt>
      <trkpt lat="9.004898" lon="-79.570716">
        <time>2026-08-13T10:07:05Z</time>
      </trkpt>
      <trkpt lat="9.004895" lon="-79.570737">
        <time>2026-08-13T10:07:06Z</time>
      </trkpt>
      <trkpt lat="9.004889" lon="-79.570759">
        <time>2026-08-13T10:07:07Z</time>
      </trkpt>
      <trkpt lat="9.004883" lon="-79.570779">
        <time>2026-08-13T10:07:08Z</time>
      </trkpt>
      <trkpt lat="9.004878" lon="-79.570800">
        <time>2026-08-13T10:07:09Z</time>
      </trkpt>
      <trkpt lat="9.004874" lon="-79.570824">
        <time>2026-08-13T10:07:10Z</time>
      </trkpt>
      <trkpt lat="9.004872" lon="-79.570844">
        <time>2026-08-13T10:07:11Z</time>
      </trkpt>
      <trkpt lat="9.004870" lon="-79.570867">
        <time>2026-08-13T10:07:12Z</time>
      </trkpt>
      <trkpt lat="9.004870" lon="-79.570887">
        <time>2026-08-13T10:07:13Z</time>
      </trkpt>
      <trkpt lat="9.004870" lon="-79.570906">
        <time>2026-08-13T10:07:14Z</time>
      </trkpt>
      <trkpt lat="9.004874" lon="-79.570927">
        <time>2026-08-13T10:07:15Z</time>
      </trkpt>
      <trkpt lat="9.004878" lon="-79.570948">
        <time>2026-08-13T10:07:16Z</time>
      </trkpt>
      <trkpt lat="9.004879" lon="-79.570971">
        <time>2026-08-13T10:07:17Z</time>
      </trkpt>
      <trkpt lat="9.004877" lon="-79.570992">
        <time>2026-08-13T10:07:18Z</time>
      </trkpt>
      <trkpt lat="9.004875" lon="-79.571013">
        <time>2026-08-13T10:07:19Z</time>
      </trkpt>
      <trkpt lat="9.004873" lon="-79.571032">
        <time>2026-08-13T10:07:20Z</time>
      </trkpt>
      <trkpt lat="9.004869" lon="-79.571053">
        <time>2026-08-13T10:07:21Z</time>
      </trkpt>
      <trkpt lat="9.004865" lon="-79.571076">
        <time>2026-08-13T10:07:22Z</time>
      </trkpt>
      <trkpt lat="9.004866" lon="-79.571094">
        <time>2026-08-13T10:07:23Z</time>
      </trkpt>
      <trkpt lat="9.004863" lon="-79.571116">
        <time>2026-08-13T10:07:24Z</time>
      </trkpt>
      <trkpt lat="9.004861" lon="-79.571137">
        <time>2026-08-13T10:07:25Z</time>
      </trkpt>
      <trkpt lat="9.004860" lon="-79.571158">
        <time>2026-08-13T10:07:26Z</time>
      </trkpt>
      <trkpt lat="9.004857" lon="-79.571179">
        <time>2026-08-13T10:07:27Z</time>
      </trkpt>
      <trkpt lat="9.004854" lon="-79.571199">
        <time>2026-08-13T10:07:28Z</time>
      </trkpt>
      <trkpt lat="9.004853" lon="-79.571220">
        <time>2026-08-13T10:07:29Z</time>
      </trkpt>
      <trkpt lat="9.004851" lon="-79.571241">
        <time>2026-08-13T10:07:30Z</time>
      </trkpt>
      <trkpt lat="9.004850" lon="-79.571262">
        <time>2026-08-13T10:07:31Z</time>
      </trkpt>
      <trkpt lat="9.004850" lon="-79.571282">
        <time>2026-08-13T10:07:32Z</time>
      </trkpt>
      <trkpt lat="9.004847" lon="-79.571302">
        <time>2026-08-13T10:07:33Z</time>
      </trkpt>
      <trkpt lat="9.004845" lon="-79.571323">
        <time>2026-08-13T10:07:34Z</time>
      </trkpt>
      <trkpt lat="9.004844" lon="-79.571344">
        <time>2026-08-13T10:07:35Z</time>
      </trkpt>
      <trkpt lat="9.004842" lon="-79.571363">
        <time>2026-08-13T10:07:36Z</time>
      </trkpt>
      <trkpt lat="9.004844" lon="-79.571384">
        <time>2026-08-13T10:07:37Z</time>
      </trkpt>
      <trkpt lat="9.004845" lon="-79.571403">
        <time>2026-08-13T10:07:38Z</time>
      </trkpt>
      <trkpt lat="9.004844" lon="-79.571421">
        <time>2026-08-13T10:07:39Z</time>
      </trkpt>
      <trkpt lat="9.004842" lon="-79.571440">
        <time>2026-08-13T10:07:40Z</time>
      </trkpt>
      <trkpt lat="9.004840" lon="-79.571461">
        <time>2026-08-13T10:07:41Z</time>
      </trkpt>
      <trkpt lat="9.004838" lon="-79.571482">
        <time>2026-08-13T10:07:42Z</time>
      </trkpt>
      <trkpt lat="9.004837" lon="-79.571504">
        <time>2026-08-13T10:07:43Z</time>
      </trkpt>
      <trkpt lat="9.004834" lon="-79.571529">
        <time>2026-08-13T10:07:44Z</time>
      </trkpt>
      <trkpt lat="9.004831" lon="-79.571555">
        <time>2026-08-13T10:07:45Z</time>
      </trkpt>
      <trkpt lat="9.004829" lon="-79.571580">
        <time>2026-08-13T10:07:46Z</time>
      </trkpt>
      <trkpt lat="9.004825" lon="-79.571602">
        <time>2026-08-13T10:07:47Z</time>
      </trkpt>
      <trkpt lat="9.004822" lon="-79.571623">
        <time>2026-08-13T10:07:48Z</time>
      </trkpt>
      <trkpt lat="9.004820" lon="-79.571644">
        <time>2026-08-13T10:07:49Z</time>
      </trkpt>
      <trkpt lat="9.004817" lon="-79.571667">
        <time>2026-08-13T10:07:50Z</time>
      </trkpt>
      <trkpt lat="9.004814" lon="-79.571690">
        <time>2026-08-13T10:07:51Z</time>
      </trkpt>
      <trkpt lat="9.004810" lon="-79.571711">
        <time>2026-08-13T10:07:52Z</time>
      </trkpt>
      <trkpt lat="9.004806" lon="-79.571730">
        <time>2026-08-13T10:07:53Z</time>
      </trkpt>
      <trkpt lat="9.004804" lon="-79.571749">
        <time>2026-08-13T10:07:54Z</time>
      </trkpt>
      <trkpt lat="9.004801" lon="-79.571770">
        <time>2026-08-13T10:07:55Z</time>
      </trkpt>
      <trkpt lat="9.004795" lon="-79.571790">
        <time>2026-08-13T10:07:56Z</time>
      </trkpt>
      <trkpt lat="9.004790" lon="-79.571811">
        <time>2026-08-13T10:07:57Z</time>
      </trkpt>
      <trkpt lat="9.004788" lon="-79.571831">
        <time>2026-08-13T10:07:58Z</time>
      </trkpt>
      <trkpt lat="9.004784" lon="-79.571851">
        <time>2026-08-13T10:07:59Z</time>
      </trkpt>
      <trkpt lat="9.004780" lon="-79.571872">
        <time>2026-08-13T10:08:00Z</time>
      </trkpt>
      <trkpt lat="9.004775" lon="-79.571890">
        <time>2026-08-13T10:08:01Z</time>
      </trkpt>
      <trkpt lat="9.004771" lon="-79.571910">
        <time>2026-08-13T10:08:02Z</time>
      </trkpt>
      <trkpt lat="9.004766" lon="-79.571932">
        <time>2026-08-13T10:08:03Z</time>
      </trkpt>
      <trkpt lat="9.004760" lon="-79.571952">
        <time>2026-08-13T10:08:04Z</time>
      </trkpt>
      <trkpt lat="9.004754" lon="-79.571974">
        <time>2026-08-13T10:08:05Z</time>
      </trkpt>
      <trkpt lat="9.004749" lon="-79.571995">
        <time>2026-08-13T10:08:06Z</time>
      </trkpt>
      <trkpt lat="9.004745" lon="-79.572014">
        <time>2026-08-13T10:08:07Z</time>
      </trkpt>
      <trkpt lat="9.004740" lon="-79.572036">
        <time>2026-08-13T10:08:08Z</time>
      </trkpt>
      <trkpt lat="9.004734" lon="-79.572055">
        <time>2026-08-13T10:08:09Z</time>
      </trkpt>
      <trkpt lat="9.004728" lon="-79.572072">
        <time>2026-08-13T10:08:10Z</time>
      </trkpt>
      <trkpt lat="9.004720" lon="-79.572091">
        <time>2026-08-13T10:08:11Z</time>
      </trkpt>
      <trkpt lat="9.004712" lon="-79.572109">
        <time>2026-08-13T10:08:12Z</time>
      </trkpt>
      <trkpt lat="9.004704" lon="-79.572127">
        <time>2026-08-13T10:08:13Z</time>
      </trkpt>
      <trkpt lat="9.004698" lon="-79.572147">
        <time>2026-08-13T10:08:14Z</time>
      </trkpt>
      <trkpt lat="9.004688" lon="-79.572166">
        <time>2026-08-13T10:08:15Z</time>
      </trkpt>
      <trkpt lat="9.004680" lon="-79.572183">
        <time>2026-08-13T10:08:16Z</time>
      </trkpt>
      <trkpt lat="9.004674" lon="-79.572204">
        <time>2026-08-13T10:08:17Z</time>
      </trkpt>
      <trkpt lat="9.004666" lon="-79.572223">
        <time>2026-08-13T10:08:18Z</time>
      </trkpt>
      <trkpt lat="9.004657" lon="-79.572242">
        <time>2026-08-13T10:08:19Z</time>
      </trkpt>
      <trkpt lat="9.004648" lon="-79.572265">
        <time>2026-08-13T10:08:20Z</time>
      </trkpt>
      <trkpt lat="9.004639" lon="-79.572284">
        <time>2026-08-13T10:08:21Z</time>
      </trkpt>
      <trkpt lat="9.004632" lon="-79.572300">
        <time>2026-08-13T10:08:22Z</time>
      </trkpt>
      <trkpt lat="9.004630" lon="-79.572318">
        <time>2026-08-13T10:08:23Z</time>
      </trkpt>
      <trkpt lat="9.004624" lon="-79.572333">
        <time>2026-08-13T10:08:24Z</time>
      </trkpt>
      <trkpt lat="9.004616" lon="-79.572350">
        <time>2026-08-13T10:08:25Z</time>
      </trkpt>
      <trkpt lat="9.004608" lon="-79.572369">
        <time>2026-08-13T10:08:26Z</time>
      </trkpt>
      <trkpt lat="9.004599" lon="-79.572387">
        <time>2026-08-13T10:08:27Z</time>
      </trkpt>
      <trkpt lat="9.004587" lon="-79.572405">
        <time>2026-08-13T10:08:28Z</time>
      </trkpt>
      <trkpt lat="9.004577" lon="-79.572425">
        <time>2026-08-13T10:08:29Z</time>
      </trkpt>
      <trkpt lat="9.004567" lon="-79.572443">
        <time>2026-08-13T10:08:30Z</time>
      </trkpt>
      <trkpt lat="9.004553" lon="-79.572461">
        <time>2026-08-13T10:08:31Z</time>
      </trkpt>
      <trkpt lat="9.004540" lon="-79.572480">
        <time>2026-08-13T10:08:32Z</time>
      </trkpt>
      <trkpt lat="9.004529" lon="-79.572499">
        <time>2026-08-13T10:08:33Z</time>
      </trkpt>
      <trkpt lat="9.004518" lon="-79.572516">
        <time>2026-08-13T10:08:34Z</time>
      </trkpt>
      <trkpt lat="9.004506" lon="-79.572533">
        <time>2026-08-13T10:08:35Z</time>
      </trkpt>
      <trkpt lat="9.004497" lon="-79.572550">
        <time>2026-08-13T10:08:36Z</time>
      </trkpt>
      <trkpt lat="9.004486" lon="-79.572567">
        <time>2026-08-13T10:08:37Z</time>
      </trkpt>
      <trkpt lat="9.004474" lon="-79.572585">
        <time>2026-08-13T10:08:38Z</time>
      </trkpt>
      <trkpt lat="9.004464" lon="-79.572600">
        <time>2026-08-13T10:08:39Z</time>
      </trkpt>
      <trkpt lat="9.004451" lon="-79.572616">
        <time>2026-08-13T10:08:40Z</time>
      </trkpt>
      <trkpt lat="9.004439" lon="-79.572630">
        <time>2026-08-13T10:08:41Z</time>
      </trkpt>
      <trkpt lat="9.004427" lon="-79.572646">
        <time>2026-08-13T10:08:42Z</time>
      </trkpt>
      <trkpt lat="9.004410" lon="-79.572657">
        <time>2026-08-13T10:08:43Z</time>
      </trkpt>
      <trkpt lat="9.004393" lon="-79.572675">
        <time>2026-08-13T10:08:44Z</time>
      </trkpt>
      <trkpt lat="9.004383" lon="-79.572695">
        <time>2026-08-13T10:08:45Z</time>
      </trkpt>
      <trkpt lat="9.004372" lon="-79.572713">
        <time>2026-08-13T10:08:46Z</time>
      </trkpt>
      <trkpt lat="9.004359" lon="-79.572731">
        <time>2026-08-13T10:08:47Z</time>
      </trkpt>
      <trkpt lat="9.004345" lon="-79.572745">
        <time>2026-08-13T10:08:48Z</time>
      </trkpt>
      <trkpt lat="9.004332" lon="-79.572761">
        <time>2026-08-13T10:08:49Z</time>
      </trkpt>
      <trkpt lat="9.004319" lon="-79.572776">
        <time>2026-08-13T10:08:50Z</time>
      </trkpt>
      <trkpt lat="9.004307" lon="-79.572793">
        <time>2026-08-13T10:08:51Z</time>
      </trkpt>
      <trkpt lat="9.004295" lon="-79.572807">
        <time>2026-08-13T10:08:52Z</time>
      </trkpt>
      <trkpt lat="9.004279" lon="-79.572824">
        <time>2026-08-13T10:08:53Z</time>
      </trkpt>
      <trkpt lat="9.004264" lon="-79.572840">
        <time>2026-08-13T10:08:54Z</time>
      </trkpt>
      <trkpt lat="9.004250" lon="-79.572856">
        <time>2026-08-13T10:08:55Z</time>
      </trkpt>
      <trkpt lat="9.004233" lon="-79.572871">
        <time>2026-08-13T10:08:56Z</time>
      </trkpt>
      <trkpt lat="9.004217" lon="-79.572886">
        <time>2026-08-13T10:08:57Z</time>
      </trkpt>
      <trkpt lat="9.004203" lon="-79.572897">
        <time>2026-08-13T10:08:58Z</time>
      </trkpt>
      <trkpt lat="9.004184" lon="-79.572912">
        <time>2026-08-13T10:08:59Z</time>
      </trkpt>
      <trkpt lat="9.004171" lon="-79.572924">
        <time>2026-08-13T10:09:00Z</time>
      </trkpt>
      <trkpt lat="9.004155" lon="-79.572938">
        <time>2026-08-13T10:09:01Z</time>
      </trkpt>
      <trkpt lat="9.004139" lon="-79.572950">
        <time>2026-08-13T10:09:02Z</time>
      </trkpt>
      <trkpt lat="9.004122" lon="-79.572962">
        <time>2026-08-13T10:09:03Z</time>
      </trkpt>
      <trkpt lat="9.004105" lon="-79.572973">
        <time>2026-08-13T10:09:04Z</time>
      </trkpt>
      <trkpt lat="9.004091" lon="-79.572984">
        <time>2026-08-13T10:09:05Z</time>
      </trkpt>
      <trkpt lat="9.004072" lon="-79.572995">
        <time>2026-08-13T10:09:06Z</time>
      </trkpt>
      <trkpt lat="9.004052" lon="-79.573007">
        <time>2026-08-13T10:09:07Z</time>
      </trkpt>
      <trkpt lat="9.004037" lon="-79.573022">
        <time>2026-08-13T10:09:08Z</time>
      </trkpt>
      <trkpt lat="9.004020" lon="-79.573034">
        <time>2026-08-13T10:09:09Z</time>
      </trkpt>
      <trkpt lat="9.004003" lon="-79.573050">
        <time>2026-08-13T10:09:10Z</time>
      </trkpt>
      <trkpt lat="9.003983" lon="-79.573067">
        <time>2026-08-13T10:09:11Z</time>
      </trkpt>
      <trkpt lat="9.003963" lon="-79.573079">
        <time>2026-08-13T10:09:12Z</time>
      </trkpt>
      <trkpt lat="9.003948" lon="-79.573092">
        <time>2026-08-13T10:09:13Z</time>
      </trkpt>
      <trkpt lat="9.003930" lon="-79.573109">
        <time>2026-08-13T10:09:14Z</time>
      </trkpt>
      <trkpt lat="9.003914" lon="-79.573120">
        <time>2026-08-13T10:09:15Z</time>
      </trkpt>
      <trkpt lat="9.003896" lon="-79.573131">
        <time>2026-08-13T10:09:16Z</time>
      </trkpt>
      <trkpt lat="9.003878" lon="-79.573140">
        <time>2026-08-13T10:09:17Z</time>
      </trkpt>
      <trkpt lat="9.003858" lon="-79.573149">
        <time>2026-08-13T10:09:18Z</time>
      </trkpt>
      <trkpt lat="9.003837" lon="-79.573159">
        <time>2026-08-13T10:09:19Z</time>
      </trkpt>
      <trkpt lat="9.003817" lon="-79.573171">
        <time>2026-08-13T10:09:20Z</time>
      </trkpt>
      <trkpt lat="9.003802" lon="-79.573186">
        <time>2026-08-13T10:09:21Z</time>
      </trkpt>
      <trkpt lat="9.003784" lon="-79.573197">
        <time>2026-08-13T10:09:22Z</time>
      </trkpt>
      <trkpt lat="9.003767" lon="-79.573211">
        <time>2026-08-13T10:09:23Z</time>
      </trkpt>
      <trkpt lat="9.003750" lon="-79.573224">
        <time>2026-08-13T10:09:24Z</time>
      </trkpt>
      <trkpt lat="9.003733" lon="-79.573235">
        <time>2026-08-13T10:09:25Z</time>
      </trkpt>
      <trkpt lat="9.003717" lon="-79.573246">
        <time>2026-08-13T10:09:26Z</time>
      </trkpt>
      <trkpt lat="9.003701" lon="-79.573259">
        <time>2026-08-13T10:09:27Z</time>
      </trkpt>
      <trkpt lat="9.003683" lon="-79.573267">
        <time>2026-08-13T10:09:28Z</time>
      </trkpt>
      <trkpt lat="9.003668" lon="-79.573281">
        <time>2026-08-13T10:09:29Z</time>
      </trkpt>
      <trkpt lat="9.003652" lon="-79.573294">
        <time>2026-08-13T10:09:30Z</time>
      </trkpt>
      <trkpt lat="9.003636" lon="-79.573303">
        <time>2026-08-13T10:09:31Z</time>
      </trkpt>
      <trkpt lat="9.003619" lon="-79.573315">
        <time>2026-08-13T10:09:32Z</time>
      </trkpt>
      <trkpt lat="9.003605" lon="-79.573328">
        <time>2026-08-13T10:09:33Z</time>
      </trkpt>
      <trkpt lat="9.003590" lon="-79.573338">
        <time>2026-08-13T10:09:34Z</time>
      </trkpt>
      <trkpt lat="9.003573" lon="-79.573352">
        <time>2026-08-13T10:09:35Z</time>
      </trkpt>
      <trkpt lat="9.003556" lon="-79.573365">
        <time>2026-08-13T10:09:36Z</time>
      </trkpt>
      <trkpt lat="9.003540" lon="-79.573377">
        <time>2026-08-13T10:09:37Z</time>
      </trkpt>
      <trkpt lat="9.003522" lon="-79.573390">
        <time>2026-08-13T10:09:38Z</time>
      </trkpt>
      <trkpt lat="9.003503" lon="-79.573401">
        <time>2026-08-13T10:09:39Z</time>
      </trkpt>
      <trkpt lat="9.003489" lon="-79.573414">
        <time>2026-08-13T10:09:40Z</time>
      </trkpt>
      <trkpt lat="9.003472" lon="-79.573428">
        <time>2026-08-13T10:09:41Z</time>
      </trkpt>
      <trkpt lat="9.003455" lon="-79.573439">
        <time>2026-08-13T10:09:42Z</time>
      </trkpt>
      <trkpt lat="9.003439" lon="-79.573450">
        <time>2026-08-13T10:09:43Z</time>
      </trkpt>
      <trkpt lat="9.003423" lon="-79.573457">
        <time>2026-08-13T10:09:44Z</time>
      </trkpt>
      <trkpt lat="9.003405" lon="-79.573466">
        <time>2026-08-13T10:09:45Z</time>
      </trkpt>
      <trkpt lat="9.003390" lon="-79.573476">
        <time>2026-08-13T10:09:46Z</time>
      </trkpt>
      <trkpt lat="9.003373" lon="-79.573489">
        <time>2026-08-13T10:09:47Z</time>
      </trkpt>
      <trkpt lat="9.003355" lon="-79.573503">
        <time>2026-08-13T10:09:48Z</time>
      </trkpt>
      <trkpt lat="9.003337" lon="-79.573517">
        <time>2026-08-13T10:09:49Z</time>
      </trkpt>
      <trkpt lat="9.003319" lon="-79.573532">
        <time>2026-08-13T10:09:50Z</time>
      </trkpt>
      <trkpt lat="9.003302" lon="-79.573550">
        <time>2026-08-13T10:09:51Z</time>
      </trkpt>
      <trkpt lat="9.003285" lon="-79.573564">
        <time>2026-08-13T10:09:52Z</time>
      </trkpt>
      <trkpt lat="9.003267" lon="-79.573578">
        <time>2026-08-13T10:09:53Z</time>
      </trkpt>
      <trkpt lat="9.003251" lon="-79.573595">
        <time>2026-08-13T10:09:54Z</time>
      </trkpt>
      <trkpt lat="9.003234" lon="-79.573612">
        <time>2026-08-13T10:09:55Z</time>
      </trkpt>
      <trkpt lat="9.003220" lon="-79.573632">
        <time>2026-08-13T10:09:56Z</time>
      </trkpt>
      <trkpt lat="9.003209" lon="-79.573650">
        <time>2026-08-13T10:09:57Z</time>
      </trkpt>
      <trkpt lat="9.003196" lon="-79.573669">
        <time>2026-08-13T10:09:58Z</time>
      </trkpt>
      <trkpt lat="9.003183" lon="-79.573684">
        <time>2026-08-13T10:09:59Z</time>
      </trkpt>
      <trkpt lat="9.003170" lon="-79.573702">
        <time>2026-08-13T10:10:00Z</time>
      </trkpt>
      <trkpt lat="9.003157" lon="-79.573716">
        <time>2026-08-13T10:10:01Z</time>
      </trkpt>
      <trkpt lat="9.003147" lon="-79.573732">
        <time>2026-08-13T10:10:02Z</time>
      </trkpt>
      <trkpt lat="9.003140" lon="-79.573753">
        <time>2026-08-13T10:10:03Z</time>
      </trkpt>
      <trkpt lat="9.003123" lon="-79.573765">
        <time>2026-08-13T10:10:04Z</time>
      </trkpt>
      <trkpt lat="9.003105" lon="-79.573777">
        <time>2026-08-13T10:10:05Z</time>
      </trkpt>
      <trkpt lat="9.003089" lon="-79.573792">
        <time>2026-08-13T10:10:06Z</time>
      </trkpt>
      <trkpt lat="9.003075" lon="-79.573808">
        <time>2026-08-13T10:10:07Z</time>
      </trkpt>
      <trkpt lat="9.003058" lon="-79.573820">
        <time>2026-08-13T10:10:08Z</time>
      </trkpt>
      <trkpt lat="9.003038" lon="-79.573832">
        <time>2026-08-13T10:10:09Z</time>
      </trkpt>
      <trkpt lat="9.003020" lon="-79.573843">
        <time>2026-08-13T10:10:10Z</time>
      </trkpt>
      <trkpt lat="9.003003" lon="-79.573854">
        <time>2026-08-13T10:10:11Z</time>
      </trkpt>
      <trkpt lat="9.002985" lon="-79.573866">
        <time>2026-08-13T10:10:12Z</time>
      </trkpt>
      <trkpt lat="9.002969" lon="-79.573878">
        <time>2026-08-13T10:10:13Z</time>
      </trkpt>
      <trkpt lat="9.002952" lon="-79.573889">
        <time>2026-08-13T10:10:14Z</time>
      </trkpt>
      <trkpt lat="9.002936" lon="-79.573901">
        <time>2026-08-13T10:10:15Z</time>
      </trkpt>
      <trkpt lat="9.002920" lon="-79.573911">
        <time>2026-08-13T10:10:16Z</time>
      </trkpt>
      <trkpt lat="9.002903" lon="-79.573919">
        <time>2026-08-13T10:10:17Z</time>
      </trkpt>
      <trkpt lat="9.002887" lon="-79.573930">
        <time>2026-08-13T10:10:18Z</time>
      </trkpt>
      <trkpt lat="9.002871" lon="-79.573943">
        <time>2026-08-13T10:10:19Z</time>
      </trkpt>
      <trkpt lat="9.002855" lon="-79.573957">
        <time>2026-08-13T10:10:20Z</time>
      </trkpt>
      <trkpt lat="9.002836" lon="-79.573965">
        <time>2026-08-13T10:10:21Z</time>
      </trkpt>
      <trkpt lat="9.002818" lon="-79.573976">
        <time>2026-08-13T10:10:22Z</time>
      </trkpt>
      <trkpt lat="9.002801" lon="-79.573990">
        <time>2026-08-13T10:10:23Z</time>
      </trkpt>
      <trkpt lat="9.002782" lon="-79.574005">
        <time>2026-08-13T10:10:24Z</time>
      </trkpt>
      <trkpt lat="9.002768" lon="-79.574018">
        <time>2026-08-13T10:10:25Z</time>
      </trkpt>
      <trkpt lat="9.002753" lon="-79.574031">
        <time>2026-08-13T10:10:26Z</time>
      </trkpt>
      <trkpt lat="9.002737" lon="-79.574046">
        <time>2026-08-13T10:10:27Z</time>
      </trkpt>
      <trkpt lat="9.002721" lon="-79.574059">
        <time>2026-08-13T10:10:28Z</time>
      </trkpt>
      <trkpt lat="9.002705" lon="-79.574074">
        <time>2026-08-13T10:10:29Z</time>
      </trkpt>
      <trkpt lat="9.002686" lon="-79.574089">
        <time>2026-08-13T10:10:30Z</time>
      </trkpt>
      <trkpt lat="9.002670" lon="-79.574101">
        <time>2026-08-13T10:10:31Z</time>
      </trkpt>
      <trkpt lat="9.002653" lon="-79.574113">
        <time>2026-08-13T10:10:32Z</time>
      </trkpt>
      <trkpt lat="9.002636" lon="-79.574128">
        <time>2026-08-13T10:10:33Z</time>
      </trkpt>
      <trkpt lat="9.002622" lon="-79.574142">
        <time>2026-08-13T10:10:34Z</time>
      </trkpt>
      <trkpt lat="9.002607" lon="-79.574156">
        <time>2026-08-13T10:10:35Z</time>
      </trkpt>
      <trkpt lat="9.002589" lon="-79.574173">
        <time>2026-08-13T10:10:36Z</time>
      </trkpt>
      <trkpt lat="9.002574" lon="-79.574186">
        <time>2026-08-13T10:10:37Z</time>
      </trkpt>
      <trkpt lat="9.002558" lon="-79.574201">
        <time>2026-08-13T10:10:38Z</time>
      </trkpt>
      <trkpt lat="9.002540" lon="-79.574215">
        <time>2026-08-13T10:10:39Z</time>
      </trkpt>
      <trkpt lat="9.002521" lon="-79.574225">
        <time>2026-08-13T10:10:40Z</time>
      </trkpt>
      <trkpt lat="9.002505" lon="-79.574239">
        <time>2026-08-13T10:10:41Z</time>
      </trkpt>
      <trkpt lat="9.002487" lon="-79.574253">
        <time>2026-08-13T10:10:42Z</time>
      </trkpt>
      <trkpt lat="9.002471" lon="-79.574268">
        <time>2026-08-13T10:10:43Z</time>
      </trkpt>
      <trkpt lat="9.002455" lon="-79.574281">
        <time>2026-08-13T10:10:44Z</time>
      </trkpt>
      <trkpt lat="9.002437" lon="-79.574294">
        <time>2026-08-13T10:10:45Z</time>
      </trkpt>
      <trkpt lat="9.002420" lon="-79.574308">
        <time>2026-08-13T10:10:46Z</time>
      </trkpt>
      <trkpt lat="9.002401" lon="-79.574322">
        <time>2026-08-13T10:10:47Z</time>
      </trkpt>
      <trkpt lat="9.002384" lon="-79.574337">
        <time>2026-08-13T10:10:48Z</time>
      </trkpt>
      <trkpt lat="9.002368" lon="-79.574350">
        <time>2026-08-13T10:10:49Z</time>
      </trkpt>
      <trkpt lat="9.002352" lon="-79.574365">
        <time>2026-08-13T10:10:50Z</time>
      </trkpt>
      <trkpt lat="9.002335" lon="-79.574379">
        <time>2026-08-13T10:10:51Z</time>
      </trkpt>
      <trkpt lat="9.002318" lon="-79.574391">
        <time>2026-08-13T10:10:52Z</time>
      </trkpt>
      <trkpt lat="9.002302" lon="-79.574405">
        <time>2026-08-13T10:10:53Z</time>
      </trkpt>
      <trkpt lat="9.002287" lon="-79.574420">
        <time>2026-08-13T10:10:54Z</time>
      </trkpt>
      <trkpt lat="9.002273" lon="-79.574435">
        <time>2026-08-13T10:10:55Z</time>
      </trkpt>
      <trkpt lat="9.002259" lon="-79.574449">
        <time>2026-08-13T10:10:56Z</time>
      </trkpt>
      <trkpt lat="9.002240" lon="-79.574458">
        <time>2026-08-13T10:10:57Z</time>
      </trkpt>
      <trkpt lat="9.002224" lon="-79.574472">
        <time>2026-08-13T10:10:58Z</time>
      </trkpt>
      <trkpt lat="9.002209" lon="-79.574486">
        <time>2026-08-13T10:10:59Z</time>
      </trkpt>
      <trkpt lat="9.002191" lon="-79.574499">
        <time>2026-08-13T10:11:00Z</time>
      </trkpt>
      <trkpt lat="9.002174" lon="-79.574516">
        <time>2026-08-13T10:11:01Z</time>
      </trkpt>
      <trkpt lat="9.002159" lon="-79.574531">
        <time>2026-08-13T10:11:02Z</time>
      </trkpt>
      <trkpt lat="9.002141" lon="-79.574544">
        <time>2026-08-13T10:11:03Z</time>
      </trkpt>
      <trkpt lat="9.002123" lon="-79.574559">
        <time>2026-08-13T10:11:04Z</time>
      </trkpt>
      <trkpt lat="9.002110" lon="-79.574574">
        <time>2026-08-13T10:11:05Z</time>
      </trkpt>
      <trkpt lat="9.002093" lon="-79.574590">
        <time>2026-08-13T10:11:06Z</time>
      </trkpt>
      <trkpt lat="9.002078" lon="-79.574604">
        <time>2026-08-13T10:11:07Z</time>
      </trkpt>
      <trkpt lat="9.002062" lon="-79.574617">
        <time>2026-08-13T10:11:08Z</time>
      </trkpt>
      <trkpt lat="9.002045" lon="-79.574629">
        <time>2026-08-13T10:11:09Z</time>
      </trkpt>
      <trkpt lat="9.002025" lon="-79.574642">
        <time>2026-08-13T10:11:10Z</time>
      </trkpt>
      <trkpt lat="9.002008" lon="-79.574655">
        <time>2026-08-13T10:11:11Z</time>
      </trkpt>
      <trkpt lat="9.001989" lon="-79.574669">
        <time>2026-08-13T10:11:12Z</time>
      </trkpt>
      <trkpt lat="9.001974" lon="-79.574683">
        <time>2026-08-13T10:11:13Z</time>
      </trkpt>
      <trkpt lat="9.001958" lon="-79.574698">
        <time>2026-08-13T10:11:14Z</time>
      </trkpt>
      <trkpt lat="9.001941" lon="-79.574711">
        <time>2026-08-13T10:11:15Z</time>
      </trkpt>
      <trkpt lat="9.001922" lon="-79.574721">
        <time>2026-08-13T10:11:16Z</time>
      </trkpt>
      <trkpt lat="9.001905" lon="-79.574733">
        <time>2026-08-13T10:11:17Z</time>
      </trkpt>
      <trkpt lat="9.001888" lon="-79.574748">
        <time>2026-08-13T10:11:18Z</time>
      </trkpt>
      <trkpt lat="9.001872" lon="-79.574759">
        <time>2026-08-13T10:11:19Z</time>
      </trkpt>
      <trkpt lat="9.001852" lon="-79.574768">
        <time>2026-08-13T10:11:20Z</time>
      </trkpt>
      <trkpt lat="9.001834" lon="-79.574778">
        <time>2026-08-13T10:11:21Z</time>
      </trkpt>
      <trkpt lat="9.001817" lon="-79.574790">
        <time>2026-08-13T10:11:22Z</time>
      </trkpt>
      <trkpt lat="9.001800" lon="-79.574801">
        <time>2026-08-13T10:11:23Z</time>
      </trkpt>
      <trkpt lat="9.001784" lon="-79.574815">
        <time>2026-08-13T10:11:24Z</time>
      </trkpt>
      <trkpt lat="9.001767" lon="-79.574825">
        <time>2026-08-13T10:11:25Z</time>
      </trkpt>
      <trkpt lat="9.001753" lon="-79.574835">
        <time>2026-08-13T10:11:26Z</time>
      </trkpt>
      <trkpt lat="9.001737" lon="-79.574846">
        <time>2026-08-13T10:11:27Z</time>
      </trkpt>
      <trkpt lat="9.001721" lon="-79.574857">
        <time>2026-08-13T10:11:28Z</time>
      </trkpt>
      <trkpt lat="9.001706" lon="-79.574870">
        <time>2026-08-13T10:11:29Z</time>
      </trkpt>
      <trkpt lat="9.001692" lon="-79.574883">
        <time>2026-08-13T10:11:30Z</time>
      </trkpt>
      <trkpt lat="9.001678" lon="-79.574896">
        <time>2026-08-13T10:11:31Z</time>
      </trkpt>
      <trkpt lat="9.001664" lon="-79.574909">
        <time>2026-08-13T10:11:32Z</time>
      </trkpt>
      <trkpt lat="9.001648" lon="-79.574921">
        <time>2026-08-13T10:11:33Z</time>
      </trkpt>
      <trkpt lat="9.001628" lon="-79.574933">
        <time>2026-08-13T10:11:34Z</time>
      </trkpt>
      <trkpt lat="9.001611" lon="-79.574946">
        <time>2026-08-13T10:11:35Z</time>
      </trkpt>
      <trkpt lat="9.001594" lon="-79.574961">
        <time>2026-08-13T10:11:36Z</time>
      </trkpt>
      <trkpt lat="9.001576" lon="-79.574978">
        <time>2026-08-13T10:11:37Z</time>
      </trkpt>
      <trkpt lat="9.001558" lon="-79.574992">
        <time>2026-08-13T10:11:38Z</time>
      </trkpt>
      <trkpt lat="9.001540" lon="-79.575007">
        <time>2026-08-13T10:11:39Z</time>
      </trkpt>
      <trkpt lat="9.001521" lon="-79.575024">
        <time>2026-08-13T10:11:40Z</time>
      </trkpt>
      <trkpt lat="9.001504" lon="-79.575038">
        <time>2026-08-13T10:11:41Z</time>
      </trkpt>
      <trkpt lat="9.001486" lon="-79.575052">
        <time>2026-08-13T10:11:42Z</time>
      </trkpt>
      <trkpt lat="9.001467" lon="-79.575067">
        <time>2026-08-13T10:11:43Z</time>
      </trkpt>
      <trkpt lat="9.001450" lon="-79.575080">
        <time>2026-08-13T10:11:44Z</time>
      </trkpt>
      <trkpt lat="9.001431" lon="-79.575094">
        <time>2026-08-13T10:11:45Z</time>
      </trkpt>
      <trkpt lat="9.001413" lon="-79.575107">
        <time>2026-08-13T10:11:46Z</time>
      </trkpt>
      <trkpt lat="9.001397" lon="-79.575120">
        <time>2026-08-13T10:11:47Z</time>
      </trkpt>
      <trkpt lat="9.001380" lon="-79.575134">
        <time>2026-08-13T10:11:48Z</time>
      </trkpt>
      <trkpt lat="9.001363" lon="-79.575146">
        <time>2026-08-13T10:11:49Z</time>
      </trkpt>
      <trkpt lat="9.001348" lon="-79.575158">
        <time>2026-08-13T10:11:50Z</time>
      </trkpt>
      <trkpt lat="9.001331" lon="-79.575173">
        <time>2026-08-13T10:11:51Z</time>
      </trkpt>
      <trkpt lat="9.001313" lon="-79.575188">
        <time>2026-08-13T10:11:52Z</time>
      </trkpt>
      <trkpt lat="9.001296" lon="-79.575199">
        <time>2026-08-13T10:11:53Z</time>
      </trkpt>
      <trkpt lat="9.001279" lon="-79.575212">
        <time>2026-08-13T10:11:54Z</time>
      </trkpt>
      <trkpt lat="9.001262" lon="-79.575226">
        <time>2026-08-13T10:11:55Z</time>
      </trkpt>
      <trkpt lat="9.001246" lon="-79.575239">
        <time>2026-08-13T10:11:56Z</time>
      </trkpt>
      <trkpt lat="9.001232" lon="-79.575252">
        <time>2026-08-13T10:11:57Z</time>
      </trkpt>
      <trkpt lat="9.001216" lon="-79.575265">
        <time>2026-08-13T10:11:58Z</time>
      </trkpt>
      <trkpt lat="9.001199" lon="-79.575279">
        <time>2026-08-13T10:11:59Z</time>
      </trkpt>
      <trkpt lat="9.001184" lon="-79.575291">
        <time>2026-08-13T10:12:00Z</time>
      </trkpt>
      <trkpt lat="9.001169" lon="-79.575306">
        <time>2026-08-13T10:12:01Z</time>
      </trkpt>
      <trkpt lat="9.001151" lon="-79.575323">
        <time>2026-08-13T10:12:02Z</time>
      </trkpt>
      <trkpt lat="9.001138" lon="-79.575335">
        <time>2026-08-13T10:12:03Z</time>
      </trkpt>
      <trkpt lat="9.001123" lon="-79.575350">
        <time>2026-08-13T10:12:04Z</time>
      </trkpt>
      <trkpt lat="9.001107" lon="-79.575364">
        <time>2026-08-13T10:12:05Z</time>
      </trkpt>
      <trkpt lat="9.001091" lon="-79.575375">
        <time>2026-08-13T10:12:06Z</time>
      </trkpt>
      <trkpt lat="9.001074" lon="-79.575388">
        <time>2026-08-13T10:12:07Z</time>
      </trkpt>
      <trkpt lat="9.001055" lon="-79.575398">
        <time>2026-08-13T10:12:08Z</time>
      </trkpt>
      <trkpt lat="9.001035" lon="-79.575407">
        <time>2026-08-13T10:12:09Z</time>
      </trkpt>
      <trkpt lat="9.001016" lon="-79.575417">
        <time>2026-08-13T10:12:10Z</time>
      </trkpt>
      <trkpt lat="9.000997" lon="-79.575427">
        <time>2026-08-13T10:12:11Z</time>
      </trkpt>
      <trkpt lat="9.000979" lon="-79.575437">
        <time>2026-08-13T10:12:12Z</time>
      </trkpt>
      <trkpt lat="9.000958" lon="-79.575451">
        <time>2026-08-13T10:12:13Z</time>
      </trkpt>
      <trkpt lat="9.000938" lon="-79.575464">
        <time>2026-08-13T10:12:14Z</time>
      </trkpt>
      <trkpt lat="9.000923" lon="-79.575477">
        <time>2026-08-13T10:12:15Z</time>
      </trkpt>
      <trkpt lat="9.000907" lon="-79.575490">
        <time>2026-08-13T10:12:16Z</time>
      </trkpt>
      <trkpt lat="9.000892" lon="-79.575502">
        <time>2026-08-13T10:12:17Z</time>
      </trkpt>
      <trkpt lat="9.000875" lon="-79.575515">
        <time>2026-08-13T10:12:18Z</time>
      </trkpt>
      <trkpt lat="9.000859" lon="-79.575529">
        <time>2026-08-13T10:12:19Z</time>
      </trkpt>
      <trkpt lat="9.000843" lon="-79.575544">
        <time>2026-08-13T10:12:20Z</time>
      </trkpt>
      <trkpt lat="9.000825" lon="-79.575554">
        <time>2026-08-13T10:12:21Z</time>
      </trkpt>
      <trkpt lat="9.000804" lon="-79.575564">
        <time>2026-08-13T10:12:22Z</time>
      </trkpt>
      <trkpt lat="9.000788" lon="-79.575574">
        <time>2026-08-13T10:12:23Z</time>
      </trkpt>
      <trkpt lat="9.000771" lon="-79.575585">
        <time>2026-08-13T10:12:24Z</time>
      </trkpt>
      <trkpt lat="9.000754" lon="-79.575599">
        <time>2026-08-13T10:12:25Z</time>
      </trkpt>
      <trkpt lat="9.000738" lon="-79.575611">
        <time>2026-08-13T10:12:26Z</time>
      </trkpt>
      <trkpt lat="9.000725" lon="-79.575626">
        <time>2026-08-13T10:12:27Z</time>
      </trkpt>
      <trkpt lat="9.000710" lon="-79.575638">
        <time>2026-08-13T10:12:28Z</time>
      </trkpt>
      <trkpt lat="9.000696" lon="-79.575650">
        <time>2026-08-13T10:12:29Z</time>
      </trkpt>
      <trkpt lat="9.000681" lon="-79.575663">
        <time>2026-08-13T10:12:30Z</time>
      </trkpt>
      <trkpt lat="9.000666" lon="-79.575676">
        <time>2026-08-13T10:12:31Z</time>
      </trkpt>
      <trkpt lat="9.000653" lon="-79.575689">
        <time>2026-08-13T10:12:32Z</time>
      </trkpt>
      <trkpt lat="9.000637" lon="-79.575703">
        <time>2026-08-13T10:12:33Z</time>
      </trkpt>
      <trkpt lat="9.000622" lon="-79.575718">
        <time>2026-08-13T10:12:34Z</time>
      </trkpt>
      <trkpt lat="9.000609" lon="-79.575732">
        <time>2026-08-13T10:12:35Z</time>
      </trkpt>
      <trkpt lat="9.000596" lon="-79.575748">
        <time>2026-08-13T10:12:36Z</time>
      </trkpt>
      <trkpt lat="9.000584" lon="-79.575763">
        <time>2026-08-13T10:12:37Z</time>
      </trkpt>
      <trkpt lat="9.000572" lon="-79.575779">
        <time>2026-08-13T10:12:38Z</time>
      </trkpt>
      <trkpt lat="9.000559" lon="-79.575793">
        <time>2026-08-13T10:12:39Z</time>
      </trkpt>
      <trkpt lat="9.000546" lon="-79.575810">
        <time>2026-08-13T10:12:40Z</time>
      </trkpt>
      <trkpt lat="9.000533" lon="-79.575827">
        <time>2026-08-13T10:12:41Z</time>
      </trkpt>
      <trkpt lat="9.000521" lon="-79.575843">
        <time>2026-08-13T10:12:42Z</time>
      </trkpt>
      <trkpt lat="9.000509" lon="-79.575861">
        <time>2026-08-13T10:12:43Z</time>
      </trkpt>
      <trkpt lat="9.000496" lon="-79.575877">
        <time>2026-08-13T10:12:44Z</time>
      </trkpt>
      <trkpt lat="9.000485" lon="-79.575893">
        <time>2026-08-13T10:12:45Z</time>
      </trkpt>
      <trkpt lat="9.000474" lon="-79.575910">
        <time>2026-08-13T10:12:46Z</time>
      </trkpt>
      <trkpt lat="9.000462" lon="-79.575926">
        <time>2026-08-13T10:12:47Z</time>
      </trkpt>
      <trkpt lat="9.000450" lon="-79.575941">
        <time>2026-08-13T10:12:48Z</time>
      </trkpt>
      <trkpt lat="9.000437" lon="-79.575957">
        <time>2026-08-13T10:12:49Z</time>
      </trkpt>
      <trkpt lat="9.000425" lon="-79.575974">
        <time>2026-08-13T10:12:50Z</time>
      </trkpt>
      <trkpt lat="9.000415" lon="-79.575989">
        <time>2026-08-13T10:12:51Z</time>
      </trkpt>
      <trkpt lat="9.000404" lon="-79.576006">
        <time>2026-08-13T10:12:52Z</time>
      </trkpt>
      <trkpt lat="9.000391" lon="-79.576023">
        <time>2026-08-13T10:12:53Z</time>
      </trkpt>
      <trkpt lat="9.000379" lon="-79.576038">
        <time>2026-08-13T10:12:54Z</time>
      </trkpt>
      <trkpt lat="9.000368" lon="-79.576051">
        <time>2026-08-13T10:12:55Z</time>
      </trkpt>
      <trkpt lat="9.000357" lon="-79.576067">
        <time>2026-08-13T10:12:56Z</time>
      </trkpt>
      <trkpt lat="9.000345" lon="-79.576083">
        <time>2026-08-13T10:12:57Z</time>
      </trkpt>
      <trkpt lat="9.000333" lon="-79.576098">
        <time>2026-08-13T10:12:58Z</time>
      </trkpt>
      <trkpt lat="9.000321" lon="-79.576115">
        <time>2026-08-13T10:12:59Z</time>
      </trkpt>
      <trkpt lat="9.000309" lon="-79.576132">
        <time>2026-08-13T10:13:00Z</time>
      </trkpt>
      <trkpt lat="9.000297" lon="-79.576148">
        <time>2026-08-13T10:13:01Z</time>
      </trkpt>
      <trkpt lat="9.000285" lon="-79.576162">
        <time>2026-08-13T10:13:02Z</time>
      </trkpt>
      <trkpt lat="9.000271" lon="-79.576178">
        <time>2026-08-13T10:13:03Z</time>
      </trkpt>
      <trkpt lat="9.000257" lon="-79.576194">
        <time>2026-08-13T10:13:04Z</time>
      </trkpt>
      <trkpt lat="9.000241" lon="-79.576211">
        <time>2026-08-13T10:13:05Z</time>
      </trkpt>
      <trkpt lat="9.000226" lon="-79.576228">
        <time>2026-08-13T10:13:06Z</time>
      </trkpt>
      <trkpt lat="9.000213" lon="-79.576244">
        <time>2026-08-13T10:13:07Z</time>
      </trkpt>
      <trkpt lat="9.000199" lon="-79.576258">
        <time>2026-08-13T10:13:08Z</time>
      </trkpt>
      <trkpt lat="9.000186" lon="-79.576273">
        <time>2026-08-13T10:13:09Z</time>
      </trkpt>
      <trkpt lat="9.000173" lon="-79.576286">
        <time>2026-08-13T10:13:10Z</time>
      </trkpt>
      <trkpt lat="9.000162" lon="-79.576299">
        <time>2026-08-13T10:13:11Z</time>
      </trkpt>
      <trkpt lat="9.000148" lon="-79.576313">
        <time>2026-08-13T10:13:12Z</time>
      </trkpt>
      <trkpt lat="9.000136" lon="-79.576327">
        <time>2026-08-13T10:13:13Z</time>
      </trkpt>
      <trkpt lat="9.000124" lon="-79.576340">
        <time>2026-08-13T10:13:14Z</time>
      </trkpt>
      <trkpt lat="9.000111" lon="-79.576352">
        <time>2026-08-13T10:13:15Z</time>
      </trkpt>
      <trkpt lat="9.000097" lon="-79.576369">
        <time>2026-08-13T10:13:16Z</time>
      </trkpt>
      <trkpt lat="9.000084" lon="-79.576382">
        <time>2026-08-13T10:13:17Z</time>
      </trkpt>
      <trkpt lat="9.000068" lon="-79.576394">
        <time>2026-08-13T10:13:18Z</time>
      </trkpt>
      <trkpt lat="9.000052" lon="-79.576406">
        <time>2026-08-13T10:13:19Z</time>
      </trkpt>
      <trkpt lat="9.000036" lon="-79.576417">
        <time>2026-08-13T10:13:20Z</time>
      </trkpt>
      <trkpt lat="9.000022" lon="-79.576428">
        <time>2026-08-13T10:13:21Z</time>
      </trkpt>
      <trkpt lat="9.000006" lon="-79.576441">
        <time>2026-08-13T10:13:22Z</time>
      </trkpt>
      <trkpt lat="8.999990" lon="-79.576451">
        <time>2026-08-13T10:13:23Z</time>
      </trkpt>
      <trkpt lat="8.999972" lon="-79.576462">
        <time>2026-08-13T10:13:24Z</time>
      </trkpt>
      <trkpt lat="8.999956" lon="-79.576473">
        <time>2026-08-13T10:13:25Z</time>
      </trkpt>
      <trkpt lat="8.999938" lon="-79.576483">
        <time>2026-08-13T10:13:26Z</time>
      </trkpt>
      <trkpt lat="8.999923" lon="-79.576495">
        <time>2026-08-13T10:13:27Z</time>
      </trkpt>
      <trkpt lat="8.999907" lon="-79.576507">
        <time>2026-08-13T10:13:28Z</time>
      </trkpt>
      <trkpt lat="8.999890" lon="-79.576519">
        <time>2026-08-13T10:13:29Z</time>
      </trkpt>
      <trkpt lat="8.999874" lon="-79.576531">
        <time>2026-08-13T10:13:30Z</time>
      </trkpt>
      <trkpt lat="8.999861" lon="-79.576544">
        <time>2026-08-13T10:13:31Z</time>
      </trkpt>
      <trkpt lat="8.999852" lon="-79.576557">
        <time>2026-08-13T10:13:32Z</time>
      </trkpt>
      <trkpt lat="8.999845" lon="-79.576572">
        <time>2026-08-13T10:13:33Z</time>
      </trkpt>
      <trkpt lat="8.999842" lon="-79.576588">
        <time>2026-08-13T10:13:34Z</time>
      </trkpt>
      <trkpt lat="8.999837" lon="-79.576602">
        <time>2026-08-13T10:13:35Z</time>
      </trkpt>
      <trkpt lat="8.999820" lon="-79.576611">
        <time>2026-08-13T10:13:36Z</time>
      </trkpt>
      <trkpt lat="8.999803" lon="-79.576621">
        <time>2026-08-13T10:13:37Z</time>
      </trkpt>
      <trkpt lat="8.999789" lon="-79.576632">
        <time>2026-08-13T10:13:38Z</time>
      </trkpt>
      <trkpt lat="8.999772" lon="-79.576644">
        <time>2026-08-13T10:13:39Z</time>
      </trkpt>
      <trkpt lat="8.999755" lon="-79.576657">
        <time>2026-08-13T10:13:40Z</time>
      </trkpt>
      <trkpt lat="8.999734" lon="-79.576671">
        <time>2026-08-13T10:13:41Z</time>
      </trkpt>
      <trkpt lat="8.999717" lon="-79.576686">
        <time>2026-08-13T10:13:42Z</time>
      </trkpt>
      <trkpt lat="8.999698" lon="-79.576700">
        <time>2026-08-13T10:13:43Z</time>
      </trkpt>
      <trkpt lat="8.999678" lon="-79.576712">
        <time>2026-08-13T10:13:44Z</time>
      </trkpt>
      <trkpt lat="8.999660" lon="-79.576726">
        <time>2026-08-13T10:13:45Z</time>
      </trkpt>
      <trkpt lat="8.999641" lon="-79.576744">
        <time>2026-08-13T10:13:46Z</time>
      </trkpt>
      <trkpt lat="8.999623" lon="-79.576757">
        <time>2026-08-13T10:13:47Z</time>
      </trkpt>
      <trkpt lat="8.999605" lon="-79.576771">
        <time>2026-08-13T10:13:48Z</time>
      </trkpt>
      <trkpt lat="8.999586" lon="-79.576784">
        <time>2026-08-13T10:13:49Z</time>
      </trkpt>
      <trkpt lat="8.999571" lon="-79.576800">
        <time>2026-08-13T10:13:50Z</time>
      </trkpt>
      <trkpt lat="8.999554" lon="-79.576815">
        <time>2026-08-13T10:13:51Z</time>
      </trkpt>
      <trkpt lat="8.999538" lon="-79.576828">
        <time>2026-08-13T10:13:52Z</time>
      </trkpt>
      <trkpt lat="8.999522" lon="-79.576840">
        <time>2026-08-13T10:13:53Z</time>
      </trkpt>
      <trkpt lat="8.999502" lon="-79.576849">
        <time>2026-08-13T10:13:54Z</time>
      </trkpt>
      <trkpt lat="8.999485" lon="-79.576860">
        <time>2026-08-13T10:13:55Z</time>
      </trkpt>
      <trkpt lat="8.999467" lon="-79.576870">
        <time>2026-08-13T10:13:56Z</time>
      </trkpt>
      <trkpt lat="8.999451" lon="-79.576879">
        <time>2026-08-13T10:13:57Z</time>
      </trkpt>
      <trkpt lat="8.999434" lon="-79.576891">
        <time>2026-08-13T10:13:58Z</time>
      </trkpt>
      <trkpt lat="8.999417" lon="-79.576902">
        <time>2026-08-13T10:13:59Z</time>
      </trkpt>
      <trkpt lat="8.999400" lon="-79.576913">
        <time>2026-08-13T10:14:00Z</time>
      </trkpt>
      <trkpt lat="8.999384" lon="-79.576925">
        <time>2026-08-13T10:14:01Z</time>
      </trkpt>
      <trkpt lat="8.999369" lon="-79.576938">
        <time>2026-08-13T10:14:02Z</time>
      </trkpt>
      <trkpt lat="8.999355" lon="-79.576950">
        <time>2026-08-13T10:14:03Z</time>
      </trkpt>
      <trkpt lat="8.999339" lon="-79.576961">
        <time>2026-08-13T10:14:04Z</time>
      </trkpt>
      <trkpt lat="8.999321" lon="-79.576974">
        <time>2026-08-13T10:14:05Z</time>
      </trkpt>
      <trkpt lat="8.999302" lon="-79.576987">
        <time>2026-08-13T10:14:06Z</time>
      </trkpt>
      <trkpt lat="8.999284" lon="-79.577000">
        <time>2026-08-13T10:14:07Z</time>
      </trkpt>
      <trkpt lat="8.999268" lon="-79.577013">
        <time>2026-08-13T10:14:08Z</time>
      </trkpt>
      <trkpt lat="8.999251" lon="-79.577025">
        <time>2026-08-13T10:14:09Z</time>
      </trkpt>
      <trkpt lat="8.999236" lon="-79.577040">
        <time>2026-08-13T10:14:10Z</time>
      </trkpt>
      <trkpt lat="8.999218" lon="-79.577054">
        <time>2026-08-13T10:14:11Z</time>
      </trkpt>
      <trkpt lat="8.999200" lon="-79.577066">
        <time>2026-08-13T10:14:12Z</time>
      </trkpt>
      <trkpt lat="8.999183" lon="-79.577080">
        <time>2026-08-13T10:14:13Z</time>
      </trkpt>
      <trkpt lat="8.999167" lon="-79.577090">
        <time>2026-08-13T10:14:14Z</time>
      </trkpt>
      <trkpt lat="8.999150" lon="-79.577102">
        <time>2026-08-13T10:14:15Z</time>
      </trkpt>
      <trkpt lat="8.999132" lon="-79.577115">
        <time>2026-08-13T10:14:16Z</time>
      </trkpt>
      <trkpt lat="8.999115" lon="-79.577127">
        <time>2026-08-13T10:14:17Z</time>
      </trkpt>
      <trkpt lat="8.999101" lon="-79.577139">
        <time>2026-08-13T10:14:18Z</time>
      </trkpt>
      <trkpt lat="8.999085" lon="-79.577151">
        <time>2026-08-13T10:14:19Z</time>
      </trkpt>
      <trkpt lat="8.999068" lon="-79.577164">
        <time>2026-08-13T10:14:20Z</time>
      </trkpt>
      <trkpt lat="8.999051" lon="-79.577177">
        <time>2026-08-13T10:14:21Z</time>
      </trkpt>
      <trkpt lat="8.999033" lon="-79.577191">
        <time>2026-08-13T10:14:22Z</time>
      </trkpt>
      <trkpt lat="8.999014" lon="-79.577208">
        <time>2026-08-13T10:14:23Z</time>
      </trkpt>
      <trkpt lat="8.998996" lon="-79.577225">
        <time>2026-08-13T10:14:24Z</time>
      </trkpt>
      <trkpt lat="8.998980" lon="-79.577238">
        <time>2026-08-13T10:14:25Z</time>
      </trkpt>
      <trkpt lat="8.998965" lon="-79.577251">
        <time>2026-08-13T10:14:26Z</time>
      </trkpt>
      <trkpt lat="8.998947" lon="-79.577262">
        <time>2026-08-13T10:14:27Z</time>
      </trkpt>
      <trkpt lat="8.998928" lon="-79.577277">
        <time>2026-08-13T10:14:28Z</time>
      </trkpt>
      <trkpt lat="8.998908" lon="-79.577293">
        <time>2026-08-13T10:14:29Z</time>
      </trkpt>
      <trkpt lat="8.998892" lon="-79.577304">
        <time>2026-08-13T10:14:30Z</time>
      </trkpt>
      <trkpt lat="8.998874" lon="-79.577315">
        <time>2026-08-13T10:14:31Z</time>
      </trkpt>
      <trkpt lat="8.998858" lon="-79.577324">
        <time>2026-08-13T10:14:32Z</time>
      </trkpt>
      <trkpt lat="8.998843" lon="-79.577335">
        <time>2026-08-13T10:14:33Z</time>
      </trkpt>
      <trkpt lat="8.998829" lon="-79.577348">
        <time>2026-08-13T10:14:34Z</time>
      </trkpt>
      <trkpt lat="8.998814" lon="-79.577358">
        <time>2026-08-13T10:14:35Z</time>
      </trkpt>
      <trkpt lat="8.998799" lon="-79.577370">
        <time>2026-08-13T10:14:36Z</time>
      </trkpt>
      <trkpt lat="8.998780" lon="-79.577383">
        <time>2026-08-13T10:14:37Z</time>
      </trkpt>
      <trkpt lat="8.998763" lon="-79.577395">
        <time>2026-08-13T10:14:38Z</time>
      </trkpt>
      <trkpt lat="8.998748" lon="-79.577406">
        <time>2026-08-13T10:14:39Z</time>
      </trkpt>
      <trkpt lat="8.998732" lon="-79.577417">
        <time>2026-08-13T10:14:40Z</time>
      </trkpt>
      <trkpt lat="8.998715" lon="-79.577430">
        <time>2026-08-13T10:14:41Z</time>
      </trkpt>
      <trkpt lat="8.998700" lon="-79.577442">
        <time>2026-08-13T10:14:42Z</time>
      </trkpt>
      <trkpt lat="8.998683" lon="-79.577453">
        <time>2026-08-13T10:14:43Z</time>
      </trkpt>
      <trkpt lat="8.998665" lon="-79.577467">
        <time>2026-08-13T10:14:44Z</time>
      </trkpt>
      <trkpt lat="8.998649" lon="-79.577478">
        <time>2026-08-13T10:14:45Z</time>
      </trkpt>
      <trkpt lat="8.998631" lon="-79.577490">
        <time>2026-08-13T10:14:46Z</time>
      </trkpt>
      <trkpt lat="8.998613" lon="-79.577500">
        <time>2026-08-13T10:14:47Z</time>
      </trkpt>
      <trkpt lat="8.998593" lon="-79.577513">
        <time>2026-08-13T10:14:48Z</time>
      </trkpt>
      <trkpt lat="8.998576" lon="-79.577525">
        <time>2026-08-13T10:14:49Z</time>
      </trkpt>
      <trkpt lat="8.998559" lon="-79.577538">
        <time>2026-08-13T10:14:50Z</time>
      </trkpt>
      <trkpt lat="8.998541" lon="-79.577551">
        <time>2026-08-13T10:14:51Z</time>
      </trkpt>
      <trkpt lat="8.998527" lon="-79.577561">
        <time>2026-08-13T10:14:52Z</time>
      </trkpt>
      <trkpt lat="8.998510" lon="-79.577572">
        <time>2026-08-13T10:14:53Z</time>
      </trkpt>
      <trkpt lat="8.998493" lon="-79.577584">
        <time>2026-08-13T10:14:54Z</time>
      </trkpt>
      <trkpt lat="8.998477" lon="-79.577592">
        <time>2026-08-13T10:14:55Z</time>
      </trkpt>
      <trkpt lat="8.998460" lon="-79.577604">
        <time>2026-08-13T10:14:56Z</time>
      </trkpt>
      <trkpt lat="8.998444" lon="-79.577618">
        <time>2026-08-13T10:14:57Z</time>
      </trkpt>
      <trkpt lat="8.998429" lon="-79.577628">
        <time>2026-08-13T10:14:58Z</time>
      </trkpt>
      <trkpt lat="8.998412" lon="-79.577642">
        <time>2026-08-13T10:14:59Z</time>
      </trkpt>
      <trkpt lat="8.998394" lon="-79.577657">
        <time>2026-08-13T10:15:00Z</time>
      </trkpt>
      <trkpt lat="8.998377" lon="-79.577668">
        <time>2026-08-13T10:15:01Z</time>
      </trkpt>
      <trkpt lat="8.998360" lon="-79.577681">
        <time>2026-08-13T10:15:02Z</time>
      </trkpt>
      <trkpt lat="8.998343" lon="-79.577696">
        <time>2026-08-13T10:15:03Z</time>
      </trkpt>
      <trkpt lat="8.998326" lon="-79.577708">
        <time>2026-08-13T10:15:04Z</time>
      </trkpt>
      <trkpt lat="8.998308" lon="-79.577720">
        <time>2026-08-13T10:15:05Z</time>
      </trkpt>
      <trkpt lat="8.998290" lon="-79.577733">
        <time>2026-08-13T10:15:06Z</time>
      </trkpt>
      <trkpt lat="8.998275" lon="-79.577746">
        <time>2026-08-13T10:15:07Z</time>
      </trkpt>
      <trkpt lat="8.998257" lon="-79.577757">
        <time>2026-08-13T10:15:08Z</time>
      </trkpt>
      <trkpt lat="8.998240" lon="-79.577771">
        <time>2026-08-13T10:15:09Z</time>
      </trkpt>
      <trkpt lat="8.998225" lon="-79.577782">
        <time>2026-08-13T10:15:10Z</time>
      </trkpt>
      <trkpt lat="8.998208" lon="-79.577792">
        <time>2026-08-13T10:15:11Z</time>
      </trkpt>
      <trkpt lat="8.998190" lon="-79.577805">
        <time>2026-08-13T10:15:12Z</time>
      </trkpt>
      <trkpt lat="8.998175" lon="-79.577818">
        <time>2026-08-13T10:15:13Z</time>
      </trkpt>
      <trkpt lat="8.998159" lon="-79.577829">
        <time>2026-08-13T10:15:14Z</time>
      </trkpt>
      <trkpt lat="8.998141" lon="-79.577843">
        <time>2026-08-13T10:15:15Z</time>
      </trkpt>
      <trkpt lat="8.998124" lon="-79.577859">
        <time>2026-08-13T10:15:16Z</time>
      </trkpt>
      <trkpt lat="8.998105" lon="-79.577871">
        <time>2026-08-13T10:15:17Z</time>
      </trkpt>
      <trkpt lat="8.998088" lon="-79.577882">
        <time>2026-08-13T10:15:18Z</time>
      </trkpt>
      <trkpt lat="8.998072" lon="-79.577894">
        <time>2026-08-13T10:15:19Z</time>
      </trkpt>
      <trkpt lat="8.998054" lon="-79.577904">
        <time>2026-08-13T10:15:20Z</time>
      </trkpt>
      <trkpt lat="8.998036" lon="-79.577915">
        <time>2026-08-13T10:15:21Z</time>
      </trkpt>
      <trkpt lat="8.998020" lon="-79.577928">
        <time>2026-08-13T10:15:22Z</time>
      </trkpt>
      <trkpt lat="8.998002" lon="-79.577939">
        <time>2026-08-13T10:15:23Z</time>
      </trkpt>
      <trkpt lat="8.997986" lon="-79.577952">
        <time>2026-08-13T10:15:24Z</time>
      </trkpt>
      <trkpt lat="8.997972" lon="-79.577968">
        <time>2026-08-13T10:15:25Z</time>
      </trkpt>
      <trkpt lat="8.997961" lon="-79.577987">
        <time>2026-08-13T10:15:26Z</time>
      </trkpt>
      <trkpt lat="8.997950" lon="-79.578007">
        <time>2026-08-13T10:15:27Z</time>
      </trkpt>
      <trkpt lat="8.997938" lon="-79.578026">
        <time>2026-08-13T10:15:28Z</time>
      </trkpt>
      <trkpt lat="8.997927" lon="-79.578045">
        <time>2026-08-13T10:15:29Z</time>
      </trkpt>
      <trkpt lat="8.997917" lon="-79.578062">
        <time>2026-08-13T10:15:30Z</time>
      </trkpt>
      <trkpt lat="8.997908" lon="-79.578079">
        <time>2026-08-13T10:15:31Z</time>
      </trkpt>
      <trkpt lat="8.997901" lon="-79.578094">
        <time>2026-08-13T10:15:32Z</time>
      </trkpt>
      <trkpt lat="8.997897" lon="-79.578107">
        <time>2026-08-13T10:15:33Z</time>
      </trkpt>
      <trkpt lat="8.997889" lon="-79.578120">
        <time>2026-08-13T10:15:34Z</time>
      </trkpt>
      <trkpt lat="8.997876" lon="-79.578136">
        <time>2026-08-13T10:15:35Z</time>
      </trkpt>
      <trkpt lat="8.997859" lon="-79.578148">
        <time>2026-08-13T10:15:36Z</time>
      </trkpt>
      <trkpt lat="8.997842" lon="-79.578161">
        <time>2026-08-13T10:15:37Z</time>
      </trkpt>
      <trkpt lat="8.997823" lon="-79.578171">
        <time>2026-08-13T10:15:38Z</time>
      </trkpt>
      <trkpt lat="8.997804" lon="-79.578179">
        <time>2026-08-13T10:15:39Z</time>
      </trkpt>
      <trkpt lat="8.997786" lon="-79.578189">
        <time>2026-08-13T10:15:40Z</time>
      </trkpt>
      <trkpt lat="8.997767" lon="-79.578201">
        <time>2026-08-13T10:15:41Z</time>
      </trkpt>
      <trkpt lat="8.997751" lon="-79.578213">
        <time>2026-08-13T10:15:42Z</time>
      </trkpt>
      <trkpt lat="8.997735" lon="-79.578221">
        <time>2026-08-13T10:15:43Z</time>
      </trkpt>
      <trkpt lat="8.997720" lon="-79.578232">
        <time>2026-08-13T10:15:44Z</time>
      </trkpt>
      <trkpt lat="8.997703" lon="-79.578242">
        <time>2026-08-13T10:15:45Z</time>
      </trkpt>
      <trkpt lat="8.997688" lon="-79.578254">
        <time>2026-08-13T10:15:46Z</time>
      </trkpt>
      <trkpt lat="8.997672" lon="-79.578267">
        <time>2026-08-13T10:15:47Z</time>
      </trkpt>
      <trkpt lat="8.997655" lon="-79.578280">
        <time>2026-08-13T10:15:48Z</time>
      </trkpt>
      <trkpt lat="8.997638" lon="-79.578291">
        <time>2026-08-13T10:15:49Z</time>
      </trkpt>
      <trkpt lat="8.997621" lon="-79.578306">
        <time>2026-08-13T10:15:50Z</time>
      </trkpt>
      <trkpt lat="8.997602" lon="-79.578323">
        <time>2026-08-13T10:15:51Z</time>
      </trkpt>
      <trkpt lat="8.997592" lon="-79.578347">
        <time>2026-08-13T10:15:52Z</time>
      </trkpt>
      <trkpt lat="8.997599" lon="-79.578365">
        <time>2026-08-13T10:15:53Z</time>
      </trkpt>
      <trkpt lat="8.997609" lon="-79.578389">
        <time>2026-08-13T10:15:54Z</time>
      </trkpt>
      <trkpt lat="8.997619" lon="-79.578410">
        <time>2026-08-13T10:15:55Z</time>
      </trkpt>
      <trkpt lat="8.997631" lon="-79.578429">
        <time>2026-08-13T10:15:56Z</time>
      </trkpt>
      <trkpt lat="8.997645" lon="-79.578447">
        <time>2026-08-13T10:15:57Z</time>
      </trkpt>
      <trkpt lat="8.997657" lon="-79.578465">
        <time>2026-08-13T10:15:58Z</time>
      </trkpt>
      <trkpt lat="8.997673" lon="-79.578482">
        <time>2026-08-13T10:15:59Z</time>
      </trkpt>
      <trkpt lat="8.997687" lon="-79.578495">
        <time>2026-08-13T10:16:00Z</time>
      </trkpt>
      <trkpt lat="8.997705" lon="-79.578507">
        <time>2026-08-13T10:16:01Z</time>
      </trkpt>
      <trkpt lat="8.997730" lon="-79.578510">
        <time>2026-08-13T10:16:02Z</time>
      </trkpt>
      <trkpt lat="8.997752" lon="-79.578507">
        <time>2026-08-13T10:16:03Z</time>
      </trkpt>
      <trkpt lat="8.997772" lon="-79.578504">
        <time>2026-08-13T10:16:04Z</time>
      </trkpt>
      <trkpt lat="8.997794" lon="-79.578498">
        <time>2026-08-13T10:16:05Z</time>
      </trkpt>
      <trkpt lat="8.997815" lon="-79.578492">
        <time>2026-08-13T10:16:06Z</time>
      </trkpt>
      <trkpt lat="8.997835" lon="-79.578487">
        <time>2026-08-13T10:16:07Z</time>
      </trkpt>
      <trkpt lat="8.997852" lon="-79.578484">
        <time>2026-08-13T10:16:08Z</time>
      </trkpt>
      <trkpt lat="8.997870" lon="-79.578484">
        <time>2026-08-13T10:16:09Z</time>
      </trkpt>
      <trkpt lat="8.997884" lon="-79.578493">
        <time>2026-08-13T10:16:10Z</time>
      </trkpt>
      <trkpt lat="8.997892" lon="-79.578513">
        <time>2026-08-13T10:16:11Z</time>
      </trkpt>
      <trkpt lat="8.997896" lon="-79.578536">
        <time>2026-08-13T10:16:12Z</time>
      </trkpt>
      <trkpt lat="8.997893" lon="-79.578557">
        <time>2026-08-13T10:16:13Z</time>
      </trkpt>
      <trkpt lat="8.997888" lon="-79.578579">
        <time>2026-08-13T10:16:14Z</time>
      </trkpt>
      <trkpt lat="8.997887" lon="-79.578600">
        <time>2026-08-13T10:16:15Z</time>
      </trkpt>
      <trkpt lat="8.997887" lon="-79.578622">
        <time>2026-08-13T10:16:16Z</time>
      </trkpt>
      <trkpt lat="8.997883" lon="-79.578645">
        <time>2026-08-13T10:16:17Z</time>
      </trkpt>
      <trkpt lat="8.997882" lon="-79.578672">
        <time>2026-08-13T10:16:18Z</time>
      </trkpt>
      <trkpt lat="8.997884" lon="-79.578694">
        <time>2026-08-13T10:16:19Z</time>
      </trkpt>
      <trkpt lat="8.997883" lon="-79.578715">
        <time>2026-08-13T10:16:20Z</time>
      </trkpt>
      <trkpt lat="8.997884" lon="-79.578739">
        <time>2026-08-13T10:16:21Z</time>
      </trkpt>
      <trkpt lat="8.997887" lon="-79.578764">
        <time>2026-08-13T10:16:22Z</time>
      </trkpt>
      <trkpt lat="8.997887" lon="-79.578786">
        <time>2026-08-13T10:16:23Z</time>
      </trkpt>
      <trkpt lat="8.997893" lon="-79.578807">
        <time>2026-08-13T10:16:24Z</time>
      </trkpt>
      <trkpt lat="8.997897" lon="-79.578830">
        <time>2026-08-13T10:16:25Z</time>
      </trkpt>
      <trkpt lat="8.997901" lon="-79.578853">
        <time>2026-08-13T10:16:26Z</time>
      </trkpt>
      <trkpt lat="8.997908" lon="-79.578875">
        <time>2026-08-13T10:16:27Z</time>
      </trkpt>
      <trkpt lat="8.997915" lon="-79.578897">
        <time>2026-08-13T10:16:28Z</time>
      </trkpt>
      <trkpt lat="8.997919" lon="-79.578919">
        <time>2026-08-13T10:16:29Z</time>
      </trkpt>
      <trkpt lat="8.997922" lon="-79.578943">
        <time>2026-08-13T10:16:30Z</time>
      </trkpt>
      <trkpt lat="8.997927" lon="-79.578963">
        <time>2026-08-13T10:16:31Z</time>
      </trkpt>
      <trkpt lat="8.997932" lon="-79.578986">
        <time>2026-08-13T10:16:32Z</time>
      </trkpt>
      <trkpt lat="8.997937" lon="-79.579005">
        <time>2026-08-13T10:16:33Z</time>
      </trkpt>
      <trkpt lat="8.997946" lon="-79.579025">
        <time>2026-08-13T10:16:34Z</time>
      </trkpt>
      <trkpt lat="8.997951" lon="-79.579047">
        <time>2026-08-13T10:16:35Z</time>
      </trkpt>
      <trkpt lat="8.997956" lon="-79.579068">
        <time>2026-08-13T10:16:36Z</time>
      </trkpt>
      <trkpt lat="8.997962" lon="-79.579088">
        <time>2026-08-13T10:16:37Z</time>
      </trkpt>
      <trkpt lat="8.997966" lon="-79.579107">
        <time>2026-08-13T10:16:38Z</time>
      </trkpt>
      <trkpt lat="8.997974" lon="-79.579128">
        <time>2026-08-13T10:16:39Z</time>
      </trkpt>
      <trkpt lat="8.997982" lon="-79.579149">
        <time>2026-08-13T10:16:40Z</time>
      </trkpt>
      <trkpt lat="8.997988" lon="-79.579172">
        <time>2026-08-13T10:16:41Z</time>
      </trkpt>
      <trkpt lat="8.997996" lon="-79.579195">
        <time>2026-08-13T10:16:42Z</time>
      </trkpt>
      <trkpt lat="8.998005" lon="-79.579214">
        <time>2026-08-13T10:16:43Z</time>
      </trkpt>
      <trkpt lat="8.998022" lon="-79.579227">
        <time>2026-08-13T10:16:44Z</time>
      </trkpt>
      <trkpt lat="8.998034" lon="-79.579244">
        <time>2026-08-13T10:16:45Z</time>
      </trkpt>
      <trkpt lat="8.998045" lon="-79.579262">
        <time>2026-08-13T10:16:46Z</time>
      </trkpt>
      <trkpt lat="8.998056" lon="-79.579280">
        <time>2026-08-13T10:16:47Z</time>
      </trkpt>
      <trkpt lat="8.998067" lon="-79.579296">
        <time>2026-08-13T10:16:48Z</time>
      </trkpt>
      <trkpt lat="8.998081" lon="-79.579314">
        <time>2026-08-13T10:16:49Z</time>
      </trkpt>
      <trkpt lat="8.998093" lon="-79.579332">
        <time>2026-08-13T10:16:50Z</time>
      </trkpt>
      <trkpt lat="8.998103" lon="-79.579351">
        <time>2026-08-13T10:16:51Z</time>
      </trkpt>
      <trkpt lat="8.998116" lon="-79.579369">
        <time>2026-08-13T10:16:52Z</time>
      </trkpt>
      <trkpt lat="8.998130" lon="-79.579387">
        <time>2026-08-13T10:16:53Z</time>
      </trkpt>
      <trkpt lat="8.998142" lon="-79.579407">
        <time>2026-08-13T10:16:54Z</time>
      </trkpt>
      <trkpt lat="8.998157" lon="-79.579425">
        <time>2026-08-13T10:16:55Z</time>
      </trkpt>
      <trkpt lat="8.998173" lon="-79.579445">
        <time>2026-08-13T10:16:56Z</time>
      </trkpt>
      <trkpt lat="8.998189" lon="-79.579467">
        <time>2026-08-13T10:16:57Z</time>
      </trkpt>
      <trkpt lat="8.998206" lon="-79.579489">
        <time>2026-08-13T10:16:58Z</time>
      </trkpt>
      <trkpt lat="8.998221" lon="-79.579508">
        <time>2026-08-13T10:16:59Z</time>
      </trkpt>
      <trkpt lat="8.998236" lon="-79.579524">
        <time>2026-08-13T10:17:00Z</time>
      </trkpt>
      <trkpt lat="8.998253" lon="-79.579540">
        <time>2026-08-13T10:17:01Z</time>
      </trkpt>
      <trkpt lat="8.998274" lon="-79.579555">
        <time>2026-08-13T10:17:02Z</time>
      </trkpt>
      <trkpt lat="8.998295" lon="-79.579568">
        <time>2026-08-13T10:17:03Z</time>
      </trkpt>
      <trkpt lat="8.998319" lon="-79.579575">
        <time>2026-08-13T10:17:04Z</time>
      </trkpt>
      <trkpt lat="8.998347" lon="-79.579578">
        <time>2026-08-13T10:17:05Z</time>
      </trkpt>
      <trkpt lat="8.998370" lon="-79.579579">
        <time>2026-08-13T10:17:06Z</time>
      </trkpt>
      <trkpt lat="8.998395" lon="-79.579575">
        <time>2026-08-13T10:17:07Z</time>
      </trkpt>
      <trkpt lat="8.998415" lon="-79.579568">
        <time>2026-08-13T10:17:08Z</time>
      </trkpt>
      <trkpt lat="8.998440" lon="-79.579564">
        <time>2026-08-13T10:17:09Z</time>
      </trkpt>
      <trkpt lat="8.998465" lon="-79.579558">
        <time>2026-08-13T10:17:10Z</time>
      </trkpt>
      <trkpt lat="8.998487" lon="-79.579547">
        <time>2026-08-13T10:17:11Z</time>
      </trkpt>
      <trkpt lat="8.998509" lon="-79.579537">
        <time>2026-08-13T10:17:12Z</time>
      </trkpt>
      <trkpt lat="8.998531" lon="-79.579521">
        <time>2026-08-13T10:17:13Z</time>
      </trkpt>
      <trkpt lat="8.998555" lon="-79.579505">
        <time>2026-08-13T10:17:14Z</time>
      </trkpt>
      <trkpt lat="8.998570" lon="-79.579484">
        <time>2026-08-13T10:17:15Z</time>
      </trkpt>
      <trkpt lat="8.998587" lon="-79.579462">
        <time>2026-08-13T10:17:16Z</time>
      </trkpt>
      <trkpt lat="8.998603" lon="-79.579444">
        <time>2026-08-13T10:17:17Z</time>
      </trkpt>
      <trkpt lat="8.998617" lon="-79.579422">
        <time>2026-08-13T10:17:18Z</time>
      </trkpt>
      <trkpt lat="8.998628" lon="-79.579399">
        <time>2026-08-13T10:17:19Z</time>
      </trkpt>
      <trkpt lat="8.998639" lon="-79.579377">
        <time>2026-08-13T10:17:20Z</time>
      </trkpt>
      <trkpt lat="8.998647" lon="-79.579362">
        <time>2026-08-13T10:17:21Z</time>
      </trkpt>
      <trkpt lat="8.998655" lon="-79.579347">
        <time>2026-08-13T10:17:22Z</time>
      </trkpt>
      <trkpt lat="8.998662" lon="-79.579332">
        <time>2026-08-13T10:17:23Z</time>
      </trkpt>
      <trkpt lat="8.998668" lon="-79.579318">
        <time>2026-08-13T10:17:24Z</time>
      </trkpt>
      <trkpt lat="8.998679" lon="-79.579303">
        <time>2026-08-13T10:17:25Z</time>
      </trkpt>
      <trkpt lat="8.998690" lon="-79.579287">
        <time>2026-08-13T10:17:26Z</time>
      </trkpt>
      <trkpt lat="8.998704" lon="-79.579271">
        <time>2026-08-13T10:17:27Z</time>
      </trkpt>
      <trkpt lat="8.998720" lon="-79.579258">
        <time>2026-08-13T10:17:28Z</time>
      </trkpt>
      <trkpt lat="8.998738" lon="-79.579245">
        <time>2026-08-13T10:17:29Z</time>
      </trkpt>
      <trkpt lat="8.998756" lon="-79.579232">
        <time>2026-08-13T10:17:30Z</time>
      </trkpt>
      <trkpt lat="8.998772" lon="-79.579220">
        <time>2026-08-13T10:17:31Z</time>
      </trkpt>
      <trkpt lat="8.998791" lon="-79.579209">
        <time>2026-08-13T10:17:32Z</time>
      </trkpt>
      <trkpt lat="8.998811" lon="-79.579209">
        <time>2026-08-13T10:17:33Z</time>
      </trkpt>
      <trkpt lat="8.998824" lon="-79.579216">
        <time>2026-08-13T10:17:34Z</time>
      </trkpt>
      <trkpt lat="8.998841" lon="-79.579227">
        <time>2026-08-13T10:17:35Z</time>
      </trkpt>
      <trkpt lat="8.998856" lon="-79.579245">
        <time>2026-08-13T10:17:36Z</time>
      </trkpt>
      <trkpt lat="8.998871" lon="-79.579259">
        <time>2026-08-13T10:17:37Z</time>
      </trkpt>
      <trkpt lat="8.998892" lon="-79.579269">
        <time>2026-08-13T10:17:38Z</time>
      </trkpt>
      <trkpt lat="8.998911" lon="-79.579277">
        <time>2026-08-13T10:17:39Z</time>
      </trkpt>
      <trkpt lat="8.998932" lon="-79.579281">
        <time>2026-08-13T10:17:40Z</time>
      </trkpt>
      <trkpt lat="8.998956" lon="-79.579280">
        <time>2026-08-13T10:17:41Z</time>
      </trkpt>
      <trkpt lat="8.998977" lon="-79.579278">
        <time>2026-08-13T10:17:42Z</time>
      </trkpt>
      <trkpt lat="8.999000" lon="-79.579273">
        <time>2026-08-13T10:17:43Z</time>
      </trkpt>
      <trkpt lat="8.999025" lon="-79.579266">
        <time>2026-08-13T10:17:44Z</time>
      </trkpt>
      <trkpt lat="8.999046" lon="-79.579261">
        <time>2026-08-13T10:17:45Z</time>
      </trkpt>
      <trkpt lat="8.999068" lon="-79.579254">
        <time>2026-08-13T10:17:46Z</time>
      </trkpt>
      <trkpt lat="8.999090" lon="-79.579247">
        <time>2026-08-13T10:17:47Z</time>
      </trkpt>
      <trkpt lat="8.999109" lon="-79.579243">
        <time>2026-08-13T10:17:48Z</time>
      </trkpt>
      <trkpt lat="8.999130" lon="-79.579237">
        <time>2026-08-13T10:17:49Z</time>
      </trkpt>
      <trkpt lat="8.999152" lon="-79.579230">
        <time>2026-08-13T10:17:50Z</time>
      </trkpt>
      <trkpt lat="8.999169" lon="-79.579227">
        <time>2026-08-13T10:17:51Z</time>
      </trkpt>
      <trkpt lat="8.999190" lon="-79.579223">
        <time>2026-08-13T10:17:52Z</time>
      </trkpt>
      <trkpt lat="8.999214" lon="-79.579221">
        <time>2026-08-13T10:17:53Z</time>
      </trkpt>
      <trkpt lat="8.999236" lon="-79.579223">
        <time>2026-08-13T10:17:54Z</time>
      </trkpt>
      <trkpt lat="8.999258" lon="-79.579224">
        <time>2026-08-13T10:17:55Z</time>
      </trkpt>
      <trkpt lat="8.999281" lon="-79.579225">
        <time>2026-08-13T10:17:56Z</time>
      </trkpt>
      <trkpt lat="8.999302" lon="-79.579226">
        <time>2026-08-13T10:17:57Z</time>
      </trkpt>
      <trkpt lat="8.999326" lon="-79.579227">
        <time>2026-08-13T10:17:58Z</time>
      </trkpt>
      <trkpt lat="8.999349" lon="-79.579225">
        <time>2026-08-13T10:17:59Z</time>
      </trkpt>
      <trkpt lat="8.999372" lon="-79.579222">
        <time>2026-08-13T10:18:00Z</time>
      </trkpt>
      <trkpt lat="8.999395" lon="-79.579218">
        <time>2026-08-13T10:18:01Z</time>
      </trkpt>
      <trkpt lat="8.999417" lon="-79.579214">
        <time>2026-08-13T10:18:02Z</time>
      </trkpt>
      <trkpt lat="8.999436" lon="-79.579211">
        <time>2026-08-13T10:18:03Z</time>
      </trkpt>
      <trkpt lat="8.999457" lon="-79.579206">
        <time>2026-08-13T10:18:04Z</time>
      </trkpt>
      <trkpt lat="8.999478" lon="-79.579199">
        <time>2026-08-13T10:18:05Z</time>
      </trkpt>
      <trkpt lat="8.999497" lon="-79.579192">
        <time>2026-08-13T10:18:06Z</time>
      </trkpt>
      <trkpt lat="8.999517" lon="-79.579187">
        <time>2026-08-13T10:18:07Z</time>
      </trkpt>
      <trkpt lat="8.999537" lon="-79.579182">
        <time>2026-08-13T10:18:08Z</time>
      </trkpt>
      <trkpt lat="8.999556" lon="-79.579180">
        <time>2026-08-13T10:18:09Z</time>
      </trkpt>
      <trkpt lat="8.999576" lon="-79.579181">
        <time>2026-08-13T10:18:10Z</time>
      </trkpt>
      <trkpt lat="8.999595" lon="-79.579181">
        <time>2026-08-13T10:18:11Z</time>
      </trkpt>
      <trkpt lat="8.999614" lon="-79.579185">
        <time>2026-08-13T10:18:12Z</time>
      </trkpt>
      <trkpt lat="8.999633" lon="-79.579191">
        <time>2026-08-13T10:18:13Z</time>
      </trkpt>
      <trkpt lat="8.999653" lon="-79.579198">
        <time>2026-08-13T10:18:14Z</time>
      </trkpt>
      <trkpt lat="8.999672" lon="-79.579206">
        <time>2026-08-13T10:18:15Z</time>
      </trkpt>
      <trkpt lat="8.999691" lon="-79.579213">
        <time>2026-08-13T10:18:16Z</time>
      </trkpt>
      <trkpt lat="8.999703" lon="-79.579224">
        <time>2026-08-13T10:18:17Z</time>
      </trkpt>
      <trkpt lat="8.999712" lon="-79.579230">
        <time>2026-08-13T10:18:18Z</time>
      </trkpt>
      <trkpt lat="8.999723" lon="-79.579233">
        <time>2026-08-13T10:18:19Z</time>
      </trkpt>
      <trkpt lat="8.999731" lon="-79.579240">
        <time>2026-08-13T10:18:20Z</time>
      </trkpt>
      <trkpt lat="8.999741" lon="-79.579247">
        <time>2026-08-13T10:18:21Z</time>
      </trkpt>
      <trkpt lat="8.999751" lon="-79.579252">
        <time>2026-08-13T10:18:22Z</time>
      </trkpt>
      <trkpt lat="8.999760" lon="-79.579258">
        <time>2026-08-13T10:18:23Z</time>
      </trkpt>
      <trkpt lat="8.999771" lon="-79.579265">
        <time>2026-08-13T10:18:24Z</time>
      </trkpt>
      <trkpt lat="8.999780" lon="-79.579273">
        <time>2026-08-13T10:18:25Z</time>
      </trkpt>
      <trkpt lat="8.999789" lon="-79.579278">
        <time>2026-08-13T10:18:26Z</time>
      </trkpt>
      <trkpt lat="8.999797" lon="-79.579284">
        <time>2026-08-13T10:18:27Z</time>
      </trkpt>
      <trkpt lat="8.999806" lon="-79.579288">
        <time>2026-08-13T10:18:28Z</time>
      </trkpt>
      <trkpt lat="8.999818" lon="-79.579292">
        <time>2026-08-13T10:18:29Z</time>
      </trkpt>
      <trkpt lat="8.999828" lon="-79.579296">
        <time>2026-08-13T10:18:30Z</time>
      </trkpt>
      <trkpt lat="8.999840" lon="-79.579300">
        <time>2026-08-13T10:18:31Z</time>
      </trkpt>
      <trkpt lat="8.999853" lon="-79.579302">
        <time>2026-08-13T10:18:32Z</time>
      </trkpt>
      <trkpt lat="8.999865" lon="-79.579301">
        <time>2026-08-13T10:18:33Z</time>
      </trkpt>
      <trkpt lat="8.999876" lon="-79.579300">
        <time>2026-08-13T10:18:34Z</time>
      </trkpt>
      <trkpt lat="8.999889" lon="-79.579301">
        <time>2026-08-13T10:18:35Z</time>
      </trkpt>
      <trkpt lat="8.999901" lon="-79.579304">
        <time>2026-08-13T10:18:36Z</time>
      </trkpt>
      <trkpt lat="8.999915" lon="-79.579307">
        <time>2026-08-13T10:18:37Z</time>
      </trkpt>
      <trkpt lat="8.999929" lon="-79.579304">
        <time>2026-08-13T10:18:38Z</time>
      </trkpt>
      <trkpt lat="8.999946" lon="-79.579303">
        <time>2026-08-13T10:18:39Z</time>
      </trkpt>
      <trkpt lat="8.999960" lon="-79.579299">
        <time>2026-08-13T10:18:40Z</time>
      </trkpt>
      <trkpt lat="8.999974" lon="-79.579297">
        <time>2026-08-13T10:18:41Z</time>
      </trkpt>
      <trkpt lat="8.999989" lon="-79.579297">
        <time>2026-08-13T10:18:42Z</time>
      </trkpt>
      <trkpt lat="9.000007" lon="-79.579287">
        <time>2026-08-13T10:18:43Z</time>
      </trkpt>
      <trkpt lat="9.000027" lon="-79.579284">
        <time>2026-08-13T10:18:44Z</time>
      </trkpt>
      <trkpt lat="9.000044" lon="-79.579284">
        <time>2026-08-13T10:18:45Z</time>
      </trkpt>
      <trkpt lat="9.000065" lon="-79.579283">
        <time>2026-08-13T10:18:46Z</time>
      </trkpt>
      <trkpt lat="9.000082" lon="-79.579282">
        <time>2026-08-13T10:18:47Z</time>
      </trkpt>
      <trkpt lat="9.000099" lon="-79.579277">
        <time>2026-08-13T10:18:48Z</time>
      </trkpt>
      <trkpt lat="9.000114" lon="-79.579272">
        <time>2026-08-13T10:18:49Z</time>
      </trkpt>
      <trkpt lat="9.000131" lon="-79.579268">
        <time>2026-08-13T10:18:50Z</time>
      </trkpt>
      <trkpt lat="9.000147" lon="-79.579266">
        <time>2026-08-13T10:18:51Z</time>
      </trkpt>
      <trkpt lat="9.000164" lon="-79.579266">
        <time>2026-08-13T10:18:52Z</time>
      </trkpt>
      <trkpt lat="9.000180" lon="-79.579265">
        <time>2026-08-13T10:18:53Z</time>
      </trkpt>
      <trkpt lat="9.000193" lon="-79.579265">
        <time>2026-08-13T10:18:54Z</time>
      </trkpt>
      <trkpt lat="9.000210" lon="-79.579265">
        <time>2026-08-13T10:18:55Z</time>
      </trkpt>
      <trkpt lat="9.000225" lon="-79.579273">
        <time>2026-08-13T10:18:56Z</time>
      </trkpt>
      <trkpt lat="9.000234" lon="-79.579283">
        <time>2026-08-13T10:18:57Z</time>
      </trkpt>
      <trkpt lat="9.000237" lon="-79.579295">
        <time>2026-08-13T10:18:58Z</time>
      </trkpt>
      <trkpt lat="9.000240" lon="-79.579307">
        <time>2026-08-13T10:18:59Z</time>
      </trkpt>
      <trkpt lat="9.000242" lon="-79.579321">
        <time>2026-08-13T10:19:00Z</time>
      </trkpt>
      <trkpt lat="9.000246" lon="-79.579336">
        <time>2026-08-13T10:19:01Z</time>
      </trkpt>
      <trkpt lat="9.000250" lon="-79.579350">
        <time>2026-08-13T10:19:02Z</time>
      </trkpt>
      <trkpt lat="9.000253" lon="-79.579365">
        <time>2026-08-13T10:19:03Z</time>
      </trkpt>
      <trkpt lat="9.000256" lon="-79.579379">
        <time>2026-08-13T10:19:04Z</time>
      </trkpt>
      <trkpt lat="9.000259" lon="-79.579394">
        <time>2026-08-13T10:19:05Z</time>
      </trkpt>
      <trkpt lat="9.000262" lon="-79.579408">
        <time>2026-08-13T10:19:06Z</time>
      </trkpt>
      <trkpt lat="9.000264" lon="-79.579422">
        <time>2026-08-13T10:19:07Z</time>
      </trkpt>
      <trkpt lat="9.000265" lon="-79.579437">
        <time>2026-08-13T10:19:08Z</time>
      </trkpt>
      <trkpt lat="9.000266" lon="-79.579451">
        <time>2026-08-13T10:19:09Z</time>
      </trkpt>
      <trkpt lat="9.000267" lon="-79.579466">
        <time>2026-08-13T10:19:10Z</time>
      </trkpt>
      <trkpt lat="9.000267" lon="-79.579483">
        <time>2026-08-13T10:19:11Z</time>
      </trkpt>
      <trkpt lat="9.000267" lon="-79.579504">
        <time>2026-08-13T10:19:12Z</time>
      </trkpt>
      <trkpt lat="9.000267" lon="-79.579528">
        <time>2026-08-13T10:19:13Z</time>
      </trkpt>
      <trkpt lat="9.000269" lon="-79.579553">
        <time>2026-08-13T10:19:14Z</time>
      </trkpt>
      <trkpt lat="9.000271" lon="-79.579578">
        <time>2026-08-13T10:19:15Z</time>
      </trkpt>
      <trkpt lat="9.000273" lon="-79.579603">
        <time>2026-08-13T10:19:16Z</time>
      </trkpt>
      <trkpt lat="9.000274" lon="-79.579633">
        <time>2026-08-13T10:19:17Z</time>
      </trkpt>
      <trkpt lat="9.000274" lon="-79.579659">
        <time>2026-08-13T10:19:18Z</time>
      </trkpt>
      <trkpt lat="9.000275" lon="-79.579683">
        <time>2026-08-13T10:19:19Z</time>
      </trkpt>
      <trkpt lat="9.000278" lon="-79.579706">
        <time>2026-08-13T10:19:20Z</time>
      </trkpt>
      <trkpt lat="9.000281" lon="-79.579729">
        <time>2026-08-13T10:19:21Z</time>
      </trkpt>
      <trkpt lat="9.000284" lon="-79.579751">
        <time>2026-08-13T10:19:22Z</time>
      </trkpt>
      <trkpt lat="9.000286" lon="-79.579775">
        <time>2026-08-13T10:19:23Z</time>
      </trkpt>
      <trkpt lat="9.000286" lon="-79.579797">
        <time>2026-08-13T10:19:24Z</time>
      </trkpt>
      <trkpt lat="9.000287" lon="-79.579818">
        <time>2026-08-13T10:19:25Z</time>
      </trkpt>
      <trkpt lat="9.000287" lon="-79.579838">
        <time>2026-08-13T10:19:26Z</time>
      </trkpt>
      <trkpt lat="9.000288" lon="-79.579859">
        <time>2026-08-13T10:19:27Z</time>
      </trkpt>
      <trkpt lat="9.000290" lon="-79.579881">
        <time>2026-08-13T10:19:28Z</time>
      </trkpt>
      <trkpt lat="9.000290" lon="-79.579901">
        <time>2026-08-13T10:19:29Z</time>
      </trkpt>
      <trkpt lat="9.000289" lon="-79.579923">
        <time>2026-08-13T10:19:30Z</time>
      </trkpt>
      <trkpt lat="9.000292" lon="-79.579943">
        <time>2026-08-13T10:19:31Z</time>
      </trkpt>
      <trkpt lat="9.000291" lon="-79.579965">
        <time>2026-08-13T10:19:32Z</time>
      </trkpt>
      <trkpt lat="9.000291" lon="-79.579986">
        <time>2026-08-13T10:19:33Z</time>
      </trkpt>
      <trkpt lat="9.000294" lon="-79.580007">
        <time>2026-08-13T10:19:34Z</time>
      </trkpt>
      <trkpt lat="9.000296" lon="-79.580028">
        <time>2026-08-13T10:19:35Z</time>
      </trkpt>
      <trkpt lat="9.000295" lon="-79.580050">
        <time>2026-08-13T10:19:36Z</time>
      </trkpt>
      <trkpt lat="9.000296" lon="-79.580071">
        <time>2026-08-13T10:19:37Z</time>
      </trkpt>
      <trkpt lat="9.000299" lon="-79.580089">
        <time>2026-08-13T10:19:38Z</time>
      </trkpt>
      <trkpt lat="9.000300" lon="-79.580109">
        <time>2026-08-13T10:19:39Z</time>
      </trkpt>
      <trkpt lat="9.000304" lon="-79.580132">
        <time>2026-08-13T10:19:40Z</time>
      </trkpt>
      <trkpt lat="9.000318" lon="-79.580151">
        <time>2026-08-13T10:19:41Z</time>
      </trkpt>
      <trkpt lat="9.000335" lon="-79.580171">
        <time>2026-08-13T10:19:42Z</time>
      </trkpt>
      <trkpt lat="9.000356" lon="-79.580188">
        <time>2026-08-13T10:19:43Z</time>
      </trkpt>
      <trkpt lat="9.000383" lon="-79.580199">
        <time>2026-08-13T10:19:44Z</time>
      </trkpt>
      <trkpt lat="9.000411" lon="-79.580207">
        <time>2026-08-13T10:19:45Z</time>
      </trkpt>
      <trkpt lat="9.000441" lon="-79.580211">
        <time>2026-08-13T10:19:46Z</time>
      </trkpt>
      <trkpt lat="9.000471" lon="-79.580209">
        <time>2026-08-13T10:19:47Z</time>
      </trkpt>
      <trkpt lat="9.000497" lon="-79.580205">
        <time>2026-08-13T10:19:48Z</time>
      </trkpt>
      <trkpt lat="9.000523" lon="-79.580201">
        <time>2026-08-13T10:19:49Z</time>
      </trkpt>
      <trkpt lat="9.000547" lon="-79.580194">
        <time>2026-08-13T10:19:50Z</time>
      </trkpt>
      <trkpt lat="9.000568" lon="-79.580188">
        <time>2026-08-13T10:19:51Z</time>
      </trkpt>
      <trkpt lat="9.000591" lon="-79.580180">
        <time>2026-08-13T10:19:52Z</time>
      </trkpt>
      <trkpt lat="9.000612" lon="-79.580174">
        <time>2026-08-13T10:19:53Z</time>
      </trkpt>
      <trkpt lat="9.000632" lon="-79.580169">
        <time>2026-08-13T10:19:54Z</time>
      </trkpt>
      <trkpt lat="9.000651" lon="-79.580163">
        <time>2026-08-13T10:19:55Z</time>
      </trkpt>
      <trkpt lat="9.000672" lon="-79.580158">
        <time>2026-08-13T10:19:56Z</time>
      </trkpt>
      <trkpt lat="9.000692" lon="-79.580152">
        <time>2026-08-13T10:19:57Z</time>
      </trkpt>
      <trkpt lat="9.000711" lon="-79.580144">
        <time>2026-08-13T10:19:58Z</time>
      </trkpt>
      <trkpt lat="9.000732" lon="-79.580136">
        <time>2026-08-13T10:19:59Z</time>
      </trkpt>
      <trkpt lat="9.000750" lon="-79.580132">
        <time>2026-08-13T10:20:00Z</time>
      </trkpt>
      <trkpt lat="9.000772" lon="-79.580126">
        <time>2026-08-13T10:20:01Z</time>
      </trkpt>
      <trkpt lat="9.000794" lon="-79.580117">
        <time>2026-08-13T10:20:02Z</time>
      </trkpt>
      <trkpt lat="9.000815" lon="-79.580110">
        <time>2026-08-13T10:20:03Z</time>
      </trkpt>
      <trkpt lat="9.000834" lon="-79.580103">
        <time>2026-08-13T10:20:04Z</time>
      </trkpt>
      <trkpt lat="9.000857" lon="-79.580095">
        <time>2026-08-13T10:20:05Z</time>
      </trkpt>
      <trkpt lat="9.000877" lon="-79.580088">
        <time>2026-08-13T10:20:06Z</time>
      </trkpt>
      <trkpt lat="9.000897" lon="-79.580082">
        <time>2026-08-13T10:20:07Z</time>
      </trkpt>
      <trkpt lat="9.000917" lon="-79.580072">
        <time>2026-08-13T10:20:08Z</time>
      </trkpt>
      <trkpt lat="9.000936" lon="-79.580063">
        <time>2026-08-13T10:20:09Z</time>
      </trkpt>
      <trkpt lat="9.000957" lon="-79.580052">
        <time>2026-08-13T10:20:10Z</time>
      </trkpt>
      <trkpt lat="9.000975" lon="-79.580033">
        <time>2026-08-13T10:20:11Z</time>
      </trkpt>
      <trkpt lat="9.000994" lon="-79.580016">
        <time>2026-08-13T10:20:12Z</time>
      </trkpt>
      <trkpt lat="9.001009" lon="-79.579997">
        <time>2026-08-13T10:20:13Z</time>
      </trkpt>
      <trkpt lat="9.001024" lon="-79.579977">
        <time>2026-08-13T10:20:14Z</time>
      </trkpt>
      <trkpt lat="9.001037" lon="-79.579956">
        <time>2026-08-13T10:20:15Z</time>
      </trkpt>
      <trkpt lat="9.001049" lon="-79.579932">
        <time>2026-08-13T10:20:16Z</time>
      </trkpt>
      <trkpt lat="9.001058" lon="-79.579909">
        <time>2026-08-13T10:20:17Z</time>
      </trkpt>
      <trkpt lat="9.001065" lon="-79.579885">
        <time>2026-08-13T10:20:18Z</time>
      </trkpt>
      <trkpt lat="9.001070" lon="-79.579863">
        <time>2026-08-13T10:20:19Z</time>
      </trkpt>
      <trkpt lat="9.001073" lon="-79.579839">
        <time>2026-08-13T10:20:20Z</time>
      </trkpt>
      <trkpt lat="9.001073" lon="-79.579814">
        <time>2026-08-13T10:20:21Z</time>
      </trkpt>
      <trkpt lat="9.001073" lon="-79.579792">
        <time>2026-08-13T10:20:22Z</time>
      </trkpt>
      <trkpt lat="9.001071" lon="-79.579768">
        <time>2026-08-13T10:20:23Z</time>
      </trkpt>
      <trkpt lat="9.001067" lon="-79.579745">
        <time>2026-08-13T10:20:24Z</time>
      </trkpt>
      <trkpt lat="9.001064" lon="-79.579724">
        <time>2026-08-13T10:20:25Z</time>
      </trkpt>
      <trkpt lat="9.001058" lon="-79.579702">
        <time>2026-08-13T10:20:26Z</time>
      </trkpt>
      <trkpt lat="9.001053" lon="-79.579681">
        <time>2026-08-13T10:20:27Z</time>
      </trkpt>
      <trkpt lat="9.001048" lon="-79.579660">
        <time>2026-08-13T10:20:28Z</time>
      </trkpt>
      <trkpt lat="9.001039" lon="-79.579637">
        <time>2026-08-13T10:20:29Z</time>
      </trkpt>
      <trkpt lat="9.001036" lon="-79.579615">
        <time>2026-08-13T10:20:30Z</time>
      </trkpt>
      <trkpt lat="9.001031" lon="-79.579594">
        <time>2026-08-13T10:20:31Z</time>
      </trkpt>
      <trkpt lat="9.001024" lon="-79.579572">
        <time>2026-08-13T10:20:32Z</time>
      </trkpt>
      <trkpt lat="9.001021" lon="-79.579553">
        <time>2026-08-13T10:20:33Z</time>
      </trkpt>
      <trkpt lat="9.001017" lon="-79.579533">
        <time>2026-08-13T10:20:34Z</time>
      </trkpt>
      <trkpt lat="9.001012" lon="-79.579512">
        <time>2026-08-13T10:20:35Z</time>
      </trkpt>
      <trkpt lat="9.001007" lon="-79.579494">
        <time>2026-08-13T10:20:36Z</time>
      </trkpt>
      <trkpt lat="9.001004" lon="-79.579478">
        <time>2026-08-13T10:20:37Z</time>
      </trkpt>
      <trkpt lat="9.000999" lon="-79.579458">
        <time>2026-08-13T10:20:38Z</time>
      </trkpt>
      <trkpt lat="9.000997" lon="-79.579437">
        <time>2026-08-13T10:20:39Z</time>
      </trkpt>
      <trkpt lat="9.000996" lon="-79.579416">
        <time>2026-08-13T10:20:40Z</time>
      </trkpt>
      <trkpt lat="9.000995" lon="-79.579395">
        <time>2026-08-13T10:20:41Z</time>
      </trkpt>
      <trkpt lat="9.000995" lon="-79.579374">
        <time>2026-08-13T10:20:42Z</time>
      </trkpt>
      <trkpt lat="9.000998" lon="-79.579353">
        <time>2026-08-13T10:20:43Z</time>
      </trkpt>
      <trkpt lat="9.001000" lon="-79.579333">
        <time>2026-08-13T10:20:44Z</time>
      </trkpt>
      <trkpt lat="9.001003" lon="-79.579312">
        <time>2026-08-13T10:20:45Z</time>
      </trkpt>
      <trkpt lat="9.001008" lon="-79.579292">
        <time>2026-08-13T10:20:46Z</time>
      </trkpt>
      <trkpt lat="9.001016" lon="-79.579275">
        <time>2026-08-13T10:20:47Z</time>
      </trkpt>
      <trkpt lat="9.001025" lon="-79.579258">
        <time>2026-08-13T10:20:48Z</time>
      </trkpt>
      <trkpt lat="9.001036" lon="-79.579242">
        <time>2026-08-13T10:20:49Z</time>
      </trkpt>
      <trkpt lat="9.001050" lon="-79.579227">
        <time>2026-08-13T10:20:50Z</time>
      </trkpt>
      <trkpt lat="9.001065" lon="-79.579210">
        <time>2026-08-13T10:20:51Z</time>
      </trkpt>
      <trkpt lat="9.001082" lon="-79.579197">
        <time>2026-08-13T10:20:52Z</time>
      </trkpt>
      <trkpt lat="9.001095" lon="-79.579183">
        <time>2026-08-13T10:20:53Z</time>
      </trkpt>
      <trkpt lat="9.001113" lon="-79.579168">
        <time>2026-08-13T10:20:54Z</time>
      </trkpt>
      <trkpt lat="9.001132" lon="-79.579158">
        <time>2026-08-13T10:20:55Z</time>
      </trkpt>
      <trkpt lat="9.001149" lon="-79.579147">
        <time>2026-08-13T10:20:56Z</time>
      </trkpt>
      <trkpt lat="9.001167" lon="-79.579135">
        <time>2026-08-13T10:20:57Z</time>
      </trkpt>
      <trkpt lat="9.001185" lon="-79.579127">
        <time>2026-08-13T10:20:58Z</time>
      </trkpt>
      <trkpt lat="9.001206" lon="-79.579119">
        <time>2026-08-13T10:20:59Z</time>
      </trkpt>
      <trkpt lat="9.001226" lon="-79.579108">
        <time>2026-08-13T10:21:00Z</time>
      </trkpt>
      <trkpt lat="9.001247" lon="-79.579097">
        <time>2026-08-13T10:21:01Z</time>
      </trkpt>
      <trkpt lat="9.001266" lon="-79.579087">
        <time>2026-08-13T10:21:02Z</time>
      </trkpt>
      <trkpt lat="9.001284" lon="-79.579077">
        <time>2026-08-13T10:21:03Z</time>
      </trkpt>
      <trkpt lat="9.001302" lon="-79.579070">
        <time>2026-08-13T10:21:04Z</time>
      </trkpt>
      <trkpt lat="9.001320" lon="-79.579062">
        <time>2026-08-13T10:21:05Z</time>
      </trkpt>
      <trkpt lat="9.001339" lon="-79.579055">
        <time>2026-08-13T10:21:06Z</time>
      </trkpt>
      <trkpt lat="9.001361" lon="-79.579053">
        <time>2026-08-13T10:21:07Z</time>
      </trkpt>
      <trkpt lat="9.001383" lon="-79.579053">
        <time>2026-08-13T10:21:08Z</time>
      </trkpt>
      <trkpt lat="9.001406" lon="-79.579053">
        <time>2026-08-13T10:21:09Z</time>
      </trkpt>
      <trkpt lat="9.001427" lon="-79.579055">
        <time>2026-08-13T10:21:10Z</time>
      </trkpt>
      <trkpt lat="9.001447" lon="-79.579059">
        <time>2026-08-13T10:21:11Z</time>
      </trkpt>
      <trkpt lat="9.001468" lon="-79.579064">
        <time>2026-08-13T10:21:12Z</time>
      </trkpt>
      <trkpt lat="9.001490" lon="-79.579067">
        <time>2026-08-13T10:21:13Z</time>
      </trkpt>
      <trkpt lat="9.001507" lon="-79.579072">
        <time>2026-08-13T10:21:14Z</time>
      </trkpt>
      <trkpt lat="9.001529" lon="-79.579082">
        <time>2026-08-13T10:21:15Z</time>
      </trkpt>
      <trkpt lat="9.001546" lon="-79.579091">
        <time>2026-08-13T10:21:16Z</time>
      </trkpt>
      <trkpt lat="9.001562" lon="-79.579105">
        <time>2026-08-13T10:21:17Z</time>
      </trkpt>
      <trkpt lat="9.001580" lon="-79.579118">
        <time>2026-08-13T10:21:18Z</time>
      </trkpt>
      <trkpt lat="9.001595" lon="-79.579131">
        <time>2026-08-13T10:21:19Z</time>
      </trkpt>
      <trkpt lat="9.001609" lon="-79.579145">
        <time>2026-08-13T10:21:20Z</time>
      </trkpt>
      <trkpt lat="9.001624" lon="-79.579160">
        <time>2026-08-13T10:21:21Z</time>
      </trkpt>
      <trkpt lat="9.001635" lon="-79.579176">
        <time>2026-08-13T10:21:22Z</time>
      </trkpt>
      <trkpt lat="9.001645" lon="-79.579195">
        <time>2026-08-13T10:21:23Z</time>
      </trkpt>
      <trkpt lat="9.001657" lon="-79.579214">
        <time>2026-08-13T10:21:24Z</time>
      </trkpt>
      <trkpt lat="9.001664" lon="-79.579233">
        <time>2026-08-13T10:21:25Z</time>
      </trkpt>
      <trkpt lat="9.001665" lon="-79.579252">
        <time>2026-08-13T10:21:26Z</time>
      </trkpt>
      <trkpt lat="9.001659" lon="-79.579275">
        <time>2026-08-13T10:21:27Z</time>
      </trkpt>
      <trkpt lat="9.001654" lon="-79.579296">
        <time>2026-08-13T10:21:28Z</time>
      </trkpt>
      <trkpt lat="9.001647" lon="-79.579316">
        <time>2026-08-13T10:21:29Z</time>
      </trkpt>
      <trkpt lat="9.001642" lon="-79.579335">
        <time>2026-08-13T10:21:30Z</time>
      </trkpt>
      <trkpt lat="9.001635" lon="-79.579356">
        <time>2026-08-13T10:21:31Z</time>
      </trkpt>
      <trkpt lat="9.001629" lon="-79.579378">
        <time>2026-08-13T10:21:32Z</time>
      </trkpt>
      <trkpt lat="9.001623" lon="-79.579399">
        <time>2026-08-13T10:21:33Z</time>
      </trkpt>
      <trkpt lat="9.001615" lon="-79.579420">
        <time>2026-08-13T10:21:34Z</time>
      </trkpt>
      <trkpt lat="9.001610" lon="-79.579443">
        <time>2026-08-13T10:21:35Z</time>
      </trkpt>
      <trkpt lat="9.001606" lon="-79.579466">
        <time>2026-08-13T10:21:36Z</time>
      </trkpt>
      <trkpt lat="9.001602" lon="-79.579487">
        <time>2026-08-13T10:21:37Z</time>
      </trkpt>
      <trkpt lat="9.001600" lon="-79.579510">
        <time>2026-08-13T10:21:38Z</time>
      </trkpt>
      <trkpt lat="9.001598" lon="-79.579534">
        <time>2026-08-13T10:21:39Z</time>
      </trkpt>
      <trkpt lat="9.001598" lon="-79.579557">
        <time>2026-08-13T10:21:40Z</time>
      </trkpt>
      <trkpt lat="9.001599" lon="-79.579581">
        <time>2026-08-13T10:21:41Z</time>
      </trkpt>
      <trkpt lat="9.001604" lon="-79.579603">
        <time>2026-08-13T10:21:42Z</time>
      </trkpt>
      <trkpt lat="9.001609" lon="-79.579625">
        <time>2026-08-13T10:21:43Z</time>
      </trkpt>
      <trkpt lat="9.001615" lon="-79.579645">
        <time>2026-08-13T10:21:44Z</time>
      </trkpt>
      <trkpt lat="9.001623" lon="-79.579670">
        <time>2026-08-13T10:21:45Z</time>
      </trkpt>
      <trkpt lat="9.001632" lon="-79.579689">
        <time>2026-08-13T10:21:46Z</time>
      </trkpt>
      <trkpt lat="9.001641" lon="-79.579712">
        <time>2026-08-13T10:21:47Z</time>
      </trkpt>
      <trkpt lat="9.001653" lon="-79.579733">
        <time>2026-08-13T10:21:48Z</time>
      </trkpt>
      <trkpt lat="9.001664" lon="-79.579753">
        <time>2026-08-13T10:21:49Z</time>
      </trkpt>
      <trkpt lat="9.001676" lon="-79.579775">
        <time>2026-08-13T10:21:50Z</time>
      </trkpt>
      <trkpt lat="9.001687" lon="-79.579796">
        <time>2026-08-13T10:21:51Z</time>
      </trkpt>
      <trkpt lat="9.001697" lon="-79.579814">
        <time>2026-08-13T10:21:52Z</time>
      </trkpt>
      <trkpt lat="9.001712" lon="-79.579830">
        <time>2026-08-13T10:21:53Z</time>
      </trkpt>
      <trkpt lat="9.001730" lon="-79.579848">
        <time>2026-08-13T10:21:54Z</time>
      </trkpt>
      <trkpt lat="9.001753" lon="-79.579859">
        <time>2026-08-13T10:21:55Z</time>
      </trkpt>
      <trkpt lat="9.001778" lon="-79.579865">
        <time>2026-08-13T10:21:56Z</time>
      </trkpt>
      <trkpt lat="9.001802" lon="-79.579864">
        <time>2026-08-13T10:21:57Z</time>
      </trkpt>
      <trkpt lat="9.001827" lon="-79.579863">
        <time>2026-08-13T10:21:58Z</time>
      </trkpt>
      <trkpt lat="9.001850" lon="-79.579858">
        <time>2026-08-13T10:21:59Z</time>
      </trkpt>
      <trkpt lat="9.001873" lon="-79.579852">
        <time>2026-08-13T10:22:00Z</time>
      </trkpt>
      <trkpt lat="9.001895" lon="-79.579846">
        <time>2026-08-13T10:22:01Z</time>
      </trkpt>
      <trkpt lat="9.001919" lon="-79.579840">
        <time>2026-08-13T10:22:02Z</time>
      </trkpt>
      <trkpt lat="9.001939" lon="-79.579832">
        <time>2026-08-13T10:22:03Z</time>
      </trkpt>
      <trkpt lat="9.001957" lon="-79.579826">
        <time>2026-08-13T10:22:04Z</time>
      </trkpt>
      <trkpt lat="9.001977" lon="-79.579817">
        <time>2026-08-13T10:22:05Z</time>
      </trkpt>
      <trkpt lat="9.001994" lon="-79.579811">
        <time>2026-08-13T10:22:06Z</time>
      </trkpt>
      <trkpt lat="9.002013" lon="-79.579806">
        <time>2026-08-13T10:22:07Z</time>
      </trkpt>
      <trkpt lat="9.002031" lon="-79.579798">
        <time>2026-08-13T10:22:08Z</time>
      </trkpt>
      <trkpt lat="9.002049" lon="-79.579789">
        <time>2026-08-13T10:22:09Z</time>
      </trkpt>
      <trkpt lat="9.002069" lon="-79.579784">
        <time>2026-08-13T10:22:10Z</time>
      </trkpt>
      <trkpt lat="9.002089" lon="-79.579778">
        <time>2026-08-13T10:22:11Z</time>
      </trkpt>
      <trkpt lat="9.002109" lon="-79.579774">
        <time>2026-08-13T10:22:12Z</time>
      </trkpt>
      <trkpt lat="9.002130" lon="-79.579771">
        <time>2026-08-13T10:22:13Z</time>
      </trkpt>
      <trkpt lat="9.002151" lon="-79.579766">
        <time>2026-08-13T10:22:14Z</time>
      </trkpt>
      <trkpt lat="9.002172" lon="-79.579763">
        <time>2026-08-13T10:22:15Z</time>
      </trkpt>
      <trkpt lat="9.002194" lon="-79.579764">
        <time>2026-08-13T10:22:16Z</time>
      </trkpt>
      <trkpt lat="9.002213" lon="-79.579768">
        <time>2026-08-13T10:22:17Z</time>
      </trkpt>
      <trkpt lat="9.002233" lon="-79.579774">
        <time>2026-08-13T10:22:18Z</time>
      </trkpt>
      <trkpt lat="9.002254" lon="-79.579779">
        <time>2026-08-13T10:22:19Z</time>
      </trkpt>
      <trkpt lat="9.002274" lon="-79.579787">
        <time>2026-08-13T10:22:20Z</time>
      </trkpt>
      <trkpt lat="9.002296" lon="-79.579794">
        <time>2026-08-13T10:22:21Z</time>
      </trkpt>
      <trkpt lat="9.002317" lon="-79.579802">
        <time>2026-08-13T10:22:22Z</time>
      </trkpt>
      <trkpt lat="9.002335" lon="-79.579809">
        <time>2026-08-13T10:22:23Z</time>
      </trkpt>
      <trkpt lat="9.002357" lon="-79.579814">
        <time>2026-08-13T10:22:24Z</time>
      </trkpt>
      <trkpt lat="9.002378" lon="-79.579820">
        <time>2026-08-13T10:22:25Z</time>
      </trkpt>
      <trkpt lat="9.002398" lon="-79.579825">
        <time>2026-08-13T10:22:26Z</time>
      </trkpt>
      <trkpt lat="9.002422" lon="-79.579827">
        <time>2026-08-13T10:22:27Z</time>
      </trkpt>
      <trkpt lat="9.002445" lon="-79.579828">
        <time>2026-08-13T10:22:28Z</time>
      </trkpt>
      <trkpt lat="9.002466" lon="-79.579828">
        <time>2026-08-13T10:22:29Z</time>
      </trkpt>
      <trkpt lat="9.002489" lon="-79.579825">
        <time>2026-08-13T10:22:30Z</time>
      </trkpt>
      <trkpt lat="9.002509" lon="-79.579822">
        <time>2026-08-13T10:22:31Z</time>
      </trkpt>
      <trkpt lat="9.002532" lon="-79.579818">
        <time>2026-08-13T10:22:32Z</time>
      </trkpt>
      <trkpt lat="9.002554" lon="-79.579814">
        <time>2026-08-13T10:22:33Z</time>
      </trkpt>
      <trkpt lat="9.002575" lon="-79.579810">
        <time>2026-08-13T10:22:34Z</time>
      </trkpt>
      <trkpt lat="9.002598" lon="-79.579806">
        <time>2026-08-13T10:22:35Z</time>
      </trkpt>
      <trkpt lat="9.002619" lon="-79.579801">
        <time>2026-08-13T10:22:36Z</time>
      </trkpt>
      <trkpt lat="9.002643" lon="-79.579795">
        <time>2026-08-13T10:22:37Z</time>
      </trkpt>
      <trkpt lat="9.002661" lon="-79.579783">
        <time>2026-08-13T10:22:38Z</time>
      </trkpt>
      <trkpt lat="9.002680" lon="-79.579771">
        <time>2026-08-13T10:22:39Z</time>
      </trkpt>
      <trkpt lat="9.002696" lon="-79.579756">
        <time>2026-08-13T10:22:40Z</time>
      </trkpt>
      <trkpt lat="9.002710" lon="-79.579740">
        <time>2026-08-13T10:22:41Z</time>
      </trkpt>
      <trkpt lat="9.002724" lon="-79.579721">
        <time>2026-08-13T10:22:42Z</time>
      </trkpt>
      <trkpt lat="9.002737" lon="-79.579703">
        <time>2026-08-13T10:22:43Z</time>
      </trkpt>
      <trkpt lat="9.002750" lon="-79.579683">
        <time>2026-08-13T10:22:44Z</time>
      </trkpt>
      <trkpt lat="9.002762" lon="-79.579669">
        <time>2026-08-13T10:22:45Z</time>
      </trkpt>
      <trkpt lat="9.002776" lon="-79.579652">
        <time>2026-08-13T10:22:46Z</time>
      </trkpt>
      <trkpt lat="9.002787" lon="-79.579635">
        <time>2026-08-13T10:22:47Z</time>
      </trkpt>
      <trkpt lat="9.002797" lon="-79.579620">
        <time>2026-08-13T10:22:48Z</time>
      </trkpt>
      <trkpt lat="9.002808" lon="-79.579602">
        <time>2026-08-13T10:22:49Z</time>
      </trkpt>
      <trkpt lat="9.002818" lon="-79.579580">
        <time>2026-08-13T10:22:50Z</time>
      </trkpt>
      <trkpt lat="9.002826" lon="-79.579565">
        <time>2026-08-13T10:22:51Z</time>
      </trkpt>
      <trkpt lat="9.002836" lon="-79.579546">
        <time>2026-08-13T10:22:52Z</time>
      </trkpt>
      <trkpt lat="9.002847" lon="-79.579526">
        <time>2026-08-13T10:22:53Z</time>
      </trkpt>
      <trkpt lat="9.002858" lon="-79.579508">
        <time>2026-08-13T10:22:54Z</time>
      </trkpt>
      <trkpt lat="9.002866" lon="-79.579490">
        <time>2026-08-13T10:22:55Z</time>
      </trkpt>
      <trkpt lat="9.002872" lon="-79.579469">
        <time>2026-08-13T10:22:56Z</time>
      </trkpt>
      <trkpt lat="9.002878" lon="-79.579452">
        <time>2026-08-13T10:22:57Z</time>
      </trkpt>
      <trkpt lat="9.002885" lon="-79.579431">
        <time>2026-08-13T10:22:58Z</time>
      </trkpt>
      <trkpt lat="9.002891" lon="-79.579404">
        <time>2026-08-13T10:22:59Z</time>
      </trkpt>
      <trkpt lat="9.002897" lon="-79.579383">
        <time>2026-08-13T10:23:00Z</time>
      </trkpt>
      <trkpt lat="9.002902" lon="-79.579362">
        <time>2026-08-13T10:23:01Z</time>
      </trkpt>
      <trkpt lat="9.002906" lon="-79.579338">
        <time>2026-08-13T10:23:02Z</time>
      </trkpt>
      <trkpt lat="9.002912" lon="-79.579318">
        <time>2026-08-13T10:23:03Z</time>
      </trkpt>
      <trkpt lat="9.002916" lon="-79.579297">
        <time>2026-08-13T10:23:04Z</time>
      </trkpt>
      <trkpt lat="9.002921" lon="-79.579276">
        <time>2026-08-13T10:23:05Z</time>
      </trkpt>
      <trkpt lat="9.002924" lon="-79.579256">
        <time>2026-08-13T10:23:06Z</time>
      </trkpt>
      <trkpt lat="9.002928" lon="-79.579237">
        <time>2026-08-13T10:23:07Z</time>
      </trkpt>
      <trkpt lat="9.002931" lon="-79.579215">
        <time>2026-08-13T10:23:08Z</time>
      </trkpt>
      <trkpt lat="9.002936" lon="-79.579196">
        <time>2026-08-13T10:23:09Z</time>
      </trkpt>
      <trkpt lat="9.002939" lon="-79.579175">
        <time>2026-08-13T10:23:10Z</time>
      </trkpt>
      <trkpt lat="9.002943" lon="-79.579153">
        <time>2026-08-13T10:23:11Z</time>
      </trkpt>
      <trkpt lat="9.002946" lon="-79.579131">
        <time>2026-08-13T10:23:12Z</time>
      </trkpt>
      <trkpt lat="9.002947" lon="-79.579110">
        <time>2026-08-13T10:23:13Z</time>
      </trkpt>
      <trkpt lat="9.002950" lon="-79.579091">
        <time>2026-08-13T10:23:14Z</time>
      </trkpt>
      <trkpt lat="9.002953" lon="-79.579070">
        <time>2026-08-13T10:23:15Z</time>
      </trkpt>
      <trkpt lat="9.002958" lon="-79.579048">
        <time>2026-08-13T10:23:16Z</time>
      </trkpt>
      <trkpt lat="9.002961" lon="-79.579026">
        <time>2026-08-13T10:23:17Z</time>
      </trkpt>
      <trkpt lat="9.002964" lon="-79.579002">
        <time>2026-08-13T10:23:18Z</time>
      </trkpt>
      <trkpt lat="9.002965" lon="-79.578979">
        <time>2026-08-13T10:23:19Z</time>
      </trkpt>
      <trkpt lat="9.002970" lon="-79.578955">
        <time>2026-08-13T10:23:20Z</time>
      </trkpt>
      <trkpt lat="9.002973" lon="-79.578934">
        <time>2026-08-13T10:23:21Z</time>
      </trkpt>
      <trkpt lat="9.002973" lon="-79.578908">
        <time>2026-08-13T10:23:22Z</time>
      </trkpt>
      <trkpt lat="9.002975" lon="-79.578885">
        <time>2026-08-13T10:23:23Z</time>
      </trkpt>
      <trkpt lat="9.002974" lon="-79.578865">
        <time>2026-08-13T10:23:24Z</time>
      </trkpt>
      <trkpt lat="9.002972" lon="-79.578843">
        <time>2026-08-13T10:23:25Z</time>
      </trkpt>
      <trkpt lat="9.002972" lon="-79.578821">
        <time>2026-08-13T10:23:26Z</time>
      </trkpt>
      <trkpt lat="9.002972" lon="-79.578797">
        <time>2026-08-13T10:23:27Z</time>
      </trkpt>
      <trkpt lat="9.002969" lon="-79.578780">
        <time>2026-08-13T10:23:28Z</time>
      </trkpt>
      <trkpt lat="9.002967" lon="-79.578758">
        <time>2026-08-13T10:23:29Z</time>
      </trkpt>
      <trkpt lat="9.002969" lon="-79.578736">
        <time>2026-08-13T10:23:30Z</time>
      </trkpt>
      <trkpt lat="9.002967" lon="-79.578714">
        <time>2026-08-13T10:23:31Z</time>
      </trkpt>
      <trkpt lat="9.002965" lon="-79.578693">
        <time>2026-08-13T10:23:32Z</time>
      </trkpt>
      <trkpt lat="9.002965" lon="-79.578673">
        <time>2026-08-13T10:23:33Z</time>
      </trkpt>
      <trkpt lat="9.002962" lon="-79.578655">
        <time>2026-08-13T10:23:34Z</time>
      </trkpt>
      <trkpt lat="9.002959" lon="-79.578633">
        <time>2026-08-13T10:23:35Z</time>
      </trkpt>
      <trkpt lat="9.002956" lon="-79.578610">
        <time>2026-08-13T10:23:36Z</time>
      </trkpt>
      <trkpt lat="9.002952" lon="-79.578589">
        <time>2026-08-13T10:23:37Z</time>
      </trkpt>
      <trkpt lat="9.002948" lon="-79.578568">
        <time>2026-08-13T10:23:38Z</time>
      </trkpt>
      <trkpt lat="9.002945" lon="-79.578548">
        <time>2026-08-13T10:23:39Z</time>
      </trkpt>
      <trkpt lat="9.002940" lon="-79.578528">
        <time>2026-08-13T10:23:40Z</time>
      </trkpt>
      <trkpt lat="9.002939" lon="-79.578509">
        <time>2026-08-13T10:23:41Z</time>
      </trkpt>
      <trkpt lat="9.002937" lon="-79.578489">
        <time>2026-08-13T10:23:42Z</time>
      </trkpt>
      <trkpt lat="9.002929" lon="-79.578469">
        <time>2026-08-13T10:23:43Z</time>
      </trkpt>
      <trkpt lat="9.002926" lon="-79.578447">
        <time>2026-08-13T10:23:44Z</time>
      </trkpt>
      <trkpt lat="9.002925" lon="-79.578430">
        <time>2026-08-13T10:23:45Z</time>
      </trkpt>
      <trkpt lat="9.002918" lon="-79.578407">
        <time>2026-08-13T10:23:46Z</time>
      </trkpt>
      <trkpt lat="9.002913" lon="-79.578384">
        <time>2026-08-13T10:23:47Z</time>
      </trkpt>
      <trkpt lat="9.002908" lon="-79.578364">
        <time>2026-08-13T10:23:48Z</time>
      </trkpt>
      <trkpt lat="9.002899" lon="-79.578342">
        <time>2026-08-13T10:23:49Z</time>
      </trkpt>
      <trkpt lat="9.002893" lon="-79.578319">
        <time>2026-08-13T10:23:50Z</time>
      </trkpt>
      <trkpt lat="9.002888" lon="-79.578298">
        <time>2026-08-13T10:23:51Z</time>
      </trkpt>
      <trkpt lat="9.002881" lon="-79.578274">
        <time>2026-08-13T10:23:52Z</time>
      </trkpt>
      <trkpt lat="9.002876" lon="-79.578252">
        <time>2026-08-13T10:23:53Z</time>
      </trkpt>
      <trkpt lat="9.002873" lon="-79.578230">
        <time>2026-08-13T10:23:54Z</time>
      </trkpt>
      <trkpt lat="9.002866" lon="-79.578206">
        <time>2026-08-13T10:23:55Z</time>
      </trkpt>
      <trkpt lat="9.002862" lon="-79.578186">
        <time>2026-08-13T10:23:56Z</time>
      </trkpt>
      <trkpt lat="9.002858" lon="-79.578166">
        <time>2026-08-13T10:23:57Z</time>
      </trkpt>
      <trkpt lat="9.002849" lon="-79.578144">
        <time>2026-08-13T10:23:58Z</time>
      </trkpt>
      <trkpt lat="9.002840" lon="-79.578119">
        <time>2026-08-13T10:23:59Z</time>
      </trkpt>
      <trkpt lat="9.002828" lon="-79.578097">
        <time>2026-08-13T10:24:00Z</time>
      </trkpt>
      <trkpt lat="9.002815" lon="-79.578077">
        <time>2026-08-13T10:24:01Z</time>
      </trkpt>
      <trkpt lat="9.002806" lon="-79.578056">
        <time>2026-08-13T10:24:02Z</time>
      </trkpt>
      <trkpt lat="9.002795" lon="-79.578037">
        <time>2026-08-13T10:24:03Z</time>
      </trkpt>
      <trkpt lat="9.002783" lon="-79.578016">
        <time>2026-08-13T10:24:04Z</time>
      </trkpt>
      <trkpt lat="9.002770" lon="-79.577997">
        <time>2026-08-13T10:24:05Z</time>
      </trkpt>
      <trkpt lat="9.002755" lon="-79.577978">
        <time>2026-08-13T10:24:06Z</time>
      </trkpt>
      <trkpt lat="9.002739" lon="-79.577960">
        <time>2026-08-13T10:24:07Z</time>
      </trkpt>
      <trkpt lat="9.002724" lon="-79.577944">
        <time>2026-08-13T10:24:08Z</time>
      </trkpt>
      <trkpt lat="9.002704" lon="-79.577928">
        <time>2026-08-13T10:24:09Z</time>
      </trkpt>
      <trkpt lat="9.002686" lon="-79.577914">
        <time>2026-08-13T10:24:10Z</time>
      </trkpt>
      <trkpt lat="9.002670" lon="-79.577898">
        <time>2026-08-13T10:24:11Z</time>
      </trkpt>
      <trkpt lat="9.002651" lon="-79.577884">
        <time>2026-08-13T10:24:12Z</time>
      </trkpt>
      <trkpt lat="9.002635" lon="-79.577869">
        <time>2026-08-13T10:24:13Z</time>
      </trkpt>
      <trkpt lat="9.002618" lon="-79.577852">
        <time>2026-08-13T10:24:14Z</time>
      </trkpt>
      <trkpt lat="9.002601" lon="-79.577838">
        <time>2026-08-13T10:24:15Z</time>
      </trkpt>
      <trkpt lat="9.002585" lon="-79.577823">
        <time>2026-08-13T10:24:16Z</time>
      </trkpt>
      <trkpt lat="9.002568" lon="-79.577807">
        <time>2026-08-13T10:24:17Z</time>
      </trkpt>
      <trkpt lat="9.002551" lon="-79.577793">
        <time>2026-08-13T10:24:18Z</time>
      </trkpt>
      <trkpt lat="9.002534" lon="-79.577780">
        <time>2026-08-13T10:24:19Z</time>
      </trkpt>
      <trkpt lat="9.002515" lon="-79.577764">
        <time>2026-08-13T10:24:20Z</time>
      </trkpt>
      <trkpt lat="9.002495" lon="-79.577748">
        <time>2026-08-13T10:24:21Z</time>
      </trkpt>
      <trkpt lat="9.002478" lon="-79.577734">
        <time>2026-08-13T10:24:22Z</time>
      </trkpt>
      <trkpt lat="9.002463" lon="-79.577720">
        <time>2026-08-13T10:24:23Z</time>
      </trkpt>
      <trkpt lat="9.002447" lon="-79.577706">
        <time>2026-08-13T10:24:24Z</time>
      </trkpt>
      <trkpt lat="9.002430" lon="-79.577694">
        <time>2026-08-13T10:24:25Z</time>
      </trkpt>
      <trkpt lat="9.002414" lon="-79.577679">
        <time>2026-08-13T10:24:26Z</time>
      </trkpt>
      <trkpt lat="9.002399" lon="-79.577666">
        <time>2026-08-13T10:24:27Z</time>
      </trkpt>
      <trkpt lat="9.002383" lon="-79.577652">
        <time>2026-08-13T10:24:28Z</time>
      </trkpt>
      <trkpt lat="9.002363" lon="-79.577642">
        <time>2026-08-13T10:24:29Z</time>
      </trkpt>
      <trkpt lat="9.002345" lon="-79.577631">
        <time>2026-08-13T10:24:30Z</time>
      </trkpt>
      <trkpt lat="9.002329" lon="-79.577618">
        <time>2026-08-13T10:24:31Z</time>
      </trkpt>
      <trkpt lat="9.002313" lon="-79.577604">
        <time>2026-08-13T10:24:32Z</time>
      </trkpt>
      <trkpt lat="9.002297" lon="-79.577590">
        <time>2026-08-13T10:24:33Z</time>
      </trkpt>
      <trkpt lat="9.002279" lon="-79.577577">
        <time>2026-08-13T10:24:34Z</time>
      </trkpt>
      <trkpt lat="9.002261" lon="-79.577566">
        <time>2026-08-13T10:24:35Z</time>
      </trkpt>
      <trkpt lat="9.002244" lon="-79.577551">
        <time>2026-08-13T10:24:36Z</time>
      </trkpt>
      <trkpt lat="9.002227" lon="-79.577538">
        <time>2026-08-13T10:24:37Z</time>
      </trkpt>
      <trkpt lat="9.002210" lon="-79.577523">
        <time>2026-08-13T10:24:38Z</time>
      </trkpt>
      <trkpt lat="9.002194" lon="-79.577509">
        <time>2026-08-13T10:24:39Z</time>
      </trkpt>
      <trkpt lat="9.002179" lon="-79.577496">
        <time>2026-08-13T10:24:40Z</time>
      </trkpt>
      <trkpt lat="9.002161" lon="-79.577485">
        <time>2026-08-13T10:24:41Z</time>
      </trkpt>
      <trkpt lat="9.002144" lon="-79.577472">
        <time>2026-08-13T10:24:42Z</time>
      </trkpt>
      <trkpt lat="9.002127" lon="-79.577459">
        <time>2026-08-13T10:24:43Z</time>
      </trkpt>
      <trkpt lat="9.002109" lon="-79.577448">
        <time>2026-08-13T10:24:44Z</time>
      </trkpt>
      <trkpt lat="9.002089" lon="-79.577438">
        <time>2026-08-13T10:24:45Z</time>
      </trkpt>
      <trkpt lat="9.002070" lon="-79.577430">
        <time>2026-08-13T10:24:46Z</time>
      </trkpt>
      <trkpt lat="9.002050" lon="-79.577425">
        <time>2026-08-13T10:24:47Z</time>
      </trkpt>
      <trkpt lat="9.002033" lon="-79.577416">
        <time>2026-08-13T10:24:48Z</time>
      </trkpt>
      <trkpt lat="9.002017" lon="-79.577403">
        <time>2026-08-13T10:24:49Z</time>
      </trkpt>
      <trkpt lat="9.001998" lon="-79.577392">
        <time>2026-08-13T10:24:50Z</time>
      </trkpt>
      <trkpt lat="9.001978" lon="-79.577381">
        <time>2026-08-13T10:24:51Z</time>
      </trkpt>
      <trkpt lat="9.001960" lon="-79.577372">
        <time>2026-08-13T10:24:52Z</time>
      </trkpt>
      <trkpt lat="9.001943" lon="-79.577359">
        <time>2026-08-13T10:24:53Z</time>
      </trkpt>
      <trkpt lat="9.001923" lon="-79.577347">
        <time>2026-08-13T10:24:54Z</time>
      </trkpt>
      <trkpt lat="9.001905" lon="-79.577335">
        <time>2026-08-13T10:24:55Z</time>
      </trkpt>
      <trkpt lat="9.001886" lon="-79.577325">
        <time>2026-08-13T10:24:56Z</time>
      </trkpt>
      <trkpt lat="9.001867" lon="-79.577314">
        <time>2026-08-13T10:24:57Z</time>
      </trkpt>
      <trkpt lat="9.001851" lon="-79.577301">
        <time>2026-08-13T10:24:58Z</time>
      </trkpt>
      <trkpt lat="9.001830" lon="-79.577289">
        <time>2026-08-13T10:24:59Z</time>
      </trkpt>
      <trkpt lat="9.001810" lon="-79.577278">
        <time>2026-08-13T10:25:00Z</time>
      </trkpt>
      <trkpt lat="9.001794" lon="-79.577267">
        <time>2026-08-13T10:25:01Z</time>
      </trkpt>
      <trkpt lat="9.001776" lon="-79.577253">
        <time>2026-08-13T10:25:02Z</time>
      </trkpt>
      <trkpt lat="9.001760" lon="-79.577241">
        <time>2026-08-13T10:25:03Z</time>
      </trkpt>
      <trkpt lat="9.001741" lon="-79.577229">
        <time>2026-08-13T10:25:04Z</time>
      </trkpt>
      <trkpt lat="9.001722" lon="-79.577219">
        <time>2026-08-13T10:25:05Z</time>
      </trkpt>
      <trkpt lat="9.001703" lon="-79.577209">
        <time>2026-08-13T10:25:06Z</time>
      </trkpt>
      <trkpt lat="9.001685" lon="-79.577198">
        <time>2026-08-13T10:25:07Z</time>
      </trkpt>
      <trkpt lat="9.001666" lon="-79.577185">
        <time>2026-08-13T10:25:08Z</time>
      </trkpt>
      <trkpt lat="9.001647" lon="-79.577172">
        <time>2026-08-13T10:25:09Z</time>
      </trkpt>
      <trkpt lat="9.001628" lon="-79.577158">
        <time>2026-08-13T10:25:10Z</time>
      </trkpt>
      <trkpt lat="9.001610" lon="-79.577145">
        <time>2026-08-13T10:25:11Z</time>
      </trkpt>
      <trkpt lat="9.001591" lon="-79.577132">
        <time>2026-08-13T10:25:12Z</time>
      </trkpt>
      <trkpt lat="9.001573" lon="-79.577121">
        <time>2026-08-13T10:25:13Z</time>
      </trkpt>
      <trkpt lat="9.001555" lon="-79.577109">
        <time>2026-08-13T10:25:14Z</time>
      </trkpt>
      <trkpt lat="9.001533" lon="-79.577101">
        <time>2026-08-13T10:25:15Z</time>
      </trkpt>
      <trkpt lat="9.001512" lon="-79.577089">
        <time>2026-08-13T10:25:16Z</time>
      </trkpt>
      <trkpt lat="9.001489" lon="-79.577076">
        <time>2026-08-13T10:25:17Z</time>
      </trkpt>
      <trkpt lat="9.001466" lon="-79.577065">
        <time>2026-08-13T10:25:18Z</time>
      </trkpt>
      <trkpt lat="9.001443" lon="-79.577054">
        <time>2026-08-13T10:25:19Z</time>
      </trkpt>
      <trkpt lat="9.001422" lon="-79.577044">
        <time>2026-08-13T10:25:20Z</time>
      </trkpt>
      <trkpt lat="9.001404" lon="-79.577035">
        <time>2026-08-13T10:25:21Z</time>
      </trkpt>
      <trkpt lat="9.001385" lon="-79.577026">
        <time>2026-08-13T10:25:22Z</time>
      </trkpt>
      <trkpt lat="9.001363" lon="-79.577019">
        <time>2026-08-13T10:25:23Z</time>
      </trkpt>
      <trkpt lat="9.001342" lon="-79.577011">
        <time>2026-08-13T10:25:24Z</time>
      </trkpt>
      <trkpt lat="9.001322" lon="-79.577004">
        <time>2026-08-13T10:25:25Z</time>
      </trkpt>
      <trkpt lat="9.001301" lon="-79.576997">
        <time>2026-08-13T10:25:26Z</time>
      </trkpt>
      <trkpt lat="9.001280" lon="-79.576990">
        <time>2026-08-13T10:25:27Z</time>
      </trkpt>
      <trkpt lat="9.001258" lon="-79.576984">
        <time>2026-08-13T10:25:28Z</time>
      </trkpt>
      <trkpt lat="9.001234" lon="-79.576977">
        <time>2026-08-13T10:25:29Z</time>
      </trkpt>
      <trkpt lat="9.001212" lon="-79.576972">
        <time>2026-08-13T10:25:30Z</time>
      </trkpt>
      <trkpt lat="9.001191" lon="-79.576968">
        <time>2026-08-13T10:25:31Z</time>
      </trkpt>
      <trkpt lat="9.001168" lon="-79.576963">
        <time>2026-08-13T10:25:32Z</time>
      </trkpt>
      <trkpt lat="9.001145" lon="-79.576960">
        <time>2026-08-13T10:25:33Z</time>
      </trkpt>
      <trkpt lat="9.001122" lon="-79.576956">
        <time>2026-08-13T10:25:34Z</time>
      </trkpt>
      <trkpt lat="9.001098" lon="-79.576951">
        <time>2026-08-13T10:25:35Z</time>
      </trkpt>
      <trkpt lat="9.001076" lon="-79.576948">
        <time>2026-08-13T10:25:36Z</time>
      </trkpt>
      <trkpt lat="9.001053" lon="-79.576945">
        <time>2026-08-13T10:25:37Z</time>
      </trkpt>
      <trkpt lat="9.001032" lon="-79.576942">
        <time>2026-08-13T10:25:38Z</time>
      </trkpt>
      <trkpt lat="9.001010" lon="-79.576941">
        <time>2026-08-13T10:25:39Z</time>
      </trkpt>
      <trkpt lat="9.000991" lon="-79.576941">
        <time>2026-08-13T10:25:40Z</time>
      </trkpt>
      <trkpt lat="9.000971" lon="-79.576941">
        <time>2026-08-13T10:25:41Z</time>
      </trkpt>
      <trkpt lat="9.000953" lon="-79.576937">
        <time>2026-08-13T10:25:42Z</time>
      </trkpt>
      <trkpt lat="9.000931" lon="-79.576937">
        <time>2026-08-13T10:25:43Z</time>
      </trkpt>
      <trkpt lat="9.000913" lon="-79.576934">
        <time>2026-08-13T10:25:44Z</time>
      </trkpt>
      <trkpt lat="9.000894" lon="-79.576930">
        <time>2026-08-13T10:25:45Z</time>
      </trkpt>
      <trkpt lat="9.000871" lon="-79.576929">
        <time>2026-08-13T10:25:46Z</time>
      </trkpt>
      <trkpt lat="9.000849" lon="-79.576928">
        <time>2026-08-13T10:25:47Z</time>
      </trkpt>
      <trkpt lat="9.000827" lon="-79.576926">
        <time>2026-08-13T10:25:48Z</time>
      </trkpt>
      <trkpt lat="9.000804" lon="-79.576922">
        <time>2026-08-13T10:25:49Z</time>
      </trkpt>
      <trkpt lat="9.000779" lon="-79.576920">
        <time>2026-08-13T10:25:50Z</time>
      </trkpt>
      <trkpt lat="9.000754" lon="-79.576919">
        <time>2026-08-13T10:25:51Z</time>
      </trkpt>
      <trkpt lat="9.000730" lon="-79.576921">
        <time>2026-08-13T10:25:52Z</time>
      </trkpt>
      <trkpt lat="9.000708" lon="-79.576921">
        <time>2026-08-13T10:25:53Z</time>
      </trkpt>
      <trkpt lat="9.000684" lon="-79.576922">
        <time>2026-08-13T10:25:54Z</time>
      </trkpt>
      <trkpt lat="9.000662" lon="-79.576922">
        <time>2026-08-13T10:25:55Z</time>
      </trkpt>
      <trkpt lat="9.000640" lon="-79.576928">
        <time>2026-08-13T10:25:56Z</time>
      </trkpt>
      <trkpt lat="9.000616" lon="-79.576932">
        <time>2026-08-13T10:25:57Z</time>
      </trkpt>
      <trkpt lat="9.000592" lon="-79.576937">
        <time>2026-08-13T10:25:58Z</time>
      </trkpt>
      <trkpt lat="9.000569" lon="-79.576943">
        <time>2026-08-13T10:25:59Z</time>
      </trkpt>
      <trkpt lat="9.000545" lon="-79.576949">
        <time>2026-08-13T10:26:00Z</time>
      </trkpt>
      <trkpt lat="9.000522" lon="-79.576958">
        <time>2026-08-13T10:26:01Z</time>
      </trkpt>
      <trkpt lat="9.000499" lon="-79.576967">
        <time>2026-08-13T10:26:02Z</time>
      </trkpt>
      <trkpt lat="9.000477" lon="-79.576976">
        <time>2026-08-13T10:26:03Z</time>
      </trkpt>
      <trkpt lat="9.000458" lon="-79.576985">
        <time>2026-08-13T10:26:04Z</time>
      </trkpt>
      <trkpt lat="9.000436" lon="-79.576992">
        <time>2026-08-13T10:26:05Z</time>
      </trkpt>
      <trkpt lat="9.000416" lon="-79.576997">
        <time>2026-08-13T10:26:06Z</time>
      </trkpt>
      <trkpt lat="9.000394" lon="-79.577005">
        <time>2026-08-13T10:26:07Z</time>
      </trkpt>
      <trkpt lat="9.000375" lon="-79.577014">
        <time>2026-08-13T10:26:08Z</time>
      </trkpt>
      <trkpt lat="9.000357" lon="-79.577022">
        <time>2026-08-13T10:26:09Z</time>
      </trkpt>
      <trkpt lat="9.000339" lon="-79.577031">
        <time>2026-08-13T10:26:10Z</time>
      </trkpt>
      <trkpt lat="9.000321" lon="-79.577039">
        <time>2026-08-13T10:26:11Z</time>
      </trkpt>
      <trkpt lat="9.000302" lon="-79.577050">
        <time>2026-08-13T10:26:12Z</time>
      </trkpt>
      <trkpt lat="9.000285" lon="-79.577055">
        <time>2026-08-13T10:26:13Z</time>
      </trkpt>
      <trkpt lat="9.000265" lon="-79.577061">
        <time>2026-08-13T10:26:14Z</time>
      </trkpt>
      <trkpt lat="9.000247" lon="-79.577071">
        <time>2026-08-13T10:26:15Z</time>
      </trkpt>
      <trkpt lat="9.000226" lon="-79.577083">
        <time>2026-08-13T10:26:16Z</time>
      </trkpt>
      <trkpt lat="9.000206" lon="-79.577092">
        <time>2026-08-13T10:26:17Z</time>
      </trkpt>
      <trkpt lat="9.000189" lon="-79.577100">
        <time>2026-08-13T10:26:18Z</time>
      </trkpt>
      <trkpt lat="9.000171" lon="-79.577111">
        <time>2026-08-13T10:26:19Z</time>
      </trkpt>
      <trkpt lat="9.000151" lon="-79.577123">
        <time>2026-08-13T10:26:20Z</time>
      </trkpt>
      <trkpt lat="9.000133" lon="-79.577132">
        <time>2026-08-13T10:26:21Z</time>
      </trkpt>
      <trkpt lat="9.000116" lon="-79.577143">
        <time>2026-08-13T10:26:22Z</time>
      </trkpt>
      <trkpt lat="9.000098" lon="-79.577155">
        <time>2026-08-13T10:26:23Z</time>
      </trkpt>
      <trkpt lat="9.000082" lon="-79.577166">
        <time>2026-08-13T10:26:24Z</time>
      </trkpt>
      <trkpt lat="9.000066" lon="-79.577178">
        <time>2026-08-13T10:26:25Z</time>
      </trkpt>
      <trkpt lat="9.000050" lon="-79.577191">
        <time>2026-08-13T10:26:26Z</time>
      </trkpt>
      <trkpt lat="9.000030" lon="-79.577203">
        <time>2026-08-13T10:26:27Z</time>
      </trkpt>
      <trkpt lat="9.000010" lon="-79.577215">
        <time>2026-08-13T10:26:28Z</time>
      </trkpt>
      <trkpt lat="8.999991" lon="-79.577229">
        <time>2026-08-13T10:26:29Z</time>
      </trkpt>
      <trkpt lat="8.999973" lon="-79.577242">
        <time>2026-08-13T10:26:30Z</time>
      </trkpt>
      <trkpt lat="8.999957" lon="-79.577255">
        <time>2026-08-13T10:26:31Z</time>
      </trkpt>
      <trkpt lat="8.999940" lon="-79.577269">
        <time>2026-08-13T10:26:32Z</time>
      </trkpt>
      <trkpt lat="8.999923" lon="-79.577282">
        <time>2026-08-13T10:26:33Z</time>
      </trkpt>
      <trkpt lat="8.999905" lon="-79.577294">
        <time>2026-08-13T10:26:34Z</time>
      </trkpt>
      <trkpt lat="8.999887" lon="-79.577308">
        <time>2026-08-13T10:26:35Z</time>
      </trkpt>
      <trkpt lat="8.999871" lon="-79.577320">
        <time>2026-08-13T10:26:36Z</time>
      </trkpt>
      <trkpt lat="8.999855" lon="-79.577334">
        <time>2026-08-13T10:26:37Z</time>
      </trkpt>
      <trkpt lat="8.999839" lon="-79.577347">
        <time>2026-08-13T10:26:38Z</time>
      </trkpt>
      <trkpt lat="8.999820" lon="-79.577359">
        <time>2026-08-13T10:26:39Z</time>
      </trkpt>
      <trkpt lat="8.999803" lon="-79.577374">
        <time>2026-08-13T10:26:40Z</time>
      </trkpt>
      <trkpt lat="8.999785" lon="-79.577390">
        <time>2026-08-13T10:26:41Z</time>
      </trkpt>
      <trkpt lat="8.999768" lon="-79.577403">
        <time>2026-08-13T10:26:42Z</time>
      </trkpt>
      <trkpt lat="8.999748" lon="-79.577417">
        <time>2026-08-13T10:26:43Z</time>
      </trkpt>
      <trkpt lat="8.999730" lon="-79.577430">
        <time>2026-08-13T10:26:44Z</time>
      </trkpt>
      <trkpt lat="8.999715" lon="-79.577442">
        <time>2026-08-13T10:26:45Z</time>
      </trkpt>
      <trkpt lat="8.999697" lon="-79.577458">
        <time>2026-08-13T10:26:46Z</time>
      </trkpt>
      <trkpt lat="8.999679" lon="-79.577472">
        <time>2026-08-13T10:26:47Z</time>
      </trkpt>
      <trkpt lat="8.999661" lon="-79.577486">
        <time>2026-08-13T10:26:48Z</time>
      </trkpt>
      <trkpt lat="8.999644" lon="-79.577497">
        <time>2026-08-13T10:26:49Z</time>
      </trkpt>
      <trkpt lat="8.999631" lon="-79.577510">
        <time>2026-08-13T10:26:50Z</time>
      </trkpt>
      <trkpt lat="8.999616" lon="-79.577523">
        <time>2026-08-13T10:26:51Z</time>
      </trkpt>
      <trkpt lat="8.999599" lon="-79.577538">
        <time>2026-08-13T10:26:52Z</time>
      </trkpt>
      <trkpt lat="8.999581" lon="-79.577554">
        <time>2026-08-13T10:26:53Z</time>
      </trkpt>
      <trkpt lat="8.999563" lon="-79.577565">
        <time>2026-08-13T10:26:54Z</time>
      </trkpt>
      <trkpt lat="8.999544" lon="-79.577578">
        <time>2026-08-13T10:26:55Z</time>
      </trkpt>
      <trkpt lat="8.999525" lon="-79.577593">
        <time>2026-08-13T10:26:56Z</time>
      </trkpt>
      <trkpt lat="8.999505" lon="-79.577606">
        <time>2026-08-13T10:26:57Z</time>
      </trkpt>
      <trkpt lat="8.999486" lon="-79.577619">
        <time>2026-08-13T10:26:58Z</time>
      </trkpt>
      <trkpt lat="8.999468" lon="-79.577632">
        <time>2026-08-13T10:26:59Z</time>
      </trkpt>
      <trkpt lat="8.999452" lon="-79.577643">
        <time>2026-08-13T10:27:00Z</time>
      </trkpt>
      <trkpt lat="8.999435" lon="-79.577655">
        <time>2026-08-13T10:27:01Z</time>
      </trkpt>
      <trkpt lat="8.999419" lon="-79.577668">
        <time>2026-08-13T10:27:02Z</time>
      </trkpt>
      <trkpt lat="8.999402" lon="-79.577680">
        <time>2026-08-13T10:27:03Z</time>
      </trkpt>
      <trkpt lat="8.999385" lon="-79.577693">
        <time>2026-08-13T10:27:04Z</time>
      </trkpt>
      <trkpt lat="8.999367" lon="-79.577707">
        <time>2026-08-13T10:27:05Z</time>
      </trkpt>
      <trkpt lat="8.999351" lon="-79.577720">
        <time>2026-08-13T10:27:06Z</time>
      </trkpt>
      <trkpt lat="8.999333" lon="-79.577733">
        <time>2026-08-13T10:27:07Z</time>
      </trkpt>
      <trkpt lat="8.999316" lon="-79.577748">
        <time>2026-08-13T10:27:08Z</time>
      </trkpt>
      <trkpt lat="8.999298" lon="-79.577761">
        <time>2026-08-13T10:27:09Z</time>
      </trkpt>
      <trkpt lat="8.999280" lon="-79.577776">
        <time>2026-08-13T10:27:10Z</time>
      </trkpt>
      <trkpt lat="8.999264" lon="-79.577788">
        <time>2026-08-13T10:27:11Z</time>
      </trkpt>
      <trkpt lat="8.999247" lon="-79.577800">
        <time>2026-08-13T10:27:12Z</time>
      </trkpt>
      <trkpt lat="8.999229" lon="-79.577812">
        <time>2026-08-13T10:27:13Z</time>
      </trkpt>
      <trkpt lat="8.999212" lon="-79.577824">
        <time>2026-08-13T10:27:14Z</time>
      </trkpt>
      <trkpt lat="8.999194" lon="-79.577837">
        <time>2026-08-13T10:27:15Z</time>
      </trkpt>
      <trkpt lat="8.999175" lon="-79.577850">
        <time>2026-08-13T10:27:16Z</time>
      </trkpt>
      <trkpt lat="8.999159" lon="-79.577864">
        <time>2026-08-13T10:27:17Z</time>
      </trkpt>
      <trkpt lat="8.999141" lon="-79.577878">
        <time>2026-08-13T10:27:18Z</time>
      </trkpt>
      <trkpt lat="8.999124" lon="-79.577890">
        <time>2026-08-13T10:27:19Z</time>
      </trkpt>
      <trkpt lat="8.999108" lon="-79.577902">
        <time>2026-08-13T10:27:20Z</time>
      </trkpt>
      <trkpt lat="8.999091" lon="-79.577916">
        <time>2026-08-13T10:27:21Z</time>
      </trkpt>
      <trkpt lat="8.999072" lon="-79.577927">
        <time>2026-08-13T10:27:22Z</time>
      </trkpt>
      <trkpt lat="8.999053" lon="-79.577940">
        <time>2026-08-13T10:27:23Z</time>
      </trkpt>
      <trkpt lat="8.999034" lon="-79.577953">
        <time>2026-08-13T10:27:24Z</time>
      </trkpt>
      <trkpt lat="8.999014" lon="-79.577967">
        <time>2026-08-13T10:27:25Z</time>
      </trkpt>
      <trkpt lat="8.998996" lon="-79.577979">
        <time>2026-08-13T10:27:26Z</time>
      </trkpt>
      <trkpt lat="8.998978" lon="-79.577992">
        <time>2026-08-13T10:27:27Z</time>
      </trkpt>
      <trkpt lat="8.998961" lon="-79.578005">
        <time>2026-08-13T10:27:28Z</time>
      </trkpt>
      <trkpt lat="8.998941" lon="-79.578018">
        <time>2026-08-13T10:27:29Z</time>
      </trkpt>
      <trkpt lat="8.998923" lon="-79.578033">
        <time>2026-08-13T10:27:30Z</time>
      </trkpt>
      <trkpt lat="8.998906" lon="-79.578046">
        <time>2026-08-13T10:27:31Z</time>
      </trkpt>
      <trkpt lat="8.998890" lon="-79.578059">
        <time>2026-08-13T10:27:32Z</time>
      </trkpt>
      <trkpt lat="8.998873" lon="-79.578072">
        <time>2026-08-13T10:27:33Z</time>
      </trkpt>
      <trkpt lat="8.998857" lon="-79.578082">
        <time>2026-08-13T10:27:34Z</time>
      </trkpt>
      <trkpt lat="8.998839" lon="-79.578095">
        <time>2026-08-13T10:27:35Z</time>
      </trkpt>
      <trkpt lat="8.998823" lon="-79.578108">
        <time>2026-08-13T10:27:36Z</time>
      </trkpt>
      <trkpt lat="8.998806" lon="-79.578121">
        <time>2026-08-13T10:27:37Z</time>
      </trkpt>
      <trkpt lat="8.998790" lon="-79.578133">
        <time>2026-08-13T10:27:38Z</time>
      </trkpt>
      <trkpt lat="8.998772" lon="-79.578146">
        <time>2026-08-13T10:27:39Z</time>
      </trkpt>
      <trkpt lat="8.998753" lon="-79.578161">
        <time>2026-08-13T10:27:40Z</time>
      </trkpt>
      <trkpt lat="8.998736" lon="-79.578174">
        <time>2026-08-13T10:27:41Z</time>
      </trkpt>
      <trkpt lat="8.998717" lon="-79.578187">
        <time>2026-08-13T10:27:42Z</time>
      </trkpt>
      <trkpt lat="8.998700" lon="-79.578199">
        <time>2026-08-13T10:27:43Z</time>
      </trkpt>
      <trkpt lat="8.998681" lon="-79.578214">
        <time>2026-08-13T10:27:44Z</time>
      </trkpt>
      <trkpt lat="8.998662" lon="-79.578231">
        <time>2026-08-13T10:27:45Z</time>
      </trkpt>
      <trkpt lat="8.998643" lon="-79.578245">
        <time>2026-08-13T10:27:46Z</time>
      </trkpt>
      <trkpt lat="8.998624" lon="-79.578259">
        <time>2026-08-13T10:27:47Z</time>
      </trkpt>
      <trkpt lat="8.998604" lon="-79.578275">
        <time>2026-08-13T10:27:48Z</time>
      </trkpt>
      <trkpt lat="8.998587" lon="-79.578287">
        <time>2026-08-13T10:27:49Z</time>
      </trkpt>
      <trkpt lat="8.998570" lon="-79.578298">
        <time>2026-08-13T10:27:50Z</time>
      </trkpt>
      <trkpt lat="8.998552" lon="-79.578312">
        <time>2026-08-13T10:27:51Z</time>
      </trkpt>
      <trkpt lat="8.998535" lon="-79.578324">
        <time>2026-08-13T10:27:52Z</time>
      </trkpt>
      <trkpt lat="8.998515" lon="-79.578336">
        <time>2026-08-13T10:27:53Z</time>
      </trkpt>
      <trkpt lat="8.998496" lon="-79.578345">
        <time>2026-08-13T10:27:54Z</time>
      </trkpt>
      <trkpt lat="8.998479" lon="-79.578354">
        <time>2026-08-13T10:27:55Z</time>
      </trkpt>
      <trkpt lat="8.998458" lon="-79.578364">
        <time>2026-08-13T10:27:56Z</time>
      </trkpt>
      <trkpt lat="8.998438" lon="-79.578373">
        <time>2026-08-13T10:27:57Z</time>
      </trkpt>
      <trkpt lat="8.998419" lon="-79.578378">
        <time>2026-08-13T10:27:58Z</time>
      </trkpt>
      <trkpt lat="8.998398" lon="-79.578382">
        <time>2026-08-13T10:27:59Z</time>
      </trkpt>
      <trkpt lat="8.998376" lon="-79.578385">
        <time>2026-08-13T10:28:00Z</time>
      </trkpt>
      <trkpt lat="8.998356" lon="-79.578393">
        <time>2026-08-13T10:28:01Z</time>
      </trkpt>
      <trkpt lat="8.998335" lon="-79.578400">
        <time>2026-08-13T10:28:02Z</time>
      </trkpt>
      <trkpt lat="8.998312" lon="-79.578406">
        <time>2026-08-13T10:28:03Z</time>
      </trkpt>
      <trkpt lat="8.998290" lon="-79.578411">
        <time>2026-08-13T10:28:04Z</time>
      </trkpt>
      <trkpt lat="8.998267" lon="-79.578414">
        <time>2026-08-13T10:28:05Z</time>
      </trkpt>
      <trkpt lat="8.998242" lon="-79.578422">
        <time>2026-08-13T10:28:06Z</time>
      </trkpt>
      <trkpt lat="8.998222" lon="-79.578426">
        <time>2026-08-13T10:28:07Z</time>
      </trkpt>
      <trkpt lat="8.998201" lon="-79.578428">
        <time>2026-08-13T10:28:08Z</time>
      </trkpt>
      <trkpt lat="8.998178" lon="-79.578431">
        <time>2026-08-13T10:28:09Z</time>
      </trkpt>
      <trkpt lat="8.998158" lon="-79.578434">
        <time>2026-08-13T10:28:10Z</time>
      </trkpt>
      <trkpt lat="8.998136" lon="-79.578436">
        <time>2026-08-13T10:28:11Z</time>
      </trkpt>
      <trkpt lat="8.998111" lon="-79.578441">
        <time>2026-08-13T10:28:12Z</time>
      </trkpt>
      <trkpt lat="8.998090" lon="-79.578444">
        <time>2026-08-13T10:28:13Z</time>
      </trkpt>
      <trkpt lat="8.998067" lon="-79.578445">
        <time>2026-08-13T10:28:14Z</time>
      </trkpt>
      <trkpt lat="8.998043" lon="-79.578445">
        <time>2026-08-13T10:28:15Z</time>
      </trkpt>
      <trkpt lat="8.998020" lon="-79.578444">
        <time>2026-08-13T10:28:16Z</time>
      </trkpt>
      <trkpt lat="8.997997" lon="-79.578449">
        <time>2026-08-13T10:28:17Z</time>
      </trkpt>
      <trkpt lat="8.997974" lon="-79.578455">
        <time>2026-08-13T10:28:18Z</time>
      </trkpt>
      <trkpt lat="8.997952" lon="-79.578464">
        <time>2026-08-13T10:28:19Z</time>
      </trkpt>
      <trkpt lat="8.997930" lon="-79.578479">
        <time>2026-08-13T10:28:20Z</time>
      </trkpt>
      <trkpt lat="8.997911" lon="-79.578496">
        <time>2026-08-13T10:28:21Z</time>
      </trkpt>
      <trkpt lat="8.997895" lon="-79.578517">
        <time>2026-08-13T10:28:22Z</time>
      </trkpt>
      <trkpt lat="8.997889" lon="-79.578542">
        <time>2026-08-13T10:28:23Z</time>
      </trkpt>
      <trkpt lat="8.997883" lon="-79.578568">
        <time>2026-08-13T10:28:24Z</time>
      </trkpt>
      <trkpt lat="8.997880" lon="-79.578593">
        <time>2026-08-13T10:28:25Z</time>
      </trkpt>
      <trkpt lat="8.997881" lon="-79.578619">
        <time>2026-08-13T10:28:26Z</time>
      </trkpt>
      <trkpt lat="8.997879" lon="-79.578644">
        <time>2026-08-13T10:28:27Z</time>
      </trkpt>
      <trkpt lat="8.997880" lon="-79.578668">
        <time>2026-08-13T10:28:28Z</time>
      </trkpt>
      <trkpt lat="8.997880" lon="-79.578695">
        <time>2026-08-13T10:28:29Z</time>
      </trkpt>
      <trkpt lat="8.997880" lon="-79.578718">
        <time>2026-08-13T10:28:30Z</time>
      </trkpt>
      <trkpt lat="8.997883" lon="-79.578742">
        <time>2026-08-13T10:28:31Z</time>
      </trkpt>
      <trkpt lat="8.997885" lon="-79.578767">
        <time>2026-08-13T10:28:32Z</time>
      </trkpt>
      <trkpt lat="8.997890" lon="-79.578792">
        <time>2026-08-13T10:28:33Z</time>
      </trkpt>
      <trkpt lat="8.997895" lon="-79.578817">
        <time>2026-08-13T10:28:34Z</time>
      </trkpt>
      <trkpt lat="8.997901" lon="-79.578838">
        <time>2026-08-13T10:28:35Z</time>
      </trkpt>
      <trkpt lat="8.997907" lon="-79.578866">
        <time>2026-08-13T10:28:36Z</time>
      </trkpt>
      <trkpt lat="8.997915" lon="-79.578889">
        <time>2026-08-13T10:28:37Z</time>
      </trkpt>
      <trkpt lat="8.997923" lon="-79.578912">
        <time>2026-08-13T10:28:38Z</time>
      </trkpt>
      <trkpt lat="8.997931" lon="-79.578933">
        <time>2026-08-13T10:28:39Z</time>
      </trkpt>
      <trkpt lat="8.997939" lon="-79.578953">
        <time>2026-08-13T10:28:40Z</time>
      </trkpt>
      <trkpt lat="8.997946" lon="-79.578978">
        <time>2026-08-13T10:28:41Z</time>
      </trkpt>
      <trkpt lat="8.997949" lon="-79.579001">
        <time>2026-08-13T10:28:42Z</time>
      </trkpt>
      <trkpt lat="8.997955" lon="-79.579023">
        <time>2026-08-13T10:28:43Z</time>
      </trkpt>
      <trkpt lat="8.997960" lon="-79.579044">
        <time>2026-08-13T10:28:44Z</time>
      </trkpt>
      <trkpt lat="8.997968" lon="-79.579063">
        <time>2026-08-13T10:28:45Z</time>
      </trkpt>
      <trkpt lat="8.997975" lon="-79.579084">
        <time>2026-08-13T10:28:46Z</time>
      </trkpt>
      <trkpt lat="8.997980" lon="-79.579102">
        <time>2026-08-13T10:28:47Z</time>
      </trkpt>
      <trkpt lat="8.997989" lon="-79.579123">
        <time>2026-08-13T10:28:48Z</time>
      </trkpt>
      <trkpt lat="8.997997" lon="-79.579141">
        <time>2026-08-13T10:28:49Z</time>
      </trkpt>
      <trkpt lat="8.998005" lon="-79.579161">
        <time>2026-08-13T10:28:50Z</time>
      </trkpt>
      <trkpt lat="8.998016" lon="-79.579182">
        <time>2026-08-13T10:28:51Z</time>
      </trkpt>
      <trkpt lat="8.998027" lon="-79.579200">
        <time>2026-08-13T10:28:52Z</time>
      </trkpt>
      <trkpt lat="8.998040" lon="-79.579219">
        <time>2026-08-13T10:28:53Z</time>
      </trkpt>
      <trkpt lat="8.998054" lon="-79.579237">
        <time>2026-08-13T10:28:54Z</time>
      </trkpt>
      <trkpt lat="8.998068" lon="-79.579257">
        <time>2026-08-13T10:28:55Z</time>
      </trkpt>
      <trkpt lat="8.998082" lon="-79.579279">
        <time>2026-08-13T10:28:56Z</time>
      </trkpt>
      <trkpt lat="8.998094" lon="-79.579298">
        <time>2026-08-13T10:28:57Z</time>
      </trkpt>
      <trkpt lat="8.998107" lon="-79.579317">
        <time>2026-08-13T10:28:58Z</time>
      </trkpt>
      <trkpt lat="8.998121" lon="-79.579337">
        <time>2026-08-13T10:28:59Z</time>
      </trkpt>
      <trkpt lat="8.998133" lon="-79.579355">
        <time>2026-08-13T10:29:00Z</time>
      </trkpt>
      <trkpt lat="8.998148" lon="-79.579371">
        <time>2026-08-13T10:29:01Z</time>
      </trkpt>
      <trkpt lat="8.998163" lon="-79.579389">
        <time>2026-08-13T10:29:02Z</time>
      </trkpt>
      <trkpt lat="8.998176" lon="-79.579404">
        <time>2026-08-13T10:29:03Z</time>
      </trkpt>
      <trkpt lat="8.998191" lon="-79.579422">
        <time>2026-08-13T10:29:04Z</time>
      </trkpt>
      <trkpt lat="8.998206" lon="-79.579440">
        <time>2026-08-13T10:29:05Z</time>
      </trkpt>
      <trkpt lat="8.998216" lon="-79.579460">
        <time>2026-08-13T10:29:06Z</time>
      </trkpt>
      <trkpt lat="8.998225" lon="-79.579474">
        <time>2026-08-13T10:29:07Z</time>
      </trkpt>
      <trkpt lat="8.998232" lon="-79.579489">
        <time>2026-08-13T10:29:08Z</time>
      </trkpt>
      <trkpt lat="8.998239" lon="-79.579502">
        <time>2026-08-13T10:29:09Z</time>
      </trkpt>
      <trkpt lat="8.998249" lon="-79.579515">
        <time>2026-08-13T10:29:10Z</time>
      </trkpt>
      <trkpt lat="8.998262" lon="-79.579524">
        <time>2026-08-13T10:29:11Z</time>
      </trkpt>
      <trkpt lat="8.998274" lon="-79.579536">
        <time>2026-08-13T10:29:12Z</time>
      </trkpt>
      <trkpt lat="8.998291" lon="-79.579549">
        <time>2026-08-13T10:29:13Z</time>
      </trkpt>
      <trkpt lat="8.998311" lon="-79.579558">
        <time>2026-08-13T10:29:14Z</time>
      </trkpt>
      <trkpt lat="8.998336" lon="-79.579563">
        <time>2026-08-13T10:29:15Z</time>
      </trkpt>
      <trkpt lat="8.998360" lon="-79.579561">
        <time>2026-08-13T10:29:16Z</time>
      </trkpt>
      <trkpt lat="8.998384" lon="-79.579553">
        <time>2026-08-13T10:29:17Z</time>
      </trkpt>
      <trkpt lat="8.998406" lon="-79.579548">
        <time>2026-08-13T10:29:18Z</time>
      </trkpt>
      <trkpt lat="8.998428" lon="-79.579544">
        <time>2026-08-13T10:29:19Z</time>
      </trkpt>
      <trkpt lat="8.998450" lon="-79.579537">
        <time>2026-08-13T10:29:20Z</time>
      </trkpt>
      <trkpt lat="8.998475" lon="-79.579528">
        <time>2026-08-13T10:29:21Z</time>
      </trkpt>
      <trkpt lat="8.998498" lon="-79.579518">
        <time>2026-08-13T10:29:22Z</time>
      </trkpt>
      <trkpt lat="8.998521" lon="-79.579506">
        <time>2026-08-13T10:29:23Z</time>
      </trkpt>
      <trkpt lat="8.998543" lon="-79.579487">
        <time>2026-08-13T10:29:24Z</time>
      </trkpt>
      <trkpt lat="8.998560" lon="-79.579470">
        <time>2026-08-13T10:29:25Z</time>
      </trkpt>
      <trkpt lat="8.998576" lon="-79.579451">
        <time>2026-08-13T10:29:26Z</time>
      </trkpt>
      <trkpt lat="8.998592" lon="-79.579430">
        <time>2026-08-13T10:29:27Z</time>
      </trkpt>
      <trkpt lat="8.998604" lon="-79.579411">
        <time>2026-08-13T10:29:28Z</time>
      </trkpt>
      <trkpt lat="8.998616" lon="-79.579389">
        <time>2026-08-13T10:29:29Z</time>
      </trkpt>
      <trkpt lat="8.998624" lon="-79.579367">
        <time>2026-08-13T10:29:30Z</time>
      </trkpt>
      <trkpt lat="8.998634" lon="-79.579346">
        <time>2026-08-13T10:29:31Z</time>
      </trkpt>
      <trkpt lat="8.998644" lon="-79.579323">
        <time>2026-08-13T10:29:32Z</time>
      </trkpt>
      <trkpt lat="8.998657" lon="-79.579303">
        <time>2026-08-13T10:29:33Z</time>
      </trkpt>
      <trkpt lat="8.998672" lon="-79.579288">
        <time>2026-08-13T10:29:34Z</time>
      </trkpt>
      <trkpt lat="8.998688" lon="-79.579273">
        <time>2026-08-13T10:29:35Z</time>
      </trkpt>
      <trkpt lat="8.998706" lon="-79.579258">
        <time>2026-08-13T10:29:36Z</time>
      </trkpt>
      <trkpt lat="8.998720" lon="-79.579244">
        <time>2026-08-13T10:29:37Z</time>
      </trkpt>
      <trkpt lat="8.998736" lon="-79.579231">
        <time>2026-08-13T10:29:38Z</time>
      </trkpt>
      <trkpt lat="8.998752" lon="-79.579216">
        <time>2026-08-13T10:29:39Z</time>
      </trkpt>
      <trkpt lat="8.998770" lon="-79.579207">
        <time>2026-08-13T10:29:40Z</time>
      </trkpt>
      <trkpt lat="8.998787" lon="-79.579199">
        <time>2026-08-13T10:29:41Z</time>
      </trkpt>
      <trkpt lat="8.998806" lon="-79.579200">
        <time>2026-08-13T10:29:42Z</time>
      </trkpt>
      <trkpt lat="8.998823" lon="-79.579212">
        <time>2026-08-13T10:29:43Z</time>
      </trkpt>
      <trkpt lat="8.998836" lon="-79.579226">
        <time>2026-08-13T10:29:44Z</time>
      </trkpt>
      <trkpt lat="8.998853" lon="-79.579241">
        <time>2026-08-13T10:29:45Z</time>
      </trkpt>
      <trkpt lat="8.998871" lon="-79.579255">
        <time>2026-08-13T10:29:46Z</time>
      </trkpt>
      <trkpt lat="8.998890" lon="-79.579266">
        <time>2026-08-13T10:29:47Z</time>
      </trkpt>
      <trkpt lat="8.998914" lon="-79.579273">
        <time>2026-08-13T10:29:48Z</time>
      </trkpt>
      <trkpt lat="8.998940" lon="-79.579275">
        <time>2026-08-13T10:29:49Z</time>
      </trkpt>
      <trkpt lat="8.998963" lon="-79.579273">
        <time>2026-08-13T10:29:50Z</time>
      </trkpt>
      <trkpt lat="8.998987" lon="-79.579266">
        <time>2026-08-13T10:29:51Z</time>
      </trkpt>
      <trkpt lat="8.999006" lon="-79.579261">
        <time>2026-08-13T10:29:52Z</time>
      </trkpt>
      <trkpt lat="8.999025" lon="-79.579256">
        <time>2026-08-13T10:29:53Z</time>
      </trkpt>
      <trkpt lat="8.999048" lon="-79.579248">
        <time>2026-08-13T10:29:54Z</time>
      </trkpt>
      <trkpt lat="8.999068" lon="-79.579244">
        <time>2026-08-13T10:29:55Z</time>
      </trkpt>
      <trkpt lat="8.999090" lon="-79.579238">
        <time>2026-08-13T10:29:56Z</time>
      </trkpt>
      <trkpt lat="8.999111" lon="-79.579232">
        <time>2026-08-13T10:29:57Z</time>
      </trkpt>
      <trkpt lat="8.999131" lon="-79.579227">
        <time>2026-08-13T10:29:58Z</time>
      </trkpt>
      <trkpt lat="8.999151" lon="-79.579222">
        <time>2026-08-13T10:29:59Z</time>
      </trkpt>
      <trkpt lat="8.999174" lon="-79.579217">
        <time>2026-08-13T10:30:00Z</time>
      </trkpt>
      <trkpt lat="8.999194" lon="-79.579215">
        <time>2026-08-13T10:30:01Z</time>
      </trkpt>
      <trkpt lat="8.999216" lon="-79.579212">
        <time>2026-08-13T10:30:02Z</time>
      </trkpt>
      <trkpt lat="8.999239" lon="-79.579212">
        <time>2026-08-13T10:30:03Z</time>
      </trkpt>
      <trkpt lat="8.999259" lon="-79.579214">
        <time>2026-08-13T10:30:04Z</time>
      </trkpt>
      <trkpt lat="8.999281" lon="-79.579214">
        <time>2026-08-13T10:30:05Z</time>
      </trkpt>
      <trkpt lat="8.999306" lon="-79.579216">
        <time>2026-08-13T10:30:06Z</time>
      </trkpt>
      <trkpt lat="8.999328" lon="-79.579219">
        <time>2026-08-13T10:30:07Z</time>
      </trkpt>
      <trkpt lat="8.999349" lon="-79.579220">
        <time>2026-08-13T10:30:08Z</time>
      </trkpt>
      <trkpt lat="8.999373" lon="-79.579217">
        <time>2026-08-13T10:30:09Z</time>
      </trkpt>
      <trkpt lat="8.999396" lon="-79.579215">
        <time>2026-08-13T10:30:10Z</time>
      </trkpt>
      <trkpt lat="8.999419" lon="-79.579208">
        <time>2026-08-13T10:30:11Z</time>
      </trkpt>
      <trkpt lat="8.999442" lon="-79.579202">
        <time>2026-08-13T10:30:12Z</time>
      </trkpt>
      <trkpt lat="8.999460" lon="-79.579197">
        <time>2026-08-13T10:30:13Z</time>
      </trkpt>
      <trkpt lat="8.999481" lon="-79.579189">
        <time>2026-08-13T10:30:14Z</time>
      </trkpt>
      <trkpt lat="8.999503" lon="-79.579182">
        <time>2026-08-13T10:30:15Z</time>
      </trkpt>
      <trkpt lat="8.999524" lon="-79.579180">
        <time>2026-08-13T10:30:16Z</time>
      </trkpt>
      <trkpt lat="8.999546" lon="-79.579175">
        <time>2026-08-13T10:30:17Z</time>
      </trkpt>
      <trkpt lat="8.999567" lon="-79.579173">
        <time>2026-08-13T10:30:18Z</time>
      </trkpt>
      <trkpt lat="8.999590" lon="-79.579173">
        <time>2026-08-13T10:30:19Z</time>
      </trkpt>
      <trkpt lat="8.999612" lon="-79.579176">
        <time>2026-08-13T10:30:20Z</time>
      </trkpt>
      <trkpt lat="8.999633" lon="-79.579181">
        <time>2026-08-13T10:30:21Z</time>
      </trkpt>
      <trkpt lat="8.999651" lon="-79.579186">
        <time>2026-08-13T10:30:22Z</time>
      </trkpt>
      <trkpt lat="8.999674" lon="-79.579195">
        <time>2026-08-13T10:30:23Z</time>
      </trkpt>
      <trkpt lat="8.999694" lon="-79.579204">
        <time>2026-08-13T10:30:24Z</time>
      </trkpt>
      <trkpt lat="8.999714" lon="-79.579215">
        <time>2026-08-13T10:30:25Z</time>
      </trkpt>
      <trkpt lat="8.999734" lon="-79.579224">
        <time>2026-08-13T10:30:26Z</time>
      </trkpt>
      <trkpt lat="8.999752" lon="-79.579235">
        <time>2026-08-13T10:30:27Z</time>
      </trkpt>
      <trkpt lat="8.999770" lon="-79.579247">
        <time>2026-08-13T10:30:28Z</time>
      </trkpt>
      <trkpt lat="8.999791" lon="-79.579258">
        <time>2026-08-13T10:30:29Z</time>
      </trkpt>
      <trkpt lat="8.999808" lon="-79.579268">
        <time>2026-08-13T10:30:30Z</time>
      </trkpt>
      <trkpt lat="8.999827" lon="-79.579278">
        <time>2026-08-13T10:30:31Z</time>
      </trkpt>
      <trkpt lat="8.999848" lon="-79.579284">
        <time>2026-08-13T10:30:32Z</time>
      </trkpt>
      <trkpt lat="8.999869" lon="-79.579288">
        <time>2026-08-13T10:30:33Z</time>
      </trkpt>
      <trkpt lat="8.999890" lon="-79.579292">
        <time>2026-08-13T10:30:34Z</time>
      </trkpt>
      <trkpt lat="8.999914" lon="-79.579289">
        <time>2026-08-13T10:30:35Z</time>
      </trkpt>
      <trkpt lat="8.999936" lon="-79.579288">
        <time>2026-08-13T10:30:36Z</time>
      </trkpt>
      <trkpt lat="8.999959" lon="-79.579285">
        <time>2026-08-13T10:30:37Z</time>
      </trkpt>
      <trkpt lat="8.999980" lon="-79.579284">
        <time>2026-08-13T10:30:38Z</time>
      </trkpt>
      <trkpt lat="9.000001" lon="-79.579284">
        <time>2026-08-13T10:30:39Z</time>
      </trkpt>
      <trkpt lat="9.000025" lon="-79.579280">
        <time>2026-08-13T10:30:40Z</time>
      </trkpt>
      <trkpt lat="9.000048" lon="-79.579276">
        <time>2026-08-13T10:30:41Z</time>
      </trkpt>
      <trkpt lat="9.000069" lon="-79.579275">
        <time>2026-08-13T10:30:42Z</time>
      </trkpt>
      <trkpt lat="9.000090" lon="-79.579271">
        <time>2026-08-13T10:30:43Z</time>
      </trkpt>
      <trkpt lat="9.000112" lon="-79.579268">
        <time>2026-08-13T10:30:44Z</time>
      </trkpt>
      <trkpt lat="9.000134" lon="-79.579265">
        <time>2026-08-13T10:30:45Z</time>
      </trkpt>
      <trkpt lat="9.000156" lon="-79.579262">
        <time>2026-08-13T10:30:46Z</time>
      </trkpt>
      <trkpt lat="9.000180" lon="-79.579262">
        <time>2026-08-13T10:30:47Z</time>
      </trkpt>
      <trkpt lat="9.000201" lon="-79.579264">
        <time>2026-08-13T10:30:48Z</time>
      </trkpt>
      <trkpt lat="9.000223" lon="-79.579269">
        <time>2026-08-13T10:30:49Z</time>
      </trkpt>
      <trkpt lat="9.000240" lon="-79.579280">
        <time>2026-08-13T10:30:50Z</time>
      </trkpt>
      <trkpt lat="9.000245" lon="-79.579297">
        <time>2026-08-13T10:30:51Z</time>
      </trkpt>
      <trkpt lat="9.000248" lon="-79.579322">
        <time>2026-08-13T10:30:52Z</time>
      </trkpt>
      <trkpt lat="9.000253" lon="-79.579343">
        <time>2026-08-13T10:30:53Z</time>
      </trkpt>
      <trkpt lat="9.000253" lon="-79.579364">
        <time>2026-08-13T10:30:54Z</time>
      </trkpt>
      <trkpt lat="9.000254" lon="-79.579387">
        <time>2026-08-13T10:30:55Z</time>
      </trkpt>
      <trkpt lat="9.000258" lon="-79.579407">
        <time>2026-08-13T10:30:56Z</time>
      </trkpt>
      <trkpt lat="9.000260" lon="-79.579430">
        <time>2026-08-13T10:30:57Z</time>
      </trkpt>
      <trkpt lat="9.000265" lon="-79.579455">
        <time>2026-08-13T10:30:58Z</time>
      </trkpt>
      <trkpt lat="9.000268" lon="-79.579480">
        <time>2026-08-13T10:30:59Z</time>
      </trkpt>
      <trkpt lat="9.000269" lon="-79.579502">
        <time>2026-08-13T10:31:00Z</time>
      </trkpt>
      <trkpt lat="9.000268" lon="-79.579524">
        <time>2026-08-13T10:31:01Z</time>
      </trkpt>
      <trkpt lat="9.000267" lon="-79.579546">
        <time>2026-08-13T10:31:02Z</time>
      </trkpt>
      <trkpt lat="9.000269" lon="-79.579569">
        <time>2026-08-13T10:31:03Z</time>
      </trkpt>
      <trkpt lat="9.000270" lon="-79.579592">
        <time>2026-08-13T10:31:04Z</time>
      </trkpt>
      <trkpt lat="9.000269" lon="-79.579615">
        <time>2026-08-13T10:31:05Z</time>
      </trkpt>
      <trkpt lat="9.000271" lon="-79.579635">
        <time>2026-08-13T10:31:06Z</time>
      </trkpt>
      <trkpt lat="9.000273" lon="-79.579656">
        <time>2026-08-13T10:31:07Z</time>
      </trkpt>
      <trkpt lat="9.000274" lon="-79.579679">
        <time>2026-08-13T10:31:08Z</time>
      </trkpt>
      <trkpt lat="9.000278" lon="-79.579698">
        <time>2026-08-13T10:31:09Z</time>
      </trkpt>
      <trkpt lat="9.000279" lon="-79.579722">
        <time>2026-08-13T10:31:10Z</time>
      </trkpt>
      <trkpt lat="9.000279" lon="-79.579744">
        <time>2026-08-13T10:31:11Z</time>
      </trkpt>
      <trkpt lat="9.000280" lon="-79.579765">
        <time>2026-08-13T10:31:12Z</time>
      </trkpt>
      <trkpt lat="9.000281" lon="-79.579784">
        <time>2026-08-13T10:31:13Z</time>
      </trkpt>
      <trkpt lat="9.000280" lon="-79.579806">
        <time>2026-08-13T10:31:14Z</time>
      </trkpt>
      <trkpt lat="9.000281" lon="-79.579829">
        <time>2026-08-13T10:31:15Z</time>
      </trkpt>
      <trkpt lat="9.000284" lon="-79.579851">
        <time>2026-08-13T10:31:16Z</time>
      </trkpt>
      <trkpt lat="9.000285" lon="-79.579875">
        <time>2026-08-13T10:31:17Z</time>
      </trkpt>
      <trkpt lat="9.000289" lon="-79.579895">
        <time>2026-08-13T10:31:18Z</time>
      </trkpt>
      <trkpt lat="9.000288" lon="-79.579920">
        <time>2026-08-13T10:31:19Z</time>
      </trkpt>
      <trkpt lat="9.000289" lon="-79.579944">
        <time>2026-08-13T10:31:20Z</time>
      </trkpt>
      <trkpt lat="9.000291" lon="-79.579967">
        <time>2026-08-13T10:31:21Z</time>
      </trkpt>
      <trkpt lat="9.000289" lon="-79.579990">
        <time>2026-08-13T10:31:22Z</time>
      </trkpt>
      <trkpt lat="9.000293" lon="-79.580012">
        <time>2026-08-13T10:31:23Z</time>
      </trkpt>
      <trkpt lat="9.000296" lon="-79.580037">
        <time>2026-08-13T10:31:24Z</time>
      </trkpt>
      <trkpt lat="9.000296" lon="-79.580061">
        <time>2026-08-13T10:31:25Z</time>
      </trkpt>
      <trkpt lat="9.000301" lon="-79.580084">
        <time>2026-08-13T10:31:26Z</time>
      </trkpt>
      <trkpt lat="9.000304" lon="-79.580107">
        <time>2026-08-13T10:31:27Z</time>
      </trkpt>
      <trkpt lat="9.000308" lon="-79.580130">
        <time>2026-08-13T10:31:28Z</time>
      </trkpt>
      <trkpt lat="9.000318" lon="-79.580149">
        <time>2026-08-13T10:31:29Z</time>
      </trkpt>
      <trkpt lat="9.000329" lon="-79.580167">
        <time>2026-08-13T10:31:30Z</time>
      </trkpt>
      <trkpt lat="9.000342" lon="-79.580182">
        <time>2026-08-13T10:31:31Z</time>
      </trkpt>
      <trkpt lat="9.000360" lon="-79.580200">
        <time>2026-08-13T10:31:32Z</time>
      </trkpt>
      <trkpt lat="9.000385" lon="-79.580210">
        <time>2026-08-13T10:31:33Z</time>
      </trkpt>
      <trkpt lat="9.000409" lon="-79.580216">
        <time>2026-08-13T10:31:34Z</time>
      </trkpt>
      <trkpt lat="9.000433" lon="-79.580218">
        <time>2026-08-13T10:31:35Z</time>
      </trkpt>
      <trkpt lat="9.000458" lon="-79.580215">
        <time>2026-08-13T10:31:36Z</time>
      </trkpt>
      <trkpt lat="9.000483" lon="-79.580211">
        <time>2026-08-13T10:31:37Z</time>
      </trkpt>
      <trkpt lat="9.000506" lon="-79.580204">
        <time>2026-08-13T10:31:38Z</time>
      </trkpt>
      <trkpt lat="9.000529" lon="-79.580197">
        <time>2026-08-13T10:31:39Z</time>
      </trkpt>
      <trkpt lat="9.000551" lon="-79.580191">
        <time>2026-08-13T10:31:40Z</time>
      </trkpt>
      <trkpt lat="9.000574" lon="-79.580183">
        <time>2026-08-13T10:31:41Z</time>
      </trkpt>
      <trkpt lat="9.000595" lon="-79.580176">
        <time>2026-08-13T10:31:42Z</time>
      </trkpt>
      <trkpt lat="9.000617" lon="-79.580169">
        <time>2026-08-13T10:31:43Z</time>
      </trkpt>
      <trkpt lat="9.000636" lon="-79.580158">
        <time>2026-08-13T10:31:44Z</time>
      </trkpt>
      <trkpt lat="9.000657" lon="-79.580153">
        <time>2026-08-13T10:31:45Z</time>
      </trkpt>
      <trkpt lat="9.000678" lon="-79.580148">
        <time>2026-08-13T10:31:46Z</time>
      </trkpt>
      <trkpt lat="9.000698" lon="-79.580139">
        <time>2026-08-13T10:31:47Z</time>
      </trkpt>
      <trkpt lat="9.000721" lon="-79.580134">
        <time>2026-08-13T10:31:48Z</time>
      </trkpt>
      <trkpt lat="9.000744" lon="-79.580127">
        <time>2026-08-13T10:31:49Z</time>
      </trkpt>
      <trkpt lat="9.000766" lon="-79.580119">
        <time>2026-08-13T10:31:50Z</time>
      </trkpt>
      <trkpt lat="9.000792" lon="-79.580114">
        <time>2026-08-13T10:31:51Z</time>
      </trkpt>
      <trkpt lat="9.000816" lon="-79.580106">
        <time>2026-08-13T10:31:52Z</time>
      </trkpt>
      <trkpt lat="9.000839" lon="-79.580097">
        <time>2026-08-13T10:31:53Z</time>
      </trkpt>
      <trkpt lat="9.000863" lon="-79.580092">
        <time>2026-08-13T10:31:54Z</time>
      </trkpt>
      <trkpt lat="9.000888" lon="-79.580084">
        <time>2026-08-13T10:31:55Z</time>
      </trkpt>
      <trkpt lat="9.000910" lon="-79.580074">
        <time>2026-08-13T10:31:56Z</time>
      </trkpt>
      <trkpt lat="9.000933" lon="-79.580066">
        <time>2026-08-13T10:31:57Z</time>
      </trkpt>
      <trkpt lat="9.000955" lon="-79.580054">
        <time>2026-08-13T10:31:58Z</time>
      </trkpt>
      <trkpt lat="9.000972" lon="-79.580041">
        <time>2026-08-13T10:31:59Z</time>
      </trkpt>
      <trkpt lat="9.000992" lon="-79.580026">
        <time>2026-08-13T10:32:00Z</time>
      </trkpt>
      <trkpt lat="9.001009" lon="-79.580005">
        <time>2026-08-13T10:32:01Z</time>
      </trkpt>
      <trkpt lat="9.001023" lon="-79.579984">
        <time>2026-08-13T10:32:02Z</time>
      </trkpt>
      <trkpt lat="9.001037" lon="-79.579962">
        <time>2026-08-13T10:32:03Z</time>
      </trkpt>
      <trkpt lat="9.001051" lon="-79.579939">
        <time>2026-08-13T10:32:04Z</time>
      </trkpt>
      <trkpt lat="9.001062" lon="-79.579917">
        <time>2026-08-13T10:32:05Z</time>
      </trkpt>
      <trkpt lat="9.001072" lon="-79.579890">
        <time>2026-08-13T10:32:06Z</time>
      </trkpt>
      <trkpt lat="9.001079" lon="-79.579864">
        <time>2026-08-13T10:32:07Z</time>
      </trkpt>
      <trkpt lat="9.001082" lon="-79.579838">
        <time>2026-08-13T10:32:08Z</time>
      </trkpt>
      <trkpt lat="9.001083" lon="-79.579813">
        <time>2026-08-13T10:32:09Z</time>
      </trkpt>
      <trkpt lat="9.001082" lon="-79.579789">
        <time>2026-08-13T10:32:10Z</time>
      </trkpt>
      <trkpt lat="9.001079" lon="-79.579764">
        <time>2026-08-13T10:32:11Z</time>
      </trkpt>
      <trkpt lat="9.001075" lon="-79.579740">
        <time>2026-08-13T10:32:12Z</time>
      </trkpt>
      <trkpt lat="9.001071" lon="-79.579717">
        <time>2026-08-13T10:32:13Z</time>
      </trkpt>
      <trkpt lat="9.001066" lon="-79.579696">
        <time>2026-08-13T10:32:14Z</time>
      </trkpt>
      <trkpt lat="9.001060" lon="-79.579676">
        <time>2026-08-13T10:32:15Z</time>
      </trkpt>
      <trkpt lat="9.001052" lon="-79.579652">
        <time>2026-08-13T10:32:16Z</time>
      </trkpt>
      <trkpt lat="9.001045" lon="-79.579632">
        <time>2026-08-13T10:32:17Z</time>
      </trkpt>
      <trkpt lat="9.001040" lon="-79.579611">
        <time>2026-08-13T10:32:18Z</time>
      </trkpt>
      <trkpt lat="9.001035" lon="-79.579586">
        <time>2026-08-13T10:32:19Z</time>
      </trkpt>
      <trkpt lat="9.001029" lon="-79.579566">
        <time>2026-08-13T10:32:20Z</time>
      </trkpt>
      <trkpt lat="9.001022" lon="-79.579544">
        <time>2026-08-13T10:32:21Z</time>
      </trkpt>
      <trkpt lat="9.001019" lon="-79.579522">
        <time>2026-08-13T10:32:22Z</time>
      </trkpt>
      <trkpt lat="9.001015" lon="-79.579501">
        <time>2026-08-13T10:32:23Z</time>
      </trkpt>
      <trkpt lat="9.001010" lon="-79.579480">
        <time>2026-08-13T10:32:24Z</time>
      </trkpt>
      <trkpt lat="9.001008" lon="-79.579459">
        <time>2026-08-13T10:32:25Z</time>
      </trkpt>
      <trkpt lat="9.001006" lon="-79.579439">
        <time>2026-08-13T10:32:26Z</time>
      </trkpt>
      <trkpt lat="9.001002" lon="-79.579416">
        <time>2026-08-13T10:32:27Z</time>
      </trkpt>
      <trkpt lat="9.001000" lon="-79.579397">
        <time>2026-08-13T10:32:28Z</time>
      </trkpt>
      <trkpt lat="9.001002" lon="-79.579378">
        <time>2026-08-13T10:32:29Z</time>
      </trkpt>
      <trkpt lat="9.001006" lon="-79.579359">
        <time>2026-08-13T10:32:30Z</time>
      </trkpt>
      <trkpt lat="9.001010" lon="-79.579341">
        <time>2026-08-13T10:32:31Z</time>
      </trkpt>
      <trkpt lat="9.001015" lon="-79.579322">
        <time>2026-08-13T10:32:32Z</time>
      </trkpt>
      <trkpt lat="9.001020" lon="-79.579301">
        <time>2026-08-13T10:32:33Z</time>
      </trkpt>
      <trkpt lat="9.001025" lon="-79.579283">
        <time>2026-08-13T10:32:34Z</time>
      </trkpt>
      <trkpt lat="9.001036" lon="-79.579264">
        <time>2026-08-13T10:32:35Z</time>
      </trkpt>
      <trkpt lat="9.001046" lon="-79.579244">
        <time>2026-08-13T10:32:36Z</time>
      </trkpt>
      <trkpt lat="9.001060" lon="-79.579224">
        <time>2026-08-13T10:32:37Z</time>
      </trkpt>
      <trkpt lat="9.001075" lon="-79.579210">
        <time>2026-08-13T10:32:38Z</time>
      </trkpt>
      <trkpt lat="9.001092" lon="-79.579196">
        <time>2026-08-13T10:32:39Z</time>
      </trkpt>
      <trkpt lat="9.001107" lon="-79.579181">
        <time>2026-08-13T10:32:40Z</time>
      </trkpt>
      <trkpt lat="9.001125" lon="-79.579169">
        <time>2026-08-13T10:32:41Z</time>
      </trkpt>
      <trkpt lat="9.001144" lon="-79.579158">
        <time>2026-08-13T10:32:42Z</time>
      </trkpt>
      <trkpt lat="9.001161" lon="-79.579149">
        <time>2026-08-13T10:32:43Z</time>
      </trkpt>
      <trkpt lat="9.001180" lon="-79.579137">
        <time>2026-08-13T10:32:44Z</time>
      </trkpt>
      <trkpt lat="9.001199" lon="-79.579127">
        <time>2026-08-13T10:32:45Z</time>
      </trkpt>
      <trkpt lat="9.001218" lon="-79.579117">
        <time>2026-08-13T10:32:46Z</time>
      </trkpt>
      <trkpt lat="9.001238" lon="-79.579108">
        <time>2026-08-13T10:32:47Z</time>
      </trkpt>
      <trkpt lat="9.001259" lon="-79.579098">
        <time>2026-08-13T10:32:48Z</time>
      </trkpt>
      <trkpt lat="9.001280" lon="-79.579088">
        <time>2026-08-13T10:32:49Z</time>
      </trkpt>
      <trkpt lat="9.001300" lon="-79.579080">
        <time>2026-08-13T10:32:50Z</time>
      </trkpt>
      <trkpt lat="9.001320" lon="-79.579074">
        <time>2026-08-13T10:32:51Z</time>
      </trkpt>
      <trkpt lat="9.001342" lon="-79.579071">
        <time>2026-08-13T10:32:52Z</time>
      </trkpt>
      <trkpt lat="9.001362" lon="-79.579066">
        <time>2026-08-13T10:32:53Z</time>
      </trkpt>
      <trkpt lat="9.001382" lon="-79.579064">
        <time>2026-08-13T10:32:54Z</time>
      </trkpt>
      <trkpt lat="9.001401" lon="-79.579063">
        <time>2026-08-13T10:32:55Z</time>
      </trkpt>
      <trkpt lat="9.001421" lon="-79.579065">
        <time>2026-08-13T10:32:56Z</time>
      </trkpt>
      <trkpt lat="9.001444" lon="-79.579068">
        <time>2026-08-13T10:32:57Z</time>
      </trkpt>
      <trkpt lat="9.001464" lon="-79.579069">
        <time>2026-08-13T10:32:58Z</time>
      </trkpt>
      <trkpt lat="9.001484" lon="-79.579071">
        <time>2026-08-13T10:32:59Z</time>
      </trkpt>
      <trkpt lat="9.001504" lon="-79.579074">
        <time>2026-08-13T10:33:00Z</time>
      </trkpt>
      <trkpt lat="9.001522" lon="-79.579081">
        <time>2026-08-13T10:33:01Z</time>
      </trkpt>
      <trkpt lat="9.001540" lon="-79.579090">
        <time>2026-08-13T10:33:02Z</time>
      </trkpt>
      <trkpt lat="9.001558" lon="-79.579100">
        <time>2026-08-13T10:33:03Z</time>
      </trkpt>
      <trkpt lat="9.001574" lon="-79.579114">
        <time>2026-08-13T10:33:04Z</time>
      </trkpt>
      <trkpt lat="9.001590" lon="-79.579126">
        <time>2026-08-13T10:33:05Z</time>
      </trkpt>
      <trkpt lat="9.001606" lon="-79.579140">
        <time>2026-08-13T10:33:06Z</time>
      </trkpt>
      <trkpt lat="9.001618" lon="-79.579161">
        <time>2026-08-13T10:33:07Z</time>
      </trkpt>
      <trkpt lat="9.001629" lon="-79.579178">
        <time>2026-08-13T10:33:08Z</time>
      </trkpt>
      <trkpt lat="9.001640" lon="-79.579197">
        <time>2026-08-13T10:33:09Z</time>
      </trkpt>
      <trkpt lat="9.001649" lon="-79.579217">
        <time>2026-08-13T10:33:10Z</time>
      </trkpt>
      <trkpt lat="9.001657" lon="-79.579237">
        <time>2026-08-13T10:33:11Z</time>
      </trkpt>
      <trkpt lat="9.001660" lon="-79.579259">
        <time>2026-08-13T10:33:12Z</time>
      </trkpt>
      <trkpt lat="9.001657" lon="-79.579281">
        <time>2026-08-13T10:33:13Z</time>
      </trkpt>
      <trkpt lat="9.001651" lon="-79.579304">
        <time>2026-08-13T10:33:14Z</time>
      </trkpt>
      <trkpt lat="9.001644" lon="-79.579325">
        <time>2026-08-13T10:33:15Z</time>
      </trkpt>
      <trkpt lat="9.001639" lon="-79.579344">
        <time>2026-08-13T10:33:16Z</time>
      </trkpt>
      <trkpt lat="9.001630" lon="-79.579365">
        <time>2026-08-13T10:33:17Z</time>
      </trkpt>
      <trkpt lat="9.001621" lon="-79.579388">
        <time>2026-08-13T10:33:18Z</time>
      </trkpt>
      <trkpt lat="9.001614" lon="-79.579408">
        <time>2026-08-13T10:33:19Z</time>
      </trkpt>
      <trkpt lat="9.001609" lon="-79.579430">
        <time>2026-08-13T10:33:20Z</time>
      </trkpt>
      <trkpt lat="9.001606" lon="-79.579455">
        <time>2026-08-13T10:33:21Z</time>
      </trkpt>
      <trkpt lat="9.001601" lon="-79.579476">
        <time>2026-08-13T10:33:22Z</time>
      </trkpt>
      <trkpt lat="9.001600" lon="-79.579494">
        <time>2026-08-13T10:33:23Z</time>
      </trkpt>
      <trkpt lat="9.001601" lon="-79.579519">
        <time>2026-08-13T10:33:24Z</time>
      </trkpt>
      <trkpt lat="9.001599" lon="-79.579543">
        <time>2026-08-13T10:33:25Z</time>
      </trkpt>
      <trkpt lat="9.001600" lon="-79.579566">
        <time>2026-08-13T10:33:26Z</time>
      </trkpt>
      <trkpt lat="9.001601" lon="-79.579590">
        <time>2026-08-13T10:33:27Z</time>
      </trkpt>
      <trkpt lat="9.001605" lon="-79.579612">
        <time>2026-08-13T10:33:28Z</time>
      </trkpt>
      <trkpt lat="9.001611" lon="-79.579632">
        <time>2026-08-13T10:33:29Z</time>
      </trkpt>
      <trkpt lat="9.001618" lon="-79.579655">
        <time>2026-08-13T10:33:30Z</time>
      </trkpt>
      <trkpt lat="9.001627" lon="-79.579674">
        <time>2026-08-13T10:33:31Z</time>
      </trkpt>
      <trkpt lat="9.001636" lon="-79.579697">
        <time>2026-08-13T10:33:32Z</time>
      </trkpt>
      <trkpt lat="9.001645" lon="-79.579718">
        <time>2026-08-13T10:33:33Z</time>
      </trkpt>
      <trkpt lat="9.001658" lon="-79.579739">
        <time>2026-08-13T10:33:34Z</time>
      </trkpt>
      <trkpt lat="9.001670" lon="-79.579761">
        <time>2026-08-13T10:33:35Z</time>
      </trkpt>
      <trkpt lat="9.001682" lon="-79.579781">
        <time>2026-08-13T10:33:36Z</time>
      </trkpt>
      <trkpt lat="9.001694" lon="-79.579803">
        <time>2026-08-13T10:33:37Z</time>
      </trkpt>
      <trkpt lat="9.001707" lon="-79.579824">
        <time>2026-08-13T10:33:38Z</time>
      </trkpt>
      <trkpt lat="9.001724" lon="-79.579839">
        <time>2026-08-13T10:33:39Z</time>
      </trkpt>
      <trkpt lat="9.001743" lon="-79.579851">
        <time>2026-08-13T10:33:40Z</time>
      </trkpt>
      <trkpt lat="9.001766" lon="-79.579862">
        <time>2026-08-13T10:33:41Z</time>
      </trkpt>
      <trkpt lat="9.001790" lon="-79.579866">
        <time>2026-08-13T10:33:42Z</time>
      </trkpt>
      <trkpt lat="9.001812" lon="-79.579869">
        <time>2026-08-13T10:33:43Z</time>
      </trkpt>
      <trkpt lat="9.001837" lon="-79.579864">
        <time>2026-08-13T10:33:44Z</time>
      </trkpt>
      <trkpt lat="9.001859" lon="-79.579860">
        <time>2026-08-13T10:33:45Z</time>
      </trkpt>
      <trkpt lat="9.001881" lon="-79.579854">
        <time>2026-08-13T10:33:46Z</time>
      </trkpt>
      <trkpt lat="9.001904" lon="-79.579848">
        <time>2026-08-13T10:33:47Z</time>
      </trkpt>
      <trkpt lat="9.001923" lon="-79.579844">
        <time>2026-08-13T10:33:48Z</time>
      </trkpt>
      <trkpt lat="9.001945" lon="-79.579837">
        <time>2026-08-13T10:33:49Z</time>
      </trkpt>
      <trkpt lat="9.001966" lon="-79.579828">
        <time>2026-08-13T10:33:50Z</time>
      </trkpt>
      <trkpt lat="9.001988" lon="-79.579821">
        <time>2026-08-13T10:33:51Z</time>
      </trkpt>
      <trkpt lat="9.002009" lon="-79.579813">
        <time>2026-08-13T10:33:52Z</time>
      </trkpt>
      <trkpt lat="9.002029" lon="-79.579806">
        <time>2026-08-13T10:33:53Z</time>
      </trkpt>
      <trkpt lat="9.002049" lon="-79.579800">
        <time>2026-08-13T10:33:54Z</time>
      </trkpt>
      <trkpt lat="9.002069" lon="-79.579792">
        <time>2026-08-13T10:33:55Z</time>
      </trkpt>
      <trkpt lat="9.002090" lon="-79.579787">
        <time>2026-08-13T10:33:56Z</time>
      </trkpt>
      <trkpt lat="9.002111" lon="-79.579783">
        <time>2026-08-13T10:33:57Z</time>
      </trkpt>
      <trkpt lat="9.002130" lon="-79.579779">
        <time>2026-08-13T10:33:58Z</time>
      </trkpt>
      <trkpt lat="9.002151" lon="-79.579776">
        <time>2026-08-13T10:33:59Z</time>
      </trkpt>
      <trkpt lat="9.002169" lon="-79.579776">
        <time>2026-08-13T10:34:00Z</time>
      </trkpt>
      <trkpt lat="9.002188" lon="-79.579779">
        <time>2026-08-13T10:34:01Z</time>
      </trkpt>
      <trkpt lat="9.002211" lon="-79.579782">
        <time>2026-08-13T10:34:02Z</time>
      </trkpt>
      <trkpt lat="9.002229" lon="-79.579787">
        <time>2026-08-13T10:34:03Z</time>
      </trkpt>
      <trkpt lat="9.002248" lon="-79.579793">
        <time>2026-08-13T10:34:04Z</time>
      </trkpt>
      <trkpt lat="9.002272" lon="-79.579798">
        <time>2026-08-13T10:34:05Z</time>
      </trkpt>
      <trkpt lat="9.002291" lon="-79.579805">
        <time>2026-08-13T10:34:06Z</time>
      </trkpt>
      <trkpt lat="9.002313" lon="-79.579815">
        <time>2026-08-13T10:34:07Z</time>
      </trkpt>
      <trkpt lat="9.002335" lon="-79.579823">
        <time>2026-08-13T10:34:08Z</time>
      </trkpt>
      <trkpt lat="9.002354" lon="-79.579831">
        <time>2026-08-13T10:34:09Z</time>
      </trkpt>
      <trkpt lat="9.002375" lon="-79.579839">
        <time>2026-08-13T10:34:10Z</time>
      </trkpt>
      <trkpt lat="9.002397" lon="-79.579844">
        <time>2026-08-13T10:34:11Z</time>
      </trkpt>
      <trkpt lat="9.002419" lon="-79.579846">
        <time>2026-08-13T10:34:12Z</time>
      </trkpt>
      <trkpt lat="9.002437" lon="-79.579848">
        <time>2026-08-13T10:34:13Z</time>
      </trkpt>
      <trkpt lat="9.002460" lon="-79.579847">
        <time>2026-08-13T10:34:14Z</time>
      </trkpt>
      <trkpt lat="9.002481" lon="-79.579843">
        <time>2026-08-13T10:34:15Z</time>
      </trkpt>
      <trkpt lat="9.002500" lon="-79.579838">
        <time>2026-08-13T10:34:16Z</time>
      </trkpt>
      <trkpt lat="9.002523" lon="-79.579830">
        <time>2026-08-13T10:34:17Z</time>
      </trkpt>
      <trkpt lat="9.002547" lon="-79.579828">
        <time>2026-08-13T10:34:18Z</time>
      </trkpt>
      <trkpt lat="9.002575" lon="-79.579824">
        <time>2026-08-13T10:34:19Z</time>
      </trkpt>
      <trkpt lat="9.002600" lon="-79.579816">
        <time>2026-08-13T10:34:20Z</time>
      </trkpt>
      <trkpt lat="9.002625" lon="-79.579811">
        <time>2026-08-13T10:34:21Z</time>
      </trkpt>
      <trkpt lat="9.002650" lon="-79.579799">
        <time>2026-08-13T10:34:22Z</time>
      </trkpt>
      <trkpt lat="9.002672" lon="-79.579785">
        <time>2026-08-13T10:34:23Z</time>
      </trkpt>
      <trkpt lat="9.002691" lon="-79.579769">
        <time>2026-08-13T10:34:24Z</time>
      </trkpt>
      <trkpt lat="9.002707" lon="-79.579749">
        <time>2026-08-13T10:34:25Z</time>
      </trkpt>
      <trkpt lat="9.002720" lon="-79.579732">
        <time>2026-08-13T10:34:26Z</time>
      </trkpt>
      <trkpt lat="9.002733" lon="-79.579712">
        <time>2026-08-13T10:34:27Z</time>
      </trkpt>
      <trkpt lat="9.002745" lon="-79.579691">
        <time>2026-08-13T10:34:28Z</time>
      </trkpt>
      <trkpt lat="9.002758" lon="-79.579675">
        <time>2026-08-13T10:34:29Z</time>
      </trkpt>
      <trkpt lat="9.002771" lon="-79.579655">
        <time>2026-08-13T10:34:30Z</time>
      </trkpt>
      <trkpt lat="9.002783" lon="-79.579635">
        <time>2026-08-13T10:34:31Z</time>
      </trkpt>
      <trkpt lat="9.002794" lon="-79.579618">
        <time>2026-08-13T10:34:32Z</time>
      </trkpt>
      <trkpt lat="9.002806" lon="-79.579597">
        <time>2026-08-13T10:34:33Z</time>
      </trkpt>
      <trkpt lat="9.002816" lon="-79.579577">
        <time>2026-08-13T10:34:34Z</time>
      </trkpt>
      <trkpt lat="9.002826" lon="-79.579557">
        <time>2026-08-13T10:34:35Z</time>
      </trkpt>
      <trkpt lat="9.002837" lon="-79.579536">
        <time>2026-08-13T10:34:36Z</time>
      </trkpt>
      <trkpt lat="9.002849" lon="-79.579516">
        <time>2026-08-13T10:34:37Z</time>
      </trkpt>
      <trkpt lat="9.002860" lon="-79.579497">
        <time>2026-08-13T10:34:38Z</time>
      </trkpt>
      <trkpt lat="9.002870" lon="-79.579478">
        <time>2026-08-13T10:34:39Z</time>
      </trkpt>
      <trkpt lat="9.002879" lon="-79.579457">
        <time>2026-08-13T10:34:40Z</time>
      </trkpt>
      <trkpt lat="9.002885" lon="-79.579436">
        <time>2026-08-13T10:34:41Z</time>
      </trkpt>
      <trkpt lat="9.002890" lon="-79.579416">
        <time>2026-08-13T10:34:42Z</time>
      </trkpt>
      <trkpt lat="9.002897" lon="-79.579392">
        <time>2026-08-13T10:34:43Z</time>
      </trkpt>
      <trkpt lat="9.002904" lon="-79.579370">
        <time>2026-08-13T10:34:44Z</time>
      </trkpt>
      <trkpt lat="9.002911" lon="-79.579348">
        <time>2026-08-13T10:34:45Z</time>
      </trkpt>
      <trkpt lat="9.002916" lon="-79.579325">
        <time>2026-08-13T10:34:46Z</time>
      </trkpt>
      <trkpt lat="9.002922" lon="-79.579303">
        <time>2026-08-13T10:34:47Z</time>
      </trkpt>
      <trkpt lat="9.002926" lon="-79.579280">
        <time>2026-08-13T10:34:48Z</time>
      </trkpt>
      <trkpt lat="9.002931" lon="-79.579258">
        <time>2026-08-13T10:34:49Z</time>
      </trkpt>
      <trkpt lat="9.002935" lon="-79.579237">
        <time>2026-08-13T10:34:50Z</time>
      </trkpt>
      <trkpt lat="9.002939" lon="-79.579215">
        <time>2026-08-13T10:34:51Z</time>
      </trkpt>
      <trkpt lat="9.002942" lon="-79.579192">
        <time>2026-08-13T10:34:52Z</time>
      </trkpt>
      <trkpt lat="9.002948" lon="-79.579171">
        <time>2026-08-13T10:34:53Z</time>
      </trkpt>
      <trkpt lat="9.002953" lon="-79.579148">
        <time>2026-08-13T10:34:54Z</time>
      </trkpt>
      <trkpt lat="9.002956" lon="-79.579126">
        <time>2026-08-13T10:34:55Z</time>
      </trkpt>
      <trkpt lat="9.002963" lon="-79.579105">
        <time>2026-08-13T10:34:56Z</time>
      </trkpt>
      <trkpt lat="9.002968" lon="-79.579084">
        <time>2026-08-13T10:34:57Z</time>
      </trkpt>
      <trkpt lat="9.002965" lon="-79.579060">
        <time>2026-08-13T10:34:58Z</time>
      </trkpt>
      <trkpt lat="9.002968" lon="-79.579040">
        <time>2026-08-13T10:34:59Z</time>
      </trkpt>
      <trkpt lat="9.002972" lon="-79.579016">
        <time>2026-08-13T10:35:00Z</time>
      </trkpt>
      <trkpt lat="9.002973" lon="-79.578994">
        <time>2026-08-13T10:35:01Z</time>
      </trkpt>
      <trkpt lat="9.002973" lon="-79.578972">
        <time>2026-08-13T10:35:02Z</time>
      </trkpt>
      <trkpt lat="9.002975" lon="-79.578951">
        <time>2026-08-13T10:35:03Z</time>
      </trkpt>
      <trkpt lat="9.002976" lon="-79.578926">
        <time>2026-08-13T10:35:04Z</time>
      </trkpt>
      <trkpt lat="9.002976" lon="-79.578902">
        <time>2026-08-13T10:35:05Z</time>
      </trkpt>
      <trkpt lat="9.002976" lon="-79.578880">
        <time>2026-08-13T10:35:06Z</time>
      </trkpt>
      <trkpt lat="9.002975" lon="-79.578856">
        <time>2026-08-13T10:35:07Z</time>
      </trkpt>
      <trkpt lat="9.002974" lon="-79.578835">
        <time>2026-08-13T10:35:08Z</time>
      </trkpt>
      <trkpt lat="9.002972" lon="-79.578812">
        <time>2026-08-13T10:35:09Z</time>
      </trkpt>
      <trkpt lat="9.002970" lon="-79.578791">
        <time>2026-08-13T10:35:10Z</time>
      </trkpt>
      <trkpt lat="9.002968" lon="-79.578773">
        <time>2026-08-13T10:35:11Z</time>
      </trkpt>
      <trkpt lat="9.002963" lon="-79.578749">
        <time>2026-08-13T10:35:12Z</time>
      </trkpt>
      <trkpt lat="9.002960" lon="-79.578730">
        <time>2026-08-13T10:35:13Z</time>
      </trkpt>
      <trkpt lat="9.002958" lon="-79.578709">
        <time>2026-08-13T10:35:14Z</time>
      </trkpt>
      <trkpt lat="9.002955" lon="-79.578687">
        <time>2026-08-13T10:35:15Z</time>
      </trkpt>
      <trkpt lat="9.002955" lon="-79.578665">
        <time>2026-08-13T10:35:16Z</time>
      </trkpt>
      <trkpt lat="9.002951" lon="-79.578646">
        <time>2026-08-13T10:35:17Z</time>
      </trkpt>
      <trkpt lat="9.002945" lon="-79.578624">
        <time>2026-08-13T10:35:18Z</time>
      </trkpt>
      <trkpt lat="9.002940" lon="-79.578604">
        <time>2026-08-13T10:35:19Z</time>
      </trkpt>
      <trkpt lat="9.002936" lon="-79.578583">
        <time>2026-08-13T10:35:20Z</time>
      </trkpt>
      <trkpt lat="9.002933" lon="-79.578561">
        <time>2026-08-13T10:35:21Z</time>
      </trkpt>
      <trkpt lat="9.002931" lon="-79.578539">
        <time>2026-08-13T10:35:22Z</time>
      </trkpt>
      <trkpt lat="9.002928" lon="-79.578514">
        <time>2026-08-13T10:35:23Z</time>
      </trkpt>
      <trkpt lat="9.002922" lon="-79.578491">
        <time>2026-08-13T10:35:24Z</time>
      </trkpt>
      <trkpt lat="9.002924" lon="-79.578467">
        <time>2026-08-13T10:35:25Z</time>
      </trkpt>
      <trkpt lat="9.002917" lon="-79.578443">
        <time>2026-08-13T10:35:26Z</time>
      </trkpt>
      <trkpt lat="9.002915" lon="-79.578422">
        <time>2026-08-13T10:35:27Z</time>
      </trkpt>
      <trkpt lat="9.002912" lon="-79.578401">
        <time>2026-08-13T10:35:28Z</time>
      </trkpt>
      <trkpt lat="9.002904" lon="-79.578377">
        <time>2026-08-13T10:35:29Z</time>
      </trkpt>
      <trkpt lat="9.002900" lon="-79.578355">
        <time>2026-08-13T10:35:30Z</time>
      </trkpt>
      <trkpt lat="9.002894" lon="-79.578333">
        <time>2026-08-13T10:35:31Z</time>
      </trkpt>
      <trkpt lat="9.002888" lon="-79.578310">
        <time>2026-08-13T10:35:32Z</time>
      </trkpt>
      <trkpt lat="9.002884" lon="-79.578288">
        <time>2026-08-13T10:35:33Z</time>
      </trkpt>
      <trkpt lat="9.002878" lon="-79.578268">
        <time>2026-08-13T10:35:34Z</time>
      </trkpt>
      <trkpt lat="9.002875" lon="-79.578247">
        <time>2026-08-13T10:35:35Z</time>
      </trkpt>
      <trkpt lat="9.002870" lon="-79.578223">
        <time>2026-08-13T10:35:36Z</time>
      </trkpt>
      <trkpt lat="9.002864" lon="-79.578202">
        <time>2026-08-13T10:35:37Z</time>
      </trkpt>
      <trkpt lat="9.002860" lon="-79.578182">
        <time>2026-08-13T10:35:38Z</time>
      </trkpt>
      <trkpt lat="9.002851" lon="-79.578162">
        <time>2026-08-13T10:35:39Z</time>
      </trkpt>
      <trkpt lat="9.002843" lon="-79.578139">
        <time>2026-08-13T10:35:40Z</time>
      </trkpt>
      <trkpt lat="9.002834" lon="-79.578118">
        <time>2026-08-13T10:35:41Z</time>
      </trkpt>
      <trkpt lat="9.002819" lon="-79.578093">
        <time>2026-08-13T10:35:42Z</time>
      </trkpt>
      <trkpt lat="9.002804" lon="-79.578073">
        <time>2026-08-13T10:35:43Z</time>
      </trkpt>
      <trkpt lat="9.002794" lon="-79.578054">
        <time>2026-08-13T10:35:44Z</time>
      </trkpt>
      <trkpt lat="9.002780" lon="-79.578033">
        <time>2026-08-13T10:35:45Z</time>
      </trkpt>
      <trkpt lat="9.002762" lon="-79.578015">
        <time>2026-08-13T10:35:46Z</time>
      </trkpt>
      <trkpt lat="9.002749" lon="-79.577994">
        <time>2026-08-13T10:35:47Z</time>
      </trkpt>
      <trkpt lat="9.002734" lon="-79.577974">
        <time>2026-08-13T10:35:48Z</time>
      </trkpt>
      <trkpt lat="9.002716" lon="-79.577956">
        <time>2026-08-13T10:35:49Z</time>
      </trkpt>
      <trkpt lat="9.002699" lon="-79.577935">
        <time>2026-08-13T10:35:50Z</time>
      </trkpt>
      <trkpt lat="9.002683" lon="-79.577918">
        <time>2026-08-13T10:35:51Z</time>
      </trkpt>
      <trkpt lat="9.002667" lon="-79.577904">
        <time>2026-08-13T10:35:52Z</time>
      </trkpt>
      <trkpt lat="9.002651" lon="-79.577887">
        <time>2026-08-13T10:35:53Z</time>
      </trkpt>
      <trkpt lat="9.002633" lon="-79.577871">
        <time>2026-08-13T10:35:54Z</time>
      </trkpt>
      <trkpt lat="9.002615" lon="-79.577856">
        <time>2026-08-13T10:35:55Z</time>
      </trkpt>
      <trkpt lat="9.002600" lon="-79.577842">
        <time>2026-08-13T10:35:56Z</time>
      </trkpt>
      <trkpt lat="9.002581" lon="-79.577829">
        <time>2026-08-13T10:35:57Z</time>
      </trkpt>
      <trkpt lat="9.002562" lon="-79.577816">
        <time>2026-08-13T10:35:58Z</time>
      </trkpt>
      <trkpt lat="9.002544" lon="-79.577804">
        <time>2026-08-13T10:35:59Z</time>
      </trkpt>
      <trkpt lat="9.002527" lon="-79.577790">
        <time>2026-08-13T10:36:00Z</time>
      </trkpt>
      <trkpt lat="9.002510" lon="-79.577776">
        <time>2026-08-13T10:36:01Z</time>
      </trkpt>
      <trkpt lat="9.002495" lon="-79.577762">
        <time>2026-08-13T10:36:02Z</time>
      </trkpt>
      <trkpt lat="9.002477" lon="-79.577749">
        <time>2026-08-13T10:36:03Z</time>
      </trkpt>
      <trkpt lat="9.002459" lon="-79.577738">
        <time>2026-08-13T10:36:04Z</time>
      </trkpt>
      <trkpt lat="9.002441" lon="-79.577725">
        <time>2026-08-13T10:36:05Z</time>
      </trkpt>
      <trkpt lat="9.002425" lon="-79.577708">
        <time>2026-08-13T10:36:06Z</time>
      </trkpt>
      <trkpt lat="9.002410" lon="-79.577690">
        <time>2026-08-13T10:36:07Z</time>
      </trkpt>
      <trkpt lat="9.002396" lon="-79.577677">
        <time>2026-08-13T10:36:08Z</time>
      </trkpt>
      <trkpt lat="9.002379" lon="-79.577661">
        <time>2026-08-13T10:36:09Z</time>
      </trkpt>
      <trkpt lat="9.002363" lon="-79.577645">
        <time>2026-08-13T10:36:10Z</time>
      </trkpt>
      <trkpt lat="9.002347" lon="-79.577632">
        <time>2026-08-13T10:36:11Z</time>
      </trkpt>
      <trkpt lat="9.002329" lon="-79.577617">
        <time>2026-08-13T10:36:12Z</time>
      </trkpt>
      <trkpt lat="9.002312" lon="-79.577602">
        <time>2026-08-13T10:36:13Z</time>
      </trkpt>
      <trkpt lat="9.002295" lon="-79.577585">
        <time>2026-08-13T10:36:14Z</time>
      </trkpt>
      <trkpt lat="9.002278" lon="-79.577570">
        <time>2026-08-13T10:36:15Z</time>
      </trkpt>
      <trkpt lat="9.002261" lon="-79.577557">
        <time>2026-08-13T10:36:16Z</time>
      </trkpt>
      <trkpt lat="9.002244" lon="-79.577542">
        <time>2026-08-13T10:36:17Z</time>
      </trkpt>
      <trkpt lat="9.002226" lon="-79.577529">
        <time>2026-08-13T10:36:18Z</time>
      </trkpt>
      <trkpt lat="9.002210" lon="-79.577515">
        <time>2026-08-13T10:36:19Z</time>
      </trkpt>
      <trkpt lat="9.002191" lon="-79.577500">
        <time>2026-08-13T10:36:20Z</time>
      </trkpt>
      <trkpt lat="9.002169" lon="-79.577488">
        <time>2026-08-13T10:36:21Z</time>
      </trkpt>
      <trkpt lat="9.002151" lon="-79.577476">
        <time>2026-08-13T10:36:22Z</time>
      </trkpt>
      <trkpt lat="9.002133" lon="-79.577460">
        <time>2026-08-13T10:36:23Z</time>
      </trkpt>
      <trkpt lat="9.002111" lon="-79.577448">
        <time>2026-08-13T10:36:24Z</time>
      </trkpt>
      <trkpt lat="9.002092" lon="-79.577436">
        <time>2026-08-13T10:36:25Z</time>
      </trkpt>
      <trkpt lat="9.002073" lon="-79.577425">
        <time>2026-08-13T10:36:26Z</time>
      </trkpt>
      <trkpt lat="9.002054" lon="-79.577413">
        <time>2026-08-13T10:36:27Z</time>
      </trkpt>
      <trkpt lat="9.002034" lon="-79.577405">
        <time>2026-08-13T10:36:28Z</time>
      </trkpt>
      <trkpt lat="9.002015" lon="-79.577394">
        <time>2026-08-13T10:36:29Z</time>
      </trkpt>
      <trkpt lat="9.001995" lon="-79.577382">
        <time>2026-08-13T10:36:30Z</time>
      </trkpt>
      <trkpt lat="9.001975" lon="-79.577372">
        <time>2026-08-13T10:36:31Z</time>
      </trkpt>
      <trkpt lat="9.001958" lon="-79.577360">
        <time>2026-08-13T10:36:32Z</time>
      </trkpt>
      <trkpt lat="9.001939" lon="-79.577347">
        <time>2026-08-13T10:36:33Z</time>
      </trkpt>
      <trkpt lat="9.001919" lon="-79.577336">
        <time>2026-08-13T10:36:34Z</time>
      </trkpt>
      <trkpt lat="9.001900" lon="-79.577322">
        <time>2026-08-13T10:36:35Z</time>
      </trkpt>
      <trkpt lat="9.001880" lon="-79.577308">
        <time>2026-08-13T10:36:36Z</time>
      </trkpt>
      <trkpt lat="9.001862" lon="-79.577296">
        <time>2026-08-13T10:36:37Z</time>
      </trkpt>
      <trkpt lat="9.001843" lon="-79.577284">
        <time>2026-08-13T10:36:38Z</time>
      </trkpt>
      <trkpt lat="9.001825" lon="-79.577269">
        <time>2026-08-13T10:36:39Z</time>
      </trkpt>
      <trkpt lat="9.001803" lon="-79.577261">
        <time>2026-08-13T10:36:40Z</time>
      </trkpt>
      <trkpt lat="9.001783" lon="-79.577250">
        <time>2026-08-13T10:36:41Z</time>
      </trkpt>
      <trkpt lat="9.001764" lon="-79.577235">
        <time>2026-08-13T10:36:42Z</time>
      </trkpt>
      <trkpt lat="9.001745" lon="-79.577223">
        <time>2026-08-13T10:36:43Z</time>
      </trkpt>
      <trkpt lat="9.001726" lon="-79.577212">
        <time>2026-08-13T10:36:44Z</time>
      </trkpt>
      <trkpt lat="9.001707" lon="-79.577201">
        <time>2026-08-13T10:36:45Z</time>
      </trkpt>
      <trkpt lat="9.001690" lon="-79.577192">
        <time>2026-08-13T10:36:46Z</time>
      </trkpt>
      <trkpt lat="9.001669" lon="-79.577179">
        <time>2026-08-13T10:36:47Z</time>
      </trkpt>
      <trkpt lat="9.001651" lon="-79.577166">
        <time>2026-08-13T10:36:48Z</time>
      </trkpt>
      <trkpt lat="9.001631" lon="-79.577155">
        <time>2026-08-13T10:36:49Z</time>
      </trkpt>
      <trkpt lat="9.001610" lon="-79.577141">
        <time>2026-08-13T10:36:50Z</time>
      </trkpt>
      <trkpt lat="9.001591" lon="-79.577128">
        <time>2026-08-13T10:36:51Z</time>
      </trkpt>
      <trkpt lat="9.001573" lon="-79.577115">
        <time>2026-08-13T10:36:52Z</time>
      </trkpt>
      <trkpt lat="9.001553" lon="-79.577103">
        <time>2026-08-13T10:36:53Z</time>
      </trkpt>
      <trkpt lat="9.001534" lon="-79.577092">
        <time>2026-08-13T10:36:54Z</time>
      </trkpt>
      <trkpt lat="9.001510" lon="-79.577078">
        <time>2026-08-13T10:36:55Z</time>
      </trkpt>
      <trkpt lat="9.001486" lon="-79.577065">
        <time>2026-08-13T10:36:56Z</time>
      </trkpt>
      <trkpt lat="9.001463" lon="-79.577053">
        <time>2026-08-13T10:36:57Z</time>
      </trkpt>
      <trkpt lat="9.001441" lon="-79.577043">
        <time>2026-08-13T10:36:58Z</time>
      </trkpt>
      <trkpt lat="9.001417" lon="-79.577035">
        <time>2026-08-13T10:36:59Z</time>
      </trkpt>
      <trkpt lat="9.001399" lon="-79.577027">
        <time>2026-08-13T10:37:00Z</time>
      </trkpt>
      <trkpt lat="9.001377" lon="-79.577018">
        <time>2026-08-13T10:37:01Z</time>
      </trkpt>
      <trkpt lat="9.001355" lon="-79.577008">
        <time>2026-08-13T10:37:02Z</time>
      </trkpt>
      <trkpt lat="9.001336" lon="-79.576999">
        <time>2026-08-13T10:37:03Z</time>
      </trkpt>
      <trkpt lat="9.001315" lon="-79.576992">
        <time>2026-08-13T10:37:04Z</time>
      </trkpt>
      <trkpt lat="9.001293" lon="-79.576985">
        <time>2026-08-13T10:37:05Z</time>
      </trkpt>
      <trkpt lat="9.001273" lon="-79.576978">
        <time>2026-08-13T10:37:06Z</time>
      </trkpt>
      <trkpt lat="9.001250" lon="-79.576970">
        <time>2026-08-13T10:37:07Z</time>
      </trkpt>
      <trkpt lat="9.001226" lon="-79.576965">
        <time>2026-08-13T10:37:08Z</time>
      </trkpt>
      <trkpt lat="9.001203" lon="-79.576961">
        <time>2026-08-13T10:37:09Z</time>
      </trkpt>
      <trkpt lat="9.001179" lon="-79.576953">
        <time>2026-08-13T10:37:10Z</time>
      </trkpt>
      <trkpt lat="9.001156" lon="-79.576948">
        <time>2026-08-13T10:37:11Z</time>
      </trkpt>
      <trkpt lat="9.001135" lon="-79.576946">
        <time>2026-08-13T10:37:12Z</time>
      </trkpt>
      <trkpt lat="9.001111" lon="-79.576942">
        <time>2026-08-13T10:37:13Z</time>
      </trkpt>
      <trkpt lat="9.001085" lon="-79.576936">
        <time>2026-08-13T10:37:14Z</time>
      </trkpt>
      <trkpt lat="9.001065" lon="-79.576935">
        <time>2026-08-13T10:37:15Z</time>
      </trkpt>
      <trkpt lat="9.001039" lon="-79.576932">
        <time>2026-08-13T10:37:16Z</time>
      </trkpt>
      <trkpt lat="9.001013" lon="-79.576927">
        <time>2026-08-13T10:37:17Z</time>
      </trkpt>
      <trkpt lat="9.000988" lon="-79.576926">
        <time>2026-08-13T10:37:18Z</time>
      </trkpt>
      <trkpt lat="9.000968" lon="-79.576924">
        <time>2026-08-13T10:37:19Z</time>
      </trkpt>
      <trkpt lat="9.000945" lon="-79.576921">
        <time>2026-08-13T10:37:20Z</time>
      </trkpt>
      <trkpt lat="9.000924" lon="-79.576920">
        <time>2026-08-13T10:37:21Z</time>
      </trkpt>
      <trkpt lat="9.000905" lon="-79.576917">
        <time>2026-08-13T10:37:22Z</time>
      </trkpt>
      <trkpt lat="9.000884" lon="-79.576913">
        <time>2026-08-13T10:37:23Z</time>
      </trkpt>
      <trkpt lat="9.000864" lon="-79.576910">
        <time>2026-08-13T10:37:24Z</time>
      </trkpt>
      <trkpt lat="9.000840" lon="-79.576906">
        <time>2026-08-13T10:37:25Z</time>
      </trkpt>
      <trkpt lat="9.000817" lon="-79.576904">
        <time>2026-08-13T10:37:26Z</time>
      </trkpt>
      <trkpt lat="9.000796" lon="-79.576902">
        <time>2026-08-13T10:37:27Z</time>
      </trkpt>
      <trkpt lat="9.000775" lon="-79.576903">
        <time>2026-08-13T10:37:28Z</time>
      </trkpt>
      <trkpt lat="9.000751" lon="-79.576899">
        <time>2026-08-13T10:37:29Z</time>
      </trkpt>
      <trkpt lat="9.000727" lon="-79.576899">
        <time>2026-08-13T10:37:30Z</time>
      </trkpt>
      <trkpt lat="9.000702" lon="-79.576902">
        <time>2026-08-13T10:37:31Z</time>
      </trkpt>
      <trkpt lat="9.000678" lon="-79.576899">
        <time>2026-08-13T10:37:32Z</time>
      </trkpt>
      <trkpt lat="9.000655" lon="-79.576898">
        <time>2026-08-13T10:37:33Z</time>
      </trkpt>
      <trkpt lat="9.000628" lon="-79.576901">
        <time>2026-08-13T10:37:34Z</time>
      </trkpt>
      <trkpt lat="9.000603" lon="-79.576903">
        <time>2026-08-13T10:37:35Z</time>
      </trkpt>
      <trkpt lat="9.000575" lon="-79.576907">
        <time>2026-08-13T10:37:36Z</time>
      </trkpt>
      <trkpt lat="9.000550" lon="-79.576913">
        <time>2026-08-13T10:37:37Z</time>
      </trkpt>
      <trkpt lat="9.000526" lon="-79.576921">
        <time>2026-08-13T10:37:38Z</time>
      </trkpt>
      <trkpt lat="9.000505" lon="-79.576942">
        <time>2026-08-13T10:37:39Z</time>
      </trkpt>
      <trkpt lat="9.000478" lon="-79.576954">
        <time>2026-08-13T10:37:40Z</time>
      </trkpt>
      <trkpt lat="9.000456" lon="-79.576963">
        <time>2026-08-13T10:37:41Z</time>
      </trkpt>
      <trkpt lat="9.000435" lon="-79.576976">
        <time>2026-08-13T10:37:42Z</time>
      </trkpt>
      <trkpt lat="9.000417" lon="-79.576987">
        <time>2026-08-13T10:37:43Z</time>
      </trkpt>
      <trkpt lat="9.000401" lon="-79.576993">
        <time>2026-08-13T10:37:44Z</time>
      </trkpt>
      <trkpt lat="9.000381" lon="-79.577001">
        <time>2026-08-13T10:37:45Z</time>
      </trkpt>
      <trkpt lat="9.000363" lon="-79.577009">
        <time>2026-08-13T10:37:46Z</time>
      </trkpt>
      <trkpt lat="9.000342" lon="-79.577016">
        <time>2026-08-13T10:37:47Z</time>
      </trkpt>
      <trkpt lat="9.000322" lon="-79.577024">
        <time>2026-08-13T10:37:48Z</time>
      </trkpt>
      <trkpt lat="9.000304" lon="-79.577032">
        <time>2026-08-13T10:37:49Z</time>
      </trkpt>
      <trkpt lat="9.000282" lon="-79.577040">
        <time>2026-08-13T10:37:50Z</time>
      </trkpt>
      <trkpt lat="9.000261" lon="-79.577050">
        <time>2026-08-13T10:37:51Z</time>
      </trkpt>
      <trkpt lat="9.000244" lon="-79.577054">
        <time>2026-08-13T10:37:52Z</time>
      </trkpt>
      <trkpt lat="9.000225" lon="-79.577064">
        <time>2026-08-13T10:37:53Z</time>
      </trkpt>
      <trkpt lat="9.000209" lon="-79.577074">
        <time>2026-08-13T10:37:54Z</time>
      </trkpt>
      <trkpt lat="9.000192" lon="-79.577083">
        <time>2026-08-13T10:37:55Z</time>
      </trkpt>
      <trkpt lat="9.000173" lon="-79.577093">
        <time>2026-08-13T10:37:56Z</time>
      </trkpt>
      <trkpt lat="9.000155" lon="-79.577104">
        <time>2026-08-13T10:37:57Z</time>
      </trkpt>
      <trkpt lat="9.000138" lon="-79.577113">
        <time>2026-08-13T10:37:58Z</time>
      </trkpt>
      <trkpt lat="9.000120" lon="-79.577124">
        <time>2026-08-13T10:37:59Z</time>
      </trkpt>
      <trkpt lat="9.000103" lon="-79.577138">
        <time>2026-08-13T10:38:00Z</time>
      </trkpt>
      <trkpt lat="9.000084" lon="-79.577151">
        <time>2026-08-13T10:38:01Z</time>
      </trkpt>
      <trkpt lat="9.000066" lon="-79.577167">
        <time>2026-08-13T10:38:02Z</time>
      </trkpt>
      <trkpt lat="9.000047" lon="-79.577182">
        <time>2026-08-13T10:38:03Z</time>
      </trkpt>
      <trkpt lat="9.000028" lon="-79.577198">
        <time>2026-08-13T10:38:04Z</time>
      </trkpt>
      <trkpt lat="9.000010" lon="-79.577213">
        <time>2026-08-13T10:38:05Z</time>
      </trkpt>
      <trkpt lat="8.999990" lon="-79.577227">
        <time>2026-08-13T10:38:06Z</time>
      </trkpt>
      <trkpt lat="8.999969" lon="-79.577240">
        <time>2026-08-13T10:38:07Z</time>
      </trkpt>
      <trkpt lat="8.999953" lon="-79.577251">
        <time>2026-08-13T10:38:08Z</time>
      </trkpt>
      <trkpt lat="8.999935" lon="-79.577265">
        <time>2026-08-13T10:38:09Z</time>
      </trkpt>
      <trkpt lat="8.999918" lon="-79.577281">
        <time>2026-08-13T10:38:10Z</time>
      </trkpt>
      <trkpt lat="8.999902" lon="-79.577294">
        <time>2026-08-13T10:38:11Z</time>
      </trkpt>
      <trkpt lat="8.999880" lon="-79.577309">
        <time>2026-08-13T10:38:12Z</time>
      </trkpt>
      <trkpt lat="8.999864" lon="-79.577325">
        <time>2026-08-13T10:38:13Z</time>
      </trkpt>
      <trkpt lat="8.999847" lon="-79.577337">
        <time>2026-08-13T10:38:14Z</time>
      </trkpt>
      <trkpt lat="8.999829" lon="-79.577350">
        <time>2026-08-13T10:38:15Z</time>
      </trkpt>
      <trkpt lat="8.999810" lon="-79.577363">
        <time>2026-08-13T10:38:16Z</time>
      </trkpt>
      <trkpt lat="8.999792" lon="-79.577380">
        <time>2026-08-13T10:38:17Z</time>
      </trkpt>
      <trkpt lat="8.999773" lon="-79.577395">
        <time>2026-08-13T10:38:18Z</time>
      </trkpt>
      <trkpt lat="8.999754" lon="-79.577410">
        <time>2026-08-13T10:38:19Z</time>
      </trkpt>
      <trkpt lat="8.999735" lon="-79.577425">
        <time>2026-08-13T10:38:20Z</time>
      </trkpt>
      <trkpt lat="8.999717" lon="-79.577441">
        <time>2026-08-13T10:38:21Z</time>
      </trkpt>
      <trkpt lat="8.999698" lon="-79.577454">
        <time>2026-08-13T10:38:22Z</time>
      </trkpt>
      <trkpt lat="8.999677" lon="-79.577468">
        <time>2026-08-13T10:38:23Z</time>
      </trkpt>
      <trkpt lat="8.999658" lon="-79.577484">
        <time>2026-08-13T10:38:24Z</time>
      </trkpt>
      <trkpt lat="8.999639" lon="-79.577498">
        <time>2026-08-13T10:38:25Z</time>
      </trkpt>
      <trkpt lat="8.999621" lon="-79.577512">
        <time>2026-08-13T10:38:26Z</time>
      </trkpt>
      <trkpt lat="8.999604" lon="-79.577521">
        <time>2026-08-13T10:38:27Z</time>
      </trkpt>
      <trkpt lat="8.999587" lon="-79.577532">
        <time>2026-08-13T10:38:28Z</time>
      </trkpt>
      <trkpt lat="8.999568" lon="-79.577548">
        <time>2026-08-13T10:38:29Z</time>
      </trkpt>
      <trkpt lat="8.999550" lon="-79.577562">
        <time>2026-08-13T10:38:30Z</time>
      </trkpt>
      <trkpt lat="8.999533" lon="-79.577574">
        <time>2026-08-13T10:38:31Z</time>
      </trkpt>
      <trkpt lat="8.999515" lon="-79.577589">
        <time>2026-08-13T10:38:32Z</time>
      </trkpt>
      <trkpt lat="8.999498" lon="-79.577601">
        <time>2026-08-13T10:38:33Z</time>
      </trkpt>
      <trkpt lat="8.999479" lon="-79.577613">
        <time>2026-08-13T10:38:34Z</time>
      </trkpt>
      <trkpt lat="8.999460" lon="-79.577629">
        <time>2026-08-13T10:38:35Z</time>
      </trkpt>
      <trkpt lat="8.999443" lon="-79.577643">
        <time>2026-08-13T10:38:36Z</time>
      </trkpt>
      <trkpt lat="8.999425" lon="-79.577658">
        <time>2026-08-13T10:38:37Z</time>
      </trkpt>
      <trkpt lat="8.999406" lon="-79.577674">
        <time>2026-08-13T10:38:38Z</time>
      </trkpt>
      <trkpt lat="8.999389" lon="-79.577688">
        <time>2026-08-13T10:38:39Z</time>
      </trkpt>
      <trkpt lat="8.999369" lon="-79.577702">
        <time>2026-08-13T10:38:40Z</time>
      </trkpt>
      <trkpt lat="8.999356" lon="-79.577715">
        <time>2026-08-13T10:38:41Z</time>
      </trkpt>
      <trkpt lat="8.999340" lon="-79.577728">
        <time>2026-08-13T10:38:42Z</time>
      </trkpt>
      <trkpt lat="8.999322" lon="-79.577741">
        <time>2026-08-13T10:38:43Z</time>
      </trkpt>
      <trkpt lat="8.999304" lon="-79.577755">
        <time>2026-08-13T10:38:44Z</time>
      </trkpt>
      <trkpt lat="8.999287" lon="-79.577769">
        <time>2026-08-13T10:38:45Z</time>
      </trkpt>
      <trkpt lat="8.999269" lon="-79.577784">
        <time>2026-08-13T10:38:46Z</time>
      </trkpt>
      <trkpt lat="8.999251" lon="-79.577797">
        <time>2026-08-13T10:38:47Z</time>
      </trkpt>
      <trkpt lat="8.999231" lon="-79.577810">
        <time>2026-08-13T10:38:48Z</time>
      </trkpt>
      <trkpt lat="8.999211" lon="-79.577825">
        <time>2026-08-13T10:38:49Z</time>
      </trkpt>
      <trkpt lat="8.999192" lon="-79.577837">
        <time>2026-08-13T10:38:50Z</time>
      </trkpt>
      <trkpt lat="8.999171" lon="-79.577852">
        <time>2026-08-13T10:38:51Z</time>
      </trkpt>
      <trkpt lat="8.999154" lon="-79.577865">
        <time>2026-08-13T10:38:52Z</time>
      </trkpt>
      <trkpt lat="8.999136" lon="-79.577879">
        <time>2026-08-13T10:38:53Z</time>
      </trkpt>
      <trkpt lat="8.999118" lon="-79.577895">
        <time>2026-08-13T10:38:54Z</time>
      </trkpt>
      <trkpt lat="8.999099" lon="-79.577908">
        <time>2026-08-13T10:38:55Z</time>
      </trkpt>
      <trkpt lat="8.999080" lon="-79.577922">
        <time>2026-08-13T10:38:56Z</time>
      </trkpt>
      <trkpt lat="8.999060" lon="-79.577937">
        <time>2026-08-13T10:38:57Z</time>
      </trkpt>
      <trkpt lat="8.999040" lon="-79.577950">
        <time>2026-08-13T10:38:58Z</time>
      </trkpt>
      <trkpt lat="8.999021" lon="-79.577962">
        <time>2026-08-13T10:38:59Z</time>
      </trkpt>
      <trkpt lat="8.999002" lon="-79.577975">
        <time>2026-08-13T10:39:00Z</time>
      </trkpt>
      <trkpt lat="8.998983" lon="-79.577989">
        <time>2026-08-13T10:39:01Z</time>
      </trkpt>
      <trkpt lat="8.998963" lon="-79.578005">
        <time>2026-08-13T10:39:02Z</time>
      </trkpt>
      <trkpt lat="8.998944" lon="-79.578019">
        <time>2026-08-13T10:39:03Z</time>
      </trkpt>
      <trkpt lat="8.998927" lon="-79.578031">
        <time>2026-08-13T10:39:04Z</time>
      </trkpt>
      <trkpt lat="8.998908" lon="-79.578045">
        <time>2026-08-13T10:39:05Z</time>
      </trkpt>
      <trkpt lat="8.998892" lon="-79.578059">
        <time>2026-08-13T10:39:06Z</time>
      </trkpt>
      <trkpt lat="8.998874" lon="-79.578072">
        <time>2026-08-13T10:39:07Z</time>
      </trkpt>
      <trkpt lat="8.998853" lon="-79.578086">
        <time>2026-08-13T10:39:08Z</time>
      </trkpt>
      <trkpt lat="8.998839" lon="-79.578100">
        <time>2026-08-13T10:39:09Z</time>
      </trkpt>
      <trkpt lat="8.998822" lon="-79.578111">
        <time>2026-08-13T10:39:10Z</time>
      </trkpt>
      <trkpt lat="8.998801" lon="-79.578125">
        <time>2026-08-13T10:39:11Z</time>
      </trkpt>
      <trkpt lat="8.998782" lon="-79.578139">
        <time>2026-08-13T10:39:12Z</time>
      </trkpt>
      <trkpt lat="8.998762" lon="-79.578150">
        <time>2026-08-13T10:39:13Z</time>
      </trkpt>
      <trkpt lat="8.998743" lon="-79.578162">
        <time>2026-08-13T10:39:14Z</time>
      </trkpt>
      <trkpt lat="8.998724" lon="-79.578175">
        <time>2026-08-13T10:39:15Z</time>
      </trkpt>
      <trkpt lat="8.998706" lon="-79.578190">
        <time>2026-08-13T10:39:16Z</time>
      </trkpt>
      <trkpt lat="8.998686" lon="-79.578203">
        <time>2026-08-13T10:39:17Z</time>
      </trkpt>
      <trkpt lat="8.998667" lon="-79.578216">
        <time>2026-08-13T10:39:18Z</time>
      </trkpt>
      <trkpt lat="8.998647" lon="-79.578232">
        <time>2026-08-13T10:39:19Z</time>
      </trkpt>
      <trkpt lat="8.998629" lon="-79.578247">
        <time>2026-08-13T10:39:20Z</time>
      </trkpt>
      <trkpt lat="8.998611" lon="-79.578262">
        <time>2026-08-13T10:39:21Z</time>
      </trkpt>
      <trkpt lat="8.998591" lon="-79.578276">
        <time>2026-08-13T10:39:22Z</time>
      </trkpt>
      <trkpt lat="8.998572" lon="-79.578288">
        <time>2026-08-13T10:39:23Z</time>
      </trkpt>
      <trkpt lat="8.998552" lon="-79.578302">
        <time>2026-08-13T10:39:24Z</time>
      </trkpt>
      <trkpt lat="8.998532" lon="-79.578313">
        <time>2026-08-13T10:39:25Z</time>
      </trkpt>
      <trkpt lat="8.998512" lon="-79.578323">
        <time>2026-08-13T10:39:26Z</time>
      </trkpt>
      <trkpt lat="8.998493" lon="-79.578336">
        <time>2026-08-13T10:39:27Z</time>
      </trkpt>
      <trkpt lat="8.998474" lon="-79.578344">
        <time>2026-08-13T10:39:28Z</time>
      </trkpt>
      <trkpt lat="8.998453" lon="-79.578352">
        <time>2026-08-13T10:39:29Z</time>
      </trkpt>
      <trkpt lat="8.998431" lon="-79.578362">
        <time>2026-08-13T10:39:30Z</time>
      </trkpt>
      <trkpt lat="8.998410" lon="-79.578370">
        <time>2026-08-13T10:39:31Z</time>
      </trkpt>
      <trkpt lat="8.998389" lon="-79.578376">
        <time>2026-08-13T10:39:32Z</time>
      </trkpt>
      <trkpt lat="8.998365" lon="-79.578381">
        <time>2026-08-13T10:39:33Z</time>
      </trkpt>
      <trkpt lat="8.998341" lon="-79.578388">
        <time>2026-08-13T10:39:34Z</time>
      </trkpt>
      <trkpt lat="8.998318" lon="-79.578394">
        <time>2026-08-13T10:39:35Z</time>
      </trkpt>
      <trkpt lat="8.998296" lon="-79.578399">
        <time>2026-08-13T10:39:36Z</time>
      </trkpt>
      <trkpt lat="8.998273" lon="-79.578404">
        <time>2026-08-13T10:39:37Z</time>
      </trkpt>
      <trkpt lat="8.998251" lon="-79.578408">
        <time>2026-08-13T10:39:38Z</time>
      </trkpt>
      <trkpt lat="8.998229" lon="-79.578411">
        <time>2026-08-13T10:39:39Z</time>
      </trkpt>
      <trkpt lat="8.998204" lon="-79.578412">
        <time>2026-08-13T10:39:40Z</time>
      </trkpt>
      <trkpt lat="8.998181" lon="-79.578414">
        <time>2026-08-13T10:39:41Z</time>
      </trkpt>
      <trkpt lat="8.998158" lon="-79.578420">
        <time>2026-08-13T10:39:42Z</time>
      </trkpt>
      <trkpt lat="8.998132" lon="-79.578422">
        <time>2026-08-13T10:39:43Z</time>
      </trkpt>
      <trkpt lat="8.998108" lon="-79.578428">
        <time>2026-08-13T10:39:44Z</time>
      </trkpt>
      <trkpt lat="8.998085" lon="-79.578429">
        <time>2026-08-13T10:39:45Z</time>
      </trkpt>
      <trkpt lat="8.998061" lon="-79.578432">
        <time>2026-08-13T10:39:46Z</time>
      </trkpt>
      <trkpt lat="8.998038" lon="-79.578434">
        <time>2026-08-13T10:39:47Z</time>
      </trkpt>
      <trkpt lat="8.998015" lon="-79.578438">
        <time>2026-08-13T10:39:48Z</time>
      </trkpt>
      <trkpt lat="8.997989" lon="-79.578445">
        <time>2026-08-13T10:39:49Z</time>
      </trkpt>
      <trkpt lat="8.997966" lon="-79.578454">
        <time>2026-08-13T10:39:50Z</time>
      </trkpt>
      <trkpt lat="8.997941" lon="-79.578464">
        <time>2026-08-13T10:39:51Z</time>
      </trkpt>
      <trkpt lat="8.997920" lon="-79.578481">
        <time>2026-08-13T10:39:52Z</time>
      </trkpt>
      <trkpt lat="8.997901" lon="-79.578500">
        <time>2026-08-13T10:39:53Z</time>
      </trkpt>
      <trkpt lat="8.997888" lon="-79.578524">
        <time>2026-08-13T10:39:54Z</time>
      </trkpt>
      <trkpt lat="8.997880" lon="-79.578553">
        <time>2026-08-13T10:39:55Z</time>
      </trkpt>
      <trkpt lat="8.997871" lon="-79.578582">
        <time>2026-08-13T10:39:56Z</time>
      </trkpt>
      <trkpt lat="8.997872" lon="-79.578612">
        <time>2026-08-13T10:39:57Z</time>
      </trkpt>
      <trkpt lat="8.997872" lon="-79.578640">
        <time>2026-08-13T10:39:58Z</time>
      </trkpt>
      <trkpt lat="8.997873" lon="-79.578668">
        <time>2026-08-13T10:39:59Z</time>
      </trkpt>
      <trkpt lat="8.997875" lon="-79.578692">
        <time>2026-08-13T10:40:00Z</time>
      </trkpt>
      <trkpt lat="8.997875" lon="-79.578714">
        <time>2026-08-13T10:40:01Z</time>
      </trkpt>
      <trkpt lat="8.997878" lon="-79.578742">
        <time>2026-08-13T10:40:02Z</time>
      </trkpt>
      <trkpt lat="8.997881" lon="-79.578768">
        <time>2026-08-13T10:40:03Z</time>
      </trkpt>
      <trkpt lat="8.997885" lon="-79.578792">
        <time>2026-08-13T10:40:04Z</time>
      </trkpt>
      <trkpt lat="8.997894" lon="-79.578812">
        <time>2026-08-13T10:40:05Z</time>
      </trkpt>
      <trkpt lat="8.997900" lon="-79.578835">
        <time>2026-08-13T10:40:06Z</time>
      </trkpt>
      <trkpt lat="8.997908" lon="-79.578859">
        <time>2026-08-13T10:40:07Z</time>
      </trkpt>
      <trkpt lat="8.997914" lon="-79.578885">
        <time>2026-08-13T10:40:08Z</time>
      </trkpt>
      <trkpt lat="8.997920" lon="-79.578907">
        <time>2026-08-13T10:40:09Z</time>
      </trkpt>
      <trkpt lat="8.997927" lon="-79.578930">
        <time>2026-08-13T10:40:10Z</time>
      </trkpt>
      <trkpt lat="8.997933" lon="-79.578954">
        <time>2026-08-13T10:40:11Z</time>
      </trkpt>
      <trkpt lat="8.997942" lon="-79.578976">
        <time>2026-08-13T10:40:12Z</time>
      </trkpt>
      <trkpt lat="8.997948" lon="-79.578998">
        <time>2026-08-13T10:40:13Z</time>
      </trkpt>
      <trkpt lat="8.997955" lon="-79.579019">
        <time>2026-08-13T10:40:14Z</time>
      </trkpt>
      <trkpt lat="8.997960" lon="-79.579040">
        <time>2026-08-13T10:40:15Z</time>
      </trkpt>
      <trkpt lat="8.997968" lon="-79.579065">
        <time>2026-08-13T10:40:16Z</time>
      </trkpt>
      <trkpt lat="8.997973" lon="-79.579087">
        <time>2026-08-13T10:40:17Z</time>
      </trkpt>
      <trkpt lat="8.997980" lon="-79.579112">
        <time>2026-08-13T10:40:18Z</time>
      </trkpt>
      <trkpt lat="8.997987" lon="-79.579135">
        <time>2026-08-13T10:40:19Z</time>
      </trkpt>
      <trkpt lat="8.997994" lon="-79.579154">
        <time>2026-08-13T10:40:20Z</time>
      </trkpt>
      <trkpt lat="8.998005" lon="-79.579178">
        <time>2026-08-13T10:40:21Z</time>
      </trkpt>
      <trkpt lat="8.998017" lon="-79.579197">
        <time>2026-08-13T10:40:22Z</time>
      </trkpt>
      <trkpt lat="8.998029" lon="-79.579216">
        <time>2026-08-13T10:40:23Z</time>
      </trkpt>
      <trkpt lat="8.998044" lon="-79.579236">
        <time>2026-08-13T10:40:24Z</time>
      </trkpt>
      <trkpt lat="8.998056" lon="-79.579258">
        <time>2026-08-13T10:40:25Z</time>
      </trkpt>
      <trkpt lat="8.998067" lon="-79.579280">
        <time>2026-08-13T10:40:26Z</time>
      </trkpt>
      <trkpt lat="8.998080" lon="-79.579299">
        <time>2026-08-13T10:40:27Z</time>
      </trkpt>
      <trkpt lat="8.998092" lon="-79.579318">
        <time>2026-08-13T10:40:28Z</time>
      </trkpt>
      <trkpt lat="8.998105" lon="-79.579339">
        <time>2026-08-13T10:40:29Z</time>
      </trkpt>
      <trkpt lat="8.998119" lon="-79.579357">
        <time>2026-08-13T10:40:30Z</time>
      </trkpt>
      <trkpt lat="8.998133" lon="-79.579375">
        <time>2026-08-13T10:40:31Z</time>
      </trkpt>
      <trkpt lat="8.998149" lon="-79.579396">
        <time>2026-08-13T10:40:32Z</time>
      </trkpt>
      <trkpt lat="8.998163" lon="-79.579418">
        <time>2026-08-13T10:40:33Z</time>
      </trkpt>
      <trkpt lat="8.998179" lon="-79.579440">
        <time>2026-08-13T10:40:34Z</time>
      </trkpt>
      <trkpt lat="8.998195" lon="-79.579461">
        <time>2026-08-13T10:40:35Z</time>
      </trkpt>
      <trkpt lat="8.998213" lon="-79.579483">
        <time>2026-08-13T10:40:36Z</time>
      </trkpt>
      <trkpt lat="8.998228" lon="-79.579503">
        <time>2026-08-13T10:40:37Z</time>
      </trkpt>
      <trkpt lat="8.998242" lon="-79.579525">
        <time>2026-08-13T10:40:38Z</time>
      </trkpt>
      <trkpt lat="8.998265" lon="-79.579540">
        <time>2026-08-13T10:40:39Z</time>
      </trkpt>
      <trkpt lat="8.998281" lon="-79.579556">
        <time>2026-08-13T10:40:40Z</time>
      </trkpt>
      <trkpt lat="8.998303" lon="-79.579570">
        <time>2026-08-13T10:40:41Z</time>
      </trkpt>
      <trkpt lat="8.998329" lon="-79.579576">
        <time>2026-08-13T10:40:42Z</time>
      </trkpt>
      <trkpt lat="8.998354" lon="-79.579582">
        <time>2026-08-13T10:40:43Z</time>
      </trkpt>
      <trkpt lat="8.998379" lon="-79.579583">
        <time>2026-08-13T10:40:44Z</time>
      </trkpt>
      <trkpt lat="8.998405" lon="-79.579576">
        <time>2026-08-13T10:40:45Z</time>
      </trkpt>
      <trkpt lat="8.998433" lon="-79.579572">
        <time>2026-08-13T10:40:46Z</time>
      </trkpt>
      <trkpt lat="8.998460" lon="-79.579563">
        <time>2026-08-13T10:40:47Z</time>
      </trkpt>
      <trkpt lat="8.998486" lon="-79.579553">
        <time>2026-08-13T10:40:48Z</time>
      </trkpt>
      <trkpt lat="8.998510" lon="-79.579543">
        <time>2026-08-13T10:40:49Z</time>
      </trkpt>
      <trkpt lat="8.998534" lon="-79.579522">
        <time>2026-08-13T10:40:50Z</time>
      </trkpt>
      <trkpt lat="8.998556" lon="-79.579505">
        <time>2026-08-13T10:40:51Z</time>
      </trkpt>
      <trkpt lat="8.998577" lon="-79.579481">
        <time>2026-08-13T10:40:52Z</time>
      </trkpt>
      <trkpt lat="8.998599" lon="-79.579455">
        <time>2026-08-13T10:40:53Z</time>
      </trkpt>
      <trkpt lat="8.998614" lon="-79.579433">
        <time>2026-08-13T10:40:54Z</time>
      </trkpt>
      <trkpt lat="8.998627" lon="-79.579408">
        <time>2026-08-13T10:40:55Z</time>
      </trkpt>
      <trkpt lat="8.998637" lon="-79.579385">
        <time>2026-08-13T10:40:56Z</time>
      </trkpt>
      <trkpt lat="8.998647" lon="-79.579362">
        <time>2026-08-13T10:40:57Z</time>
      </trkpt>
      <trkpt lat="8.998658" lon="-79.579338">
        <time>2026-08-13T10:40:58Z</time>
      </trkpt>
      <trkpt lat="8.998672" lon="-79.579319">
        <time>2026-08-13T10:40:59Z</time>
      </trkpt>
      <trkpt lat="8.998688" lon="-79.579301">
        <time>2026-08-13T10:41:00Z</time>
      </trkpt>
      <trkpt lat="8.998705" lon="-79.579281">
        <time>2026-08-13T10:41:01Z</time>
      </trkpt>
      <trkpt lat="8.998723" lon="-79.579265">
        <time>2026-08-13T10:41:02Z</time>
      </trkpt>
      <trkpt lat="8.998738" lon="-79.579251">
        <time>2026-08-13T10:41:03Z</time>
      </trkpt>
      <trkpt lat="8.998754" lon="-79.579236">
        <time>2026-08-13T10:41:04Z</time>
      </trkpt>
      <trkpt lat="8.998769" lon="-79.579224">
        <time>2026-08-13T10:41:05Z</time>
      </trkpt>
      <trkpt lat="8.998786" lon="-79.579214">
        <time>2026-08-13T10:41:06Z</time>
      </trkpt>
      <trkpt lat="8.998804" lon="-79.579209">
        <time>2026-08-13T10:41:07Z</time>
      </trkpt>
      <trkpt lat="8.998818" lon="-79.579216">
        <time>2026-08-13T10:41:08Z</time>
      </trkpt>
      <trkpt lat="8.998834" lon="-79.579226">
        <time>2026-08-13T10:41:09Z</time>
      </trkpt>
      <trkpt lat="8.998849" lon="-79.579241">
        <time>2026-08-13T10:41:10Z</time>
      </trkpt>
      <trkpt lat="8.998868" lon="-79.579256">
        <time>2026-08-13T10:41:11Z</time>
      </trkpt>
      <trkpt lat="8.998888" lon="-79.579270">
        <time>2026-08-13T10:41:12Z</time>
      </trkpt>
      <trkpt lat="8.998907" lon="-79.579279">
        <time>2026-08-13T10:41:13Z</time>
      </trkpt>
      <trkpt lat="8.998934" lon="-79.579283">
        <time>2026-08-13T10:41:14Z</time>
      </trkpt>
      <trkpt lat="8.998958" lon="-79.579281">
        <time>2026-08-13T10:41:15Z</time>
      </trkpt>
      <trkpt lat="8.998980" lon="-79.579275">
        <time>2026-08-13T10:41:16Z</time>
      </trkpt>
      <trkpt lat="8.999003" lon="-79.579268">
        <time>2026-08-13T10:41:17Z</time>
      </trkpt>
      <trkpt lat="8.999024" lon="-79.579263">
        <time>2026-08-13T10:41:18Z</time>
      </trkpt>
      <trkpt lat="8.999049" lon="-79.579257">
        <time>2026-08-13T10:41:19Z</time>
      </trkpt>
      <trkpt lat="8.999071" lon="-79.579250">
        <time>2026-08-13T10:41:20Z</time>
      </trkpt>
      <trkpt lat="8.999093" lon="-79.579243">
        <time>2026-08-13T10:41:21Z</time>
      </trkpt>
      <trkpt lat="8.999119" lon="-79.579236">
        <time>2026-08-13T10:41:22Z</time>
      </trkpt>
      <trkpt lat="8.999142" lon="-79.579231">
        <time>2026-08-13T10:41:23Z</time>
      </trkpt>
      <trkpt lat="8.999164" lon="-79.579226">
        <time>2026-08-13T10:41:24Z</time>
      </trkpt>
      <trkpt lat="8.999189" lon="-79.579222">
        <time>2026-08-13T10:41:25Z</time>
      </trkpt>
      <trkpt lat="8.999210" lon="-79.579219">
        <time>2026-08-13T10:41:26Z</time>
      </trkpt>
      <trkpt lat="8.999236" lon="-79.579217">
        <time>2026-08-13T10:41:27Z</time>
      </trkpt>
      <trkpt lat="8.999257" lon="-79.579219">
        <time>2026-08-13T10:41:28Z</time>
      </trkpt>
      <trkpt lat="8.999278" lon="-79.579223">
        <time>2026-08-13T10:41:29Z</time>
      </trkpt>
      <trkpt lat="8.999302" lon="-79.579222">
        <time>2026-08-13T10:41:30Z</time>
      </trkpt>
      <trkpt lat="8.999323" lon="-79.579222">
        <time>2026-08-13T10:41:31Z</time>
      </trkpt>
      <trkpt lat="8.999346" lon="-79.579221">
        <time>2026-08-13T10:41:32Z</time>
      </trkpt>
      <trkpt lat="8.999374" lon="-79.579218">
        <time>2026-08-13T10:41:33Z</time>
      </trkpt>
      <trkpt lat="8.999395" lon="-79.579216">
        <time>2026-08-13T10:41:34Z</time>
      </trkpt>
      <trkpt lat="8.999420" lon="-79.579211">
        <time>2026-08-13T10:41:35Z</time>
      </trkpt>
      <trkpt lat="8.999440" lon="-79.579207">
        <time>2026-08-13T10:41:36Z</time>
      </trkpt>
      <trkpt lat="8.999463" lon="-79.579203">
        <time>2026-08-13T10:41:37Z</time>
      </trkpt>
      <trkpt lat="8.999487" lon="-79.579194">
        <time>2026-08-13T10:41:38Z</time>
      </trkpt>
      <trkpt lat="8.999508" lon="-79.579188">
        <time>2026-08-13T10:41:39Z</time>
      </trkpt>
      <trkpt lat="8.999530" lon="-79.579186">
        <time>2026-08-13T10:41:40Z</time>
      </trkpt>
      <trkpt lat="8.999554" lon="-79.579183">
        <time>2026-08-13T10:41:41Z</time>
      </trkpt>
      <trkpt lat="8.999575" lon="-79.579182">
        <time>2026-08-13T10:41:42Z</time>
      </trkpt>
      <trkpt lat="8.999598" lon="-79.579184">
        <time>2026-08-13T10:41:43Z</time>
      </trkpt>
      <trkpt lat="8.999623" lon="-79.579188">
        <time>2026-08-13T10:41:44Z</time>
      </trkpt>
      <trkpt lat="8.999643" lon="-79.579195">
        <time>2026-08-13T10:41:45Z</time>
      </trkpt>
      <trkpt lat="8.999664" lon="-79.579201">
        <time>2026-08-13T10:41:46Z</time>
      </trkpt>
      <trkpt lat="8.999685" lon="-79.579210">
        <time>2026-08-13T10:41:47Z</time>
      </trkpt>
      <trkpt lat="8.999704" lon="-79.579219">
        <time>2026-08-13T10:41:48Z</time>
      </trkpt>
      <trkpt lat="8.999722" lon="-79.579230">
        <time>2026-08-13T10:41:49Z</time>
      </trkpt>
      <trkpt lat="8.999742" lon="-79.579241">
        <time>2026-08-13T10:41:50Z</time>
      </trkpt>
      <trkpt lat="8.999756" lon="-79.579251">
        <time>2026-08-13T10:41:51Z</time>
      </trkpt>
      <trkpt lat="8.999775" lon="-79.579264">
        <time>2026-08-13T10:41:52Z</time>
      </trkpt>
      <trkpt lat="8.999796" lon="-79.579275">
        <time>2026-08-13T10:41:53Z</time>
      </trkpt>
      <trkpt lat="8.999816" lon="-79.579285">
        <time>2026-08-13T10:41:54Z</time>
      </trkpt>
      <trkpt lat="8.999840" lon="-79.579290">
        <time>2026-08-13T10:41:55Z</time>
      </trkpt>
      <trkpt lat="8.999861" lon="-79.579295">
        <time>2026-08-13T10:41:56Z</time>
      </trkpt>
      <trkpt lat="8.999883" lon="-79.579295">
        <time>2026-08-13T10:41:57Z</time>
      </trkpt>
      <trkpt lat="8.999910" lon="-79.579293">
        <time>2026-08-13T10:41:58Z</time>
      </trkpt>
      <trkpt lat="8.999933" lon="-79.579290">
        <time>2026-08-13T10:41:59Z</time>
      </trkpt>
      <trkpt lat="8.999960" lon="-79.579288">
        <time>2026-08-13T10:42:00Z</time>
      </trkpt>
      <trkpt lat="8.999981" lon="-79.579282">
        <time>2026-08-13T10:42:01Z</time>
      </trkpt>
      <trkpt lat="9.000002" lon="-79.579278">
        <time>2026-08-13T10:42:02Z</time>
      </trkpt>
      <trkpt lat="9.000025" lon="-79.579274">
        <time>2026-08-13T10:42:03Z</time>
      </trkpt>
      <trkpt lat="9.000047" lon="-79.579270">
        <time>2026-08-13T10:42:04Z</time>
      </trkpt>
      <trkpt lat="9.000066" lon="-79.579269">
        <time>2026-08-13T10:42:05Z</time>
      </trkpt>
      <trkpt lat="9.000088" lon="-79.579268">
        <time>2026-08-13T10:42:06Z</time>
      </trkpt>
      <trkpt lat="9.000111" lon="-79.579265">
        <time>2026-08-13T10:42:07Z</time>
      </trkpt>
      <trkpt lat="9.000131" lon="-79.579262">
        <time>2026-08-13T10:42:08Z</time>
      </trkpt>
      <trkpt lat="9.000155" lon="-79.579260">
        <time>2026-08-13T10:42:09Z</time>
      </trkpt>
      <trkpt lat="9.000177" lon="-79.579258">
        <time>2026-08-13T10:42:10Z</time>
      </trkpt>
      <trkpt lat="9.000196" lon="-79.579260">
        <time>2026-08-13T10:42:11Z</time>
      </trkpt>
      <trkpt lat="9.000215" lon="-79.579265">
        <time>2026-08-13T10:42:12Z</time>
      </trkpt>
      <trkpt lat="9.000232" lon="-79.579278">
        <time>2026-08-13T10:42:13Z</time>
      </trkpt>
      <trkpt lat="9.000236" lon="-79.579299">
        <time>2026-08-13T10:42:14Z</time>
      </trkpt>
      <trkpt lat="9.000238" lon="-79.579322">
        <time>2026-08-13T10:42:15Z</time>
      </trkpt>
      <trkpt lat="9.000244" lon="-79.579342">
        <time>2026-08-13T10:42:16Z</time>
      </trkpt>
      <trkpt lat="9.000246" lon="-79.579364">
        <time>2026-08-13T10:42:17Z</time>
      </trkpt>
      <trkpt lat="9.000250" lon="-79.579386">
        <time>2026-08-13T10:42:18Z</time>
      </trkpt>
      <trkpt lat="9.000254" lon="-79.579410">
        <time>2026-08-13T10:42:19Z</time>
      </trkpt>
      <trkpt lat="9.000254" lon="-79.579433">
        <time>2026-08-13T10:42:20Z</time>
      </trkpt>
      <trkpt lat="9.000258" lon="-79.579455">
        <time>2026-08-13T10:42:21Z</time>
      </trkpt>
      <trkpt lat="9.000258" lon="-79.579478">
        <time>2026-08-13T10:42:22Z</time>
      </trkpt>
      <trkpt lat="9.000259" lon="-79.579501">
        <time>2026-08-13T10:42:23Z</time>
      </trkpt>
      <trkpt lat="9.000257" lon="-79.579522">
        <time>2026-08-13T10:42:24Z</time>
      </trkpt>
      <trkpt lat="9.000259" lon="-79.579545">
        <time>2026-08-13T10:42:25Z</time>
      </trkpt>
      <trkpt lat="9.000261" lon="-79.579567">
        <time>2026-08-13T10:42:26Z</time>
      </trkpt>
      <trkpt lat="9.000260" lon="-79.579591">
        <time>2026-08-13T10:42:27Z</time>
      </trkpt>
      <trkpt lat="9.000263" lon="-79.579614">
        <time>2026-08-13T10:42:28Z</time>
      </trkpt>
      <trkpt lat="9.000262" lon="-79.579637">
        <time>2026-08-13T10:42:29Z</time>
      </trkpt>
      <trkpt lat="9.000265" lon="-79.579656">
        <time>2026-08-13T10:42:30Z</time>
      </trkpt>
      <trkpt lat="9.000265" lon="-79.579679">
        <time>2026-08-13T10:42:31Z</time>
      </trkpt>
      <trkpt lat="9.000266" lon="-79.579700">
        <time>2026-08-13T10:42:32Z</time>
      </trkpt>
      <trkpt lat="9.000269" lon="-79.579722">
        <time>2026-08-13T10:42:33Z</time>
      </trkpt>
      <trkpt lat="9.000270" lon="-79.579744">
        <time>2026-08-13T10:42:34Z</time>
      </trkpt>
      <trkpt lat="9.000272" lon="-79.579766">
        <time>2026-08-13T10:42:35Z</time>
      </trkpt>
      <trkpt lat="9.000276" lon="-79.579789">
        <time>2026-08-13T10:42:36Z</time>
      </trkpt>
      <trkpt lat="9.000275" lon="-79.579811">
        <time>2026-08-13T10:42:37Z</time>
      </trkpt>
      <trkpt lat="9.000277" lon="-79.579835">
        <time>2026-08-13T10:42:38Z</time>
      </trkpt>
      <trkpt lat="9.000278" lon="-79.579860">
        <time>2026-08-13T10:42:39Z</time>
      </trkpt>
      <trkpt lat="9.000276" lon="-79.579882">
        <time>2026-08-13T10:42:40Z</time>
      </trkpt>
      <trkpt lat="9.000277" lon="-79.579907">
        <time>2026-08-13T10:42:41Z</time>
      </trkpt>
      <trkpt lat="9.000277" lon="-79.579931">
        <time>2026-08-13T10:42:42Z</time>
      </trkpt>
      <trkpt lat="9.000277" lon="-79.579955">
        <time>2026-08-13T10:42:43Z</time>
      </trkpt>
      <trkpt lat="9.000280" lon="-79.579979">
        <time>2026-08-13T10:42:44Z</time>
      </trkpt>
      <trkpt lat="9.000282" lon="-79.580002">
        <time>2026-08-13T10:42:45Z</time>
      </trkpt>
      <trkpt lat="9.000282" lon="-79.580026">
        <time>2026-08-13T10:42:46Z</time>
      </trkpt>
      <trkpt lat="9.000286" lon="-79.580047">
        <time>2026-08-13T10:42:47Z</time>
      </trkpt>
      <trkpt lat="9.000287" lon="-79.580074">
        <time>2026-08-13T10:42:48Z</time>
      </trkpt>
      <trkpt lat="9.000290" lon="-79.580099">
        <time>2026-08-13T10:42:49Z</time>
      </trkpt>
      <trkpt lat="9.000299" lon="-79.580124">
        <time>2026-08-13T10:42:50Z</time>
      </trkpt>
      <trkpt lat="9.000309" lon="-79.580143">
        <time>2026-08-13T10:42:51Z</time>
      </trkpt>
      <trkpt lat="9.000317" lon="-79.580163">
        <time>2026-08-13T10:42:52Z</time>
      </trkpt>
      <trkpt lat="9.000332" lon="-79.580183">
        <time>2026-08-13T10:42:53Z</time>
      </trkpt>
      <trkpt lat="9.000351" lon="-79.580199">
        <time>2026-08-13T10:42:54Z</time>
      </trkpt>
      <trkpt lat="9.000372" lon="-79.580210">
        <time>2026-08-13T10:42:55Z</time>
      </trkpt>
      <trkpt lat="9.000399" lon="-79.580219">
        <time>2026-08-13T10:42:56Z</time>
      </trkpt>
      <trkpt lat="9.000426" lon="-79.580221">
        <time>2026-08-13T10:42:57Z</time>
      </trkpt>
      <trkpt lat="9.000453" lon="-79.580221">
        <time>2026-08-13T10:42:58Z</time>
      </trkpt>
      <trkpt lat="9.000480" lon="-79.580216">
        <time>2026-08-13T10:42:59Z</time>
      </trkpt>
      <trkpt lat="9.000505" lon="-79.580209">
        <time>2026-08-13T10:43:00Z</time>
      </trkpt>
      <trkpt lat="9.000528" lon="-79.580202">
        <time>2026-08-13T10:43:01Z</time>
      </trkpt>
      <trkpt lat="9.000550" lon="-79.580195">
        <time>2026-08-13T10:43:02Z</time>
      </trkpt>
      <trkpt lat="9.000568" lon="-79.580188">
        <time>2026-08-13T10:43:03Z</time>
      </trkpt>
      <trkpt lat="9.000586" lon="-79.580182">
        <time>2026-08-13T10:43:04Z</time>
      </trkpt>
      <trkpt lat="9.000607" lon="-79.580175">
        <time>2026-08-13T10:43:05Z</time>
      </trkpt>
      <trkpt lat="9.000630" lon="-79.580170">
        <time>2026-08-13T10:43:06Z</time>
      </trkpt>
      <trkpt lat="9.000651" lon="-79.580164">
        <time>2026-08-13T10:43:07Z</time>
      </trkpt>
      <trkpt lat="9.000674" lon="-79.580156">
        <time>2026-08-13T10:43:08Z</time>
      </trkpt>
      <trkpt lat="9.000697" lon="-79.580151">
        <time>2026-08-13T10:43:09Z</time>
      </trkpt>
      <trkpt lat="9.000718" lon="-79.580146">
        <time>2026-08-13T10:43:10Z</time>
      </trkpt>
      <trkpt lat="9.000740" lon="-79.580138">
        <time>2026-08-13T10:43:11Z</time>
      </trkpt>
      <trkpt lat="9.000763" lon="-79.580133">
        <time>2026-08-13T10:43:12Z</time>
      </trkpt>
      <trkpt lat="9.000787" lon="-79.580128">
        <time>2026-08-13T10:43:13Z</time>
      </trkpt>
      <trkpt lat="9.000811" lon="-79.580116">
        <time>2026-08-13T10:43:14Z</time>
      </trkpt>
      <trkpt lat="9.000834" lon="-79.580109">
        <time>2026-08-13T10:43:15Z</time>
      </trkpt>
      <trkpt lat="9.000857" lon="-79.580100">
        <time>2026-08-13T10:43:16Z</time>
      </trkpt>
      <trkpt lat="9.000881" lon="-79.580091">
        <time>2026-08-13T10:43:17Z</time>
      </trkpt>
      <trkpt lat="9.000905" lon="-79.580081">
        <time>2026-08-13T10:43:18Z</time>
      </trkpt>
      <trkpt lat="9.000926" lon="-79.580072">
        <time>2026-08-13T10:43:19Z</time>
      </trkpt>
      <trkpt lat="9.000946" lon="-79.580061">
        <time>2026-08-13T10:43:20Z</time>
      </trkpt>
      <trkpt lat="9.000966" lon="-79.580046">
        <time>2026-08-13T10:43:21Z</time>
      </trkpt>
      <trkpt lat="9.000986" lon="-79.580035">
        <time>2026-08-13T10:43:22Z</time>
      </trkpt>
      <trkpt lat="9.001004" lon="-79.580015">
        <time>2026-08-13T10:43:23Z</time>
      </trkpt>
      <trkpt lat="9.001020" lon="-79.579996">
        <time>2026-08-13T10:43:24Z</time>
      </trkpt>
      <trkpt lat="9.001036" lon="-79.579974">
        <time>2026-08-13T10:43:25Z</time>
      </trkpt>
      <trkpt lat="9.001049" lon="-79.579950">
        <time>2026-08-13T10:43:26Z</time>
      </trkpt>
      <trkpt lat="9.001059" lon="-79.579928">
        <time>2026-08-13T10:43:27Z</time>
      </trkpt>
      <trkpt lat="9.001068" lon="-79.579904">
        <time>2026-08-13T10:43:28Z</time>
      </trkpt>
      <trkpt lat="9.001073" lon="-79.579878">
        <time>2026-08-13T10:43:29Z</time>
      </trkpt>
      <trkpt lat="9.001076" lon="-79.579856">
        <time>2026-08-13T10:43:30Z</time>
      </trkpt>
      <trkpt lat="9.001077" lon="-79.579832">
        <time>2026-08-13T10:43:31Z</time>
      </trkpt>
      <trkpt lat="9.001076" lon="-79.579808">
        <time>2026-08-13T10:43:32Z</time>
      </trkpt>
      <trkpt lat="9.001075" lon="-79.579787">
        <time>2026-08-13T10:43:33Z</time>
      </trkpt>
      <trkpt lat="9.001070" lon="-79.579763">
        <time>2026-08-13T10:43:34Z</time>
      </trkpt>
      <trkpt lat="9.001064" lon="-79.579738">
        <time>2026-08-13T10:43:35Z</time>
      </trkpt>
      <trkpt lat="9.001060" lon="-79.579717">
        <time>2026-08-13T10:43:36Z</time>
      </trkpt>
      <trkpt lat="9.001054" lon="-79.579693">
        <time>2026-08-13T10:43:37Z</time>
      </trkpt>
      <trkpt lat="9.001050" lon="-79.579669">
        <time>2026-08-13T10:43:38Z</time>
      </trkpt>
      <trkpt lat="9.001045" lon="-79.579644">
        <time>2026-08-13T10:43:39Z</time>
      </trkpt>
      <trkpt lat="9.001035" lon="-79.579618">
        <time>2026-08-13T10:43:40Z</time>
      </trkpt>
      <trkpt lat="9.001032" lon="-79.579599">
        <time>2026-08-13T10:43:41Z</time>
      </trkpt>
      <trkpt lat="9.001027" lon="-79.579574">
        <time>2026-08-13T10:43:42Z</time>
      </trkpt>
      <trkpt lat="9.001020" lon="-79.579552">
        <time>2026-08-13T10:43:43Z</time>
      </trkpt>
      <trkpt lat="9.001015" lon="-79.579531">
        <time>2026-08-13T10:43:44Z</time>
      </trkpt>
      <trkpt lat="9.001010" lon="-79.579509">
        <time>2026-08-13T10:43:45Z</time>
      </trkpt>
      <trkpt lat="9.001006" lon="-79.579487">
        <time>2026-08-13T10:43:46Z</time>
      </trkpt>
      <trkpt lat="9.001003" lon="-79.579464">
        <time>2026-08-13T10:43:47Z</time>
      </trkpt>
      <trkpt lat="9.000999" lon="-79.579442">
        <time>2026-08-13T10:43:48Z</time>
      </trkpt>
      <trkpt lat="9.000992" lon="-79.579420">
        <time>2026-08-13T10:43:49Z</time>
      </trkpt>
      <trkpt lat="9.000992" lon="-79.579400">
        <time>2026-08-13T10:43:50Z</time>
      </trkpt>
      <trkpt lat="9.000993" lon="-79.579376">
        <time>2026-08-13T10:43:51Z</time>
      </trkpt>
      <trkpt lat="9.000995" lon="-79.579354">
        <time>2026-08-13T10:43:52Z</time>
      </trkpt>
      <trkpt lat="9.001000" lon="-79.579338">
        <time>2026-08-13T10:43:53Z</time>
      </trkpt>
      <trkpt lat="9.001004" lon="-79.579317">
        <time>2026-08-13T10:43:54Z</time>
      </trkpt>
      <trkpt lat="9.001012" lon="-79.579295">
        <time>2026-08-13T10:43:55Z</time>
      </trkpt>
      <trkpt lat="9.001021" lon="-79.579274">
        <time>2026-08-13T10:43:56Z</time>
      </trkpt>
      <trkpt lat="9.001032" lon="-79.579256">
        <time>2026-08-13T10:43:57Z</time>
      </trkpt>
      <trkpt lat="9.001047" lon="-79.579236">
        <time>2026-08-13T10:43:58Z</time>
      </trkpt>
      <trkpt lat="9.001062" lon="-79.579218">
        <time>2026-08-13T10:43:59Z</time>
      </trkpt>
      <trkpt lat="9.001079" lon="-79.579200">
        <time>2026-08-13T10:44:00Z</time>
      </trkpt>
      <trkpt lat="9.001097" lon="-79.579187">
        <time>2026-08-13T10:44:01Z</time>
      </trkpt>
      <trkpt lat="9.001115" lon="-79.579175">
        <time>2026-08-13T10:44:02Z</time>
      </trkpt>
      <trkpt lat="9.001135" lon="-79.579162">
        <time>2026-08-13T10:44:03Z</time>
      </trkpt>
      <trkpt lat="9.001154" lon="-79.579154">
        <time>2026-08-13T10:44:04Z</time>
      </trkpt>
      <trkpt lat="9.001171" lon="-79.579145">
        <time>2026-08-13T10:44:05Z</time>
      </trkpt>
      <trkpt lat="9.001192" lon="-79.579134">
        <time>2026-08-13T10:44:06Z</time>
      </trkpt>
      <trkpt lat="9.001210" lon="-79.579126">
        <time>2026-08-13T10:44:07Z</time>
      </trkpt>
      <trkpt lat="9.001230" lon="-79.579116">
        <time>2026-08-13T10:44:08Z</time>
      </trkpt>
      <trkpt lat="9.001253" lon="-79.579102">
        <time>2026-08-13T10:44:09Z</time>
      </trkpt>
      <trkpt lat="9.001274" lon="-79.579091">
        <time>2026-08-13T10:44:10Z</time>
      </trkpt>
      <trkpt lat="9.001293" lon="-79.579079">
        <time>2026-08-13T10:44:11Z</time>
      </trkpt>
      <trkpt lat="9.001313" lon="-79.579071">
        <time>2026-08-13T10:44:12Z</time>
      </trkpt>
      <trkpt lat="9.001334" lon="-79.579065">
        <time>2026-08-13T10:44:13Z</time>
      </trkpt>
      <trkpt lat="9.001358" lon="-79.579061">
        <time>2026-08-13T10:44:14Z</time>
      </trkpt>
      <trkpt lat="9.001380" lon="-79.579059">
        <time>2026-08-13T10:44:15Z</time>
      </trkpt>
      <trkpt lat="9.001400" lon="-79.579059">
        <time>2026-08-13T10:44:16Z</time>
      </trkpt>
      <trkpt lat="9.001423" lon="-79.579062">
        <time>2026-08-13T10:44:17Z</time>
      </trkpt>
      <trkpt lat="9.001445" lon="-79.579065">
        <time>2026-08-13T10:44:18Z</time>
      </trkpt>
      <trkpt lat="9.001467" lon="-79.579068">
        <time>2026-08-13T10:44:19Z</time>
      </trkpt>
      <trkpt lat="9.001491" lon="-79.579074">
        <time>2026-08-13T10:44:20Z</time>
      </trkpt>
      <trkpt lat="9.001510" lon="-79.579084">
        <time>2026-08-13T10:44:21Z</time>
      </trkpt>
      <trkpt lat="9.001533" lon="-79.579094">
        <time>2026-08-13T10:44:22Z</time>
      </trkpt>
      <trkpt lat="9.001551" lon="-79.579104">
        <time>2026-08-13T10:44:23Z</time>
      </trkpt>
      <trkpt lat="9.001567" lon="-79.579116">
        <time>2026-08-13T10:44:24Z</time>
      </trkpt>
      <trkpt lat="9.001585" lon="-79.579128">
        <time>2026-08-13T10:44:25Z</time>
      </trkpt>
      <trkpt lat="9.001602" lon="-79.579142">
        <time>2026-08-13T10:44:26Z</time>
      </trkpt>
      <trkpt lat="9.001616" lon="-79.579159">
        <time>2026-08-13T10:44:27Z</time>
      </trkpt>
      <trkpt lat="9.001633" lon="-79.579175">
        <time>2026-08-13T10:44:28Z</time>
      </trkpt>
      <trkpt lat="9.001649" lon="-79.579192">
        <time>2026-08-13T10:44:29Z</time>
      </trkpt>
      <trkpt lat="9.001658" lon="-79.579214">
        <time>2026-08-13T10:44:30Z</time>
      </trkpt>
      <trkpt lat="9.001664" lon="-79.579235">
        <time>2026-08-13T10:44:31Z</time>
      </trkpt>
      <trkpt lat="9.001666" lon="-79.579256">
        <time>2026-08-13T10:44:32Z</time>
      </trkpt>
      <trkpt lat="9.001662" lon="-79.579280">
        <time>2026-08-13T10:44:33Z</time>
      </trkpt>
      <trkpt lat="9.001655" lon="-79.579301">
        <time>2026-08-13T10:44:34Z</time>
      </trkpt>
      <trkpt lat="9.001646" lon="-79.579321">
        <time>2026-08-13T10:44:35Z</time>
      </trkpt>
      <trkpt lat="9.001638" lon="-79.579342">
        <time>2026-08-13T10:44:36Z</time>
      </trkpt>
      <trkpt lat="9.001627" lon="-79.579363">
        <time>2026-08-13T10:44:37Z</time>
      </trkpt>
      <trkpt lat="9.001618" lon="-79.579385">
        <time>2026-08-13T10:44:38Z</time>
      </trkpt>
      <trkpt lat="9.001611" lon="-79.579410">
        <time>2026-08-13T10:44:39Z</time>
      </trkpt>
      <trkpt lat="9.001605" lon="-79.579434">
        <time>2026-08-13T10:44:40Z</time>
      </trkpt>
      <trkpt lat="9.001602" lon="-79.579458">
        <time>2026-08-13T10:44:41Z</time>
      </trkpt>
      <trkpt lat="9.001598" lon="-79.579481">
        <time>2026-08-13T10:44:42Z</time>
      </trkpt>
      <trkpt lat="9.001596" lon="-79.579505">
        <time>2026-08-13T10:44:43Z</time>
      </trkpt>
      <trkpt lat="9.001596" lon="-79.579530">
        <time>2026-08-13T10:44:44Z</time>
      </trkpt>
      <trkpt lat="9.001597" lon="-79.579556">
        <time>2026-08-13T10:44:45Z</time>
      </trkpt>
      <trkpt lat="9.001597" lon="-79.579579">
        <time>2026-08-13T10:44:46Z</time>
      </trkpt>
      <trkpt lat="9.001601" lon="-79.579603">
        <time>2026-08-13T10:44:47Z</time>
      </trkpt>
      <trkpt lat="9.001605" lon="-79.579627">
        <time>2026-08-13T10:44:48Z</time>
      </trkpt>
      <trkpt lat="9.001610" lon="-79.579648">
        <time>2026-08-13T10:44:49Z</time>
      </trkpt>
      <trkpt lat="9.001617" lon="-79.579671">
        <time>2026-08-13T10:44:50Z</time>
      </trkpt>
      <trkpt lat="9.001625" lon="-79.579693">
        <time>2026-08-13T10:44:51Z</time>
      </trkpt>
      <trkpt lat="9.001633" lon="-79.579715">
        <time>2026-08-13T10:44:52Z</time>
      </trkpt>
      <trkpt lat="9.001645" lon="-79.579739">
        <time>2026-08-13T10:44:53Z</time>
      </trkpt>
      <trkpt lat="9.001658" lon="-79.579762">
        <time>2026-08-13T10:44:54Z</time>
      </trkpt>
      <trkpt lat="9.001667" lon="-79.579781">
        <time>2026-08-13T10:44:55Z</time>
      </trkpt>
      <trkpt lat="9.001678" lon="-79.579804">
        <time>2026-08-13T10:44:56Z</time>
      </trkpt>
      <trkpt lat="9.001693" lon="-79.579824">
        <time>2026-08-13T10:44:57Z</time>
      </trkpt>
      <trkpt lat="9.001706" lon="-79.579844">
        <time>2026-08-13T10:44:58Z</time>
      </trkpt>
      <trkpt lat="9.001725" lon="-79.579860">
        <time>2026-08-13T10:44:59Z</time>
      </trkpt>
      <trkpt lat="9.001754" lon="-79.579867">
        <time>2026-08-13T10:45:00Z</time>
      </trkpt>
      <trkpt lat="9.001780" lon="-79.579873">
        <time>2026-08-13T10:45:01Z</time>
      </trkpt>
      <trkpt lat="9.001806" lon="-79.579874">
        <time>2026-08-13T10:45:02Z</time>
      </trkpt>
      <trkpt lat="9.001832" lon="-79.579871">
        <time>2026-08-13T10:45:03Z</time>
      </trkpt>
      <trkpt lat="9.001858" lon="-79.579862">
        <time>2026-08-13T10:45:04Z</time>
      </trkpt>
      <trkpt lat="9.001883" lon="-79.579853">
        <time>2026-08-13T10:45:05Z</time>
      </trkpt>
      <trkpt lat="9.001906" lon="-79.579848">
        <time>2026-08-13T10:45:06Z</time>
      </trkpt>
      <trkpt lat="9.001928" lon="-79.579839">
        <time>2026-08-13T10:45:07Z</time>
      </trkpt>
      <trkpt lat="9.001953" lon="-79.579831">
        <time>2026-08-13T10:45:08Z</time>
      </trkpt>
      <trkpt lat="9.001974" lon="-79.579825">
        <time>2026-08-13T10:45:09Z</time>
      </trkpt>
      <trkpt lat="9.001997" lon="-79.579816">
        <time>2026-08-13T10:45:10Z</time>
      </trkpt>
      <trkpt lat="9.002020" lon="-79.579809">
        <time>2026-08-13T10:45:11Z</time>
      </trkpt>
      <trkpt lat="9.002042" lon="-79.579801">
        <time>2026-08-13T10:45:12Z</time>
      </trkpt>
      <trkpt lat="9.002064" lon="-79.579795">
        <time>2026-08-13T10:45:13Z</time>
      </trkpt>
      <trkpt lat="9.002085" lon="-79.579789">
        <time>2026-08-13T10:45:14Z</time>
      </trkpt>
      <trkpt lat="9.002110" lon="-79.579784">
        <time>2026-08-13T10:45:15Z</time>
      </trkpt>
      <trkpt lat="9.002132" lon="-79.579781">
        <time>2026-08-13T10:45:16Z</time>
      </trkpt>
      <trkpt lat="9.002152" lon="-79.579778">
        <time>2026-08-13T10:45:17Z</time>
      </trkpt>
      <trkpt lat="9.002170" lon="-79.579778">
        <time>2026-08-13T10:45:18Z</time>
      </trkpt>
      <trkpt lat="9.002190" lon="-79.579778">
        <time>2026-08-13T10:45:19Z</time>
      </trkpt>
      <trkpt lat="9.002211" lon="-79.579781">
        <time>2026-08-13T10:45:20Z</time>
      </trkpt>
      <trkpt lat="9.002231" lon="-79.579784">
        <time>2026-08-13T10:45:21Z</time>
      </trkpt>
      <trkpt lat="9.002253" lon="-79.579789">
        <time>2026-08-13T10:45:22Z</time>
      </trkpt>
      <trkpt lat="9.002273" lon="-79.579795">
        <time>2026-08-13T10:45:23Z</time>
      </trkpt>
      <trkpt lat="9.002294" lon="-79.579802">
        <time>2026-08-13T10:45:24Z</time>
      </trkpt>
      <trkpt lat="9.002314" lon="-79.579810">
        <time>2026-08-13T10:45:25Z</time>
      </trkpt>
      <trkpt lat="9.002335" lon="-79.579818">
        <time>2026-08-13T10:45:26Z</time>
      </trkpt>
      <trkpt lat="9.002355" lon="-79.579827">
        <time>2026-08-13T10:45:27Z</time>
      </trkpt>
      <trkpt lat="9.002376" lon="-79.579836">
        <time>2026-08-13T10:45:28Z</time>
      </trkpt>
      <trkpt lat="9.002395" lon="-79.579843">
        <time>2026-08-13T10:45:29Z</time>
      </trkpt>
      <trkpt lat="9.002419" lon="-79.579845">
        <time>2026-08-13T10:45:30Z</time>
      </trkpt>
      <trkpt lat="9.002443" lon="-79.579848">
        <time>2026-08-13T10:45:31Z</time>
      </trkpt>
      <trkpt lat="9.002466" lon="-79.579850">
        <time>2026-08-13T10:45:32Z</time>
      </trkpt>
      <trkpt lat="9.002492" lon="-79.579846">
        <time>2026-08-13T10:45:33Z</time>
      </trkpt>
      <trkpt lat="9.002515" lon="-79.579843">
        <time>2026-08-13T10:45:34Z</time>
      </trkpt>
      <trkpt lat="9.002539" lon="-79.579838">
        <time>2026-08-13T10:45:35Z</time>
      </trkpt>
      <trkpt lat="9.002559" lon="-79.579833">
        <time>2026-08-13T10:45:36Z</time>
      </trkpt>
      <trkpt lat="9.002579" lon="-79.579828">
        <time>2026-08-13T10:45:37Z</time>
      </trkpt>
      <trkpt lat="9.002601" lon="-79.579823">
        <time>2026-08-13T10:45:38Z</time>
      </trkpt>
      <trkpt lat="9.002624" lon="-79.579815">
        <time>2026-08-13T10:45:39Z</time>
      </trkpt>
      <trkpt lat="9.002646" lon="-79.579807">
        <time>2026-08-13T10:45:40Z</time>
      </trkpt>
      <trkpt lat="9.002671" lon="-79.579795">
        <time>2026-08-13T10:45:41Z</time>
      </trkpt>
      <trkpt lat="9.002694" lon="-79.579774">
        <time>2026-08-13T10:45:42Z</time>
      </trkpt>
      <trkpt lat="9.002710" lon="-79.579755">
        <time>2026-08-13T10:45:43Z</time>
      </trkpt>
      <trkpt lat="9.002723" lon="-79.579735">
        <time>2026-08-13T10:45:44Z</time>
      </trkpt>
      <trkpt lat="9.002738" lon="-79.579714">
        <time>2026-08-13T10:45:45Z</time>
      </trkpt>
      <trkpt lat="9.002749" lon="-79.579699">
        <time>2026-08-13T10:45:46Z</time>
      </trkpt>
      <trkpt lat="9.002763" lon="-79.579678">
        <time>2026-08-13T10:45:47Z</time>
      </trkpt>
      <trkpt lat="9.002777" lon="-79.579659">
        <time>2026-08-13T10:45:48Z</time>
      </trkpt>
      <trkpt lat="9.002791" lon="-79.579640">
        <time>2026-08-13T10:45:49Z</time>
      </trkpt>
      <trkpt lat="9.002801" lon="-79.579618">
        <time>2026-08-13T10:45:50Z</time>
      </trkpt>
      <trkpt lat="9.002812" lon="-79.579599">
        <time>2026-08-13T10:45:51Z</time>
      </trkpt>
      <trkpt lat="9.002824" lon="-79.579580">
        <time>2026-08-13T10:45:52Z</time>
      </trkpt>
      <trkpt lat="9.002834" lon="-79.579559">
        <time>2026-08-13T10:45:53Z</time>
      </trkpt>
      <trkpt lat="9.002845" lon="-79.579538">
        <time>2026-08-13T10:45:54Z</time>
      </trkpt>
      <trkpt lat="9.002857" lon="-79.579517">
        <time>2026-08-13T10:45:55Z</time>
      </trkpt>
      <trkpt lat="9.002867" lon="-79.579499">
        <time>2026-08-13T10:45:56Z</time>
      </trkpt>
      <trkpt lat="9.002875" lon="-79.579478">
        <time>2026-08-13T10:45:57Z</time>
      </trkpt>
      <trkpt lat="9.002882" lon="-79.579456">
        <time>2026-08-13T10:45:58Z</time>
      </trkpt>
      <trkpt lat="9.002891" lon="-79.579436">
        <time>2026-08-13T10:45:59Z</time>
      </trkpt>
      <trkpt lat="9.002898" lon="-79.579415">
        <time>2026-08-13T10:46:00Z</time>
      </trkpt>
      <trkpt lat="9.002902" lon="-79.579392">
        <time>2026-08-13T10:46:01Z</time>
      </trkpt>
      <trkpt lat="9.002907" lon="-79.579372">
        <time>2026-08-13T10:46:02Z</time>
      </trkpt>
      <trkpt lat="9.002911" lon="-79.579349">
        <time>2026-08-13T10:46:03Z</time>
      </trkpt>
      <trkpt lat="9.002913" lon="-79.579323">
        <time>2026-08-13T10:46:04Z</time>
      </trkpt>
      <trkpt lat="9.002917" lon="-79.579302">
        <time>2026-08-13T10:46:05Z</time>
      </trkpt>
      <trkpt lat="9.002922" lon="-79.579279">
        <time>2026-08-13T10:46:06Z</time>
      </trkpt>
      <trkpt lat="9.002925" lon="-79.579253">
        <time>2026-08-13T10:46:07Z</time>
      </trkpt>
      <trkpt lat="9.002928" lon="-79.579228">
        <time>2026-08-13T10:46:08Z</time>
      </trkpt>
      <trkpt lat="9.002933" lon="-79.579204">
        <time>2026-08-13T10:46:09Z</time>
      </trkpt>
      <trkpt lat="9.002937" lon="-79.579182">
        <time>2026-08-13T10:46:10Z</time>
      </trkpt>
      <trkpt lat="9.002941" lon="-79.579161">
        <time>2026-08-13T10:46:11Z</time>
      </trkpt>
      <trkpt lat="9.002947" lon="-79.579138">
        <time>2026-08-13T10:46:12Z</time>
      </trkpt>
      <trkpt lat="9.002951" lon="-79.579117">
        <time>2026-08-13T10:46:13Z</time>
      </trkpt>
      <trkpt lat="9.002955" lon="-79.579094">
        <time>2026-08-13T10:46:14Z</time>
      </trkpt>
      <trkpt lat="9.002956" lon="-79.579071">
        <time>2026-08-13T10:46:15Z</time>
      </trkpt>
      <trkpt lat="9.002960" lon="-79.579048">
        <time>2026-08-13T10:46:16Z</time>
      </trkpt>
      <trkpt lat="9.002963" lon="-79.579025">
        <time>2026-08-13T10:46:17Z</time>
      </trkpt>
      <trkpt lat="9.002966" lon="-79.579000">
        <time>2026-08-13T10:46:18Z</time>
      </trkpt>
      <trkpt lat="9.002969" lon="-79.578976">
        <time>2026-08-13T10:46:19Z</time>
      </trkpt>
      <trkpt lat="9.002970" lon="-79.578951">
        <time>2026-08-13T10:46:20Z</time>
      </trkpt>
      <trkpt lat="9.002972" lon="-79.578928">
        <time>2026-08-13T10:46:21Z</time>
      </trkpt>
      <trkpt lat="9.002974" lon="-79.578904">
        <time>2026-08-13T10:46:22Z</time>
      </trkpt>
      <trkpt lat="9.002972" lon="-79.578882">
        <time>2026-08-13T10:46:23Z</time>
      </trkpt>
      <trkpt lat="9.002971" lon="-79.578862">
        <time>2026-08-13T10:46:24Z</time>
      </trkpt>
      <trkpt lat="9.002971" lon="-79.578840">
        <time>2026-08-13T10:46:25Z</time>
      </trkpt>
      <trkpt lat="9.002972" lon="-79.578817">
        <time>2026-08-13T10:46:26Z</time>
      </trkpt>
      <trkpt lat="9.002972" lon="-79.578795">
        <time>2026-08-13T10:46:27Z</time>
      </trkpt>
      <trkpt lat="9.002970" lon="-79.578774">
        <time>2026-08-13T10:46:28Z</time>
      </trkpt>
      <trkpt lat="9.002965" lon="-79.578752">
        <time>2026-08-13T10:46:29Z</time>
      </trkpt>
      <trkpt lat="9.002965" lon="-79.578731">
        <time>2026-08-13T10:46:30Z</time>
      </trkpt>
      <trkpt lat="9.002966" lon="-79.578708">
        <time>2026-08-13T10:46:31Z</time>
      </trkpt>
      <trkpt lat="9.002966" lon="-79.578686">
        <time>2026-08-13T10:46:32Z</time>
      </trkpt>
      <trkpt lat="9.002966" lon="-79.578667">
        <time>2026-08-13T10:46:33Z</time>
      </trkpt>
      <trkpt lat="9.002963" lon="-79.578645">
        <time>2026-08-13T10:46:34Z</time>
      </trkpt>
      <trkpt lat="9.002958" lon="-79.578624">
        <time>2026-08-13T10:46:35Z</time>
      </trkpt>
      <trkpt lat="9.002954" lon="-79.578601">
        <time>2026-08-13T10:46:36Z</time>
      </trkpt>
      <trkpt lat="9.002952" lon="-79.578577">
        <time>2026-08-13T10:46:37Z</time>
      </trkpt>
      <trkpt lat="9.002949" lon="-79.578556">
        <time>2026-08-13T10:46:38Z</time>
      </trkpt>
      <trkpt lat="9.002944" lon="-79.578536">
        <time>2026-08-13T10:46:39Z</time>
      </trkpt>
      <trkpt lat="9.002941" lon="-79.578514">
        <time>2026-08-13T10:46:40Z</time>
      </trkpt>
      <trkpt lat="9.002941" lon="-79.578495">
        <time>2026-08-13T10:46:41Z</time>
      </trkpt>
      <trkpt lat="9.002935" lon="-79.578474">
        <time>2026-08-13T10:46:42Z</time>
      </trkpt>
      <trkpt lat="9.002932" lon="-79.578451">
        <time>2026-08-13T10:46:43Z</time>
      </trkpt>
      <trkpt lat="9.002929" lon="-79.578429">
        <time>2026-08-13T10:46:44Z</time>
      </trkpt>
      <trkpt lat="9.002923" lon="-79.578407">
        <time>2026-08-13T10:46:45Z</time>
      </trkpt>
      <trkpt lat="9.002915" lon="-79.578382">
        <time>2026-08-13T10:46:46Z</time>
      </trkpt>
      <trkpt lat="9.002910" lon="-79.578362">
        <time>2026-08-13T10:46:47Z</time>
      </trkpt>
      <trkpt lat="9.002904" lon="-79.578343">
        <time>2026-08-13T10:46:48Z</time>
      </trkpt>
      <trkpt lat="9.002898" lon="-79.578320">
        <time>2026-08-13T10:46:49Z</time>
      </trkpt>
      <trkpt lat="9.002894" lon="-79.578302">
        <time>2026-08-13T10:46:50Z</time>
      </trkpt>
      <trkpt lat="9.002888" lon="-79.578281">
        <time>2026-08-13T10:46:51Z</time>
      </trkpt>
      <trkpt lat="9.002881" lon="-79.578259">
        <time>2026-08-13T10:46:52Z</time>
      </trkpt>
      <trkpt lat="9.002878" lon="-79.578238">
        <time>2026-08-13T10:46:53Z</time>
      </trkpt>
      <trkpt lat="9.002871" lon="-79.578214">
        <time>2026-08-13T10:46:54Z</time>
      </trkpt>
      <trkpt lat="9.002864" lon="-79.578193">
        <time>2026-08-13T10:46:55Z</time>
      </trkpt>
      <trkpt lat="9.002859" lon="-79.578171">
        <time>2026-08-13T10:46:56Z</time>
      </trkpt>
      <trkpt lat="9.002849" lon="-79.578146">
        <time>2026-08-13T10:46:57Z</time>
      </trkpt>
      <trkpt lat="9.002840" lon="-79.578125">
        <time>2026-08-13T10:46:58Z</time>
      </trkpt>
      <trkpt lat="9.002828" lon="-79.578105">
        <time>2026-08-13T10:46:59Z</time>
      </trkpt>
      <trkpt lat="9.002816" lon="-79.578087">
        <time>2026-08-13T10:47:00Z</time>
      </trkpt>
      <trkpt lat="9.002804" lon="-79.578067">
        <time>2026-08-13T10:47:01Z</time>
      </trkpt>
      <trkpt lat="9.002791" lon="-79.578047">
        <time>2026-08-13T10:47:02Z</time>
      </trkpt>
      <trkpt lat="9.002778" lon="-79.578023">
        <time>2026-08-13T10:47:03Z</time>
      </trkpt>
      <trkpt lat="9.002764" lon="-79.578002">
        <time>2026-08-13T10:47:04Z</time>
      </trkpt>
      <trkpt lat="9.002747" lon="-79.577984">
        <time>2026-08-13T10:47:05Z</time>
      </trkpt>
      <trkpt lat="9.002730" lon="-79.577964">
        <time>2026-08-13T10:47:06Z</time>
      </trkpt>
      <trkpt lat="9.002714" lon="-79.577945">
        <time>2026-08-13T10:47:07Z</time>
      </trkpt>
      <trkpt lat="9.002694" lon="-79.577930">
        <time>2026-08-13T10:47:08Z</time>
      </trkpt>
      <trkpt lat="9.002677" lon="-79.577912">
        <time>2026-08-13T10:47:09Z</time>
      </trkpt>
      <trkpt lat="9.002657" lon="-79.577895">
        <time>2026-08-13T10:47:10Z</time>
      </trkpt>
      <trkpt lat="9.002639" lon="-79.577881">
        <time>2026-08-13T10:47:11Z</time>
      </trkpt>
      <trkpt lat="9.002621" lon="-79.577865">
        <time>2026-08-13T10:47:12Z</time>
      </trkpt>
      <trkpt lat="9.002603" lon="-79.577851">
        <time>2026-08-13T10:47:13Z</time>
      </trkpt>
      <trkpt lat="9.002586" lon="-79.577838">
        <time>2026-08-13T10:47:14Z</time>
      </trkpt>
      <trkpt lat="9.002571" lon="-79.577825">
        <time>2026-08-13T10:47:15Z</time>
      </trkpt>
      <trkpt lat="9.002555" lon="-79.577809">
        <time>2026-08-13T10:47:16Z</time>
      </trkpt>
      <trkpt lat="9.002540" lon="-79.577794">
        <time>2026-08-13T10:47:17Z</time>
      </trkpt>
      <trkpt lat="9.002523" lon="-79.577779">
        <time>2026-08-13T10:47:18Z</time>
      </trkpt>
      <trkpt lat="9.002506" lon="-79.577766">
        <time>2026-08-13T10:47:19Z</time>
      </trkpt>
      <trkpt lat="9.002490" lon="-79.577752">
        <time>2026-08-13T10:47:20Z</time>
      </trkpt>
      <trkpt lat="9.002475" lon="-79.577737">
        <time>2026-08-13T10:47:21Z</time>
      </trkpt>
      <trkpt lat="9.002459" lon="-79.577720">
        <time>2026-08-13T10:47:22Z</time>
      </trkpt>
      <trkpt lat="9.002438" lon="-79.577703">
        <time>2026-08-13T10:47:23Z</time>
      </trkpt>
      <trkpt lat="9.002421" lon="-79.577691">
        <time>2026-08-13T10:47:24Z</time>
      </trkpt>
      <trkpt lat="9.002404" lon="-79.577676">
        <time>2026-08-13T10:47:25Z</time>
      </trkpt>
      <trkpt lat="9.002386" lon="-79.577662">
        <time>2026-08-13T10:47:26Z</time>
      </trkpt>
      <trkpt lat="9.002366" lon="-79.577648">
        <time>2026-08-13T10:47:27Z</time>
      </trkpt>
      <trkpt lat="9.002351" lon="-79.577632">
        <time>2026-08-13T10:47:28Z</time>
      </trkpt>
      <trkpt lat="9.002332" lon="-79.577618">
        <time>2026-08-13T10:47:29Z</time>
      </trkpt>
      <trkpt lat="9.002313" lon="-79.577602">
        <time>2026-08-13T10:47:30Z</time>
      </trkpt>
      <trkpt lat="9.002296" lon="-79.577588">
        <time>2026-08-13T10:47:31Z</time>
      </trkpt>
      <trkpt lat="9.002277" lon="-79.577575">
        <time>2026-08-13T10:47:32Z</time>
      </trkpt>
      <trkpt lat="9.002258" lon="-79.577561">
        <time>2026-08-13T10:47:33Z</time>
      </trkpt>
      <trkpt lat="9.002242" lon="-79.577548">
        <time>2026-08-13T10:47:34Z</time>
      </trkpt>
      <trkpt lat="9.002225" lon="-79.577537">
        <time>2026-08-13T10:47:35Z</time>
      </trkpt>
      <trkpt lat="9.002205" lon="-79.577524">
        <time>2026-08-13T10:47:36Z</time>
      </trkpt>
      <trkpt lat="9.002186" lon="-79.577511">
        <time>2026-08-13T10:47:37Z</time>
      </trkpt>
      <trkpt lat="9.002171" lon="-79.577498">
        <time>2026-08-13T10:47:38Z</time>
      </trkpt>
      <trkpt lat="9.002154" lon="-79.577485">
        <time>2026-08-13T10:47:39Z</time>
      </trkpt>
      <trkpt lat="9.002132" lon="-79.577472">
        <time>2026-08-13T10:47:40Z</time>
      </trkpt>
      <trkpt lat="9.002114" lon="-79.577460">
        <time>2026-08-13T10:47:41Z</time>
      </trkpt>
      <trkpt lat="9.002091" lon="-79.577449">
        <time>2026-08-13T10:47:42Z</time>
      </trkpt>
      <trkpt lat="9.002070" lon="-79.577439">
        <time>2026-08-13T10:47:43Z</time>
      </trkpt>
      <trkpt lat="9.002047" lon="-79.577430">
        <time>2026-08-13T10:47:44Z</time>
      </trkpt>
      <trkpt lat="9.002026" lon="-79.577418">
        <time>2026-08-13T10:47:45Z</time>
      </trkpt>
      <trkpt lat="9.002007" lon="-79.577410">
        <time>2026-08-13T10:47:46Z</time>
      </trkpt>
      <trkpt lat="9.001987" lon="-79.577397">
        <time>2026-08-13T10:47:47Z</time>
      </trkpt>
      <trkpt lat="9.001971" lon="-79.577384">
        <time>2026-08-13T10:47:48Z</time>
      </trkpt>
      <trkpt lat="9.001954" lon="-79.577375">
        <time>2026-08-13T10:47:49Z</time>
      </trkpt>
      <trkpt lat="9.001936" lon="-79.577362">
        <time>2026-08-13T10:47:50Z</time>
      </trkpt>
      <trkpt lat="9.001916" lon="-79.577350">
        <time>2026-08-13T10:47:51Z</time>
      </trkpt>
      <trkpt lat="9.001898" lon="-79.577337">
        <time>2026-08-13T10:47:52Z</time>
      </trkpt>
      <trkpt lat="9.001877" lon="-79.577323">
        <time>2026-08-13T10:47:53Z</time>
      </trkpt>
      <trkpt lat="9.001859" lon="-79.577308">
        <time>2026-08-13T10:47:54Z</time>
      </trkpt>
      <trkpt lat="9.001839" lon="-79.577297">
        <time>2026-08-13T10:47:55Z</time>
      </trkpt>
      <trkpt lat="9.001819" lon="-79.577286">
        <time>2026-08-13T10:47:56Z</time>
      </trkpt>
      <trkpt lat="9.001799" lon="-79.577273">
        <time>2026-08-13T10:47:57Z</time>
      </trkpt>
      <trkpt lat="9.001779" lon="-79.577262">
        <time>2026-08-13T10:47:58Z</time>
      </trkpt>
      <trkpt lat="9.001758" lon="-79.577249">
        <time>2026-08-13T10:47:59Z</time>
      </trkpt>
      <trkpt lat="9.001742" lon="-79.577236">
        <time>2026-08-13T10:48:00Z</time>
      </trkpt>
      <trkpt lat="9.001725" lon="-79.577224">
        <time>2026-08-13T10:48:01Z</time>
      </trkpt>
      <trkpt lat="9.001706" lon="-79.577212">
        <time>2026-08-13T10:48:02Z</time>
      </trkpt>
      <trkpt lat="9.001687" lon="-79.577200">
        <time>2026-08-13T10:48:03Z</time>
      </trkpt>
      <trkpt lat="9.001668" lon="-79.577185">
        <time>2026-08-13T10:48:04Z</time>
      </trkpt>
      <trkpt lat="9.001648" lon="-79.577174">
        <time>2026-08-13T10:48:05Z</time>
      </trkpt>
      <trkpt lat="9.001628" lon="-79.577162">
        <time>2026-08-13T10:48:06Z</time>
      </trkpt>
      <trkpt lat="9.001607" lon="-79.577146">
        <time>2026-08-13T10:48:07Z</time>
      </trkpt>
      <trkpt lat="9.001590" lon="-79.577132">
        <time>2026-08-13T10:48:08Z</time>
      </trkpt>
      <trkpt lat="9.001571" lon="-79.577120">
        <time>2026-08-13T10:48:09Z</time>
      </trkpt>
      <trkpt lat="9.001553" lon="-79.577108">
        <time>2026-08-13T10:48:10Z</time>
      </trkpt>
      <trkpt lat="9.001533" lon="-79.577096">
        <time>2026-08-13T10:48:11Z</time>
      </trkpt>
      <trkpt lat="9.001509" lon="-79.577083">
        <time>2026-08-13T10:48:12Z</time>
      </trkpt>
      <trkpt lat="9.001485" lon="-79.577072">
        <time>2026-08-13T10:48:13Z</time>
      </trkpt>
      <trkpt lat="9.001461" lon="-79.577065">
        <time>2026-08-13T10:48:14Z</time>
      </trkpt>
      <trkpt lat="9.001438" lon="-79.577056">
        <time>2026-08-13T10:48:15Z</time>
      </trkpt>
      <trkpt lat="9.001417" lon="-79.577047">
        <time>2026-08-13T10:48:16Z</time>
      </trkpt>
      <trkpt lat="9.001396" lon="-79.577037">
        <time>2026-08-13T10:48:17Z</time>
      </trkpt>
      <trkpt lat="9.001376" lon="-79.577030">
        <time>2026-08-13T10:48:18Z</time>
      </trkpt>
      <trkpt lat="9.001352" lon="-79.577022">
        <time>2026-08-13T10:48:19Z</time>
      </trkpt>
      <trkpt lat="9.001331" lon="-79.577015">
        <time>2026-08-13T10:48:20Z</time>
      </trkpt>
      <trkpt lat="9.001312" lon="-79.577006">
        <time>2026-08-13T10:48:21Z</time>
      </trkpt>
      <trkpt lat="9.001291" lon="-79.577001">
        <time>2026-08-13T10:48:22Z</time>
      </trkpt>
      <trkpt lat="9.001268" lon="-79.576995">
        <time>2026-08-13T10:48:23Z</time>
      </trkpt>
      <trkpt lat="9.001246" lon="-79.576987">
        <time>2026-08-13T10:48:24Z</time>
      </trkpt>
      <trkpt lat="9.001224" lon="-79.576982">
        <time>2026-08-13T10:48:25Z</time>
      </trkpt>
      <trkpt lat="9.001202" lon="-79.576974">
        <time>2026-08-13T10:48:26Z</time>
      </trkpt>
      <trkpt lat="9.001181" lon="-79.576969">
        <time>2026-08-13T10:48:27Z</time>
      </trkpt>
      <trkpt lat="9.001157" lon="-79.576960">
        <time>2026-08-13T10:48:28Z</time>
      </trkpt>
      <trkpt lat="9.001135" lon="-79.576954">
        <time>2026-08-13T10:48:29Z</time>
      </trkpt>
      <trkpt lat="9.001111" lon="-79.576947">
        <time>2026-08-13T10:48:30Z</time>
      </trkpt>
      <trkpt lat="9.001086" lon="-79.576944">
        <time>2026-08-13T10:48:31Z</time>
      </trkpt>
      <trkpt lat="9.001063" lon="-79.576941">
        <time>2026-08-13T10:48:32Z</time>
      </trkpt>
      <trkpt lat="9.001039" lon="-79.576936">
        <time>2026-08-13T10:48:33Z</time>
      </trkpt>
      <trkpt lat="9.001012" lon="-79.576934">
        <time>2026-08-13T10:48:34Z</time>
      </trkpt>
      <trkpt lat="9.000990" lon="-79.576929">
        <time>2026-08-13T10:48:35Z</time>
      </trkpt>
      <trkpt lat="9.000969" lon="-79.576927">
        <time>2026-08-13T10:48:36Z</time>
      </trkpt>
      <trkpt lat="9.000948" lon="-79.576926">
        <time>2026-08-13T10:48:37Z</time>
      </trkpt>
      <trkpt lat="9.000925" lon="-79.576923">
        <time>2026-08-13T10:48:38Z</time>
      </trkpt>
      <trkpt lat="9.000903" lon="-79.576923">
        <time>2026-08-13T10:48:39Z</time>
      </trkpt>
      <trkpt lat="9.000880" lon="-79.576919">
        <time>2026-08-13T10:48:40Z</time>
      </trkpt>
      <trkpt lat="9.000858" lon="-79.576920">
        <time>2026-08-13T10:48:41Z</time>
      </trkpt>
      <trkpt lat="9.000836" lon="-79.576921">
        <time>2026-08-13T10:48:42Z</time>
      </trkpt>
      <trkpt lat="9.000812" lon="-79.576918">
        <time>2026-08-13T10:48:43Z</time>
      </trkpt>
      <trkpt lat="9.000790" lon="-79.576917">
        <time>2026-08-13T10:48:44Z</time>
      </trkpt>
      <trkpt lat="9.000766" lon="-79.576918">
        <time>2026-08-13T10:48:45Z</time>
      </trkpt>
      <trkpt lat="9.000742" lon="-79.576918">
        <time>2026-08-13T10:48:46Z</time>
      </trkpt>
      <trkpt lat="9.000719" lon="-79.576918">
        <time>2026-08-13T10:48:47Z</time>
      </trkpt>
      <trkpt lat="9.000695" lon="-79.576917">
        <time>2026-08-13T10:48:48Z</time>
      </trkpt>
      <trkpt lat="9.000671" lon="-79.576919">
        <time>2026-08-13T10:48:49Z</time>
      </trkpt>
      <trkpt lat="9.000648" lon="-79.576921">
        <time>2026-08-13T10:48:50Z</time>
      </trkpt>
      <trkpt lat="9.000625" lon="-79.576923">
        <time>2026-08-13T10:48:51Z</time>
      </trkpt>
      <trkpt lat="9.000601" lon="-79.576928">
        <time>2026-08-13T10:48:52Z</time>
      </trkpt>
      <trkpt lat="9.000577" lon="-79.576931">
        <time>2026-08-13T10:48:53Z</time>
      </trkpt>
      <trkpt lat="9.000552" lon="-79.576941">
        <time>2026-08-13T10:48:54Z</time>
      </trkpt>
      <trkpt lat="9.000527" lon="-79.576947">
        <time>2026-08-13T10:48:55Z</time>
      </trkpt>
      <trkpt lat="9.000504" lon="-79.576952">
        <time>2026-08-13T10:48:56Z</time>
      </trkpt>
      <trkpt lat="9.000480" lon="-79.576959">
        <time>2026-08-13T10:48:57Z</time>
      </trkpt>
      <trkpt lat="9.000457" lon="-79.576967">
        <time>2026-08-13T10:48:58Z</time>
      </trkpt>
      <trkpt lat="9.000437" lon="-79.576978">
        <time>2026-08-13T10:48:59Z</time>
      </trkpt>
      <trkpt lat="9.000414" lon="-79.576985">
        <time>2026-08-13T10:49:00Z</time>
      </trkpt>
      <trkpt lat="9.000394" lon="-79.576994">
        <time>2026-08-13T10:49:01Z</time>
      </trkpt>
      <trkpt lat="9.000377" lon="-79.577003">
        <time>2026-08-13T10:49:02Z</time>
      </trkpt>
      <trkpt lat="9.000358" lon="-79.577012">
        <time>2026-08-13T10:49:03Z</time>
      </trkpt>
      <trkpt lat="9.000342" lon="-79.577021">
        <time>2026-08-13T10:49:04Z</time>
      </trkpt>
      <trkpt lat="9.000321" lon="-79.577029">
        <time>2026-08-13T10:49:05Z</time>
      </trkpt>
      <trkpt lat="9.000299" lon="-79.577038">
        <time>2026-08-13T10:49:06Z</time>
      </trkpt>
      <trkpt lat="9.000280" lon="-79.577047">
        <time>2026-08-13T10:49:07Z</time>
      </trkpt>
      <trkpt lat="9.000260" lon="-79.577054">
        <time>2026-08-13T10:49:08Z</time>
      </trkpt>
      <trkpt lat="9.000240" lon="-79.577065">
        <time>2026-08-13T10:49:09Z</time>
      </trkpt>
      <trkpt lat="9.000223" lon="-79.577077">
        <time>2026-08-13T10:49:10Z</time>
      </trkpt>
      <trkpt lat="9.000205" lon="-79.577088">
        <time>2026-08-13T10:49:11Z</time>
      </trkpt>
      <trkpt lat="9.000185" lon="-79.577096">
        <time>2026-08-13T10:49:12Z</time>
      </trkpt>
      <trkpt lat="9.000165" lon="-79.577105">
        <time>2026-08-13T10:49:13Z</time>
      </trkpt>
      <trkpt lat="9.000146" lon="-79.577116">
        <time>2026-08-13T10:49:14Z</time>
      </trkpt>
      <trkpt lat="9.000128" lon="-79.577126">
        <time>2026-08-13T10:49:15Z</time>
      </trkpt>
      <trkpt lat="9.000111" lon="-79.577139">
        <time>2026-08-13T10:49:16Z</time>
      </trkpt>
      <trkpt lat="9.000095" lon="-79.577153">
        <time>2026-08-13T10:49:17Z</time>
      </trkpt>
      <trkpt lat="9.000078" lon="-79.577164">
        <time>2026-08-13T10:49:18Z</time>
      </trkpt>
      <trkpt lat="9.000061" lon="-79.577178">
        <time>2026-08-13T10:49:19Z</time>
      </trkpt>
      <trkpt lat="9.000040" lon="-79.577193">
        <time>2026-08-13T10:49:20Z</time>
      </trkpt>
      <trkpt lat="9.000024" lon="-79.577207">
        <time>2026-08-13T10:49:21Z</time>
      </trkpt>
      <trkpt lat="9.000006" lon="-79.577218">
        <time>2026-08-13T10:49:22Z</time>
      </trkpt>
      <trkpt lat="8.999985" lon="-79.577231">
        <time>2026-08-13T10:49:23Z</time>
      </trkpt>
      <trkpt lat="8.999967" lon="-79.577245">
        <time>2026-08-13T10:49:24Z</time>
      </trkpt>
      <trkpt lat="8.999949" lon="-79.577259">
        <time>2026-08-13T10:49:25Z</time>
      </trkpt>
      <trkpt lat="8.999931" lon="-79.577274">
        <time>2026-08-13T10:49:26Z</time>
      </trkpt>
      <trkpt lat="8.999911" lon="-79.577289">
        <time>2026-08-13T10:49:27Z</time>
      </trkpt>
      <trkpt lat="8.999893" lon="-79.577305">
        <time>2026-08-13T10:49:28Z</time>
      </trkpt>
      <trkpt lat="8.999873" lon="-79.577319">
        <time>2026-08-13T10:49:29Z</time>
      </trkpt>
      <trkpt lat="8.999858" lon="-79.577330">
        <time>2026-08-13T10:49:30Z</time>
      </trkpt>
      <trkpt lat="8.999841" lon="-79.577344">
        <time>2026-08-13T10:49:31Z</time>
      </trkpt>
      <trkpt lat="8.999823" lon="-79.577360">
        <time>2026-08-13T10:49:32Z</time>
      </trkpt>
      <trkpt lat="8.999805" lon="-79.577373">
        <time>2026-08-13T10:49:33Z</time>
      </trkpt>
      <trkpt lat="8.999786" lon="-79.577388">
        <time>2026-08-13T10:49:34Z</time>
      </trkpt>
      <trkpt lat="8.999767" lon="-79.577402">
        <time>2026-08-13T10:49:35Z</time>
      </trkpt>
      <trkpt lat="8.999750" lon="-79.577416">
        <time>2026-08-13T10:49:36Z</time>
      </trkpt>
      <trkpt lat="8.999730" lon="-79.577431">
        <time>2026-08-13T10:49:37Z</time>
      </trkpt>
      <trkpt lat="8.999712" lon="-79.577442">
        <time>2026-08-13T10:49:38Z</time>
      </trkpt>
      <trkpt lat="8.999696" lon="-79.577453">
        <time>2026-08-13T10:49:39Z</time>
      </trkpt>
      <trkpt lat="8.999679" lon="-79.577467">
        <time>2026-08-13T10:49:40Z</time>
      </trkpt>
      <trkpt lat="8.999662" lon="-79.577479">
        <time>2026-08-13T10:49:41Z</time>
      </trkpt>
      <trkpt lat="8.999642" lon="-79.577491">
        <time>2026-08-13T10:49:42Z</time>
      </trkpt>
      <trkpt lat="8.999624" lon="-79.577505">
        <time>2026-08-13T10:49:43Z</time>
      </trkpt>
      <trkpt lat="8.999606" lon="-79.577518">
        <time>2026-08-13T10:49:44Z</time>
      </trkpt>
      <trkpt lat="8.999590" lon="-79.577531">
        <time>2026-08-13T10:49:45Z</time>
      </trkpt>
      <trkpt lat="8.999572" lon="-79.577546">
        <time>2026-08-13T10:49:46Z</time>
      </trkpt>
      <trkpt lat="8.999555" lon="-79.577559">
        <time>2026-08-13T10:49:47Z</time>
      </trkpt>
      <trkpt lat="8.999538" lon="-79.577572">
        <time>2026-08-13T10:49:48Z</time>
      </trkpt>
      <trkpt lat="8.999520" lon="-79.577585">
        <time>2026-08-13T10:49:49Z</time>
      </trkpt>
      <trkpt lat="8.999501" lon="-79.577598">
        <time>2026-08-13T10:49:50Z</time>
      </trkpt>
      <trkpt lat="8.999482" lon="-79.577610">
        <time>2026-08-13T10:49:51Z</time>
      </trkpt>
      <trkpt lat="8.999464" lon="-79.577624">
        <time>2026-08-13T10:49:52Z</time>
      </trkpt>
      <trkpt lat="8.999446" lon="-79.577638">
        <time>2026-08-13T10:49:53Z</time>
      </trkpt>
      <trkpt lat="8.999427" lon="-79.577652">
        <time>2026-08-13T10:49:54Z</time>
      </trkpt>
      <trkpt lat="8.999409" lon="-79.577665">
        <time>2026-08-13T10:49:55Z</time>
      </trkpt>
      <trkpt lat="8.999392" lon="-79.577678">
        <time>2026-08-13T10:49:56Z</time>
      </trkpt>
      <trkpt lat="8.999373" lon="-79.577694">
        <time>2026-08-13T10:49:57Z</time>
      </trkpt>
      <trkpt lat="8.999355" lon="-79.577706">
        <time>2026-08-13T10:49:58Z</time>
      </trkpt>
      <trkpt lat="8.999337" lon="-79.577718">
        <time>2026-08-13T10:49:59Z</time>
      </trkpt>
      <trkpt lat="8.999319" lon="-79.577732">
        <time>2026-08-13T10:50:00Z</time>
      </trkpt>
      <trkpt lat="8.999301" lon="-79.577742">
        <time>2026-08-13T10:50:01Z</time>
      </trkpt>
      <trkpt lat="8.999282" lon="-79.577752">
        <time>2026-08-13T10:50:02Z</time>
      </trkpt>
      <trkpt lat="8.999265" lon="-79.577767">
        <time>2026-08-13T10:50:03Z</time>
      </trkpt>
      <trkpt lat="8.999249" lon="-79.577779">
        <time>2026-08-13T10:50:04Z</time>
      </trkpt>
      <trkpt lat="8.999233" lon="-79.577793">
        <time>2026-08-13T10:50:05Z</time>
      </trkpt>
      <trkpt lat="8.999216" lon="-79.577806">
        <time>2026-08-13T10:50:06Z</time>
      </trkpt>
      <trkpt lat="8.999199" lon="-79.577818">
        <time>2026-08-13T10:50:07Z</time>
      </trkpt>
      <trkpt lat="8.999181" lon="-79.577830">
        <time>2026-08-13T10:50:08Z</time>
      </trkpt>
      <trkpt lat="8.999163" lon="-79.577844">
        <time>2026-08-13T10:50:09Z</time>
      </trkpt>
      <trkpt lat="8.999145" lon="-79.577857">
        <time>2026-08-13T10:50:10Z</time>
      </trkpt>
      <trkpt lat="8.999126" lon="-79.577872">
        <time>2026-08-13T10:50:11Z</time>
      </trkpt>
      <trkpt lat="8.999107" lon="-79.577885">
        <time>2026-08-13T10:50:12Z</time>
      </trkpt>
      <trkpt lat="8.999088" lon="-79.577900">
        <time>2026-08-13T10:50:13Z</time>
      </trkpt>
      <trkpt lat="8.999070" lon="-79.577916">
        <time>2026-08-13T10:50:14Z</time>
      </trkpt>
      <trkpt lat="8.999051" lon="-79.577930">
        <time>2026-08-13T10:50:15Z</time>
      </trkpt>
      <trkpt lat="8.999034" lon="-79.577942">
        <time>2026-08-13T10:50:16Z</time>
      </trkpt>
      <trkpt lat="8.999016" lon="-79.577958">
        <time>2026-08-13T10:50:17Z</time>
      </trkpt>
      <trkpt lat="8.998998" lon="-79.577973">
        <time>2026-08-13T10:50:18Z</time>
      </trkpt>
      <trkpt lat="8.998979" lon="-79.577987">
        <time>2026-08-13T10:50:19Z</time>
      </trkpt>
      <trkpt lat="8.998961" lon="-79.578001">
        <time>2026-08-13T10:50:20Z</time>
      </trkpt>
      <trkpt lat="8.998942" lon="-79.578013">
        <time>2026-08-13T10:50:21Z</time>
      </trkpt>
      <trkpt lat="8.998923" lon="-79.578025">
        <time>2026-08-13T10:50:22Z</time>
      </trkpt>
      <trkpt lat="8.998904" lon="-79.578039">
        <time>2026-08-13T10:50:23Z</time>
      </trkpt>
      <trkpt lat="8.998886" lon="-79.578053">
        <time>2026-08-13T10:50:24Z</time>
      </trkpt>
      <trkpt lat="8.998869" lon="-79.578067">
        <time>2026-08-13T10:50:25Z</time>
      </trkpt>
      <trkpt lat="8.998851" lon="-79.578083">
        <time>2026-08-13T10:50:26Z</time>
      </trkpt>
      <trkpt lat="8.998834" lon="-79.578096">
        <time>2026-08-13T10:50:27Z</time>
      </trkpt>
      <trkpt lat="8.998814" lon="-79.578110">
        <time>2026-08-13T10:50:28Z</time>
      </trkpt>
      <trkpt lat="8.998793" lon="-79.578123">
        <time>2026-08-13T10:50:29Z</time>
      </trkpt>
      <trkpt lat="8.998773" lon="-79.578138">
        <time>2026-08-13T10:50:30Z</time>
      </trkpt>
      <trkpt lat="8.998752" lon="-79.578151">
        <time>2026-08-13T10:50:31Z</time>
      </trkpt>
      <trkpt lat="8.998734" lon="-79.578165">
        <time>2026-08-13T10:50:32Z</time>
      </trkpt>
      <trkpt lat="8.998715" lon="-79.578178">
        <time>2026-08-13T10:50:33Z</time>
      </trkpt>
      <trkpt lat="8.998697" lon="-79.578193">
        <time>2026-08-13T10:50:34Z</time>
      </trkpt>
      <trkpt lat="8.998680" lon="-79.578204">
        <time>2026-08-13T10:50:35Z</time>
      </trkpt>
      <trkpt lat="8.998663" lon="-79.578218">
        <time>2026-08-13T10:50:36Z</time>
      </trkpt>
      <trkpt lat="8.998645" lon="-79.578234">
        <time>2026-08-13T10:50:37Z</time>
      </trkpt>
      <trkpt lat="8.998629" lon="-79.578248">
        <time>2026-08-13T10:50:38Z</time>
      </trkpt>
      <trkpt lat="8.998609" lon="-79.578264">
        <time>2026-08-13T10:50:39Z</time>
      </trkpt>
      <trkpt lat="8.998589" lon="-79.578279">
        <time>2026-08-13T10:50:40Z</time>
      </trkpt>
      <trkpt lat="8.998571" lon="-79.578291">
        <time>2026-08-13T10:50:41Z</time>
      </trkpt>
      <trkpt lat="8.998552" lon="-79.578302">
        <time>2026-08-13T10:50:42Z</time>
      </trkpt>
      <trkpt lat="8.998533" lon="-79.578314">
        <time>2026-08-13T10:50:43Z</time>
      </trkpt>
      <trkpt lat="8.998517" lon="-79.578324">
        <time>2026-08-13T10:50:44Z</time>
      </trkpt>
      <trkpt lat="8.998495" lon="-79.578337">
        <time>2026-08-13T10:50:45Z</time>
      </trkpt>
      <trkpt lat="8.998474" lon="-79.578346">
        <time>2026-08-13T10:50:46Z</time>
      </trkpt>
      <trkpt lat="8.998454" lon="-79.578354">
        <time>2026-08-13T10:50:47Z</time>
      </trkpt>
      <trkpt lat="8.998431" lon="-79.578362">
        <time>2026-08-13T10:50:48Z</time>
      </trkpt>
      <trkpt lat="8.998409" lon="-79.578364">
        <time>2026-08-13T10:50:49Z</time>
      </trkpt>
      <trkpt lat="8.998387" lon="-79.578370">
        <time>2026-08-13T10:50:50Z</time>
      </trkpt>
      <trkpt lat="8.998367" lon="-79.578377">
        <time>2026-08-13T10:50:51Z</time>
      </trkpt>
      <trkpt lat="8.998345" lon="-79.578378">
        <time>2026-08-13T10:50:52Z</time>
      </trkpt>
      <trkpt lat="8.998321" lon="-79.578381">
        <time>2026-08-13T10:50:53Z</time>
      </trkpt>
      <trkpt lat="8.998300" lon="-79.578386">
        <time>2026-08-13T10:50:54Z</time>
      </trkpt>
      <trkpt lat="8.998278" lon="-79.578389">
        <time>2026-08-13T10:50:55Z</time>
      </trkpt>
      <trkpt lat="8.998257" lon="-79.578393">
        <time>2026-08-13T10:50:56Z</time>
      </trkpt>
      <trkpt lat="8.998236" lon="-79.578400">
        <time>2026-08-13T10:50:57Z</time>
      </trkpt>
      <trkpt lat="8.998214" lon="-79.578403">
        <time>2026-08-13T10:50:58Z</time>
      </trkpt>
      <trkpt lat="8.998194" lon="-79.578407">
        <time>2026-08-13T10:50:59Z</time>
      </trkpt>
      <trkpt lat="8.998170" lon="-79.578410">
        <time>2026-08-13T10:51:00Z</time>
      </trkpt>
      <trkpt lat="8.998146" lon="-79.578412">
        <time>2026-08-13T10:51:01Z</time>
      </trkpt>
      <trkpt lat="8.998124" lon="-79.578419">
        <time>2026-08-13T10:51:02Z</time>
      </trkpt>
      <trkpt lat="8.998097" lon="-79.578420">
        <time>2026-08-13T10:51:03Z</time>
      </trkpt>
      <trkpt lat="8.998073" lon="-79.578420">
        <time>2026-08-13T10:51:04Z</time>
      </trkpt>
      <trkpt lat="8.998050" lon="-79.578424">
        <time>2026-08-13T10:51:05Z</time>
      </trkpt>
      <trkpt lat="8.998027" lon="-79.578428">
        <time>2026-08-13T10:51:06Z</time>
      </trkpt>
      <trkpt lat="8.998000" lon="-79.578432">
        <time>2026-08-13T10:51:07Z</time>
      </trkpt>
      <trkpt lat="8.997972" lon="-79.578437">
        <time>2026-08-13T10:51:08Z</time>
      </trkpt>
      <trkpt lat="8.997947" lon="-79.578447">
        <time>2026-08-13T10:51:09Z</time>
      </trkpt>
      <trkpt lat="8.997924" lon="-79.578463">
        <time>2026-08-13T10:51:10Z</time>
      </trkpt>
      <trkpt lat="8.997903" lon="-79.578489">
        <time>2026-08-13T10:51:11Z</time>
      </trkpt>
      <trkpt lat="8.997890" lon="-79.578515">
        <time>2026-08-13T10:51:12Z</time>
      </trkpt>
      <trkpt lat="8.997879" lon="-79.578541">
        <time>2026-08-13T10:51:13Z</time>
      </trkpt>
      <trkpt lat="8.997877" lon="-79.578570">
        <time>2026-08-13T10:51:14Z</time>
      </trkpt>
      <trkpt lat="8.997872" lon="-79.578598">
        <time>2026-08-13T10:51:15Z</time>
      </trkpt>
      <trkpt lat="8.997872" lon="-79.578624">
        <time>2026-08-13T10:51:16Z</time>
      </trkpt>
      <trkpt lat="8.997873" lon="-79.578651">
        <time>2026-08-13T10:51:17Z</time>
      </trkpt>
      <trkpt lat="8.997871" lon="-79.578677">
        <time>2026-08-13T10:51:18Z</time>
      </trkpt>
      <trkpt lat="8.997871" lon="-79.578707">
        <time>2026-08-13T10:51:19Z</time>
      </trkpt>
      <trkpt lat="8.997872" lon="-79.578734">
        <time>2026-08-13T10:51:20Z</time>
      </trkpt>
      <trkpt lat="8.997874" lon="-79.578759">
        <time>2026-08-13T10:51:21Z</time>
      </trkpt>
      <trkpt lat="8.997881" lon="-79.578788">
        <time>2026-08-13T10:51:22Z</time>
      </trkpt>
      <trkpt lat="8.997885" lon="-79.578813">
        <time>2026-08-13T10:51:23Z</time>
      </trkpt>
      <trkpt lat="8.997890" lon="-79.578838">
        <time>2026-08-13T10:51:24Z</time>
      </trkpt>
      <trkpt lat="8.997897" lon="-79.578862">
        <time>2026-08-13T10:51:25Z</time>
      </trkpt>
      <trkpt lat="8.997904" lon="-79.578886">
        <time>2026-08-13T10:51:26Z</time>
      </trkpt>
      <trkpt lat="8.997911" lon="-79.578909">
        <time>2026-08-13T10:51:27Z</time>
      </trkpt>
      <trkpt lat="8.997916" lon="-79.578933">
        <time>2026-08-13T10:51:28Z</time>
      </trkpt>
      <trkpt lat="8.997922" lon="-79.578956">
        <time>2026-08-13T10:51:29Z</time>
      </trkpt>
      <trkpt lat="8.997930" lon="-79.578981">
        <time>2026-08-13T10:51:30Z</time>
      </trkpt>
      <trkpt lat="8.997936" lon="-79.579003">
        <time>2026-08-13T10:51:31Z</time>
      </trkpt>
      <trkpt lat="8.997946" lon="-79.579027">
        <time>2026-08-13T10:51:32Z</time>
      </trkpt>
      <trkpt lat="8.997952" lon="-79.579051">
        <time>2026-08-13T10:51:33Z</time>
      </trkpt>
      <trkpt lat="8.997958" lon="-79.579073">
        <time>2026-08-13T10:51:34Z</time>
      </trkpt>
      <trkpt lat="8.997968" lon="-79.579096">
        <time>2026-08-13T10:51:35Z</time>
      </trkpt>
      <trkpt lat="8.997978" lon="-79.579120">
        <time>2026-08-13T10:51:36Z</time>
      </trkpt>
      <trkpt lat="8.997985" lon="-79.579145">
        <time>2026-08-13T10:51:37Z</time>
      </trkpt>
      <trkpt lat="8.997994" lon="-79.579170">
        <time>2026-08-13T10:51:38Z</time>
      </trkpt>
      <trkpt lat="8.998002" lon="-79.579193">
        <time>2026-08-13T10:51:39Z</time>
      </trkpt>
      <trkpt lat="8.998015" lon="-79.579215">
        <time>2026-08-13T10:51:40Z</time>
      </trkpt>
      <trkpt lat="8.998031" lon="-79.579236">
        <time>2026-08-13T10:51:41Z</time>
      </trkpt>
      <trkpt lat="8.998043" lon="-79.579258">
        <time>2026-08-13T10:51:42Z</time>
      </trkpt>
      <trkpt lat="8.998056" lon="-79.579278">
        <time>2026-08-13T10:51:43Z</time>
      </trkpt>
      <trkpt lat="8.998070" lon="-79.579299">
        <time>2026-08-13T10:51:44Z</time>
      </trkpt>
      <trkpt lat="8.998083" lon="-79.579318">
        <time>2026-08-13T10:51:45Z</time>
      </trkpt>
      <trkpt lat="8.998097" lon="-79.579336">
        <time>2026-08-13T10:51:46Z</time>
      </trkpt>
      <trkpt lat="8.998110" lon="-79.579355">
        <time>2026-08-13T10:51:47Z</time>
      </trkpt>
      <trkpt lat="8.998126" lon="-79.579372">
        <time>2026-08-13T10:51:48Z</time>
      </trkpt>
      <trkpt lat="8.998140" lon="-79.579392">
        <time>2026-08-13T10:51:49Z</time>
      </trkpt>
      <trkpt lat="8.998151" lon="-79.579413">
        <time>2026-08-13T10:51:50Z</time>
      </trkpt>
      <trkpt lat="8.998164" lon="-79.579434">
        <time>2026-08-13T10:51:51Z</time>
      </trkpt>
      <trkpt lat="8.998180" lon="-79.579455">
        <time>2026-08-13T10:51:52Z</time>
      </trkpt>
      <trkpt lat="8.998194" lon="-79.579476">
        <time>2026-08-13T10:51:53Z</time>
      </trkpt>
      <trkpt lat="8.998214" lon="-79.579495">
        <time>2026-08-13T10:51:54Z</time>
      </trkpt>
      <trkpt lat="8.998232" lon="-79.579513">
        <time>2026-08-13T10:51:55Z</time>
      </trkpt>
      <trkpt lat="8.998250" lon="-79.579530">
        <time>2026-08-13T10:51:56Z</time>
      </trkpt>
      <trkpt lat="8.998272" lon="-79.579545">
        <time>2026-08-13T10:51:57Z</time>
      </trkpt>
      <trkpt lat="8.998294" lon="-79.579560">
        <time>2026-08-13T10:51:58Z</time>
      </trkpt>
      <trkpt lat="8.998315" lon="-79.579572">
        <time>2026-08-13T10:51:59Z</time>
      </trkpt>
      <trkpt lat="8.998341" lon="-79.579573">
        <time>2026-08-13T10:52:00Z</time>
      </trkpt>
      <trkpt lat="8.998366" lon="-79.579567">
        <time>2026-08-13T10:52:01Z</time>
      </trkpt>
      <trkpt lat="8.998389" lon="-79.579563">
        <time>2026-08-13T10:52:02Z</time>
      </trkpt>
      <trkpt lat="8.998416" lon="-79.579558">
        <time>2026-08-13T10:52:03Z</time>
      </trkpt>
      <trkpt lat="8.998441" lon="-79.579552">
        <time>2026-08-13T10:52:04Z</time>
      </trkpt>
      <trkpt lat="8.998468" lon="-79.579545">
        <time>2026-08-13T10:52:05Z</time>
      </trkpt>
      <trkpt lat="8.998495" lon="-79.579533">
        <time>2026-08-13T10:52:06Z</time>
      </trkpt>
      <trkpt lat="8.998519" lon="-79.579521">
        <time>2026-08-13T10:52:07Z</time>
      </trkpt>
      <trkpt lat="8.998545" lon="-79.579507">
        <time>2026-08-13T10:52:08Z</time>
      </trkpt>
      <trkpt lat="8.998567" lon="-79.579486">
        <time>2026-08-13T10:52:09Z</time>
      </trkpt>
      <trkpt lat="8.998587" lon="-79.579468">
        <time>2026-08-13T10:52:10Z</time>
      </trkpt>
      <trkpt lat="8.998607" lon="-79.579445">
        <time>2026-08-13T10:52:11Z</time>
      </trkpt>
      <trkpt lat="8.998620" lon="-79.579423">
        <time>2026-08-13T10:52:12Z</time>
      </trkpt>
      <trkpt lat="8.998631" lon="-79.579402">
        <time>2026-08-13T10:52:13Z</time>
      </trkpt>
      <trkpt lat="8.998640" lon="-79.579377">
        <time>2026-08-13T10:52:14Z</time>
      </trkpt>
      <trkpt lat="8.998649" lon="-79.579356">
        <time>2026-08-13T10:52:15Z</time>
      </trkpt>
      <trkpt lat="8.998660" lon="-79.579335">
        <time>2026-08-13T10:52:16Z</time>
      </trkpt>
      <trkpt lat="8.998671" lon="-79.579313">
        <time>2026-08-13T10:52:17Z</time>
      </trkpt>
      <trkpt lat="8.998688" lon="-79.579294">
        <time>2026-08-13T10:52:18Z</time>
      </trkpt>
      <trkpt lat="8.998707" lon="-79.579275">
        <time>2026-08-13T10:52:19Z</time>
      </trkpt>
      <trkpt lat="8.998723" lon="-79.579261">
        <time>2026-08-13T10:52:20Z</time>
      </trkpt>
      <trkpt lat="8.998739" lon="-79.579248">
        <time>2026-08-13T10:52:21Z</time>
      </trkpt>
      <trkpt lat="8.998759" lon="-79.579234">
        <time>2026-08-13T10:52:22Z</time>
      </trkpt>
      <trkpt lat="8.998778" lon="-79.579224">
        <time>2026-08-13T10:52:23Z</time>
      </trkpt>
      <trkpt lat="8.998795" lon="-79.579216">
        <time>2026-08-13T10:52:24Z</time>
      </trkpt>
      <trkpt lat="8.998812" lon="-79.579213">
        <time>2026-08-13T10:52:25Z</time>
      </trkpt>
      <trkpt lat="8.998829" lon="-79.579217">
        <time>2026-08-13T10:52:26Z</time>
      </trkpt>
      <trkpt lat="8.998840" lon="-79.579226">
        <time>2026-08-13T10:52:27Z</time>
      </trkpt>
      <trkpt lat="8.998855" lon="-79.579238">
        <time>2026-08-13T10:52:28Z</time>
      </trkpt>
      <trkpt lat="8.998867" lon="-79.579251">
        <time>2026-08-13T10:52:29Z</time>
      </trkpt>
      <trkpt lat="8.998882" lon="-79.579263">
        <time>2026-08-13T10:52:30Z</time>
      </trkpt>
      <trkpt lat="8.998903" lon="-79.579275">
        <time>2026-08-13T10:52:31Z</time>
      </trkpt>
      <trkpt lat="8.998922" lon="-79.579281">
        <time>2026-08-13T10:52:32Z</time>
      </trkpt>
      <trkpt lat="8.998944" lon="-79.579283">
        <time>2026-08-13T10:52:33Z</time>
      </trkpt>
      <trkpt lat="8.998970" lon="-79.579278">
        <time>2026-08-13T10:52:34Z</time>
      </trkpt>
      <trkpt lat="8.998991" lon="-79.579275">
        <time>2026-08-13T10:52:35Z</time>
      </trkpt>
      <trkpt lat="8.999014" lon="-79.579269">
        <time>2026-08-13T10:52:36Z</time>
      </trkpt>
      <trkpt lat="8.999037" lon="-79.579262">
        <time>2026-08-13T10:52:37Z</time>
      </trkpt>
      <trkpt lat="8.999057" lon="-79.579258">
        <time>2026-08-13T10:52:38Z</time>
      </trkpt>
      <trkpt lat="8.999078" lon="-79.579250">
        <time>2026-08-13T10:52:39Z</time>
      </trkpt>
      <trkpt lat="8.999098" lon="-79.579245">
        <time>2026-08-13T10:52:40Z</time>
      </trkpt>
      <trkpt lat="8.999117" lon="-79.579241">
        <time>2026-08-13T10:52:41Z</time>
      </trkpt>
      <trkpt lat="8.999136" lon="-79.579238">
        <time>2026-08-13T10:52:42Z</time>
      </trkpt>
      <trkpt lat="8.999156" lon="-79.579233">
        <time>2026-08-13T10:52:43Z</time>
      </trkpt>
      <trkpt lat="8.999175" lon="-79.579229">
        <time>2026-08-13T10:52:44Z</time>
      </trkpt>
      <trkpt lat="8.999193" lon="-79.579225">
        <time>2026-08-13T10:52:45Z</time>
      </trkpt>
      <trkpt lat="8.999213" lon="-79.579223">
        <time>2026-08-13T10:52:46Z</time>
      </trkpt>
      <trkpt lat="8.999233" lon="-79.579222">
        <time>2026-08-13T10:52:47Z</time>
      </trkpt>
      <trkpt lat="8.999254" lon="-79.579221">
        <time>2026-08-13T10:52:48Z</time>
      </trkpt>
      <trkpt lat="8.999275" lon="-79.579220">
        <time>2026-08-13T10:52:49Z</time>
      </trkpt>
      <trkpt lat="8.999295" lon="-79.579224">
        <time>2026-08-13T10:52:50Z</time>
      </trkpt>
      <trkpt lat="8.999315" lon="-79.579228">
        <time>2026-08-13T10:52:51Z</time>
      </trkpt>
      <trkpt lat="8.999337" lon="-79.579228">
        <time>2026-08-13T10:52:52Z</time>
      </trkpt>
      <trkpt lat="8.999357" lon="-79.579229">
        <time>2026-08-13T10:52:53Z</time>
      </trkpt>
      <trkpt lat="8.999380" lon="-79.579225">
        <time>2026-08-13T10:52:54Z</time>
      </trkpt>
      <trkpt lat="8.999403" lon="-79.579221">
        <time>2026-08-13T10:52:55Z</time>
      </trkpt>
      <trkpt lat="8.999426" lon="-79.579219">
        <time>2026-08-13T10:52:56Z</time>
      </trkpt>
      <trkpt lat="8.999449" lon="-79.579213">
        <time>2026-08-13T10:52:57Z</time>
      </trkpt>
      <trkpt lat="8.999472" lon="-79.579209">
        <time>2026-08-13T10:52:58Z</time>
      </trkpt>
      <trkpt lat="8.999493" lon="-79.579206">
        <time>2026-08-13T10:52:59Z</time>
      </trkpt>
      <trkpt lat="8.999514" lon="-79.579199">
        <time>2026-08-13T10:53:00Z</time>
      </trkpt>
      <trkpt lat="8.999535" lon="-79.579193">
        <time>2026-08-13T10:53:01Z</time>
      </trkpt>
      <trkpt lat="8.999557" lon="-79.579191">
        <time>2026-08-13T10:53:02Z</time>
      </trkpt>
      <trkpt lat="8.999579" lon="-79.579192">
        <time>2026-08-13T10:53:03Z</time>
      </trkpt>
      <trkpt lat="8.999601" lon="-79.579193">
        <time>2026-08-13T10:53:04Z</time>
      </trkpt>
      <trkpt lat="8.999622" lon="-79.579197">
        <time>2026-08-13T10:53:05Z</time>
      </trkpt>
      <trkpt lat="8.999647" lon="-79.579201">
        <time>2026-08-13T10:53:06Z</time>
      </trkpt>
      <trkpt lat="8.999669" lon="-79.579209">
        <time>2026-08-13T10:53:07Z</time>
      </trkpt>
      <trkpt lat="8.999688" lon="-79.579218">
        <time>2026-08-13T10:53:08Z</time>
      </trkpt>
      <trkpt lat="8.999710" lon="-79.579230">
        <time>2026-08-13T10:53:09Z</time>
      </trkpt>
      <trkpt lat="8.999729" lon="-79.579242">
        <time>2026-08-13T10:53:10Z</time>
      </trkpt>
      <trkpt lat="8.999747" lon="-79.579254">
        <time>2026-08-13T10:53:11Z</time>
      </trkpt>
      <trkpt lat="8.999768" lon="-79.579266">
        <time>2026-08-13T10:53:12Z</time>
      </trkpt>
      <trkpt lat="8.999786" lon="-79.579278">
        <time>2026-08-13T10:53:13Z</time>
      </trkpt>
      <trkpt lat="8.999806" lon="-79.579291">
        <time>2026-08-13T10:53:14Z</time>
      </trkpt>
      <trkpt lat="8.999829" lon="-79.579297">
        <time>2026-08-13T10:53:15Z</time>
      </trkpt>
      <trkpt lat="8.999852" lon="-79.579301">
        <time>2026-08-13T10:53:16Z</time>
      </trkpt>
      <trkpt lat="8.999877" lon="-79.579305">
        <time>2026-08-13T10:53:17Z</time>
      </trkpt>
      <trkpt lat="8.999900" lon="-79.579303">
        <time>2026-08-13T10:53:18Z</time>
      </trkpt>
      <trkpt lat="8.999925" lon="-79.579303">
        <time>2026-08-13T10:53:19Z</time>
      </trkpt>
      <trkpt lat="8.999951" lon="-79.579297">
        <time>2026-08-13T10:53:20Z</time>
      </trkpt>
      <trkpt lat="8.999974" lon="-79.579292">
        <time>2026-08-13T10:53:21Z</time>
      </trkpt>
      <trkpt lat="8.999998" lon="-79.579289">
        <time>2026-08-13T10:53:22Z</time>
      </trkpt>
      <trkpt lat="9.000019" lon="-79.579287">
        <time>2026-08-13T10:53:23Z</time>
      </trkpt>
      <trkpt lat="9.000042" lon="-79.579286">
        <time>2026-08-13T10:53:24Z</time>
      </trkpt>
      <trkpt lat="9.000063" lon="-79.579284">
        <time>2026-08-13T10:53:25Z</time>
      </trkpt>
      <trkpt lat="9.000086" lon="-79.579279">
        <time>2026-08-13T10:53:26Z</time>
      </trkpt>
      <trkpt lat="9.000106" lon="-79.579275">
        <time>2026-08-13T10:53:27Z</time>
      </trkpt>
      <trkpt lat="9.000128" lon="-79.579274">
        <time>2026-08-13T10:53:28Z</time>
      </trkpt>
      <trkpt lat="9.000152" lon="-79.579270">
        <time>2026-08-13T10:53:29Z</time>
      </trkpt>
      <trkpt lat="9.000177" lon="-79.579268">
        <time>2026-08-13T10:53:30Z</time>
      </trkpt>
      <trkpt lat="9.000199" lon="-79.579268">
        <time>2026-08-13T10:53:31Z</time>
      </trkpt>
      <trkpt lat="9.000220" lon="-79.579274">
        <time>2026-08-13T10:53:32Z</time>
      </trkpt>
      <trkpt lat="9.000236" lon="-79.579287">
        <time>2026-08-13T10:53:33Z</time>
      </trkpt>
      <trkpt lat="9.000236" lon="-79.579311">
        <time>2026-08-13T10:53:34Z</time>
      </trkpt>
      <trkpt lat="9.000240" lon="-79.579335">
        <time>2026-08-13T10:53:35Z</time>
      </trkpt>
      <trkpt lat="9.000244" lon="-79.579356">
        <time>2026-08-13T10:53:36Z</time>
      </trkpt>
      <trkpt lat="9.000248" lon="-79.579378">
        <time>2026-08-13T10:53:37Z</time>
      </trkpt>
      <trkpt lat="9.000248" lon="-79.579402">
        <time>2026-08-13T10:53:38Z</time>
      </trkpt>
      <trkpt lat="9.000249" lon="-79.579424">
        <time>2026-08-13T10:53:39Z</time>
      </trkpt>
      <trkpt lat="9.000251" lon="-79.579445">
        <time>2026-08-13T10:53:40Z</time>
      </trkpt>
      <trkpt lat="9.000251" lon="-79.579469">
        <time>2026-08-13T10:53:41Z</time>
      </trkpt>
      <trkpt lat="9.000254" lon="-79.579494">
        <time>2026-08-13T10:53:42Z</time>
      </trkpt>
      <trkpt lat="9.000252" lon="-79.579517">
        <time>2026-08-13T10:53:43Z</time>
      </trkpt>
      <trkpt lat="9.000251" lon="-79.579541">
        <time>2026-08-13T10:53:44Z</time>
      </trkpt>
      <trkpt lat="9.000251" lon="-79.579566">
        <time>2026-08-13T10:53:45Z</time>
      </trkpt>
      <trkpt lat="9.000254" lon="-79.579591">
        <time>2026-08-13T10:53:46Z</time>
      </trkpt>
      <trkpt lat="9.000253" lon="-79.579616">
        <time>2026-08-13T10:53:47Z</time>
      </trkpt>
      <trkpt lat="9.000257" lon="-79.579640">
        <time>2026-08-13T10:53:48Z</time>
      </trkpt>
      <trkpt lat="9.000260" lon="-79.579665">
        <time>2026-08-13T10:53:49Z</time>
      </trkpt>
      <trkpt lat="9.000260" lon="-79.579691">
        <time>2026-08-13T10:53:50Z</time>
      </trkpt>
      <trkpt lat="9.000262" lon="-79.579715">
        <time>2026-08-13T10:53:51Z</time>
      </trkpt>
      <trkpt lat="9.000263" lon="-79.579737">
        <time>2026-08-13T10:53:52Z</time>
      </trkpt>
      <trkpt lat="9.000265" lon="-79.579759">
        <time>2026-08-13T10:53:53Z</time>
      </trkpt>
      <trkpt lat="9.000267" lon="-79.579784">
        <time>2026-08-13T10:53:54Z</time>
      </trkpt>
      <trkpt lat="9.000268" lon="-79.579809">
        <time>2026-08-13T10:53:55Z</time>
      </trkpt>
      <trkpt lat="9.000270" lon="-79.579833">
        <time>2026-08-13T10:53:56Z</time>
      </trkpt>
      <trkpt lat="9.000269" lon="-79.579858">
        <time>2026-08-13T10:53:57Z</time>
      </trkpt>
      <trkpt lat="9.000267" lon="-79.579881">
        <time>2026-08-13T10:53:58Z</time>
      </trkpt>
      <trkpt lat="9.000267" lon="-79.579906">
        <time>2026-08-13T10:53:59Z</time>
      </trkpt>
      <trkpt lat="9.000268" lon="-79.579931">
        <time>2026-08-13T10:54:00Z</time>
      </trkpt>
      <trkpt lat="9.000268" lon="-79.579955">
        <time>2026-08-13T10:54:01Z</time>
      </trkpt>
      <trkpt lat="9.000270" lon="-79.579980">
        <time>2026-08-13T10:54:02Z</time>
      </trkpt>
      <trkpt lat="9.000270" lon="-79.580003">
        <time>2026-08-13T10:54:03Z</time>
      </trkpt>
      <trkpt lat="9.000272" lon="-79.580024">
        <time>2026-08-13T10:54:04Z</time>
      </trkpt>
      <trkpt lat="9.000274" lon="-79.580047">
        <time>2026-08-13T10:54:05Z</time>
      </trkpt>
      <trkpt lat="9.000276" lon="-79.580070">
        <time>2026-08-13T10:54:06Z</time>
      </trkpt>
      <trkpt lat="9.000280" lon="-79.580094">
        <time>2026-08-13T10:54:07Z</time>
      </trkpt>
      <trkpt lat="9.000286" lon="-79.580118">
        <time>2026-08-13T10:54:08Z</time>
      </trkpt>
      <trkpt lat="9.000294" lon="-79.580144">
        <time>2026-08-13T10:54:09Z</time>
      </trkpt>
      <trkpt lat="9.000306" lon="-79.580167">
        <time>2026-08-13T10:54:10Z</time>
      </trkpt>
      <trkpt lat="9.000321" lon="-79.580186">
        <time>2026-08-13T10:54:11Z</time>
      </trkpt>
      <trkpt lat="9.000342" lon="-79.580201">
        <time>2026-08-13T10:54:12Z</time>
      </trkpt>
      <trkpt lat="9.000363" lon="-79.580214">
        <time>2026-08-13T10:54:13Z</time>
      </trkpt>
      <trkpt lat="9.000388" lon="-79.580224">
        <time>2026-08-13T10:54:14Z</time>
      </trkpt>
      <trkpt lat="9.000415" lon="-79.580229">
        <time>2026-08-13T10:54:15Z</time>
      </trkpt>
      <trkpt lat="9.000447" lon="-79.580226">
        <time>2026-08-13T10:54:16Z</time>
      </trkpt>
      <trkpt lat="9.000476" lon="-79.580223">
        <time>2026-08-13T10:54:17Z</time>
      </trkpt>
      <trkpt lat="9.000501" lon="-79.580217">
        <time>2026-08-13T10:54:18Z</time>
      </trkpt>
      <trkpt lat="9.000525" lon="-79.580211">
        <time>2026-08-13T10:54:19Z</time>
      </trkpt>
      <trkpt lat="9.000551" lon="-79.580205">
        <time>2026-08-13T10:54:20Z</time>
      </trkpt>
      <trkpt lat="9.000576" lon="-79.580195">
        <time>2026-08-13T10:54:21Z</time>
      </trkpt>
      <trkpt lat="9.000602" lon="-79.580188">
        <time>2026-08-13T10:54:22Z</time>
      </trkpt>
      <trkpt lat="9.000624" lon="-79.580183">
        <time>2026-08-13T10:54:23Z</time>
      </trkpt>
      <trkpt lat="9.000648" lon="-79.580173">
        <time>2026-08-13T10:54:24Z</time>
      </trkpt>
      <trkpt lat="9.000671" lon="-79.580166">
        <time>2026-08-13T10:54:25Z</time>
      </trkpt>
      <trkpt lat="9.000691" lon="-79.580160">
        <time>2026-08-13T10:54:26Z</time>
      </trkpt>
      <trkpt lat="9.000715" lon="-79.580154">
        <time>2026-08-13T10:54:27Z</time>
      </trkpt>
      <trkpt lat="9.000737" lon="-79.580146">
        <time>2026-08-13T10:54:28Z</time>
      </trkpt>
      <trkpt lat="9.000759" lon="-79.580139">
        <time>2026-08-13T10:54:29Z</time>
      </trkpt>
      <trkpt lat="9.000783" lon="-79.580129">
        <time>2026-08-13T10:54:30Z</time>
      </trkpt>
      <trkpt lat="9.000805" lon="-79.580124">
        <time>2026-08-13T10:54:31Z</time>
      </trkpt>
      <trkpt lat="9.000829" lon="-79.580118">
        <time>2026-08-13T10:54:32Z</time>
      </trkpt>
      <trkpt lat="9.000852" lon="-79.580106">
        <time>2026-08-13T10:54:33Z</time>
      </trkpt>
      <trkpt lat="9.000875" lon="-79.580097">
        <time>2026-08-13T10:54:34Z</time>
      </trkpt>
      <trkpt lat="9.000897" lon="-79.580088">
        <time>2026-08-13T10:54:35Z</time>
      </trkpt>
      <trkpt lat="9.000923" lon="-79.580071">
        <time>2026-08-13T10:54:36Z</time>
      </trkpt>
      <trkpt lat="9.000945" lon="-79.580061">
        <time>2026-08-13T10:54:37Z</time>
      </trkpt>
      <trkpt lat="9.000966" lon="-79.580047">
        <time>2026-08-13T10:54:38Z</time>
      </trkpt>
      <trkpt lat="9.000987" lon="-79.580028">
        <time>2026-08-13T10:54:39Z</time>
      </trkpt>
      <trkpt lat="9.001006" lon="-79.580012">
        <time>2026-08-13T10:54:40Z</time>
      </trkpt>
      <trkpt lat="9.001023" lon="-79.579992">
        <time>2026-08-13T10:54:41Z</time>
      </trkpt>
      <trkpt lat="9.001039" lon="-79.579970">
        <time>2026-08-13T10:54:42Z</time>
      </trkpt>
      <trkpt lat="9.001052" lon="-79.579949">
        <time>2026-08-13T10:54:43Z</time>
      </trkpt>
      <trkpt lat="9.001062" lon="-79.579924">
        <time>2026-08-13T10:54:44Z</time>
      </trkpt>
      <trkpt lat="9.001067" lon="-79.579899">
        <time>2026-08-13T10:54:45Z</time>
      </trkpt>
      <trkpt lat="9.001070" lon="-79.579874">
        <time>2026-08-13T10:54:46Z</time>
      </trkpt>
      <trkpt lat="9.001075" lon="-79.579846">
        <time>2026-08-13T10:54:47Z</time>
      </trkpt>
      <trkpt lat="9.001076" lon="-79.579823">
        <time>2026-08-13T10:54:48Z</time>
      </trkpt>
      <trkpt lat="9.001074" lon="-79.579797">
        <time>2026-08-13T10:54:49Z</time>
      </trkpt>
      <trkpt lat="9.001069" lon="-79.579768">
        <time>2026-08-13T10:54:50Z</time>
      </trkpt>
      <trkpt lat="9.001065" lon="-79.579742">
        <time>2026-08-13T10:54:51Z</time>
      </trkpt>
      <trkpt lat="9.001060" lon="-79.579716">
        <time>2026-08-13T10:54:52Z</time>
      </trkpt>
      <trkpt lat="9.001054" lon="-79.579691">
        <time>2026-08-13T10:54:53Z</time>
      </trkpt>
      <trkpt lat="9.001050" lon="-79.579669">
        <time>2026-08-13T10:54:54Z</time>
      </trkpt>
      <trkpt lat="9.001043" lon="-79.579643">
        <time>2026-08-13T10:54:55Z</time>
      </trkpt>
      <trkpt lat="9.001039" lon="-79.579622">
        <time>2026-08-13T10:54:56Z</time>
      </trkpt>
      <trkpt lat="9.001034" lon="-79.579599">
        <time>2026-08-13T10:54:57Z</time>
      </trkpt>
      <trkpt lat="9.001027" lon="-79.579574">
        <time>2026-08-13T10:54:58Z</time>
      </trkpt>
      <trkpt lat="9.001022" lon="-79.579552">
        <time>2026-08-13T10:54:59Z</time>
      </trkpt>
      <trkpt lat="9.001015" lon="-79.579531">
        <time>2026-08-13T10:55:00Z</time>
      </trkpt>
      <trkpt lat="9.001012" lon="-79.579509">
        <time>2026-08-13T10:55:01Z</time>
      </trkpt>
      <trkpt lat="9.001008" lon="-79.579487">
        <time>2026-08-13T10:55:02Z</time>
      </trkpt>
      <trkpt lat="9.001003" lon="-79.579464">
        <time>2026-08-13T10:55:03Z</time>
      </trkpt>
      <trkpt lat="9.000998" lon="-79.579441">
        <time>2026-08-13T10:55:04Z</time>
      </trkpt>
      <trkpt lat="9.000997" lon="-79.579419">
        <time>2026-08-13T10:55:05Z</time>
      </trkpt>
      <trkpt lat="9.000996" lon="-79.579396">
        <time>2026-08-13T10:55:06Z</time>
      </trkpt>
      <trkpt lat="9.000994" lon="-79.579375">
        <time>2026-08-13T10:55:07Z</time>
      </trkpt>
      <trkpt lat="9.000997" lon="-79.579354">
        <time>2026-08-13T10:55:08Z</time>
      </trkpt>
      <trkpt lat="9.001003" lon="-79.579331">
        <time>2026-08-13T10:55:09Z</time>
      </trkpt>
      <trkpt lat="9.001007" lon="-79.579310">
        <time>2026-08-13T10:55:10Z</time>
      </trkpt>
      <trkpt lat="9.001013" lon="-79.579289">
        <time>2026-08-13T10:55:11Z</time>
      </trkpt>
      <trkpt lat="9.001021" lon="-79.579268">
        <time>2026-08-13T10:55:12Z</time>
      </trkpt>
      <trkpt lat="9.001033" lon="-79.579250">
        <time>2026-08-13T10:55:13Z</time>
      </trkpt>
      <trkpt lat="9.001044" lon="-79.579231">
        <time>2026-08-13T10:55:14Z</time>
      </trkpt>
      <trkpt lat="9.001057" lon="-79.579212">
        <time>2026-08-13T10:55:15Z</time>
      </trkpt>
      <trkpt lat="9.001074" lon="-79.579196">
        <time>2026-08-13T10:55:16Z</time>
      </trkpt>
      <trkpt lat="9.001090" lon="-79.579180">
        <time>2026-08-13T10:55:17Z</time>
      </trkpt>
      <trkpt lat="9.001111" lon="-79.579167">
        <time>2026-08-13T10:55:18Z</time>
      </trkpt>
      <trkpt lat="9.001129" lon="-79.579156">
        <time>2026-08-13T10:55:19Z</time>
      </trkpt>
      <trkpt lat="9.001148" lon="-79.579148">
        <time>2026-08-13T10:55:20Z</time>
      </trkpt>
      <trkpt lat="9.001171" lon="-79.579139">
        <time>2026-08-13T10:55:21Z</time>
      </trkpt>
      <trkpt lat="9.001190" lon="-79.579133">
        <time>2026-08-13T10:55:22Z</time>
      </trkpt>
      <trkpt lat="9.001211" lon="-79.579123">
        <time>2026-08-13T10:55:23Z</time>
      </trkpt>
      <trkpt lat="9.001231" lon="-79.579113">
        <time>2026-08-13T10:55:24Z</time>
      </trkpt>
      <trkpt lat="9.001250" lon="-79.579103">
        <time>2026-08-13T10:55:25Z</time>
      </trkpt>
      <trkpt lat="9.001271" lon="-79.579092">
        <time>2026-08-13T10:55:26Z</time>
      </trkpt>
      <trkpt lat="9.001292" lon="-79.579085">
        <time>2026-08-13T10:55:27Z</time>
      </trkpt>
      <trkpt lat="9.001314" lon="-79.579079">
        <time>2026-08-13T10:55:28Z</time>
      </trkpt>
      <trkpt lat="9.001338" lon="-79.579075">
        <time>2026-08-13T10:55:29Z</time>
      </trkpt>
      <trkpt lat="9.001362" lon="-79.579074">
        <time>2026-08-13T10:55:30Z</time>
      </trkpt>
      <trkpt lat="9.001382" lon="-79.579074">
        <time>2026-08-13T10:55:31Z</time>
      </trkpt>
      <trkpt lat="9.001404" lon="-79.579072">
        <time>2026-08-13T10:55:32Z</time>
      </trkpt>
      <trkpt lat="9.001425" lon="-79.579074">
        <time>2026-08-13T10:55:33Z</time>
      </trkpt>
      <trkpt lat="9.001444" lon="-79.579078">
        <time>2026-08-13T10:55:34Z</time>
      </trkpt>
      <trkpt lat="9.001467" lon="-79.579082">
        <time>2026-08-13T10:55:35Z</time>
      </trkpt>
      <trkpt lat="9.001490" lon="-79.579089">
        <time>2026-08-13T10:55:36Z</time>
      </trkpt>
      <trkpt lat="9.001509" lon="-79.579097">
        <time>2026-08-13T10:55:37Z</time>
      </trkpt>
      <trkpt lat="9.001531" lon="-79.579105">
        <time>2026-08-13T10:55:38Z</time>
      </trkpt>
      <trkpt lat="9.001551" lon="-79.579117">
        <time>2026-08-13T10:55:39Z</time>
      </trkpt>
      <trkpt lat="9.001567" lon="-79.579131">
        <time>2026-08-13T10:55:40Z</time>
      </trkpt>
      <trkpt lat="9.001586" lon="-79.579146">
        <time>2026-08-13T10:55:41Z</time>
      </trkpt>
      <trkpt lat="9.001602" lon="-79.579158">
        <time>2026-08-13T10:55:42Z</time>
      </trkpt>
      <trkpt lat="9.001617" lon="-79.579175">
        <time>2026-08-13T10:55:43Z</time>
      </trkpt>
      <trkpt lat="9.001634" lon="-79.579193">
        <time>2026-08-13T10:55:44Z</time>
      </trkpt>
      <trkpt lat="9.001644" lon="-79.579214">
        <time>2026-08-13T10:55:45Z</time>
      </trkpt>
      <trkpt lat="9.001656" lon="-79.579232">
        <time>2026-08-13T10:55:46Z</time>
      </trkpt>
      <trkpt lat="9.001665" lon="-79.579250">
        <time>2026-08-13T10:55:47Z</time>
      </trkpt>
      <trkpt lat="9.001667" lon="-79.579255">
        <time>2026-08-13T10:55:48Z</time>
      </trkpt>
      <trkpt lat="9.001668" lon="-79.579260">
        <time>2026-08-13T10:55:49Z</time>
      </trkpt>
      <trkpt lat="9.001667" lon="-79.579263">
        <time>2026-08-13T10:55:50Z</time>
      </trkpt>
      <trkpt lat="9.001667" lon="-79.579263">
        <time>2026-08-13T10:55:51Z</time>
      </trkpt>
      <trkpt lat="9.001667" lon="-79.579263">
        <time>2026-08-13T10:55:52Z</time>
      </trkpt>
      <trkpt lat="9.001667" lon="-79.579263">
        <time>2026-08-13T10:55:53Z</time>
      </trkpt>
      <trkpt lat="9.001667" lon="-79.579263">
        <time>2026-08-13T10:55:54Z</time>
      </trkpt>
      <trkpt lat="9.001667" lon="-79.579263">
        <time>2026-08-13T10:55:55Z</time>
      </trkpt>
      <trkpt lat="9.001667" lon="-79.579263">
        <time>2026-08-13T10:55:56Z</time>
      </trkpt>
      <trkpt lat="9.001667" lon="-79.579263">
        <time>2026-08-13T10:55:57Z</time>
      </trkpt>
      <trkpt lat="9.001667" lon="-79.579263">
        <time>2026-08-13T10:55:58Z</time>
      </trkpt>
      <trkpt lat="9.001667" lon="-79.579263">
        <time>2026-08-13T10:55:59Z</time>
      </trkpt>
      <trkpt lat="9.001667" lon="-79.579263">
        <time>2026-08-13T10:56:00Z</time>
      </trkpt>
      <trkpt lat="9.001666" lon="-79.579264">
        <time>2026-08-13T10:56:01Z</time>
      </trkpt>
      <trkpt lat="9.001664" lon="-79.579266">
        <time>2026-08-13T10:56:02Z</time>
      </trkpt>
      <trkpt lat="9.001664" lon="-79.579271">
        <time>2026-08-13T10:56:03Z</time>
      </trkpt>
      <trkpt lat="9.001664" lon="-79.579275">
        <time>2026-08-13T10:56:04Z</time>
      </trkpt>
      <trkpt lat="9.001662" lon="-79.579281">
        <time>2026-08-13T10:56:05Z</time>
      </trkpt>
      <trkpt lat="9.001663" lon="-79.579285">
        <time>2026-08-13T10:56:06Z</time>
      </trkpt>
      <trkpt lat="9.001664" lon="-79.579287">
        <time>2026-08-13T10:56:07Z</time>
      </trkpt>
      <trkpt lat="9.001658" lon="-79.579294">
        <time>2026-08-13T10:56:08Z</time>
      </trkpt>
      <trkpt lat="9.001654" lon="-79.579301">
        <time>2026-08-13T10:56:09Z</time>
      </trkpt>
      <trkpt lat="9.001649" lon="-79.579310">
        <time>2026-08-13T10:56:10Z</time>
      </trkpt>
      <trkpt lat="9.001642" lon="-79.579326">
        <time>2026-08-13T10:56:11Z</time>
      </trkpt>
      <trkpt lat="9.001634" lon="-79.579347">
        <time>2026-08-13T10:56:12Z</time>
      </trkpt>
      <trkpt lat="9.001627" lon="-79.579362">
        <time>2026-08-13T10:56:13Z</time>
      </trkpt>
      <trkpt lat="9.001622" lon="-79.579380">
        <time>2026-08-13T10:56:14Z</time>
      </trkpt>
      <trkpt lat="9.001616" lon="-79.579403">
        <time>2026-08-13T10:56:15Z</time>
      </trkpt>
      <trkpt lat="9.001609" lon="-79.579423">
        <time>2026-08-13T10:56:16Z</time>
      </trkpt>
      <trkpt lat="9.001604" lon="-79.579447">
        <time>2026-08-13T10:56:17Z</time>
      </trkpt>
      <trkpt lat="9.001599" lon="-79.579472">
        <time>2026-08-13T10:56:18Z</time>
      </trkpt>
      <trkpt lat="9.001595" lon="-79.579496">
        <time>2026-08-13T10:56:19Z</time>
      </trkpt>
      <trkpt lat="9.001591" lon="-79.579521">
        <time>2026-08-13T10:56:20Z</time>
      </trkpt>
      <trkpt lat="9.001591" lon="-79.579547">
        <time>2026-08-13T10:56:21Z</time>
      </trkpt>
      <trkpt lat="9.001593" lon="-79.579569">
        <time>2026-08-13T10:56:22Z</time>
      </trkpt>
      <trkpt lat="9.001599" lon="-79.579595">
        <time>2026-08-13T10:56:23Z</time>
      </trkpt>
      <trkpt lat="9.001604" lon="-79.579618">
        <time>2026-08-13T10:56:24Z</time>
      </trkpt>
      <trkpt lat="9.001608" lon="-79.579642">
        <time>2026-08-13T10:56:25Z</time>
      </trkpt>
      <trkpt lat="9.001617" lon="-79.579666">
        <time>2026-08-13T10:56:26Z</time>
      </trkpt>
      <trkpt lat="9.001629" lon="-79.579689">
        <time>2026-08-13T10:56:27Z</time>
      </trkpt>
      <trkpt lat="9.001640" lon="-79.579711">
        <time>2026-08-13T10:56:28Z</time>
      </trkpt>
      <trkpt lat="9.001652" lon="-79.579734">
        <time>2026-08-13T10:56:29Z</time>
      </trkpt>
      <trkpt lat="9.001664" lon="-79.579756">
        <time>2026-08-13T10:56:30Z</time>
      </trkpt>
      <trkpt lat="9.001676" lon="-79.579778">
        <time>2026-08-13T10:56:31Z</time>
      </trkpt>
      <trkpt lat="9.001692" lon="-79.579799">
        <time>2026-08-13T10:56:32Z</time>
      </trkpt>
      <trkpt lat="9.001707" lon="-79.579818">
        <time>2026-08-13T10:56:33Z</time>
      </trkpt>
      <trkpt lat="9.001726" lon="-79.579837">
        <time>2026-08-13T10:56:34Z</time>
      </trkpt>
      <trkpt lat="9.001750" lon="-79.579854">
        <time>2026-08-13T10:56:35Z</time>
      </trkpt>
      <trkpt lat="9.001776" lon="-79.579859">
        <time>2026-08-13T10:56:36Z</time>
      </trkpt>
      <trkpt lat="9.001804" lon="-79.579857">
        <time>2026-08-13T10:56:37Z</time>
      </trkpt>
      <trkpt lat="9.001828" lon="-79.579855">
        <time>2026-08-13T10:56:38Z</time>
      </trkpt>
      <trkpt lat="9.001851" lon="-79.579849">
        <time>2026-08-13T10:56:39Z</time>
      </trkpt>
      <trkpt lat="9.001873" lon="-79.579843">
        <time>2026-08-13T10:56:40Z</time>
      </trkpt>
      <trkpt lat="9.001895" lon="-79.579836">
        <time>2026-08-13T10:56:41Z</time>
      </trkpt>
      <trkpt lat="9.001917" lon="-79.579827">
        <time>2026-08-13T10:56:42Z</time>
      </trkpt>
      <trkpt lat="9.001938" lon="-79.579817">
        <time>2026-08-13T10:56:43Z</time>
      </trkpt>
      <trkpt lat="9.001960" lon="-79.579808">
        <time>2026-08-13T10:56:44Z</time>
      </trkpt>
      <trkpt lat="9.001984" lon="-79.579800">
        <time>2026-08-13T10:56:45Z</time>
      </trkpt>
      <trkpt lat="9.002008" lon="-79.579793">
        <time>2026-08-13T10:56:46Z</time>
      </trkpt>
      <trkpt lat="9.002031" lon="-79.579786">
        <time>2026-08-13T10:56:47Z</time>
      </trkpt>
      <trkpt lat="9.002055" lon="-79.579781">
        <time>2026-08-13T10:56:48Z</time>
      </trkpt>
      <trkpt lat="9.002074" lon="-79.579778">
        <time>2026-08-13T10:56:49Z</time>
      </trkpt>
      <trkpt lat="9.002094" lon="-79.579776">
        <time>2026-08-13T10:56:50Z</time>
      </trkpt>
      <trkpt lat="9.002116" lon="-79.579770">
        <time>2026-08-13T10:56:51Z</time>
      </trkpt>
      <trkpt lat="9.002134" lon="-79.579766">
        <time>2026-08-13T10:56:52Z</time>
      </trkpt>
      <trkpt lat="9.002153" lon="-79.579765">
        <time>2026-08-13T10:56:53Z</time>
      </trkpt>
      <trkpt lat="9.002173" lon="-79.579767">
        <time>2026-08-13T10:56:54Z</time>
      </trkpt>
      <trkpt lat="9.002193" lon="-79.579771">
        <time>2026-08-13T10:56:55Z</time>
      </trkpt>
      <trkpt lat="9.002215" lon="-79.579774">
        <time>2026-08-13T10:56:56Z</time>
      </trkpt>
      <trkpt lat="9.002237" lon="-79.579778">
        <time>2026-08-13T10:56:57Z</time>
      </trkpt>
      <trkpt lat="9.002259" lon="-79.579787">
        <time>2026-08-13T10:56:58Z</time>
      </trkpt>
      <trkpt lat="9.002276" lon="-79.579797">
        <time>2026-08-13T10:56:59Z</time>
      </trkpt>
      <trkpt lat="9.002296" lon="-79.579804">
        <time>2026-08-13T10:57:00Z</time>
      </trkpt>
      <trkpt lat="9.002316" lon="-79.579815">
        <time>2026-08-13T10:57:01Z</time>
      </trkpt>
      <trkpt lat="9.002335" lon="-79.579823">
        <time>2026-08-13T10:57:02Z</time>
      </trkpt>
      <trkpt lat="9.002357" lon="-79.579831">
        <time>2026-08-13T10:57:03Z</time>
      </trkpt>
      <trkpt lat="9.002381" lon="-79.579839">
        <time>2026-08-13T10:57:04Z</time>
      </trkpt>
      <trkpt lat="9.002403" lon="-79.579842">
        <time>2026-08-13T10:57:05Z</time>
      </trkpt>
      <trkpt lat="9.002426" lon="-79.579844">
        <time>2026-08-13T10:57:06Z</time>
      </trkpt>
      <trkpt lat="9.002453" lon="-79.579845">
        <time>2026-08-13T10:57:07Z</time>
      </trkpt>
      <trkpt lat="9.002477" lon="-79.579846">
        <time>2026-08-13T10:57:08Z</time>
      </trkpt>
      <trkpt lat="9.002499" lon="-79.579841">
        <time>2026-08-13T10:57:09Z</time>
      </trkpt>
      <trkpt lat="9.002521" lon="-79.579840">
        <time>2026-08-13T10:57:10Z</time>
      </trkpt>
      <trkpt lat="9.002543" lon="-79.579834">
        <time>2026-08-13T10:57:11Z</time>
      </trkpt>
      <trkpt lat="9.002565" lon="-79.579828">
        <time>2026-08-13T10:57:12Z</time>
      </trkpt>
      <trkpt lat="9.002585" lon="-79.579826">
        <time>2026-08-13T10:57:13Z</time>
      </trkpt>
      <trkpt lat="9.002610" lon="-79.579823">
        <time>2026-08-13T10:57:14Z</time>
      </trkpt>
      <trkpt lat="9.002635" lon="-79.579816">
        <time>2026-08-13T10:57:15Z</time>
      </trkpt>
      <trkpt lat="9.002656" lon="-79.579806">
        <time>2026-08-13T10:57:16Z</time>
      </trkpt>
      <trkpt lat="9.002675" lon="-79.579789">
        <time>2026-08-13T10:57:17Z</time>
      </trkpt>
      <trkpt lat="9.002696" lon="-79.579767">
        <time>2026-08-13T10:57:18Z</time>
      </trkpt>
      <trkpt lat="9.002712" lon="-79.579749">
        <time>2026-08-13T10:57:19Z</time>
      </trkpt>
      <trkpt lat="9.002727" lon="-79.579726">
        <time>2026-08-13T10:57:20Z</time>
      </trkpt>
      <trkpt lat="9.002742" lon="-79.579706">
        <time>2026-08-13T10:57:21Z</time>
      </trkpt>
      <trkpt lat="9.002758" lon="-79.579687">
        <time>2026-08-13T10:57:22Z</time>
      </trkpt>
      <trkpt lat="9.002769" lon="-79.579667">
        <time>2026-08-13T10:57:23Z</time>
      </trkpt>
      <trkpt lat="9.002782" lon="-79.579650">
        <time>2026-08-13T10:57:24Z</time>
      </trkpt>
      <trkpt lat="9.002796" lon="-79.579636">
        <time>2026-08-13T10:57:25Z</time>
      </trkpt>
      <trkpt lat="9.002807" lon="-79.579619">
        <time>2026-08-13T10:57:26Z</time>
      </trkpt>
      <trkpt lat="9.002819" lon="-79.579602">
        <time>2026-08-13T10:57:27Z</time>
      </trkpt>
      <trkpt lat="9.002830" lon="-79.579580">
        <time>2026-08-13T10:57:28Z</time>
      </trkpt>
      <trkpt lat="9.002840" lon="-79.579557">
        <time>2026-08-13T10:57:29Z</time>
      </trkpt>
      <trkpt lat="9.002852" lon="-79.579540">
        <time>2026-08-13T10:57:30Z</time>
      </trkpt>
      <trkpt lat="9.002864" lon="-79.579519">
        <time>2026-08-13T10:57:31Z</time>
      </trkpt>
      <trkpt lat="9.002877" lon="-79.579498">
        <time>2026-08-13T10:57:32Z</time>
      </trkpt>
      <trkpt lat="9.002887" lon="-79.579479">
        <time>2026-08-13T10:57:33Z</time>
      </trkpt>
      <trkpt lat="9.002893" lon="-79.579457">
        <time>2026-08-13T10:57:34Z</time>
      </trkpt>
      <trkpt lat="9.002899" lon="-79.579435">
        <time>2026-08-13T10:57:35Z</time>
      </trkpt>
      <trkpt lat="9.002907" lon="-79.579412">
        <time>2026-08-13T10:57:36Z</time>
      </trkpt>
      <trkpt lat="9.002910" lon="-79.579389">
        <time>2026-08-13T10:57:37Z</time>
      </trkpt>
      <trkpt lat="9.002917" lon="-79.579368">
        <time>2026-08-13T10:57:38Z</time>
      </trkpt>
      <trkpt lat="9.002922" lon="-79.579344">
        <time>2026-08-13T10:57:39Z</time>
      </trkpt>
      <trkpt lat="9.002925" lon="-79.579319">
        <time>2026-08-13T10:57:40Z</time>
      </trkpt>
      <trkpt lat="9.002930" lon="-79.579296">
        <time>2026-08-13T10:57:41Z</time>
      </trkpt>
      <trkpt lat="9.002934" lon="-79.579272">
        <time>2026-08-13T10:57:42Z</time>
      </trkpt>
      <trkpt lat="9.002936" lon="-79.579247">
        <time>2026-08-13T10:57:43Z</time>
      </trkpt>
      <trkpt lat="9.002938" lon="-79.579223">
        <time>2026-08-13T10:57:44Z</time>
      </trkpt>
      <trkpt lat="9.002944" lon="-79.579201">
        <time>2026-08-13T10:57:45Z</time>
      </trkpt>
      <trkpt lat="9.002947" lon="-79.579178">
        <time>2026-08-13T10:57:46Z</time>
      </trkpt>
      <trkpt lat="9.002952" lon="-79.579156">
        <time>2026-08-13T10:57:47Z</time>
      </trkpt>
      <trkpt lat="9.002959" lon="-79.579136">
        <time>2026-08-13T10:57:48Z</time>
      </trkpt>
      <trkpt lat="9.002967" lon="-79.579114">
        <time>2026-08-13T10:57:49Z</time>
      </trkpt>
      <trkpt lat="9.002971" lon="-79.579093">
        <time>2026-08-13T10:57:50Z</time>
      </trkpt>
      <trkpt lat="9.002972" lon="-79.579069">
        <time>2026-08-13T10:57:51Z</time>
      </trkpt>
      <trkpt lat="9.002972" lon="-79.579044">
        <time>2026-08-13T10:57:52Z</time>
      </trkpt>
      <trkpt lat="9.002977" lon="-79.579023">
        <time>2026-08-13T10:57:53Z</time>
      </trkpt>
      <trkpt lat="9.002981" lon="-79.578999">
        <time>2026-08-13T10:57:54Z</time>
      </trkpt>
      <trkpt lat="9.002983" lon="-79.578976">
        <time>2026-08-13T10:57:55Z</time>
      </trkpt>
      <trkpt lat="9.002985" lon="-79.578953">
        <time>2026-08-13T10:57:56Z</time>
      </trkpt>
      <trkpt lat="9.002988" lon="-79.578928">
        <time>2026-08-13T10:57:57Z</time>
      </trkpt>
      <trkpt lat="9.002988" lon="-79.578906">
        <time>2026-08-13T10:57:58Z</time>
      </trkpt>
      <trkpt lat="9.002989" lon="-79.578885">
        <time>2026-08-13T10:57:59Z</time>
      </trkpt>
      <trkpt lat="9.002989" lon="-79.578861">
        <time>2026-08-13T10:58:00Z</time>
      </trkpt>
      <trkpt lat="9.002988" lon="-79.578839">
        <time>2026-08-13T10:58:01Z</time>
      </trkpt>
      <trkpt lat="9.002989" lon="-79.578819">
        <time>2026-08-13T10:58:02Z</time>
      </trkpt>
      <trkpt lat="9.002987" lon="-79.578797">
        <time>2026-08-13T10:58:03Z</time>
      </trkpt>
      <trkpt lat="9.002983" lon="-79.578774">
        <time>2026-08-13T10:58:04Z</time>
      </trkpt>
      <trkpt lat="9.002978" lon="-79.578753">
        <time>2026-08-13T10:58:05Z</time>
      </trkpt>
      <trkpt lat="9.002975" lon="-79.578730">
        <time>2026-08-13T10:58:06Z</time>
      </trkpt>
      <trkpt lat="9.002971" lon="-79.578708">
        <time>2026-08-13T10:58:07Z</time>
      </trkpt>
      <trkpt lat="9.002966" lon="-79.578684">
        <time>2026-08-13T10:58:08Z</time>
      </trkpt>
      <trkpt lat="9.002964" lon="-79.578662">
        <time>2026-08-13T10:58:09Z</time>
      </trkpt>
      <trkpt lat="9.002959" lon="-79.578643">
        <time>2026-08-13T10:58:10Z</time>
      </trkpt>
      <trkpt lat="9.002954" lon="-79.578622">
        <time>2026-08-13T10:58:11Z</time>
      </trkpt>
      <trkpt lat="9.002952" lon="-79.578601">
        <time>2026-08-13T10:58:12Z</time>
      </trkpt>
      <trkpt lat="9.002951" lon="-79.578583">
        <time>2026-08-13T10:58:13Z</time>
      </trkpt>
      <trkpt lat="9.002946" lon="-79.578563">
        <time>2026-08-13T10:58:14Z</time>
      </trkpt>
      <trkpt lat="9.002942" lon="-79.578543">
        <time>2026-08-13T10:58:15Z</time>
      </trkpt>
      <trkpt lat="9.002938" lon="-79.578523">
        <time>2026-08-13T10:58:16Z</time>
      </trkpt>
      <trkpt lat="9.002933" lon="-79.578501">
        <time>2026-08-13T10:58:17Z</time>
      </trkpt>
      <trkpt lat="9.002929" lon="-79.578478">
        <time>2026-08-13T10:58:18Z</time>
      </trkpt>
      <trkpt lat="9.002926" lon="-79.578456">
        <time>2026-08-13T10:58:19Z</time>
      </trkpt>
      <trkpt lat="9.002919" lon="-79.578433">
        <time>2026-08-13T10:58:20Z</time>
      </trkpt>
      <trkpt lat="9.002913" lon="-79.578410">
        <time>2026-08-13T10:58:21Z</time>
      </trkpt>
      <trkpt lat="9.002907" lon="-79.578387">
        <time>2026-08-13T10:58:22Z</time>
      </trkpt>
      <trkpt lat="9.002901" lon="-79.578361">
        <time>2026-08-13T10:58:23Z</time>
      </trkpt>
      <trkpt lat="9.002897" lon="-79.578339">
        <time>2026-08-13T10:58:24Z</time>
      </trkpt>
      <trkpt lat="9.002891" lon="-79.578314">
        <time>2026-08-13T10:58:25Z</time>
      </trkpt>
      <trkpt lat="9.002885" lon="-79.578292">
        <time>2026-08-13T10:58:26Z</time>
      </trkpt>
      <trkpt lat="9.002881" lon="-79.578269">
        <time>2026-08-13T10:58:27Z</time>
      </trkpt>
      <trkpt lat="9.002876" lon="-79.578244">
        <time>2026-08-13T10:58:28Z</time>
      </trkpt>
      <trkpt lat="9.002872" lon="-79.578222">
        <time>2026-08-13T10:58:29Z</time>
      </trkpt>
      <trkpt lat="9.002865" lon="-79.578199">
        <time>2026-08-13T10:58:30Z</time>
      </trkpt>
      <trkpt lat="9.002856" lon="-79.578174">
        <time>2026-08-13T10:58:31Z</time>
      </trkpt>
      <trkpt lat="9.002849" lon="-79.578149">
        <time>2026-08-13T10:58:32Z</time>
      </trkpt>
      <trkpt lat="9.002838" lon="-79.578127">
        <time>2026-08-13T10:58:33Z</time>
      </trkpt>
      <trkpt lat="9.002827" lon="-79.578105">
        <time>2026-08-13T10:58:34Z</time>
      </trkpt>
      <trkpt lat="9.002815" lon="-79.578082">
        <time>2026-08-13T10:58:35Z</time>
      </trkpt>
      <trkpt lat="9.002803" lon="-79.578060">
        <time>2026-08-13T10:58:36Z</time>
      </trkpt>
      <trkpt lat="9.002790" lon="-79.578035">
        <time>2026-08-13T10:58:37Z</time>
      </trkpt>
      <trkpt lat="9.002775" lon="-79.578013">
        <time>2026-08-13T10:58:38Z</time>
      </trkpt>
      <trkpt lat="9.002757" lon="-79.577992">
        <time>2026-08-13T10:58:39Z</time>
      </trkpt>
      <trkpt lat="9.002742" lon="-79.577969">
        <time>2026-08-13T10:58:40Z</time>
      </trkpt>
      <trkpt lat="9.002719" lon="-79.577946">
        <time>2026-08-13T10:58:41Z</time>
      </trkpt>
      <trkpt lat="9.002701" lon="-79.577928">
        <time>2026-08-13T10:58:42Z</time>
      </trkpt>
      <trkpt lat="9.002679" lon="-79.577908">
        <time>2026-08-13T10:58:43Z</time>
      </trkpt>
      <trkpt lat="9.002662" lon="-79.577890">
        <time>2026-08-13T10:58:44Z</time>
      </trkpt>
      <trkpt lat="9.002646" lon="-79.577875">
        <time>2026-08-13T10:58:45Z</time>
      </trkpt>
      <trkpt lat="9.002628" lon="-79.577858">
        <time>2026-08-13T10:58:46Z</time>
      </trkpt>
      <trkpt lat="9.002612" lon="-79.577842">
        <time>2026-08-13T10:58:47Z</time>
      </trkpt>
      <trkpt lat="9.002596" lon="-79.577824">
        <time>2026-08-13T10:58:48Z</time>
      </trkpt>
      <trkpt lat="9.002579" lon="-79.577807">
        <time>2026-08-13T10:58:49Z</time>
      </trkpt>
      <trkpt lat="9.002563" lon="-79.577793">
        <time>2026-08-13T10:58:50Z</time>
      </trkpt>
      <trkpt lat="9.002544" lon="-79.577778">
        <time>2026-08-13T10:58:51Z</time>
      </trkpt>
      <trkpt lat="9.002528" lon="-79.577761">
        <time>2026-08-13T10:58:52Z</time>
      </trkpt>
      <trkpt lat="9.002511" lon="-79.577749">
        <time>2026-08-13T10:58:53Z</time>
      </trkpt>
      <trkpt lat="9.002492" lon="-79.577737">
        <time>2026-08-13T10:58:54Z</time>
      </trkpt>
      <trkpt lat="9.002473" lon="-79.577720">
        <time>2026-08-13T10:58:55Z</time>
      </trkpt>
      <trkpt lat="9.002455" lon="-79.577703">
        <time>2026-08-13T10:58:56Z</time>
      </trkpt>
      <trkpt lat="9.002439" lon="-79.577686">
        <time>2026-08-13T10:58:57Z</time>
      </trkpt>
      <trkpt lat="9.002420" lon="-79.577672">
        <time>2026-08-13T10:58:58Z</time>
      </trkpt>
      <trkpt lat="9.002401" lon="-79.577657">
        <time>2026-08-13T10:58:59Z</time>
      </trkpt>
      <trkpt lat="9.002382" lon="-79.577639">
        <time>2026-08-13T10:59:00Z</time>
      </trkpt>
      <trkpt lat="9.002363" lon="-79.577625">
        <time>2026-08-13T10:59:01Z</time>
      </trkpt>
      <trkpt lat="9.002341" lon="-79.577612">
        <time>2026-08-13T10:59:02Z</time>
      </trkpt>
      <trkpt lat="9.002321" lon="-79.577598">
        <time>2026-08-13T10:59:03Z</time>
      </trkpt>
      <trkpt lat="9.002302" lon="-79.577585">
        <time>2026-08-13T10:59:04Z</time>
      </trkpt>
      <trkpt lat="9.002282" lon="-79.577570">
        <time>2026-08-13T10:59:05Z</time>
      </trkpt>
      <trkpt lat="9.002262" lon="-79.577557">
        <time>2026-08-13T10:59:06Z</time>
      </trkpt>
      <trkpt lat="9.002242" lon="-79.577542">
        <time>2026-08-13T10:59:07Z</time>
      </trkpt>
      <trkpt lat="9.002223" lon="-79.577526">
        <time>2026-08-13T10:59:08Z</time>
      </trkpt>
      <trkpt lat="9.002201" lon="-79.577513">
        <time>2026-08-13T10:59:09Z</time>
      </trkpt>
      <trkpt lat="9.002181" lon="-79.577499">
        <time>2026-08-13T10:59:10Z</time>
      </trkpt>
      <trkpt lat="9.002161" lon="-79.577486">
        <time>2026-08-13T10:59:11Z</time>
      </trkpt>
      <trkpt lat="9.002138" lon="-79.577473">
        <time>2026-08-13T10:59:12Z</time>
      </trkpt>
      <trkpt lat="9.002116" lon="-79.577461">
        <time>2026-08-13T10:59:13Z</time>
      </trkpt>
      <trkpt lat="9.002094" lon="-79.577448">
        <time>2026-08-13T10:59:14Z</time>
      </trkpt>
      <trkpt lat="9.002070" lon="-79.577436">
        <time>2026-08-13T10:59:15Z</time>
      </trkpt>
      <trkpt lat="9.002049" lon="-79.577423">
        <time>2026-08-13T10:59:16Z</time>
      </trkpt>
      <trkpt lat="9.002029" lon="-79.577412">
        <time>2026-08-13T10:59:17Z</time>
      </trkpt>
      <trkpt lat="9.002007" lon="-79.577399">
        <time>2026-08-13T10:59:18Z</time>
      </trkpt>
      <trkpt lat="9.001988" lon="-79.577385">
        <time>2026-08-13T10:59:19Z</time>
      </trkpt>
      <trkpt lat="9.001967" lon="-79.577372">
        <time>2026-08-13T10:59:20Z</time>
      </trkpt>
      <trkpt lat="9.001948" lon="-79.577359">
        <time>2026-08-13T10:59:21Z</time>
      </trkpt>
      <trkpt lat="9.001930" lon="-79.577347">
        <time>2026-08-13T10:59:22Z</time>
      </trkpt>
      <trkpt lat="9.001909" lon="-79.577332">
        <time>2026-08-13T10:59:23Z</time>
      </trkpt>
      <trkpt lat="9.001887" lon="-79.577318">
        <time>2026-08-13T10:59:24Z</time>
      </trkpt>
      <trkpt lat="9.001868" lon="-79.577304">
        <time>2026-08-13T10:59:25Z</time>
      </trkpt>
      <trkpt lat="9.001847" lon="-79.577295">
        <time>2026-08-13T10:59:26Z</time>
      </trkpt>
      <trkpt lat="9.001826" lon="-79.577287">
        <time>2026-08-13T10:59:27Z</time>
      </trkpt>
      <trkpt lat="9.001805" lon="-79.577272">
        <time>2026-08-13T10:59:28Z</time>
      </trkpt>
      <trkpt lat="9.001784" lon="-79.577259">
        <time>2026-08-13T10:59:29Z</time>
      </trkpt>
      <trkpt lat="9.001764" lon="-79.577246">
        <time>2026-08-13T10:59:30Z</time>
      </trkpt>
      <trkpt lat="9.001743" lon="-79.577231">
        <time>2026-08-13T10:59:31Z</time>
      </trkpt>
      <trkpt lat="9.001724" lon="-79.577218">
        <time>2026-08-13T10:59:32Z</time>
      </trkpt>
      <trkpt lat="9.001701" lon="-79.577206">
        <time>2026-08-13T10:59:33Z</time>
      </trkpt>
      <trkpt lat="9.001683" lon="-79.577194">
        <time>2026-08-13T10:59:34Z</time>
      </trkpt>
      <trkpt lat="9.001663" lon="-79.577181">
        <time>2026-08-13T10:59:35Z</time>
      </trkpt>
      <trkpt lat="9.001640" lon="-79.577166">
        <time>2026-08-13T10:59:36Z</time>
      </trkpt>
      <trkpt lat="9.001619" lon="-79.577151">
        <time>2026-08-13T10:59:37Z</time>
      </trkpt>
      <trkpt lat="9.001597" lon="-79.577136">
        <time>2026-08-13T10:59:38Z</time>
      </trkpt>
      <trkpt lat="9.001577" lon="-79.577122">
        <time>2026-08-13T10:59:39Z</time>
      </trkpt>
      <trkpt lat="9.001558" lon="-79.577107">
        <time>2026-08-13T10:59:40Z</time>
      </trkpt>
      <trkpt lat="9.001537" lon="-79.577091">
        <time>2026-08-13T10:59:41Z</time>
      </trkpt>
      <trkpt lat="9.001512" lon="-79.577074">
        <time>2026-08-13T10:59:42Z</time>
      </trkpt>
      <trkpt lat="9.001485" lon="-79.577063">
        <time>2026-08-13T10:59:43Z</time>
      </trkpt>
      <trkpt lat="9.001459" lon="-79.577052">
        <time>2026-08-13T10:59:44Z</time>
      </trkpt>
      <trkpt lat="9.001438" lon="-79.577042">
        <time>2026-08-13T10:59:45Z</time>
      </trkpt>
      <trkpt lat="9.001416" lon="-79.577033">
        <time>2026-08-13T10:59:46Z</time>
      </trkpt>
      <trkpt lat="9.001392" lon="-79.577024">
        <time>2026-08-13T10:59:47Z</time>
      </trkpt>
      <trkpt lat="9.001371" lon="-79.577015">
        <time>2026-08-13T10:59:48Z</time>
      </trkpt>
      <trkpt lat="9.001349" lon="-79.577006">
        <time>2026-08-13T10:59:49Z</time>
      </trkpt>
      <trkpt lat="9.001325" lon="-79.576995">
        <time>2026-08-13T10:59:50Z</time>
      </trkpt>
      <trkpt lat="9.001301" lon="-79.576987">
        <time>2026-08-13T10:59:51Z</time>
      </trkpt>
      <trkpt lat="9.001276" lon="-79.576979">
        <time>2026-08-13T10:59:52Z</time>
      </trkpt>
      <trkpt lat="9.001251" lon="-79.576972">
        <time>2026-08-13T10:59:53Z</time>
      </trkpt>
      <trkpt lat="9.001226" lon="-79.576966">
        <time>2026-08-13T10:59:54Z</time>
      </trkpt>
      <trkpt lat="9.001202" lon="-79.576959">
        <time>2026-08-13T10:59:55Z</time>
      </trkpt>
      <trkpt lat="9.001179" lon="-79.576958">
        <time>2026-08-13T10:59:56Z</time>
      </trkpt>
      <trkpt lat="9.001155" lon="-79.576954">
        <time>2026-08-13T10:59:57Z</time>
      </trkpt>
      <trkpt lat="9.001129" lon="-79.576950">
        <time>2026-08-13T10:59:58Z</time>
      </trkpt>
      <trkpt lat="9.001105" lon="-79.576941">
        <time>2026-08-13T10:59:59Z</time>
      </trkpt>
      <trkpt lat="9.001076" lon="-79.576940">
        <time>2026-08-13T11:00:00Z</time>
      </trkpt>
      <trkpt lat="9.001049" lon="-79.576938">
        <time>2026-08-13T11:00:01Z</time>
      </trkpt>
      <trkpt lat="9.001024" lon="-79.576933">
        <time>2026-08-13T11:00:02Z</time>
      </trkpt>
      <trkpt lat="9.000998" lon="-79.576929">
        <time>2026-08-13T11:00:03Z</time>
      </trkpt>
      <trkpt lat="9.000972" lon="-79.576926">
        <time>2026-08-13T11:00:04Z</time>
      </trkpt>
      <trkpt lat="9.000947" lon="-79.576923">
        <time>2026-08-13T11:00:05Z</time>
      </trkpt>
      <trkpt lat="9.000921" lon="-79.576918">
        <time>2026-08-13T11:00:06Z</time>
      </trkpt>
      <trkpt lat="9.000898" lon="-79.576914">
        <time>2026-08-13T11:00:07Z</time>
      </trkpt>
      <trkpt lat="9.000874" lon="-79.576909">
        <time>2026-08-13T11:00:08Z</time>
      </trkpt>
      <trkpt lat="9.000851" lon="-79.576905">
        <time>2026-08-13T11:00:09Z</time>
      </trkpt>
      <trkpt lat="9.000826" lon="-79.576901">
        <time>2026-08-13T11:00:10Z</time>
      </trkpt>
      <trkpt lat="9.000801" lon="-79.576897">
        <time>2026-08-13T11:00:11Z</time>
      </trkpt>
      <trkpt lat="9.000780" lon="-79.576893">
        <time>2026-08-13T11:00:12Z</time>
      </trkpt>
      <trkpt lat="9.000755" lon="-79.576889">
        <time>2026-08-13T11:00:13Z</time>
      </trkpt>
      <trkpt lat="9.000731" lon="-79.576887">
        <time>2026-08-13T11:00:14Z</time>
      </trkpt>
      <trkpt lat="9.000706" lon="-79.576889">
        <time>2026-08-13T11:00:15Z</time>
      </trkpt>
      <trkpt lat="9.000680" lon="-79.576891">
        <time>2026-08-13T11:00:16Z</time>
      </trkpt>
      <trkpt lat="9.000656" lon="-79.576894">
        <time>2026-08-13T11:00:17Z</time>
      </trkpt>
      <trkpt lat="9.000631" lon="-79.576900">
        <time>2026-08-13T11:00:18Z</time>
      </trkpt>
      <trkpt lat="9.000603" lon="-79.576906">
        <time>2026-08-13T11:00:19Z</time>
      </trkpt>
      <trkpt lat="9.000574" lon="-79.576914">
        <time>2026-08-13T11:00:20Z</time>
      </trkpt>
      <trkpt lat="9.000545" lon="-79.576921">
        <time>2026-08-13T11:00:21Z</time>
      </trkpt>
      <trkpt lat="9.000518" lon="-79.576933">
        <time>2026-08-13T11:00:22Z</time>
      </trkpt>
      <trkpt lat="9.000490" lon="-79.576941">
        <time>2026-08-13T11:00:23Z</time>
      </trkpt>
      <trkpt lat="9.000464" lon="-79.576947">
        <time>2026-08-13T11:00:24Z</time>
      </trkpt>
      <trkpt lat="9.000443" lon="-79.576960">
        <time>2026-08-13T11:00:25Z</time>
      </trkpt>
      <trkpt lat="9.000421" lon="-79.576970">
        <time>2026-08-13T11:00:26Z</time>
      </trkpt>
      <trkpt lat="9.000398" lon="-79.576981">
        <time>2026-08-13T11:00:27Z</time>
      </trkpt>
      <trkpt lat="9.000379" lon="-79.576989">
        <time>2026-08-13T11:00:28Z</time>
      </trkpt>
      <trkpt lat="9.000356" lon="-79.576999">
        <time>2026-08-13T11:00:29Z</time>
      </trkpt>
      <trkpt lat="9.000336" lon="-79.577008">
        <time>2026-08-13T11:00:30Z</time>
      </trkpt>
      <trkpt lat="9.000315" lon="-79.577017">
        <time>2026-08-13T11:00:31Z</time>
      </trkpt>
      <trkpt lat="9.000294" lon="-79.577026">
        <time>2026-08-13T11:00:32Z</time>
      </trkpt>
      <trkpt lat="9.000273" lon="-79.577038">
        <time>2026-08-13T11:00:33Z</time>
      </trkpt>
      <trkpt lat="9.000251" lon="-79.577048">
        <time>2026-08-13T11:00:34Z</time>
      </trkpt>
      <trkpt lat="9.000230" lon="-79.577057">
        <time>2026-08-13T11:00:35Z</time>
      </trkpt>
      <trkpt lat="9.000209" lon="-79.577065">
        <time>2026-08-13T11:00:36Z</time>
      </trkpt>
      <trkpt lat="9.000190" lon="-79.577076">
        <time>2026-08-13T11:00:37Z</time>
      </trkpt>
      <trkpt lat="9.000170" lon="-79.577089">
        <time>2026-08-13T11:00:38Z</time>
      </trkpt>
      <trkpt lat="9.000147" lon="-79.577097">
        <time>2026-08-13T11:00:39Z</time>
      </trkpt>
      <trkpt lat="9.000127" lon="-79.577110">
        <time>2026-08-13T11:00:40Z</time>
      </trkpt>
      <trkpt lat="9.000109" lon="-79.577128">
        <time>2026-08-13T11:00:41Z</time>
      </trkpt>
      <trkpt lat="9.000089" lon="-79.577142">
        <time>2026-08-13T11:00:42Z</time>
      </trkpt>
      <trkpt lat="9.000070" lon="-79.577157">
        <time>2026-08-13T11:00:43Z</time>
      </trkpt>
      <trkpt lat="9.000050" lon="-79.577172">
        <time>2026-08-13T11:00:44Z</time>
      </trkpt>
      <trkpt lat="9.000030" lon="-79.577188">
        <time>2026-08-13T11:00:45Z</time>
      </trkpt>
      <trkpt lat="9.000011" lon="-79.577202">
        <time>2026-08-13T11:00:46Z</time>
      </trkpt>
      <trkpt lat="8.999989" lon="-79.577217">
        <time>2026-08-13T11:00:47Z</time>
      </trkpt>
      <trkpt lat="8.999966" lon="-79.577233">
        <time>2026-08-13T11:00:48Z</time>
      </trkpt>
      <trkpt lat="8.999944" lon="-79.577248">
        <time>2026-08-13T11:00:49Z</time>
      </trkpt>
      <trkpt lat="8.999921" lon="-79.577264">
        <time>2026-08-13T11:00:50Z</time>
      </trkpt>
      <trkpt lat="8.999902" lon="-79.577280">
        <time>2026-08-13T11:00:51Z</time>
      </trkpt>
      <trkpt lat="8.999882" lon="-79.577296">
        <time>2026-08-13T11:00:52Z</time>
      </trkpt>
      <trkpt lat="8.999863" lon="-79.577312">
        <time>2026-08-13T11:00:53Z</time>
      </trkpt>
      <trkpt lat="8.999844" lon="-79.577327">
        <time>2026-08-13T11:00:54Z</time>
      </trkpt>
      <trkpt lat="8.999825" lon="-79.577341">
        <time>2026-08-13T11:00:55Z</time>
      </trkpt>
      <trkpt lat="8.999806" lon="-79.577356">
        <time>2026-08-13T11:00:56Z</time>
      </trkpt>
      <trkpt lat="8.999786" lon="-79.577370">
        <time>2026-08-13T11:00:57Z</time>
      </trkpt>
      <trkpt lat="8.999766" lon="-79.577386">
        <time>2026-08-13T11:00:58Z</time>
      </trkpt>
      <trkpt lat="8.999747" lon="-79.577400">
        <time>2026-08-13T11:00:59Z</time>
      </trkpt>
      <trkpt lat="8.999727" lon="-79.577416">
        <time>2026-08-13T11:01:00Z</time>
      </trkpt>
      <trkpt lat="8.999707" lon="-79.577431">
        <time>2026-08-13T11:01:01Z</time>
      </trkpt>
      <trkpt lat="8.999688" lon="-79.577445">
        <time>2026-08-13T11:01:02Z</time>
      </trkpt>
      <trkpt lat="8.999668" lon="-79.577460">
        <time>2026-08-13T11:01:03Z</time>
      </trkpt>
      <trkpt lat="8.999649" lon="-79.577474">
        <time>2026-08-13T11:01:04Z</time>
      </trkpt>
      <trkpt lat="8.999628" lon="-79.577491">
        <time>2026-08-13T11:01:05Z</time>
      </trkpt>
      <trkpt lat="8.999607" lon="-79.577507">
        <time>2026-08-13T11:01:06Z</time>
      </trkpt>
      <trkpt lat="8.999587" lon="-79.577522">
        <time>2026-08-13T11:01:07Z</time>
      </trkpt>
      <trkpt lat="8.999566" lon="-79.577538">
        <time>2026-08-13T11:01:08Z</time>
      </trkpt>
      <trkpt lat="8.999546" lon="-79.577552">
        <time>2026-08-13T11:01:09Z</time>
      </trkpt>
      <trkpt lat="8.999526" lon="-79.577566">
        <time>2026-08-13T11:01:10Z</time>
      </trkpt>
      <trkpt lat="8.999506" lon="-79.577579">
        <time>2026-08-13T11:01:11Z</time>
      </trkpt>
      <trkpt lat="8.999489" lon="-79.577594">
        <time>2026-08-13T11:01:12Z</time>
      </trkpt>
      <trkpt lat="8.999469" lon="-79.577609">
        <time>2026-08-13T11:01:13Z</time>
      </trkpt>
      <trkpt lat="8.999449" lon="-79.577623">
        <time>2026-08-13T11:01:14Z</time>
      </trkpt>
      <trkpt lat="8.999429" lon="-79.577639">
        <time>2026-08-13T11:01:15Z</time>
      </trkpt>
      <trkpt lat="8.999410" lon="-79.577658">
        <time>2026-08-13T11:01:16Z</time>
      </trkpt>
      <trkpt lat="8.999392" lon="-79.577674">
        <time>2026-08-13T11:01:17Z</time>
      </trkpt>
      <trkpt lat="8.999372" lon="-79.577691">
        <time>2026-08-13T11:01:18Z</time>
      </trkpt>
      <trkpt lat="8.999352" lon="-79.577704">
        <time>2026-08-13T11:01:19Z</time>
      </trkpt>
      <trkpt lat="8.999333" lon="-79.577719">
        <time>2026-08-13T11:01:20Z</time>
      </trkpt>
      <trkpt lat="8.999314" lon="-79.577735">
        <time>2026-08-13T11:01:21Z</time>
      </trkpt>
      <trkpt lat="8.999295" lon="-79.577749">
        <time>2026-08-13T11:01:22Z</time>
      </trkpt>
      <trkpt lat="8.999275" lon="-79.577765">
        <time>2026-08-13T11:01:23Z</time>
      </trkpt>
      <trkpt lat="8.999255" lon="-79.577779">
        <time>2026-08-13T11:01:24Z</time>
      </trkpt>
      <trkpt lat="8.999234" lon="-79.577794">
        <time>2026-08-13T11:01:25Z</time>
      </trkpt>
      <trkpt lat="8.999211" lon="-79.577811">
        <time>2026-08-13T11:01:26Z</time>
      </trkpt>
      <trkpt lat="8.999190" lon="-79.577827">
        <time>2026-08-13T11:01:27Z</time>
      </trkpt>
      <trkpt lat="8.999167" lon="-79.577844">
        <time>2026-08-13T11:01:28Z</time>
      </trkpt>
      <trkpt lat="8.999146" lon="-79.577861">
        <time>2026-08-13T11:01:29Z</time>
      </trkpt>
      <trkpt lat="8.999127" lon="-79.577876">
        <time>2026-08-13T11:01:30Z</time>
      </trkpt>
      <trkpt lat="8.999105" lon="-79.577889">
        <time>2026-08-13T11:01:31Z</time>
      </trkpt>
      <trkpt lat="8.999086" lon="-79.577903">
        <time>2026-08-13T11:01:32Z</time>
      </trkpt>
      <trkpt lat="8.999066" lon="-79.577919">
        <time>2026-08-13T11:01:33Z</time>
      </trkpt>
      <trkpt lat="8.999045" lon="-79.577934">
        <time>2026-08-13T11:01:34Z</time>
      </trkpt>
      <trkpt lat="8.999023" lon="-79.577949">
        <time>2026-08-13T11:01:35Z</time>
      </trkpt>
      <trkpt lat="8.999000" lon="-79.577967">
        <time>2026-08-13T11:01:36Z</time>
      </trkpt>
      <trkpt lat="8.998979" lon="-79.577982">
        <time>2026-08-13T11:01:37Z</time>
      </trkpt>
      <trkpt lat="8.998957" lon="-79.578001">
        <time>2026-08-13T11:01:38Z</time>
      </trkpt>
      <trkpt lat="8.998936" lon="-79.578017">
        <time>2026-08-13T11:01:39Z</time>
      </trkpt>
      <trkpt lat="8.998916" lon="-79.578032">
        <time>2026-08-13T11:01:40Z</time>
      </trkpt>
      <trkpt lat="8.998896" lon="-79.578048">
        <time>2026-08-13T11:01:41Z</time>
      </trkpt>
      <trkpt lat="8.998876" lon="-79.578060">
        <time>2026-08-13T11:01:42Z</time>
      </trkpt>
      <trkpt lat="8.998852" lon="-79.578077">
        <time>2026-08-13T11:01:43Z</time>
      </trkpt>
      <trkpt lat="8.998831" lon="-79.578092">
        <time>2026-08-13T11:01:44Z</time>
      </trkpt>
      <trkpt lat="8.998810" lon="-79.578109">
        <time>2026-08-13T11:01:45Z</time>
      </trkpt>
      <trkpt lat="8.998787" lon="-79.578124">
        <time>2026-08-13T11:01:46Z</time>
      </trkpt>
      <trkpt lat="8.998766" lon="-79.578138">
        <time>2026-08-13T11:01:47Z</time>
      </trkpt>
      <trkpt lat="8.998742" lon="-79.578154">
        <time>2026-08-13T11:01:48Z</time>
      </trkpt>
      <trkpt lat="8.998718" lon="-79.578171">
        <time>2026-08-13T11:01:49Z</time>
      </trkpt>
      <trkpt lat="8.998696" lon="-79.578188">
        <time>2026-08-13T11:01:50Z</time>
      </trkpt>
      <trkpt lat="8.998677" lon="-79.578206">
        <time>2026-08-13T11:01:51Z</time>
      </trkpt>
      <trkpt lat="8.998656" lon="-79.578220">
        <time>2026-08-13T11:01:52Z</time>
      </trkpt>
      <trkpt lat="8.998636" lon="-79.578236">
        <time>2026-08-13T11:01:53Z</time>
      </trkpt>
      <trkpt lat="8.998617" lon="-79.578255">
        <time>2026-08-13T11:01:54Z</time>
      </trkpt>
      <trkpt lat="8.998598" lon="-79.578268">
        <time>2026-08-13T11:01:55Z</time>
      </trkpt>
      <trkpt lat="8.998575" lon="-79.578284">
        <time>2026-08-13T11:01:56Z</time>
      </trkpt>
      <trkpt lat="8.998553" lon="-79.578299">
        <time>2026-08-13T11:01:57Z</time>
      </trkpt>
      <trkpt lat="8.998532" lon="-79.578310">
        <time>2026-08-13T11:01:58Z</time>
      </trkpt>
      <trkpt lat="8.998509" lon="-79.578325">
        <time>2026-08-13T11:01:59Z</time>
      </trkpt>
      <trkpt lat="8.998489" lon="-79.578336">
        <time>2026-08-13T11:02:00Z</time>
      </trkpt>
      <trkpt lat="8.998466" lon="-79.578347">
        <time>2026-08-13T11:02:01Z</time>
      </trkpt>
      <trkpt lat="8.998441" lon="-79.578354">
        <time>2026-08-13T11:02:02Z</time>
      </trkpt>
      <trkpt lat="8.998417" lon="-79.578363">
        <time>2026-08-13T11:02:03Z</time>
      </trkpt>
      <trkpt lat="8.998392" lon="-79.578373">
        <time>2026-08-13T11:02:04Z</time>
      </trkpt>
      <trkpt lat="8.998366" lon="-79.578380">
        <time>2026-08-13T11:02:05Z</time>
      </trkpt>
      <trkpt lat="8.998341" lon="-79.578386">
        <time>2026-08-13T11:02:06Z</time>
      </trkpt>
      <trkpt lat="8.998314" lon="-79.578392">
        <time>2026-08-13T11:02:07Z</time>
      </trkpt>
      <trkpt lat="8.998290" lon="-79.578398">
        <time>2026-08-13T11:02:08Z</time>
      </trkpt>
      <trkpt lat="8.998263" lon="-79.578406">
        <time>2026-08-13T11:02:09Z</time>
      </trkpt>
      <trkpt lat="8.998234" lon="-79.578413">
        <time>2026-08-13T11:02:10Z</time>
      </trkpt>
      <trkpt lat="8.998208" lon="-79.578415">
        <time>2026-08-13T11:02:11Z</time>
      </trkpt>
      <trkpt lat="8.998182" lon="-79.578418">
        <time>2026-08-13T11:02:12Z</time>
      </trkpt>
      <trkpt lat="8.998157" lon="-79.578423">
        <time>2026-08-13T11:02:13Z</time>
      </trkpt>
      <trkpt lat="8.998131" lon="-79.578426">
        <time>2026-08-13T11:02:14Z</time>
      </trkpt>
      <trkpt lat="8.998104" lon="-79.578429">
        <time>2026-08-13T11:02:15Z</time>
      </trkpt>
      <trkpt lat="8.998078" lon="-79.578433">
        <time>2026-08-13T11:02:16Z</time>
      </trkpt>
      <trkpt lat="8.998054" lon="-79.578440">
        <time>2026-08-13T11:02:17Z</time>
      </trkpt>
      <trkpt lat="8.998027" lon="-79.578445">
        <time>2026-08-13T11:02:18Z</time>
      </trkpt>
      <trkpt lat="8.998002" lon="-79.578448">
        <time>2026-08-13T11:02:19Z</time>
      </trkpt>
      <trkpt lat="8.997977" lon="-79.578456">
        <time>2026-08-13T11:02:20Z</time>
      </trkpt>
      <trkpt lat="8.997954" lon="-79.578460">
        <time>2026-08-13T11:02:21Z</time>
      </trkpt>
      <trkpt lat="8.997930" lon="-79.578465">
        <time>2026-08-13T11:02:22Z</time>
      </trkpt>
      <trkpt lat="8.997908" lon="-79.578472">
        <time>2026-08-13T11:02:23Z</time>
      </trkpt>
      <trkpt lat="8.997884" lon="-79.578477">
        <time>2026-08-13T11:02:24Z</time>
      </trkpt>
      <trkpt lat="8.997858" lon="-79.578483">
        <time>2026-08-13T11:02:25Z</time>
      </trkpt>
      <trkpt lat="8.997833" lon="-79.578493">
        <time>2026-08-13T11:02:26Z</time>
      </trkpt>
      <trkpt lat="8.997809" lon="-79.578496">
        <time>2026-08-13T11:02:27Z</time>
      </trkpt>
      <trkpt lat="8.997784" lon="-79.578504">
        <time>2026-08-13T11:02:28Z</time>
      </trkpt>
      <trkpt lat="8.997757" lon="-79.578510">
        <time>2026-08-13T11:02:29Z</time>
      </trkpt>
      <trkpt lat="8.997733" lon="-79.578508">
        <time>2026-08-13T11:02:30Z</time>
      </trkpt>
      <trkpt lat="8.997710" lon="-79.578503">
        <time>2026-08-13T11:02:31Z</time>
      </trkpt>
      <trkpt lat="8.997690" lon="-79.578493">
        <time>2026-08-13T11:02:32Z</time>
      </trkpt>
      <trkpt lat="8.997680" lon="-79.578475">
        <time>2026-08-13T11:02:33Z</time>
      </trkpt>
      <trkpt lat="8.997668" lon="-79.578457">
        <time>2026-08-13T11:02:34Z</time>
      </trkpt>
      <trkpt lat="8.997655" lon="-79.578443">
        <time>2026-08-13T11:02:35Z</time>
      </trkpt>
      <trkpt lat="8.997642" lon="-79.578431">
        <time>2026-08-13T11:02:36Z</time>
      </trkpt>
      <trkpt lat="8.997629" lon="-79.578413">
        <time>2026-08-13T11:02:37Z</time>
      </trkpt>
      <trkpt lat="8.997618" lon="-79.578391">
        <time>2026-08-13T11:02:38Z</time>
      </trkpt>
      <trkpt lat="8.997610" lon="-79.578370">
        <time>2026-08-13T11:02:39Z</time>
      </trkpt>
      <trkpt lat="8.997616" lon="-79.578346">
        <time>2026-08-13T11:02:40Z</time>
      </trkpt>
      <trkpt lat="8.997636" lon="-79.578333">
        <time>2026-08-13T11:02:41Z</time>
      </trkpt>
      <trkpt lat="8.997656" lon="-79.578318">
        <time>2026-08-13T11:02:42Z</time>
      </trkpt>
      <trkpt lat="8.997675" lon="-79.578305">
        <time>2026-08-13T11:02:43Z</time>
      </trkpt>
      <trkpt lat="8.997697" lon="-79.578293">
        <time>2026-08-13T11:02:44Z</time>
      </trkpt>
      <trkpt lat="8.997720" lon="-79.578278">
        <time>2026-08-13T11:02:45Z</time>
      </trkpt>
      <trkpt lat="8.997739" lon="-79.578265">
        <time>2026-08-13T11:02:46Z</time>
      </trkpt>
      <trkpt lat="8.997759" lon="-79.578252">
        <time>2026-08-13T11:02:47Z</time>
      </trkpt>
      <trkpt lat="8.997781" lon="-79.578236">
        <time>2026-08-13T11:02:48Z</time>
      </trkpt>
      <trkpt lat="8.997801" lon="-79.578221">
        <time>2026-08-13T11:02:49Z</time>
      </trkpt>
      <trkpt lat="8.997822" lon="-79.578205">
        <time>2026-08-13T11:02:50Z</time>
      </trkpt>
      <trkpt lat="8.997842" lon="-79.578192">
        <time>2026-08-13T11:02:51Z</time>
      </trkpt>
      <trkpt lat="8.997861" lon="-79.578179">
        <time>2026-08-13T11:02:52Z</time>
      </trkpt>
      <trkpt lat="8.997882" lon="-79.578165">
        <time>2026-08-13T11:02:53Z</time>
      </trkpt>
      <trkpt lat="8.997902" lon="-79.578151">
        <time>2026-08-13T11:02:54Z</time>
      </trkpt>
      <trkpt lat="8.997922" lon="-79.578136">
        <time>2026-08-13T11:02:55Z</time>
      </trkpt>
      <trkpt lat="8.997946" lon="-79.578117">
        <time>2026-08-13T11:02:56Z</time>
      </trkpt>
      <trkpt lat="8.997966" lon="-79.578102">
        <time>2026-08-13T11:02:57Z</time>
      </trkpt>
      <trkpt lat="8.997987" lon="-79.578085">
        <time>2026-08-13T11:02:58Z</time>
      </trkpt>
      <trkpt lat="8.998007" lon="-79.578073">
        <time>2026-08-13T11:02:59Z</time>
      </trkpt>
      <trkpt lat="8.998028" lon="-79.578060">
        <time>2026-08-13T11:03:00Z</time>
      </trkpt>
      <trkpt lat="8.998049" lon="-79.578045">
        <time>2026-08-13T11:03:01Z</time>
      </trkpt>
      <trkpt lat="8.998068" lon="-79.578034">
        <time>2026-08-13T11:03:02Z</time>
      </trkpt>
      <trkpt lat="8.998089" lon="-79.578021">
        <time>2026-08-13T11:03:03Z</time>
      </trkpt>
      <trkpt lat="8.998108" lon="-79.578007">
        <time>2026-08-13T11:03:04Z</time>
      </trkpt>
      <trkpt lat="8.998127" lon="-79.577995">
        <time>2026-08-13T11:03:05Z</time>
      </trkpt>
      <trkpt lat="8.998146" lon="-79.577981">
        <time>2026-08-13T11:03:06Z</time>
      </trkpt>
      <trkpt lat="8.998166" lon="-79.577967">
        <time>2026-08-13T11:03:07Z</time>
      </trkpt>
      <trkpt lat="8.998183" lon="-79.577955">
        <time>2026-08-13T11:03:08Z</time>
      </trkpt>
      <trkpt lat="8.998201" lon="-79.577941">
        <time>2026-08-13T11:03:09Z</time>
      </trkpt>
      <trkpt lat="8.998221" lon="-79.577927">
        <time>2026-08-13T11:03:10Z</time>
      </trkpt>
      <trkpt lat="8.998241" lon="-79.577913">
        <time>2026-08-13T11:03:11Z</time>
      </trkpt>
      <trkpt lat="8.998261" lon="-79.577896">
        <time>2026-08-13T11:03:12Z</time>
      </trkpt>
      <trkpt lat="8.998283" lon="-79.577882">
        <time>2026-08-13T11:03:13Z</time>
      </trkpt>
      <trkpt lat="8.998306" lon="-79.577867">
        <time>2026-08-13T11:03:14Z</time>
      </trkpt>
      <trkpt lat="8.998327" lon="-79.577855">
        <time>2026-08-13T11:03:15Z</time>
      </trkpt>
      <trkpt lat="8.998345" lon="-79.577843">
        <time>2026-08-13T11:03:16Z</time>
      </trkpt>
      <trkpt lat="8.998361" lon="-79.577827">
        <time>2026-08-13T11:03:17Z</time>
      </trkpt>
      <trkpt lat="8.998380" lon="-79.577814">
        <time>2026-08-13T11:03:18Z</time>
      </trkpt>
      <trkpt lat="8.998399" lon="-79.577800">
        <time>2026-08-13T11:03:19Z</time>
      </trkpt>
      <trkpt lat="8.998418" lon="-79.577784">
        <time>2026-08-13T11:03:20Z</time>
      </trkpt>
      <trkpt lat="8.998435" lon="-79.577769">
        <time>2026-08-13T11:03:21Z</time>
      </trkpt>
      <trkpt lat="8.998454" lon="-79.577755">
        <time>2026-08-13T11:03:22Z</time>
      </trkpt>
      <trkpt lat="8.998472" lon="-79.577739">
        <time>2026-08-13T11:03:23Z</time>
      </trkpt>
      <trkpt lat="8.998490" lon="-79.577726">
        <time>2026-08-13T11:03:24Z</time>
      </trkpt>
      <trkpt lat="8.998509" lon="-79.577711">
        <time>2026-08-13T11:03:25Z</time>
      </trkpt>
      <trkpt lat="8.998527" lon="-79.577698">
        <time>2026-08-13T11:03:26Z</time>
      </trkpt>
      <trkpt lat="8.998546" lon="-79.577685">
        <time>2026-08-13T11:03:27Z</time>
      </trkpt>
      <trkpt lat="8.998565" lon="-79.577670">
        <time>2026-08-13T11:03:28Z</time>
      </trkpt>
      <trkpt lat="8.998584" lon="-79.577657">
        <time>2026-08-13T11:03:29Z</time>
      </trkpt>
      <trkpt lat="8.998603" lon="-79.577646">
        <time>2026-08-13T11:03:30Z</time>
      </trkpt>
      <trkpt lat="8.998622" lon="-79.577629">
        <time>2026-08-13T11:03:31Z</time>
      </trkpt>
      <trkpt lat="8.998640" lon="-79.577616">
        <time>2026-08-13T11:03:32Z</time>
      </trkpt>
      <trkpt lat="8.998657" lon="-79.577604">
        <time>2026-08-13T11:03:33Z</time>
      </trkpt>
      <trkpt lat="8.998675" lon="-79.577589">
        <time>2026-08-13T11:03:34Z</time>
      </trkpt>
      <trkpt lat="8.998692" lon="-79.577576">
        <time>2026-08-13T11:03:35Z</time>
      </trkpt>
      <trkpt lat="8.998710" lon="-79.577561">
        <time>2026-08-13T11:03:36Z</time>
      </trkpt>
      <trkpt lat="8.998729" lon="-79.577545">
        <time>2026-08-13T11:03:37Z</time>
      </trkpt>
      <trkpt lat="8.998747" lon="-79.577532">
        <time>2026-08-13T11:03:38Z</time>
      </trkpt>
      <trkpt lat="8.998765" lon="-79.577518">
        <time>2026-08-13T11:03:39Z</time>
      </trkpt>
      <trkpt lat="8.998778" lon="-79.577501">
        <time>2026-08-13T11:03:40Z</time>
      </trkpt>
      <trkpt lat="8.998794" lon="-79.577486">
        <time>2026-08-13T11:03:41Z</time>
      </trkpt>
      <trkpt lat="8.998812" lon="-79.577471">
        <time>2026-08-13T11:03:42Z</time>
      </trkpt>
      <trkpt lat="8.998828" lon="-79.577458">
        <time>2026-08-13T11:03:43Z</time>
      </trkpt>
      <trkpt lat="8.998848" lon="-79.577446">
        <time>2026-08-13T11:03:44Z</time>
      </trkpt>
      <trkpt lat="8.998869" lon="-79.577433">
        <time>2026-08-13T11:03:45Z</time>
      </trkpt>
      <trkpt lat="8.998889" lon="-79.577421">
        <time>2026-08-13T11:03:46Z</time>
      </trkpt>
      <trkpt lat="8.998908" lon="-79.577408">
        <time>2026-08-13T11:03:47Z</time>
      </trkpt>
      <trkpt lat="8.998927" lon="-79.577395">
        <time>2026-08-13T11:03:48Z</time>
      </trkpt>
      <trkpt lat="8.998946" lon="-79.577382">
        <time>2026-08-13T11:03:49Z</time>
      </trkpt>
      <trkpt lat="8.998967" lon="-79.577368">
        <time>2026-08-13T11:03:50Z</time>
      </trkpt>
      <trkpt lat="8.998986" lon="-79.577352">
        <time>2026-08-13T11:03:51Z</time>
      </trkpt>
      <trkpt lat="8.999006" lon="-79.577337">
        <time>2026-08-13T11:03:52Z</time>
      </trkpt>
      <trkpt lat="8.999026" lon="-79.577321">
        <time>2026-08-13T11:03:53Z</time>
      </trkpt>
      <trkpt lat="8.999046" lon="-79.577310">
        <time>2026-08-13T11:03:54Z</time>
      </trkpt>
      <trkpt lat="8.999066" lon="-79.577297">
        <time>2026-08-13T11:03:55Z</time>
      </trkpt>
      <trkpt lat="8.999083" lon="-79.577280">
        <time>2026-08-13T11:03:56Z</time>
      </trkpt>
      <trkpt lat="8.999102" lon="-79.577266">
        <time>2026-08-13T11:03:57Z</time>
      </trkpt>
      <trkpt lat="8.999123" lon="-79.577252">
        <time>2026-08-13T11:03:58Z</time>
      </trkpt>
      <trkpt lat="8.999145" lon="-79.577240">
        <time>2026-08-13T11:03:59Z</time>
      </trkpt>
      <trkpt lat="8.999164" lon="-79.577227">
        <time>2026-08-13T11:04:00Z</time>
      </trkpt>
      <trkpt lat="8.999185" lon="-79.577213">
        <time>2026-08-13T11:04:01Z</time>
      </trkpt>
      <trkpt lat="8.999203" lon="-79.577200">
        <time>2026-08-13T11:04:02Z</time>
      </trkpt>
      <trkpt lat="8.999222" lon="-79.577186">
        <time>2026-08-13T11:04:03Z</time>
      </trkpt>
      <trkpt lat="8.999241" lon="-79.577171">
        <time>2026-08-13T11:04:04Z</time>
      </trkpt>
      <trkpt lat="8.999260" lon="-79.577159">
        <time>2026-08-13T11:04:05Z</time>
      </trkpt>
      <trkpt lat="8.999278" lon="-79.577146">
        <time>2026-08-13T11:04:06Z</time>
      </trkpt>
      <trkpt lat="8.999297" lon="-79.577130">
        <time>2026-08-13T11:04:07Z</time>
      </trkpt>
      <trkpt lat="8.999315" lon="-79.577118">
        <time>2026-08-13T11:04:08Z</time>
      </trkpt>
      <trkpt lat="8.999337" lon="-79.577104">
        <time>2026-08-13T11:04:09Z</time>
      </trkpt>
      <trkpt lat="8.999358" lon="-79.577087">
        <time>2026-08-13T11:04:10Z</time>
      </trkpt>
      <trkpt lat="8.999373" lon="-79.577073">
        <time>2026-08-13T11:04:11Z</time>
      </trkpt>
      <trkpt lat="8.999393" lon="-79.577058">
        <time>2026-08-13T11:04:12Z</time>
      </trkpt>
      <trkpt lat="8.999413" lon="-79.577048">
        <time>2026-08-13T11:04:13Z</time>
      </trkpt>
      <trkpt lat="8.999433" lon="-79.577034">
        <time>2026-08-13T11:04:14Z</time>
      </trkpt>
      <trkpt lat="8.999452" lon="-79.577016">
        <time>2026-08-13T11:04:15Z</time>
      </trkpt>
      <trkpt lat="8.999468" lon="-79.576998">
        <time>2026-08-13T11:04:16Z</time>
      </trkpt>
      <trkpt lat="8.999477" lon="-79.576977">
        <time>2026-08-13T11:04:17Z</time>
      </trkpt>
      <trkpt lat="8.999491" lon="-79.576955">
        <time>2026-08-13T11:04:18Z</time>
      </trkpt>
      <trkpt lat="8.999510" lon="-79.576938">
        <time>2026-08-13T11:04:19Z</time>
      </trkpt>
      <trkpt lat="8.999530" lon="-79.576921">
        <time>2026-08-13T11:04:20Z</time>
      </trkpt>
      <trkpt lat="8.999549" lon="-79.576907">
        <time>2026-08-13T11:04:21Z</time>
      </trkpt>
      <trkpt lat="8.999566" lon="-79.576895">
        <time>2026-08-13T11:04:22Z</time>
      </trkpt>
      <trkpt lat="8.999576" lon="-79.576887">
        <time>2026-08-13T11:04:23Z</time>
      </trkpt>
      <trkpt lat="8.999585" lon="-79.576879">
        <time>2026-08-13T11:04:24Z</time>
      </trkpt>
      <trkpt lat="8.999593" lon="-79.576874">
        <time>2026-08-13T11:04:25Z</time>
      </trkpt>
      <trkpt lat="8.999598" lon="-79.576869">
        <time>2026-08-13T11:04:26Z</time>
      </trkpt>
      <trkpt lat="8.999607" lon="-79.576862">
        <time>2026-08-13T11:04:27Z</time>
      </trkpt>
      <trkpt lat="8.999618" lon="-79.576854">
        <time>2026-08-13T11:04:28Z</time>
      </trkpt>
      <trkpt lat="8.999630" lon="-79.576851">
        <time>2026-08-13T11:04:29Z</time>
      </trkpt>
      <trkpt lat="8.999639" lon="-79.576844">
        <time>2026-08-13T11:04:30Z</time>
      </trkpt>
      <trkpt lat="8.999648" lon="-79.576836">
        <time>2026-08-13T11:04:31Z</time>
      </trkpt>
      <trkpt lat="8.999656" lon="-79.576829">
        <time>2026-08-13T11:04:32Z</time>
      </trkpt>
      <trkpt lat="8.999666" lon="-79.576823">
        <time>2026-08-13T11:04:33Z</time>
      </trkpt>
      <trkpt lat="8.999676" lon="-79.576820">
        <time>2026-08-13T11:04:34Z</time>
      </trkpt>
      <trkpt lat="8.999689" lon="-79.576813">
        <time>2026-08-13T11:04:35Z</time>
      </trkpt>
      <trkpt lat="8.999698" lon="-79.576806">
        <time>2026-08-13T11:04:36Z</time>
      </trkpt>
      <trkpt lat="8.999707" lon="-79.576797">
        <time>2026-08-13T11:04:37Z</time>
      </trkpt>
      <trkpt lat="8.999714" lon="-79.576789">
        <time>2026-08-13T11:04:38Z</time>
      </trkpt>
      <trkpt lat="8.999720" lon="-79.576784">
        <time>2026-08-13T11:04:39Z</time>
      </trkpt>
      <trkpt lat="8.999729" lon="-79.576776">
        <time>2026-08-13T11:04:40Z</time>
      </trkpt>
      <trkpt lat="8.999738" lon="-79.576769">
        <time>2026-08-13T11:04:41Z</time>
      </trkpt>
      <trkpt lat="8.999749" lon="-79.576763">
        <time>2026-08-13T11:04:42Z</time>
      </trkpt>
      <trkpt lat="8.999760" lon="-79.576756">
        <time>2026-08-13T11:04:43Z</time>
      </trkpt>
      <trkpt lat="8.999771" lon="-79.576751">
        <time>2026-08-13T11:04:44Z</time>
      </trkpt>
      <trkpt lat="8.999783" lon="-79.576744">
        <time>2026-08-13T11:04:45Z</time>
      </trkpt>
      <trkpt lat="8.999793" lon="-79.576737">
        <time>2026-08-13T11:04:46Z</time>
      </trkpt>
      <trkpt lat="8.999803" lon="-79.576728">
        <time>2026-08-13T11:04:47Z</time>
      </trkpt>
      <trkpt lat="8.999812" lon="-79.576715">
        <time>2026-08-13T11:04:48Z</time>
      </trkpt>
      <trkpt lat="8.999813" lon="-79.576705">
        <time>2026-08-13T11:04:49Z</time>
      </trkpt>
      <trkpt lat="8.999814" lon="-79.576695">
        <time>2026-08-13T11:04:50Z</time>
      </trkpt>
      <trkpt lat="8.999814" lon="-79.576682">
        <time>2026-08-13T11:04:51Z</time>
      </trkpt>
      <trkpt lat="8.999818" lon="-79.576666">
        <time>2026-08-13T11:04:52Z</time>
      </trkpt>
      <trkpt lat="8.999821" lon="-79.576654">
        <time>2026-08-13T11:04:53Z</time>
      </trkpt>
      <trkpt lat="8.999825" lon="-79.576643">
        <time>2026-08-13T11:04:54Z</time>
      </trkpt>
      <trkpt lat="8.999833" lon="-79.576631">
        <time>2026-08-13T11:04:55Z</time>
      </trkpt>
      <trkpt lat="8.999840" lon="-79.576620">
        <time>2026-08-13T11:04:56Z</time>
      </trkpt>
      <trkpt lat="8.999846" lon="-79.576609">
        <time>2026-08-13T11:04:57Z</time>
      </trkpt>
      <trkpt lat="8.999848" lon="-79.576598">
        <time>2026-08-13T11:04:58Z</time>
      </trkpt>
      <trkpt lat="8.999849" lon="-79.576585">
        <time>2026-08-13T11:04:59Z</time>
      </trkpt>
      <trkpt lat="8.999851" lon="-79.576574">
        <time>2026-08-13T11:05:00Z</time>
      </trkpt>
      <trkpt lat="8.999863" lon="-79.576567">
        <time>2026-08-13T11:05:01Z</time>
      </trkpt>
      <trkpt lat="8.999878" lon="-79.576557">
        <time>2026-08-13T11:05:02Z</time>
      </trkpt>
      <trkpt lat="8.999893" lon="-79.576551">
        <time>2026-08-13T11:05:03Z</time>
      </trkpt>
      <trkpt lat="8.999902" lon="-79.576542">
        <time>2026-08-13T11:05:04Z</time>
      </trkpt>
      <trkpt lat="8.999912" lon="-79.576535">
        <time>2026-08-13T11:05:05Z</time>
      </trkpt>
      <trkpt lat="8.999922" lon="-79.576527">
        <time>2026-08-13T11:05:06Z</time>
      </trkpt>
      <trkpt lat="8.999932" lon="-79.576527">
        <time>2026-08-13T11:05:07Z</time>
      </trkpt>
      <trkpt lat="8.999941" lon="-79.576523">
        <time>2026-08-13T11:05:08Z</time>
      </trkpt>
      <trkpt lat="8.999949" lon="-79.576515">
        <time>2026-08-13T11:05:09Z</time>
      </trkpt>
      <trkpt lat="8.999960" lon="-79.576509">
        <time>2026-08-13T11:05:10Z</time>
      </trkpt>
      <trkpt lat="8.999970" lon="-79.576501">
        <time>2026-08-13T11:05:11Z</time>
      </trkpt>
      <trkpt lat="8.999979" lon="-79.576496">
        <time>2026-08-13T11:05:12Z</time>
      </trkpt>
      <trkpt lat="8.999993" lon="-79.576489">
        <time>2026-08-13T11:05:13Z</time>
      </trkpt>
      <trkpt lat="9.000004" lon="-79.576485">
        <time>2026-08-13T11:05:14Z</time>
      </trkpt>
      <trkpt lat="9.000011" lon="-79.576479">
        <time>2026-08-13T11:05:15Z</time>
      </trkpt>
      <trkpt lat="9.000017" lon="-79.576473">
        <time>2026-08-13T11:05:16Z</time>
      </trkpt>
      <trkpt lat="9.000023" lon="-79.576467">
        <time>2026-08-13T11:05:17Z</time>
      </trkpt>
      <trkpt lat="9.000033" lon="-79.576459">
        <time>2026-08-13T11:05:18Z</time>
      </trkpt>
      <trkpt lat="9.000045" lon="-79.576448">
        <time>2026-08-13T11:05:19Z</time>
      </trkpt>
      <trkpt lat="9.000060" lon="-79.576438">
        <time>2026-08-13T11:05:20Z</time>
      </trkpt>
      <trkpt lat="9.000071" lon="-79.576433">
        <time>2026-08-13T11:05:21Z</time>
      </trkpt>
      <trkpt lat="9.000083" lon="-79.576424">
        <time>2026-08-13T11:05:22Z</time>
      </trkpt>
      <trkpt lat="9.000092" lon="-79.576415">
        <time>2026-08-13T11:05:23Z</time>
      </trkpt>
      <trkpt lat="9.000100" lon="-79.576407">
        <time>2026-08-13T11:05:24Z</time>
      </trkpt>
      <trkpt lat="9.000108" lon="-79.576399">
        <time>2026-08-13T11:05:25Z</time>
      </trkpt>
      <trkpt lat="9.000115" lon="-79.576388">
        <time>2026-08-13T11:05:26Z</time>
      </trkpt>
      <trkpt lat="9.000124" lon="-79.576380">
        <time>2026-08-13T11:05:27Z</time>
      </trkpt>
      <trkpt lat="9.000136" lon="-79.576369">
        <time>2026-08-13T11:05:28Z</time>
      </trkpt>
      <trkpt lat="9.000148" lon="-79.576357">
        <time>2026-08-13T11:05:29Z</time>
      </trkpt>
      <trkpt lat="9.000159" lon="-79.576349">
        <time>2026-08-13T11:05:30Z</time>
      </trkpt>
      <trkpt lat="9.000172" lon="-79.576339">
        <time>2026-08-13T11:05:31Z</time>
      </trkpt>
      <trkpt lat="9.000183" lon="-79.576331">
        <time>2026-08-13T11:05:32Z</time>
      </trkpt>
      <trkpt lat="9.000190" lon="-79.576324">
        <time>2026-08-13T11:05:33Z</time>
      </trkpt>
      <trkpt lat="9.000196" lon="-79.576317">
        <time>2026-08-13T11:05:34Z</time>
      </trkpt>
      <trkpt lat="9.000202" lon="-79.576310">
        <time>2026-08-13T11:05:35Z</time>
      </trkpt>
      <trkpt lat="9.000210" lon="-79.576303">
        <time>2026-08-13T11:05:36Z</time>
      </trkpt>
      <trkpt lat="9.000221" lon="-79.576293">
        <time>2026-08-13T11:05:37Z</time>
      </trkpt>
      <trkpt lat="9.000230" lon="-79.576283">
        <time>2026-08-13T11:05:38Z</time>
      </trkpt>
      <trkpt lat="9.000241" lon="-79.576273">
        <time>2026-08-13T11:05:39Z</time>
      </trkpt>
      <trkpt lat="9.000250" lon="-79.576264">
        <time>2026-08-13T11:05:40Z</time>
      </trkpt>
      <trkpt lat="9.000258" lon="-79.576256">
        <time>2026-08-13T11:05:41Z</time>
      </trkpt>
      <trkpt lat="9.000266" lon="-79.576248">
        <time>2026-08-13T11:05:42Z</time>
      </trkpt>
      <trkpt lat="9.000272" lon="-79.576243">
        <time>2026-08-13T11:05:43Z</time>
      </trkpt>
      <trkpt lat="9.000279" lon="-79.576237">
        <time>2026-08-13T11:05:44Z</time>
      </trkpt>
      <trkpt lat="9.000289" lon="-79.576227">
        <time>2026-08-13T11:05:45Z</time>
      </trkpt>
      <trkpt lat="9.000301" lon="-79.576214">
        <time>2026-08-13T11:05:46Z</time>
      </trkpt>
      <trkpt lat="9.000312" lon="-79.576204">
        <time>2026-08-13T11:05:47Z</time>
      </trkpt>
      <trkpt lat="9.000324" lon="-79.576194">
        <time>2026-08-13T11:05:48Z</time>
      </trkpt>
      <trkpt lat="9.000332" lon="-79.576186">
        <time>2026-08-13T11:05:49Z</time>
      </trkpt>
      <trkpt lat="9.000340" lon="-79.576179">
        <time>2026-08-13T11:05:50Z</time>
      </trkpt>
      <trkpt lat="9.000345" lon="-79.576173">
        <time>2026-08-13T11:05:51Z</time>
      </trkpt>
      <trkpt lat="9.000352" lon="-79.576164">
        <time>2026-08-13T11:05:52Z</time>
      </trkpt>
      <trkpt lat="9.000358" lon="-79.576154">
        <time>2026-08-13T11:05:53Z</time>
      </trkpt>
      <trkpt lat="9.000365" lon="-79.576138">
        <time>2026-08-13T11:05:54Z</time>
      </trkpt>
      <trkpt lat="9.000374" lon="-79.576123">
        <time>2026-08-13T11:05:55Z</time>
      </trkpt>
      <trkpt lat="9.000382" lon="-79.576112">
        <time>2026-08-13T11:05:56Z</time>
      </trkpt>
      <trkpt lat="9.000390" lon="-79.576103">
        <time>2026-08-13T11:05:57Z</time>
      </trkpt>
      <trkpt lat="9.000398" lon="-79.576097">
        <time>2026-08-13T11:05:58Z</time>
      </trkpt>
      <trkpt lat="9.000404" lon="-79.576091">
        <time>2026-08-13T11:05:59Z</time>
      </trkpt>
      <trkpt lat="9.000409" lon="-79.576084">
        <time>2026-08-13T11:06:00Z</time>
      </trkpt>
      <trkpt lat="9.000416" lon="-79.576072">
        <time>2026-08-13T11:06:01Z</time>
      </trkpt>
      <trkpt lat="9.000424" lon="-79.576060">
        <time>2026-08-13T11:06:02Z</time>
      </trkpt>
      <trkpt lat="9.000433" lon="-79.576048">
        <time>2026-08-13T11:06:03Z</time>
      </trkpt>
      <trkpt lat="9.000443" lon="-79.576036">
        <time>2026-08-13T11:06:04Z</time>
      </trkpt>
      <trkpt lat="9.000454" lon="-79.576025">
        <time>2026-08-13T11:06:05Z</time>
      </trkpt>
      <trkpt lat="9.000461" lon="-79.576014">
        <time>2026-08-13T11:06:06Z</time>
      </trkpt>
      <trkpt lat="9.000470" lon="-79.576003">
        <time>2026-08-13T11:06:07Z</time>
      </trkpt>
      <trkpt lat="9.000477" lon="-79.575995">
        <time>2026-08-13T11:06:08Z</time>
      </trkpt>
      <trkpt lat="9.000483" lon="-79.575985">
        <time>2026-08-13T11:06:09Z</time>
      </trkpt>
      <trkpt lat="9.000490" lon="-79.575976">
        <time>2026-08-13T11:06:10Z</time>
      </trkpt>
      <trkpt lat="9.000498" lon="-79.575963">
        <time>2026-08-13T11:06:11Z</time>
      </trkpt>
      <trkpt lat="9.000506" lon="-79.575955">
        <time>2026-08-13T11:06:12Z</time>
      </trkpt>
      <trkpt lat="9.000516" lon="-79.575945">
        <time>2026-08-13T11:06:13Z</time>
      </trkpt>
      <trkpt lat="9.000523" lon="-79.575937">
        <time>2026-08-13T11:06:14Z</time>
      </trkpt>
      <trkpt lat="9.000526" lon="-79.575923">
        <time>2026-08-13T11:06:15Z</time>
      </trkpt>
      <trkpt lat="9.000535" lon="-79.575914">
        <time>2026-08-13T11:06:16Z</time>
      </trkpt>
      <trkpt lat="9.000546" lon="-79.575899">
        <time>2026-08-13T11:06:17Z</time>
      </trkpt>
      <trkpt lat="9.000555" lon="-79.575887">
        <time>2026-08-13T11:06:18Z</time>
      </trkpt>
      <trkpt lat="9.000566" lon="-79.575874">
        <time>2026-08-13T11:06:19Z</time>
      </trkpt>
      <trkpt lat="9.000579" lon="-79.575862">
        <time>2026-08-13T11:06:20Z</time>
      </trkpt>
      <trkpt lat="9.000589" lon="-79.575850">
        <time>2026-08-13T11:06:21Z</time>
      </trkpt>
      <trkpt lat="9.000600" lon="-79.575835">
        <time>2026-08-13T11:06:22Z</time>
      </trkpt>
      <trkpt lat="9.000616" lon="-79.575821">
        <time>2026-08-13T11:06:23Z</time>
      </trkpt>
      <trkpt lat="9.000628" lon="-79.575808">
        <time>2026-08-13T11:06:24Z</time>
      </trkpt>
      <trkpt lat="9.000639" lon="-79.575796">
        <time>2026-08-13T11:06:25Z</time>
      </trkpt>
      <trkpt lat="9.000650" lon="-79.575784">
        <time>2026-08-13T11:06:26Z</time>
      </trkpt>
      <trkpt lat="9.000662" lon="-79.575770">
        <time>2026-08-13T11:06:27Z</time>
      </trkpt>
      <trkpt lat="9.000674" lon="-79.575758">
        <time>2026-08-13T11:06:28Z</time>
      </trkpt>
      <trkpt lat="9.000687" lon="-79.575746">
        <time>2026-08-13T11:06:29Z</time>
      </trkpt>
      <trkpt lat="9.000698" lon="-79.575735">
        <time>2026-08-13T11:06:30Z</time>
      </trkpt>
      <trkpt lat="9.000711" lon="-79.575725">
        <time>2026-08-13T11:06:31Z</time>
      </trkpt>
      <trkpt lat="9.000724" lon="-79.575713">
        <time>2026-08-13T11:06:32Z</time>
      </trkpt>
      <trkpt lat="9.000736" lon="-79.575701">
        <time>2026-08-13T11:06:33Z</time>
      </trkpt>
      <trkpt lat="9.000753" lon="-79.575686">
        <time>2026-08-13T11:06:34Z</time>
      </trkpt>
      <trkpt lat="9.000766" lon="-79.575676">
        <time>2026-08-13T11:06:35Z</time>
      </trkpt>
      <trkpt lat="9.000781" lon="-79.575664">
        <time>2026-08-13T11:06:36Z</time>
      </trkpt>
      <trkpt lat="9.000795" lon="-79.575649">
        <time>2026-08-13T11:06:37Z</time>
      </trkpt>
      <trkpt lat="9.000811" lon="-79.575636">
        <time>2026-08-13T11:06:38Z</time>
      </trkpt>
      <trkpt lat="9.000827" lon="-79.575627">
        <time>2026-08-13T11:06:39Z</time>
      </trkpt>
      <trkpt lat="9.000844" lon="-79.575617">
        <time>2026-08-13T11:06:40Z</time>
      </trkpt>
      <trkpt lat="9.000859" lon="-79.575607">
        <time>2026-08-13T11:06:41Z</time>
      </trkpt>
      <trkpt lat="9.000875" lon="-79.575597">
        <time>2026-08-13T11:06:42Z</time>
      </trkpt>
      <trkpt lat="9.000891" lon="-79.575586">
        <time>2026-08-13T11:06:43Z</time>
      </trkpt>
      <trkpt lat="9.000907" lon="-79.575579">
        <time>2026-08-13T11:06:44Z</time>
      </trkpt>
      <trkpt lat="9.000924" lon="-79.575568">
        <time>2026-08-13T11:06:45Z</time>
      </trkpt>
      <trkpt lat="9.000942" lon="-79.575556">
        <time>2026-08-13T11:06:46Z</time>
      </trkpt>
      <trkpt lat="9.000957" lon="-79.575548">
        <time>2026-08-13T11:06:47Z</time>
      </trkpt>
      <trkpt lat="9.000971" lon="-79.575539">
        <time>2026-08-13T11:06:48Z</time>
      </trkpt>
      <trkpt lat="9.000988" lon="-79.575528">
        <time>2026-08-13T11:06:49Z</time>
      </trkpt>
      <trkpt lat="9.001007" lon="-79.575517">
        <time>2026-08-13T11:06:50Z</time>
      </trkpt>
      <trkpt lat="9.001023" lon="-79.575507">
        <time>2026-08-13T11:06:51Z</time>
      </trkpt>
      <trkpt lat="9.001038" lon="-79.575498">
        <time>2026-08-13T11:06:52Z</time>
      </trkpt>
      <trkpt lat="9.001052" lon="-79.575489">
        <time>2026-08-13T11:06:53Z</time>
      </trkpt>
      <trkpt lat="9.001066" lon="-79.575483">
        <time>2026-08-13T11:06:54Z</time>
      </trkpt>
      <trkpt lat="9.001082" lon="-79.575473">
        <time>2026-08-13T11:06:55Z</time>
      </trkpt>
      <trkpt lat="9.001098" lon="-79.575460">
        <time>2026-08-13T11:06:56Z</time>
      </trkpt>
      <trkpt lat="9.001111" lon="-79.575451">
        <time>2026-08-13T11:06:57Z</time>
      </trkpt>
      <trkpt lat="9.001126" lon="-79.575443">
        <time>2026-08-13T11:06:58Z</time>
      </trkpt>
      <trkpt lat="9.001142" lon="-79.575434">
        <time>2026-08-13T11:06:59Z</time>
      </trkpt>
      <trkpt lat="9.001155" lon="-79.575421">
        <time>2026-08-13T11:07:00Z</time>
      </trkpt>
      <trkpt lat="9.001170" lon="-79.575410">
        <time>2026-08-13T11:07:01Z</time>
      </trkpt>
      <trkpt lat="9.001187" lon="-79.575398">
        <time>2026-08-13T11:07:02Z</time>
      </trkpt>
      <trkpt lat="9.001202" lon="-79.575385">
        <time>2026-08-13T11:07:03Z</time>
      </trkpt>
      <trkpt lat="9.001219" lon="-79.575378">
        <time>2026-08-13T11:07:04Z</time>
      </trkpt>
      <trkpt lat="9.001239" lon="-79.575367">
        <time>2026-08-13T11:07:05Z</time>
      </trkpt>
      <trkpt lat="9.001257" lon="-79.575348">
        <time>2026-08-13T11:07:06Z</time>
      </trkpt>
      <trkpt lat="9.001274" lon="-79.575330">
        <time>2026-08-13T11:07:07Z</time>
      </trkpt>
      <trkpt lat="9.001290" lon="-79.575314">
        <time>2026-08-13T11:07:08Z</time>
      </trkpt>
      <trkpt lat="9.001304" lon="-79.575297">
        <time>2026-08-13T11:07:09Z</time>
      </trkpt>
      <trkpt lat="9.001320" lon="-79.575283">
        <time>2026-08-13T11:07:10Z</time>
      </trkpt>
      <trkpt lat="9.001336" lon="-79.575269">
        <time>2026-08-13T11:07:11Z</time>
      </trkpt>
      <trkpt lat="9.001349" lon="-79.575251">
        <time>2026-08-13T11:07:12Z</time>
      </trkpt>
      <trkpt lat="9.001362" lon="-79.575237">
        <time>2026-08-13T11:07:13Z</time>
      </trkpt>
      <trkpt lat="9.001377" lon="-79.575225">
        <time>2026-08-13T11:07:14Z</time>
      </trkpt>
      <trkpt lat="9.001392" lon="-79.575210">
        <time>2026-08-13T11:07:15Z</time>
      </trkpt>
      <trkpt lat="9.001405" lon="-79.575196">
        <time>2026-08-13T11:07:16Z</time>
      </trkpt>
      <trkpt lat="9.001416" lon="-79.575189">
        <time>2026-08-13T11:07:17Z</time>
      </trkpt>
      <trkpt lat="9.001428" lon="-79.575180">
        <time>2026-08-13T11:07:18Z</time>
      </trkpt>
      <trkpt lat="9.001439" lon="-79.575169">
        <time>2026-08-13T11:07:19Z</time>
      </trkpt>
      <trkpt lat="9.001449" lon="-79.575159">
        <time>2026-08-13T11:07:20Z</time>
      </trkpt>
      <trkpt lat="9.001461" lon="-79.575150">
        <time>2026-08-13T11:07:21Z</time>
      </trkpt>
      <trkpt lat="9.001472" lon="-79.575143">
        <time>2026-08-13T11:07:22Z</time>
      </trkpt>
      <trkpt lat="9.001483" lon="-79.575133">
        <time>2026-08-13T11:07:23Z</time>
      </trkpt>
      <trkpt lat="9.001494" lon="-79.575123">
        <time>2026-08-13T11:07:24Z</time>
      </trkpt>
      <trkpt lat="9.001506" lon="-79.575115">
        <time>2026-08-13T11:07:25Z</time>
      </trkpt>
      <trkpt lat="9.001518" lon="-79.575107">
        <time>2026-08-13T11:07:26Z</time>
      </trkpt>
      <trkpt lat="9.001529" lon="-79.575097">
        <time>2026-08-13T11:07:27Z</time>
      </trkpt>
      <trkpt lat="9.001540" lon="-79.575087">
        <time>2026-08-13T11:07:28Z</time>
      </trkpt>
      <trkpt lat="9.001551" lon="-79.575079">
        <time>2026-08-13T11:07:29Z</time>
      </trkpt>
      <trkpt lat="9.001565" lon="-79.575070">
        <time>2026-08-13T11:07:30Z</time>
      </trkpt>
      <trkpt lat="9.001575" lon="-79.575060">
        <time>2026-08-13T11:07:31Z</time>
      </trkpt>
      <trkpt lat="9.001586" lon="-79.575049">
        <time>2026-08-13T11:07:32Z</time>
      </trkpt>
      <trkpt lat="9.001597" lon="-79.575041">
        <time>2026-08-13T11:07:33Z</time>
      </trkpt>
      <trkpt lat="9.001609" lon="-79.575033">
        <time>2026-08-13T11:07:34Z</time>
      </trkpt>
      <trkpt lat="9.001622" lon="-79.575023">
        <time>2026-08-13T11:07:35Z</time>
      </trkpt>
      <trkpt lat="9.001632" lon="-79.575014">
        <time>2026-08-13T11:07:36Z</time>
      </trkpt>
      <trkpt lat="9.001643" lon="-79.575003">
        <time>2026-08-13T11:07:37Z</time>
      </trkpt>
      <trkpt lat="9.001654" lon="-79.574994">
        <time>2026-08-13T11:07:38Z</time>
      </trkpt>
      <trkpt lat="9.001668" lon="-79.574982">
        <time>2026-08-13T11:07:39Z</time>
      </trkpt>
      <trkpt lat="9.001681" lon="-79.574969">
        <time>2026-08-13T11:07:40Z</time>
      </trkpt>
      <trkpt lat="9.001693" lon="-79.574960">
        <time>2026-08-13T11:07:41Z</time>
      </trkpt>
      <trkpt lat="9.001703" lon="-79.574950">
        <time>2026-08-13T11:07:42Z</time>
      </trkpt>
      <trkpt lat="9.001715" lon="-79.574937">
        <time>2026-08-13T11:07:43Z</time>
      </trkpt>
      <trkpt lat="9.001729" lon="-79.574925">
        <time>2026-08-13T11:07:44Z</time>
      </trkpt>
      <trkpt lat="9.001742" lon="-79.574914">
        <time>2026-08-13T11:07:45Z</time>
      </trkpt>
      <trkpt lat="9.001753" lon="-79.574904">
        <time>2026-08-13T11:07:46Z</time>
      </trkpt>
      <trkpt lat="9.001766" lon="-79.574891">
        <time>2026-08-13T11:07:47Z</time>
      </trkpt>
      <trkpt lat="9.001779" lon="-79.574882">
        <time>2026-08-13T11:07:48Z</time>
      </trkpt>
      <trkpt lat="9.001792" lon="-79.574873">
        <time>2026-08-13T11:07:49Z</time>
      </trkpt>
      <trkpt lat="9.001806" lon="-79.574861">
        <time>2026-08-13T11:07:50Z</time>
      </trkpt>
      <trkpt lat="9.001821" lon="-79.574849">
        <time>2026-08-13T11:07:51Z</time>
      </trkpt>
      <trkpt lat="9.001835" lon="-79.574839">
        <time>2026-08-13T11:07:52Z</time>
      </trkpt>
      <trkpt lat="9.001846" lon="-79.574827">
        <time>2026-08-13T11:07:53Z</time>
      </trkpt>
      <trkpt lat="9.001860" lon="-79.574813">
        <time>2026-08-13T11:07:54Z</time>
      </trkpt>
      <trkpt lat="9.001874" lon="-79.574801">
        <time>2026-08-13T11:07:55Z</time>
      </trkpt>
      <trkpt lat="9.001888" lon="-79.574790">
        <time>2026-08-13T11:07:56Z</time>
      </trkpt>
      <trkpt lat="9.001903" lon="-79.574778">
        <time>2026-08-13T11:07:57Z</time>
      </trkpt>
      <trkpt lat="9.001918" lon="-79.574767">
        <time>2026-08-13T11:07:58Z</time>
      </trkpt>
      <trkpt lat="9.001929" lon="-79.574759">
        <time>2026-08-13T11:07:59Z</time>
      </trkpt>
      <trkpt lat="9.001937" lon="-79.574751">
        <time>2026-08-13T11:08:00Z</time>
      </trkpt>
      <trkpt lat="9.001948" lon="-79.574743">
        <time>2026-08-13T11:08:01Z</time>
      </trkpt>
      <trkpt lat="9.001959" lon="-79.574733">
        <time>2026-08-13T11:08:02Z</time>
      </trkpt>
      <trkpt lat="9.001968" lon="-79.574725">
        <time>2026-08-13T11:08:03Z</time>
      </trkpt>
      <trkpt lat="9.001978" lon="-79.574716">
        <time>2026-08-13T11:08:04Z</time>
      </trkpt>
      <trkpt lat="9.001987" lon="-79.574709">
        <time>2026-08-13T11:08:05Z</time>
      </trkpt>
      <trkpt lat="9.001993" lon="-79.574702">
        <time>2026-08-13T11:08:06Z</time>
      </trkpt>
      <trkpt lat="9.002000" lon="-79.574693">
        <time>2026-08-13T11:08:07Z</time>
      </trkpt>
      <trkpt lat="9.002009" lon="-79.574683">
        <time>2026-08-13T11:08:08Z</time>
      </trkpt>
      <trkpt lat="9.002017" lon="-79.574674">
        <time>2026-08-13T11:08:09Z</time>
      </trkpt>
      <trkpt lat="9.002029" lon="-79.574665">
        <time>2026-08-13T11:08:10Z</time>
      </trkpt>
      <trkpt lat="9.002039" lon="-79.574655">
        <time>2026-08-13T11:08:11Z</time>
      </trkpt>
      <trkpt lat="9.002049" lon="-79.574646">
        <time>2026-08-13T11:08:12Z</time>
      </trkpt>
      <trkpt lat="9.002059" lon="-79.574635">
        <time>2026-08-13T11:08:13Z</time>
      </trkpt>
      <trkpt lat="9.002069" lon="-79.574627">
        <time>2026-08-13T11:08:14Z</time>
      </trkpt>
      <trkpt lat="9.002083" lon="-79.574616">
        <time>2026-08-13T11:08:15Z</time>
      </trkpt>
      <trkpt lat="9.002092" lon="-79.574607">
        <time>2026-08-13T11:08:16Z</time>
      </trkpt>
      <trkpt lat="9.002102" lon="-79.574600">
        <time>2026-08-13T11:08:17Z</time>
      </trkpt>
      <trkpt lat="9.002111" lon="-79.574594">
        <time>2026-08-13T11:08:18Z</time>
      </trkpt>
      <trkpt lat="9.002119" lon="-79.574585">
        <time>2026-08-13T11:08:19Z</time>
      </trkpt>
      <trkpt lat="9.002128" lon="-79.574577">
        <time>2026-08-13T11:08:20Z</time>
      </trkpt>
      <trkpt lat="9.002140" lon="-79.574569">
        <time>2026-08-13T11:08:21Z</time>
      </trkpt>
      <trkpt lat="9.002149" lon="-79.574559">
        <time>2026-08-13T11:08:22Z</time>
      </trkpt>
      <trkpt lat="9.002160" lon="-79.574550">
        <time>2026-08-13T11:08:23Z</time>
      </trkpt>
      <trkpt lat="9.002173" lon="-79.574542">
        <time>2026-08-13T11:08:24Z</time>
      </trkpt>
      <trkpt lat="9.002184" lon="-79.574533">
        <time>2026-08-13T11:08:25Z</time>
      </trkpt>
      <trkpt lat="9.002195" lon="-79.574523">
        <time>2026-08-13T11:08:26Z</time>
      </trkpt>
      <trkpt lat="9.002206" lon="-79.574513">
        <time>2026-08-13T11:08:27Z</time>
      </trkpt>
      <trkpt lat="9.002217" lon="-79.574508">
        <time>2026-08-13T11:08:28Z</time>
      </trkpt>
      <trkpt lat="9.002226" lon="-79.574500">
        <time>2026-08-13T11:08:29Z</time>
      </trkpt>
      <trkpt lat="9.002237" lon="-79.574493">
        <time>2026-08-13T11:08:30Z</time>
      </trkpt>
      <trkpt lat="9.002247" lon="-79.574484">
        <time>2026-08-13T11:08:31Z</time>
      </trkpt>
      <trkpt lat="9.002259" lon="-79.574475">
        <time>2026-08-13T11:08:32Z</time>
      </trkpt>
      <trkpt lat="9.002277" lon="-79.574467">
        <time>2026-08-13T11:08:33Z</time>
      </trkpt>
      <trkpt lat="9.002288" lon="-79.574458">
        <time>2026-08-13T11:08:34Z</time>
      </trkpt>
      <trkpt lat="9.002301" lon="-79.574447">
        <time>2026-08-13T11:08:35Z</time>
      </trkpt>
      <trkpt lat="9.002313" lon="-79.574438">
        <time>2026-08-13T11:08:36Z</time>
      </trkpt>
      <trkpt lat="9.002325" lon="-79.574429">
        <time>2026-08-13T11:08:37Z</time>
      </trkpt>
      <trkpt lat="9.002335" lon="-79.574419">
        <time>2026-08-13T11:08:38Z</time>
      </trkpt>
      <trkpt lat="9.002346" lon="-79.574410">
        <time>2026-08-13T11:08:39Z</time>
      </trkpt>
      <trkpt lat="9.002358" lon="-79.574402">
        <time>2026-08-13T11:08:40Z</time>
      </trkpt>
      <trkpt lat="9.002368" lon="-79.574392">
        <time>2026-08-13T11:08:41Z</time>
      </trkpt>
      <trkpt lat="9.002378" lon="-79.574382">
        <time>2026-08-13T11:08:42Z</time>
      </trkpt>
      <trkpt lat="9.002389" lon="-79.574372">
        <time>2026-08-13T11:08:43Z</time>
      </trkpt>
      <trkpt lat="9.002401" lon="-79.574363">
        <time>2026-08-13T11:08:44Z</time>
      </trkpt>
      <trkpt lat="9.002412" lon="-79.574354">
        <time>2026-08-13T11:08:45Z</time>
      </trkpt>
      <trkpt lat="9.002423" lon="-79.574346">
        <time>2026-08-13T11:08:46Z</time>
      </trkpt>
      <trkpt lat="9.002436" lon="-79.574339">
        <time>2026-08-13T11:08:47Z</time>
      </trkpt>
      <trkpt lat="9.002447" lon="-79.574330">
        <time>2026-08-13T11:08:48Z</time>
      </trkpt>
      <trkpt lat="9.002459" lon="-79.574320">
        <time>2026-08-13T11:08:49Z</time>
      </trkpt>
      <trkpt lat="9.002472" lon="-79.574312">
        <time>2026-08-13T11:08:50Z</time>
      </trkpt>
      <trkpt lat="9.002484" lon="-79.574304">
        <time>2026-08-13T11:08:51Z</time>
      </trkpt>
      <trkpt lat="9.002498" lon="-79.574295">
        <time>2026-08-13T11:08:52Z</time>
      </trkpt>
      <trkpt lat="9.002509" lon="-79.574285">
        <time>2026-08-13T11:08:53Z</time>
      </trkpt>
      <trkpt lat="9.002521" lon="-79.574277">
        <time>2026-08-13T11:08:54Z</time>
      </trkpt>
      <trkpt lat="9.002532" lon="-79.574267">
        <time>2026-08-13T11:08:55Z</time>
      </trkpt>
      <trkpt lat="9.002543" lon="-79.574257">
        <time>2026-08-13T11:08:56Z</time>
      </trkpt>
      <trkpt lat="9.002553" lon="-79.574248">
        <time>2026-08-13T11:08:57Z</time>
      </trkpt>
      <trkpt lat="9.002567" lon="-79.574239">
        <time>2026-08-13T11:08:58Z</time>
      </trkpt>
      <trkpt lat="9.002581" lon="-79.574231">
        <time>2026-08-13T11:08:59Z</time>
      </trkpt>
      <trkpt lat="9.002592" lon="-79.574222">
        <time>2026-08-13T11:09:00Z</time>
      </trkpt>
      <trkpt lat="9.002605" lon="-79.574213">
        <time>2026-08-13T11:09:01Z</time>
      </trkpt>
      <trkpt lat="9.002615" lon="-79.574205">
        <time>2026-08-13T11:09:02Z</time>
      </trkpt>
      <trkpt lat="9.002628" lon="-79.574196">
        <time>2026-08-13T11:09:03Z</time>
      </trkpt>
      <trkpt lat="9.002639" lon="-79.574184">
        <time>2026-08-13T11:09:04Z</time>
      </trkpt>
      <trkpt lat="9.002651" lon="-79.574176">
        <time>2026-08-13T11:09:05Z</time>
      </trkpt>
      <trkpt lat="9.002665" lon="-79.574166">
        <time>2026-08-13T11:09:06Z</time>
      </trkpt>
      <trkpt lat="9.002678" lon="-79.574156">
        <time>2026-08-13T11:09:07Z</time>
      </trkpt>
      <trkpt lat="9.002691" lon="-79.574147">
        <time>2026-08-13T11:09:08Z</time>
      </trkpt>
      <trkpt lat="9.002705" lon="-79.574139">
        <time>2026-08-13T11:09:09Z</time>
      </trkpt>
      <trkpt lat="9.002716" lon="-79.574129">
        <time>2026-08-13T11:09:10Z</time>
      </trkpt>
      <trkpt lat="9.002727" lon="-79.574123">
        <time>2026-08-13T11:09:11Z</time>
      </trkpt>
      <trkpt lat="9.002738" lon="-79.574114">
        <time>2026-08-13T11:09:12Z</time>
      </trkpt>
      <trkpt lat="9.002751" lon="-79.574103">
        <time>2026-08-13T11:09:13Z</time>
      </trkpt>
      <trkpt lat="9.002764" lon="-79.574093">
        <time>2026-08-13T11:09:14Z</time>
      </trkpt>
      <trkpt lat="9.002777" lon="-79.574082">
        <time>2026-08-13T11:09:15Z</time>
      </trkpt>
      <trkpt lat="9.002789" lon="-79.574071">
        <time>2026-08-13T11:09:16Z</time>
      </trkpt>
      <trkpt lat="9.002804" lon="-79.574060">
        <time>2026-08-13T11:09:17Z</time>
      </trkpt>
      <trkpt lat="9.002819" lon="-79.574050">
        <time>2026-08-13T11:09:18Z</time>
      </trkpt>
      <trkpt lat="9.002830" lon="-79.574040">
        <time>2026-08-13T11:09:19Z</time>
      </trkpt>
      <trkpt lat="9.002843" lon="-79.574030">
        <time>2026-08-13T11:09:20Z</time>
      </trkpt>
      <trkpt lat="9.002855" lon="-79.574020">
        <time>2026-08-13T11:09:21Z</time>
      </trkpt>
      <trkpt lat="9.002867" lon="-79.574008">
        <time>2026-08-13T11:09:22Z</time>
      </trkpt>
      <trkpt lat="9.002877" lon="-79.573999">
        <time>2026-08-13T11:09:23Z</time>
      </trkpt>
      <trkpt lat="9.002884" lon="-79.573994">
        <time>2026-08-13T11:09:24Z</time>
      </trkpt>
      <trkpt lat="9.002893" lon="-79.573983">
        <time>2026-08-13T11:09:25Z</time>
      </trkpt>
      <trkpt lat="9.002903" lon="-79.573973">
        <time>2026-08-13T11:09:26Z</time>
      </trkpt>
      <trkpt lat="9.002913" lon="-79.573965">
        <time>2026-08-13T11:09:27Z</time>
      </trkpt>
      <trkpt lat="9.002924" lon="-79.573954">
        <time>2026-08-13T11:09:28Z</time>
      </trkpt>
      <trkpt lat="9.002934" lon="-79.573945">
        <time>2026-08-13T11:09:29Z</time>
      </trkpt>
      <trkpt lat="9.002946" lon="-79.573936">
        <time>2026-08-13T11:09:30Z</time>
      </trkpt>
      <trkpt lat="9.002959" lon="-79.573926">
        <time>2026-08-13T11:09:31Z</time>
      </trkpt>
      <trkpt lat="9.002972" lon="-79.573918">
        <time>2026-08-13T11:09:32Z</time>
      </trkpt>
      <trkpt lat="9.002985" lon="-79.573909">
        <time>2026-08-13T11:09:33Z</time>
      </trkpt>
      <trkpt lat="9.002999" lon="-79.573900">
        <time>2026-08-13T11:09:34Z</time>
      </trkpt>
      <trkpt lat="9.003010" lon="-79.573890">
        <time>2026-08-13T11:09:35Z</time>
      </trkpt>
      <trkpt lat="9.003020" lon="-79.573879">
        <time>2026-08-13T11:09:36Z</time>
      </trkpt>
      <trkpt lat="9.003030" lon="-79.573867">
        <time>2026-08-13T11:09:37Z</time>
      </trkpt>
      <trkpt lat="9.003038" lon="-79.573861">
        <time>2026-08-13T11:09:38Z</time>
      </trkpt>
      <trkpt lat="9.003048" lon="-79.573852">
        <time>2026-08-13T11:09:39Z</time>
      </trkpt>
      <trkpt lat="9.003059" lon="-79.573842">
        <time>2026-08-13T11:09:40Z</time>
      </trkpt>
      <trkpt lat="9.003069" lon="-79.573832">
        <time>2026-08-13T11:09:41Z</time>
      </trkpt>
      <trkpt lat="9.003084" lon="-79.573822">
        <time>2026-08-13T11:09:42Z</time>
      </trkpt>
      <trkpt lat="9.003100" lon="-79.573813">
        <time>2026-08-13T11:09:43Z</time>
      </trkpt>
      <trkpt lat="9.003113" lon="-79.573806">
        <time>2026-08-13T11:09:44Z</time>
      </trkpt>
      <trkpt lat="9.003127" lon="-79.573800">
        <time>2026-08-13T11:09:45Z</time>
      </trkpt>
      <trkpt lat="9.003139" lon="-79.573791">
        <time>2026-08-13T11:09:46Z</time>
      </trkpt>
      <trkpt lat="9.003149" lon="-79.573786">
        <time>2026-08-13T11:09:47Z</time>
      </trkpt>
      <trkpt lat="9.003159" lon="-79.573780">
        <time>2026-08-13T11:09:48Z</time>
      </trkpt>
      <trkpt lat="9.003170" lon="-79.573770">
        <time>2026-08-13T11:09:49Z</time>
      </trkpt>
      <trkpt lat="9.003181" lon="-79.573758">
        <time>2026-08-13T11:09:50Z</time>
      </trkpt>
      <trkpt lat="9.003193" lon="-79.573748">
        <time>2026-08-13T11:09:51Z</time>
      </trkpt>
      <trkpt lat="9.003206" lon="-79.573739">
        <time>2026-08-13T11:09:52Z</time>
      </trkpt>
      <trkpt lat="9.003219" lon="-79.573730">
        <time>2026-08-13T11:09:53Z</time>
      </trkpt>
      <trkpt lat="9.003230" lon="-79.573718">
        <time>2026-08-13T11:09:54Z</time>
      </trkpt>
      <trkpt lat="9.003244" lon="-79.573704">
        <time>2026-08-13T11:09:55Z</time>
      </trkpt>
      <trkpt lat="9.003256" lon="-79.573692">
        <time>2026-08-13T11:09:56Z</time>
      </trkpt>
      <trkpt lat="9.003269" lon="-79.573679">
        <time>2026-08-13T11:09:57Z</time>
      </trkpt>
      <trkpt lat="9.003278" lon="-79.573672">
        <time>2026-08-13T11:09:58Z</time>
      </trkpt>
      <trkpt lat="9.003290" lon="-79.573662">
        <time>2026-08-13T11:09:59Z</time>
      </trkpt>
      <trkpt lat="9.003305" lon="-79.573654">
        <time>2026-08-13T11:10:00Z</time>
      </trkpt>
      <trkpt lat="9.003314" lon="-79.573643">
        <time>2026-08-13T11:10:01Z</time>
      </trkpt>
      <trkpt lat="9.003321" lon="-79.573634">
        <time>2026-08-13T11:10:02Z</time>
      </trkpt>
      <trkpt lat="9.003331" lon="-79.573627">
        <time>2026-08-13T11:10:03Z</time>
      </trkpt>
      <trkpt lat="9.003340" lon="-79.573621">
        <time>2026-08-13T11:10:04Z</time>
      </trkpt>
      <trkpt lat="9.003352" lon="-79.573614">
        <time>2026-08-13T11:10:05Z</time>
      </trkpt>
      <trkpt lat="9.003362" lon="-79.573608">
        <time>2026-08-13T11:10:06Z</time>
      </trkpt>
      <trkpt lat="9.003376" lon="-79.573602">
        <time>2026-08-13T11:10:07Z</time>
      </trkpt>
      <trkpt lat="9.003386" lon="-79.573593">
        <time>2026-08-13T11:10:08Z</time>
      </trkpt>
      <trkpt lat="9.003397" lon="-79.573584">
        <time>2026-08-13T11:10:09Z</time>
      </trkpt>
      <trkpt lat="9.003408" lon="-79.573571">
        <time>2026-08-13T11:10:10Z</time>
      </trkpt>
      <trkpt lat="9.003420" lon="-79.573560">
        <time>2026-08-13T11:10:11Z</time>
      </trkpt>
      <trkpt lat="9.003432" lon="-79.573552">
        <time>2026-08-13T11:10:12Z</time>
      </trkpt>
      <trkpt lat="9.003443" lon="-79.573543">
        <time>2026-08-13T11:10:13Z</time>
      </trkpt>
      <trkpt lat="9.003453" lon="-79.573532">
        <time>2026-08-13T11:10:14Z</time>
      </trkpt>
      <trkpt lat="9.003464" lon="-79.573523">
        <time>2026-08-13T11:10:15Z</time>
      </trkpt>
      <trkpt lat="9.003474" lon="-79.573518">
        <time>2026-08-13T11:10:16Z</time>
      </trkpt>
      <trkpt lat="9.003487" lon="-79.573507">
        <time>2026-08-13T11:10:17Z</time>
      </trkpt>
      <trkpt lat="9.003498" lon="-79.573498">
        <time>2026-08-13T11:10:18Z</time>
      </trkpt>
      <trkpt lat="9.003514" lon="-79.573488">
        <time>2026-08-13T11:10:19Z</time>
      </trkpt>
      <trkpt lat="9.003527" lon="-79.573480">
        <time>2026-08-13T11:10:20Z</time>
      </trkpt>
      <trkpt lat="9.003536" lon="-79.573470">
        <time>2026-08-13T11:10:21Z</time>
      </trkpt>
      <trkpt lat="9.003544" lon="-79.573461">
        <time>2026-08-13T11:10:22Z</time>
      </trkpt>
      <trkpt lat="9.003556" lon="-79.573456">
        <time>2026-08-13T11:10:23Z</time>
      </trkpt>
      <trkpt lat="9.003565" lon="-79.573448">
        <time>2026-08-13T11:10:24Z</time>
      </trkpt>
      <trkpt lat="9.003574" lon="-79.573438">
        <time>2026-08-13T11:10:25Z</time>
      </trkpt>
      <trkpt lat="9.003584" lon="-79.573429">
        <time>2026-08-13T11:10:26Z</time>
      </trkpt>
      <trkpt lat="9.003595" lon="-79.573418">
        <time>2026-08-13T11:10:27Z</time>
      </trkpt>
      <trkpt lat="9.003608" lon="-79.573407">
        <time>2026-08-13T11:10:28Z</time>
      </trkpt>
      <trkpt lat="9.003616" lon="-79.573400">
        <time>2026-08-13T11:10:29Z</time>
      </trkpt>
      <trkpt lat="9.003628" lon="-79.573389">
        <time>2026-08-13T11:10:30Z</time>
      </trkpt>
      <trkpt lat="9.003641" lon="-79.573378">
        <time>2026-08-13T11:10:31Z</time>
      </trkpt>
      <trkpt lat="9.003653" lon="-79.573367">
        <time>2026-08-13T11:10:32Z</time>
      </trkpt>
      <trkpt lat="9.003667" lon="-79.573356">
        <time>2026-08-13T11:10:33Z</time>
      </trkpt>
      <trkpt lat="9.003678" lon="-79.573347">
        <time>2026-08-13T11:10:34Z</time>
      </trkpt>
      <trkpt lat="9.003688" lon="-79.573338">
        <time>2026-08-13T11:10:35Z</time>
      </trkpt>
      <trkpt lat="9.003699" lon="-79.573331">
        <time>2026-08-13T11:10:36Z</time>
      </trkpt>
      <trkpt lat="9.003710" lon="-79.573323">
        <time>2026-08-13T11:10:37Z</time>
      </trkpt>
      <trkpt lat="9.003720" lon="-79.573314">
        <time>2026-08-13T11:10:38Z</time>
      </trkpt>
      <trkpt lat="9.003730" lon="-79.573308">
        <time>2026-08-13T11:10:39Z</time>
      </trkpt>
      <trkpt lat="9.003739" lon="-79.573302">
        <time>2026-08-13T11:10:40Z</time>
      </trkpt>
      <trkpt lat="9.003748" lon="-79.573293">
        <time>2026-08-13T11:10:41Z</time>
      </trkpt>
      <trkpt lat="9.003758" lon="-79.573285">
        <time>2026-08-13T11:10:42Z</time>
      </trkpt>
      <trkpt lat="9.003772" lon="-79.573277">
        <time>2026-08-13T11:10:43Z</time>
      </trkpt>
      <trkpt lat="9.003785" lon="-79.573268">
        <time>2026-08-13T11:10:44Z</time>
      </trkpt>
      <trkpt lat="9.003799" lon="-79.573257">
        <time>2026-08-13T11:10:45Z</time>
      </trkpt>
      <trkpt lat="9.003812" lon="-79.573249">
        <time>2026-08-13T11:10:46Z</time>
      </trkpt>
      <trkpt lat="9.003825" lon="-79.573238">
        <time>2026-08-13T11:10:47Z</time>
      </trkpt>
      <trkpt lat="9.003835" lon="-79.573228">
        <time>2026-08-13T11:10:48Z</time>
      </trkpt>
      <trkpt lat="9.003846" lon="-79.573217">
        <time>2026-08-13T11:10:49Z</time>
      </trkpt>
      <trkpt lat="9.003856" lon="-79.573208">
        <time>2026-08-13T11:10:50Z</time>
      </trkpt>
      <trkpt lat="9.003866" lon="-79.573199">
        <time>2026-08-13T11:10:51Z</time>
      </trkpt>
      <trkpt lat="9.003877" lon="-79.573192">
        <time>2026-08-13T11:10:52Z</time>
      </trkpt>
      <trkpt lat="9.003884" lon="-79.573181">
        <time>2026-08-13T11:10:53Z</time>
      </trkpt>
      <trkpt lat="9.003893" lon="-79.573174">
        <time>2026-08-13T11:10:54Z</time>
      </trkpt>
      <trkpt lat="9.003906" lon="-79.573169">
        <time>2026-08-13T11:10:55Z</time>
      </trkpt>
      <trkpt lat="9.003918" lon="-79.573158">
        <time>2026-08-13T11:10:56Z</time>
      </trkpt>
      <trkpt lat="9.003930" lon="-79.573149">
        <time>2026-08-13T11:10:57Z</time>
      </trkpt>
      <trkpt lat="9.003941" lon="-79.573140">
        <time>2026-08-13T11:10:58Z</time>
      </trkpt>
      <trkpt lat="9.003952" lon="-79.573130">
        <time>2026-08-13T11:10:59Z</time>
      </trkpt>
      <trkpt lat="9.003964" lon="-79.573120">
        <time>2026-08-13T11:11:00Z</time>
      </trkpt>
      <trkpt lat="9.003977" lon="-79.573109">
        <time>2026-08-13T11:11:01Z</time>
      </trkpt>
      <trkpt lat="9.003988" lon="-79.573096">
        <time>2026-08-13T11:11:02Z</time>
      </trkpt>
      <trkpt lat="9.004000" lon="-79.573083">
        <time>2026-08-13T11:11:03Z</time>
      </trkpt>
      <trkpt lat="9.004010" lon="-79.573071">
        <time>2026-08-13T11:11:04Z</time>
      </trkpt>
      <trkpt lat="9.004019" lon="-79.573063">
        <time>2026-08-13T11:11:05Z</time>
      </trkpt>
      <trkpt lat="9.004026" lon="-79.573058">
        <time>2026-08-13T11:11:06Z</time>
      </trkpt>
      <trkpt lat="9.004037" lon="-79.573054">
        <time>2026-08-13T11:11:07Z</time>
      </trkpt>
      <trkpt lat="9.004050" lon="-79.573052">
        <time>2026-08-13T11:11:08Z</time>
      </trkpt>
      <trkpt lat="9.004062" lon="-79.573048">
        <time>2026-08-13T11:11:09Z</time>
      </trkpt>
      <trkpt lat="9.004074" lon="-79.573042">
        <time>2026-08-13T11:11:10Z</time>
      </trkpt>
      <trkpt lat="9.004086" lon="-79.573030">
        <time>2026-08-13T11:11:11Z</time>
      </trkpt>
      <trkpt lat="9.004096" lon="-79.573020">
        <time>2026-08-13T11:11:12Z</time>
      </trkpt>
      <trkpt lat="9.004107" lon="-79.573010">
        <time>2026-08-13T11:11:13Z</time>
      </trkpt>
      <trkpt lat="9.004120" lon="-79.573001">
        <time>2026-08-13T11:11:14Z</time>
      </trkpt>
      <trkpt lat="9.004129" lon="-79.572992">
        <time>2026-08-13T11:11:15Z</time>
      </trkpt>
      <trkpt lat="9.004141" lon="-79.572977">
        <time>2026-08-13T11:11:16Z</time>
      </trkpt>
      <trkpt lat="9.004151" lon="-79.572965">
        <time>2026-08-13T11:11:17Z</time>
      </trkpt>
      <trkpt lat="9.004163" lon="-79.572954">
        <time>2026-08-13T11:11:18Z</time>
      </trkpt>
      <trkpt lat="9.004172" lon="-79.572942">
        <time>2026-08-13T11:11:19Z</time>
      </trkpt>
      <trkpt lat="9.004181" lon="-79.572931">
        <time>2026-08-13T11:11:20Z</time>
      </trkpt>
      <trkpt lat="9.004190" lon="-79.572924">
        <time>2026-08-13T11:11:21Z</time>
      </trkpt>
      <trkpt lat="9.004200" lon="-79.572914">
        <time>2026-08-13T11:11:22Z</time>
      </trkpt>
      <trkpt lat="9.004213" lon="-79.572907">
        <time>2026-08-13T11:11:23Z</time>
      </trkpt>
      <trkpt lat="9.004221" lon="-79.572901">
        <time>2026-08-13T11:11:24Z</time>
      </trkpt>
      <trkpt lat="9.004232" lon="-79.572893">
        <time>2026-08-13T11:11:25Z</time>
      </trkpt>
      <trkpt lat="9.004242" lon="-79.572883">
        <time>2026-08-13T11:11:26Z</time>
      </trkpt>
      <trkpt lat="9.004253" lon="-79.572872">
        <time>2026-08-13T11:11:27Z</time>
      </trkpt>
      <trkpt lat="9.004262" lon="-79.572859">
        <time>2026-08-13T11:11:28Z</time>
      </trkpt>
      <trkpt lat="9.004271" lon="-79.572853">
        <time>2026-08-13T11:11:29Z</time>
      </trkpt>
      <trkpt lat="9.004280" lon="-79.572843">
        <time>2026-08-13T11:11:30Z</time>
      </trkpt>
      <trkpt lat="9.004288" lon="-79.572832">
        <time>2026-08-13T11:11:31Z</time>
      </trkpt>
      <trkpt lat="9.004296" lon="-79.572823">
        <time>2026-08-13T11:11:32Z</time>
      </trkpt>
      <trkpt lat="9.004305" lon="-79.572813">
        <time>2026-08-13T11:11:33Z</time>
      </trkpt>
      <trkpt lat="9.004314" lon="-79.572808">
        <time>2026-08-13T11:11:34Z</time>
      </trkpt>
      <trkpt lat="9.004323" lon="-79.572801">
        <time>2026-08-13T11:11:35Z</time>
      </trkpt>
      <trkpt lat="9.004333" lon="-79.572794">
        <time>2026-08-13T11:11:36Z</time>
      </trkpt>
      <trkpt lat="9.004345" lon="-79.572788">
        <time>2026-08-13T11:11:37Z</time>
      </trkpt>
      <trkpt lat="9.004356" lon="-79.572778">
        <time>2026-08-13T11:11:38Z</time>
      </trkpt>
      <trkpt lat="9.004364" lon="-79.572767">
        <time>2026-08-13T11:11:39Z</time>
      </trkpt>
      <trkpt lat="9.004373" lon="-79.572754">
        <time>2026-08-13T11:11:40Z</time>
      </trkpt>
      <trkpt lat="9.004384" lon="-79.572744">
        <time>2026-08-13T11:11:41Z</time>
      </trkpt>
      <trkpt lat="9.004393" lon="-79.572731">
        <time>2026-08-13T11:11:42Z</time>
      </trkpt>
      <trkpt lat="9.004395" lon="-79.572716">
        <time>2026-08-13T11:11:43Z</time>
      </trkpt>
      <trkpt lat="9.004400" lon="-79.572707">
        <time>2026-08-13T11:11:44Z</time>
      </trkpt>
      <trkpt lat="9.004410" lon="-79.572697">
        <time>2026-08-13T11:11:45Z</time>
      </trkpt>
      <trkpt lat="9.004415" lon="-79.572687">
        <time>2026-08-13T11:11:46Z</time>
      </trkpt>
      <trkpt lat="9.004420" lon="-79.572673">
        <time>2026-08-13T11:11:47Z</time>
      </trkpt>
      <trkpt lat="9.004426" lon="-79.572663">
        <time>2026-08-13T11:11:48Z</time>
      </trkpt>
      <trkpt lat="9.004430" lon="-79.572651">
        <time>2026-08-13T11:11:49Z</time>
      </trkpt>
      <trkpt lat="9.004438" lon="-79.572636">
        <time>2026-08-13T11:11:50Z</time>
      </trkpt>
      <trkpt lat="9.004446" lon="-79.572626">
        <time>2026-08-13T11:11:51Z</time>
      </trkpt>
      <trkpt lat="9.004453" lon="-79.572613">
        <time>2026-08-13T11:11:52Z</time>
      </trkpt>
      <trkpt lat="9.004462" lon="-79.572599">
        <time>2026-08-13T11:11:53Z</time>
      </trkpt>
      <trkpt lat="9.004472" lon="-79.572588">
        <time>2026-08-13T11:11:54Z</time>
      </trkpt>
      <trkpt lat="9.004482" lon="-79.572575">
        <time>2026-08-13T11:11:55Z</time>
      </trkpt>
      <trkpt lat="9.004493" lon="-79.572563">
        <time>2026-08-13T11:11:56Z</time>
      </trkpt>
      <trkpt lat="9.004500" lon="-79.572551">
        <time>2026-08-13T11:11:57Z</time>
      </trkpt>
      <trkpt lat="9.004508" lon="-79.572542">
        <time>2026-08-13T11:11:58Z</time>
      </trkpt>
      <trkpt lat="9.004515" lon="-79.572532">
        <time>2026-08-13T11:11:59Z</time>
      </trkpt>
      <trkpt lat="9.004522" lon="-79.572522">
        <time>2026-08-13T11:12:00Z</time>
      </trkpt>
      <trkpt lat="9.004531" lon="-79.572516">
        <time>2026-08-13T11:12:01Z</time>
      </trkpt>
      <trkpt lat="9.004540" lon="-79.572506">
        <time>2026-08-13T11:12:02Z</time>
      </trkpt>
      <trkpt lat="9.004543" lon="-79.572492">
        <time>2026-08-13T11:12:03Z</time>
      </trkpt>
      <trkpt lat="9.004551" lon="-79.572479">
        <time>2026-08-13T11:12:04Z</time>
      </trkpt>
      <trkpt lat="9.004557" lon="-79.572462">
        <time>2026-08-13T11:12:05Z</time>
      </trkpt>
      <trkpt lat="9.004562" lon="-79.572449">
        <time>2026-08-13T11:12:06Z</time>
      </trkpt>
      <trkpt lat="9.004573" lon="-79.572436">
        <time>2026-08-13T11:12:07Z</time>
      </trkpt>
      <trkpt lat="9.004586" lon="-79.572426">
        <time>2026-08-13T11:12:08Z</time>
      </trkpt>
      <trkpt lat="9.004596" lon="-79.572412">
        <time>2026-08-13T11:12:09Z</time>
      </trkpt>
      <trkpt lat="9.004605" lon="-79.572399">
        <time>2026-08-13T11:12:10Z</time>
      </trkpt>
      <trkpt lat="9.004614" lon="-79.572387">
        <time>2026-08-13T11:12:11Z</time>
      </trkpt>
      <trkpt lat="9.004622" lon="-79.572374">
        <time>2026-08-13T11:12:12Z</time>
      </trkpt>
      <trkpt lat="9.004629" lon="-79.572364">
        <time>2026-08-13T11:12:13Z</time>
      </trkpt>
      <trkpt lat="9.004635" lon="-79.572352">
        <time>2026-08-13T11:12:14Z</time>
      </trkpt>
      <trkpt lat="9.004639" lon="-79.572339">
        <time>2026-08-13T11:12:15Z</time>
      </trkpt>
      <trkpt lat="9.004642" lon="-79.572326">
        <time>2026-08-13T11:12:16Z</time>
      </trkpt>
      <trkpt lat="9.004645" lon="-79.572315">
        <time>2026-08-13T11:12:17Z</time>
      </trkpt>
      <trkpt lat="9.004651" lon="-79.572301">
        <time>2026-08-13T11:12:18Z</time>
      </trkpt>
      <trkpt lat="9.004656" lon="-79.572286">
        <time>2026-08-13T11:12:19Z</time>
      </trkpt>
      <trkpt lat="9.004664" lon="-79.572275">
        <time>2026-08-13T11:12:20Z</time>
      </trkpt>
      <trkpt lat="9.004670" lon="-79.572260">
        <time>2026-08-13T11:12:21Z</time>
      </trkpt>
      <trkpt lat="9.004676" lon="-79.572247">
        <time>2026-08-13T11:12:22Z</time>
      </trkpt>
      <trkpt lat="9.004682" lon="-79.572233">
        <time>2026-08-13T11:12:23Z</time>
      </trkpt>
      <trkpt lat="9.004687" lon="-79.572216">
        <time>2026-08-13T11:12:24Z</time>
      </trkpt>
      <trkpt lat="9.004692" lon="-79.572201">
        <time>2026-08-13T11:12:25Z</time>
      </trkpt>
      <trkpt lat="9.004698" lon="-79.572188">
        <time>2026-08-13T11:12:26Z</time>
      </trkpt>
      <trkpt lat="9.004703" lon="-79.572174">
        <time>2026-08-13T11:12:27Z</time>
      </trkpt>
      <trkpt lat="9.004709" lon="-79.572162">
        <time>2026-08-13T11:12:28Z</time>
      </trkpt>
      <trkpt lat="9.004714" lon="-79.572150">
        <time>2026-08-13T11:12:29Z</time>
      </trkpt>
      <trkpt lat="9.004718" lon="-79.572140">
        <time>2026-08-13T11:12:30Z</time>
      </trkpt>
      <trkpt lat="9.004721" lon="-79.572127">
        <time>2026-08-13T11:12:31Z</time>
      </trkpt>
      <trkpt lat="9.004724" lon="-79.572113">
        <time>2026-08-13T11:12:32Z</time>
      </trkpt>
      <trkpt lat="9.004728" lon="-79.572102">
        <time>2026-08-13T11:12:33Z</time>
      </trkpt>
      <trkpt lat="9.004733" lon="-79.572089">
        <time>2026-08-13T11:12:34Z</time>
      </trkpt>
      <trkpt lat="9.004738" lon="-79.572076">
        <time>2026-08-13T11:12:35Z</time>
      </trkpt>
      <trkpt lat="9.004744" lon="-79.572064">
        <time>2026-08-13T11:12:36Z</time>
      </trkpt>
      <trkpt lat="9.004749" lon="-79.572047">
        <time>2026-08-13T11:12:37Z</time>
      </trkpt>
      <trkpt lat="9.004753" lon="-79.572033">
        <time>2026-08-13T11:12:38Z</time>
      </trkpt>
      <trkpt lat="9.004757" lon="-79.572018">
        <time>2026-08-13T11:12:39Z</time>
      </trkpt>
      <trkpt lat="9.004762" lon="-79.572007">
        <time>2026-08-13T11:12:40Z</time>
      </trkpt>
      <trkpt lat="9.004772" lon="-79.571993">
        <time>2026-08-13T11:12:41Z</time>
      </trkpt>
      <trkpt lat="9.004776" lon="-79.571977">
        <time>2026-08-13T11:12:42Z</time>
      </trkpt>
      <trkpt lat="9.004779" lon="-79.571964">
        <time>2026-08-13T11:12:43Z</time>
      </trkpt>
      <trkpt lat="9.004785" lon="-79.571950">
        <time>2026-08-13T11:12:44Z</time>
      </trkpt>
      <trkpt lat="9.004789" lon="-79.571937">
        <time>2026-08-13T11:12:45Z</time>
      </trkpt>
      <trkpt lat="9.004794" lon="-79.571922">
        <time>2026-08-13T11:12:46Z</time>
      </trkpt>
      <trkpt lat="9.004799" lon="-79.571910">
        <time>2026-08-13T11:12:47Z</time>
      </trkpt>
      <trkpt lat="9.004805" lon="-79.571900">
        <time>2026-08-13T11:12:48Z</time>
      </trkpt>
      <trkpt lat="9.004807" lon="-79.571887">
        <time>2026-08-13T11:12:49Z</time>
      </trkpt>
      <trkpt lat="9.004808" lon="-79.571871">
        <time>2026-08-13T11:12:50Z</time>
      </trkpt>
      <trkpt lat="9.004811" lon="-79.571859">
        <time>2026-08-13T11:12:51Z</time>
      </trkpt>
      <trkpt lat="9.004814" lon="-79.571844">
        <time>2026-08-13T11:12:52Z</time>
      </trkpt>
      <trkpt lat="9.004815" lon="-79.571828">
        <time>2026-08-13T11:12:53Z</time>
      </trkpt>
      <trkpt lat="9.004819" lon="-79.571811">
        <time>2026-08-13T11:12:54Z</time>
      </trkpt>
      <trkpt lat="9.004820" lon="-79.571794">
        <time>2026-08-13T11:12:55Z</time>
      </trkpt>
      <trkpt lat="9.004825" lon="-79.571778">
        <time>2026-08-13T11:12:56Z</time>
      </trkpt>
      <trkpt lat="9.004829" lon="-79.571760">
        <time>2026-08-13T11:12:57Z</time>
      </trkpt>
      <trkpt lat="9.004833" lon="-79.571745">
        <time>2026-08-13T11:12:58Z</time>
      </trkpt>
      <trkpt lat="9.004833" lon="-79.571731">
        <time>2026-08-13T11:12:59Z</time>
      </trkpt>
      <trkpt lat="9.004835" lon="-79.571717">
        <time>2026-08-13T11:13:00Z</time>
      </trkpt>
      <trkpt lat="9.004839" lon="-79.571702">
        <time>2026-08-13T11:13:01Z</time>
      </trkpt>
      <trkpt lat="9.004841" lon="-79.571689">
        <time>2026-08-13T11:13:02Z</time>
      </trkpt>
      <trkpt lat="9.004843" lon="-79.571672">
        <time>2026-08-13T11:13:03Z</time>
      </trkpt>
      <trkpt lat="9.004847" lon="-79.571663">
        <time>2026-08-13T11:13:04Z</time>
      </trkpt>
      <trkpt lat="9.004851" lon="-79.571652">
        <time>2026-08-13T11:13:05Z</time>
      </trkpt>
      <trkpt lat="9.004850" lon="-79.571637">
        <time>2026-08-13T11:13:06Z</time>
      </trkpt>
      <trkpt lat="9.004852" lon="-79.571625">
        <time>2026-08-13T11:13:07Z</time>
      </trkpt>
      <trkpt lat="9.004854" lon="-79.571613">
        <time>2026-08-13T11:13:08Z</time>
      </trkpt>
      <trkpt lat="9.004857" lon="-79.571599">
        <time>2026-08-13T11:13:09Z</time>
      </trkpt>
      <trkpt lat="9.004855" lon="-79.571585">
        <time>2026-08-13T11:13:10Z</time>
      </trkpt>
      <trkpt lat="9.004857" lon="-79.571570">
        <time>2026-08-13T11:13:11Z</time>
      </trkpt>
      <trkpt lat="9.004858" lon="-79.571555">
        <time>2026-08-13T11:13:12Z</time>
      </trkpt>
      <trkpt lat="9.004863" lon="-79.571541">
        <time>2026-08-13T11:13:13Z</time>
      </trkpt>
      <trkpt lat="9.004866" lon="-79.571528">
        <time>2026-08-13T11:13:14Z</time>
      </trkpt>
      <trkpt lat="9.004868" lon="-79.571515">
        <time>2026-08-13T11:13:15Z</time>
      </trkpt>
      <trkpt lat="9.004867" lon="-79.571504">
        <time>2026-08-13T11:13:16Z</time>
      </trkpt>
      <trkpt lat="9.004867" lon="-79.571495">
        <time>2026-08-13T11:13:17Z</time>
      </trkpt>
      <trkpt lat="9.004866" lon="-79.571483">
        <time>2026-08-13T11:13:18Z</time>
      </trkpt>
      <trkpt lat="9.004866" lon="-79.571469">
        <time>2026-08-13T11:13:19Z</time>
      </trkpt>
      <trkpt lat="9.004870" lon="-79.571456">
        <time>2026-08-13T11:13:20Z</time>
      </trkpt>
      <trkpt lat="9.004871" lon="-79.571442">
        <time>2026-08-13T11:13:21Z</time>
      </trkpt>
      <trkpt lat="9.004871" lon="-79.571429">
        <time>2026-08-13T11:13:22Z</time>
      </trkpt>
      <trkpt lat="9.004870" lon="-79.571413">
        <time>2026-08-13T11:13:23Z</time>
      </trkpt>
      <trkpt lat="9.004870" lon="-79.571399">
        <time>2026-08-13T11:13:24Z</time>
      </trkpt>
      <trkpt lat="9.004871" lon="-79.571385">
        <time>2026-08-13T11:13:25Z</time>
      </trkpt>
      <trkpt lat="9.004871" lon="-79.571371">
        <time>2026-08-13T11:13:26Z</time>
      </trkpt>
      <trkpt lat="9.004871" lon="-79.571357">
        <time>2026-08-13T11:13:27Z</time>
      </trkpt>
      <trkpt lat="9.004872" lon="-79.571343">
        <time>2026-08-13T11:13:28Z</time>
      </trkpt>
      <trkpt lat="9.004874" lon="-79.571328">
        <time>2026-08-13T11:13:29Z</time>
      </trkpt>
      <trkpt lat="9.004878" lon="-79.571313">
        <time>2026-08-13T11:13:30Z</time>
      </trkpt>
      <trkpt lat="9.004881" lon="-79.571299">
        <time>2026-08-13T11:13:31Z</time>
      </trkpt>
      <trkpt lat="9.004881" lon="-79.571287">
        <time>2026-08-13T11:13:32Z</time>
      </trkpt>
      <trkpt lat="9.004885" lon="-79.571273">
        <time>2026-08-13T11:13:33Z</time>
      </trkpt>
      <trkpt lat="9.004887" lon="-79.571259">
        <time>2026-08-13T11:13:34Z</time>
      </trkpt>
      <trkpt lat="9.004892" lon="-79.571246">
        <time>2026-08-13T11:13:35Z</time>
      </trkpt>
      <trkpt lat="9.004895" lon="-79.571231">
        <time>2026-08-13T11:13:36Z</time>
      </trkpt>
      <trkpt lat="9.004897" lon="-79.571217">
        <time>2026-08-13T11:13:37Z</time>
      </trkpt>
      <trkpt lat="9.004899" lon="-79.571204">
        <time>2026-08-13T11:13:38Z</time>
      </trkpt>
      <trkpt lat="9.004902" lon="-79.571192">
        <time>2026-08-13T11:13:39Z</time>
      </trkpt>
      <trkpt lat="9.004903" lon="-79.571178">
        <time>2026-08-13T11:13:40Z</time>
      </trkpt>
      <trkpt lat="9.004904" lon="-79.571164">
        <time>2026-08-13T11:13:41Z</time>
      </trkpt>
      <trkpt lat="9.004905" lon="-79.571151">
        <time>2026-08-13T11:13:42Z</time>
      </trkpt>
      <trkpt lat="9.004907" lon="-79.571136">
        <time>2026-08-13T11:13:43Z</time>
      </trkpt>
      <trkpt lat="9.004908" lon="-79.571124">
        <time>2026-08-13T11:13:44Z</time>
      </trkpt>
      <trkpt lat="9.004908" lon="-79.571111">
        <time>2026-08-13T11:13:45Z</time>
      </trkpt>
      <trkpt lat="9.004907" lon="-79.571099">
        <time>2026-08-13T11:13:46Z</time>
      </trkpt>
      <trkpt lat="9.004907" lon="-79.571086">
        <time>2026-08-13T11:13:47Z</time>
      </trkpt>
      <trkpt lat="9.004911" lon="-79.571071">
        <time>2026-08-13T11:13:48Z</time>
      </trkpt>
      <trkpt lat="9.004911" lon="-79.571057">
        <time>2026-08-13T11:13:49Z</time>
      </trkpt>
      <trkpt lat="9.004913" lon="-79.571042">
        <time>2026-08-13T11:13:50Z</time>
      </trkpt>
      <trkpt lat="9.004916" lon="-79.571026">
        <time>2026-08-13T11:13:51Z</time>
      </trkpt>
      <trkpt lat="9.004917" lon="-79.571012">
        <time>2026-08-13T11:13:52Z</time>
      </trkpt>
      <trkpt lat="9.004920" lon="-79.570997">
        <time>2026-08-13T11:13:53Z</time>
      </trkpt>
      <trkpt lat="9.004920" lon="-79.570983">
        <time>2026-08-13T11:13:54Z</time>
      </trkpt>
      <trkpt lat="9.004920" lon="-79.570969">
        <time>2026-08-13T11:13:55Z</time>
      </trkpt>
      <trkpt lat="9.004918" lon="-79.570956">
        <time>2026-08-13T11:13:56Z</time>
      </trkpt>
      <trkpt lat="9.004916" lon="-79.570943">
        <time>2026-08-13T11:13:57Z</time>
      </trkpt>
      <trkpt lat="9.004914" lon="-79.570929">
        <time>2026-08-13T11:13:58Z</time>
      </trkpt>
      <trkpt lat="9.004912" lon="-79.570917">
        <time>2026-08-13T11:13:59Z</time>
      </trkpt>
      <trkpt lat="9.004911" lon="-79.570905">
        <time>2026-08-13T11:14:00Z</time>
      </trkpt>
      <trkpt lat="9.004915" lon="-79.570890">
        <time>2026-08-13T11:14:01Z</time>
      </trkpt>
      <trkpt lat="9.004916" lon="-79.570876">
        <time>2026-08-13T11:14:02Z</time>
      </trkpt>
      <trkpt lat="9.004920" lon="-79.570862">
        <time>2026-08-13T11:14:03Z</time>
      </trkpt>
      <trkpt lat="9.004921" lon="-79.570848">
        <time>2026-08-13T11:14:04Z</time>
      </trkpt>
      <trkpt lat="9.004923" lon="-79.570834">
        <time>2026-08-13T11:14:05Z</time>
      </trkpt>
      <trkpt lat="9.004924" lon="-79.570822">
        <time>2026-08-13T11:14:06Z</time>
      </trkpt>
      <trkpt lat="9.004930" lon="-79.570811">
        <time>2026-08-13T11:14:07Z</time>
      </trkpt>
      <trkpt lat="9.004934" lon="-79.570799">
        <time>2026-08-13T11:14:08Z</time>
      </trkpt>
      <trkpt lat="9.004938" lon="-79.570786">
        <time>2026-08-13T11:14:09Z</time>
      </trkpt>
      <trkpt lat="9.004940" lon="-79.570773">
        <time>2026-08-13T11:14:10Z</time>
      </trkpt>
      <trkpt lat="9.004941" lon="-79.570759">
        <time>2026-08-13T11:14:11Z</time>
      </trkpt>
      <trkpt lat="9.004943" lon="-79.570744">
        <time>2026-08-13T11:14:12Z</time>
      </trkpt>
      <trkpt lat="9.004946" lon="-79.570731">
        <time>2026-08-13T11:14:13Z</time>
      </trkpt>
      <trkpt lat="9.004950" lon="-79.570720">
        <time>2026-08-13T11:14:14Z</time>
      </trkpt>
      <trkpt lat="9.004951" lon="-79.570709">
        <time>2026-08-13T11:14:15Z</time>
      </trkpt>
      <trkpt lat="9.004953" lon="-79.570700">
        <time>2026-08-13T11:14:16Z</time>
      </trkpt>
      <trkpt lat="9.004952" lon="-79.570688">
        <time>2026-08-13T11:14:17Z</time>
      </trkpt>
      <trkpt lat="9.004956" lon="-79.570674">
        <time>2026-08-13T11:14:18Z</time>
      </trkpt>
      <trkpt lat="9.004958" lon="-79.570662">
        <time>2026-08-13T11:14:19Z</time>
      </trkpt>
      <trkpt lat="9.004961" lon="-79.570647">
        <time>2026-08-13T11:14:20Z</time>
      </trkpt>
      <trkpt lat="9.004961" lon="-79.570633">
        <time>2026-08-13T11:14:21Z</time>
      </trkpt>
      <trkpt lat="9.004963" lon="-79.570619">
        <time>2026-08-13T11:14:22Z</time>
      </trkpt>
      <trkpt lat="9.004965" lon="-79.570606">
        <time>2026-08-13T11:14:23Z</time>
      </trkpt>
      <trkpt lat="9.004965" lon="-79.570593">
        <time>2026-08-13T11:14:24Z</time>
      </trkpt>
      <trkpt lat="9.004967" lon="-79.570585">
        <time>2026-08-13T11:14:25Z</time>
      </trkpt>
      <trkpt lat="9.004969" lon="-79.570572">
        <time>2026-08-13T11:14:26Z</time>
      </trkpt>
      <trkpt lat="9.004973" lon="-79.570560">
        <time>2026-08-13T11:14:27Z</time>
      </trkpt>
      <trkpt lat="9.004978" lon="-79.570547">
        <time>2026-08-13T11:14:28Z</time>
      </trkpt>
      <trkpt lat="9.004981" lon="-79.570534">
        <time>2026-08-13T11:14:29Z</time>
      </trkpt>
      <trkpt lat="9.004984" lon="-79.570521">
        <time>2026-08-13T11:14:30Z</time>
      </trkpt>
      <trkpt lat="9.004988" lon="-79.570508">
        <time>2026-08-13T11:14:31Z</time>
      </trkpt>
      <trkpt lat="9.004994" lon="-79.570494">
        <time>2026-08-13T11:14:32Z</time>
      </trkpt>
      <trkpt lat="9.004998" lon="-79.570484">
        <time>2026-08-13T11:14:33Z</time>
      </trkpt>
      <trkpt lat="9.005001" lon="-79.570476">
        <time>2026-08-13T11:14:34Z</time>
      </trkpt>
      <trkpt lat="9.005004" lon="-79.570467">
        <time>2026-08-13T11:14:35Z</time>
      </trkpt>
      <trkpt lat="9.005011" lon="-79.570455">
        <time>2026-08-13T11:14:36Z</time>
      </trkpt>
      <trkpt lat="9.005019" lon="-79.570442">
        <time>2026-08-13T11:14:37Z</time>
      </trkpt>
      <trkpt lat="9.005024" lon="-79.570426">
        <time>2026-08-13T11:14:38Z</time>
      </trkpt>
      <trkpt lat="9.005033" lon="-79.570412">
        <time>2026-08-13T11:14:39Z</time>
      </trkpt>
      <trkpt lat="9.005037" lon="-79.570400">
        <time>2026-08-13T11:14:40Z</time>
      </trkpt>
      <trkpt lat="9.005040" lon="-79.570391">
        <time>2026-08-13T11:14:41Z</time>
      </trkpt>
      <trkpt lat="9.005045" lon="-79.570381">
        <time>2026-08-13T11:14:42Z</time>
      </trkpt>
      <trkpt lat="9.005049" lon="-79.570373">
        <time>2026-08-13T11:14:43Z</time>
      </trkpt>
      <trkpt lat="9.005051" lon="-79.570362">
        <time>2026-08-13T11:14:44Z</time>
      </trkpt>
      <trkpt lat="9.005053" lon="-79.570351">
        <time>2026-08-13T11:14:45Z</time>
      </trkpt>
      <trkpt lat="9.005055" lon="-79.570337">
        <time>2026-08-13T11:14:46Z</time>
      </trkpt>
      <trkpt lat="9.005055" lon="-79.570324">
        <time>2026-08-13T11:14:47Z</time>
      </trkpt>
      <trkpt lat="9.005051" lon="-79.570308">
        <time>2026-08-13T11:14:48Z</time>
      </trkpt>
      <trkpt lat="9.005051" lon="-79.570290">
        <time>2026-08-13T11:14:49Z</time>
      </trkpt>
      <trkpt lat="9.005054" lon="-79.570276">
        <time>2026-08-13T11:14:50Z</time>
      </trkpt>
      <trkpt lat="9.005055" lon="-79.570261">
        <time>2026-08-13T11:14:51Z</time>
      </trkpt>
      <trkpt lat="9.005058" lon="-79.570252">
        <time>2026-08-13T11:14:52Z</time>
      </trkpt>
      <trkpt lat="9.005062" lon="-79.570243">
        <time>2026-08-13T11:14:53Z</time>
      </trkpt>
      <trkpt lat="9.005067" lon="-79.570227">
        <time>2026-08-13T11:14:54Z</time>
      </trkpt>
      <trkpt lat="9.005071" lon="-79.570218">
        <time>2026-08-13T11:14:55Z</time>
      </trkpt>
      <trkpt lat="9.005077" lon="-79.570206">
        <time>2026-08-13T11:14:56Z</time>
      </trkpt>
      <trkpt lat="9.005082" lon="-79.570191">
        <time>2026-08-13T11:14:57Z</time>
      </trkpt>
      <trkpt lat="9.005086" lon="-79.570177">
        <time>2026-08-13T11:14:58Z</time>
      </trkpt>
      <trkpt lat="9.005091" lon="-79.570161">
        <time>2026-08-13T11:14:59Z</time>
      </trkpt>
      <trkpt lat="9.005095" lon="-79.570143">
        <time>2026-08-13T11:15:00Z</time>
      </trkpt>
      <trkpt lat="9.005099" lon="-79.570126">
        <time>2026-08-13T11:15:01Z</time>
      </trkpt>
      <trkpt lat="9.005103" lon="-79.570114">
        <time>2026-08-13T11:15:02Z</time>
      </trkpt>
      <trkpt lat="9.005106" lon="-79.570103">
        <time>2026-08-13T11:15:03Z</time>
      </trkpt>
      <trkpt lat="9.005110" lon="-79.570093">
        <time>2026-08-13T11:15:04Z</time>
      </trkpt>
      <trkpt lat="9.005112" lon="-79.570084">
        <time>2026-08-13T11:15:05Z</time>
      </trkpt>
      <trkpt lat="9.005115" lon="-79.570076">
        <time>2026-08-13T11:15:06Z</time>
      </trkpt>
      <trkpt lat="9.005118" lon="-79.570065">
        <time>2026-08-13T11:15:07Z</time>
      </trkpt>
      <trkpt lat="9.005120" lon="-79.570053">
        <time>2026-08-13T11:15:08Z</time>
      </trkpt>
      <trkpt lat="9.005125" lon="-79.570038">
        <time>2026-08-13T11:15:09Z</time>
      </trkpt>
      <trkpt lat="9.005130" lon="-79.570024">
        <time>2026-08-13T11:15:10Z</time>
      </trkpt>
      <trkpt lat="9.005131" lon="-79.570012">
        <time>2026-08-13T11:15:11Z</time>
      </trkpt>
      <trkpt lat="9.005133" lon="-79.570000">
        <time>2026-08-13T11:15:12Z</time>
      </trkpt>
      <trkpt lat="9.005135" lon="-79.569991">
        <time>2026-08-13T11:15:13Z</time>
      </trkpt>
      <trkpt lat="9.005138" lon="-79.569982">
        <time>2026-08-13T11:15:14Z</time>
      </trkpt>
      <trkpt lat="9.005143" lon="-79.569969">
        <time>2026-08-13T11:15:15Z</time>
      </trkpt>
      <trkpt lat="9.005146" lon="-79.569956">
        <time>2026-08-13T11:15:16Z</time>
      </trkpt>
      <trkpt lat="9.005152" lon="-79.569942">
        <time>2026-08-13T11:15:17Z</time>
      </trkpt>
      <trkpt lat="9.005160" lon="-79.569927">
        <time>2026-08-13T11:15:18Z</time>
      </trkpt>
      <trkpt lat="9.005168" lon="-79.569913">
        <time>2026-08-13T11:15:19Z</time>
      </trkpt>
      <trkpt lat="9.005175" lon="-79.569901">
        <time>2026-08-13T11:15:20Z</time>
      </trkpt>
      <trkpt lat="9.005185" lon="-79.569887">
        <time>2026-08-13T11:15:21Z</time>
      </trkpt>
      <trkpt lat="9.005191" lon="-79.569875">
        <time>2026-08-13T11:15:22Z</time>
      </trkpt>
      <trkpt lat="9.005197" lon="-79.569863">
        <time>2026-08-13T11:15:23Z</time>
      </trkpt>
      <trkpt lat="9.005203" lon="-79.569852">
        <time>2026-08-13T11:15:24Z</time>
      </trkpt>
      <trkpt lat="9.005209" lon="-79.569842">
        <time>2026-08-13T11:15:25Z</time>
      </trkpt>
      <trkpt lat="9.005214" lon="-79.569832">
        <time>2026-08-13T11:15:26Z</time>
      </trkpt>
      <trkpt lat="9.005219" lon="-79.569818">
        <time>2026-08-13T11:15:27Z</time>
      </trkpt>
      <trkpt lat="9.005225" lon="-79.569802">
        <time>2026-08-13T11:15:28Z</time>
      </trkpt>
      <trkpt lat="9.005230" lon="-79.569786">
        <time>2026-08-13T11:15:29Z</time>
      </trkpt>
      <trkpt lat="9.005237" lon="-79.569774">
        <time>2026-08-13T11:15:30Z</time>
      </trkpt>
      <trkpt lat="9.005243" lon="-79.569760">
        <time>2026-08-13T11:15:31Z</time>
      </trkpt>
      <trkpt lat="9.005246" lon="-79.569745">
        <time>2026-08-13T11:15:32Z</time>
      </trkpt>
      <trkpt lat="9.005253" lon="-79.569733">
        <time>2026-08-13T11:15:33Z</time>
      </trkpt>
      <trkpt lat="9.005256" lon="-79.569722">
        <time>2026-08-13T11:15:34Z</time>
      </trkpt>
      <trkpt lat="9.005259" lon="-79.569712">
        <time>2026-08-13T11:15:35Z</time>
      </trkpt>
      <trkpt lat="9.005264" lon="-79.569701">
        <time>2026-08-13T11:15:36Z</time>
      </trkpt>
      <trkpt lat="9.005269" lon="-79.569687">
        <time>2026-08-13T11:15:37Z</time>
      </trkpt>
      <trkpt lat="9.005274" lon="-79.569674">
        <time>2026-08-13T11:15:38Z</time>
      </trkpt>
      <trkpt lat="9.005277" lon="-79.569659">
        <time>2026-08-13T11:15:39Z</time>
      </trkpt>
      <trkpt lat="9.005281" lon="-79.569643">
        <time>2026-08-13T11:15:40Z</time>
      </trkpt>
      <trkpt lat="9.005287" lon="-79.569628">
        <time>2026-08-13T11:15:41Z</time>
      </trkpt>
      <trkpt lat="9.005291" lon="-79.569613">
        <time>2026-08-13T11:15:42Z</time>
      </trkpt>
      <trkpt lat="9.005294" lon="-79.569601">
        <time>2026-08-13T11:15:43Z</time>
      </trkpt>
      <trkpt lat="9.005297" lon="-79.569587">
        <time>2026-08-13T11:15:44Z</time>
      </trkpt>
      <trkpt lat="9.005301" lon="-79.569576">
        <time>2026-08-13T11:15:45Z</time>
      </trkpt>
      <trkpt lat="9.005306" lon="-79.569564">
        <time>2026-08-13T11:15:46Z</time>
      </trkpt>
      <trkpt lat="9.005314" lon="-79.569554">
        <time>2026-08-13T11:15:47Z</time>
      </trkpt>
      <trkpt lat="9.005319" lon="-79.569541">
        <time>2026-08-13T11:15:48Z</time>
      </trkpt>
      <trkpt lat="9.005324" lon="-79.569528">
        <time>2026-08-13T11:15:49Z</time>
      </trkpt>
      <trkpt lat="9.005329" lon="-79.569515">
        <time>2026-08-13T11:15:50Z</time>
      </trkpt>
      <trkpt lat="9.005332" lon="-79.569500">
        <time>2026-08-13T11:15:51Z</time>
      </trkpt>
      <trkpt lat="9.005334" lon="-79.569482">
        <time>2026-08-13T11:15:52Z</time>
      </trkpt>
      <trkpt lat="9.005335" lon="-79.569466">
        <time>2026-08-13T11:15:53Z</time>
      </trkpt>
      <trkpt lat="9.005338" lon="-79.569453">
        <time>2026-08-13T11:15:54Z</time>
      </trkpt>
      <trkpt lat="9.005342" lon="-79.569443">
        <time>2026-08-13T11:15:55Z</time>
      </trkpt>
      <trkpt lat="9.005348" lon="-79.569432">
        <time>2026-08-13T11:15:56Z</time>
      </trkpt>
      <trkpt lat="9.005353" lon="-79.569418">
        <time>2026-08-13T11:15:57Z</time>
      </trkpt>
      <trkpt lat="9.005355" lon="-79.569406">
        <time>2026-08-13T11:15:58Z</time>
      </trkpt>
      <trkpt lat="9.005359" lon="-79.569392">
        <time>2026-08-13T11:15:59Z</time>
      </trkpt>
      <trkpt lat="9.005360" lon="-79.569380">
        <time>2026-08-13T11:16:00Z</time>
      </trkpt>
      <trkpt lat="9.005361" lon="-79.569366">
        <time>2026-08-13T11:16:01Z</time>
      </trkpt>
      <trkpt lat="9.005365" lon="-79.569351">
        <time>2026-08-13T11:16:02Z</time>
      </trkpt>
      <trkpt lat="9.005371" lon="-79.569337">
        <time>2026-08-13T11:16:03Z</time>
      </trkpt>
      <trkpt lat="9.005376" lon="-79.569320">
        <time>2026-08-13T11:16:04Z</time>
      </trkpt>
      <trkpt lat="9.005381" lon="-79.569307">
        <time>2026-08-13T11:16:05Z</time>
      </trkpt>
      <trkpt lat="9.005386" lon="-79.569293">
        <time>2026-08-13T11:16:06Z</time>
      </trkpt>
      <trkpt lat="9.005387" lon="-79.569280">
        <time>2026-08-13T11:16:07Z</time>
      </trkpt>
      <trkpt lat="9.005391" lon="-79.569270">
        <time>2026-08-13T11:16:08Z</time>
      </trkpt>
      <trkpt lat="9.005396" lon="-79.569260">
        <time>2026-08-13T11:16:09Z</time>
      </trkpt>
      <trkpt lat="9.005398" lon="-79.569251">
        <time>2026-08-13T11:16:10Z</time>
      </trkpt>
      <trkpt lat="9.005401" lon="-79.569236">
        <time>2026-08-13T11:16:11Z</time>
      </trkpt>
      <trkpt lat="9.005405" lon="-79.569221">
        <time>2026-08-13T11:16:12Z</time>
      </trkpt>
      <trkpt lat="9.005408" lon="-79.569205">
        <time>2026-08-13T11:16:13Z</time>
      </trkpt>
      <trkpt lat="9.005411" lon="-79.569188">
        <time>2026-08-13T11:16:14Z</time>
      </trkpt>
      <trkpt lat="9.005417" lon="-79.569175">
        <time>2026-08-13T11:16:15Z</time>
      </trkpt>
      <trkpt lat="9.005419" lon="-79.569160">
        <time>2026-08-13T11:16:16Z</time>
      </trkpt>
      <trkpt lat="9.005421" lon="-79.569146">
        <time>2026-08-13T11:16:17Z</time>
      </trkpt>
      <trkpt lat="9.005425" lon="-79.569131">
        <time>2026-08-13T11:16:18Z</time>
      </trkpt>
      <trkpt lat="9.005426" lon="-79.569118">
        <time>2026-08-13T11:16:19Z</time>
      </trkpt>
      <trkpt lat="9.005426" lon="-79.569105">
        <time>2026-08-13T11:16:20Z</time>
      </trkpt>
      <trkpt lat="9.005429" lon="-79.569095">
        <time>2026-08-13T11:16:21Z</time>
      </trkpt>
      <trkpt lat="9.005434" lon="-79.569082">
        <time>2026-08-13T11:16:22Z</time>
      </trkpt>
      <trkpt lat="9.005439" lon="-79.569069">
        <time>2026-08-13T11:16:23Z</time>
      </trkpt>
      <trkpt lat="9.005442" lon="-79.569054">
        <time>2026-08-13T11:16:24Z</time>
      </trkpt>
      <trkpt lat="9.005447" lon="-79.569040">
        <time>2026-08-13T11:16:25Z</time>
      </trkpt>
      <trkpt lat="9.005450" lon="-79.569026">
        <time>2026-08-13T11:16:26Z</time>
      </trkpt>
      <trkpt lat="9.005454" lon="-79.569013">
        <time>2026-08-13T11:16:27Z</time>
      </trkpt>
      <trkpt lat="9.005460" lon="-79.568999">
        <time>2026-08-13T11:16:28Z</time>
      </trkpt>
      <trkpt lat="9.005462" lon="-79.568987">
        <time>2026-08-13T11:16:29Z</time>
      </trkpt>
      <trkpt lat="9.005463" lon="-79.568974">
        <time>2026-08-13T11:16:30Z</time>
      </trkpt>
      <trkpt lat="9.005469" lon="-79.568958">
        <time>2026-08-13T11:16:31Z</time>
      </trkpt>
      <trkpt lat="9.005474" lon="-79.568948">
        <time>2026-08-13T11:16:32Z</time>
      </trkpt>
      <trkpt lat="9.005483" lon="-79.568933">
        <time>2026-08-13T11:16:33Z</time>
      </trkpt>
      <trkpt lat="9.005488" lon="-79.568922">
        <time>2026-08-13T11:16:34Z</time>
      </trkpt>
      <trkpt lat="9.005492" lon="-79.568910">
        <time>2026-08-13T11:16:35Z</time>
      </trkpt>
      <trkpt lat="9.005499" lon="-79.568898">
        <time>2026-08-13T11:16:36Z</time>
      </trkpt>
      <trkpt lat="9.005503" lon="-79.568882">
        <time>2026-08-13T11:16:37Z</time>
      </trkpt>
      <trkpt lat="9.005505" lon="-79.568866">
        <time>2026-08-13T11:16:38Z</time>
      </trkpt>
      <trkpt lat="9.005508" lon="-79.568849">
        <time>2026-08-13T11:16:39Z</time>
      </trkpt>
      <trkpt lat="9.005511" lon="-79.568834">
        <time>2026-08-13T11:16:40Z</time>
      </trkpt>
      <trkpt lat="9.005515" lon="-79.568818">
        <time>2026-08-13T11:16:41Z</time>
      </trkpt>
      <trkpt lat="9.005519" lon="-79.568805">
        <time>2026-08-13T11:16:42Z</time>
      </trkpt>
      <trkpt lat="9.005523" lon="-79.568793">
        <time>2026-08-13T11:16:43Z</time>
      </trkpt>
      <trkpt lat="9.005526" lon="-79.568780">
        <time>2026-08-13T11:16:44Z</time>
      </trkpt>
      <trkpt lat="9.005529" lon="-79.568768">
        <time>2026-08-13T11:16:45Z</time>
      </trkpt>
      <trkpt lat="9.005532" lon="-79.568758">
        <time>2026-08-13T11:16:46Z</time>
      </trkpt>
      <trkpt lat="9.005534" lon="-79.568747">
        <time>2026-08-13T11:16:47Z</time>
      </trkpt>
      <trkpt lat="9.005537" lon="-79.568735">
        <time>2026-08-13T11:16:48Z</time>
      </trkpt>
      <trkpt lat="9.005542" lon="-79.568723">
        <time>2026-08-13T11:16:49Z</time>
      </trkpt>
      <trkpt lat="9.005545" lon="-79.568711">
        <time>2026-08-13T11:16:50Z</time>
      </trkpt>
      <trkpt lat="9.005548" lon="-79.568697">
        <time>2026-08-13T11:16:51Z</time>
      </trkpt>
      <trkpt lat="9.005549" lon="-79.568682">
        <time>2026-08-13T11:16:52Z</time>
      </trkpt>
      <trkpt lat="9.005552" lon="-79.568667">
        <time>2026-08-13T11:16:53Z</time>
      </trkpt>
      <trkpt lat="9.005555" lon="-79.568652">
        <time>2026-08-13T11:16:54Z</time>
      </trkpt>
      <trkpt lat="9.005560" lon="-79.568636">
        <time>2026-08-13T11:16:55Z</time>
      </trkpt>
      <trkpt lat="9.005563" lon="-79.568623">
        <time>2026-08-13T11:16:56Z</time>
      </trkpt>
      <trkpt lat="9.005569" lon="-79.568609">
        <time>2026-08-13T11:16:57Z</time>
      </trkpt>
      <trkpt lat="9.005572" lon="-79.568598">
        <time>2026-08-13T11:16:58Z</time>
      </trkpt>
      <trkpt lat="9.005577" lon="-79.568585">
        <time>2026-08-13T11:16:59Z</time>
      </trkpt>
      <trkpt lat="9.005577" lon="-79.568575">
        <time>2026-08-13T11:17:00Z</time>
      </trkpt>
      <trkpt lat="9.005578" lon="-79.568562">
        <time>2026-08-13T11:17:01Z</time>
      </trkpt>
      <trkpt lat="9.005578" lon="-79.568548">
        <time>2026-08-13T11:17:02Z</time>
      </trkpt>
      <trkpt lat="9.005577" lon="-79.568533">
        <time>2026-08-13T11:17:03Z</time>
      </trkpt>
      <trkpt lat="9.005575" lon="-79.568518">
        <time>2026-08-13T11:17:04Z</time>
      </trkpt>
      <trkpt lat="9.005574" lon="-79.568502">
        <time>2026-08-13T11:17:05Z</time>
      </trkpt>
      <trkpt lat="9.005574" lon="-79.568487">
        <time>2026-08-13T11:17:06Z</time>
      </trkpt>
      <trkpt lat="9.005576" lon="-79.568475">
        <time>2026-08-13T11:17:07Z</time>
      </trkpt>
      <trkpt lat="9.005579" lon="-79.568461">
        <time>2026-08-13T11:17:08Z</time>
      </trkpt>
      <trkpt lat="9.005583" lon="-79.568450">
        <time>2026-08-13T11:17:09Z</time>
      </trkpt>
      <trkpt lat="9.005587" lon="-79.568439">
        <time>2026-08-13T11:17:10Z</time>
      </trkpt>
      <trkpt lat="9.005591" lon="-79.568430">
        <time>2026-08-13T11:17:11Z</time>
      </trkpt>
      <trkpt lat="9.005598" lon="-79.568418">
        <time>2026-08-13T11:17:12Z</time>
      </trkpt>
      <trkpt lat="9.005604" lon="-79.568406">
        <time>2026-08-13T11:17:13Z</time>
      </trkpt>
      <trkpt lat="9.005613" lon="-79.568392">
        <time>2026-08-13T11:17:14Z</time>
      </trkpt>
      <trkpt lat="9.005622" lon="-79.568380">
        <time>2026-08-13T11:17:15Z</time>
      </trkpt>
      <trkpt lat="9.005631" lon="-79.568369">
        <time>2026-08-13T11:17:16Z</time>
      </trkpt>
      <trkpt lat="9.005639" lon="-79.568358">
        <time>2026-08-13T11:17:17Z</time>
      </trkpt>
      <trkpt lat="9.005645" lon="-79.568348">
        <time>2026-08-13T11:17:18Z</time>
      </trkpt>
      <trkpt lat="9.005652" lon="-79.568339">
        <time>2026-08-13T11:17:19Z</time>
      </trkpt>
      <trkpt lat="9.005656" lon="-79.568328">
        <time>2026-08-13T11:17:20Z</time>
      </trkpt>
      <trkpt lat="9.005662" lon="-79.568317">
        <time>2026-08-13T11:17:21Z</time>
      </trkpt>
      <trkpt lat="9.005668" lon="-79.568302">
        <time>2026-08-13T11:17:22Z</time>
      </trkpt>
      <trkpt lat="9.005676" lon="-79.568290">
        <time>2026-08-13T11:17:23Z</time>
      </trkpt>
      <trkpt lat="9.005684" lon="-79.568279">
        <time>2026-08-13T11:17:24Z</time>
      </trkpt>
      <trkpt lat="9.005689" lon="-79.568269">
        <time>2026-08-13T11:17:25Z</time>
      </trkpt>
      <trkpt lat="9.005697" lon="-79.568260">
        <time>2026-08-13T11:17:26Z</time>
      </trkpt>
      <trkpt lat="9.005704" lon="-79.568250">
        <time>2026-08-13T11:17:27Z</time>
      </trkpt>
      <trkpt lat="9.005712" lon="-79.568242">
        <time>2026-08-13T11:17:28Z</time>
      </trkpt>
      <trkpt lat="9.005717" lon="-79.568230">
        <time>2026-08-13T11:17:29Z</time>
      </trkpt>
      <trkpt lat="9.005726" lon="-79.568218">
        <time>2026-08-13T11:17:30Z</time>
      </trkpt>
      <trkpt lat="9.005735" lon="-79.568204">
        <time>2026-08-13T11:17:31Z</time>
      </trkpt>
      <trkpt lat="9.005741" lon="-79.568194">
        <time>2026-08-13T11:17:32Z</time>
      </trkpt>
      <trkpt lat="9.005746" lon="-79.568185">
        <time>2026-08-13T11:17:33Z</time>
      </trkpt>
      <trkpt lat="9.005751" lon="-79.568176">
        <time>2026-08-13T11:17:34Z</time>
      </trkpt>
      <trkpt lat="9.005756" lon="-79.568165">
        <time>2026-08-13T11:17:35Z</time>
      </trkpt>
      <trkpt lat="9.005763" lon="-79.568155">
        <time>2026-08-13T11:17:36Z</time>
      </trkpt>
      <trkpt lat="9.005770" lon="-79.568143">
        <time>2026-08-13T11:17:37Z</time>
      </trkpt>
      <trkpt lat="9.005776" lon="-79.568129">
        <time>2026-08-13T11:17:38Z</time>
      </trkpt>
      <trkpt lat="9.005780" lon="-79.568115">
        <time>2026-08-13T11:17:39Z</time>
      </trkpt>
      <trkpt lat="9.005784" lon="-79.568099">
        <time>2026-08-13T11:17:40Z</time>
      </trkpt>
      <trkpt lat="9.005788" lon="-79.568084">
        <time>2026-08-13T11:17:41Z</time>
      </trkpt>
      <trkpt lat="9.005792" lon="-79.568073">
        <time>2026-08-13T11:17:42Z</time>
      </trkpt>
      <trkpt lat="9.005794" lon="-79.568060">
        <time>2026-08-13T11:17:43Z</time>
      </trkpt>
      <trkpt lat="9.005795" lon="-79.568046">
        <time>2026-08-13T11:17:44Z</time>
      </trkpt>
      <trkpt lat="9.005795" lon="-79.568034">
        <time>2026-08-13T11:17:45Z</time>
      </trkpt>
      <trkpt lat="9.005796" lon="-79.568021">
        <time>2026-08-13T11:17:46Z</time>
      </trkpt>
      <trkpt lat="9.005795" lon="-79.568008">
        <time>2026-08-13T11:17:47Z</time>
      </trkpt>
      <trkpt lat="9.005791" lon="-79.567995">
        <time>2026-08-13T11:17:48Z</time>
      </trkpt>
      <trkpt lat="9.005787" lon="-79.567981">
        <time>2026-08-13T11:17:49Z</time>
      </trkpt>
      <trkpt lat="9.005782" lon="-79.567969">
        <time>2026-08-13T11:17:50Z</time>
      </trkpt>
      <trkpt lat="9.005776" lon="-79.567958">
        <time>2026-08-13T11:17:51Z</time>
      </trkpt>
      <trkpt lat="9.005769" lon="-79.567947">
        <time>2026-08-13T11:17:52Z</time>
      </trkpt>
      <trkpt lat="9.005765" lon="-79.567937">
        <time>2026-08-13T11:17:53Z</time>
      </trkpt>
      <trkpt lat="9.005759" lon="-79.567928">
        <time>2026-08-13T11:17:54Z</time>
      </trkpt>
      <trkpt lat="9.005752" lon="-79.567921">
        <time>2026-08-13T11:17:55Z</time>
      </trkpt>
      <trkpt lat="9.005745" lon="-79.567912">
        <time>2026-08-13T11:17:56Z</time>
      </trkpt>
      <trkpt lat="9.005737" lon="-79.567901">
        <time>2026-08-13T11:17:57Z</time>
      </trkpt>
      <trkpt lat="9.005731" lon="-79.567889">
        <time>2026-08-13T11:17:58Z</time>
      </trkpt>
      <trkpt lat="9.005724" lon="-79.567877">
        <time>2026-08-13T11:17:59Z</time>
      </trkpt>
      <trkpt lat="9.005716" lon="-79.567864">
        <time>2026-08-13T11:18:00Z</time>
      </trkpt>
      <trkpt lat="9.005708" lon="-79.567853">
        <time>2026-08-13T11:18:01Z</time>
      </trkpt>
      <trkpt lat="9.005700" lon="-79.567842">
        <time>2026-08-13T11:18:02Z</time>
      </trkpt>
      <trkpt lat="9.005693" lon="-79.567832">
        <time>2026-08-13T11:18:03Z</time>
      </trkpt>
      <trkpt lat="9.005685" lon="-79.567824">
        <time>2026-08-13T11:18:04Z</time>
      </trkpt>
      <trkpt lat="9.005676" lon="-79.567816">
        <time>2026-08-13T11:18:05Z</time>
      </trkpt>
      <trkpt lat="9.005666" lon="-79.567804">
        <time>2026-08-13T11:18:06Z</time>
      </trkpt>
      <trkpt lat="9.005657" lon="-79.567793">
        <time>2026-08-13T11:18:07Z</time>
      </trkpt>
      <trkpt lat="9.005648" lon="-79.567782">
        <time>2026-08-13T11:18:08Z</time>
      </trkpt>
      <trkpt lat="9.005638" lon="-79.567770">
        <time>2026-08-13T11:18:09Z</time>
      </trkpt>
      <trkpt lat="9.005629" lon="-79.567760">
        <time>2026-08-13T11:18:10Z</time>
      </trkpt>
      <trkpt lat="9.005622" lon="-79.567750">
        <time>2026-08-13T11:18:11Z</time>
      </trkpt>
      <trkpt lat="9.005617" lon="-79.567742">
        <time>2026-08-13T11:18:12Z</time>
      </trkpt>
      <trkpt lat="9.005612" lon="-79.567735">
        <time>2026-08-13T11:18:13Z</time>
      </trkpt>
      <trkpt lat="9.005605" lon="-79.567724">
        <time>2026-08-13T11:18:14Z</time>
      </trkpt>
      <trkpt lat="9.005597" lon="-79.567711">
        <time>2026-08-13T11:18:15Z</time>
      </trkpt>
      <trkpt lat="9.005586" lon="-79.567700">
        <time>2026-08-13T11:18:16Z</time>
      </trkpt>
      <trkpt lat="9.005577" lon="-79.567690">
        <time>2026-08-13T11:18:17Z</time>
      </trkpt>
      <trkpt lat="9.005568" lon="-79.567679">
        <time>2026-08-13T11:18:18Z</time>
      </trkpt>
      <trkpt lat="9.005559" lon="-79.567668">
        <time>2026-08-13T11:18:19Z</time>
      </trkpt>
      <trkpt lat="9.005550" lon="-79.567656">
        <time>2026-08-13T11:18:20Z</time>
      </trkpt>
      <trkpt lat="9.005542" lon="-79.567647">
        <time>2026-08-13T11:18:21Z</time>
      </trkpt>
      <trkpt lat="9.005537" lon="-79.567636">
        <time>2026-08-13T11:18:22Z</time>
      </trkpt>
      <trkpt lat="9.005531" lon="-79.567628">
        <time>2026-08-13T11:18:23Z</time>
      </trkpt>
      <trkpt lat="9.005525" lon="-79.567618">
        <time>2026-08-13T11:18:24Z</time>
      </trkpt>
      <trkpt lat="9.005518" lon="-79.567609">
        <time>2026-08-13T11:18:25Z</time>
      </trkpt>
      <trkpt lat="9.005509" lon="-79.567598">
        <time>2026-08-13T11:18:26Z</time>
      </trkpt>
      <trkpt lat="9.005501" lon="-79.567588">
        <time>2026-08-13T11:18:27Z</time>
      </trkpt>
      <trkpt lat="9.005492" lon="-79.567576">
        <time>2026-08-13T11:18:28Z</time>
      </trkpt>
      <trkpt lat="9.005484" lon="-79.567563">
        <time>2026-08-13T11:18:29Z</time>
      </trkpt>
      <trkpt lat="9.005475" lon="-79.567550">
        <time>2026-08-13T11:18:30Z</time>
      </trkpt>
      <trkpt lat="9.005466" lon="-79.567537">
        <time>2026-08-13T11:18:31Z</time>
      </trkpt>
      <trkpt lat="9.005459" lon="-79.567524">
        <time>2026-08-13T11:18:32Z</time>
      </trkpt>
      <trkpt lat="9.005450" lon="-79.567514">
        <time>2026-08-13T11:18:33Z</time>
      </trkpt>
      <trkpt lat="9.005444" lon="-79.567504">
        <time>2026-08-13T11:18:34Z</time>
      </trkpt>
      <trkpt lat="9.005439" lon="-79.567494">
        <time>2026-08-13T11:18:35Z</time>
      </trkpt>
      <trkpt lat="9.005434" lon="-79.567483">
        <time>2026-08-13T11:18:36Z</time>
      </trkpt>
      <trkpt lat="9.005427" lon="-79.567472">
        <time>2026-08-13T11:18:37Z</time>
      </trkpt>
      <trkpt lat="9.005419" lon="-79.567460">
        <time>2026-08-13T11:18:38Z</time>
      </trkpt>
      <trkpt lat="9.005410" lon="-79.567446">
        <time>2026-08-13T11:18:39Z</time>
      </trkpt>
      <trkpt lat="9.005402" lon="-79.567436">
        <time>2026-08-13T11:18:40Z</time>
      </trkpt>
      <trkpt lat="9.005397" lon="-79.567424">
        <time>2026-08-13T11:18:41Z</time>
      </trkpt>
      <trkpt lat="9.005391" lon="-79.567412">
        <time>2026-08-13T11:18:42Z</time>
      </trkpt>
      <trkpt lat="9.005386" lon="-79.567403">
        <time>2026-08-13T11:18:43Z</time>
      </trkpt>
      <trkpt lat="9.005377" lon="-79.567390">
        <time>2026-08-13T11:18:44Z</time>
      </trkpt>
      <trkpt lat="9.005373" lon="-79.567382">
        <time>2026-08-13T11:18:45Z</time>
      </trkpt>
      <trkpt lat="9.005366" lon="-79.567371">
        <time>2026-08-13T11:18:46Z</time>
      </trkpt>
      <trkpt lat="9.005361" lon="-79.567360">
        <time>2026-08-13T11:18:47Z</time>
      </trkpt>
      <trkpt lat="9.005354" lon="-79.567349">
        <time>2026-08-13T11:18:48Z</time>
      </trkpt>
      <trkpt lat="9.005347" lon="-79.567337">
        <time>2026-08-13T11:18:49Z</time>
      </trkpt>
      <trkpt lat="9.005341" lon="-79.567322">
        <time>2026-08-13T11:18:50Z</time>
      </trkpt>
      <trkpt lat="9.005335" lon="-79.567308">
        <time>2026-08-13T11:18:51Z</time>
      </trkpt>
      <trkpt lat="9.005328" lon="-79.567296">
        <time>2026-08-13T11:18:52Z</time>
      </trkpt>
      <trkpt lat="9.005322" lon="-79.567283">
        <time>2026-08-13T11:18:53Z</time>
      </trkpt>
      <trkpt lat="9.005317" lon="-79.567271">
        <time>2026-08-13T11:18:54Z</time>
      </trkpt>
      <trkpt lat="9.005312" lon="-79.567260">
        <time>2026-08-13T11:18:55Z</time>
      </trkpt>
      <trkpt lat="9.005310" lon="-79.567250">
        <time>2026-08-13T11:18:56Z</time>
      </trkpt>
      <trkpt lat="9.005305" lon="-79.567235">
        <time>2026-08-13T11:18:57Z</time>
      </trkpt>
      <trkpt lat="9.005296" lon="-79.567224">
        <time>2026-08-13T11:18:58Z</time>
      </trkpt>
      <trkpt lat="9.005290" lon="-79.567211">
        <time>2026-08-13T11:18:59Z</time>
      </trkpt>
      <trkpt lat="9.005286" lon="-79.567198">
        <time>2026-08-13T11:19:00Z</time>
      </trkpt>
      <trkpt lat="9.005282" lon="-79.567188">
        <time>2026-08-13T11:19:01Z</time>
      </trkpt>
      <trkpt lat="9.005275" lon="-79.567176">
        <time>2026-08-13T11:19:02Z</time>
      </trkpt>
      <trkpt lat="9.005269" lon="-79.567166">
        <time>2026-08-13T11:19:03Z</time>
      </trkpt>
      <trkpt lat="9.005265" lon="-79.567159">
        <time>2026-08-13T11:19:04Z</time>
      </trkpt>
      <trkpt lat="9.005261" lon="-79.567151">
        <time>2026-08-13T11:19:05Z</time>
      </trkpt>
      <trkpt lat="9.005256" lon="-79.567139">
        <time>2026-08-13T11:19:06Z</time>
      </trkpt>
      <trkpt lat="9.005250" lon="-79.567128">
        <time>2026-08-13T11:19:07Z</time>
      </trkpt>
      <trkpt lat="9.005244" lon="-79.567116">
        <time>2026-08-13T11:19:08Z</time>
      </trkpt>
      <trkpt lat="9.005239" lon="-79.567103">
        <time>2026-08-13T11:19:09Z</time>
      </trkpt>
      <trkpt lat="9.005233" lon="-79.567090">
        <time>2026-08-13T11:19:10Z</time>
      </trkpt>
      <trkpt lat="9.005229" lon="-79.567078">
        <time>2026-08-13T11:19:11Z</time>
      </trkpt>
      <trkpt lat="9.005224" lon="-79.567066">
        <time>2026-08-13T11:19:12Z</time>
      </trkpt>
      <trkpt lat="9.005217" lon="-79.567055">
        <time>2026-08-13T11:19:13Z</time>
      </trkpt>
      <trkpt lat="9.005209" lon="-79.567045">
        <time>2026-08-13T11:19:14Z</time>
      </trkpt>
      <trkpt lat="9.005202" lon="-79.567036">
        <time>2026-08-13T11:19:15Z</time>
      </trkpt>
      <trkpt lat="9.005195" lon="-79.567024">
        <time>2026-08-13T11:19:16Z</time>
      </trkpt>
      <trkpt lat="9.005190" lon="-79.567011">
        <time>2026-08-13T11:19:17Z</time>
      </trkpt>
      <trkpt lat="9.005182" lon="-79.566997">
        <time>2026-08-13T11:19:18Z</time>
      </trkpt>
      <trkpt lat="9.005178" lon="-79.566981">
        <time>2026-08-13T11:19:19Z</time>
      </trkpt>
      <trkpt lat="9.005171" lon="-79.566967">
        <time>2026-08-13T11:19:20Z</time>
      </trkpt>
      <trkpt lat="9.005168" lon="-79.566954">
        <time>2026-08-13T11:19:21Z</time>
      </trkpt>
      <trkpt lat="9.005162" lon="-79.566941">
        <time>2026-08-13T11:19:22Z</time>
      </trkpt>
      <trkpt lat="9.005158" lon="-79.566930">
        <time>2026-08-13T11:19:23Z</time>
      </trkpt>
      <trkpt lat="9.005155" lon="-79.566918">
        <time>2026-08-13T11:19:24Z</time>
      </trkpt>
      <trkpt lat="9.005156" lon="-79.566909">
        <time>2026-08-13T11:19:25Z</time>
      </trkpt>
      <trkpt lat="9.005155" lon="-79.566899">
        <time>2026-08-13T11:19:26Z</time>
      </trkpt>
      <trkpt lat="9.005155" lon="-79.566886">
        <time>2026-08-13T11:19:27Z</time>
      </trkpt>
      <trkpt lat="9.005153" lon="-79.566872">
        <time>2026-08-13T11:19:28Z</time>
      </trkpt>
      <trkpt lat="9.005148" lon="-79.566857">
        <time>2026-08-13T11:19:29Z</time>
      </trkpt>
      <trkpt lat="9.005141" lon="-79.566841">
        <time>2026-08-13T11:19:30Z</time>
      </trkpt>
      <trkpt lat="9.005133" lon="-79.566828">
        <time>2026-08-13T11:19:31Z</time>
      </trkpt>
      <trkpt lat="9.005126" lon="-79.566814">
        <time>2026-08-13T11:19:32Z</time>
      </trkpt>
      <trkpt lat="9.005120" lon="-79.566804">
        <time>2026-08-13T11:19:33Z</time>
      </trkpt>
      <trkpt lat="9.005116" lon="-79.566793">
        <time>2026-08-13T11:19:34Z</time>
      </trkpt>
      <trkpt lat="9.005112" lon="-79.566781">
        <time>2026-08-13T11:19:35Z</time>
      </trkpt>
      <trkpt lat="9.005111" lon="-79.566771">
        <time>2026-08-13T11:19:36Z</time>
      </trkpt>
      <trkpt lat="9.005107" lon="-79.566759">
        <time>2026-08-13T11:19:37Z</time>
      </trkpt>
      <trkpt lat="9.005102" lon="-79.566746">
        <time>2026-08-13T11:19:38Z</time>
      </trkpt>
      <trkpt lat="9.005096" lon="-79.566733">
        <time>2026-08-13T11:19:39Z</time>
      </trkpt>
      <trkpt lat="9.005092" lon="-79.566717">
        <time>2026-08-13T11:19:40Z</time>
      </trkpt>
      <trkpt lat="9.005087" lon="-79.566706">
        <time>2026-08-13T11:19:41Z</time>
      </trkpt>
      <trkpt lat="9.005083" lon="-79.566692">
        <time>2026-08-13T11:19:42Z</time>
      </trkpt>
      <trkpt lat="9.005077" lon="-79.566676">
        <time>2026-08-13T11:19:43Z</time>
      </trkpt>
      <trkpt lat="9.005074" lon="-79.566661">
        <time>2026-08-13T11:19:44Z</time>
      </trkpt>
      <trkpt lat="9.005071" lon="-79.566648">
        <time>2026-08-13T11:19:45Z</time>
      </trkpt>
      <trkpt lat="9.005069" lon="-79.566634">
        <time>2026-08-13T11:19:46Z</time>
      </trkpt>
      <trkpt lat="9.005066" lon="-79.566622">
        <time>2026-08-13T11:19:47Z</time>
      </trkpt>
      <trkpt lat="9.005061" lon="-79.566612">
        <time>2026-08-13T11:19:48Z</time>
      </trkpt>
      <trkpt lat="9.005056" lon="-79.566603">
        <time>2026-08-13T11:19:49Z</time>
      </trkpt>
      <trkpt lat="9.005047" lon="-79.566592">
        <time>2026-08-13T11:19:50Z</time>
      </trkpt>
      <trkpt lat="9.005042" lon="-79.566582">
        <time>2026-08-13T11:19:51Z</time>
      </trkpt>
      <trkpt lat="9.005038" lon="-79.566568">
        <time>2026-08-13T11:19:52Z</time>
      </trkpt>
      <trkpt lat="9.005030" lon="-79.566556">
        <time>2026-08-13T11:19:53Z</time>
      </trkpt>
      <trkpt lat="9.005025" lon="-79.566544">
        <time>2026-08-13T11:19:54Z</time>
      </trkpt>
      <trkpt lat="9.005021" lon="-79.566530">
        <time>2026-08-13T11:19:55Z</time>
      </trkpt>
      <trkpt lat="9.005019" lon="-79.566514">
        <time>2026-08-13T11:19:56Z</time>
      </trkpt>
      <trkpt lat="9.005017" lon="-79.566501">
        <time>2026-08-13T11:19:57Z</time>
      </trkpt>
      <trkpt lat="9.005014" lon="-79.566487">
        <time>2026-08-13T11:19:58Z</time>
      </trkpt>
      <trkpt lat="9.005009" lon="-79.566474">
        <time>2026-08-13T11:19:59Z</time>
      </trkpt>
      <trkpt lat="9.005002" lon="-79.566462">
        <time>2026-08-13T11:20:00Z</time>
      </trkpt>
      <trkpt lat="9.004996" lon="-79.566447">
        <time>2026-08-13T11:20:01Z</time>
      </trkpt>
      <trkpt lat="9.004991" lon="-79.566436">
        <time>2026-08-13T11:20:02Z</time>
      </trkpt>
      <trkpt lat="9.004987" lon="-79.566424">
        <time>2026-08-13T11:20:03Z</time>
      </trkpt>
      <trkpt lat="9.004982" lon="-79.566408">
        <time>2026-08-13T11:20:04Z</time>
      </trkpt>
      <trkpt lat="9.004975" lon="-79.566395">
        <time>2026-08-13T11:20:05Z</time>
      </trkpt>
      <trkpt lat="9.004965" lon="-79.566384">
        <time>2026-08-13T11:20:06Z</time>
      </trkpt>
      <trkpt lat="9.004957" lon="-79.566371">
        <time>2026-08-13T11:20:07Z</time>
      </trkpt>
      <trkpt lat="9.004948" lon="-79.566359">
        <time>2026-08-13T11:20:08Z</time>
      </trkpt>
      <trkpt lat="9.004943" lon="-79.566349">
        <time>2026-08-13T11:20:09Z</time>
      </trkpt>
      <trkpt lat="9.004936" lon="-79.566335">
        <time>2026-08-13T11:20:10Z</time>
      </trkpt>
      <trkpt lat="9.004930" lon="-79.566321">
        <time>2026-08-13T11:20:11Z</time>
      </trkpt>
      <trkpt lat="9.004921" lon="-79.566307">
        <time>2026-08-13T11:20:12Z</time>
      </trkpt>
      <trkpt lat="9.004918" lon="-79.566294">
        <time>2026-08-13T11:20:13Z</time>
      </trkpt>
      <trkpt lat="9.004911" lon="-79.566284">
        <time>2026-08-13T11:20:14Z</time>
      </trkpt>
      <trkpt lat="9.004903" lon="-79.566274">
        <time>2026-08-13T11:20:15Z</time>
      </trkpt>
      <trkpt lat="9.004898" lon="-79.566267">
        <time>2026-08-13T11:20:16Z</time>
      </trkpt>
      <trkpt lat="9.004892" lon="-79.566257">
        <time>2026-08-13T11:20:17Z</time>
      </trkpt>
      <trkpt lat="9.004885" lon="-79.566249">
        <time>2026-08-13T11:20:18Z</time>
      </trkpt>
      <trkpt lat="9.004877" lon="-79.566237">
        <time>2026-08-13T11:20:19Z</time>
      </trkpt>
      <trkpt lat="9.004871" lon="-79.566227">
        <time>2026-08-13T11:20:20Z</time>
      </trkpt>
      <trkpt lat="9.004864" lon="-79.566214">
        <time>2026-08-13T11:20:21Z</time>
      </trkpt>
      <trkpt lat="9.004858" lon="-79.566200">
        <time>2026-08-13T11:20:22Z</time>
      </trkpt>
      <trkpt lat="9.004850" lon="-79.566184">
        <time>2026-08-13T11:20:23Z</time>
      </trkpt>
      <trkpt lat="9.004843" lon="-79.566169">
        <time>2026-08-13T11:20:24Z</time>
      </trkpt>
      <trkpt lat="9.004835" lon="-79.566158">
        <time>2026-08-13T11:20:25Z</time>
      </trkpt>
      <trkpt lat="9.004827" lon="-79.566146">
        <time>2026-08-13T11:20:26Z</time>
      </trkpt>
      <trkpt lat="9.004823" lon="-79.566134">
        <time>2026-08-13T11:20:27Z</time>
      </trkpt>
      <trkpt lat="9.004819" lon="-79.566124">
        <time>2026-08-13T11:20:28Z</time>
      </trkpt>
      <trkpt lat="9.004814" lon="-79.566115">
        <time>2026-08-13T11:20:29Z</time>
      </trkpt>
      <trkpt lat="9.004807" lon="-79.566105">
        <time>2026-08-13T11:20:30Z</time>
      </trkpt>
      <trkpt lat="9.004798" lon="-79.566093">
        <time>2026-08-13T11:20:31Z</time>
      </trkpt>
      <trkpt lat="9.004790" lon="-79.566080">
        <time>2026-08-13T11:20:32Z</time>
      </trkpt>
      <trkpt lat="9.004781" lon="-79.566067">
        <time>2026-08-13T11:20:33Z</time>
      </trkpt>
      <trkpt lat="9.004774" lon="-79.566055">
        <time>2026-08-13T11:20:34Z</time>
      </trkpt>
      <trkpt lat="9.004769" lon="-79.566041">
        <time>2026-08-13T11:20:35Z</time>
      </trkpt>
      <trkpt lat="9.004761" lon="-79.566029">
        <time>2026-08-13T11:20:36Z</time>
      </trkpt>
      <trkpt lat="9.004753" lon="-79.566019">
        <time>2026-08-13T11:20:37Z</time>
      </trkpt>
      <trkpt lat="9.004745" lon="-79.566009">
        <time>2026-08-13T11:20:38Z</time>
      </trkpt>
      <trkpt lat="9.004736" lon="-79.565999">
        <time>2026-08-13T11:20:39Z</time>
      </trkpt>
      <trkpt lat="9.004725" lon="-79.565991">
        <time>2026-08-13T11:20:40Z</time>
      </trkpt>
      <trkpt lat="9.004714" lon="-79.565987">
        <time>2026-08-13T11:20:41Z</time>
      </trkpt>
      <trkpt lat="9.004704" lon="-79.565981">
        <time>2026-08-13T11:20:42Z</time>
      </trkpt>
      <trkpt lat="9.004691" lon="-79.565980">
        <time>2026-08-13T11:20:43Z</time>
      </trkpt>
      <trkpt lat="9.004678" lon="-79.565979">
        <time>2026-08-13T11:20:44Z</time>
      </trkpt>
      <trkpt lat="9.004664" lon="-79.565977">
        <time>2026-08-13T11:20:45Z</time>
      </trkpt>
      <trkpt lat="9.004650" lon="-79.565972">
        <time>2026-08-13T11:20:46Z</time>
      </trkpt>
      <trkpt lat="9.004637" lon="-79.565969">
        <time>2026-08-13T11:20:47Z</time>
      </trkpt>
      <trkpt lat="9.004623" lon="-79.565965">
        <time>2026-08-13T11:20:48Z</time>
      </trkpt>
      <trkpt lat="9.004606" lon="-79.565966">
        <time>2026-08-13T11:20:49Z</time>
      </trkpt>
      <trkpt lat="9.004594" lon="-79.565968">
        <time>2026-08-13T11:20:50Z</time>
      </trkpt>
      <trkpt lat="9.004580" lon="-79.565969">
        <time>2026-08-13T11:20:51Z</time>
      </trkpt>
      <trkpt lat="9.004566" lon="-79.565971">
        <time>2026-08-13T11:20:52Z</time>
      </trkpt>
      <trkpt lat="9.004553" lon="-79.565974">
        <time>2026-08-13T11:20:53Z</time>
      </trkpt>
      <trkpt lat="9.004540" lon="-79.565977">
        <time>2026-08-13T11:20:54Z</time>
      </trkpt>
      <trkpt lat="9.004527" lon="-79.565979">
        <time>2026-08-13T11:20:55Z</time>
      </trkpt>
      <trkpt lat="9.004514" lon="-79.565981">
        <time>2026-08-13T11:20:56Z</time>
      </trkpt>
      <trkpt lat="9.004498" lon="-79.565982">
        <time>2026-08-13T11:20:57Z</time>
      </trkpt>
      <trkpt lat="9.004484" lon="-79.565981">
        <time>2026-08-13T11:20:58Z</time>
      </trkpt>
      <trkpt lat="9.004468" lon="-79.565982">
        <time>2026-08-13T11:20:59Z</time>
      </trkpt>
      <trkpt lat="9.004454" lon="-79.565983">
        <time>2026-08-13T11:21:00Z</time>
      </trkpt>
      <trkpt lat="9.004439" lon="-79.565985">
        <time>2026-08-13T11:21:01Z</time>
      </trkpt>
      <trkpt lat="9.004426" lon="-79.565985">
        <time>2026-08-13T11:21:02Z</time>
      </trkpt>
      <trkpt lat="9.004416" lon="-79.565984">
        <time>2026-08-13T11:21:03Z</time>
      </trkpt>
      <trkpt lat="9.004406" lon="-79.565982">
        <time>2026-08-13T11:21:04Z</time>
      </trkpt>
      <trkpt lat="9.004393" lon="-79.565985">
        <time>2026-08-13T11:21:05Z</time>
      </trkpt>
      <trkpt lat="9.004377" lon="-79.565986">
        <time>2026-08-13T11:21:06Z</time>
      </trkpt>
      <trkpt lat="9.004363" lon="-79.565987">
        <time>2026-08-13T11:21:07Z</time>
      </trkpt>
      <trkpt lat="9.004348" lon="-79.565989">
        <time>2026-08-13T11:21:08Z</time>
      </trkpt>
      <trkpt lat="9.004334" lon="-79.565992">
        <time>2026-08-13T11:21:09Z</time>
      </trkpt>
      <trkpt lat="9.004322" lon="-79.565996">
        <time>2026-08-13T11:21:10Z</time>
      </trkpt>
      <trkpt lat="9.004310" lon="-79.565998">
        <time>2026-08-13T11:21:11Z</time>
      </trkpt>
      <trkpt lat="9.004298" lon="-79.566001">
        <time>2026-08-13T11:21:12Z</time>
      </trkpt>
      <trkpt lat="9.004285" lon="-79.566004">
        <time>2026-08-13T11:21:13Z</time>
      </trkpt>
      <trkpt lat="9.004275" lon="-79.566006">
        <time>2026-08-13T11:21:14Z</time>
      </trkpt>
      <trkpt lat="9.004264" lon="-79.566006">
        <time>2026-08-13T11:21:15Z</time>
      </trkpt>
      <trkpt lat="9.004251" lon="-79.566008">
        <time>2026-08-13T11:21:16Z</time>
      </trkpt>
      <trkpt lat="9.004236" lon="-79.566013">
        <time>2026-08-13T11:21:17Z</time>
      </trkpt>
      <trkpt lat="9.004221" lon="-79.566017">
        <time>2026-08-13T11:21:18Z</time>
      </trkpt>
      <trkpt lat="9.004208" lon="-79.566018">
        <time>2026-08-13T11:21:19Z</time>
      </trkpt>
      <trkpt lat="9.004195" lon="-79.566022">
        <time>2026-08-13T11:21:20Z</time>
      </trkpt>
      <trkpt lat="9.004186" lon="-79.566022">
        <time>2026-08-13T11:21:21Z</time>
      </trkpt>
      <trkpt lat="9.004176" lon="-79.566024">
        <time>2026-08-13T11:21:22Z</time>
      </trkpt>
      <trkpt lat="9.004163" lon="-79.566025">
        <time>2026-08-13T11:21:23Z</time>
      </trkpt>
      <trkpt lat="9.004150" lon="-79.566023">
        <time>2026-08-13T11:21:24Z</time>
      </trkpt>
      <trkpt lat="9.004136" lon="-79.566021">
        <time>2026-08-13T11:21:25Z</time>
      </trkpt>
      <trkpt lat="9.004122" lon="-79.566022">
        <time>2026-08-13T11:21:26Z</time>
      </trkpt>
      <trkpt lat="9.004107" lon="-79.566021">
        <time>2026-08-13T11:21:27Z</time>
      </trkpt>
      <trkpt lat="9.004093" lon="-79.566021">
        <time>2026-08-13T11:21:28Z</time>
      </trkpt>
      <trkpt lat="9.004080" lon="-79.566027">
        <time>2026-08-13T11:21:29Z</time>
      </trkpt>
      <trkpt lat="9.004067" lon="-79.566030">
        <time>2026-08-13T11:21:30Z</time>
      </trkpt>
      <trkpt lat="9.004054" lon="-79.566033">
        <time>2026-08-13T11:21:31Z</time>
      </trkpt>
      <trkpt lat="9.004040" lon="-79.566033">
        <time>2026-08-13T11:21:32Z</time>
      </trkpt>
      <trkpt lat="9.004032" lon="-79.566035">
        <time>2026-08-13T11:21:33Z</time>
      </trkpt>
      <trkpt lat="9.004018" lon="-79.566034">
        <time>2026-08-13T11:21:34Z</time>
      </trkpt>
      <trkpt lat="9.004007" lon="-79.566033">
        <time>2026-08-13T11:21:35Z</time>
      </trkpt>
      <trkpt lat="9.003993" lon="-79.566031">
        <time>2026-08-13T11:21:36Z</time>
      </trkpt>
      <trkpt lat="9.003980" lon="-79.566028">
        <time>2026-08-13T11:21:37Z</time>
      </trkpt>
      <trkpt lat="9.003965" lon="-79.566026">
        <time>2026-08-13T11:21:38Z</time>
      </trkpt>
      <trkpt lat="9.003956" lon="-79.566026">
        <time>2026-08-13T11:21:39Z</time>
      </trkpt>
      <trkpt lat="9.003946" lon="-79.566027">
        <time>2026-08-13T11:21:40Z</time>
      </trkpt>
      <trkpt lat="9.003936" lon="-79.566027">
        <time>2026-08-13T11:21:41Z</time>
      </trkpt>
      <trkpt lat="9.003923" lon="-79.566027">
        <time>2026-08-13T11:21:42Z</time>
      </trkpt>
      <trkpt lat="9.003910" lon="-79.566027">
        <time>2026-08-13T11:21:43Z</time>
      </trkpt>
      <trkpt lat="9.003895" lon="-79.566028">
        <time>2026-08-13T11:21:44Z</time>
      </trkpt>
      <trkpt lat="9.003881" lon="-79.566029">
        <time>2026-08-13T11:21:45Z</time>
      </trkpt>
      <trkpt lat="9.003868" lon="-79.566030">
        <time>2026-08-13T11:21:46Z</time>
      </trkpt>
      <trkpt lat="9.003855" lon="-79.566028">
        <time>2026-08-13T11:21:47Z</time>
      </trkpt>
      <trkpt lat="9.003840" lon="-79.566028">
        <time>2026-08-13T11:21:48Z</time>
      </trkpt>
      <trkpt lat="9.003833" lon="-79.566028">
        <time>2026-08-13T11:21:49Z</time>
      </trkpt>
      <trkpt lat="9.003820" lon="-79.566025">
        <time>2026-08-13T11:21:50Z</time>
      </trkpt>
      <trkpt lat="9.003809" lon="-79.566022">
        <time>2026-08-13T11:21:51Z</time>
      </trkpt>
      <trkpt lat="9.003798" lon="-79.566022">
        <time>2026-08-13T11:21:52Z</time>
      </trkpt>
      <trkpt lat="9.003789" lon="-79.566025">
        <time>2026-08-13T11:21:53Z</time>
      </trkpt>
      <trkpt lat="9.003780" lon="-79.566025">
        <time>2026-08-13T11:21:54Z</time>
      </trkpt>
      <trkpt lat="9.003772" lon="-79.566023">
        <time>2026-08-13T11:21:55Z</time>
      </trkpt>
      <trkpt lat="9.003757" lon="-79.566020">
        <time>2026-08-13T11:21:56Z</time>
      </trkpt>
      <trkpt lat="9.003747" lon="-79.566018">
        <time>2026-08-13T11:21:57Z</time>
      </trkpt>
      <trkpt lat="9.003735" lon="-79.566017">
        <time>2026-08-13T11:21:58Z</time>
      </trkpt>
      <trkpt lat="9.003720" lon="-79.566017">
        <time>2026-08-13T11:21:59Z</time>
      </trkpt>
      <trkpt lat="9.003706" lon="-79.566018">
        <time>2026-08-13T11:22:00Z</time>
      </trkpt>
      <trkpt lat="9.003695" lon="-79.566015">
        <time>2026-08-13T11:22:01Z</time>
      </trkpt>
      <trkpt lat="9.003685" lon="-79.566015">
        <time>2026-08-13T11:22:02Z</time>
      </trkpt>
      <trkpt lat="9.003676" lon="-79.566016">
        <time>2026-08-13T11:22:03Z</time>
      </trkpt>
      <trkpt lat="9.003665" lon="-79.566014">
        <time>2026-08-13T11:22:04Z</time>
      </trkpt>
      <trkpt lat="9.003651" lon="-79.566010">
        <time>2026-08-13T11:22:05Z</time>
      </trkpt>
      <trkpt lat="9.003637" lon="-79.566008">
        <time>2026-08-13T11:22:06Z</time>
      </trkpt>
      <trkpt lat="9.003625" lon="-79.566004">
        <time>2026-08-13T11:22:07Z</time>
      </trkpt>
      <trkpt lat="9.003613" lon="-79.566002">
        <time>2026-08-13T11:22:08Z</time>
      </trkpt>
      <trkpt lat="9.003600" lon="-79.566000">
        <time>2026-08-13T11:22:09Z</time>
      </trkpt>
      <trkpt lat="9.003590" lon="-79.565996">
        <time>2026-08-13T11:22:10Z</time>
      </trkpt>
      <trkpt lat="9.003578" lon="-79.565993">
        <time>2026-08-13T11:22:11Z</time>
      </trkpt>
      <trkpt lat="9.003565" lon="-79.565989">
        <time>2026-08-13T11:22:12Z</time>
      </trkpt>
      <trkpt lat="9.003555" lon="-79.565985">
        <time>2026-08-13T11:22:13Z</time>
      </trkpt>
      <trkpt lat="9.003543" lon="-79.565980">
        <time>2026-08-13T11:22:14Z</time>
      </trkpt>
      <trkpt lat="9.003530" lon="-79.565980">
        <time>2026-08-13T11:22:15Z</time>
      </trkpt>
      <trkpt lat="9.003521" lon="-79.565979">
        <time>2026-08-13T11:22:16Z</time>
      </trkpt>
      <trkpt lat="9.003511" lon="-79.565976">
        <time>2026-08-13T11:22:17Z</time>
      </trkpt>
      <trkpt lat="9.003498" lon="-79.565974">
        <time>2026-08-13T11:22:18Z</time>
      </trkpt>
      <trkpt lat="9.003485" lon="-79.565974">
        <time>2026-08-13T11:22:19Z</time>
      </trkpt>
      <trkpt lat="9.003471" lon="-79.565973">
        <time>2026-08-13T11:22:20Z</time>
      </trkpt>
      <trkpt lat="9.003458" lon="-79.565969">
        <time>2026-08-13T11:22:21Z</time>
      </trkpt>
      <trkpt lat="9.003448" lon="-79.565968">
        <time>2026-08-13T11:22:22Z</time>
      </trkpt>
      <trkpt lat="9.003437" lon="-79.565966">
        <time>2026-08-13T11:22:23Z</time>
      </trkpt>
      <trkpt lat="9.003428" lon="-79.565964">
        <time>2026-08-13T11:22:24Z</time>
      </trkpt>
      <trkpt lat="9.003415" lon="-79.565962">
        <time>2026-08-13T11:22:25Z</time>
      </trkpt>
      <trkpt lat="9.003401" lon="-79.565958">
        <time>2026-08-13T11:22:26Z</time>
      </trkpt>
      <trkpt lat="9.003389" lon="-79.565954">
        <time>2026-08-13T11:22:27Z</time>
      </trkpt>
      <trkpt lat="9.003374" lon="-79.565951">
        <time>2026-08-13T11:22:28Z</time>
      </trkpt>
      <trkpt lat="9.003362" lon="-79.565949">
        <time>2026-08-13T11:22:29Z</time>
      </trkpt>
      <trkpt lat="9.003352" lon="-79.565943">
        <time>2026-08-13T11:22:30Z</time>
      </trkpt>
      <trkpt lat="9.003341" lon="-79.565938">
        <time>2026-08-13T11:22:31Z</time>
      </trkpt>
      <trkpt lat="9.003330" lon="-79.565938">
        <time>2026-08-13T11:22:32Z</time>
      </trkpt>
      <trkpt lat="9.003319" lon="-79.565938">
        <time>2026-08-13T11:22:33Z</time>
      </trkpt>
      <trkpt lat="9.003307" lon="-79.565937">
        <time>2026-08-13T11:22:34Z</time>
      </trkpt>
      <trkpt lat="9.003296" lon="-79.565935">
        <time>2026-08-13T11:22:35Z</time>
      </trkpt>
      <trkpt lat="9.003283" lon="-79.565934">
        <time>2026-08-13T11:22:36Z</time>
      </trkpt>
      <trkpt lat="9.003271" lon="-79.565932">
        <time>2026-08-13T11:22:37Z</time>
      </trkpt>
      <trkpt lat="9.003264" lon="-79.565931">
        <time>2026-08-13T11:22:38Z</time>
      </trkpt>
      <trkpt lat="9.003253" lon="-79.565931">
        <time>2026-08-13T11:22:39Z</time>
      </trkpt>
      <trkpt lat="9.003242" lon="-79.565930">
        <time>2026-08-13T11:22:40Z</time>
      </trkpt>
      <trkpt lat="9.003227" lon="-79.565925">
        <time>2026-08-13T11:22:41Z</time>
      </trkpt>
      <trkpt lat="9.003214" lon="-79.565921">
        <time>2026-08-13T11:22:42Z</time>
      </trkpt>
      <trkpt lat="9.003198" lon="-79.565920">
        <time>2026-08-13T11:22:43Z</time>
      </trkpt>
      <trkpt lat="9.003187" lon="-79.565919">
        <time>2026-08-13T11:22:44Z</time>
      </trkpt>
      <trkpt lat="9.003176" lon="-79.565917">
        <time>2026-08-13T11:22:45Z</time>
      </trkpt>
      <trkpt lat="9.003165" lon="-79.565915">
        <time>2026-08-13T11:22:46Z</time>
      </trkpt>
      <trkpt lat="9.003153" lon="-79.565915">
        <time>2026-08-13T11:22:47Z</time>
      </trkpt>
      <trkpt lat="9.003140" lon="-79.565911">
        <time>2026-08-13T11:22:48Z</time>
      </trkpt>
      <trkpt lat="9.003126" lon="-79.565910">
        <time>2026-08-13T11:22:49Z</time>
      </trkpt>
      <trkpt lat="9.003116" lon="-79.565908">
        <time>2026-08-13T11:22:50Z</time>
      </trkpt>
      <trkpt lat="9.003104" lon="-79.565906">
        <time>2026-08-13T11:22:51Z</time>
      </trkpt>
      <trkpt lat="9.003094" lon="-79.565902">
        <time>2026-08-13T11:22:52Z</time>
      </trkpt>
      <trkpt lat="9.003084" lon="-79.565897">
        <time>2026-08-13T11:22:53Z</time>
      </trkpt>
      <trkpt lat="9.003071" lon="-79.565890">
        <time>2026-08-13T11:22:54Z</time>
      </trkpt>
      <trkpt lat="9.003060" lon="-79.565885">
        <time>2026-08-13T11:22:55Z</time>
      </trkpt>
      <trkpt lat="9.003051" lon="-79.565878">
        <time>2026-08-13T11:22:56Z</time>
      </trkpt>
      <trkpt lat="9.003042" lon="-79.565874">
        <time>2026-08-13T11:22:57Z</time>
      </trkpt>
      <trkpt lat="9.003031" lon="-79.565871">
        <time>2026-08-13T11:22:58Z</time>
      </trkpt>
      <trkpt lat="9.003021" lon="-79.565867">
        <time>2026-08-13T11:22:59Z</time>
      </trkpt>
      <trkpt lat="9.003009" lon="-79.565865">
        <time>2026-08-13T11:23:00Z</time>
      </trkpt>
      <trkpt lat="9.002998" lon="-79.565861">
        <time>2026-08-13T11:23:01Z</time>
      </trkpt>
      <trkpt lat="9.002986" lon="-79.565859">
        <time>2026-08-13T11:23:02Z</time>
      </trkpt>
      <trkpt lat="9.002977" lon="-79.565849">
        <time>2026-08-13T11:23:03Z</time>
      </trkpt>
      <trkpt lat="9.002969" lon="-79.565842">
        <time>2026-08-13T11:23:04Z</time>
      </trkpt>
      <trkpt lat="9.002956" lon="-79.565838">
        <time>2026-08-13T11:23:05Z</time>
      </trkpt>
      <trkpt lat="9.002950" lon="-79.565833">
        <time>2026-08-13T11:23:06Z</time>
      </trkpt>
      <trkpt lat="9.002944" lon="-79.565829">
        <time>2026-08-13T11:23:07Z</time>
      </trkpt>
      <trkpt lat="9.002933" lon="-79.565824">
        <time>2026-08-13T11:23:08Z</time>
      </trkpt>
      <trkpt lat="9.002924" lon="-79.565821">
        <time>2026-08-13T11:23:09Z</time>
      </trkpt>
      <trkpt lat="9.002916" lon="-79.565817">
        <time>2026-08-13T11:23:10Z</time>
      </trkpt>
      <trkpt lat="9.002911" lon="-79.565813">
        <time>2026-08-13T11:23:11Z</time>
      </trkpt>
      <trkpt lat="9.002904" lon="-79.565813">
        <time>2026-08-13T11:23:12Z</time>
      </trkpt>
      <trkpt lat="9.002902" lon="-79.565815">
        <time>2026-08-13T11:23:13Z</time>
      </trkpt>
      <trkpt lat="9.002902" lon="-79.565817">
        <time>2026-08-13T11:23:14Z</time>
      </trkpt>
      <trkpt lat="9.002901" lon="-79.565816">
        <time>2026-08-13T11:23:15Z</time>
      </trkpt>
      <trkpt lat="9.002900" lon="-79.565815">
        <time>2026-08-13T11:23:16Z</time>
      </trkpt>
      <trkpt lat="9.002900" lon="-79.565815">
        <time>2026-08-13T11:23:17Z</time>
      </trkpt>
      <trkpt lat="9.002900" lon="-79.565815">
        <time>2026-08-13T11:23:18Z</time>
      </trkpt>
      <trkpt lat="9.002900" lon="-79.565815">
        <time>2026-08-13T11:23:19Z</time>
      </trkpt>
      <trkpt lat="9.002900" lon="-79.565815">
        <time>2026-08-13T11:23:20Z</time>
      </trkpt>
      <trkpt lat="9.002900" lon="-79.565815">
        <time>2026-08-13T11:23:21Z</time>
      </trkpt>
      <trkpt lat="9.002900" lon="-79.565815">
        <time>2026-08-13T11:23:22Z</time>
      </trkpt>
      <trkpt lat="9.002899" lon="-79.565815">
        <time>2026-08-13T11:23:23Z</time>
      </trkpt>
      <trkpt lat="9.002896" lon="-79.565815">
        <time>2026-08-13T11:23:24Z</time>
      </trkpt>
      <trkpt lat="9.002893" lon="-79.565814">
        <time>2026-08-13T11:23:25Z</time>
      </trkpt>
      <trkpt lat="9.002900" lon="-79.565815">
        <time>2026-08-13T11:23:26Z</time>
      </trkpt>
      <trkpt lat="9.002900" lon="-79.565815">
        <time>2026-08-13T11:23:27Z</time>
      </trkpt>
      <trkpt lat="9.002900" lon="-79.565815">
        <time>2026-08-13T11:23:28Z</time>
      </trkpt>
      <trkpt lat="9.002900" lon="-79.565815">
        <time>2026-08-13T11:23:29Z</time>
      </trkpt>
      <trkpt lat="9.002900" lon="-79.565815">
        <time>2026-08-13T11:23:30Z</time>
      </trkpt>
      <trkpt lat="9.002900" lon="-79.565815">
        <time>2026-08-13T11:23:31Z</time>
      </trkpt>
      <trkpt lat="9.002900" lon="-79.565815">
        <time>2026-08-13T11:23:32Z</time>
      </trkpt>
      <trkpt lat="9.002900" lon="-79.565815">
        <time>2026-08-13T11:23:33Z</time>
      </trkpt>
      <trkpt lat="9.002900" lon="-79.565815">
        <time>2026-08-13T11:23:34Z</time>
      </trkpt>
      <trkpt lat="9.002890" lon="-79.565812">
        <time>2026-08-13T11:23:35Z</time>
      </trkpt>
      <trkpt lat="9.002893" lon="-79.565809">
        <time>2026-08-13T11:23:36Z</time>
      </trkpt>
      <trkpt lat="9.002893" lon="-79.565809">
        <time>2026-08-13T11:23:37Z</time>
      </trkpt>
      <trkpt lat="9.002892" lon="-79.565811">
        <time>2026-08-13T11:23:38Z</time>
      </trkpt>
      <trkpt lat="9.002891" lon="-79.565812">
        <time>2026-08-13T11:23:39Z</time>
      </trkpt>
      <trkpt lat="9.002890" lon="-79.565811">
        <time>2026-08-13T11:23:40Z</time>
      </trkpt>
      <trkpt lat="9.002900" lon="-79.565815">
        <time>2026-08-13T11:23:41Z</time>
      </trkpt>
      <trkpt lat="9.002900" lon="-79.565815">
        <time>2026-08-13T11:23:42Z</time>
      </trkpt>
      <trkpt lat="9.002900" lon="-79.565815">
        <time>2026-08-13T11:23:43Z</time>
      </trkpt>
      <trkpt lat="9.002900" lon="-79.565815">
        <time>2026-08-13T11:23:44Z</time>
      </trkpt>
      <trkpt lat="9.002900" lon="-79.565815">
        <time>2026-08-13T11:23:45Z</time>
      </trkpt>
      <trkpt lat="9.002900" lon="-79.565815">
        <time>2026-08-13T11:23:46Z</time>
      </trkpt>
      <trkpt lat="9.002900" lon="-79.565815">
        <time>2026-08-13T11:23:47Z</time>
      </trkpt>
      <trkpt lat="9.002900" lon="-79.565815">
        <time>2026-08-13T11:23:48Z</time>
      </trkpt>
      <trkpt lat="9.002900" lon="-79.565815">
        <time>2026-08-13T11:23:49Z</time>
      </trkpt>
      <trkpt lat="9.002900" lon="-79.565815">
        <time>2026-08-13T11:23:50Z</time>
      </trkpt>
      <trkpt lat="9.002900" lon="-79.565815">
        <time>2026-08-13T11:23:51Z</time>
      </trkpt>
      <trkpt lat="9.002900" lon="-79.565815">
        <time>2026-08-13T11:23:52Z</time>
      </trkpt>
      <trkpt lat="9.002900" lon="-79.565815">
        <time>2026-08-13T11:23:53Z</time>
      </trkpt>
      <trkpt lat="9.002900" lon="-79.565815">
        <time>2026-08-13T11:23:54Z</time>
      </trkpt>
      <trkpt lat="9.002900" lon="-79.565815">
        <time>2026-08-13T11:23:55Z</time>
      </trkpt>
      <trkpt lat="9.002900" lon="-79.565815">
        <time>2026-08-13T11:23:56Z</time>
      </trkpt>
      <trkpt lat="9.002900" lon="-79.565815">
        <time>2026-08-13T11:23:57Z</time>
      </trkpt>
      <trkpt lat="9.002900" lon="-79.565815">
        <time>2026-08-13T11:23:58Z</time>
      </trkpt>
      <trkpt lat="9.002900" lon="-79.565815">
        <time>2026-08-13T11:23:59Z</time>
      </trkpt>
      <trkpt lat="9.002900" lon="-79.565815">
        <time>2026-08-13T11:24:00Z</time>
      </trkpt>
      <trkpt lat="9.002900" lon="-79.565815">
        <time>2026-08-13T11:24:01Z</time>
      </trkpt>
      <trkpt lat="9.002900" lon="-79.565815">
        <time>2026-08-13T11:24:02Z</time>
      </trkpt>
      <trkpt lat="9.002900" lon="-79.565815">
        <time>2026-08-13T11:24:03Z</time>
      </trkpt>
      <trkpt lat="9.002900" lon="-79.565815">
        <time>2026-08-13T11:24:04Z</time>
      </trkpt>
      <trkpt lat="9.002900" lon="-79.565815">
        <time>2026-08-13T11:24:05Z</time>
      </trkpt>
      <trkpt lat="9.002896" lon="-79.565810">
        <time>2026-08-13T11:24:06Z</time>
      </trkpt>
      <trkpt lat="9.002903" lon="-79.565809">
        <time>2026-08-13T11:24:07Z</time>
      </trkpt>
      <trkpt lat="9.002900" lon="-79.565815">
        <time>2026-08-13T11:24:08Z</time>
      </trkpt>
      <trkpt lat="9.002900" lon="-79.565815">
        <time>2026-08-13T11:24:09Z</time>
      </trkpt>
      <trkpt lat="9.002900" lon="-79.565815">
        <time>2026-08-13T11:24:10Z</time>
      </trkpt>
      <trkpt lat="9.002900" lon="-79.565815">
        <time>2026-08-13T11:24:11Z</time>
      </trkpt>
      <trkpt lat="9.002901" lon="-79.565805">
        <time>2026-08-13T11:24:12Z</time>
      </trkpt>
      <trkpt lat="9.002900" lon="-79.565815">
        <time>2026-08-13T11:24:13Z</time>
      </trkpt>
      <trkpt lat="9.002900" lon="-79.565815">
        <time>2026-08-13T11:24:14Z</time>
      </trkpt>
      <trkpt lat="9.002900" lon="-79.565815">
        <time>2026-08-13T11:24:15Z</time>
      </trkpt>
      <trkpt lat="9.002900" lon="-79.565815">
        <time>2026-08-13T11:24:16Z</time>
      </trkpt>
      <trkpt lat="9.002900" lon="-79.565815">
        <time>2026-08-13T11:24:17Z</time>
      </trkpt>
      <trkpt lat="9.002900" lon="-79.565815">
        <time>2026-08-13T11:24:18Z</time>
      </trkpt>
      <trkpt lat="9.002900" lon="-79.565815">
        <time>2026-08-13T11:24:19Z</time>
      </trkpt>
      <trkpt lat="9.002900" lon="-79.565815">
        <time>2026-08-13T11:24:20Z</time>
      </trkpt>
      <trkpt lat="9.002900" lon="-79.565815">
        <time>2026-08-13T11:24:21Z</time>
      </trkpt>
      <trkpt lat="9.002900" lon="-79.565815">
        <time>2026-08-13T11:24:22Z</time>
      </trkpt>
      <trkpt lat="9.002900" lon="-79.565803">
        <time>2026-08-13T11:24:23Z</time>
      </trkpt>
      <trkpt lat="9.002900" lon="-79.565815">
        <time>2026-08-13T11:24:24Z</time>
      </trkpt>
      <trkpt lat="9.002900" lon="-79.565815">
        <time>2026-08-13T11:24:25Z</time>
      </trkpt>
      <trkpt lat="9.002900" lon="-79.565815">
        <time>2026-08-13T11:24:26Z</time>
      </trkpt>
      <trkpt lat="9.002900" lon="-79.565815">
        <time>2026-08-13T11:24:27Z</time>
      </trkpt>
      <trkpt lat="9.002900" lon="-79.565815">
        <time>2026-08-13T11:24:28Z</time>
      </trkpt>
      <trkpt lat="9.002900" lon="-79.565815">
        <time>2026-08-13T11:24:29Z</time>
      </trkpt>
      <trkpt lat="9.002900" lon="-79.565815">
        <time>2026-08-13T11:24:30Z</time>
      </trkpt>
      <trkpt lat="9.002900" lon="-79.565815">
        <time>2026-08-13T11:24:31Z</time>
      </trkpt>
      <trkpt lat="9.002900" lon="-79.565815">
        <time>2026-08-13T11:24:32Z</time>
      </trkpt>
      <trkpt lat="9.002900" lon="-79.565815">
        <time>2026-08-13T11:24:33Z</time>
      </trkpt>
      <trkpt lat="9.002900" lon="-79.565815">
        <time>2026-08-13T11:24:34Z</time>
      </trkpt>
      <trkpt lat="9.002900" lon="-79.565815">
        <time>2026-08-13T11:24:35Z</time>
      </trkpt>
      <trkpt lat="9.002900" lon="-79.565815">
        <time>2026-08-13T11:24:36Z</time>
      </trkpt>
      <trkpt lat="9.002898" lon="-79.565804">
        <time>2026-08-13T11:24:37Z</time>
      </trkpt>
      <trkpt lat="9.002892" lon="-79.565803">
        <time>2026-08-13T11:24:38Z</time>
      </trkpt>
      <trkpt lat="9.002889" lon="-79.565802">
        <time>2026-08-13T11:24:39Z</time>
      </trkpt>
      <trkpt lat="9.002881" lon="-79.565799">
        <time>2026-08-13T11:24:40Z</time>
      </trkpt>
      <trkpt lat="9.002870" lon="-79.565802">
        <time>2026-08-13T11:24:41Z</time>
      </trkpt>
      <trkpt lat="9.002858" lon="-79.565805">
        <time>2026-08-13T11:24:42Z</time>
      </trkpt>
      <trkpt lat="9.002849" lon="-79.565806">
        <time>2026-08-13T11:24:43Z</time>
      </trkpt>
      <trkpt lat="9.002840" lon="-79.565807">
        <time>2026-08-13T11:24:44Z</time>
      </trkpt>
      <trkpt lat="9.002834" lon="-79.565806">
        <time>2026-08-13T11:24:45Z</time>
      </trkpt>
      <trkpt lat="9.002825" lon="-79.565800">
        <time>2026-08-13T11:24:46Z</time>
      </trkpt>
      <trkpt lat="9.002815" lon="-79.565794">
        <time>2026-08-13T11:24:47Z</time>
      </trkpt>
      <trkpt lat="9.002805" lon="-79.565795">
        <time>2026-08-13T11:24:48Z</time>
      </trkpt>
      <trkpt lat="9.002794" lon="-79.565794">
        <time>2026-08-13T11:24:49Z</time>
      </trkpt>
      <trkpt lat="9.002786" lon="-79.565793">
        <time>2026-08-13T11:24:50Z</time>
      </trkpt>
      <trkpt lat="9.002776" lon="-79.565789">
        <time>2026-08-13T11:24:51Z</time>
      </trkpt>
      <trkpt lat="9.002766" lon="-79.565788">
        <time>2026-08-13T11:24:52Z</time>
      </trkpt>
      <trkpt lat="9.002760" lon="-79.565787">
        <time>2026-08-13T11:24:53Z</time>
      </trkpt>
      <trkpt lat="9.002756" lon="-79.565784">
        <time>2026-08-13T11:24:54Z</time>
      </trkpt>
      <trkpt lat="9.002743" lon="-79.565781">
        <time>2026-08-13T11:24:55Z</time>
      </trkpt>
      <trkpt lat="9.002729" lon="-79.565776">
        <time>2026-08-13T11:24:56Z</time>
      </trkpt>
      <trkpt lat="9.002715" lon="-79.565772">
        <time>2026-08-13T11:24:57Z</time>
      </trkpt>
      <trkpt lat="9.002706" lon="-79.565771">
        <time>2026-08-13T11:24:58Z</time>
      </trkpt>
      <trkpt lat="9.002701" lon="-79.565769">
        <time>2026-08-13T11:24:59Z</time>
      </trkpt>
      <trkpt lat="9.002688" lon="-79.565767">
        <time>2026-08-13T11:25:00Z</time>
      </trkpt>
      <trkpt lat="9.002679" lon="-79.565762">
        <time>2026-08-13T11:25:01Z</time>
      </trkpt>
      <trkpt lat="9.002668" lon="-79.565759">
        <time>2026-08-13T11:25:02Z</time>
      </trkpt>
      <trkpt lat="9.002660" lon="-79.565756">
        <time>2026-08-13T11:25:03Z</time>
      </trkpt>
      <trkpt lat="9.002651" lon="-79.565756">
        <time>2026-08-13T11:25:04Z</time>
      </trkpt>
      <trkpt lat="9.002640" lon="-79.565757">
        <time>2026-08-13T11:25:05Z</time>
      </trkpt>
      <trkpt lat="9.002630" lon="-79.565753">
        <time>2026-08-13T11:25:06Z</time>
      </trkpt>
      <trkpt lat="9.002617" lon="-79.565750">
        <time>2026-08-13T11:25:07Z</time>
      </trkpt>
      <trkpt lat="9.002606" lon="-79.565749">
        <time>2026-08-13T11:25:08Z</time>
      </trkpt>
      <trkpt lat="9.002596" lon="-79.565747">
        <time>2026-08-13T11:25:09Z</time>
      </trkpt>
      <trkpt lat="9.002590" lon="-79.565747">
        <time>2026-08-13T11:25:10Z</time>
      </trkpt>
      <trkpt lat="9.002578" lon="-79.565748">
        <time>2026-08-13T11:25:11Z</time>
      </trkpt>
      <trkpt lat="9.002563" lon="-79.565745">
        <time>2026-08-13T11:25:12Z</time>
      </trkpt>
      <trkpt lat="9.002551" lon="-79.565741">
        <time>2026-08-13T11:25:13Z</time>
      </trkpt>
      <trkpt lat="9.002539" lon="-79.565739">
        <time>2026-08-13T11:25:14Z</time>
      </trkpt>
      <trkpt lat="9.002531" lon="-79.565739">
        <time>2026-08-13T11:25:15Z</time>
      </trkpt>
      <trkpt lat="9.002522" lon="-79.565740">
        <time>2026-08-13T11:25:16Z</time>
      </trkpt>
      <trkpt lat="9.002509" lon="-79.565738">
        <time>2026-08-13T11:25:17Z</time>
      </trkpt>
      <trkpt lat="9.002495" lon="-79.565735">
        <time>2026-08-13T11:25:18Z</time>
      </trkpt>
      <trkpt lat="9.002483" lon="-79.565732">
        <time>2026-08-13T11:25:19Z</time>
      </trkpt>
      <trkpt lat="9.002474" lon="-79.565731">
        <time>2026-08-13T11:25:20Z</time>
      </trkpt>
      <trkpt lat="9.002466" lon="-79.565729">
        <time>2026-08-13T11:25:21Z</time>
      </trkpt>
      <trkpt lat="9.002458" lon="-79.565729">
        <time>2026-08-13T11:25:22Z</time>
      </trkpt>
      <trkpt lat="9.002445" lon="-79.565727">
        <time>2026-08-13T11:25:23Z</time>
      </trkpt>
      <trkpt lat="9.002434" lon="-79.565724">
        <time>2026-08-13T11:25:24Z</time>
      </trkpt>
      <trkpt lat="9.002420" lon="-79.565722">
        <time>2026-08-13T11:25:25Z</time>
      </trkpt>
      <trkpt lat="9.002408" lon="-79.565721">
        <time>2026-08-13T11:25:26Z</time>
      </trkpt>
      <trkpt lat="9.002398" lon="-79.565723">
        <time>2026-08-13T11:25:27Z</time>
      </trkpt>
      <trkpt lat="9.002387" lon="-79.565720">
        <time>2026-08-13T11:25:28Z</time>
      </trkpt>
      <trkpt lat="9.002375" lon="-79.565717">
        <time>2026-08-13T11:25:29Z</time>
      </trkpt>
      <trkpt lat="9.002365" lon="-79.565716">
        <time>2026-08-13T11:25:30Z</time>
      </trkpt>
      <trkpt lat="9.002354" lon="-79.565715">
        <time>2026-08-13T11:25:31Z</time>
      </trkpt>
      <trkpt lat="9.002341" lon="-79.565714">
        <time>2026-08-13T11:25:32Z</time>
      </trkpt>
      <trkpt lat="9.002332" lon="-79.565712">
        <time>2026-08-13T11:25:33Z</time>
      </trkpt>
      <trkpt lat="9.002321" lon="-79.565711">
        <time>2026-08-13T11:25:34Z</time>
      </trkpt>
      <trkpt lat="9.002311" lon="-79.565709">
        <time>2026-08-13T11:25:35Z</time>
      </trkpt>
      <trkpt lat="9.002299" lon="-79.565708">
        <time>2026-08-13T11:25:36Z</time>
      </trkpt>
      <trkpt lat="9.002287" lon="-79.565708">
        <time>2026-08-13T11:25:37Z</time>
      </trkpt>
      <trkpt lat="9.002275" lon="-79.565709">
        <time>2026-08-13T11:25:38Z</time>
      </trkpt>
      <trkpt lat="9.002265" lon="-79.565710">
        <time>2026-08-13T11:25:39Z</time>
      </trkpt>
      <trkpt lat="9.002253" lon="-79.565711">
        <time>2026-08-13T11:25:40Z</time>
      </trkpt>
      <trkpt lat="9.002244" lon="-79.565709">
        <time>2026-08-13T11:25:41Z</time>
      </trkpt>
      <trkpt lat="9.002232" lon="-79.565708">
        <time>2026-08-13T11:25:42Z</time>
      </trkpt>
      <trkpt lat="9.002220" lon="-79.565706">
        <time>2026-08-13T11:25:43Z</time>
      </trkpt>
      <trkpt lat="9.002208" lon="-79.565703">
        <time>2026-08-13T11:25:44Z</time>
      </trkpt>
      <trkpt lat="9.002194" lon="-79.565701">
        <time>2026-08-13T11:25:45Z</time>
      </trkpt>
      <trkpt lat="9.002181" lon="-79.565699">
        <time>2026-08-13T11:25:46Z</time>
      </trkpt>
      <trkpt lat="9.002171" lon="-79.565696">
        <time>2026-08-13T11:25:47Z</time>
      </trkpt>
      <trkpt lat="9.002162" lon="-79.565693">
        <time>2026-08-13T11:25:48Z</time>
      </trkpt>
      <trkpt lat="9.002150" lon="-79.565691">
        <time>2026-08-13T11:25:49Z</time>
      </trkpt>
      <trkpt lat="9.002136" lon="-79.565691">
        <time>2026-08-13T11:25:50Z</time>
      </trkpt>
      <trkpt lat="9.002123" lon="-79.565690">
        <time>2026-08-13T11:25:51Z</time>
      </trkpt>
      <trkpt lat="9.002110" lon="-79.565687">
        <time>2026-08-13T11:25:52Z</time>
      </trkpt>
      <trkpt lat="9.002098" lon="-79.565685">
        <time>2026-08-13T11:25:53Z</time>
      </trkpt>
      <trkpt lat="9.002089" lon="-79.565685">
        <time>2026-08-13T11:25:54Z</time>
      </trkpt>
      <trkpt lat="9.002082" lon="-79.565685">
        <time>2026-08-13T11:25:55Z</time>
      </trkpt>
      <trkpt lat="9.002073" lon="-79.565684">
        <time>2026-08-13T11:25:56Z</time>
      </trkpt>
      <trkpt lat="9.002061" lon="-79.565685">
        <time>2026-08-13T11:25:57Z</time>
      </trkpt>
      <trkpt lat="9.002048" lon="-79.565685">
        <time>2026-08-13T11:25:58Z</time>
      </trkpt>
      <trkpt lat="9.002033" lon="-79.565684">
        <time>2026-08-13T11:25:59Z</time>
      </trkpt>
      <trkpt lat="9.002019" lon="-79.565685">
        <time>2026-08-13T11:26:00Z</time>
      </trkpt>
      <trkpt lat="9.002005" lon="-79.565683">
        <time>2026-08-13T11:26:01Z</time>
      </trkpt>
      <trkpt lat="9.001993" lon="-79.565684">
        <time>2026-08-13T11:26:02Z</time>
      </trkpt>
      <trkpt lat="9.001983" lon="-79.565686">
        <time>2026-08-13T11:26:03Z</time>
      </trkpt>
      <trkpt lat="9.001969" lon="-79.565686">
        <time>2026-08-13T11:26:04Z</time>
      </trkpt>
      <trkpt lat="9.001954" lon="-79.565687">
        <time>2026-08-13T11:26:05Z</time>
      </trkpt>
      <trkpt lat="9.001939" lon="-79.565688">
        <time>2026-08-13T11:26:06Z</time>
      </trkpt>
      <trkpt lat="9.001927" lon="-79.565690">
        <time>2026-08-13T11:26:07Z</time>
      </trkpt>
      <trkpt lat="9.001914" lon="-79.565690">
        <time>2026-08-13T11:26:08Z</time>
      </trkpt>
      <trkpt lat="9.001904" lon="-79.565690">
        <time>2026-08-13T11:26:09Z</time>
      </trkpt>
      <trkpt lat="9.001895" lon="-79.565690">
        <time>2026-08-13T11:26:10Z</time>
      </trkpt>
      <trkpt lat="9.001883" lon="-79.565690">
        <time>2026-08-13T11:26:11Z</time>
      </trkpt>
      <trkpt lat="9.001870" lon="-79.565691">
        <time>2026-08-13T11:26:12Z</time>
      </trkpt>
      <trkpt lat="9.001857" lon="-79.565691">
        <time>2026-08-13T11:26:13Z</time>
      </trkpt>
      <trkpt lat="9.001845" lon="-79.565693">
        <time>2026-08-13T11:26:14Z</time>
      </trkpt>
      <trkpt lat="9.001834" lon="-79.565694">
        <time>2026-08-13T11:26:15Z</time>
      </trkpt>
      <trkpt lat="9.001828" lon="-79.565697">
        <time>2026-08-13T11:26:16Z</time>
      </trkpt>
      <trkpt lat="9.001816" lon="-79.565699">
        <time>2026-08-13T11:26:17Z</time>
      </trkpt>
      <trkpt lat="9.001804" lon="-79.565700">
        <time>2026-08-13T11:26:18Z</time>
      </trkpt>
      <trkpt lat="9.001794" lon="-79.565702">
        <time>2026-08-13T11:26:19Z</time>
      </trkpt>
      <trkpt lat="9.001785" lon="-79.565704">
        <time>2026-08-13T11:26:20Z</time>
      </trkpt>
      <trkpt lat="9.001775" lon="-79.565705">
        <time>2026-08-13T11:26:21Z</time>
      </trkpt>
      <trkpt lat="9.001765" lon="-79.565707">
        <time>2026-08-13T11:26:22Z</time>
      </trkpt>
      <trkpt lat="9.001750" lon="-79.565709">
        <time>2026-08-13T11:26:23Z</time>
      </trkpt>
      <trkpt lat="9.001739" lon="-79.565710">
        <time>2026-08-13T11:26:24Z</time>
      </trkpt>
      <trkpt lat="9.001728" lon="-79.565715">
        <time>2026-08-13T11:26:25Z</time>
      </trkpt>
      <trkpt lat="9.001719" lon="-79.565718">
        <time>2026-08-13T11:26:26Z</time>
      </trkpt>
      <trkpt lat="9.001711" lon="-79.565722">
        <time>2026-08-13T11:26:27Z</time>
      </trkpt>
      <trkpt lat="9.001700" lon="-79.565726">
        <time>2026-08-13T11:26:28Z</time>
      </trkpt>
      <trkpt lat="9.001693" lon="-79.565729">
        <time>2026-08-13T11:26:29Z</time>
      </trkpt>
      <trkpt lat="9.001680" lon="-79.565732">
        <time>2026-08-13T11:26:30Z</time>
      </trkpt>
      <trkpt lat="9.001666" lon="-79.565734">
        <time>2026-08-13T11:26:31Z</time>
      </trkpt>
      <trkpt lat="9.001655" lon="-79.565736">
        <time>2026-08-13T11:26:32Z</time>
      </trkpt>
      <trkpt lat="9.001647" lon="-79.565737">
        <time>2026-08-13T11:26:33Z</time>
      </trkpt>
      <trkpt lat="9.001635" lon="-79.565740">
        <time>2026-08-13T11:26:34Z</time>
      </trkpt>
      <trkpt lat="9.001623" lon="-79.565742">
        <time>2026-08-13T11:26:35Z</time>
      </trkpt>
      <trkpt lat="9.001610" lon="-79.565742">
        <time>2026-08-13T11:26:36Z</time>
      </trkpt>
      <trkpt lat="9.001598" lon="-79.565741">
        <time>2026-08-13T11:26:37Z</time>
      </trkpt>
      <trkpt lat="9.001586" lon="-79.565742">
        <time>2026-08-13T11:26:38Z</time>
      </trkpt>
      <trkpt lat="9.001577" lon="-79.565740">
        <time>2026-08-13T11:26:39Z</time>
      </trkpt>
      <trkpt lat="9.001568" lon="-79.565741">
        <time>2026-08-13T11:26:40Z</time>
      </trkpt>
      <trkpt lat="9.001559" lon="-79.565739">
        <time>2026-08-13T11:26:41Z</time>
      </trkpt>
      <trkpt lat="9.001547" lon="-79.565742">
        <time>2026-08-13T11:26:42Z</time>
      </trkpt>
      <trkpt lat="9.001534" lon="-79.565746">
        <time>2026-08-13T11:26:43Z</time>
      </trkpt>
      <trkpt lat="9.001526" lon="-79.565744">
        <time>2026-08-13T11:26:44Z</time>
      </trkpt>
      <trkpt lat="9.001518" lon="-79.565747">
        <time>2026-08-13T11:26:45Z</time>
      </trkpt>
      <trkpt lat="9.001507" lon="-79.565749">
        <time>2026-08-13T11:26:46Z</time>
      </trkpt>
      <trkpt lat="9.001500" lon="-79.565750">
        <time>2026-08-13T11:26:47Z</time>
      </trkpt>
      <trkpt lat="9.001492" lon="-79.565751">
        <time>2026-08-13T11:26:48Z</time>
      </trkpt>
      <trkpt lat="9.001480" lon="-79.565753">
        <time>2026-08-13T11:26:49Z</time>
      </trkpt>
      <trkpt lat="9.001471" lon="-79.565754">
        <time>2026-08-13T11:26:50Z</time>
      </trkpt>
      <trkpt lat="9.001458" lon="-79.565757">
        <time>2026-08-13T11:26:51Z</time>
      </trkpt>
      <trkpt lat="9.001443" lon="-79.565759">
        <time>2026-08-13T11:26:52Z</time>
      </trkpt>
      <trkpt lat="9.001429" lon="-79.565761">
        <time>2026-08-13T11:26:53Z</time>
      </trkpt>
      <trkpt lat="9.001420" lon="-79.565764">
        <time>2026-08-13T11:26:54Z</time>
      </trkpt>
      <trkpt lat="9.001412" lon="-79.565767">
        <time>2026-08-13T11:26:55Z</time>
      </trkpt>
      <trkpt lat="9.001401" lon="-79.565769">
        <time>2026-08-13T11:26:56Z</time>
      </trkpt>
      <trkpt lat="9.001390" lon="-79.565772">
        <time>2026-08-13T11:26:57Z</time>
      </trkpt>
      <trkpt lat="9.001381" lon="-79.565773">
        <time>2026-08-13T11:26:58Z</time>
      </trkpt>
      <trkpt lat="9.001373" lon="-79.565772">
        <time>2026-08-13T11:26:59Z</time>
      </trkpt>
      <trkpt lat="9.001365" lon="-79.565773">
        <time>2026-08-13T11:27:00Z</time>
      </trkpt>
      <trkpt lat="9.001355" lon="-79.565776">
        <time>2026-08-13T11:27:01Z</time>
      </trkpt>
      <trkpt lat="9.001346" lon="-79.565779">
        <time>2026-08-13T11:27:02Z</time>
      </trkpt>
      <trkpt lat="9.001337" lon="-79.565784">
        <time>2026-08-13T11:27:03Z</time>
      </trkpt>
      <trkpt lat="9.001329" lon="-79.565787">
        <time>2026-08-13T11:27:04Z</time>
      </trkpt>
      <trkpt lat="9.001322" lon="-79.565791">
        <time>2026-08-13T11:27:05Z</time>
      </trkpt>
      <trkpt lat="9.001310" lon="-79.565800">
        <time>2026-08-13T11:27:06Z</time>
      </trkpt>
      <trkpt lat="9.001315" lon="-79.565804">
        <time>2026-08-13T11:27:07Z</time>
      </trkpt>
      <trkpt lat="9.001319" lon="-79.565807">
        <time>2026-08-13T11:27:08Z</time>
      </trkpt>
      <trkpt lat="9.001324" lon="-79.565811">
        <time>2026-08-13T11:27:09Z</time>
      </trkpt>
      <trkpt lat="9.001326" lon="-79.565817">
        <time>2026-08-13T11:27:10Z</time>
      </trkpt>
      <trkpt lat="9.001326" lon="-79.565822">
        <time>2026-08-13T11:27:11Z</time>
      </trkpt>
      <trkpt lat="9.001328" lon="-79.565829">
        <time>2026-08-13T11:27:12Z</time>
      </trkpt>
      <trkpt lat="9.001328" lon="-79.565835">
        <time>2026-08-13T11:27:13Z</time>
      </trkpt>
      <trkpt lat="9.001332" lon="-79.565841">
        <time>2026-08-13T11:27:14Z</time>
      </trkpt>
      <trkpt lat="9.001337" lon="-79.565844">
        <time>2026-08-13T11:27:15Z</time>
      </trkpt>
      <trkpt lat="9.001342" lon="-79.565844">
        <time>2026-08-13T11:27:16Z</time>
      </trkpt>
      <trkpt lat="9.001346" lon="-79.565845">
        <time>2026-08-13T11:27:17Z</time>
      </trkpt>
      <trkpt lat="9.001348" lon="-79.565844">
        <time>2026-08-13T11:27:18Z</time>
      </trkpt>
      <trkpt lat="9.001352" lon="-79.565840">
        <time>2026-08-13T11:27:19Z</time>
      </trkpt>
      <trkpt lat="9.001352" lon="-79.565840">
        <time>2026-08-13T11:27:20Z</time>
      </trkpt>
      <trkpt lat="9.001352" lon="-79.565840">
        <time>2026-08-13T11:27:21Z</time>
      </trkpt>
      <trkpt lat="9.001352" lon="-79.565840">
        <time>2026-08-13T11:27:22Z</time>
      </trkpt>
      <trkpt lat="9.001352" lon="-79.565840">
        <time>2026-08-13T11:27:23Z</time>
      </trkpt>
      <trkpt lat="9.001352" lon="-79.565840">
        <time>2026-08-13T11:27:24Z</time>
      </trkpt>
      <trkpt lat="9.001352" lon="-79.565840">
        <time>2026-08-13T11:27:25Z</time>
      </trkpt>
      <trkpt lat="9.001352" lon="-79.565840">
        <time>2026-08-13T11:27:26Z</time>
      </trkpt>
      <trkpt lat="9.001352" lon="-79.565840">
        <time>2026-08-13T11:27:27Z</time>
      </trkpt>
      <trkpt lat="9.001352" lon="-79.565840">
        <time>2026-08-13T11:27:28Z</time>
      </trkpt>
      <trkpt lat="9.001357" lon="-79.565834">
        <time>2026-08-13T11:27:29Z</time>
      </trkpt>
      <trkpt lat="9.001356" lon="-79.565829">
        <time>2026-08-13T11:27:30Z</time>
      </trkpt>
      <trkpt lat="9.001352" lon="-79.565824">
        <time>2026-08-13T11:27:31Z</time>
      </trkpt>
      <trkpt lat="9.001347" lon="-79.565820">
        <time>2026-08-13T11:27:32Z</time>
      </trkpt>
      <trkpt lat="9.001340" lon="-79.565816">
        <time>2026-08-13T11:27:33Z</time>
      </trkpt>
      <trkpt lat="9.001333" lon="-79.565813">
        <time>2026-08-13T11:27:34Z</time>
      </trkpt>
      <trkpt lat="9.001324" lon="-79.565811">
        <time>2026-08-13T11:27:35Z</time>
      </trkpt>
      <trkpt lat="9.001315" lon="-79.565810">
        <time>2026-08-13T11:27:36Z</time>
      </trkpt>
      <trkpt lat="9.001306" lon="-79.565808">
        <time>2026-08-13T11:27:37Z</time>
      </trkpt>
      <trkpt lat="9.001297" lon="-79.565808">
        <time>2026-08-13T11:27:38Z</time>
      </trkpt>
      <trkpt lat="9.001288" lon="-79.565808">
        <time>2026-08-13T11:27:39Z</time>
      </trkpt>
      <trkpt lat="9.001274" lon="-79.565808">
        <time>2026-08-13T11:27:40Z</time>
      </trkpt>
      <trkpt lat="9.001266" lon="-79.565810">
        <time>2026-08-13T11:27:41Z</time>
      </trkpt>
      <trkpt lat="9.001255" lon="-79.565811">
        <time>2026-08-13T11:27:42Z</time>
      </trkpt>
      <trkpt lat="9.001243" lon="-79.565816">
        <time>2026-08-13T11:27:43Z</time>
      </trkpt>
      <trkpt lat="9.001232" lon="-79.565822">
        <time>2026-08-13T11:27:44Z</time>
      </trkpt>
      <trkpt lat="9.001226" lon="-79.565829">
        <time>2026-08-13T11:27:45Z</time>
      </trkpt>
      <trkpt lat="9.001221" lon="-79.565833">
        <time>2026-08-13T11:27:46Z</time>
      </trkpt>
      <trkpt lat="9.001212" lon="-79.565837">
        <time>2026-08-13T11:27:47Z</time>
      </trkpt>
      <trkpt lat="9.001207" lon="-79.565837">
        <time>2026-08-13T11:27:48Z</time>
      </trkpt>
      <trkpt lat="9.001203" lon="-79.565839">
        <time>2026-08-13T11:27:49Z</time>
      </trkpt>
      <trkpt lat="9.001204" lon="-79.565839">
        <time>2026-08-13T11:27:50Z</time>
      </trkpt>
      <trkpt lat="9.001204" lon="-79.565839">
        <time>2026-08-13T11:27:51Z</time>
      </trkpt>
      <trkpt lat="9.001204" lon="-79.565839">
        <time>2026-08-13T11:27:52Z</time>
      </trkpt>
      <trkpt lat="9.001204" lon="-79.565839">
        <time>2026-08-13T11:27:53Z</time>
      </trkpt>
      <trkpt lat="9.001204" lon="-79.565839">
        <time>2026-08-13T11:27:54Z</time>
      </trkpt>
      <trkpt lat="9.001204" lon="-79.565839">
        <time>2026-08-13T11:27:55Z</time>
      </trkpt>
      <trkpt lat="9.001204" lon="-79.565839">
        <time>2026-08-13T11:27:56Z</time>
      </trkpt>
      <trkpt lat="9.001204" lon="-79.565841">
        <time>2026-08-13T11:27:57Z</time>
      </trkpt>
      <trkpt lat="9.001197" lon="-79.565843">
        <time>2026-08-13T11:27:58Z</time>
      </trkpt>
      <trkpt lat="9.001190" lon="-79.565847">
        <time>2026-08-13T11:27:59Z</time>
      </trkpt>
      <trkpt lat="9.001182" lon="-79.565851">
        <time>2026-08-13T11:28:00Z</time>
      </trkpt>
      <trkpt lat="9.001177" lon="-79.565854">
        <time>2026-08-13T11:28:01Z</time>
      </trkpt>
      <trkpt lat="9.001174" lon="-79.565857">
        <time>2026-08-13T11:28:02Z</time>
      </trkpt>
      <trkpt lat="9.001175" lon="-79.565856">
        <time>2026-08-13T11:28:03Z</time>
      </trkpt>
      <trkpt lat="9.001171" lon="-79.565855">
        <time>2026-08-13T11:28:04Z</time>
      </trkpt>
      <trkpt lat="9.001170" lon="-79.565851">
        <time>2026-08-13T11:28:05Z</time>
      </trkpt>
      <trkpt lat="9.001168" lon="-79.565845">
        <time>2026-08-13T11:28:06Z</time>
      </trkpt>
      <trkpt lat="9.001163" lon="-79.565841">
        <time>2026-08-13T11:28:07Z</time>
      </trkpt>
      <trkpt lat="9.001155" lon="-79.565836">
        <time>2026-08-13T11:28:08Z</time>
      </trkpt>
      <trkpt lat="9.001148" lon="-79.565831">
        <time>2026-08-13T11:28:09Z</time>
      </trkpt>
      <trkpt lat="9.001137" lon="-79.565826">
        <time>2026-08-13T11:28:10Z</time>
      </trkpt>
      <trkpt lat="9.001128" lon="-79.565822">
        <time>2026-08-13T11:28:11Z</time>
      </trkpt>
      <trkpt lat="9.001117" lon="-79.565818">
        <time>2026-08-13T11:28:12Z</time>
      </trkpt>
      <trkpt lat="9.001111" lon="-79.565814">
        <time>2026-08-13T11:28:13Z</time>
      </trkpt>
      <trkpt lat="9.001101" lon="-79.565812">
        <time>2026-08-13T11:28:14Z</time>
      </trkpt>
      <trkpt lat="9.001092" lon="-79.565812">
        <time>2026-08-13T11:28:15Z</time>
      </trkpt>
      <trkpt lat="9.001089" lon="-79.565814">
        <time>2026-08-13T11:28:16Z</time>
      </trkpt>
      <trkpt lat="9.001087" lon="-79.565815">
        <time>2026-08-13T11:28:17Z</time>
      </trkpt>
      <trkpt lat="9.001087" lon="-79.565815">
        <time>2026-08-13T11:28:18Z</time>
      </trkpt>
      <trkpt lat="9.001087" lon="-79.565815">
        <time>2026-08-13T11:28:19Z</time>
      </trkpt>
      <trkpt lat="9.001087" lon="-79.565815">
        <time>2026-08-13T11:28:20Z</time>
      </trkpt>
      <trkpt lat="9.001087" lon="-79.565815">
        <time>2026-08-13T11:28:21Z</time>
      </trkpt>
      <trkpt lat="9.001087" lon="-79.565815">
        <time>2026-08-13T11:28:22Z</time>
      </trkpt>
      <trkpt lat="9.001087" lon="-79.565815">
        <time>2026-08-13T11:28:23Z</time>
      </trkpt>
      <trkpt lat="9.001087" lon="-79.565815">
        <time>2026-08-13T11:28:24Z</time>
      </trkpt>
      <trkpt lat="9.001087" lon="-79.565815">
        <time>2026-08-13T11:28:25Z</time>
      </trkpt>
      <trkpt lat="9.001087" lon="-79.565815">
        <time>2026-08-13T11:28:26Z</time>
      </trkpt>
      <trkpt lat="9.001083" lon="-79.565825">
        <time>2026-08-13T11:28:27Z</time>
      </trkpt>
      <trkpt lat="9.001079" lon="-79.565829">
        <time>2026-08-13T11:28:28Z</time>
      </trkpt>
      <trkpt lat="9.001080" lon="-79.565840">
        <time>2026-08-13T11:28:29Z</time>
      </trkpt>
      <trkpt lat="9.001082" lon="-79.565845">
        <time>2026-08-13T11:28:30Z</time>
      </trkpt>
      <trkpt lat="9.001086" lon="-79.565854">
        <time>2026-08-13T11:28:31Z</time>
      </trkpt>
      <trkpt lat="9.001095" lon="-79.565864">
        <time>2026-08-13T11:28:32Z</time>
      </trkpt>
      <trkpt lat="9.001103" lon="-79.565871">
        <time>2026-08-13T11:28:33Z</time>
      </trkpt>
      <trkpt lat="9.001113" lon="-79.565876">
        <time>2026-08-13T11:28:34Z</time>
      </trkpt>
      <trkpt lat="9.001122" lon="-79.565883">
        <time>2026-08-13T11:28:35Z</time>
      </trkpt>
      <trkpt lat="9.001131" lon="-79.565887">
        <time>2026-08-13T11:28:36Z</time>
      </trkpt>
      <trkpt lat="9.001139" lon="-79.565888">
        <time>2026-08-13T11:28:37Z</time>
      </trkpt>
      <trkpt lat="9.001147" lon="-79.565893">
        <time>2026-08-13T11:28:38Z</time>
      </trkpt>
      <trkpt lat="9.001157" lon="-79.565894">
        <time>2026-08-13T11:28:39Z</time>
      </trkpt>
      <trkpt lat="9.001163" lon="-79.565899">
        <time>2026-08-13T11:28:40Z</time>
      </trkpt>
      <trkpt lat="9.001170" lon="-79.565903">
        <time>2026-08-13T11:28:41Z</time>
      </trkpt>
      <trkpt lat="9.001175" lon="-79.565903">
        <time>2026-08-13T11:28:42Z</time>
      </trkpt>
      <trkpt lat="9.001178" lon="-79.565898">
        <time>2026-08-13T11:28:43Z</time>
      </trkpt>
      <trkpt lat="9.001178" lon="-79.565893">
        <time>2026-08-13T11:28:44Z</time>
      </trkpt>
      <trkpt lat="9.001172" lon="-79.565892">
        <time>2026-08-13T11:28:45Z</time>
      </trkpt>
      <trkpt lat="9.001170" lon="-79.565887">
        <time>2026-08-13T11:28:46Z</time>
      </trkpt>
      <trkpt lat="9.001167" lon="-79.565880">
        <time>2026-08-13T11:28:47Z</time>
      </trkpt>
      <trkpt lat="9.001168" lon="-79.565874">
        <time>2026-08-13T11:28:48Z</time>
      </trkpt>
      <trkpt lat="9.001171" lon="-79.565874">
        <time>2026-08-13T11:28:49Z</time>
      </trkpt>
      <trkpt lat="9.001172" lon="-79.565878">
        <time>2026-08-13T11:28:50Z</time>
      </trkpt>
      <trkpt lat="9.001172" lon="-79.565879">
        <time>2026-08-13T11:28:51Z</time>
      </trkpt>
      <trkpt lat="9.001176" lon="-79.565879">
        <time>2026-08-13T11:28:52Z</time>
      </trkpt>
      <trkpt lat="9.001175" lon="-79.565882">
        <time>2026-08-13T11:28:53Z</time>
      </trkpt>
      <trkpt lat="9.001175" lon="-79.565884">
        <time>2026-08-13T11:28:54Z</time>
      </trkpt>
      <trkpt lat="9.001173" lon="-79.565884">
        <time>2026-08-13T11:28:55Z</time>
      </trkpt>
      <trkpt lat="9.001170" lon="-79.565885">
        <time>2026-08-13T11:28:56Z</time>
      </trkpt>
      <trkpt lat="9.001170" lon="-79.565886">
        <time>2026-08-13T11:28:57Z</time>
      </trkpt>
      <trkpt lat="9.001328" lon="-79.565933">
        <time>2026-08-13T11:45:13Z</time>
      </trkpt>
      <trkpt lat="9.001283" lon="-79.565973">
        <time>2026-08-13T11:45:14Z</time>
      </trkpt>
      <trkpt lat="9.001283" lon="-79.565973">
        <time>2026-08-13T11:45:15Z</time>
      </trkpt>
      <trkpt lat="9.001253" lon="-79.565910">
        <time>2026-08-13T11:45:16Z</time>
      </trkpt>
      <trkpt lat="9.001269" lon="-79.565943">
        <time>2026-08-13T11:45:17Z</time>
      </trkpt>
      <trkpt lat="9.001230" lon="-79.565956">
        <time>2026-08-13T11:45:18Z</time>
      </trkpt>
      <trkpt lat="9.001230" lon="-79.565939">
        <time>2026-08-13T11:45:19Z</time>
      </trkpt>
      <trkpt lat="9.001248" lon="-79.565917">
        <time>2026-08-13T11:45:20Z</time>
      </trkpt>
      <trkpt lat="9.001263" lon="-79.565909">
        <time>2026-08-13T11:45:21Z</time>
      </trkpt>
      <trkpt lat="9.001274" lon="-79.565906">
        <time>2026-08-13T11:45:22Z</time>
      </trkpt>
      <trkpt lat="9.001282" lon="-79.565901">
        <time>2026-08-13T11:45:23Z</time>
      </trkpt>
      <trkpt lat="9.001290" lon="-79.565896">
        <time>2026-08-13T11:45:24Z</time>
      </trkpt>
      <trkpt lat="9.001303" lon="-79.565892">
        <time>2026-08-13T11:45:25Z</time>
      </trkpt>
      <trkpt lat="9.001318" lon="-79.565884">
        <time>2026-08-13T11:45:26Z</time>
      </trkpt>
      <trkpt lat="9.001329" lon="-79.565879">
        <time>2026-08-13T11:45:27Z</time>
      </trkpt>
      <trkpt lat="9.001336" lon="-79.565884">
        <time>2026-08-13T11:45:28Z</time>
      </trkpt>
      <trkpt lat="9.001342" lon="-79.565881">
        <time>2026-08-13T11:45:29Z</time>
      </trkpt>
      <trkpt lat="9.001346" lon="-79.565882">
        <time>2026-08-13T11:45:30Z</time>
      </trkpt>
      <trkpt lat="9.001346" lon="-79.565881">
        <time>2026-08-13T11:45:31Z</time>
      </trkpt>
      <trkpt lat="9.001356" lon="-79.565881">
        <time>2026-08-13T11:45:32Z</time>
      </trkpt>
      <trkpt lat="9.001367" lon="-79.565879">
        <time>2026-08-13T11:45:33Z</time>
      </trkpt>
      <trkpt lat="9.001378" lon="-79.565877">
        <time>2026-08-13T11:45:34Z</time>
      </trkpt>
      <trkpt lat="9.001389" lon="-79.565875">
        <time>2026-08-13T11:45:35Z</time>
      </trkpt>
      <trkpt lat="9.001401" lon="-79.565871">
        <time>2026-08-13T11:45:36Z</time>
      </trkpt>
      <trkpt lat="9.001412" lon="-79.565870">
        <time>2026-08-13T11:45:37Z</time>
      </trkpt>
      <trkpt lat="9.001430" lon="-79.565867">
        <time>2026-08-13T11:45:38Z</time>
      </trkpt>
      <trkpt lat="9.001442" lon="-79.565865">
        <time>2026-08-13T11:45:39Z</time>
      </trkpt>
      <trkpt lat="9.001451" lon="-79.565862">
        <time>2026-08-13T11:45:40Z</time>
      </trkpt>
      <trkpt lat="9.001467" lon="-79.565859">
        <time>2026-08-13T11:45:41Z</time>
      </trkpt>
      <trkpt lat="9.001482" lon="-79.565855">
        <time>2026-08-13T11:45:42Z</time>
      </trkpt>
      <trkpt lat="9.001498" lon="-79.565850">
        <time>2026-08-13T11:45:43Z</time>
      </trkpt>
      <trkpt lat="9.001509" lon="-79.565846">
        <time>2026-08-13T11:45:44Z</time>
      </trkpt>
      <trkpt lat="9.001519" lon="-79.565845">
        <time>2026-08-13T11:45:45Z</time>
      </trkpt>
      <trkpt lat="9.001527" lon="-79.565841">
        <time>2026-08-13T11:45:46Z</time>
      </trkpt>
      <trkpt lat="9.001534" lon="-79.565841">
        <time>2026-08-13T11:45:47Z</time>
      </trkpt>
      <trkpt lat="9.001542" lon="-79.565839">
        <time>2026-08-13T11:45:48Z</time>
      </trkpt>
      <trkpt lat="9.001551" lon="-79.565838">
        <time>2026-08-13T11:45:49Z</time>
      </trkpt>
      <trkpt lat="9.001561" lon="-79.565838">
        <time>2026-08-13T11:45:50Z</time>
      </trkpt>
      <trkpt lat="9.001570" lon="-79.565838">
        <time>2026-08-13T11:45:51Z</time>
      </trkpt>
      <trkpt lat="9.001579" lon="-79.565837">
        <time>2026-08-13T11:45:52Z</time>
      </trkpt>
      <trkpt lat="9.001591" lon="-79.565835">
        <time>2026-08-13T11:45:53Z</time>
      </trkpt>
      <trkpt lat="9.001603" lon="-79.565834">
        <time>2026-08-13T11:45:54Z</time>
      </trkpt>
      <trkpt lat="9.001618" lon="-79.565831">
        <time>2026-08-13T11:45:55Z</time>
      </trkpt>
      <trkpt lat="9.001630" lon="-79.565830">
        <time>2026-08-13T11:45:56Z</time>
      </trkpt>
      <trkpt lat="9.001645" lon="-79.565828">
        <time>2026-08-13T11:45:57Z</time>
      </trkpt>
      <trkpt lat="9.001662" lon="-79.565825">
        <time>2026-08-13T11:45:58Z</time>
      </trkpt>
      <trkpt lat="9.001678" lon="-79.565819">
        <time>2026-08-13T11:45:59Z</time>
      </trkpt>
      <trkpt lat="9.001694" lon="-79.565813">
        <time>2026-08-13T11:46:00Z</time>
      </trkpt>
      <trkpt lat="9.001707" lon="-79.565808">
        <time>2026-08-13T11:46:01Z</time>
      </trkpt>
      <trkpt lat="9.001721" lon="-79.565802">
        <time>2026-08-13T11:46:02Z</time>
      </trkpt>
      <trkpt lat="9.001734" lon="-79.565796">
        <time>2026-08-13T11:46:03Z</time>
      </trkpt>
      <trkpt lat="9.001746" lon="-79.565791">
        <time>2026-08-13T11:46:04Z</time>
      </trkpt>
      <trkpt lat="9.001756" lon="-79.565788">
        <time>2026-08-13T11:46:05Z</time>
      </trkpt>
      <trkpt lat="9.001768" lon="-79.565786">
        <time>2026-08-13T11:46:06Z</time>
      </trkpt>
      <trkpt lat="9.001781" lon="-79.565784">
        <time>2026-08-13T11:46:07Z</time>
      </trkpt>
      <trkpt lat="9.001791" lon="-79.565780">
        <time>2026-08-13T11:46:08Z</time>
      </trkpt>
      <trkpt lat="9.001802" lon="-79.565780">
        <time>2026-08-13T11:46:09Z</time>
      </trkpt>
      <trkpt lat="9.001812" lon="-79.565780">
        <time>2026-08-13T11:46:10Z</time>
      </trkpt>
      <trkpt lat="9.001822" lon="-79.565780">
        <time>2026-08-13T11:46:11Z</time>
      </trkpt>
      <trkpt lat="9.001829" lon="-79.565777">
        <time>2026-08-13T11:46:12Z</time>
      </trkpt>
      <trkpt lat="9.001837" lon="-79.565776">
        <time>2026-08-13T11:46:13Z</time>
      </trkpt>
      <trkpt lat="9.001848" lon="-79.565777">
        <time>2026-08-13T11:46:14Z</time>
      </trkpt>
      <trkpt lat="9.001859" lon="-79.565776">
        <time>2026-08-13T11:46:15Z</time>
      </trkpt>
      <trkpt lat="9.001872" lon="-79.565776">
        <time>2026-08-13T11:46:16Z</time>
      </trkpt>
      <trkpt lat="9.001882" lon="-79.565776">
        <time>2026-08-13T11:46:17Z</time>
      </trkpt>
      <trkpt lat="9.001892" lon="-79.565779">
        <time>2026-08-13T11:46:18Z</time>
      </trkpt>
      <trkpt lat="9.001902" lon="-79.565779">
        <time>2026-08-13T11:46:19Z</time>
      </trkpt>
      <trkpt lat="9.001911" lon="-79.565780">
        <time>2026-08-13T11:46:20Z</time>
      </trkpt>
      <trkpt lat="9.001919" lon="-79.565779">
        <time>2026-08-13T11:46:21Z</time>
      </trkpt>
      <trkpt lat="9.001930" lon="-79.565783">
        <time>2026-08-13T11:46:22Z</time>
      </trkpt>
      <trkpt lat="9.001937" lon="-79.565784">
        <time>2026-08-13T11:46:23Z</time>
      </trkpt>
      <trkpt lat="9.001945" lon="-79.565784">
        <time>2026-08-13T11:46:24Z</time>
      </trkpt>
      <trkpt lat="9.001959" lon="-79.565783">
        <time>2026-08-13T11:46:25Z</time>
      </trkpt>
      <trkpt lat="9.001970" lon="-79.565785">
        <time>2026-08-13T11:46:26Z</time>
      </trkpt>
      <trkpt lat="9.001982" lon="-79.565784">
        <time>2026-08-13T11:46:27Z</time>
      </trkpt>
      <trkpt lat="9.001994" lon="-79.565785">
        <time>2026-08-13T11:46:28Z</time>
      </trkpt>
      <trkpt lat="9.002008" lon="-79.565789">
        <time>2026-08-13T11:46:29Z</time>
      </trkpt>
      <trkpt lat="9.002020" lon="-79.565791">
        <time>2026-08-13T11:46:30Z</time>
      </trkpt>
      <trkpt lat="9.002035" lon="-79.565789">
        <time>2026-08-13T11:46:31Z</time>
      </trkpt>
      <trkpt lat="9.002049" lon="-79.565787">
        <time>2026-08-13T11:46:32Z</time>
      </trkpt>
      <trkpt lat="9.002061" lon="-79.565787">
        <time>2026-08-13T11:46:33Z</time>
      </trkpt>
      <trkpt lat="9.002074" lon="-79.565788">
        <time>2026-08-13T11:46:34Z</time>
      </trkpt>
      <trkpt lat="9.002086" lon="-79.565791">
        <time>2026-08-13T11:46:35Z</time>
      </trkpt>
      <trkpt lat="9.002095" lon="-79.565794">
        <time>2026-08-13T11:46:36Z</time>
      </trkpt>
      <trkpt lat="9.002102" lon="-79.565795">
        <time>2026-08-13T11:46:37Z</time>
      </trkpt>
      <trkpt lat="9.002109" lon="-79.565795">
        <time>2026-08-13T11:46:38Z</time>
      </trkpt>
      <trkpt lat="9.002117" lon="-79.565798">
        <time>2026-08-13T11:46:39Z</time>
      </trkpt>
      <trkpt lat="9.002128" lon="-79.565800">
        <time>2026-08-13T11:46:40Z</time>
      </trkpt>
      <trkpt lat="9.002142" lon="-79.565801">
        <time>2026-08-13T11:46:41Z</time>
      </trkpt>
      <trkpt lat="9.002164" lon="-79.565800">
        <time>2026-08-13T11:46:43Z</time>
      </trkpt>
      <trkpt lat="9.002174" lon="-79.565797">
        <time>2026-08-13T11:46:44Z</time>
      </trkpt>
      <trkpt lat="9.002183" lon="-79.565796">
        <time>2026-08-13T11:46:45Z</time>
      </trkpt>
      <trkpt lat="9.002191" lon="-79.565796">
        <time>2026-08-13T11:46:46Z</time>
      </trkpt>
      <trkpt lat="9.002201" lon="-79.565797">
        <time>2026-08-13T11:46:47Z</time>
      </trkpt>
      <trkpt lat="9.002221" lon="-79.565802">
        <time>2026-08-13T11:46:48Z</time>
      </trkpt>
      <trkpt lat="9.002230" lon="-79.565803">
        <time>2026-08-13T11:46:49Z</time>
      </trkpt>
      <trkpt lat="9.002242" lon="-79.565806">
        <time>2026-08-13T11:46:50Z</time>
      </trkpt>
      <trkpt lat="9.002259" lon="-79.565807">
        <time>2026-08-13T11:46:51Z</time>
      </trkpt>
      <trkpt lat="9.002301" lon="-79.565814">
        <time>2026-08-13T11:46:53Z</time>
      </trkpt>
      <trkpt lat="9.002317" lon="-79.565818">
        <time>2026-08-13T11:46:54Z</time>
      </trkpt>
      <trkpt lat="9.002327" lon="-79.565821">
        <time>2026-08-13T11:46:55Z</time>
      </trkpt>
      <trkpt lat="9.002347" lon="-79.565828">
        <time>2026-08-13T11:46:57Z</time>
      </trkpt>
      <trkpt lat="9.002360" lon="-79.565833">
        <time>2026-08-13T11:46:58Z</time>
      </trkpt>
      <trkpt lat="9.002371" lon="-79.565835">
        <time>2026-08-13T11:46:59Z</time>
      </trkpt>
      <trkpt lat="9.002384" lon="-79.565839">
        <time>2026-08-13T11:47:00Z</time>
      </trkpt>
      <trkpt lat="9.002394" lon="-79.565839">
        <time>2026-08-13T11:47:01Z</time>
      </trkpt>
      <trkpt lat="9.002408" lon="-79.565841">
        <time>2026-08-13T11:47:02Z</time>
      </trkpt>
      <trkpt lat="9.002419" lon="-79.565841">
        <time>2026-08-13T11:47:03Z</time>
      </trkpt>
      <trkpt lat="9.002430" lon="-79.565839">
        <time>2026-08-13T11:47:04Z</time>
      </trkpt>
      <trkpt lat="9.002464" lon="-79.565841">
        <time>2026-08-13T11:47:07Z</time>
      </trkpt>
      <trkpt lat="9.002474" lon="-79.565841">
        <time>2026-08-13T11:47:08Z</time>
      </trkpt>
      <trkpt lat="9.002474" lon="-79.565841">
        <time>2026-08-13T11:47:09Z</time>
      </trkpt>
      <trkpt lat="9.002511" lon="-79.565847">
        <time>2026-08-13T11:47:11Z</time>
      </trkpt>
      <trkpt lat="9.002522" lon="-79.565847">
        <time>2026-08-13T11:47:12Z</time>
      </trkpt>
      <trkpt lat="9.002540" lon="-79.565848">
        <time>2026-08-13T11:47:13Z</time>
      </trkpt>
      <trkpt lat="9.002551" lon="-79.565849">
        <time>2026-08-13T11:47:14Z</time>
      </trkpt>
      <trkpt lat="9.002568" lon="-79.565856">
        <time>2026-08-13T11:47:15Z</time>
      </trkpt>
      <trkpt lat="9.002583" lon="-79.565858">
        <time>2026-08-13T11:47:16Z</time>
      </trkpt>
      <trkpt lat="9.002603" lon="-79.565860">
        <time>2026-08-13T11:47:17Z</time>
      </trkpt>
      <trkpt lat="9.002618" lon="-79.565861">
        <time>2026-08-13T11:47:18Z</time>
      </trkpt>
      <trkpt lat="9.002632" lon="-79.565862">
        <time>2026-08-13T11:47:19Z</time>
      </trkpt>
      <trkpt lat="9.002642" lon="-79.565861">
        <time>2026-08-13T11:47:20Z</time>
      </trkpt>
      <trkpt lat="9.002653" lon="-79.565862">
        <time>2026-08-13T11:47:21Z</time>
      </trkpt>
      <trkpt lat="9.002660" lon="-79.565864">
        <time>2026-08-13T11:47:22Z</time>
      </trkpt>
      <trkpt lat="9.002668" lon="-79.565864">
        <time>2026-08-13T11:47:23Z</time>
      </trkpt>
      <trkpt lat="9.002682" lon="-79.565866">
        <time>2026-08-13T11:47:24Z</time>
      </trkpt>
      <trkpt lat="9.002695" lon="-79.565865">
        <time>2026-08-13T11:47:25Z</time>
      </trkpt>
      <trkpt lat="9.002704" lon="-79.565866">
        <time>2026-08-13T11:47:26Z</time>
      </trkpt>
      <trkpt lat="9.002715" lon="-79.565872">
        <time>2026-08-13T11:47:27Z</time>
      </trkpt>
      <trkpt lat="9.002726" lon="-79.565872">
        <time>2026-08-13T11:47:28Z</time>
      </trkpt>
      <trkpt lat="9.002736" lon="-79.565871">
        <time>2026-08-13T11:47:29Z</time>
      </trkpt>
      <trkpt lat="9.002749" lon="-79.565871">
        <time>2026-08-13T11:47:30Z</time>
      </trkpt>
      <trkpt lat="9.002764" lon="-79.565874">
        <time>2026-08-13T11:47:31Z</time>
      </trkpt>
      <trkpt lat="9.002779" lon="-79.565876">
        <time>2026-08-13T11:47:32Z</time>
      </trkpt>
      <trkpt lat="9.002799" lon="-79.565877">
        <time>2026-08-13T11:47:33Z</time>
      </trkpt>
      <trkpt lat="9.002814" lon="-79.565880">
        <time>2026-08-13T11:47:34Z</time>
      </trkpt>
      <trkpt lat="9.002834" lon="-79.565879">
        <time>2026-08-13T11:47:36Z</time>
      </trkpt>
      <trkpt lat="9.002870" lon="-79.565879">
        <time>2026-08-13T11:47:38Z</time>
      </trkpt>
      <trkpt lat="9.002888" lon="-79.565880">
        <time>2026-08-13T11:47:39Z</time>
      </trkpt>
      <trkpt lat="9.002903" lon="-79.565874">
        <time>2026-08-13T11:47:40Z</time>
      </trkpt>
      <trkpt lat="9.002917" lon="-79.565865">
        <time>2026-08-13T11:47:41Z</time>
      </trkpt>
      <trkpt lat="9.002923" lon="-79.565854">
        <time>2026-08-13T11:47:43Z</time>
      </trkpt>
      <trkpt lat="9.002923" lon="-79.565854">
        <time>2026-08-13T11:47:44Z</time>
      </trkpt>
      <trkpt lat="9.002923" lon="-79.565854">
        <time>2026-08-13T11:47:45Z</time>
      </trkpt>
      <trkpt lat="9.002923" lon="-79.565854">
        <time>2026-08-13T11:47:46Z</time>
      </trkpt>
      <trkpt lat="9.002914" lon="-79.565848">
        <time>2026-08-13T11:47:48Z</time>
      </trkpt>
      <trkpt lat="9.002914" lon="-79.565846">
        <time>2026-08-13T11:47:49Z</time>
      </trkpt>
      <trkpt lat="9.002914" lon="-79.565844">
        <time>2026-08-13T11:47:50Z</time>
      </trkpt>
      <trkpt lat="9.002915" lon="-79.565840">
        <time>2026-08-13T11:47:51Z</time>
      </trkpt>
      <trkpt lat="9.002915" lon="-79.565828">
        <time>2026-08-13T11:47:52Z</time>
      </trkpt>
      <trkpt lat="9.002916" lon="-79.565815">
        <time>2026-08-13T11:47:53Z</time>
      </trkpt>
      <trkpt lat="9.002918" lon="-79.565808">
        <time>2026-08-13T11:47:54Z</time>
      </trkpt>
      <trkpt lat="9.002917" lon="-79.565800">
        <time>2026-08-13T11:47:55Z</time>
      </trkpt>
      <trkpt lat="9.002916" lon="-79.565793">
        <time>2026-08-13T11:47:56Z</time>
      </trkpt>
      <trkpt lat="9.002911" lon="-79.565786">
        <time>2026-08-13T11:47:57Z</time>
      </trkpt>
      <trkpt lat="9.002909" lon="-79.565781">
        <time>2026-08-13T11:47:58Z</time>
      </trkpt>
      <trkpt lat="9.002903" lon="-79.565775">
        <time>2026-08-13T11:47:59Z</time>
      </trkpt>
      <trkpt lat="9.002907" lon="-79.565773">
        <time>2026-08-13T11:48:00Z</time>
      </trkpt>
      <trkpt lat="9.002908" lon="-79.565772">
        <time>2026-08-13T11:48:01Z</time>
      </trkpt>
      <trkpt lat="9.002908" lon="-79.565773">
        <time>2026-08-13T11:48:02Z</time>
      </trkpt>
      <trkpt lat="9.002903" lon="-79.565767">
        <time>2026-08-13T11:48:03Z</time>
      </trkpt>
      <trkpt lat="9.002903" lon="-79.565767">
        <time>2026-08-13T11:48:04Z</time>
      </trkpt>
      <trkpt lat="9.002903" lon="-79.565767">
        <time>2026-08-13T11:48:05Z</time>
      </trkpt>
      <trkpt lat="9.002903" lon="-79.565767">
        <time>2026-08-13T11:48:06Z</time>
      </trkpt>
      <trkpt lat="9.002903" lon="-79.565767">
        <time>2026-08-13T11:48:07Z</time>
      </trkpt>
      <trkpt lat="9.002903" lon="-79.565767">
        <time>2026-08-13T11:48:08Z</time>
      </trkpt>
      <trkpt lat="9.002903" lon="-79.565767">
        <time>2026-08-13T11:48:09Z</time>
      </trkpt>
      <trkpt lat="9.002903" lon="-79.565767">
        <time>2026-08-13T11:48:10Z</time>
      </trkpt>
      <trkpt lat="9.002902" lon="-79.565768">
        <time>2026-08-13T11:48:11Z</time>
      </trkpt>
      <trkpt lat="9.002907" lon="-79.565770">
        <time>2026-08-13T11:48:12Z</time>
      </trkpt>
      <trkpt lat="9.002910" lon="-79.565777">
        <time>2026-08-13T11:48:13Z</time>
      </trkpt>
      <trkpt lat="9.002909" lon="-79.565778">
        <time>2026-08-13T11:48:14Z</time>
      </trkpt>
      <trkpt lat="9.002911" lon="-79.565781">
        <time>2026-08-13T11:48:19Z</time>
      </trkpt>
      <trkpt lat="9.002911" lon="-79.565781">
        <time>2026-08-13T11:48:20Z</time>
      </trkpt>
      <trkpt lat="9.002911" lon="-79.565781">
        <time>2026-08-13T11:48:21Z</time>
      </trkpt>
      <trkpt lat="9.002911" lon="-79.565781">
        <time>2026-08-13T11:48:22Z</time>
      </trkpt>
      <trkpt lat="9.002911" lon="-79.565781">
        <time>2026-08-13T11:48:23Z</time>
      </trkpt>
      <trkpt lat="9.002911" lon="-79.565781">
        <time>2026-08-13T11:48:24Z</time>
      </trkpt>
      <trkpt lat="9.002910" lon="-79.565795">
        <time>2026-08-13T11:48:25Z</time>
      </trkpt>
      <trkpt lat="9.002910" lon="-79.565795">
        <time>2026-08-13T11:48:26Z</time>
      </trkpt>
      <trkpt lat="9.002910" lon="-79.565795">
        <time>2026-08-13T11:48:27Z</time>
      </trkpt>
      <trkpt lat="9.002910" lon="-79.565795">
        <time>2026-08-13T11:48:28Z</time>
      </trkpt>
      <trkpt lat="9.002910" lon="-79.565795">
        <time>2026-08-13T11:48:29Z</time>
      </trkpt>
      <trkpt lat="9.002910" lon="-79.565795">
        <time>2026-08-13T11:48:30Z</time>
      </trkpt>
      <trkpt lat="9.002910" lon="-79.565795">
        <time>2026-08-13T11:48:31Z</time>
      </trkpt>
      <trkpt lat="9.002910" lon="-79.565795">
        <time>2026-08-13T11:48:32Z</time>
      </trkpt>
      <trkpt lat="9.002910" lon="-79.565795">
        <time>2026-08-13T11:48:33Z</time>
      </trkpt>
      <trkpt lat="9.002910" lon="-79.565795">
        <time>2026-08-13T11:48:34Z</time>
      </trkpt>
      <trkpt lat="9.002910" lon="-79.565795">
        <time>2026-08-13T11:48:35Z</time>
      </trkpt>
      <trkpt lat="9.002912" lon="-79.565801">
        <time>2026-08-13T11:48:36Z</time>
      </trkpt>
      <trkpt lat="9.002920" lon="-79.565816">
        <time>2026-08-13T11:48:37Z</time>
      </trkpt>
      <trkpt lat="9.002920" lon="-79.565816">
        <time>2026-08-13T11:48:38Z</time>
      </trkpt>
      <trkpt lat="9.002920" lon="-79.565816">
        <time>2026-08-13T11:48:39Z</time>
      </trkpt>
      <trkpt lat="9.002920" lon="-79.565816">
        <time>2026-08-13T11:48:40Z</time>
      </trkpt>
      <trkpt lat="9.002920" lon="-79.565816">
        <time>2026-08-13T11:48:41Z</time>
      </trkpt>
      <trkpt lat="9.002920" lon="-79.565816">
        <time>2026-08-13T11:48:42Z</time>
      </trkpt>
      <trkpt lat="9.002920" lon="-79.565816">
        <time>2026-08-13T11:48:43Z</time>
      </trkpt>
      <trkpt lat="9.002920" lon="-79.565816">
        <time>2026-08-13T11:48:44Z</time>
      </trkpt>
      <trkpt lat="9.002916" lon="-79.565808">
        <time>2026-08-13T11:48:45Z</time>
      </trkpt>
      <trkpt lat="9.002920" lon="-79.565816">
        <time>2026-08-13T11:48:46Z</time>
      </trkpt>
      <trkpt lat="9.002920" lon="-79.565816">
        <time>2026-08-13T11:48:47Z</time>
      </trkpt>
      <trkpt lat="9.002920" lon="-79.565816">
        <time>2026-08-13T11:48:48Z</time>
      </trkpt>
      <trkpt lat="9.002920" lon="-79.565816">
        <time>2026-08-13T11:48:49Z</time>
      </trkpt>
      <trkpt lat="9.002920" lon="-79.565816">
        <time>2026-08-13T11:48:50Z</time>
      </trkpt>
      <trkpt lat="9.002920" lon="-79.565816">
        <time>2026-08-13T11:48:51Z</time>
      </trkpt>
      <trkpt lat="9.002920" lon="-79.565816">
        <time>2026-08-13T11:48:52Z</time>
      </trkpt>
    </trkseg>
  </trk>
</gpx>
