<?xml version="1.0" encoding="UTF-8"?>
<gpx version="1.1" creator="FitFilter" xmlns="http://www.topografix.com/GPX/1/1" xmlns:xsi="http://www.w3.org/2001/XMLSchema-instance" xsi:schemaLocation="http://www.topografix.com/GPX/1/1 http://www.topografix.com/GPX/1/1/gpx.xsd">
  <metadata>
    <time>2026-08-19T20:18:18Z</time>
  </metadata>
  <trk>
    <name>Running - 2026-08-19 20:18</name>
    <type>running</type>
    <trkseg>
      <trkpt lat="8.599366" lon="-80.133760">
        <time>2026-08-19T20:18:18Z</time>
      </trkpt>
      <trkpt lat="8.599376" lon="-80.133763">
        <time>2026-08-19T20:18:19Z</time>
      </trkpt>
      <trkpt lat="8.599386" lon="-80.133766">
        <time>2026-08-19T20:18:20Z</time>
      </trkpt>
      <trkpt lat="8.599398" lon="-80.133766">
        <time>2026-08-19T20:18:21Z</time>
      </trkpt>
      <trkpt lat="8.599408" lon="-80.133763">
        <time>2026-08-19T20:18:22Z</time>
      </trkpt>
      <trkpt lat="8.599418" lon="-80.133761">
        <time>2026-08-19T20:18:23Z</time>
      </trkpt>
      <trkpt lat="8.599428" lon="-80.133762">
        <time>2026-08-19T20:18:24Z</time>
      </trkpt>
      <trkpt lat="8.599438" lon="-80.133760">
        <time>2026-08-19T20:18:25Z</time>
      </trkpt>
      <trkpt lat="8.599449" lon="-80.133757">
        <time>2026-08-19T20:18:26Z</time>
      </trkpt>
      <trkpt lat="8.599458" lon="-80.133758">
        <time>2026-08-19T20:18:27Z</time>
      </trkpt>
      <trkpt lat="8.599467" lon="-80.133760">
        <time>2026-08-19T20:18:28Z</time>
      </trkpt>
      <trkpt lat="8.599469" lon="-80.133764">
        <time>2026-08-19T20:18:29Z</time>
      </trkpt>
      <trkpt lat="8.599470" lon="-80.133768">
        <time>2026-08-19T20:18:30Z</time>
      </trkpt>
      <trkpt lat="8.599467" lon="-80.133777">
        <time>2026-08-19T20:18:31Z</time>
      </trkpt>
      <trkpt lat="8.599465" lon="-80.133789">
        <time>2026-08-19T20:18:32Z</time>
      </trkpt>
      <trkpt lat="8.599464" lon="-80.133801">
        <time>2026-08-19T20:18:33Z</time>
      </trkpt>
      <trkpt lat="8.599467" lon="-80.133812">
        <time>2026-08-19T20:18:34Z</time>
      </trkpt>
      <trkpt lat="8.599466" lon="-80.133826">
        <time>2026-08-19T20:18:35Z</time>
      </trkpt>
      <trkpt lat="8.599467" lon="-80.133845">
        <time>2026-08-19T20:18:36Z</time>
      </trkpt>
      <trkpt lat="8.599466" lon="-80.133860">
        <time>2026-08-19T20:18:37Z</time>
      </trkpt>
      <trkpt lat="8.599466" lon="-80.133874">
        <time>2026-08-19T20:18:38Z</time>
      </trkpt>
      <trkpt lat="8.599468" lon="-80.133894">
        <time>2026-08-19T20:18:39Z</time>
      </trkpt>
      <trkpt lat="8.599469" lon="-80.133911">
        <time>2026-08-19T20:18:40Z</time>
      </trkpt>
      <trkpt lat="8.599468" lon="-80.133928">
        <time>2026-08-19T20:18:41Z</time>
      </trkpt>
      <trkpt lat="8.599470" lon="-80.133945">
        <time>2026-08-19T20:18:42Z</time>
      </trkpt>
      <trkpt lat="8.599471" lon="-80.133964">
        <time>2026-08-19T20:18:43Z</time>
      </trkpt>
      <trkpt lat="8.599471" lon="-80.133980">
        <time>2026-08-19T20:18:44Z</time>
      </trkpt>
      <trkpt lat="8.599475" lon="-80.133995">
        <time>2026-08-19T20:18:45Z</time>
      </trkpt>
      <trkpt lat="8.599478" lon="-80.134010">
        <time>2026-08-19T20:18:46Z</time>
      </trkpt>
      <trkpt lat="8.599478" lon="-80.134025">
        <time>2026-08-19T20:18:47Z</time>
      </trkpt>
      <trkpt lat="8.599480" lon="-80.134040">
        <time>2026-08-19T20:18:48Z</time>
      </trkpt>
      <trkpt lat="8.599482" lon="-80.134060">
        <time>2026-08-19T20:18:49Z</time>
      </trkpt>
      <trkpt lat="8.599484" lon="-80.134080">
        <time>2026-08-19T20:18:50Z</time>
      </trkpt>
      <trkpt lat="8.599485" lon="-80.134096">
        <time>2026-08-19T20:18:51Z</time>
      </trkpt>
      <trkpt lat="8.599485" lon="-80.134113">
        <time>2026-08-19T20:18:52Z</time>
      </trkpt>
      <trkpt lat="8.599487" lon="-80.134130">
        <time>2026-08-19T20:18:53Z</time>
      </trkpt>
      <trkpt lat="8.599488" lon="-80.134143">
        <time>2026-08-19T20:18:54Z</time>
      </trkpt>
      <trkpt lat="8.599489" lon="-80.134160">
        <time>2026-08-19T20:18:55Z</time>
      </trkpt>
      <trkpt lat="8.599492" lon="-80.134180">
        <time>2026-08-19T20:18:56Z</time>
      </trkpt>
      <trkpt lat="8.599494" lon="-80.134195">
        <time>2026-08-19T20:18:57Z</time>
      </trkpt>
      <trkpt lat="8.599494" lon="-80.134212">
        <time>2026-08-19T20:18:58Z</time>
      </trkpt>
      <trkpt lat="8.599494" lon="-80.134233">
        <time>2026-08-19T20:18:59Z</time>
      </trkpt>
      <trkpt lat="8.599494" lon="-80.134257">
        <time>2026-08-19T20:19:00Z</time>
      </trkpt>
      <trkpt lat="8.599494" lon="-80.134276">
        <time>2026-08-19T20:19:01Z</time>
      </trkpt>
      <trkpt lat="8.599496" lon="-80.134294">
        <time>2026-08-19T20:19:02Z</time>
      </trkpt>
      <trkpt lat="8.599499" lon="-80.134314">
        <time>2026-08-19T20:19:03Z</time>
      </trkpt>
      <trkpt lat="8.599500" lon="-80.134331">
        <time>2026-08-19T20:19:04Z</time>
      </trkpt>
      <trkpt lat="8.599501" lon="-80.134349">
        <time>2026-08-19T20:19:05Z</time>
      </trkpt>
      <trkpt lat="8.599502" lon="-80.134368">
        <time>2026-08-19T20:19:06Z</time>
      </trkpt>
      <trkpt lat="8.599503" lon="-80.134386">
        <time>2026-08-19T20:19:07Z</time>
      </trkpt>
      <trkpt lat="8.599505" lon="-80.134404">
        <time>2026-08-19T20:19:08Z</time>
      </trkpt>
      <trkpt lat="8.599508" lon="-80.134422">
        <time>2026-08-19T20:19:09Z</time>
      </trkpt>
      <trkpt lat="8.599510" lon="-80.134439">
        <time>2026-08-19T20:19:10Z</time>
      </trkpt>
      <trkpt lat="8.599512" lon="-80.134457">
        <time>2026-08-19T20:19:11Z</time>
      </trkpt>
      <trkpt lat="8.599514" lon="-80.134473">
        <time>2026-08-19T20:19:12Z</time>
      </trkpt>
      <trkpt lat="8.599516" lon="-80.134489">
        <time>2026-08-19T20:19:13Z</time>
      </trkpt>
      <trkpt lat="8.599518" lon="-80.134507">
        <time>2026-08-19T20:19:14Z</time>
      </trkpt>
      <trkpt lat="8.599523" lon="-80.134529">
        <time>2026-08-19T20:19:15Z</time>
      </trkpt>
      <trkpt lat="8.599525" lon="-80.134548">
        <time>2026-08-19T20:19:16Z</time>
      </trkpt>
      <trkpt lat="8.599525" lon="-80.134565">
        <time>2026-08-19T20:19:17Z</time>
      </trkpt>
      <trkpt lat="8.599525" lon="-80.134580">
        <time>2026-08-19T20:19:18Z</time>
      </trkpt>
      <trkpt lat="8.599526" lon="-80.134596">
        <time>2026-08-19T20:19:19Z</time>
      </trkpt>
      <trkpt lat="8.599528" lon="-80.134618">
        <time>2026-08-19T20:19:20Z</time>
      </trkpt>
      <trkpt lat="8.599529" lon="-80.134638">
        <time>2026-08-19T20:19:21Z</time>
      </trkpt>
      <trkpt lat="8.599531" lon="-80.134660">
        <time>2026-08-19T20:19:22Z</time>
      </trkpt>
      <trkpt lat="8.599533" lon="-80.134680">
        <time>2026-08-19T20:19:23Z</time>
      </trkpt>
      <trkpt lat="8.599535" lon="-80.134701">
        <time>2026-08-19T20:19:24Z</time>
      </trkpt>
      <trkpt lat="8.599537" lon="-80.134719">
        <time>2026-08-19T20:19:25Z</time>
      </trkpt>
      <trkpt lat="8.599540" lon="-80.134740">
        <time>2026-08-19T20:19:26Z</time>
      </trkpt>
      <trkpt lat="8.599541" lon="-80.134757">
        <time>2026-08-19T20:19:27Z</time>
      </trkpt>
      <trkpt lat="8.599542" lon="-80.134774">
        <time>2026-08-19T20:19:28Z</time>
      </trkpt>
      <trkpt lat="8.599542" lon="-80.134793">
        <time>2026-08-19T20:19:29Z</time>
      </trkpt>
      <trkpt lat="8.599542" lon="-80.134813">
        <time>2026-08-19T20:19:30Z</time>
      </trkpt>
      <trkpt lat="8.599544" lon="-80.134830">
        <time>2026-08-19T20:19:31Z</time>
      </trkpt>
      <trkpt lat="8.599547" lon="-80.134848">
        <time>2026-08-19T20:19:32Z</time>
      </trkpt>
      <trkpt lat="8.599549" lon="-80.134867">
        <time>2026-08-19T20:19:33Z</time>
      </trkpt>
      <trkpt lat="8.599550" lon="-80.134885">
        <time>2026-08-19T20:19:34Z</time>
      </trkpt>
      <trkpt lat="8.599552" lon="-80.134903">
        <time>2026-08-19T20:19:35Z</time>
      </trkpt>
      <trkpt lat="8.599555" lon="-80.134923">
        <time>2026-08-19T20:19:36Z</time>
      </trkpt>
      <trkpt lat="8.599559" lon="-80.134945">
        <time>2026-08-19T20:19:37Z</time>
      </trkpt>
      <trkpt lat="8.599557" lon="-80.134965">
        <time>2026-08-19T20:19:38Z</time>
      </trkpt>
      <trkpt lat="8.599560" lon="-80.134985">
        <time>2026-08-19T20:19:39Z</time>
      </trkpt>
      <trkpt lat="8.599561" lon="-80.135004">
        <time>2026-08-19T20:19:40Z</time>
      </trkpt>
      <trkpt lat="8.599563" lon="-80.135022">
        <time>2026-08-19T20:19:41Z</time>
      </trkpt>
      <trkpt lat="8.599566" lon="-80.135039">
        <time>2026-08-19T20:19:42Z</time>
      </trkpt>
      <trkpt lat="8.599567" lon="-80.135057">
        <time>2026-08-19T20:19:43Z</time>
      </trkpt>
      <trkpt lat="8.599567" lon="-80.135076">
        <time>2026-08-19T20:19:44Z</time>
      </trkpt>
      <trkpt lat="8.599569" lon="-80.135093">
        <time>2026-08-19T20:19:45Z</time>
      </trkpt>
      <trkpt lat="8.599571" lon="-80.135112">
        <time>2026-08-19T20:19:46Z</time>
      </trkpt>
      <trkpt lat="8.599574" lon="-80.135129">
        <time>2026-08-19T20:19:47Z</time>
      </trkpt>
      <trkpt lat="8.599575" lon="-80.135146">
        <time>2026-08-19T20:19:48Z</time>
      </trkpt>
      <trkpt lat="8.599579" lon="-80.135166">
        <time>2026-08-19T20:19:49Z</time>
      </trkpt>
      <trkpt lat="8.599577" lon="-80.135182">
        <time>2026-08-19T20:19:50Z</time>
      </trkpt>
      <trkpt lat="8.599579" lon="-80.135200">
        <time>2026-08-19T20:19:51Z</time>
      </trkpt>
      <trkpt lat="8.599580" lon="-80.135220">
        <time>2026-08-19T20:19:52Z</time>
      </trkpt>
      <trkpt lat="8.599581" lon="-80.135238">
        <time>2026-08-19T20:19:53Z</time>
      </trkpt>
      <trkpt lat="8.599581" lon="-80.135257">
        <time>2026-08-19T20:19:54Z</time>
      </trkpt>
      <trkpt lat="8.599581" lon="-80.135275">
        <time>2026-08-19T20:19:55Z</time>
      </trkpt>
      <trkpt lat="8.599583" lon="-80.135294">
        <time>2026-08-19T20:19:56Z</time>
      </trkpt>
      <trkpt lat="8.599585" lon="-80.135311">
        <time>2026-08-19T20:19:57Z</time>
      </trkpt>
      <trkpt lat="8.599588" lon="-80.135332">
        <time>2026-08-19T20:19:58Z</time>
      </trkpt>
      <trkpt lat="8.599589" lon="-80.135352">
        <time>2026-08-19T20:19:59Z</time>
      </trkpt>
      <trkpt lat="8.599589" lon="-80.135375">
        <time>2026-08-19T20:20:00Z</time>
      </trkpt>
      <trkpt lat="8.599589" lon="-80.135398">
        <time>2026-08-19T20:20:01Z</time>
      </trkpt>
      <trkpt lat="8.599591" lon="-80.135420">
        <time>2026-08-19T20:20:02Z</time>
      </trkpt>
      <trkpt lat="8.599595" lon="-80.135438">
        <time>2026-08-19T20:20:03Z</time>
      </trkpt>
      <trkpt lat="8.599599" lon="-80.135460">
        <time>2026-08-19T20:20:04Z</time>
      </trkpt>
      <trkpt lat="8.599602" lon="-80.135479">
        <time>2026-08-19T20:20:05Z</time>
      </trkpt>
      <trkpt lat="8.599602" lon="-80.135496">
        <time>2026-08-19T20:20:06Z</time>
      </trkpt>
      <trkpt lat="8.599605" lon="-80.135517">
        <time>2026-08-19T20:20:07Z</time>
      </trkpt>
      <trkpt lat="8.599608" lon="-80.135538">
        <time>2026-08-19T20:20:08Z</time>
      </trkpt>
      <trkpt lat="8.599609" lon="-80.135554">
        <time>2026-08-19T20:20:09Z</time>
      </trkpt>
      <trkpt lat="8.599609" lon="-80.135572">
        <time>2026-08-19T20:20:10Z</time>
      </trkpt>
      <trkpt lat="8.599613" lon="-80.135589">
        <time>2026-08-19T20:20:11Z</time>
      </trkpt>
      <trkpt lat="8.599615" lon="-80.135607">
        <time>2026-08-19T20:20:12Z</time>
      </trkpt>
      <trkpt lat="8.599617" lon="-80.135628">
        <time>2026-08-19T20:20:13Z</time>
      </trkpt>
      <trkpt lat="8.599619" lon="-80.135649">
        <time>2026-08-19T20:20:14Z</time>
      </trkpt>
      <trkpt lat="8.599620" lon="-80.135669">
        <time>2026-08-19T20:20:15Z</time>
      </trkpt>
      <trkpt lat="8.599621" lon="-80.135691">
        <time>2026-08-19T20:20:16Z</time>
      </trkpt>
      <trkpt lat="8.599626" lon="-80.135713">
        <time>2026-08-19T20:20:17Z</time>
      </trkpt>
      <trkpt lat="8.599630" lon="-80.135737">
        <time>2026-08-19T20:20:18Z</time>
      </trkpt>
      <trkpt lat="8.599632" lon="-80.135762">
        <time>2026-08-19T20:20:19Z</time>
      </trkpt>
      <trkpt lat="8.599635" lon="-80.135781">
        <time>2026-08-19T20:20:20Z</time>
      </trkpt>
      <trkpt lat="8.599636" lon="-80.135798">
        <time>2026-08-19T20:20:21Z</time>
      </trkpt>
      <trkpt lat="8.599636" lon="-80.135815">
        <time>2026-08-19T20:20:22Z</time>
      </trkpt>
      <trkpt lat="8.599638" lon="-80.135832">
        <time>2026-08-19T20:20:23Z</time>
      </trkpt>
      <trkpt lat="8.599638" lon="-80.135852">
        <time>2026-08-19T20:20:24Z</time>
      </trkpt>
      <trkpt lat="8.599638" lon="-80.135871">
        <time>2026-08-19T20:20:25Z</time>
      </trkpt>
      <trkpt lat="8.599639" lon="-80.135890">
        <time>2026-08-19T20:20:26Z</time>
      </trkpt>
      <trkpt lat="8.599641" lon="-80.135909">
        <time>2026-08-19T20:20:27Z</time>
      </trkpt>
      <trkpt lat="8.599645" lon="-80.135929">
        <time>2026-08-19T20:20:28Z</time>
      </trkpt>
      <trkpt lat="8.599646" lon="-80.135945">
        <time>2026-08-19T20:20:29Z</time>
      </trkpt>
      <trkpt lat="8.599647" lon="-80.135964">
        <time>2026-08-19T20:20:30Z</time>
      </trkpt>
      <trkpt lat="8.599647" lon="-80.135979">
        <time>2026-08-19T20:20:31Z</time>
      </trkpt>
      <trkpt lat="8.599647" lon="-80.135997">
        <time>2026-08-19T20:20:32Z</time>
      </trkpt>
      <trkpt lat="8.599648" lon="-80.136018">
        <time>2026-08-19T20:20:33Z</time>
      </trkpt>
      <trkpt lat="8.599649" lon="-80.136037">
        <time>2026-08-19T20:20:34Z</time>
      </trkpt>
      <trkpt lat="8.599649" lon="-80.136059">
        <time>2026-08-19T20:20:35Z</time>
      </trkpt>
      <trkpt lat="8.599654" lon="-80.136081">
        <time>2026-08-19T20:20:36Z</time>
      </trkpt>
      <trkpt lat="8.599655" lon="-80.136102">
        <time>2026-08-19T20:20:37Z</time>
      </trkpt>
      <trkpt lat="8.599657" lon="-80.136120">
        <time>2026-08-19T20:20:38Z</time>
      </trkpt>
      <trkpt lat="8.599660" lon="-80.136141">
        <time>2026-08-19T20:20:39Z</time>
      </trkpt>
      <trkpt lat="8.599665" lon="-80.136165">
        <time>2026-08-19T20:20:40Z</time>
      </trkpt>
      <trkpt lat="8.599667" lon="-80.136184">
        <time>2026-08-19T20:20:41Z</time>
      </trkpt>
      <trkpt lat="8.599670" lon="-80.136205">
        <time>2026-08-19T20:20:42Z</time>
      </trkpt>
      <trkpt lat="8.599671" lon="-80.136225">
        <time>2026-08-19T20:20:43Z</time>
      </trkpt>
      <trkpt lat="8.599670" lon="-80.136243">
        <time>2026-08-19T20:20:44Z</time>
      </trkpt>
      <trkpt lat="8.599668" lon="-80.136262">
        <time>2026-08-19T20:20:45Z</time>
      </trkpt>
      <trkpt lat="8.599671" lon="-80.136281">
        <time>2026-08-19T20:20:46Z</time>
      </trkpt>
      <trkpt lat="8.599672" lon="-80.136299">
        <time>2026-08-19T20:20:47Z</time>
      </trkpt>
      <trkpt lat="8.599673" lon="-80.136318">
        <time>2026-08-19T20:20:48Z</time>
      </trkpt>
      <trkpt lat="8.599676" lon="-80.136338">
        <time>2026-08-19T20:20:49Z</time>
      </trkpt>
      <trkpt lat="8.599679" lon="-80.136357">
        <time>2026-08-19T20:20:50Z</time>
      </trkpt>
      <trkpt lat="8.599678" lon="-80.136371">
        <time>2026-08-19T20:20:51Z</time>
      </trkpt>
      <trkpt lat="8.599679" lon="-80.136387">
        <time>2026-08-19T20:20:52Z</time>
      </trkpt>
      <trkpt lat="8.599680" lon="-80.136406">
        <time>2026-08-19T20:20:53Z</time>
      </trkpt>
      <trkpt lat="8.599682" lon="-80.136422">
        <time>2026-08-19T20:20:54Z</time>
      </trkpt>
      <trkpt lat="8.599682" lon="-80.136440">
        <time>2026-08-19T20:20:55Z</time>
      </trkpt>
      <trkpt lat="8.599683" lon="-80.136460">
        <time>2026-08-19T20:20:56Z</time>
      </trkpt>
      <trkpt lat="8.599682" lon="-80.136478">
        <time>2026-08-19T20:20:57Z</time>
      </trkpt>
      <trkpt lat="8.599683" lon="-80.136496">
        <time>2026-08-19T20:20:58Z</time>
      </trkpt>
      <trkpt lat="8.599683" lon="-80.136516">
        <time>2026-08-19T20:20:59Z</time>
      </trkpt>
      <trkpt lat="8.599682" lon="-80.136534">
        <time>2026-08-19T20:21:00Z</time>
      </trkpt>
      <trkpt lat="8.599684" lon="-80.136552">
        <time>2026-08-19T20:21:01Z</time>
      </trkpt>
      <trkpt lat="8.599686" lon="-80.136570">
        <time>2026-08-19T20:21:02Z</time>
      </trkpt>
      <trkpt lat="8.599687" lon="-80.136587">
        <time>2026-08-19T20:21:03Z</time>
      </trkpt>
      <trkpt lat="8.599689" lon="-80.136608">
        <time>2026-08-19T20:21:04Z</time>
      </trkpt>
      <trkpt lat="8.599693" lon="-80.136629">
        <time>2026-08-19T20:21:05Z</time>
      </trkpt>
      <trkpt lat="8.599695" lon="-80.136653">
        <time>2026-08-19T20:21:06Z</time>
      </trkpt>
      <trkpt lat="8.599697" lon="-80.136673">
        <time>2026-08-19T20:21:07Z</time>
      </trkpt>
      <trkpt lat="8.599699" lon="-80.136695">
        <time>2026-08-19T20:21:08Z</time>
      </trkpt>
      <trkpt lat="8.599704" lon="-80.136718">
        <time>2026-08-19T20:21:09Z</time>
      </trkpt>
      <trkpt lat="8.599704" lon="-80.136737">
        <time>2026-08-19T20:21:10Z</time>
      </trkpt>
      <trkpt lat="8.599704" lon="-80.136755">
        <time>2026-08-19T20:21:11Z</time>
      </trkpt>
      <trkpt lat="8.599707" lon="-80.136775">
        <time>2026-08-19T20:21:12Z</time>
      </trkpt>
      <trkpt lat="8.599710" lon="-80.136795">
        <time>2026-08-19T20:21:13Z</time>
      </trkpt>
      <trkpt lat="8.599712" lon="-80.136815">
        <time>2026-08-19T20:21:14Z</time>
      </trkpt>
      <trkpt lat="8.599718" lon="-80.136838">
        <time>2026-08-19T20:21:15Z</time>
      </trkpt>
      <trkpt lat="8.599723" lon="-80.136859">
        <time>2026-08-19T20:21:16Z</time>
      </trkpt>
      <trkpt lat="8.599726" lon="-80.136880">
        <time>2026-08-19T20:21:17Z</time>
      </trkpt>
      <trkpt lat="8.599732" lon="-80.136900">
        <time>2026-08-19T20:21:18Z</time>
      </trkpt>
      <trkpt lat="8.599738" lon="-80.136923">
        <time>2026-08-19T20:21:19Z</time>
      </trkpt>
      <trkpt lat="8.599742" lon="-80.136945">
        <time>2026-08-19T20:21:20Z</time>
      </trkpt>
      <trkpt lat="8.599748" lon="-80.136963">
        <time>2026-08-19T20:21:21Z</time>
      </trkpt>
      <trkpt lat="8.599753" lon="-80.136981">
        <time>2026-08-19T20:21:22Z</time>
      </trkpt>
      <trkpt lat="8.599757" lon="-80.137001">
        <time>2026-08-19T20:21:23Z</time>
      </trkpt>
      <trkpt lat="8.599762" lon="-80.137020">
        <time>2026-08-19T20:21:24Z</time>
      </trkpt>
      <trkpt lat="8.599765" lon="-80.137039">
        <time>2026-08-19T20:21:25Z</time>
      </trkpt>
      <trkpt lat="8.599770" lon="-80.137057">
        <time>2026-08-19T20:21:26Z</time>
      </trkpt>
      <trkpt lat="8.599775" lon="-80.137076">
        <time>2026-08-19T20:21:27Z</time>
      </trkpt>
      <trkpt lat="8.599779" lon="-80.137097">
        <time>2026-08-19T20:21:28Z</time>
      </trkpt>
      <trkpt lat="8.599779" lon="-80.137114">
        <time>2026-08-19T20:21:29Z</time>
      </trkpt>
      <trkpt lat="8.599780" lon="-80.137135">
        <time>2026-08-19T20:21:30Z</time>
      </trkpt>
      <trkpt lat="8.599781" lon="-80.137158">
        <time>2026-08-19T20:21:31Z</time>
      </trkpt>
      <trkpt lat="8.599780" lon="-80.137177">
        <time>2026-08-19T20:21:32Z</time>
      </trkpt>
      <trkpt lat="8.599781" lon="-80.137200">
        <time>2026-08-19T20:21:33Z</time>
      </trkpt>
      <trkpt lat="8.599781" lon="-80.137224">
        <time>2026-08-19T20:21:34Z</time>
      </trkpt>
      <trkpt lat="8.599780" lon="-80.137244">
        <time>2026-08-19T20:21:35Z</time>
      </trkpt>
      <trkpt lat="8.599783" lon="-80.137268">
        <time>2026-08-19T20:21:36Z</time>
      </trkpt>
      <trkpt lat="8.599789" lon="-80.137295">
        <time>2026-08-19T20:21:37Z</time>
      </trkpt>
      <trkpt lat="8.599796" lon="-80.137324">
        <time>2026-08-19T20:21:38Z</time>
      </trkpt>
      <trkpt lat="8.599807" lon="-80.137346">
        <time>2026-08-19T20:21:39Z</time>
      </trkpt>
      <trkpt lat="8.599824" lon="-80.137369">
        <time>2026-08-19T20:21:40Z</time>
      </trkpt>
      <trkpt lat="8.599842" lon="-80.137384">
        <time>2026-08-19T20:21:41Z</time>
      </trkpt>
      <trkpt lat="8.599869" lon="-80.137399">
        <time>2026-08-19T20:21:42Z</time>
      </trkpt>
      <trkpt lat="8.599907" lon="-80.137409">
        <time>2026-08-19T20:21:43Z</time>
      </trkpt>
      <trkpt lat="8.599946" lon="-80.137410">
        <time>2026-08-19T20:21:44Z</time>
      </trkpt>
      <trkpt lat="8.599972" lon="-80.137408">
        <time>2026-08-19T20:21:45Z</time>
      </trkpt>
      <trkpt lat="8.599998" lon="-80.137408">
        <time>2026-08-19T20:21:46Z</time>
      </trkpt>
      <trkpt lat="8.600028" lon="-80.137405">
        <time>2026-08-19T20:21:47Z</time>
      </trkpt>
      <trkpt lat="8.600052" lon="-80.137403">
        <time>2026-08-19T20:21:48Z</time>
      </trkpt>
      <trkpt lat="8.600073" lon="-80.137403">
        <time>2026-08-19T20:21:49Z</time>
      </trkpt>
      <trkpt lat="8.600095" lon="-80.137401">
        <time>2026-08-19T20:21:50Z</time>
      </trkpt>
      <trkpt lat="8.600114" lon="-80.137401">
        <time>2026-08-19T20:21:51Z</time>
      </trkpt>
      <trkpt lat="8.600133" lon="-80.137398">
        <time>2026-08-19T20:21:52Z</time>
      </trkpt>
      <trkpt lat="8.600151" lon="-80.137396">
        <time>2026-08-19T20:21:53Z</time>
      </trkpt>
      <trkpt lat="8.600169" lon="-80.137396">
        <time>2026-08-19T20:21:54Z</time>
      </trkpt>
      <trkpt lat="8.600191" lon="-80.137392">
        <time>2026-08-19T20:21:55Z</time>
      </trkpt>
      <trkpt lat="8.600212" lon="-80.137390">
        <time>2026-08-19T20:21:56Z</time>
      </trkpt>
      <trkpt lat="8.600232" lon="-80.137388">
        <time>2026-08-19T20:21:57Z</time>
      </trkpt>
      <trkpt lat="8.600255" lon="-80.137387">
        <time>2026-08-19T20:21:58Z</time>
      </trkpt>
      <trkpt lat="8.600279" lon="-80.137383">
        <time>2026-08-19T20:21:59Z</time>
      </trkpt>
      <trkpt lat="8.600302" lon="-80.137383">
        <time>2026-08-19T20:22:00Z</time>
      </trkpt>
      <trkpt lat="8.600322" lon="-80.137382">
        <time>2026-08-19T20:22:01Z</time>
      </trkpt>
      <trkpt lat="8.600340" lon="-80.137381">
        <time>2026-08-19T20:22:02Z</time>
      </trkpt>
      <trkpt lat="8.600359" lon="-80.137378">
        <time>2026-08-19T20:22:03Z</time>
      </trkpt>
      <trkpt lat="8.600378" lon="-80.137375">
        <time>2026-08-19T20:22:04Z</time>
      </trkpt>
      <trkpt lat="8.600399" lon="-80.137367">
        <time>2026-08-19T20:22:05Z</time>
      </trkpt>
      <trkpt lat="8.600420" lon="-80.137363">
        <time>2026-08-19T20:22:06Z</time>
      </trkpt>
      <trkpt lat="8.600438" lon="-80.137361">
        <time>2026-08-19T20:22:07Z</time>
      </trkpt>
      <trkpt lat="8.600457" lon="-80.137355">
        <time>2026-08-19T20:22:08Z</time>
      </trkpt>
      <trkpt lat="8.600479" lon="-80.137350">
        <time>2026-08-19T20:22:09Z</time>
      </trkpt>
      <trkpt lat="8.600497" lon="-80.137347">
        <time>2026-08-19T20:22:10Z</time>
      </trkpt>
      <trkpt lat="8.600515" lon="-80.137343">
        <time>2026-08-19T20:22:11Z</time>
      </trkpt>
      <trkpt lat="8.600537" lon="-80.137339">
        <time>2026-08-19T20:22:12Z</time>
      </trkpt>
      <trkpt lat="8.600556" lon="-80.137337">
        <time>2026-08-19T20:22:13Z</time>
      </trkpt>
      <trkpt lat="8.600593" lon="-80.137328">
        <time>2026-08-19T20:22:14Z</time>
      </trkpt>
      <trkpt lat="8.600593" lon="-80.137328">
        <time>2026-08-19T20:22:15Z</time>
      </trkpt>
      <trkpt lat="8.600614" lon="-80.137327">
        <time>2026-08-19T20:22:16Z</time>
      </trkpt>
      <trkpt lat="8.600636" lon="-80.137325">
        <time>2026-08-19T20:22:17Z</time>
      </trkpt>
      <trkpt lat="8.600656" lon="-80.137320">
        <time>2026-08-19T20:22:18Z</time>
      </trkpt>
      <trkpt lat="8.600674" lon="-80.137316">
        <time>2026-08-19T20:22:19Z</time>
      </trkpt>
      <trkpt lat="8.600694" lon="-80.137311">
        <time>2026-08-19T20:22:20Z</time>
      </trkpt>
      <trkpt lat="8.600712" lon="-80.137307">
        <time>2026-08-19T20:22:21Z</time>
      </trkpt>
      <trkpt lat="8.600730" lon="-80.137306">
        <time>2026-08-19T20:22:22Z</time>
      </trkpt>
      <trkpt lat="8.600752" lon="-80.137302">
        <time>2026-08-19T20:22:23Z</time>
      </trkpt>
      <trkpt lat="8.600772" lon="-80.137298">
        <time>2026-08-19T20:22:24Z</time>
      </trkpt>
      <trkpt lat="8.600791" lon="-80.137297">
        <time>2026-08-19T20:22:25Z</time>
      </trkpt>
      <trkpt lat="8.600810" lon="-80.137291">
        <time>2026-08-19T20:22:26Z</time>
      </trkpt>
      <trkpt lat="8.600834" lon="-80.137286">
        <time>2026-08-19T20:22:27Z</time>
      </trkpt>
      <trkpt lat="8.600857" lon="-80.137285">
        <time>2026-08-19T20:22:28Z</time>
      </trkpt>
      <trkpt lat="8.600874" lon="-80.137283">
        <time>2026-08-19T20:22:29Z</time>
      </trkpt>
      <trkpt lat="8.600895" lon="-80.137279">
        <time>2026-08-19T20:22:30Z</time>
      </trkpt>
      <trkpt lat="8.600915" lon="-80.137278">
        <time>2026-08-19T20:22:31Z</time>
      </trkpt>
      <trkpt lat="8.600934" lon="-80.137279">
        <time>2026-08-19T20:22:32Z</time>
      </trkpt>
      <trkpt lat="8.600955" lon="-80.137273">
        <time>2026-08-19T20:22:33Z</time>
      </trkpt>
      <trkpt lat="8.600974" lon="-80.137273">
        <time>2026-08-19T20:22:34Z</time>
      </trkpt>
      <trkpt lat="8.600995" lon="-80.137271">
        <time>2026-08-19T20:22:35Z</time>
      </trkpt>
      <trkpt lat="8.601017" lon="-80.137267">
        <time>2026-08-19T20:22:36Z</time>
      </trkpt>
      <trkpt lat="8.601037" lon="-80.137267">
        <time>2026-08-19T20:22:37Z</time>
      </trkpt>
      <trkpt lat="8.601058" lon="-80.137266">
        <time>2026-08-19T20:22:38Z</time>
      </trkpt>
      <trkpt lat="8.601078" lon="-80.137262">
        <time>2026-08-19T20:22:39Z</time>
      </trkpt>
      <trkpt lat="8.601099" lon="-80.137263">
        <time>2026-08-19T20:22:40Z</time>
      </trkpt>
      <trkpt lat="8.601117" lon="-80.137260">
        <time>2026-08-19T20:22:41Z</time>
      </trkpt>
      <trkpt lat="8.601139" lon="-80.137256">
        <time>2026-08-19T20:22:42Z</time>
      </trkpt>
      <trkpt lat="8.601161" lon="-80.137257">
        <time>2026-08-19T20:22:43Z</time>
      </trkpt>
      <trkpt lat="8.601180" lon="-80.137256">
        <time>2026-08-19T20:22:44Z</time>
      </trkpt>
      <trkpt lat="8.601200" lon="-80.137253">
        <time>2026-08-19T20:22:45Z</time>
      </trkpt>
      <trkpt lat="8.601222" lon="-80.137249">
        <time>2026-08-19T20:22:46Z</time>
      </trkpt>
      <trkpt lat="8.601243" lon="-80.137249">
        <time>2026-08-19T20:22:47Z</time>
      </trkpt>
      <trkpt lat="8.601266" lon="-80.137249">
        <time>2026-08-19T20:22:48Z</time>
      </trkpt>
      <trkpt lat="8.601288" lon="-80.137247">
        <time>2026-08-19T20:22:49Z</time>
      </trkpt>
      <trkpt lat="8.601308" lon="-80.137249">
        <time>2026-08-19T20:22:50Z</time>
      </trkpt>
      <trkpt lat="8.601328" lon="-80.137244">
        <time>2026-08-19T20:22:51Z</time>
      </trkpt>
      <trkpt lat="8.601347" lon="-80.137245">
        <time>2026-08-19T20:22:52Z</time>
      </trkpt>
      <trkpt lat="8.601364" lon="-80.137244">
        <time>2026-08-19T20:22:53Z</time>
      </trkpt>
      <trkpt lat="8.601385" lon="-80.137241">
        <time>2026-08-19T20:22:54Z</time>
      </trkpt>
      <trkpt lat="8.601406" lon="-80.137241">
        <time>2026-08-19T20:22:55Z</time>
      </trkpt>
      <trkpt lat="8.601423" lon="-80.137241">
        <time>2026-08-19T20:22:56Z</time>
      </trkpt>
      <trkpt lat="8.601443" lon="-80.137235">
        <time>2026-08-19T20:22:57Z</time>
      </trkpt>
      <trkpt lat="8.601462" lon="-80.137233">
        <time>2026-08-19T20:22:58Z</time>
      </trkpt>
      <trkpt lat="8.601480" lon="-80.137232">
        <time>2026-08-19T20:22:59Z</time>
      </trkpt>
      <trkpt lat="8.601497" lon="-80.137228">
        <time>2026-08-19T20:23:00Z</time>
      </trkpt>
      <trkpt lat="8.601510" lon="-80.137228">
        <time>2026-08-19T20:23:01Z</time>
      </trkpt>
      <trkpt lat="8.601528" lon="-80.137220">
        <time>2026-08-19T20:23:02Z</time>
      </trkpt>
      <trkpt lat="8.601543" lon="-80.137218">
        <time>2026-08-19T20:23:03Z</time>
      </trkpt>
      <trkpt lat="8.601555" lon="-80.137217">
        <time>2026-08-19T20:23:04Z</time>
      </trkpt>
      <trkpt lat="8.601567" lon="-80.137217">
        <time>2026-08-19T20:23:05Z</time>
      </trkpt>
      <trkpt lat="8.601575" lon="-80.137219">
        <time>2026-08-19T20:23:06Z</time>
      </trkpt>
      <trkpt lat="8.601585" lon="-80.137220">
        <time>2026-08-19T20:23:07Z</time>
      </trkpt>
      <trkpt lat="8.601598" lon="-80.137223">
        <time>2026-08-19T20:23:08Z</time>
      </trkpt>
      <trkpt lat="8.601617" lon="-80.137222">
        <time>2026-08-19T20:23:09Z</time>
      </trkpt>
      <trkpt lat="8.601630" lon="-80.137219">
        <time>2026-08-19T20:23:10Z</time>
      </trkpt>
      <trkpt lat="8.601644" lon="-80.137218">
        <time>2026-08-19T20:23:11Z</time>
      </trkpt>
      <trkpt lat="8.601656" lon="-80.137220">
        <time>2026-08-19T20:23:12Z</time>
      </trkpt>
      <trkpt lat="8.601669" lon="-80.137226">
        <time>2026-08-19T20:23:13Z</time>
      </trkpt>
      <trkpt lat="8.601678" lon="-80.137220">
        <time>2026-08-19T20:23:14Z</time>
      </trkpt>
      <trkpt lat="8.601683" lon="-80.137216">
        <time>2026-08-19T20:23:15Z</time>
      </trkpt>
      <trkpt lat="8.601688" lon="-80.137214">
        <time>2026-08-19T20:23:16Z</time>
      </trkpt>
      <trkpt lat="8.601695" lon="-80.137211">
        <time>2026-08-19T20:23:17Z</time>
      </trkpt>
      <trkpt lat="8.601706" lon="-80.137211">
        <time>2026-08-19T20:23:18Z</time>
      </trkpt>
      <trkpt lat="8.601717" lon="-80.137210">
        <time>2026-08-19T20:23:19Z</time>
      </trkpt>
      <trkpt lat="8.601734" lon="-80.137207">
        <time>2026-08-19T20:23:20Z</time>
      </trkpt>
      <trkpt lat="8.601734" lon="-80.137207">
        <time>2026-08-19T20:23:21Z</time>
      </trkpt>
      <trkpt lat="8.601746" lon="-80.137203">
        <time>2026-08-19T20:23:22Z</time>
      </trkpt>
      <trkpt lat="8.601756" lon="-80.137198">
        <time>2026-08-19T20:23:23Z</time>
      </trkpt>
      <trkpt lat="8.601766" lon="-80.137192">
        <time>2026-08-19T20:23:24Z</time>
      </trkpt>
      <trkpt lat="8.601777" lon="-80.137187">
        <time>2026-08-19T20:23:25Z</time>
      </trkpt>
      <trkpt lat="8.601788" lon="-80.137184">
        <time>2026-08-19T20:23:26Z</time>
      </trkpt>
      <trkpt lat="8.601800" lon="-80.137181">
        <time>2026-08-19T20:23:27Z</time>
      </trkpt>
      <trkpt lat="8.601811" lon="-80.137177">
        <time>2026-08-19T20:23:28Z</time>
      </trkpt>
      <trkpt lat="8.601820" lon="-80.137173">
        <time>2026-08-19T20:23:29Z</time>
      </trkpt>
      <trkpt lat="8.601830" lon="-80.137169">
        <time>2026-08-19T20:23:30Z</time>
      </trkpt>
      <trkpt lat="8.601842" lon="-80.137165">
        <time>2026-08-19T20:23:31Z</time>
      </trkpt>
      <trkpt lat="8.601857" lon="-80.137162">
        <time>2026-08-19T20:23:32Z</time>
      </trkpt>
      <trkpt lat="8.601870" lon="-80.137161">
        <time>2026-08-19T20:23:33Z</time>
      </trkpt>
      <trkpt lat="8.601880" lon="-80.137160">
        <time>2026-08-19T20:23:34Z</time>
      </trkpt>
      <trkpt lat="8.601888" lon="-80.137159">
        <time>2026-08-19T20:23:35Z</time>
      </trkpt>
      <trkpt lat="8.601895" lon="-80.137159">
        <time>2026-08-19T20:23:36Z</time>
      </trkpt>
      <trkpt lat="8.601903" lon="-80.137157">
        <time>2026-08-19T20:23:37Z</time>
      </trkpt>
      <trkpt lat="8.601915" lon="-80.137154">
        <time>2026-08-19T20:23:38Z</time>
      </trkpt>
      <trkpt lat="8.601926" lon="-80.137153">
        <time>2026-08-19T20:23:39Z</time>
      </trkpt>
      <trkpt lat="8.601937" lon="-80.137152">
        <time>2026-08-19T20:23:40Z</time>
      </trkpt>
      <trkpt lat="8.601949" lon="-80.137148">
        <time>2026-08-19T20:23:41Z</time>
      </trkpt>
      <trkpt lat="8.601959" lon="-80.137146">
        <time>2026-08-19T20:23:42Z</time>
      </trkpt>
      <trkpt lat="8.601971" lon="-80.137148">
        <time>2026-08-19T20:23:43Z</time>
      </trkpt>
      <trkpt lat="8.601984" lon="-80.137148">
        <time>2026-08-19T20:23:44Z</time>
      </trkpt>
      <trkpt lat="8.601997" lon="-80.137147">
        <time>2026-08-19T20:23:45Z</time>
      </trkpt>
      <trkpt lat="8.602010" lon="-80.137147">
        <time>2026-08-19T20:23:46Z</time>
      </trkpt>
      <trkpt lat="8.602021" lon="-80.137145">
        <time>2026-08-19T20:23:47Z</time>
      </trkpt>
      <trkpt lat="8.602030" lon="-80.137143">
        <time>2026-08-19T20:23:48Z</time>
      </trkpt>
      <trkpt lat="8.602044" lon="-80.137141">
        <time>2026-08-19T20:23:49Z</time>
      </trkpt>
      <trkpt lat="8.602054" lon="-80.137138">
        <time>2026-08-19T20:23:50Z</time>
      </trkpt>
      <trkpt lat="8.602066" lon="-80.137136">
        <time>2026-08-19T20:23:51Z</time>
      </trkpt>
      <trkpt lat="8.602079" lon="-80.137133">
        <time>2026-08-19T20:23:52Z</time>
      </trkpt>
      <trkpt lat="8.602094" lon="-80.137131">
        <time>2026-08-19T20:23:53Z</time>
      </trkpt>
      <trkpt lat="8.602108" lon="-80.137128">
        <time>2026-08-19T20:23:54Z</time>
      </trkpt>
      <trkpt lat="8.602127" lon="-80.137126">
        <time>2026-08-19T20:23:55Z</time>
      </trkpt>
      <trkpt lat="8.602150" lon="-80.137123">
        <time>2026-08-19T20:23:56Z</time>
      </trkpt>
      <trkpt lat="8.602170" lon="-80.137118">
        <time>2026-08-19T20:23:57Z</time>
      </trkpt>
      <trkpt lat="8.602191" lon="-80.137119">
        <time>2026-08-19T20:23:58Z</time>
      </trkpt>
      <trkpt lat="8.602211" lon="-80.137117">
        <time>2026-08-19T20:23:59Z</time>
      </trkpt>
      <trkpt lat="8.602233" lon="-80.137112">
        <time>2026-08-19T20:24:00Z</time>
      </trkpt>
      <trkpt lat="8.602255" lon="-80.137110">
        <time>2026-08-19T20:24:01Z</time>
      </trkpt>
      <trkpt lat="8.602275" lon="-80.137106">
        <time>2026-08-19T20:24:02Z</time>
      </trkpt>
      <trkpt lat="8.602296" lon="-80.137104">
        <time>2026-08-19T20:24:03Z</time>
      </trkpt>
      <trkpt lat="8.602315" lon="-80.137102">
        <time>2026-08-19T20:24:04Z</time>
      </trkpt>
      <trkpt lat="8.602334" lon="-80.137099">
        <time>2026-08-19T20:24:05Z</time>
      </trkpt>
      <trkpt lat="8.602354" lon="-80.137095">
        <time>2026-08-19T20:24:06Z</time>
      </trkpt>
      <trkpt lat="8.602376" lon="-80.137093">
        <time>2026-08-19T20:24:07Z</time>
      </trkpt>
      <trkpt lat="8.602397" lon="-80.137091">
        <time>2026-08-19T20:24:08Z</time>
      </trkpt>
      <trkpt lat="8.602415" lon="-80.137091">
        <time>2026-08-19T20:24:09Z</time>
      </trkpt>
      <trkpt lat="8.602434" lon="-80.137090">
        <time>2026-08-19T20:24:10Z</time>
      </trkpt>
      <trkpt lat="8.602454" lon="-80.137087">
        <time>2026-08-19T20:24:11Z</time>
      </trkpt>
      <trkpt lat="8.602477" lon="-80.137084">
        <time>2026-08-19T20:24:12Z</time>
      </trkpt>
      <trkpt lat="8.602499" lon="-80.137082">
        <time>2026-08-19T20:24:13Z</time>
      </trkpt>
      <trkpt lat="8.602518" lon="-80.137079">
        <time>2026-08-19T20:24:14Z</time>
      </trkpt>
      <trkpt lat="8.602538" lon="-80.137078">
        <time>2026-08-19T20:24:15Z</time>
      </trkpt>
      <trkpt lat="8.602557" lon="-80.137079">
        <time>2026-08-19T20:24:16Z</time>
      </trkpt>
      <trkpt lat="8.602576" lon="-80.137079">
        <time>2026-08-19T20:24:17Z</time>
      </trkpt>
      <trkpt lat="8.602597" lon="-80.137075">
        <time>2026-08-19T20:24:18Z</time>
      </trkpt>
      <trkpt lat="8.602615" lon="-80.137075">
        <time>2026-08-19T20:24:19Z</time>
      </trkpt>
      <trkpt lat="8.602641" lon="-80.137081">
        <time>2026-08-19T20:24:20Z</time>
      </trkpt>
      <trkpt lat="8.602641" lon="-80.137081">
        <time>2026-08-19T20:24:21Z</time>
      </trkpt>
      <trkpt lat="8.602661" lon="-80.137078">
        <time>2026-08-19T20:24:22Z</time>
      </trkpt>
      <trkpt lat="8.602680" lon="-80.137078">
        <time>2026-08-19T20:24:23Z</time>
      </trkpt>
      <trkpt lat="8.602700" lon="-80.137078">
        <time>2026-08-19T20:24:24Z</time>
      </trkpt>
      <trkpt lat="8.602721" lon="-80.137076">
        <time>2026-08-19T20:24:25Z</time>
      </trkpt>
      <trkpt lat="8.602742" lon="-80.137074">
        <time>2026-08-19T20:24:26Z</time>
      </trkpt>
      <trkpt lat="8.602763" lon="-80.137070">
        <time>2026-08-19T20:24:27Z</time>
      </trkpt>
      <trkpt lat="8.602780" lon="-80.137069">
        <time>2026-08-19T20:24:28Z</time>
      </trkpt>
      <trkpt lat="8.602798" lon="-80.137070">
        <time>2026-08-19T20:24:29Z</time>
      </trkpt>
      <trkpt lat="8.602819" lon="-80.137067">
        <time>2026-08-19T20:24:30Z</time>
      </trkpt>
      <trkpt lat="8.602841" lon="-80.137062">
        <time>2026-08-19T20:24:31Z</time>
      </trkpt>
      <trkpt lat="8.602859" lon="-80.137061">
        <time>2026-08-19T20:24:32Z</time>
      </trkpt>
      <trkpt lat="8.602877" lon="-80.137060">
        <time>2026-08-19T20:24:33Z</time>
      </trkpt>
      <trkpt lat="8.602892" lon="-80.137060">
        <time>2026-08-19T20:24:34Z</time>
      </trkpt>
      <trkpt lat="8.602910" lon="-80.137061">
        <time>2026-08-19T20:24:35Z</time>
      </trkpt>
      <trkpt lat="8.602926" lon="-80.137062">
        <time>2026-08-19T20:24:36Z</time>
      </trkpt>
      <trkpt lat="8.602942" lon="-80.137063">
        <time>2026-08-19T20:24:37Z</time>
      </trkpt>
      <trkpt lat="8.602961" lon="-80.137061">
        <time>2026-08-19T20:24:38Z</time>
      </trkpt>
      <trkpt lat="8.602980" lon="-80.137060">
        <time>2026-08-19T20:24:39Z</time>
      </trkpt>
      <trkpt lat="8.603002" lon="-80.137054">
        <time>2026-08-19T20:24:40Z</time>
      </trkpt>
      <trkpt lat="8.603024" lon="-80.137055">
        <time>2026-08-19T20:24:41Z</time>
      </trkpt>
      <trkpt lat="8.603048" lon="-80.137053">
        <time>2026-08-19T20:24:42Z</time>
      </trkpt>
      <trkpt lat="8.603074" lon="-80.137048">
        <time>2026-08-19T20:24:43Z</time>
      </trkpt>
      <trkpt lat="8.603095" lon="-80.137048">
        <time>2026-08-19T20:24:44Z</time>
      </trkpt>
      <trkpt lat="8.603114" lon="-80.137048">
        <time>2026-08-19T20:24:45Z</time>
      </trkpt>
      <trkpt lat="8.603133" lon="-80.137047">
        <time>2026-08-19T20:24:46Z</time>
      </trkpt>
      <trkpt lat="8.603152" lon="-80.137044">
        <time>2026-08-19T20:24:47Z</time>
      </trkpt>
      <trkpt lat="8.603170" lon="-80.137041">
        <time>2026-08-19T20:24:48Z</time>
      </trkpt>
      <trkpt lat="8.603190" lon="-80.137035">
        <time>2026-08-19T20:24:49Z</time>
      </trkpt>
      <trkpt lat="8.603208" lon="-80.137036">
        <time>2026-08-19T20:24:50Z</time>
      </trkpt>
      <trkpt lat="8.603228" lon="-80.137034">
        <time>2026-08-19T20:24:51Z</time>
      </trkpt>
      <trkpt lat="8.603253" lon="-80.137027">
        <time>2026-08-19T20:24:52Z</time>
      </trkpt>
      <trkpt lat="8.603279" lon="-80.137023">
        <time>2026-08-19T20:24:53Z</time>
      </trkpt>
      <trkpt lat="8.603301" lon="-80.137019">
        <time>2026-08-19T20:24:54Z</time>
      </trkpt>
      <trkpt lat="8.603325" lon="-80.137013">
        <time>2026-08-19T20:24:55Z</time>
      </trkpt>
      <trkpt lat="8.603346" lon="-80.137009">
        <time>2026-08-19T20:24:56Z</time>
      </trkpt>
      <trkpt lat="8.603366" lon="-80.137008">
        <time>2026-08-19T20:24:57Z</time>
      </trkpt>
      <trkpt lat="8.603386" lon="-80.137003">
        <time>2026-08-19T20:24:58Z</time>
      </trkpt>
      <trkpt lat="8.603404" lon="-80.137001">
        <time>2026-08-19T20:24:59Z</time>
      </trkpt>
      <trkpt lat="8.603418" lon="-80.137001">
        <time>2026-08-19T20:25:00Z</time>
      </trkpt>
      <trkpt lat="8.603433" lon="-80.136999">
        <time>2026-08-19T20:25:01Z</time>
      </trkpt>
      <trkpt lat="8.603450" lon="-80.136995">
        <time>2026-08-19T20:25:02Z</time>
      </trkpt>
      <trkpt lat="8.603466" lon="-80.136994">
        <time>2026-08-19T20:25:03Z</time>
      </trkpt>
      <trkpt lat="8.603485" lon="-80.136987">
        <time>2026-08-19T20:25:04Z</time>
      </trkpt>
      <trkpt lat="8.603527" lon="-80.136988">
        <time>2026-08-19T20:25:05Z</time>
      </trkpt>
      <trkpt lat="8.603527" lon="-80.136988">
        <time>2026-08-19T20:25:06Z</time>
      </trkpt>
      <trkpt lat="8.603548" lon="-80.136983">
        <time>2026-08-19T20:25:07Z</time>
      </trkpt>
      <trkpt lat="8.603570" lon="-80.136983">
        <time>2026-08-19T20:25:08Z</time>
      </trkpt>
      <trkpt lat="8.603590" lon="-80.136985">
        <time>2026-08-19T20:25:09Z</time>
      </trkpt>
      <trkpt lat="8.603611" lon="-80.136980">
        <time>2026-08-19T20:25:10Z</time>
      </trkpt>
      <trkpt lat="8.603632" lon="-80.136980">
        <time>2026-08-19T20:25:11Z</time>
      </trkpt>
      <trkpt lat="8.603655" lon="-80.136980">
        <time>2026-08-19T20:25:12Z</time>
      </trkpt>
      <trkpt lat="8.603678" lon="-80.136975">
        <time>2026-08-19T20:25:13Z</time>
      </trkpt>
      <trkpt lat="8.603696" lon="-80.136973">
        <time>2026-08-19T20:25:14Z</time>
      </trkpt>
      <trkpt lat="8.603714" lon="-80.136970">
        <time>2026-08-19T20:25:15Z</time>
      </trkpt>
      <trkpt lat="8.603733" lon="-80.136964">
        <time>2026-08-19T20:25:16Z</time>
      </trkpt>
      <trkpt lat="8.603754" lon="-80.136959">
        <time>2026-08-19T20:25:17Z</time>
      </trkpt>
      <trkpt lat="8.603775" lon="-80.136958">
        <time>2026-08-19T20:25:18Z</time>
      </trkpt>
      <trkpt lat="8.603796" lon="-80.136953">
        <time>2026-08-19T20:25:19Z</time>
      </trkpt>
      <trkpt lat="8.603818" lon="-80.136947">
        <time>2026-08-19T20:25:20Z</time>
      </trkpt>
      <trkpt lat="8.603837" lon="-80.136945">
        <time>2026-08-19T20:25:21Z</time>
      </trkpt>
      <trkpt lat="8.603860" lon="-80.136939">
        <time>2026-08-19T20:25:22Z</time>
      </trkpt>
      <trkpt lat="8.603885" lon="-80.136933">
        <time>2026-08-19T20:25:23Z</time>
      </trkpt>
      <trkpt lat="8.603917" lon="-80.136926">
        <time>2026-08-19T20:25:24Z</time>
      </trkpt>
      <trkpt lat="8.603936" lon="-80.136919">
        <time>2026-08-19T20:25:25Z</time>
      </trkpt>
      <trkpt lat="8.603950" lon="-80.136911">
        <time>2026-08-19T20:25:26Z</time>
      </trkpt>
      <trkpt lat="8.603966" lon="-80.136907">
        <time>2026-08-19T20:25:27Z</time>
      </trkpt>
      <trkpt lat="8.603981" lon="-80.136902">
        <time>2026-08-19T20:25:28Z</time>
      </trkpt>
      <trkpt lat="8.603997" lon="-80.136901">
        <time>2026-08-19T20:25:29Z</time>
      </trkpt>
      <trkpt lat="8.604013" lon="-80.136899">
        <time>2026-08-19T20:25:30Z</time>
      </trkpt>
      <trkpt lat="8.604028" lon="-80.136897">
        <time>2026-08-19T20:25:31Z</time>
      </trkpt>
      <trkpt lat="8.604044" lon="-80.136893">
        <time>2026-08-19T20:25:32Z</time>
      </trkpt>
      <trkpt lat="8.604062" lon="-80.136892">
        <time>2026-08-19T20:25:33Z</time>
      </trkpt>
      <trkpt lat="8.604077" lon="-80.136891">
        <time>2026-08-19T20:25:34Z</time>
      </trkpt>
      <trkpt lat="8.604092" lon="-80.136889">
        <time>2026-08-19T20:25:35Z</time>
      </trkpt>
      <trkpt lat="8.604109" lon="-80.136891">
        <time>2026-08-19T20:25:36Z</time>
      </trkpt>
      <trkpt lat="8.604127" lon="-80.136891">
        <time>2026-08-19T20:25:37Z</time>
      </trkpt>
      <trkpt lat="8.604145" lon="-80.136890">
        <time>2026-08-19T20:25:38Z</time>
      </trkpt>
      <trkpt lat="8.604162" lon="-80.136890">
        <time>2026-08-19T20:25:39Z</time>
      </trkpt>
      <trkpt lat="8.604181" lon="-80.136890">
        <time>2026-08-19T20:25:40Z</time>
      </trkpt>
      <trkpt lat="8.604205" lon="-80.136888">
        <time>2026-08-19T20:25:41Z</time>
      </trkpt>
      <trkpt lat="8.604224" lon="-80.136886">
        <time>2026-08-19T20:25:42Z</time>
      </trkpt>
      <trkpt lat="8.604244" lon="-80.136890">
        <time>2026-08-19T20:25:43Z</time>
      </trkpt>
      <trkpt lat="8.604264" lon="-80.136888">
        <time>2026-08-19T20:25:44Z</time>
      </trkpt>
      <trkpt lat="8.604310" lon="-80.136882">
        <time>2026-08-19T20:25:45Z</time>
      </trkpt>
      <trkpt lat="8.604310" lon="-80.136882">
        <time>2026-08-19T20:25:46Z</time>
      </trkpt>
      <trkpt lat="8.604332" lon="-80.136882">
        <time>2026-08-19T20:25:47Z</time>
      </trkpt>
      <trkpt lat="8.604356" lon="-80.136881">
        <time>2026-08-19T20:25:48Z</time>
      </trkpt>
      <trkpt lat="8.604384" lon="-80.136877">
        <time>2026-08-19T20:25:49Z</time>
      </trkpt>
      <trkpt lat="8.604410" lon="-80.136873">
        <time>2026-08-19T20:25:50Z</time>
      </trkpt>
      <trkpt lat="8.604437" lon="-80.136867">
        <time>2026-08-19T20:25:51Z</time>
      </trkpt>
      <trkpt lat="8.604459" lon="-80.136863">
        <time>2026-08-19T20:25:52Z</time>
      </trkpt>
      <trkpt lat="8.604482" lon="-80.136862">
        <time>2026-08-19T20:25:53Z</time>
      </trkpt>
      <trkpt lat="8.604505" lon="-80.136861">
        <time>2026-08-19T20:25:54Z</time>
      </trkpt>
      <trkpt lat="8.604527" lon="-80.136865">
        <time>2026-08-19T20:25:55Z</time>
      </trkpt>
      <trkpt lat="8.604546" lon="-80.136858">
        <time>2026-08-19T20:25:56Z</time>
      </trkpt>
      <trkpt lat="8.604567" lon="-80.136852">
        <time>2026-08-19T20:25:57Z</time>
      </trkpt>
      <trkpt lat="8.604585" lon="-80.136851">
        <time>2026-08-19T20:25:58Z</time>
      </trkpt>
      <trkpt lat="8.604600" lon="-80.136847">
        <time>2026-08-19T20:25:59Z</time>
      </trkpt>
      <trkpt lat="8.604618" lon="-80.136842">
        <time>2026-08-19T20:26:00Z</time>
      </trkpt>
      <trkpt lat="8.604636" lon="-80.136839">
        <time>2026-08-19T20:26:01Z</time>
      </trkpt>
      <trkpt lat="8.604654" lon="-80.136837">
        <time>2026-08-19T20:26:02Z</time>
      </trkpt>
      <trkpt lat="8.604673" lon="-80.136835">
        <time>2026-08-19T20:26:03Z</time>
      </trkpt>
      <trkpt lat="8.604693" lon="-80.136831">
        <time>2026-08-19T20:26:04Z</time>
      </trkpt>
      <trkpt lat="8.604711" lon="-80.136828">
        <time>2026-08-19T20:26:05Z</time>
      </trkpt>
      <trkpt lat="8.604728" lon="-80.136829">
        <time>2026-08-19T20:26:06Z</time>
      </trkpt>
      <trkpt lat="8.604749" lon="-80.136823">
        <time>2026-08-19T20:26:07Z</time>
      </trkpt>
      <trkpt lat="8.604772" lon="-80.136814">
        <time>2026-08-19T20:26:08Z</time>
      </trkpt>
      <trkpt lat="8.604794" lon="-80.136809">
        <time>2026-08-19T20:26:09Z</time>
      </trkpt>
      <trkpt lat="8.604815" lon="-80.136805">
        <time>2026-08-19T20:26:10Z</time>
      </trkpt>
      <trkpt lat="8.604835" lon="-80.136803">
        <time>2026-08-19T20:26:11Z</time>
      </trkpt>
      <trkpt lat="8.604851" lon="-80.136803">
        <time>2026-08-19T20:26:12Z</time>
      </trkpt>
      <trkpt lat="8.604872" lon="-80.136798">
        <time>2026-08-19T20:26:13Z</time>
      </trkpt>
      <trkpt lat="8.604891" lon="-80.136795">
        <time>2026-08-19T20:26:14Z</time>
      </trkpt>
      <trkpt lat="8.604908" lon="-80.136787">
        <time>2026-08-19T20:26:15Z</time>
      </trkpt>
      <trkpt lat="8.604930" lon="-80.136779">
        <time>2026-08-19T20:26:16Z</time>
      </trkpt>
      <trkpt lat="8.604951" lon="-80.136774">
        <time>2026-08-19T20:26:17Z</time>
      </trkpt>
      <trkpt lat="8.604974" lon="-80.136770">
        <time>2026-08-19T20:26:18Z</time>
      </trkpt>
      <trkpt lat="8.604996" lon="-80.136765">
        <time>2026-08-19T20:26:19Z</time>
      </trkpt>
      <trkpt lat="8.605016" lon="-80.136760">
        <time>2026-08-19T20:26:20Z</time>
      </trkpt>
      <trkpt lat="8.605035" lon="-80.136760">
        <time>2026-08-19T20:26:21Z</time>
      </trkpt>
      <trkpt lat="8.605055" lon="-80.136758">
        <time>2026-08-19T20:26:22Z</time>
      </trkpt>
      <trkpt lat="8.605072" lon="-80.136756">
        <time>2026-08-19T20:26:23Z</time>
      </trkpt>
      <trkpt lat="8.605090" lon="-80.136753">
        <time>2026-08-19T20:26:24Z</time>
      </trkpt>
      <trkpt lat="8.605111" lon="-80.136750">
        <time>2026-08-19T20:26:25Z</time>
      </trkpt>
      <trkpt lat="8.605129" lon="-80.136746">
        <time>2026-08-19T20:26:26Z</time>
      </trkpt>
      <trkpt lat="8.605151" lon="-80.136746">
        <time>2026-08-19T20:26:27Z</time>
      </trkpt>
      <trkpt lat="8.605176" lon="-80.136744">
        <time>2026-08-19T20:26:28Z</time>
      </trkpt>
      <trkpt lat="8.605199" lon="-80.136741">
        <time>2026-08-19T20:26:29Z</time>
      </trkpt>
      <trkpt lat="8.605223" lon="-80.136736">
        <time>2026-08-19T20:26:30Z</time>
      </trkpt>
      <trkpt lat="8.605246" lon="-80.136732">
        <time>2026-08-19T20:26:31Z</time>
      </trkpt>
      <trkpt lat="8.605266" lon="-80.136729">
        <time>2026-08-19T20:26:32Z</time>
      </trkpt>
      <trkpt lat="8.605285" lon="-80.136726">
        <time>2026-08-19T20:26:33Z</time>
      </trkpt>
      <trkpt lat="8.605305" lon="-80.136723">
        <time>2026-08-19T20:26:34Z</time>
      </trkpt>
      <trkpt lat="8.605326" lon="-80.136723">
        <time>2026-08-19T20:26:35Z</time>
      </trkpt>
      <trkpt lat="8.605345" lon="-80.136721">
        <time>2026-08-19T20:26:36Z</time>
      </trkpt>
      <trkpt lat="8.605364" lon="-80.136717">
        <time>2026-08-19T20:26:37Z</time>
      </trkpt>
      <trkpt lat="8.605385" lon="-80.136715">
        <time>2026-08-19T20:26:38Z</time>
      </trkpt>
      <trkpt lat="8.605406" lon="-80.136713">
        <time>2026-08-19T20:26:39Z</time>
      </trkpt>
      <trkpt lat="8.605430" lon="-80.136710">
        <time>2026-08-19T20:26:40Z</time>
      </trkpt>
      <trkpt lat="8.605451" lon="-80.136708">
        <time>2026-08-19T20:26:41Z</time>
      </trkpt>
      <trkpt lat="8.605473" lon="-80.136706">
        <time>2026-08-19T20:26:42Z</time>
      </trkpt>
      <trkpt lat="8.605496" lon="-80.136703">
        <time>2026-08-19T20:26:43Z</time>
      </trkpt>
      <trkpt lat="8.605519" lon="-80.136700">
        <time>2026-08-19T20:26:44Z</time>
      </trkpt>
      <trkpt lat="8.605539" lon="-80.136696">
        <time>2026-08-19T20:26:45Z</time>
      </trkpt>
      <trkpt lat="8.605559" lon="-80.136693">
        <time>2026-08-19T20:26:46Z</time>
      </trkpt>
      <trkpt lat="8.605579" lon="-80.136687">
        <time>2026-08-19T20:26:47Z</time>
      </trkpt>
      <trkpt lat="8.605600" lon="-80.136684">
        <time>2026-08-19T20:26:48Z</time>
      </trkpt>
      <trkpt lat="8.605620" lon="-80.136679">
        <time>2026-08-19T20:26:49Z</time>
      </trkpt>
      <trkpt lat="8.605640" lon="-80.136674">
        <time>2026-08-19T20:26:50Z</time>
      </trkpt>
      <trkpt lat="8.605660" lon="-80.136673">
        <time>2026-08-19T20:26:51Z</time>
      </trkpt>
      <trkpt lat="8.605684" lon="-80.136671">
        <time>2026-08-19T20:26:52Z</time>
      </trkpt>
      <trkpt lat="8.605704" lon="-80.136670">
        <time>2026-08-19T20:26:53Z</time>
      </trkpt>
      <trkpt lat="8.605724" lon="-80.136669">
        <time>2026-08-19T20:26:54Z</time>
      </trkpt>
      <trkpt lat="8.605760" lon="-80.136674">
        <time>2026-08-19T20:26:55Z</time>
      </trkpt>
      <trkpt lat="8.605760" lon="-80.136674">
        <time>2026-08-19T20:26:56Z</time>
      </trkpt>
      <trkpt lat="8.605780" lon="-80.136670">
        <time>2026-08-19T20:26:57Z</time>
      </trkpt>
      <trkpt lat="8.605801" lon="-80.136666">
        <time>2026-08-19T20:26:58Z</time>
      </trkpt>
      <trkpt lat="8.605823" lon="-80.136664">
        <time>2026-08-19T20:26:59Z</time>
      </trkpt>
      <trkpt lat="8.605843" lon="-80.136661">
        <time>2026-08-19T20:27:00Z</time>
      </trkpt>
      <trkpt lat="8.605865" lon="-80.136659">
        <time>2026-08-19T20:27:01Z</time>
      </trkpt>
      <trkpt lat="8.605885" lon="-80.136660">
        <time>2026-08-19T20:27:02Z</time>
      </trkpt>
      <trkpt lat="8.605906" lon="-80.136659">
        <time>2026-08-19T20:27:03Z</time>
      </trkpt>
      <trkpt lat="8.605928" lon="-80.136658">
        <time>2026-08-19T20:27:04Z</time>
      </trkpt>
      <trkpt lat="8.605951" lon="-80.136654">
        <time>2026-08-19T20:27:05Z</time>
      </trkpt>
      <trkpt lat="8.605973" lon="-80.136646">
        <time>2026-08-19T20:27:06Z</time>
      </trkpt>
      <trkpt lat="8.605996" lon="-80.136635">
        <time>2026-08-19T20:27:07Z</time>
      </trkpt>
      <trkpt lat="8.606015" lon="-80.136617">
        <time>2026-08-19T20:27:08Z</time>
      </trkpt>
      <trkpt lat="8.606031" lon="-80.136590">
        <time>2026-08-19T20:27:09Z</time>
      </trkpt>
      <trkpt lat="8.606031" lon="-80.136558">
        <time>2026-08-19T20:27:10Z</time>
      </trkpt>
      <trkpt lat="8.606022" lon="-80.136530">
        <time>2026-08-19T20:27:11Z</time>
      </trkpt>
      <trkpt lat="8.606011" lon="-80.136504">
        <time>2026-08-19T20:27:12Z</time>
      </trkpt>
      <trkpt lat="8.605998" lon="-80.136482">
        <time>2026-08-19T20:27:13Z</time>
      </trkpt>
      <trkpt lat="8.605993" lon="-80.136458">
        <time>2026-08-19T20:27:14Z</time>
      </trkpt>
      <trkpt lat="8.605987" lon="-80.136439">
        <time>2026-08-19T20:27:15Z</time>
      </trkpt>
      <trkpt lat="8.605981" lon="-80.136416">
        <time>2026-08-19T20:27:16Z</time>
      </trkpt>
      <trkpt lat="8.605977" lon="-80.136398">
        <time>2026-08-19T20:27:17Z</time>
      </trkpt>
      <trkpt lat="8.605974" lon="-80.136377">
        <time>2026-08-19T20:27:18Z</time>
      </trkpt>
      <trkpt lat="8.605967" lon="-80.136354">
        <time>2026-08-19T20:27:19Z</time>
      </trkpt>
      <trkpt lat="8.605961" lon="-80.136333">
        <time>2026-08-19T20:27:20Z</time>
      </trkpt>
      <trkpt lat="8.605956" lon="-80.136314">
        <time>2026-08-19T20:27:21Z</time>
      </trkpt>
      <trkpt lat="8.605949" lon="-80.136292">
        <time>2026-08-19T20:27:22Z</time>
      </trkpt>
      <trkpt lat="8.605943" lon="-80.136271">
        <time>2026-08-19T20:27:23Z</time>
      </trkpt>
      <trkpt lat="8.605937" lon="-80.136249">
        <time>2026-08-19T20:27:24Z</time>
      </trkpt>
      <trkpt lat="8.605931" lon="-80.136228">
        <time>2026-08-19T20:27:25Z</time>
      </trkpt>
      <trkpt lat="8.605925" lon="-80.136206">
        <time>2026-08-19T20:27:26Z</time>
      </trkpt>
      <trkpt lat="8.605922" lon="-80.136188">
        <time>2026-08-19T20:27:27Z</time>
      </trkpt>
      <trkpt lat="8.605918" lon="-80.136171">
        <time>2026-08-19T20:27:28Z</time>
      </trkpt>
      <trkpt lat="8.605917" lon="-80.136152">
        <time>2026-08-19T20:27:29Z</time>
      </trkpt>
      <trkpt lat="8.605915" lon="-80.136133">
        <time>2026-08-19T20:27:30Z</time>
      </trkpt>
      <trkpt lat="8.605911" lon="-80.136113">
        <time>2026-08-19T20:27:31Z</time>
      </trkpt>
      <trkpt lat="8.605908" lon="-80.136091">
        <time>2026-08-19T20:27:32Z</time>
      </trkpt>
      <trkpt lat="8.605907" lon="-80.136070">
        <time>2026-08-19T20:27:33Z</time>
      </trkpt>
      <trkpt lat="8.605906" lon="-80.136049">
        <time>2026-08-19T20:27:34Z</time>
      </trkpt>
      <trkpt lat="8.605897" lon="-80.136025">
        <time>2026-08-19T20:27:35Z</time>
      </trkpt>
      <trkpt lat="8.605892" lon="-80.136004">
        <time>2026-08-19T20:27:36Z</time>
      </trkpt>
      <trkpt lat="8.605891" lon="-80.135984">
        <time>2026-08-19T20:27:37Z</time>
      </trkpt>
      <trkpt lat="8.605890" lon="-80.135965">
        <time>2026-08-19T20:27:38Z</time>
      </trkpt>
      <trkpt lat="8.605886" lon="-80.135945">
        <time>2026-08-19T20:27:39Z</time>
      </trkpt>
      <trkpt lat="8.605884" lon="-80.135926">
        <time>2026-08-19T20:27:40Z</time>
      </trkpt>
      <trkpt lat="8.605881" lon="-80.135907">
        <time>2026-08-19T20:27:41Z</time>
      </trkpt>
      <trkpt lat="8.605876" lon="-80.135887">
        <time>2026-08-19T20:27:42Z</time>
      </trkpt>
      <trkpt lat="8.605873" lon="-80.135865">
        <time>2026-08-19T20:27:43Z</time>
      </trkpt>
      <trkpt lat="8.605869" lon="-80.135845">
        <time>2026-08-19T20:27:44Z</time>
      </trkpt>
      <trkpt lat="8.605866" lon="-80.135822">
        <time>2026-08-19T20:27:45Z</time>
      </trkpt>
      <trkpt lat="8.605865" lon="-80.135798">
        <time>2026-08-19T20:27:46Z</time>
      </trkpt>
      <trkpt lat="8.605859" lon="-80.135773">
        <time>2026-08-19T20:27:47Z</time>
      </trkpt>
      <trkpt lat="8.605857" lon="-80.135753">
        <time>2026-08-19T20:27:48Z</time>
      </trkpt>
      <trkpt lat="8.605856" lon="-80.135728">
        <time>2026-08-19T20:27:49Z</time>
      </trkpt>
      <trkpt lat="8.605851" lon="-80.135706">
        <time>2026-08-19T20:27:50Z</time>
      </trkpt>
      <trkpt lat="8.605846" lon="-80.135685">
        <time>2026-08-19T20:27:51Z</time>
      </trkpt>
      <trkpt lat="8.605843" lon="-80.135666">
        <time>2026-08-19T20:27:52Z</time>
      </trkpt>
      <trkpt lat="8.605839" lon="-80.135645">
        <time>2026-08-19T20:27:53Z</time>
      </trkpt>
      <trkpt lat="8.605836" lon="-80.135624">
        <time>2026-08-19T20:27:54Z</time>
      </trkpt>
      <trkpt lat="8.605831" lon="-80.135607">
        <time>2026-08-19T20:27:55Z</time>
      </trkpt>
      <trkpt lat="8.605827" lon="-80.135585">
        <time>2026-08-19T20:27:56Z</time>
      </trkpt>
      <trkpt lat="8.605826" lon="-80.135561">
        <time>2026-08-19T20:27:57Z</time>
      </trkpt>
      <trkpt lat="8.605826" lon="-80.135539">
        <time>2026-08-19T20:27:58Z</time>
      </trkpt>
      <trkpt lat="8.605825" lon="-80.135518">
        <time>2026-08-19T20:27:59Z</time>
      </trkpt>
      <trkpt lat="8.605818" lon="-80.135496">
        <time>2026-08-19T20:28:00Z</time>
      </trkpt>
      <trkpt lat="8.605815" lon="-80.135476">
        <time>2026-08-19T20:28:01Z</time>
      </trkpt>
      <trkpt lat="8.605814" lon="-80.135455">
        <time>2026-08-19T20:28:02Z</time>
      </trkpt>
      <trkpt lat="8.605810" lon="-80.135434">
        <time>2026-08-19T20:28:03Z</time>
      </trkpt>
      <trkpt lat="8.605804" lon="-80.135414">
        <time>2026-08-19T20:28:04Z</time>
      </trkpt>
      <trkpt lat="8.605799" lon="-80.135393">
        <time>2026-08-19T20:28:05Z</time>
      </trkpt>
      <trkpt lat="8.605794" lon="-80.135377">
        <time>2026-08-19T20:28:06Z</time>
      </trkpt>
      <trkpt lat="8.605795" lon="-80.135359">
        <time>2026-08-19T20:28:07Z</time>
      </trkpt>
      <trkpt lat="8.605793" lon="-80.135338">
        <time>2026-08-19T20:28:08Z</time>
      </trkpt>
      <trkpt lat="8.605790" lon="-80.135321">
        <time>2026-08-19T20:28:09Z</time>
      </trkpt>
      <trkpt lat="8.605788" lon="-80.135303">
        <time>2026-08-19T20:28:10Z</time>
      </trkpt>
      <trkpt lat="8.605782" lon="-80.135281">
        <time>2026-08-19T20:28:11Z</time>
      </trkpt>
      <trkpt lat="8.605775" lon="-80.135260">
        <time>2026-08-19T20:28:12Z</time>
      </trkpt>
      <trkpt lat="8.605772" lon="-80.135241">
        <time>2026-08-19T20:28:13Z</time>
      </trkpt>
      <trkpt lat="8.605775" lon="-80.135220">
        <time>2026-08-19T20:28:14Z</time>
      </trkpt>
      <trkpt lat="8.605784" lon="-80.135205">
        <time>2026-08-19T20:28:15Z</time>
      </trkpt>
      <trkpt lat="8.605794" lon="-80.135197">
        <time>2026-08-19T20:28:16Z</time>
      </trkpt>
      <trkpt lat="8.605797" lon="-80.135180">
        <time>2026-08-19T20:28:17Z</time>
      </trkpt>
      <trkpt lat="8.605790" lon="-80.135155">
        <time>2026-08-19T20:28:18Z</time>
      </trkpt>
      <trkpt lat="8.605790" lon="-80.135130">
        <time>2026-08-19T20:28:19Z</time>
      </trkpt>
      <trkpt lat="8.605788" lon="-80.135105">
        <time>2026-08-19T20:28:20Z</time>
      </trkpt>
      <trkpt lat="8.605784" lon="-80.135080">
        <time>2026-08-19T20:28:21Z</time>
      </trkpt>
      <trkpt lat="8.605784" lon="-80.135057">
        <time>2026-08-19T20:28:22Z</time>
      </trkpt>
      <trkpt lat="8.605782" lon="-80.135038">
        <time>2026-08-19T20:28:23Z</time>
      </trkpt>
      <trkpt lat="8.605777" lon="-80.135018">
        <time>2026-08-19T20:28:24Z</time>
      </trkpt>
      <trkpt lat="8.605776" lon="-80.134999">
        <time>2026-08-19T20:28:25Z</time>
      </trkpt>
      <trkpt lat="8.605772" lon="-80.134977">
        <time>2026-08-19T20:28:26Z</time>
      </trkpt>
      <trkpt lat="8.605766" lon="-80.134955">
        <time>2026-08-19T20:28:27Z</time>
      </trkpt>
      <trkpt lat="8.605764" lon="-80.134935">
        <time>2026-08-19T20:28:28Z</time>
      </trkpt>
      <trkpt lat="8.605759" lon="-80.134913">
        <time>2026-08-19T20:28:29Z</time>
      </trkpt>
      <trkpt lat="8.605754" lon="-80.134891">
        <time>2026-08-19T20:28:30Z</time>
      </trkpt>
      <trkpt lat="8.605751" lon="-80.134871">
        <time>2026-08-19T20:28:31Z</time>
      </trkpt>
      <trkpt lat="8.605747" lon="-80.134850">
        <time>2026-08-19T20:28:32Z</time>
      </trkpt>
      <trkpt lat="8.605740" lon="-80.134828">
        <time>2026-08-19T20:28:33Z</time>
      </trkpt>
      <trkpt lat="8.605739" lon="-80.134809">
        <time>2026-08-19T20:28:34Z</time>
      </trkpt>
      <trkpt lat="8.605738" lon="-80.134790">
        <time>2026-08-19T20:28:35Z</time>
      </trkpt>
      <trkpt lat="8.605735" lon="-80.134772">
        <time>2026-08-19T20:28:36Z</time>
      </trkpt>
      <trkpt lat="8.605735" lon="-80.134751">
        <time>2026-08-19T20:28:37Z</time>
      </trkpt>
      <trkpt lat="8.605728" lon="-80.134729">
        <time>2026-08-19T20:28:38Z</time>
      </trkpt>
      <trkpt lat="8.605718" lon="-80.134709">
        <time>2026-08-19T20:28:39Z</time>
      </trkpt>
      <trkpt lat="8.605706" lon="-80.134688">
        <time>2026-08-19T20:28:40Z</time>
      </trkpt>
      <trkpt lat="8.605693" lon="-80.134669">
        <time>2026-08-19T20:28:41Z</time>
      </trkpt>
      <trkpt lat="8.605675" lon="-80.134650">
        <time>2026-08-19T20:28:42Z</time>
      </trkpt>
      <trkpt lat="8.605659" lon="-80.134635">
        <time>2026-08-19T20:28:43Z</time>
      </trkpt>
      <trkpt lat="8.605655" lon="-80.134615">
        <time>2026-08-19T20:28:44Z</time>
      </trkpt>
      <trkpt lat="8.605650" lon="-80.134594">
        <time>2026-08-19T20:28:45Z</time>
      </trkpt>
      <trkpt lat="8.605647" lon="-80.134575">
        <time>2026-08-19T20:28:46Z</time>
      </trkpt>
      <trkpt lat="8.605642" lon="-80.134553">
        <time>2026-08-19T20:28:47Z</time>
      </trkpt>
      <trkpt lat="8.605637" lon="-80.134535">
        <time>2026-08-19T20:28:48Z</time>
      </trkpt>
      <trkpt lat="8.605630" lon="-80.134517">
        <time>2026-08-19T20:28:49Z</time>
      </trkpt>
      <trkpt lat="8.605623" lon="-80.134499">
        <time>2026-08-19T20:28:50Z</time>
      </trkpt>
      <trkpt lat="8.605617" lon="-80.134477">
        <time>2026-08-19T20:28:51Z</time>
      </trkpt>
      <trkpt lat="8.605611" lon="-80.134456">
        <time>2026-08-19T20:28:52Z</time>
      </trkpt>
      <trkpt lat="8.605604" lon="-80.134437">
        <time>2026-08-19T20:28:53Z</time>
      </trkpt>
      <trkpt lat="8.605599" lon="-80.134416">
        <time>2026-08-19T20:28:54Z</time>
      </trkpt>
      <trkpt lat="8.605595" lon="-80.134396">
        <time>2026-08-19T20:28:55Z</time>
      </trkpt>
      <trkpt lat="8.605592" lon="-80.134375">
        <time>2026-08-19T20:28:56Z</time>
      </trkpt>
      <trkpt lat="8.605582" lon="-80.134355">
        <time>2026-08-19T20:28:57Z</time>
      </trkpt>
      <trkpt lat="8.605576" lon="-80.134337">
        <time>2026-08-19T20:28:58Z</time>
      </trkpt>
      <trkpt lat="8.605571" lon="-80.134320">
        <time>2026-08-19T20:28:59Z</time>
      </trkpt>
      <trkpt lat="8.605564" lon="-80.134305">
        <time>2026-08-19T20:29:00Z</time>
      </trkpt>
      <trkpt lat="8.605558" lon="-80.134288">
        <time>2026-08-19T20:29:01Z</time>
      </trkpt>
      <trkpt lat="8.605550" lon="-80.134271">
        <time>2026-08-19T20:29:02Z</time>
      </trkpt>
      <trkpt lat="8.605543" lon="-80.134251">
        <time>2026-08-19T20:29:03Z</time>
      </trkpt>
      <trkpt lat="8.605534" lon="-80.134231">
        <time>2026-08-19T20:29:04Z</time>
      </trkpt>
      <trkpt lat="8.605528" lon="-80.134209">
        <time>2026-08-19T20:29:05Z</time>
      </trkpt>
      <trkpt lat="8.605521" lon="-80.134187">
        <time>2026-08-19T20:29:06Z</time>
      </trkpt>
      <trkpt lat="8.605515" lon="-80.134165">
        <time>2026-08-19T20:29:07Z</time>
      </trkpt>
      <trkpt lat="8.605510" lon="-80.134146">
        <time>2026-08-19T20:29:08Z</time>
      </trkpt>
      <trkpt lat="8.605503" lon="-80.134127">
        <time>2026-08-19T20:29:09Z</time>
      </trkpt>
      <trkpt lat="8.605497" lon="-80.134107">
        <time>2026-08-19T20:29:10Z</time>
      </trkpt>
      <trkpt lat="8.605492" lon="-80.134086">
        <time>2026-08-19T20:29:11Z</time>
      </trkpt>
      <trkpt lat="8.605484" lon="-80.134069">
        <time>2026-08-19T20:29:12Z</time>
      </trkpt>
      <trkpt lat="8.605477" lon="-80.134049">
        <time>2026-08-19T20:29:13Z</time>
      </trkpt>
      <trkpt lat="8.605472" lon="-80.134028">
        <time>2026-08-19T20:29:14Z</time>
      </trkpt>
      <trkpt lat="8.605464" lon="-80.134007">
        <time>2026-08-19T20:29:15Z</time>
      </trkpt>
      <trkpt lat="8.605459" lon="-80.133988">
        <time>2026-08-19T20:29:16Z</time>
      </trkpt>
      <trkpt lat="8.605451" lon="-80.133972">
        <time>2026-08-19T20:29:17Z</time>
      </trkpt>
      <trkpt lat="8.605444" lon="-80.133955">
        <time>2026-08-19T20:29:18Z</time>
      </trkpt>
      <trkpt lat="8.605439" lon="-80.133933">
        <time>2026-08-19T20:29:19Z</time>
      </trkpt>
      <trkpt lat="8.605433" lon="-80.133917">
        <time>2026-08-19T20:29:20Z</time>
      </trkpt>
      <trkpt lat="8.605425" lon="-80.133895">
        <time>2026-08-19T20:29:21Z</time>
      </trkpt>
      <trkpt lat="8.605417" lon="-80.133875">
        <time>2026-08-19T20:29:22Z</time>
      </trkpt>
      <trkpt lat="8.605410" lon="-80.133857">
        <time>2026-08-19T20:29:23Z</time>
      </trkpt>
      <trkpt lat="8.605402" lon="-80.133837">
        <time>2026-08-19T20:29:24Z</time>
      </trkpt>
      <trkpt lat="8.605397" lon="-80.133818">
        <time>2026-08-19T20:29:25Z</time>
      </trkpt>
      <trkpt lat="8.605393" lon="-80.133800">
        <time>2026-08-19T20:29:26Z</time>
      </trkpt>
      <trkpt lat="8.605390" lon="-80.133781">
        <time>2026-08-19T20:29:27Z</time>
      </trkpt>
      <trkpt lat="8.605383" lon="-80.133761">
        <time>2026-08-19T20:29:28Z</time>
      </trkpt>
      <trkpt lat="8.605376" lon="-80.133743">
        <time>2026-08-19T20:29:29Z</time>
      </trkpt>
      <trkpt lat="8.605371" lon="-80.133725">
        <time>2026-08-19T20:29:30Z</time>
      </trkpt>
      <trkpt lat="8.605362" lon="-80.133706">
        <time>2026-08-19T20:29:31Z</time>
      </trkpt>
      <trkpt lat="8.605354" lon="-80.133687">
        <time>2026-08-19T20:29:32Z</time>
      </trkpt>
      <trkpt lat="8.605348" lon="-80.133671">
        <time>2026-08-19T20:29:33Z</time>
      </trkpt>
      <trkpt lat="8.605341" lon="-80.133650">
        <time>2026-08-19T20:29:34Z</time>
      </trkpt>
      <trkpt lat="8.605332" lon="-80.133629">
        <time>2026-08-19T20:29:35Z</time>
      </trkpt>
      <trkpt lat="8.605326" lon="-80.133612">
        <time>2026-08-19T20:29:36Z</time>
      </trkpt>
      <trkpt lat="8.605321" lon="-80.133594">
        <time>2026-08-19T20:29:37Z</time>
      </trkpt>
      <trkpt lat="8.605314" lon="-80.133577">
        <time>2026-08-19T20:29:38Z</time>
      </trkpt>
      <trkpt lat="8.605303" lon="-80.133562">
        <time>2026-08-19T20:29:39Z</time>
      </trkpt>
      <trkpt lat="8.605292" lon="-80.133548">
        <time>2026-08-19T20:29:40Z</time>
      </trkpt>
      <trkpt lat="8.605282" lon="-80.133533">
        <time>2026-08-19T20:29:41Z</time>
      </trkpt>
      <trkpt lat="8.605277" lon="-80.133519">
        <time>2026-08-19T20:29:42Z</time>
      </trkpt>
      <trkpt lat="8.605272" lon="-80.133505">
        <time>2026-08-19T20:29:43Z</time>
      </trkpt>
      <trkpt lat="8.605267" lon="-80.133491">
        <time>2026-08-19T20:29:44Z</time>
      </trkpt>
      <trkpt lat="8.605263" lon="-80.133478">
        <time>2026-08-19T20:29:45Z</time>
      </trkpt>
      <trkpt lat="8.605255" lon="-80.133462">
        <time>2026-08-19T20:29:46Z</time>
      </trkpt>
      <trkpt lat="8.605248" lon="-80.133447">
        <time>2026-08-19T20:29:47Z</time>
      </trkpt>
      <trkpt lat="8.605246" lon="-80.133436">
        <time>2026-08-19T20:29:48Z</time>
      </trkpt>
      <trkpt lat="8.605242" lon="-80.133425">
        <time>2026-08-19T20:29:49Z</time>
      </trkpt>
      <trkpt lat="8.605237" lon="-80.133414">
        <time>2026-08-19T20:29:50Z</time>
      </trkpt>
      <trkpt lat="8.605235" lon="-80.133402">
        <time>2026-08-19T20:29:51Z</time>
      </trkpt>
      <trkpt lat="8.605232" lon="-80.133392">
        <time>2026-08-19T20:29:52Z</time>
      </trkpt>
      <trkpt lat="8.605229" lon="-80.133380">
        <time>2026-08-19T20:29:53Z</time>
      </trkpt>
      <trkpt lat="8.605226" lon="-80.133366">
        <time>2026-08-19T20:29:54Z</time>
      </trkpt>
      <trkpt lat="8.605224" lon="-80.133352">
        <time>2026-08-19T20:29:55Z</time>
      </trkpt>
      <trkpt lat="8.605219" lon="-80.133339">
        <time>2026-08-19T20:29:56Z</time>
      </trkpt>
      <trkpt lat="8.605217" lon="-80.133324">
        <time>2026-08-19T20:29:57Z</time>
      </trkpt>
      <trkpt lat="8.605212" lon="-80.133310">
        <time>2026-08-19T20:29:58Z</time>
      </trkpt>
      <trkpt lat="8.605211" lon="-80.133297">
        <time>2026-08-19T20:29:59Z</time>
      </trkpt>
      <trkpt lat="8.605208" lon="-80.133283">
        <time>2026-08-19T20:30:00Z</time>
      </trkpt>
      <trkpt lat="8.605204" lon="-80.133272">
        <time>2026-08-19T20:30:01Z</time>
      </trkpt>
      <trkpt lat="8.605202" lon="-80.133263">
        <time>2026-08-19T20:30:02Z</time>
      </trkpt>
      <trkpt lat="8.605195" lon="-80.133251">
        <time>2026-08-19T20:30:03Z</time>
      </trkpt>
      <trkpt lat="8.605192" lon="-80.133232">
        <time>2026-08-19T20:30:04Z</time>
      </trkpt>
      <trkpt lat="8.605188" lon="-80.133213">
        <time>2026-08-19T20:30:05Z</time>
      </trkpt>
      <trkpt lat="8.605185" lon="-80.133195">
        <time>2026-08-19T20:30:06Z</time>
      </trkpt>
      <trkpt lat="8.605179" lon="-80.133175">
        <time>2026-08-19T20:30:07Z</time>
      </trkpt>
      <trkpt lat="8.605177" lon="-80.133155">
        <time>2026-08-19T20:30:08Z</time>
      </trkpt>
      <trkpt lat="8.605173" lon="-80.133133">
        <time>2026-08-19T20:30:09Z</time>
      </trkpt>
      <trkpt lat="8.605166" lon="-80.133110">
        <time>2026-08-19T20:30:10Z</time>
      </trkpt>
      <trkpt lat="8.605159" lon="-80.133088">
        <time>2026-08-19T20:30:11Z</time>
      </trkpt>
      <trkpt lat="8.605155" lon="-80.133064">
        <time>2026-08-19T20:30:12Z</time>
      </trkpt>
      <trkpt lat="8.605154" lon="-80.133039">
        <time>2026-08-19T20:30:13Z</time>
      </trkpt>
      <trkpt lat="8.605146" lon="-80.133021">
        <time>2026-08-19T20:30:14Z</time>
      </trkpt>
      <trkpt lat="8.605142" lon="-80.133001">
        <time>2026-08-19T20:30:15Z</time>
      </trkpt>
      <trkpt lat="8.605137" lon="-80.132980">
        <time>2026-08-19T20:30:16Z</time>
      </trkpt>
      <trkpt lat="8.605137" lon="-80.132958">
        <time>2026-08-19T20:30:17Z</time>
      </trkpt>
      <trkpt lat="8.605140" lon="-80.132937">
        <time>2026-08-19T20:30:18Z</time>
      </trkpt>
      <trkpt lat="8.605138" lon="-80.132914">
        <time>2026-08-19T20:30:19Z</time>
      </trkpt>
      <trkpt lat="8.605137" lon="-80.132891">
        <time>2026-08-19T20:30:20Z</time>
      </trkpt>
      <trkpt lat="8.605132" lon="-80.132867">
        <time>2026-08-19T20:30:21Z</time>
      </trkpt>
      <trkpt lat="8.605122" lon="-80.132844">
        <time>2026-08-19T20:30:22Z</time>
      </trkpt>
      <trkpt lat="8.605112" lon="-80.132820">
        <time>2026-08-19T20:30:23Z</time>
      </trkpt>
      <trkpt lat="8.605104" lon="-80.132801">
        <time>2026-08-19T20:30:24Z</time>
      </trkpt>
      <trkpt lat="8.605095" lon="-80.132781">
        <time>2026-08-19T20:30:25Z</time>
      </trkpt>
      <trkpt lat="8.605086" lon="-80.132761">
        <time>2026-08-19T20:30:26Z</time>
      </trkpt>
      <trkpt lat="8.605077" lon="-80.132743">
        <time>2026-08-19T20:30:27Z</time>
      </trkpt>
      <trkpt lat="8.605067" lon="-80.132726">
        <time>2026-08-19T20:30:28Z</time>
      </trkpt>
      <trkpt lat="8.605057" lon="-80.132708">
        <time>2026-08-19T20:30:29Z</time>
      </trkpt>
      <trkpt lat="8.605048" lon="-80.132693">
        <time>2026-08-19T20:30:30Z</time>
      </trkpt>
      <trkpt lat="8.605039" lon="-80.132676">
        <time>2026-08-19T20:30:31Z</time>
      </trkpt>
      <trkpt lat="8.605027" lon="-80.132658">
        <time>2026-08-19T20:30:32Z</time>
      </trkpt>
      <trkpt lat="8.605016" lon="-80.132643">
        <time>2026-08-19T20:30:33Z</time>
      </trkpt>
      <trkpt lat="8.605007" lon="-80.132625">
        <time>2026-08-19T20:30:34Z</time>
      </trkpt>
      <trkpt lat="8.604993" lon="-80.132604">
        <time>2026-08-19T20:30:35Z</time>
      </trkpt>
      <trkpt lat="8.604980" lon="-80.132583">
        <time>2026-08-19T20:30:36Z</time>
      </trkpt>
      <trkpt lat="8.604967" lon="-80.132562">
        <time>2026-08-19T20:30:37Z</time>
      </trkpt>
      <trkpt lat="8.604952" lon="-80.132539">
        <time>2026-08-19T20:30:38Z</time>
      </trkpt>
      <trkpt lat="8.604940" lon="-80.132521">
        <time>2026-08-19T20:30:39Z</time>
      </trkpt>
      <trkpt lat="8.604928" lon="-80.132500">
        <time>2026-08-19T20:30:40Z</time>
      </trkpt>
      <trkpt lat="8.604920" lon="-80.132482">
        <time>2026-08-19T20:30:41Z</time>
      </trkpt>
      <trkpt lat="8.604914" lon="-80.132465">
        <time>2026-08-19T20:30:42Z</time>
      </trkpt>
      <trkpt lat="8.604904" lon="-80.132448">
        <time>2026-08-19T20:30:43Z</time>
      </trkpt>
      <trkpt lat="8.604893" lon="-80.132427">
        <time>2026-08-19T20:30:44Z</time>
      </trkpt>
      <trkpt lat="8.604883" lon="-80.132408">
        <time>2026-08-19T20:30:45Z</time>
      </trkpt>
      <trkpt lat="8.604872" lon="-80.132388">
        <time>2026-08-19T20:30:46Z</time>
      </trkpt>
      <trkpt lat="8.604865" lon="-80.132367">
        <time>2026-08-19T20:30:47Z</time>
      </trkpt>
      <trkpt lat="8.604856" lon="-80.132348">
        <time>2026-08-19T20:30:48Z</time>
      </trkpt>
      <trkpt lat="8.604846" lon="-80.132328">
        <time>2026-08-19T20:30:49Z</time>
      </trkpt>
      <trkpt lat="8.604836" lon="-80.132307">
        <time>2026-08-19T20:30:50Z</time>
      </trkpt>
      <trkpt lat="8.604828" lon="-80.132285">
        <time>2026-08-19T20:30:51Z</time>
      </trkpt>
      <trkpt lat="8.604819" lon="-80.132267">
        <time>2026-08-19T20:30:52Z</time>
      </trkpt>
      <trkpt lat="8.604810" lon="-80.132246">
        <time>2026-08-19T20:30:53Z</time>
      </trkpt>
      <trkpt lat="8.604802" lon="-80.132226">
        <time>2026-08-19T20:30:54Z</time>
      </trkpt>
      <trkpt lat="8.604792" lon="-80.132206">
        <time>2026-08-19T20:30:55Z</time>
      </trkpt>
      <trkpt lat="8.604786" lon="-80.132185">
        <time>2026-08-19T20:30:56Z</time>
      </trkpt>
      <trkpt lat="8.604778" lon="-80.132166">
        <time>2026-08-19T20:30:57Z</time>
      </trkpt>
      <trkpt lat="8.604767" lon="-80.132145">
        <time>2026-08-19T20:30:58Z</time>
      </trkpt>
      <trkpt lat="8.604761" lon="-80.132126">
        <time>2026-08-19T20:30:59Z</time>
      </trkpt>
      <trkpt lat="8.604752" lon="-80.132107">
        <time>2026-08-19T20:31:00Z</time>
      </trkpt>
      <trkpt lat="8.604739" lon="-80.132088">
        <time>2026-08-19T20:31:01Z</time>
      </trkpt>
      <trkpt lat="8.604730" lon="-80.132068">
        <time>2026-08-19T20:31:02Z</time>
      </trkpt>
      <trkpt lat="8.604724" lon="-80.132046">
        <time>2026-08-19T20:31:03Z</time>
      </trkpt>
      <trkpt lat="8.604713" lon="-80.132023">
        <time>2026-08-19T20:31:04Z</time>
      </trkpt>
      <trkpt lat="8.604702" lon="-80.132002">
        <time>2026-08-19T20:31:05Z</time>
      </trkpt>
      <trkpt lat="8.604693" lon="-80.131983">
        <time>2026-08-19T20:31:06Z</time>
      </trkpt>
      <trkpt lat="8.604682" lon="-80.131964">
        <time>2026-08-19T20:31:07Z</time>
      </trkpt>
      <trkpt lat="8.604673" lon="-80.131944">
        <time>2026-08-19T20:31:08Z</time>
      </trkpt>
      <trkpt lat="8.604665" lon="-80.131925">
        <time>2026-08-19T20:31:09Z</time>
      </trkpt>
      <trkpt lat="8.604654" lon="-80.131906">
        <time>2026-08-19T20:31:10Z</time>
      </trkpt>
      <trkpt lat="8.604646" lon="-80.131884">
        <time>2026-08-19T20:31:11Z</time>
      </trkpt>
      <trkpt lat="8.604640" lon="-80.131863">
        <time>2026-08-19T20:31:12Z</time>
      </trkpt>
      <trkpt lat="8.604628" lon="-80.131842">
        <time>2026-08-19T20:31:13Z</time>
      </trkpt>
      <trkpt lat="8.604618" lon="-80.131822">
        <time>2026-08-19T20:31:14Z</time>
      </trkpt>
      <trkpt lat="8.604610" lon="-80.131805">
        <time>2026-08-19T20:31:15Z</time>
      </trkpt>
      <trkpt lat="8.604600" lon="-80.131785">
        <time>2026-08-19T20:31:16Z</time>
      </trkpt>
      <trkpt lat="8.604592" lon="-80.131767">
        <time>2026-08-19T20:31:17Z</time>
      </trkpt>
      <trkpt lat="8.604582" lon="-80.131748">
        <time>2026-08-19T20:31:18Z</time>
      </trkpt>
      <trkpt lat="8.604573" lon="-80.131730">
        <time>2026-08-19T20:31:19Z</time>
      </trkpt>
      <trkpt lat="8.604565" lon="-80.131710">
        <time>2026-08-19T20:31:20Z</time>
      </trkpt>
      <trkpt lat="8.604557" lon="-80.131691">
        <time>2026-08-19T20:31:21Z</time>
      </trkpt>
      <trkpt lat="8.604544" lon="-80.131673">
        <time>2026-08-19T20:31:22Z</time>
      </trkpt>
      <trkpt lat="8.604535" lon="-80.131654">
        <time>2026-08-19T20:31:23Z</time>
      </trkpt>
      <trkpt lat="8.604528" lon="-80.131632">
        <time>2026-08-19T20:31:24Z</time>
      </trkpt>
      <trkpt lat="8.604516" lon="-80.131614">
        <time>2026-08-19T20:31:25Z</time>
      </trkpt>
      <trkpt lat="8.604505" lon="-80.131596">
        <time>2026-08-19T20:31:26Z</time>
      </trkpt>
      <trkpt lat="8.604496" lon="-80.131577">
        <time>2026-08-19T20:31:27Z</time>
      </trkpt>
      <trkpt lat="8.604487" lon="-80.131559">
        <time>2026-08-19T20:31:28Z</time>
      </trkpt>
      <trkpt lat="8.604481" lon="-80.131540">
        <time>2026-08-19T20:31:29Z</time>
      </trkpt>
      <trkpt lat="8.604474" lon="-80.131521">
        <time>2026-08-19T20:31:30Z</time>
      </trkpt>
      <trkpt lat="8.604466" lon="-80.131503">
        <time>2026-08-19T20:31:31Z</time>
      </trkpt>
      <trkpt lat="8.604457" lon="-80.131488">
        <time>2026-08-19T20:31:32Z</time>
      </trkpt>
      <trkpt lat="8.604449" lon="-80.131475">
        <time>2026-08-19T20:31:33Z</time>
      </trkpt>
      <trkpt lat="8.604441" lon="-80.131460">
        <time>2026-08-19T20:31:34Z</time>
      </trkpt>
      <trkpt lat="8.604438" lon="-80.131449">
        <time>2026-08-19T20:31:35Z</time>
      </trkpt>
      <trkpt lat="8.604435" lon="-80.131435">
        <time>2026-08-19T20:31:36Z</time>
      </trkpt>
      <trkpt lat="8.604432" lon="-80.131422">
        <time>2026-08-19T20:31:37Z</time>
      </trkpt>
      <trkpt lat="8.604428" lon="-80.131412">
        <time>2026-08-19T20:31:38Z</time>
      </trkpt>
      <trkpt lat="8.604428" lon="-80.131397">
        <time>2026-08-19T20:31:39Z</time>
      </trkpt>
      <trkpt lat="8.604427" lon="-80.131380">
        <time>2026-08-19T20:31:40Z</time>
      </trkpt>
      <trkpt lat="8.604420" lon="-80.131360">
        <time>2026-08-19T20:31:41Z</time>
      </trkpt>
      <trkpt lat="8.604410" lon="-80.131339">
        <time>2026-08-19T20:31:42Z</time>
      </trkpt>
      <trkpt lat="8.604402" lon="-80.131318">
        <time>2026-08-19T20:31:43Z</time>
      </trkpt>
      <trkpt lat="8.604394" lon="-80.131297">
        <time>2026-08-19T20:31:44Z</time>
      </trkpt>
      <trkpt lat="8.604384" lon="-80.131274">
        <time>2026-08-19T20:31:45Z</time>
      </trkpt>
      <trkpt lat="8.604376" lon="-80.131252">
        <time>2026-08-19T20:31:46Z</time>
      </trkpt>
      <trkpt lat="8.604366" lon="-80.131231">
        <time>2026-08-19T20:31:47Z</time>
      </trkpt>
      <trkpt lat="8.604357" lon="-80.131208">
        <time>2026-08-19T20:31:48Z</time>
      </trkpt>
      <trkpt lat="8.604349" lon="-80.131189">
        <time>2026-08-19T20:31:49Z</time>
      </trkpt>
      <trkpt lat="8.604344" lon="-80.131169">
        <time>2026-08-19T20:31:50Z</time>
      </trkpt>
      <trkpt lat="8.604338" lon="-80.131150">
        <time>2026-08-19T20:31:51Z</time>
      </trkpt>
      <trkpt lat="8.604329" lon="-80.131131">
        <time>2026-08-19T20:31:52Z</time>
      </trkpt>
      <trkpt lat="8.604322" lon="-80.131111">
        <time>2026-08-19T20:31:53Z</time>
      </trkpt>
      <trkpt lat="8.604312" lon="-80.131092">
        <time>2026-08-19T20:31:54Z</time>
      </trkpt>
      <trkpt lat="8.604304" lon="-80.131072">
        <time>2026-08-19T20:31:55Z</time>
      </trkpt>
      <trkpt lat="8.604297" lon="-80.131054">
        <time>2026-08-19T20:31:56Z</time>
      </trkpt>
      <trkpt lat="8.604288" lon="-80.131034">
        <time>2026-08-19T20:31:57Z</time>
      </trkpt>
      <trkpt lat="8.604281" lon="-80.131012">
        <time>2026-08-19T20:31:58Z</time>
      </trkpt>
      <trkpt lat="8.604271" lon="-80.130991">
        <time>2026-08-19T20:31:59Z</time>
      </trkpt>
      <trkpt lat="8.604260" lon="-80.130972">
        <time>2026-08-19T20:32:00Z</time>
      </trkpt>
      <trkpt lat="8.604255" lon="-80.130953">
        <time>2026-08-19T20:32:01Z</time>
      </trkpt>
      <trkpt lat="8.604248" lon="-80.130934">
        <time>2026-08-19T20:32:02Z</time>
      </trkpt>
      <trkpt lat="8.604238" lon="-80.130917">
        <time>2026-08-19T20:32:03Z</time>
      </trkpt>
      <trkpt lat="8.604226" lon="-80.130897">
        <time>2026-08-19T20:32:04Z</time>
      </trkpt>
      <trkpt lat="8.604220" lon="-80.130878">
        <time>2026-08-19T20:32:05Z</time>
      </trkpt>
      <trkpt lat="8.604207" lon="-80.130861">
        <time>2026-08-19T20:32:06Z</time>
      </trkpt>
      <trkpt lat="8.604191" lon="-80.130843">
        <time>2026-08-19T20:32:07Z</time>
      </trkpt>
      <trkpt lat="8.604177" lon="-80.130826">
        <time>2026-08-19T20:32:08Z</time>
      </trkpt>
      <trkpt lat="8.604157" lon="-80.130809">
        <time>2026-08-19T20:32:09Z</time>
      </trkpt>
      <trkpt lat="8.604142" lon="-80.130793">
        <time>2026-08-19T20:32:10Z</time>
      </trkpt>
      <trkpt lat="8.604131" lon="-80.130777">
        <time>2026-08-19T20:32:11Z</time>
      </trkpt>
      <trkpt lat="8.604122" lon="-80.130761">
        <time>2026-08-19T20:32:12Z</time>
      </trkpt>
      <trkpt lat="8.604112" lon="-80.130742">
        <time>2026-08-19T20:32:13Z</time>
      </trkpt>
      <trkpt lat="8.604104" lon="-80.130727">
        <time>2026-08-19T20:32:14Z</time>
      </trkpt>
      <trkpt lat="8.604094" lon="-80.130708">
        <time>2026-08-19T20:32:15Z</time>
      </trkpt>
      <trkpt lat="8.604083" lon="-80.130689">
        <time>2026-08-19T20:32:16Z</time>
      </trkpt>
      <trkpt lat="8.604071" lon="-80.130672">
        <time>2026-08-19T20:32:17Z</time>
      </trkpt>
      <trkpt lat="8.604062" lon="-80.130656">
        <time>2026-08-19T20:32:18Z</time>
      </trkpt>
      <trkpt lat="8.604053" lon="-80.130641">
        <time>2026-08-19T20:32:19Z</time>
      </trkpt>
      <trkpt lat="8.604043" lon="-80.130626">
        <time>2026-08-19T20:32:20Z</time>
      </trkpt>
      <trkpt lat="8.604033" lon="-80.130615">
        <time>2026-08-19T20:32:21Z</time>
      </trkpt>
      <trkpt lat="8.604026" lon="-80.130601">
        <time>2026-08-19T20:32:22Z</time>
      </trkpt>
      <trkpt lat="8.604020" lon="-80.130587">
        <time>2026-08-19T20:32:23Z</time>
      </trkpt>
      <trkpt lat="8.604015" lon="-80.130576">
        <time>2026-08-19T20:32:24Z</time>
      </trkpt>
      <trkpt lat="8.604014" lon="-80.130567">
        <time>2026-08-19T20:32:25Z</time>
      </trkpt>
      <trkpt lat="8.604013" lon="-80.130558">
        <time>2026-08-19T20:32:26Z</time>
      </trkpt>
      <trkpt lat="8.604006" lon="-80.130545">
        <time>2026-08-19T20:32:27Z</time>
      </trkpt>
      <trkpt lat="8.603999" lon="-80.130530">
        <time>2026-08-19T20:32:28Z</time>
      </trkpt>
      <trkpt lat="8.603990" lon="-80.130516">
        <time>2026-08-19T20:32:29Z</time>
      </trkpt>
      <trkpt lat="8.603981" lon="-80.130506">
        <time>2026-08-19T20:32:30Z</time>
      </trkpt>
      <trkpt lat="8.603975" lon="-80.130493">
        <time>2026-08-19T20:32:31Z</time>
      </trkpt>
      <trkpt lat="8.603976" lon="-80.130481">
        <time>2026-08-19T20:32:32Z</time>
      </trkpt>
      <trkpt lat="8.603974" lon="-80.130467">
        <time>2026-08-19T20:32:33Z</time>
      </trkpt>
      <trkpt lat="8.603970" lon="-80.130449">
        <time>2026-08-19T20:32:34Z</time>
      </trkpt>
      <trkpt lat="8.603961" lon="-80.130429">
        <time>2026-08-19T20:32:35Z</time>
      </trkpt>
      <trkpt lat="8.603954" lon="-80.130410">
        <time>2026-08-19T20:32:36Z</time>
      </trkpt>
      <trkpt lat="8.603948" lon="-80.130388">
        <time>2026-08-19T20:32:37Z</time>
      </trkpt>
      <trkpt lat="8.603939" lon="-80.130368">
        <time>2026-08-19T20:32:38Z</time>
      </trkpt>
      <trkpt lat="8.603926" lon="-80.130348">
        <time>2026-08-19T20:32:39Z</time>
      </trkpt>
      <trkpt lat="8.603912" lon="-80.130333">
        <time>2026-08-19T20:32:40Z</time>
      </trkpt>
      <trkpt lat="8.603905" lon="-80.130316">
        <time>2026-08-19T20:32:41Z</time>
      </trkpt>
      <trkpt lat="8.603900" lon="-80.130300">
        <time>2026-08-19T20:32:42Z</time>
      </trkpt>
      <trkpt lat="8.603890" lon="-80.130282">
        <time>2026-08-19T20:32:43Z</time>
      </trkpt>
      <trkpt lat="8.603880" lon="-80.130262">
        <time>2026-08-19T20:32:44Z</time>
      </trkpt>
      <trkpt lat="8.603871" lon="-80.130243">
        <time>2026-08-19T20:32:45Z</time>
      </trkpt>
      <trkpt lat="8.603860" lon="-80.130224">
        <time>2026-08-19T20:32:46Z</time>
      </trkpt>
      <trkpt lat="8.603854" lon="-80.130204">
        <time>2026-08-19T20:32:47Z</time>
      </trkpt>
      <trkpt lat="8.603848" lon="-80.130184">
        <time>2026-08-19T20:32:48Z</time>
      </trkpt>
      <trkpt lat="8.603838" lon="-80.130166">
        <time>2026-08-19T20:32:49Z</time>
      </trkpt>
      <trkpt lat="8.603831" lon="-80.130146">
        <time>2026-08-19T20:32:50Z</time>
      </trkpt>
      <trkpt lat="8.603823" lon="-80.130126">
        <time>2026-08-19T20:32:51Z</time>
      </trkpt>
      <trkpt lat="8.603814" lon="-80.130108">
        <time>2026-08-19T20:32:52Z</time>
      </trkpt>
      <trkpt lat="8.603805" lon="-80.130090">
        <time>2026-08-19T20:32:53Z</time>
      </trkpt>
      <trkpt lat="8.603799" lon="-80.130075">
        <time>2026-08-19T20:32:54Z</time>
      </trkpt>
      <trkpt lat="8.603794" lon="-80.130057">
        <time>2026-08-19T20:32:55Z</time>
      </trkpt>
      <trkpt lat="8.603794" lon="-80.130041">
        <time>2026-08-19T20:32:56Z</time>
      </trkpt>
      <trkpt lat="8.603788" lon="-80.130020">
        <time>2026-08-19T20:32:57Z</time>
      </trkpt>
      <trkpt lat="8.603783" lon="-80.130003">
        <time>2026-08-19T20:32:58Z</time>
      </trkpt>
      <trkpt lat="8.603781" lon="-80.129984">
        <time>2026-08-19T20:32:59Z</time>
      </trkpt>
      <trkpt lat="8.603778" lon="-80.129963">
        <time>2026-08-19T20:33:00Z</time>
      </trkpt>
      <trkpt lat="8.603771" lon="-80.129945">
        <time>2026-08-19T20:33:01Z</time>
      </trkpt>
      <trkpt lat="8.603762" lon="-80.129924">
        <time>2026-08-19T20:33:02Z</time>
      </trkpt>
      <trkpt lat="8.603755" lon="-80.129902">
        <time>2026-08-19T20:33:03Z</time>
      </trkpt>
      <trkpt lat="8.603749" lon="-80.129882">
        <time>2026-08-19T20:33:04Z</time>
      </trkpt>
      <trkpt lat="8.603742" lon="-80.129861">
        <time>2026-08-19T20:33:05Z</time>
      </trkpt>
      <trkpt lat="8.603735" lon="-80.129840">
        <time>2026-08-19T20:33:06Z</time>
      </trkpt>
      <trkpt lat="8.603728" lon="-80.129819">
        <time>2026-08-19T20:33:07Z</time>
      </trkpt>
      <trkpt lat="8.603722" lon="-80.129799">
        <time>2026-08-19T20:33:08Z</time>
      </trkpt>
      <trkpt lat="8.603720" lon="-80.129780">
        <time>2026-08-19T20:33:09Z</time>
      </trkpt>
      <trkpt lat="8.603714" lon="-80.129761">
        <time>2026-08-19T20:33:10Z</time>
      </trkpt>
      <trkpt lat="8.603711" lon="-80.129744">
        <time>2026-08-19T20:33:11Z</time>
      </trkpt>
      <trkpt lat="8.603709" lon="-80.129729">
        <time>2026-08-19T20:33:12Z</time>
      </trkpt>
      <trkpt lat="8.603709" lon="-80.129712">
        <time>2026-08-19T20:33:13Z</time>
      </trkpt>
      <trkpt lat="8.603709" lon="-80.129694">
        <time>2026-08-19T20:33:14Z</time>
      </trkpt>
      <trkpt lat="8.603705" lon="-80.129676">
        <time>2026-08-19T20:33:15Z</time>
      </trkpt>
      <trkpt lat="8.603696" lon="-80.129658">
        <time>2026-08-19T20:33:16Z</time>
      </trkpt>
      <trkpt lat="8.603691" lon="-80.129639">
        <time>2026-08-19T20:33:17Z</time>
      </trkpt>
      <trkpt lat="8.603688" lon="-80.129620">
        <time>2026-08-19T20:33:18Z</time>
      </trkpt>
      <trkpt lat="8.603683" lon="-80.129600">
        <time>2026-08-19T20:33:19Z</time>
      </trkpt>
      <trkpt lat="8.603677" lon="-80.129581">
        <time>2026-08-19T20:33:20Z</time>
      </trkpt>
      <trkpt lat="8.603673" lon="-80.129560">
        <time>2026-08-19T20:33:21Z</time>
      </trkpt>
      <trkpt lat="8.603668" lon="-80.129542">
        <time>2026-08-19T20:33:22Z</time>
      </trkpt>
      <trkpt lat="8.603662" lon="-80.129526">
        <time>2026-08-19T20:33:23Z</time>
      </trkpt>
      <trkpt lat="8.603658" lon="-80.129507">
        <time>2026-08-19T20:33:24Z</time>
      </trkpt>
      <trkpt lat="8.603654" lon="-80.129490">
        <time>2026-08-19T20:33:25Z</time>
      </trkpt>
      <trkpt lat="8.603651" lon="-80.129469">
        <time>2026-08-19T20:33:26Z</time>
      </trkpt>
      <trkpt lat="8.603651" lon="-80.129450">
        <time>2026-08-19T20:33:27Z</time>
      </trkpt>
      <trkpt lat="8.603646" lon="-80.129432">
        <time>2026-08-19T20:33:28Z</time>
      </trkpt>
      <trkpt lat="8.603641" lon="-80.129411">
        <time>2026-08-19T20:33:29Z</time>
      </trkpt>
      <trkpt lat="8.603637" lon="-80.129394">
        <time>2026-08-19T20:33:30Z</time>
      </trkpt>
      <trkpt lat="8.603635" lon="-80.129378">
        <time>2026-08-19T20:33:31Z</time>
      </trkpt>
      <trkpt lat="8.603632" lon="-80.129359">
        <time>2026-08-19T20:33:32Z</time>
      </trkpt>
      <trkpt lat="8.603628" lon="-80.129339">
        <time>2026-08-19T20:33:33Z</time>
      </trkpt>
      <trkpt lat="8.603624" lon="-80.129319">
        <time>2026-08-19T20:33:34Z</time>
      </trkpt>
      <trkpt lat="8.603623" lon="-80.129302">
        <time>2026-08-19T20:33:35Z</time>
      </trkpt>
      <trkpt lat="8.603621" lon="-80.129279">
        <time>2026-08-19T20:33:36Z</time>
      </trkpt>
      <trkpt lat="8.603619" lon="-80.129258">
        <time>2026-08-19T20:33:37Z</time>
      </trkpt>
      <trkpt lat="8.603619" lon="-80.129239">
        <time>2026-08-19T20:33:38Z</time>
      </trkpt>
      <trkpt lat="8.603618" lon="-80.129217">
        <time>2026-08-19T20:33:39Z</time>
      </trkpt>
      <trkpt lat="8.603613" lon="-80.129198">
        <time>2026-08-19T20:33:40Z</time>
      </trkpt>
      <trkpt lat="8.603612" lon="-80.129179">
        <time>2026-08-19T20:33:41Z</time>
      </trkpt>
      <trkpt lat="8.603607" lon="-80.129158">
        <time>2026-08-19T20:33:42Z</time>
      </trkpt>
      <trkpt lat="8.603605" lon="-80.129137">
        <time>2026-08-19T20:33:43Z</time>
      </trkpt>
      <trkpt lat="8.603605" lon="-80.129118">
        <time>2026-08-19T20:33:44Z</time>
      </trkpt>
      <trkpt lat="8.603604" lon="-80.129095">
        <time>2026-08-19T20:33:45Z</time>
      </trkpt>
      <trkpt lat="8.603604" lon="-80.129075">
        <time>2026-08-19T20:33:46Z</time>
      </trkpt>
      <trkpt lat="8.603605" lon="-80.129056">
        <time>2026-08-19T20:33:47Z</time>
      </trkpt>
      <trkpt lat="8.603602" lon="-80.129036">
        <time>2026-08-19T20:33:48Z</time>
      </trkpt>
      <trkpt lat="8.603599" lon="-80.129015">
        <time>2026-08-19T20:33:49Z</time>
      </trkpt>
      <trkpt lat="8.603600" lon="-80.128996">
        <time>2026-08-19T20:33:50Z</time>
      </trkpt>
      <trkpt lat="8.603599" lon="-80.128977">
        <time>2026-08-19T20:33:51Z</time>
      </trkpt>
      <trkpt lat="8.603596" lon="-80.128958">
        <time>2026-08-19T20:33:52Z</time>
      </trkpt>
      <trkpt lat="8.603596" lon="-80.128937">
        <time>2026-08-19T20:33:53Z</time>
      </trkpt>
      <trkpt lat="8.603594" lon="-80.128915">
        <time>2026-08-19T20:33:54Z</time>
      </trkpt>
      <trkpt lat="8.603589" lon="-80.128893">
        <time>2026-08-19T20:33:55Z</time>
      </trkpt>
      <trkpt lat="8.603590" lon="-80.128875">
        <time>2026-08-19T20:33:56Z</time>
      </trkpt>
      <trkpt lat="8.603590" lon="-80.128855">
        <time>2026-08-19T20:33:57Z</time>
      </trkpt>
      <trkpt lat="8.603589" lon="-80.128840">
        <time>2026-08-19T20:33:58Z</time>
      </trkpt>
      <trkpt lat="8.603592" lon="-80.128817">
        <time>2026-08-19T20:33:59Z</time>
      </trkpt>
      <trkpt lat="8.603595" lon="-80.128799">
        <time>2026-08-19T20:34:00Z</time>
      </trkpt>
      <trkpt lat="8.603595" lon="-80.128778">
        <time>2026-08-19T20:34:01Z</time>
      </trkpt>
      <trkpt lat="8.603593" lon="-80.128759">
        <time>2026-08-19T20:34:02Z</time>
      </trkpt>
      <trkpt lat="8.603593" lon="-80.128740">
        <time>2026-08-19T20:34:03Z</time>
      </trkpt>
      <trkpt lat="8.603593" lon="-80.128721">
        <time>2026-08-19T20:34:04Z</time>
      </trkpt>
      <trkpt lat="8.603593" lon="-80.128710">
        <time>2026-08-19T20:34:05Z</time>
      </trkpt>
      <trkpt lat="8.603592" lon="-80.128698">
        <time>2026-08-19T20:34:06Z</time>
      </trkpt>
      <trkpt lat="8.603593" lon="-80.128684">
        <time>2026-08-19T20:34:07Z</time>
      </trkpt>
      <trkpt lat="8.603590" lon="-80.128671">
        <time>2026-08-19T20:34:08Z</time>
      </trkpt>
      <trkpt lat="8.603586" lon="-80.128659">
        <time>2026-08-19T20:34:09Z</time>
      </trkpt>
      <trkpt lat="8.603586" lon="-80.128642">
        <time>2026-08-19T20:34:10Z</time>
      </trkpt>
      <trkpt lat="8.603591" lon="-80.128625">
        <time>2026-08-19T20:34:11Z</time>
      </trkpt>
      <trkpt lat="8.603595" lon="-80.128611">
        <time>2026-08-19T20:34:12Z</time>
      </trkpt>
      <trkpt lat="8.603600" lon="-80.128598">
        <time>2026-08-19T20:34:13Z</time>
      </trkpt>
      <trkpt lat="8.603602" lon="-80.128584">
        <time>2026-08-19T20:34:14Z</time>
      </trkpt>
      <trkpt lat="8.603609" lon="-80.128570">
        <time>2026-08-19T20:34:15Z</time>
      </trkpt>
      <trkpt lat="8.603613" lon="-80.128558">
        <time>2026-08-19T20:34:16Z</time>
      </trkpt>
      <trkpt lat="8.603619" lon="-80.128539">
        <time>2026-08-19T20:34:17Z</time>
      </trkpt>
      <trkpt lat="8.603626" lon="-80.128522">
        <time>2026-08-19T20:34:18Z</time>
      </trkpt>
      <trkpt lat="8.603632" lon="-80.128505">
        <time>2026-08-19T20:34:19Z</time>
      </trkpt>
      <trkpt lat="8.603640" lon="-80.128485">
        <time>2026-08-19T20:34:20Z</time>
      </trkpt>
      <trkpt lat="8.603645" lon="-80.128463">
        <time>2026-08-19T20:34:21Z</time>
      </trkpt>
      <trkpt lat="8.603650" lon="-80.128440">
        <time>2026-08-19T20:34:22Z</time>
      </trkpt>
      <trkpt lat="8.603659" lon="-80.128418">
        <time>2026-08-19T20:34:23Z</time>
      </trkpt>
      <trkpt lat="8.603668" lon="-80.128397">
        <time>2026-08-19T20:34:24Z</time>
      </trkpt>
      <trkpt lat="8.603679" lon="-80.128375">
        <time>2026-08-19T20:34:25Z</time>
      </trkpt>
      <trkpt lat="8.603686" lon="-80.128354">
        <time>2026-08-19T20:34:26Z</time>
      </trkpt>
      <trkpt lat="8.603693" lon="-80.128331">
        <time>2026-08-19T20:34:27Z</time>
      </trkpt>
      <trkpt lat="8.603696" lon="-80.128310">
        <time>2026-08-19T20:34:28Z</time>
      </trkpt>
      <trkpt lat="8.603702" lon="-80.128290">
        <time>2026-08-19T20:34:29Z</time>
      </trkpt>
      <trkpt lat="8.603709" lon="-80.128270">
        <time>2026-08-19T20:34:30Z</time>
      </trkpt>
      <trkpt lat="8.603712" lon="-80.128251">
        <time>2026-08-19T20:34:31Z</time>
      </trkpt>
      <trkpt lat="8.603716" lon="-80.128230">
        <time>2026-08-19T20:34:32Z</time>
      </trkpt>
      <trkpt lat="8.603719" lon="-80.128210">
        <time>2026-08-19T20:34:33Z</time>
      </trkpt>
      <trkpt lat="8.603720" lon="-80.128191">
        <time>2026-08-19T20:34:34Z</time>
      </trkpt>
      <trkpt lat="8.603724" lon="-80.128170">
        <time>2026-08-19T20:34:35Z</time>
      </trkpt>
      <trkpt lat="8.603728" lon="-80.128150">
        <time>2026-08-19T20:34:36Z</time>
      </trkpt>
      <trkpt lat="8.603732" lon="-80.128129">
        <time>2026-08-19T20:34:37Z</time>
      </trkpt>
      <trkpt lat="8.603735" lon="-80.128111">
        <time>2026-08-19T20:34:38Z</time>
      </trkpt>
      <trkpt lat="8.603739" lon="-80.128093">
        <time>2026-08-19T20:34:39Z</time>
      </trkpt>
      <trkpt lat="8.603746" lon="-80.128073">
        <time>2026-08-19T20:34:40Z</time>
      </trkpt>
      <trkpt lat="8.603748" lon="-80.128054">
        <time>2026-08-19T20:34:41Z</time>
      </trkpt>
      <trkpt lat="8.603753" lon="-80.128034">
        <time>2026-08-19T20:34:42Z</time>
      </trkpt>
      <trkpt lat="8.603756" lon="-80.128012">
        <time>2026-08-19T20:34:43Z</time>
      </trkpt>
      <trkpt lat="8.603758" lon="-80.127990">
        <time>2026-08-19T20:34:44Z</time>
      </trkpt>
      <trkpt lat="8.603762" lon="-80.127971">
        <time>2026-08-19T20:34:45Z</time>
      </trkpt>
      <trkpt lat="8.603763" lon="-80.127953">
        <time>2026-08-19T20:34:46Z</time>
      </trkpt>
      <trkpt lat="8.603765" lon="-80.127933">
        <time>2026-08-19T20:34:47Z</time>
      </trkpt>
      <trkpt lat="8.603769" lon="-80.127914">
        <time>2026-08-19T20:34:48Z</time>
      </trkpt>
      <trkpt lat="8.603775" lon="-80.127891">
        <time>2026-08-19T20:34:49Z</time>
      </trkpt>
      <trkpt lat="8.603779" lon="-80.127872">
        <time>2026-08-19T20:34:50Z</time>
      </trkpt>
      <trkpt lat="8.603781" lon="-80.127854">
        <time>2026-08-19T20:34:51Z</time>
      </trkpt>
      <trkpt lat="8.603787" lon="-80.127835">
        <time>2026-08-19T20:34:52Z</time>
      </trkpt>
      <trkpt lat="8.603790" lon="-80.127818">
        <time>2026-08-19T20:34:53Z</time>
      </trkpt>
      <trkpt lat="8.603795" lon="-80.127798">
        <time>2026-08-19T20:34:54Z</time>
      </trkpt>
      <trkpt lat="8.603798" lon="-80.127778">
        <time>2026-08-19T20:34:55Z</time>
      </trkpt>
      <trkpt lat="8.603801" lon="-80.127757">
        <time>2026-08-19T20:34:56Z</time>
      </trkpt>
      <trkpt lat="8.603805" lon="-80.127738">
        <time>2026-08-19T20:34:57Z</time>
      </trkpt>
      <trkpt lat="8.603809" lon="-80.127719">
        <time>2026-08-19T20:34:58Z</time>
      </trkpt>
      <trkpt lat="8.603814" lon="-80.127704">
        <time>2026-08-19T20:34:59Z</time>
      </trkpt>
      <trkpt lat="8.603819" lon="-80.127683">
        <time>2026-08-19T20:35:00Z</time>
      </trkpt>
      <trkpt lat="8.603824" lon="-80.127663">
        <time>2026-08-19T20:35:01Z</time>
      </trkpt>
      <trkpt lat="8.603824" lon="-80.127643">
        <time>2026-08-19T20:35:02Z</time>
      </trkpt>
      <trkpt lat="8.603826" lon="-80.127624">
        <time>2026-08-19T20:35:03Z</time>
      </trkpt>
      <trkpt lat="8.603832" lon="-80.127604">
        <time>2026-08-19T20:35:04Z</time>
      </trkpt>
      <trkpt lat="8.603838" lon="-80.127584">
        <time>2026-08-19T20:35:05Z</time>
      </trkpt>
      <trkpt lat="8.603842" lon="-80.127566">
        <time>2026-08-19T20:35:06Z</time>
      </trkpt>
      <trkpt lat="8.603847" lon="-80.127546">
        <time>2026-08-19T20:35:07Z</time>
      </trkpt>
      <trkpt lat="8.603852" lon="-80.127526">
        <time>2026-08-19T20:35:08Z</time>
      </trkpt>
      <trkpt lat="8.603855" lon="-80.127505">
        <time>2026-08-19T20:35:09Z</time>
      </trkpt>
      <trkpt lat="8.603858" lon="-80.127488">
        <time>2026-08-19T20:35:10Z</time>
      </trkpt>
      <trkpt lat="8.603866" lon="-80.127468">
        <time>2026-08-19T20:35:11Z</time>
      </trkpt>
      <trkpt lat="8.603870" lon="-80.127449">
        <time>2026-08-19T20:35:12Z</time>
      </trkpt>
      <trkpt lat="8.603875" lon="-80.127429">
        <time>2026-08-19T20:35:13Z</time>
      </trkpt>
      <trkpt lat="8.603880" lon="-80.127410">
        <time>2026-08-19T20:35:14Z</time>
      </trkpt>
      <trkpt lat="8.603884" lon="-80.127391">
        <time>2026-08-19T20:35:15Z</time>
      </trkpt>
      <trkpt lat="8.603890" lon="-80.127372">
        <time>2026-08-19T20:35:16Z</time>
      </trkpt>
      <trkpt lat="8.603893" lon="-80.127353">
        <time>2026-08-19T20:35:17Z</time>
      </trkpt>
      <trkpt lat="8.603907" lon="-80.127314">
        <time>2026-08-19T20:35:18Z</time>
      </trkpt>
      <trkpt lat="8.603914" lon="-80.127292">
        <time>2026-08-19T20:35:19Z</time>
      </trkpt>
      <trkpt lat="8.603914" lon="-80.127292">
        <time>2026-08-19T20:35:20Z</time>
      </trkpt>
      <trkpt lat="8.603923" lon="-80.127272">
        <time>2026-08-19T20:35:21Z</time>
      </trkpt>
      <trkpt lat="8.603927" lon="-80.127253">
        <time>2026-08-19T20:35:22Z</time>
      </trkpt>
      <trkpt lat="8.603935" lon="-80.127233">
        <time>2026-08-19T20:35:23Z</time>
      </trkpt>
      <trkpt lat="8.603940" lon="-80.127215">
        <time>2026-08-19T20:35:24Z</time>
      </trkpt>
      <trkpt lat="8.603942" lon="-80.127197">
        <time>2026-08-19T20:35:25Z</time>
      </trkpt>
      <trkpt lat="8.603944" lon="-80.127179">
        <time>2026-08-19T20:35:26Z</time>
      </trkpt>
      <trkpt lat="8.603947" lon="-80.127161">
        <time>2026-08-19T20:35:27Z</time>
      </trkpt>
      <trkpt lat="8.603951" lon="-80.127144">
        <time>2026-08-19T20:35:28Z</time>
      </trkpt>
      <trkpt lat="8.603957" lon="-80.127122">
        <time>2026-08-19T20:35:29Z</time>
      </trkpt>
      <trkpt lat="8.603961" lon="-80.127098">
        <time>2026-08-19T20:35:30Z</time>
      </trkpt>
      <trkpt lat="8.603967" lon="-80.127079">
        <time>2026-08-19T20:35:31Z</time>
      </trkpt>
      <trkpt lat="8.603970" lon="-80.127057">
        <time>2026-08-19T20:35:32Z</time>
      </trkpt>
      <trkpt lat="8.603974" lon="-80.127038">
        <time>2026-08-19T20:35:33Z</time>
      </trkpt>
      <trkpt lat="8.603977" lon="-80.127021">
        <time>2026-08-19T20:35:34Z</time>
      </trkpt>
      <trkpt lat="8.603982" lon="-80.127000">
        <time>2026-08-19T20:35:35Z</time>
      </trkpt>
      <trkpt lat="8.603987" lon="-80.126985">
        <time>2026-08-19T20:35:36Z</time>
      </trkpt>
      <trkpt lat="8.603989" lon="-80.126967">
        <time>2026-08-19T20:35:37Z</time>
      </trkpt>
      <trkpt lat="8.603993" lon="-80.126946">
        <time>2026-08-19T20:35:38Z</time>
      </trkpt>
      <trkpt lat="8.603998" lon="-80.126924">
        <time>2026-08-19T20:35:39Z</time>
      </trkpt>
      <trkpt lat="8.604001" lon="-80.126907">
        <time>2026-08-19T20:35:40Z</time>
      </trkpt>
      <trkpt lat="8.604003" lon="-80.126887">
        <time>2026-08-19T20:35:41Z</time>
      </trkpt>
      <trkpt lat="8.604006" lon="-80.126868">
        <time>2026-08-19T20:35:42Z</time>
      </trkpt>
      <trkpt lat="8.604007" lon="-80.126848">
        <time>2026-08-19T20:35:43Z</time>
      </trkpt>
      <trkpt lat="8.604011" lon="-80.126827">
        <time>2026-08-19T20:35:44Z</time>
      </trkpt>
      <trkpt lat="8.604012" lon="-80.126807">
        <time>2026-08-19T20:35:45Z</time>
      </trkpt>
      <trkpt lat="8.604015" lon="-80.126788">
        <time>2026-08-19T20:35:46Z</time>
      </trkpt>
      <trkpt lat="8.604017" lon="-80.126771">
        <time>2026-08-19T20:35:47Z</time>
      </trkpt>
      <trkpt lat="8.604021" lon="-80.126753">
        <time>2026-08-19T20:35:48Z</time>
      </trkpt>
      <trkpt lat="8.604023" lon="-80.126734">
        <time>2026-08-19T20:35:49Z</time>
      </trkpt>
      <trkpt lat="8.604027" lon="-80.126715">
        <time>2026-08-19T20:35:50Z</time>
      </trkpt>
      <trkpt lat="8.604032" lon="-80.126693">
        <time>2026-08-19T20:35:51Z</time>
      </trkpt>
      <trkpt lat="8.604034" lon="-80.126673">
        <time>2026-08-19T20:35:52Z</time>
      </trkpt>
      <trkpt lat="8.604041" lon="-80.126639">
        <time>2026-08-19T20:35:53Z</time>
      </trkpt>
      <trkpt lat="8.604041" lon="-80.126639">
        <time>2026-08-19T20:35:54Z</time>
      </trkpt>
      <trkpt lat="8.604041" lon="-80.126627">
        <time>2026-08-19T20:35:55Z</time>
      </trkpt>
      <trkpt lat="8.604039" lon="-80.126616">
        <time>2026-08-19T20:35:56Z</time>
      </trkpt>
      <trkpt lat="8.604039" lon="-80.126603">
        <time>2026-08-19T20:35:57Z</time>
      </trkpt>
      <trkpt lat="8.604040" lon="-80.126590">
        <time>2026-08-19T20:35:58Z</time>
      </trkpt>
      <trkpt lat="8.604043" lon="-80.126571">
        <time>2026-08-19T20:35:59Z</time>
      </trkpt>
      <trkpt lat="8.604043" lon="-80.126557">
        <time>2026-08-19T20:36:00Z</time>
      </trkpt>
      <trkpt lat="8.604047" lon="-80.126542">
        <time>2026-08-19T20:36:01Z</time>
      </trkpt>
      <trkpt lat="8.604053" lon="-80.126525">
        <time>2026-08-19T20:36:02Z</time>
      </trkpt>
      <trkpt lat="8.604058" lon="-80.126509">
        <time>2026-08-19T20:36:03Z</time>
      </trkpt>
      <trkpt lat="8.604057" lon="-80.126494">
        <time>2026-08-19T20:36:04Z</time>
      </trkpt>
      <trkpt lat="8.604061" lon="-80.126476">
        <time>2026-08-19T20:36:05Z</time>
      </trkpt>
      <trkpt lat="8.604066" lon="-80.126458">
        <time>2026-08-19T20:36:06Z</time>
      </trkpt>
      <trkpt lat="8.604070" lon="-80.126437">
        <time>2026-08-19T20:36:07Z</time>
      </trkpt>
      <trkpt lat="8.604075" lon="-80.126418">
        <time>2026-08-19T20:36:08Z</time>
      </trkpt>
      <trkpt lat="8.604081" lon="-80.126397">
        <time>2026-08-19T20:36:09Z</time>
      </trkpt>
      <trkpt lat="8.604086" lon="-80.126375">
        <time>2026-08-19T20:36:10Z</time>
      </trkpt>
      <trkpt lat="8.604093" lon="-80.126354">
        <time>2026-08-19T20:36:11Z</time>
      </trkpt>
      <trkpt lat="8.604098" lon="-80.126332">
        <time>2026-08-19T20:36:12Z</time>
      </trkpt>
      <trkpt lat="8.604103" lon="-80.126310">
        <time>2026-08-19T20:36:13Z</time>
      </trkpt>
      <trkpt lat="8.604109" lon="-80.126291">
        <time>2026-08-19T20:36:14Z</time>
      </trkpt>
      <trkpt lat="8.604116" lon="-80.126270">
        <time>2026-08-19T20:36:15Z</time>
      </trkpt>
      <trkpt lat="8.604124" lon="-80.126253">
        <time>2026-08-19T20:36:16Z</time>
      </trkpt>
      <trkpt lat="8.604132" lon="-80.126233">
        <time>2026-08-19T20:36:17Z</time>
      </trkpt>
      <trkpt lat="8.604138" lon="-80.126213">
        <time>2026-08-19T20:36:18Z</time>
      </trkpt>
      <trkpt lat="8.604141" lon="-80.126194">
        <time>2026-08-19T20:36:19Z</time>
      </trkpt>
      <trkpt lat="8.604148" lon="-80.126170">
        <time>2026-08-19T20:36:20Z</time>
      </trkpt>
      <trkpt lat="8.604153" lon="-80.126150">
        <time>2026-08-19T20:36:21Z</time>
      </trkpt>
      <trkpt lat="8.604155" lon="-80.126130">
        <time>2026-08-19T20:36:22Z</time>
      </trkpt>
      <trkpt lat="8.604160" lon="-80.126109">
        <time>2026-08-19T20:36:23Z</time>
      </trkpt>
      <trkpt lat="8.604165" lon="-80.126087">
        <time>2026-08-19T20:36:24Z</time>
      </trkpt>
      <trkpt lat="8.604171" lon="-80.126064">
        <time>2026-08-19T20:36:25Z</time>
      </trkpt>
      <trkpt lat="8.604176" lon="-80.126045">
        <time>2026-08-19T20:36:26Z</time>
      </trkpt>
      <trkpt lat="8.604181" lon="-80.126026">
        <time>2026-08-19T20:36:27Z</time>
      </trkpt>
      <trkpt lat="8.604185" lon="-80.126005">
        <time>2026-08-19T20:36:28Z</time>
      </trkpt>
      <trkpt lat="8.604192" lon="-80.125986">
        <time>2026-08-19T20:36:29Z</time>
      </trkpt>
      <trkpt lat="8.604193" lon="-80.125966">
        <time>2026-08-19T20:36:30Z</time>
      </trkpt>
      <trkpt lat="8.604192" lon="-80.125944">
        <time>2026-08-19T20:36:31Z</time>
      </trkpt>
      <trkpt lat="8.604193" lon="-80.125922">
        <time>2026-08-19T20:36:32Z</time>
      </trkpt>
      <trkpt lat="8.604194" lon="-80.125899">
        <time>2026-08-19T20:36:33Z</time>
      </trkpt>
      <trkpt lat="8.604193" lon="-80.125875">
        <time>2026-08-19T20:36:34Z</time>
      </trkpt>
      <trkpt lat="8.604194" lon="-80.125855">
        <time>2026-08-19T20:36:35Z</time>
      </trkpt>
      <trkpt lat="8.604195" lon="-80.125836">
        <time>2026-08-19T20:36:36Z</time>
      </trkpt>
      <trkpt lat="8.604195" lon="-80.125814">
        <time>2026-08-19T20:36:37Z</time>
      </trkpt>
      <trkpt lat="8.604196" lon="-80.125792">
        <time>2026-08-19T20:36:38Z</time>
      </trkpt>
      <trkpt lat="8.604195" lon="-80.125772">
        <time>2026-08-19T20:36:39Z</time>
      </trkpt>
      <trkpt lat="8.604195" lon="-80.125748">
        <time>2026-08-19T20:36:40Z</time>
      </trkpt>
      <trkpt lat="8.604196" lon="-80.125727">
        <time>2026-08-19T20:36:41Z</time>
      </trkpt>
      <trkpt lat="8.604190" lon="-80.125704">
        <time>2026-08-19T20:36:42Z</time>
      </trkpt>
      <trkpt lat="8.604183" lon="-80.125682">
        <time>2026-08-19T20:36:43Z</time>
      </trkpt>
      <trkpt lat="8.604182" lon="-80.125660">
        <time>2026-08-19T20:36:44Z</time>
      </trkpt>
      <trkpt lat="8.604180" lon="-80.125642">
        <time>2026-08-19T20:36:45Z</time>
      </trkpt>
      <trkpt lat="8.604181" lon="-80.125621">
        <time>2026-08-19T20:36:46Z</time>
      </trkpt>
      <trkpt lat="8.604180" lon="-80.125599">
        <time>2026-08-19T20:36:47Z</time>
      </trkpt>
      <trkpt lat="8.604179" lon="-80.125576">
        <time>2026-08-19T20:36:48Z</time>
      </trkpt>
      <trkpt lat="8.604179" lon="-80.125531">
        <time>2026-08-19T20:36:49Z</time>
      </trkpt>
      <trkpt lat="8.604179" lon="-80.125531">
        <time>2026-08-19T20:36:50Z</time>
      </trkpt>
      <trkpt lat="8.604179" lon="-80.125513">
        <time>2026-08-19T20:36:51Z</time>
      </trkpt>
      <trkpt lat="8.604180" lon="-80.125494">
        <time>2026-08-19T20:36:52Z</time>
      </trkpt>
      <trkpt lat="8.604179" lon="-80.125476">
        <time>2026-08-19T20:36:53Z</time>
      </trkpt>
      <trkpt lat="8.604178" lon="-80.125458">
        <time>2026-08-19T20:36:54Z</time>
      </trkpt>
      <trkpt lat="8.604179" lon="-80.125438">
        <time>2026-08-19T20:36:55Z</time>
      </trkpt>
      <trkpt lat="8.604179" lon="-80.125421">
        <time>2026-08-19T20:36:56Z</time>
      </trkpt>
      <trkpt lat="8.604181" lon="-80.125399">
        <time>2026-08-19T20:36:57Z</time>
      </trkpt>
      <trkpt lat="8.604180" lon="-80.125377">
        <time>2026-08-19T20:36:58Z</time>
      </trkpt>
      <trkpt lat="8.604181" lon="-80.125355">
        <time>2026-08-19T20:36:59Z</time>
      </trkpt>
      <trkpt lat="8.604182" lon="-80.125336">
        <time>2026-08-19T20:37:00Z</time>
      </trkpt>
      <trkpt lat="8.604183" lon="-80.125316">
        <time>2026-08-19T20:37:01Z</time>
      </trkpt>
      <trkpt lat="8.604183" lon="-80.125297">
        <time>2026-08-19T20:37:02Z</time>
      </trkpt>
      <trkpt lat="8.604181" lon="-80.125277">
        <time>2026-08-19T20:37:03Z</time>
      </trkpt>
      <trkpt lat="8.604181" lon="-80.125258">
        <time>2026-08-19T20:37:04Z</time>
      </trkpt>
      <trkpt lat="8.604184" lon="-80.125237">
        <time>2026-08-19T20:37:05Z</time>
      </trkpt>
      <trkpt lat="8.604186" lon="-80.125215">
        <time>2026-08-19T20:37:06Z</time>
      </trkpt>
      <trkpt lat="8.604185" lon="-80.125192">
        <time>2026-08-19T20:37:07Z</time>
      </trkpt>
      <trkpt lat="8.604187" lon="-80.125171">
        <time>2026-08-19T20:37:08Z</time>
      </trkpt>
      <trkpt lat="8.604187" lon="-80.125150">
        <time>2026-08-19T20:37:09Z</time>
      </trkpt>
      <trkpt lat="8.604186" lon="-80.125128">
        <time>2026-08-19T20:37:10Z</time>
      </trkpt>
      <trkpt lat="8.604185" lon="-80.125106">
        <time>2026-08-19T20:37:11Z</time>
      </trkpt>
      <trkpt lat="8.604185" lon="-80.125086">
        <time>2026-08-19T20:37:12Z</time>
      </trkpt>
      <trkpt lat="8.604184" lon="-80.125067">
        <time>2026-08-19T20:37:13Z</time>
      </trkpt>
      <trkpt lat="8.604187" lon="-80.125050">
        <time>2026-08-19T20:37:14Z</time>
      </trkpt>
      <trkpt lat="8.604189" lon="-80.125032">
        <time>2026-08-19T20:37:15Z</time>
      </trkpt>
      <trkpt lat="8.604189" lon="-80.125012">
        <time>2026-08-19T20:37:16Z</time>
      </trkpt>
      <trkpt lat="8.604193" lon="-80.124994">
        <time>2026-08-19T20:37:17Z</time>
      </trkpt>
      <trkpt lat="8.604196" lon="-80.124972">
        <time>2026-08-19T20:37:18Z</time>
      </trkpt>
      <trkpt lat="8.604196" lon="-80.124950">
        <time>2026-08-19T20:37:19Z</time>
      </trkpt>
      <trkpt lat="8.604196" lon="-80.124925">
        <time>2026-08-19T20:37:20Z</time>
      </trkpt>
      <trkpt lat="8.604197" lon="-80.124906">
        <time>2026-08-19T20:37:21Z</time>
      </trkpt>
      <trkpt lat="8.604198" lon="-80.124884">
        <time>2026-08-19T20:37:22Z</time>
      </trkpt>
      <trkpt lat="8.604199" lon="-80.124864">
        <time>2026-08-19T20:37:23Z</time>
      </trkpt>
      <trkpt lat="8.604201" lon="-80.124846">
        <time>2026-08-19T20:37:24Z</time>
      </trkpt>
      <trkpt lat="8.604199" lon="-80.124824">
        <time>2026-08-19T20:37:25Z</time>
      </trkpt>
      <trkpt lat="8.604200" lon="-80.124801">
        <time>2026-08-19T20:37:26Z</time>
      </trkpt>
      <trkpt lat="8.604203" lon="-80.124783">
        <time>2026-08-19T20:37:27Z</time>
      </trkpt>
      <trkpt lat="8.604203" lon="-80.124761">
        <time>2026-08-19T20:37:28Z</time>
      </trkpt>
      <trkpt lat="8.604199" lon="-80.124743">
        <time>2026-08-19T20:37:29Z</time>
      </trkpt>
      <trkpt lat="8.604198" lon="-80.124724">
        <time>2026-08-19T20:37:30Z</time>
      </trkpt>
      <trkpt lat="8.604202" lon="-80.124703">
        <time>2026-08-19T20:37:31Z</time>
      </trkpt>
      <trkpt lat="8.604206" lon="-80.124684">
        <time>2026-08-19T20:37:32Z</time>
      </trkpt>
      <trkpt lat="8.604209" lon="-80.124668">
        <time>2026-08-19T20:37:33Z</time>
      </trkpt>
      <trkpt lat="8.604208" lon="-80.124652">
        <time>2026-08-19T20:37:34Z</time>
      </trkpt>
      <trkpt lat="8.604209" lon="-80.124632">
        <time>2026-08-19T20:37:35Z</time>
      </trkpt>
      <trkpt lat="8.604209" lon="-80.124615">
        <time>2026-08-19T20:37:36Z</time>
      </trkpt>
      <trkpt lat="8.604210" lon="-80.124595">
        <time>2026-08-19T20:37:37Z</time>
      </trkpt>
      <trkpt lat="8.604214" lon="-80.124576">
        <time>2026-08-19T20:37:38Z</time>
      </trkpt>
      <trkpt lat="8.604217" lon="-80.124556">
        <time>2026-08-19T20:37:39Z</time>
      </trkpt>
      <trkpt lat="8.604221" lon="-80.124537">
        <time>2026-08-19T20:37:40Z</time>
      </trkpt>
      <trkpt lat="8.604228" lon="-80.124518">
        <time>2026-08-19T20:37:41Z</time>
      </trkpt>
      <trkpt lat="8.604232" lon="-80.124500">
        <time>2026-08-19T20:37:42Z</time>
      </trkpt>
      <trkpt lat="8.604235" lon="-80.124478">
        <time>2026-08-19T20:37:43Z</time>
      </trkpt>
      <trkpt lat="8.604235" lon="-80.124456">
        <time>2026-08-19T20:37:44Z</time>
      </trkpt>
      <trkpt lat="8.604237" lon="-80.124437">
        <time>2026-08-19T20:37:45Z</time>
      </trkpt>
      <trkpt lat="8.604237" lon="-80.124418">
        <time>2026-08-19T20:37:46Z</time>
      </trkpt>
      <trkpt lat="8.604238" lon="-80.124398">
        <time>2026-08-19T20:37:47Z</time>
      </trkpt>
      <trkpt lat="8.604243" lon="-80.124376">
        <time>2026-08-19T20:37:48Z</time>
      </trkpt>
      <trkpt lat="8.604244" lon="-80.124357">
        <time>2026-08-19T20:37:49Z</time>
      </trkpt>
      <trkpt lat="8.604244" lon="-80.124335">
        <time>2026-08-19T20:37:50Z</time>
      </trkpt>
      <trkpt lat="8.604245" lon="-80.124318">
        <time>2026-08-19T20:37:51Z</time>
      </trkpt>
      <trkpt lat="8.604245" lon="-80.124300">
        <time>2026-08-19T20:37:52Z</time>
      </trkpt>
      <trkpt lat="8.604246" lon="-80.124282">
        <time>2026-08-19T20:37:53Z</time>
      </trkpt>
      <trkpt lat="8.604246" lon="-80.124259">
        <time>2026-08-19T20:37:54Z</time>
      </trkpt>
      <trkpt lat="8.604243" lon="-80.124241">
        <time>2026-08-19T20:37:55Z</time>
      </trkpt>
      <trkpt lat="8.604242" lon="-80.124221">
        <time>2026-08-19T20:37:56Z</time>
      </trkpt>
      <trkpt lat="8.604242" lon="-80.124203">
        <time>2026-08-19T20:37:57Z</time>
      </trkpt>
      <trkpt lat="8.604242" lon="-80.124184">
        <time>2026-08-19T20:37:58Z</time>
      </trkpt>
      <trkpt lat="8.604240" lon="-80.124164">
        <time>2026-08-19T20:37:59Z</time>
      </trkpt>
      <trkpt lat="8.604242" lon="-80.124144">
        <time>2026-08-19T20:38:00Z</time>
      </trkpt>
      <trkpt lat="8.604242" lon="-80.124127">
        <time>2026-08-19T20:38:01Z</time>
      </trkpt>
      <trkpt lat="8.604240" lon="-80.124109">
        <time>2026-08-19T20:38:02Z</time>
      </trkpt>
      <trkpt lat="8.604238" lon="-80.124093">
        <time>2026-08-19T20:38:03Z</time>
      </trkpt>
      <trkpt lat="8.604238" lon="-80.124074">
        <time>2026-08-19T20:38:04Z</time>
      </trkpt>
      <trkpt lat="8.604242" lon="-80.124055">
        <time>2026-08-19T20:38:05Z</time>
      </trkpt>
      <trkpt lat="8.604242" lon="-80.124036">
        <time>2026-08-19T20:38:06Z</time>
      </trkpt>
      <trkpt lat="8.604245" lon="-80.124015">
        <time>2026-08-19T20:38:07Z</time>
      </trkpt>
      <trkpt lat="8.604254" lon="-80.123995">
        <time>2026-08-19T20:38:08Z</time>
      </trkpt>
      <trkpt lat="8.604256" lon="-80.123978">
        <time>2026-08-19T20:38:09Z</time>
      </trkpt>
      <trkpt lat="8.604252" lon="-80.123956">
        <time>2026-08-19T20:38:10Z</time>
      </trkpt>
      <trkpt lat="8.604251" lon="-80.123935">
        <time>2026-08-19T20:38:11Z</time>
      </trkpt>
      <trkpt lat="8.604249" lon="-80.123916">
        <time>2026-08-19T20:38:12Z</time>
      </trkpt>
      <trkpt lat="8.604249" lon="-80.123894">
        <time>2026-08-19T20:38:13Z</time>
      </trkpt>
      <trkpt lat="8.604249" lon="-80.123873">
        <time>2026-08-19T20:38:14Z</time>
      </trkpt>
      <trkpt lat="8.604244" lon="-80.123849">
        <time>2026-08-19T20:38:15Z</time>
      </trkpt>
      <trkpt lat="8.604240" lon="-80.123824">
        <time>2026-08-19T20:38:16Z</time>
      </trkpt>
      <trkpt lat="8.604234" lon="-80.123802">
        <time>2026-08-19T20:38:17Z</time>
      </trkpt>
      <trkpt lat="8.604228" lon="-80.123786">
        <time>2026-08-19T20:38:18Z</time>
      </trkpt>
      <trkpt lat="8.604222" lon="-80.123767">
        <time>2026-08-19T20:38:19Z</time>
      </trkpt>
      <trkpt lat="8.604214" lon="-80.123746">
        <time>2026-08-19T20:38:20Z</time>
      </trkpt>
      <trkpt lat="8.604205" lon="-80.123723">
        <time>2026-08-19T20:38:21Z</time>
      </trkpt>
      <trkpt lat="8.604192" lon="-80.123702">
        <time>2026-08-19T20:38:22Z</time>
      </trkpt>
      <trkpt lat="8.604182" lon="-80.123681">
        <time>2026-08-19T20:38:23Z</time>
      </trkpt>
      <trkpt lat="8.604172" lon="-80.123658">
        <time>2026-08-19T20:38:24Z</time>
      </trkpt>
      <trkpt lat="8.604160" lon="-80.123640">
        <time>2026-08-19T20:38:25Z</time>
      </trkpt>
      <trkpt lat="8.604152" lon="-80.123621">
        <time>2026-08-19T20:38:26Z</time>
      </trkpt>
      <trkpt lat="8.604143" lon="-80.123604">
        <time>2026-08-19T20:38:27Z</time>
      </trkpt>
      <trkpt lat="8.604132" lon="-80.123588">
        <time>2026-08-19T20:38:28Z</time>
      </trkpt>
      <trkpt lat="8.604122" lon="-80.123571">
        <time>2026-08-19T20:38:29Z</time>
      </trkpt>
      <trkpt lat="8.604114" lon="-80.123558">
        <time>2026-08-19T20:38:30Z</time>
      </trkpt>
      <trkpt lat="8.604103" lon="-80.123543">
        <time>2026-08-19T20:38:31Z</time>
      </trkpt>
      <trkpt lat="8.604092" lon="-80.123524">
        <time>2026-08-19T20:38:32Z</time>
      </trkpt>
      <trkpt lat="8.604082" lon="-80.123506">
        <time>2026-08-19T20:38:33Z</time>
      </trkpt>
      <trkpt lat="8.604069" lon="-80.123486">
        <time>2026-08-19T20:38:34Z</time>
      </trkpt>
      <trkpt lat="8.604059" lon="-80.123465">
        <time>2026-08-19T20:38:35Z</time>
      </trkpt>
      <trkpt lat="8.604056" lon="-80.123447">
        <time>2026-08-19T20:38:36Z</time>
      </trkpt>
      <trkpt lat="8.604048" lon="-80.123429">
        <time>2026-08-19T20:38:37Z</time>
      </trkpt>
      <trkpt lat="8.604039" lon="-80.123411">
        <time>2026-08-19T20:38:38Z</time>
      </trkpt>
      <trkpt lat="8.604031" lon="-80.123398">
        <time>2026-08-19T20:38:39Z</time>
      </trkpt>
      <trkpt lat="8.604022" lon="-80.123383">
        <time>2026-08-19T20:38:40Z</time>
      </trkpt>
      <trkpt lat="8.604010" lon="-80.123365">
        <time>2026-08-19T20:38:41Z</time>
      </trkpt>
      <trkpt lat="8.604001" lon="-80.123348">
        <time>2026-08-19T20:38:42Z</time>
      </trkpt>
      <trkpt lat="8.603992" lon="-80.123333">
        <time>2026-08-19T20:38:43Z</time>
      </trkpt>
      <trkpt lat="8.603981" lon="-80.123319">
        <time>2026-08-19T20:38:44Z</time>
      </trkpt>
      <trkpt lat="8.603972" lon="-80.123301">
        <time>2026-08-19T20:38:45Z</time>
      </trkpt>
      <trkpt lat="8.603964" lon="-80.123284">
        <time>2026-08-19T20:38:46Z</time>
      </trkpt>
      <trkpt lat="8.603954" lon="-80.123269">
        <time>2026-08-19T20:38:47Z</time>
      </trkpt>
      <trkpt lat="8.603943" lon="-80.123257">
        <time>2026-08-19T20:38:48Z</time>
      </trkpt>
      <trkpt lat="8.603934" lon="-80.123242">
        <time>2026-08-19T20:38:49Z</time>
      </trkpt>
      <trkpt lat="8.603924" lon="-80.123222">
        <time>2026-08-19T20:38:50Z</time>
      </trkpt>
      <trkpt lat="8.603911" lon="-80.123205">
        <time>2026-08-19T20:38:51Z</time>
      </trkpt>
      <trkpt lat="8.603898" lon="-80.123186">
        <time>2026-08-19T20:38:52Z</time>
      </trkpt>
      <trkpt lat="8.603889" lon="-80.123165">
        <time>2026-08-19T20:38:53Z</time>
      </trkpt>
      <trkpt lat="8.603877" lon="-80.123147">
        <time>2026-08-19T20:38:54Z</time>
      </trkpt>
      <trkpt lat="8.603864" lon="-80.123132">
        <time>2026-08-19T20:38:55Z</time>
      </trkpt>
      <trkpt lat="8.603855" lon="-80.123119">
        <time>2026-08-19T20:38:56Z</time>
      </trkpt>
      <trkpt lat="8.603844" lon="-80.123107">
        <time>2026-08-19T20:38:57Z</time>
      </trkpt>
      <trkpt lat="8.603831" lon="-80.123091">
        <time>2026-08-19T20:38:58Z</time>
      </trkpt>
      <trkpt lat="8.603823" lon="-80.123076">
        <time>2026-08-19T20:38:59Z</time>
      </trkpt>
      <trkpt lat="8.603810" lon="-80.123062">
        <time>2026-08-19T20:39:00Z</time>
      </trkpt>
      <trkpt lat="8.603795" lon="-80.123045">
        <time>2026-08-19T20:39:01Z</time>
      </trkpt>
      <trkpt lat="8.603781" lon="-80.123027">
        <time>2026-08-19T20:39:02Z</time>
      </trkpt>
      <trkpt lat="8.603771" lon="-80.123010">
        <time>2026-08-19T20:39:03Z</time>
      </trkpt>
      <trkpt lat="8.603758" lon="-80.122994">
        <time>2026-08-19T20:39:04Z</time>
      </trkpt>
      <trkpt lat="8.603743" lon="-80.122980">
        <time>2026-08-19T20:39:05Z</time>
      </trkpt>
      <trkpt lat="8.603732" lon="-80.122966">
        <time>2026-08-19T20:39:06Z</time>
      </trkpt>
      <trkpt lat="8.603719" lon="-80.122949">
        <time>2026-08-19T20:39:07Z</time>
      </trkpt>
      <trkpt lat="8.603708" lon="-80.122933">
        <time>2026-08-19T20:39:08Z</time>
      </trkpt>
      <trkpt lat="8.603699" lon="-80.122916">
        <time>2026-08-19T20:39:09Z</time>
      </trkpt>
      <trkpt lat="8.603691" lon="-80.122900">
        <time>2026-08-19T20:39:10Z</time>
      </trkpt>
      <trkpt lat="8.603679" lon="-80.122890">
        <time>2026-08-19T20:39:11Z</time>
      </trkpt>
      <trkpt lat="8.603665" lon="-80.122877">
        <time>2026-08-19T20:39:12Z</time>
      </trkpt>
      <trkpt lat="8.603653" lon="-80.122862">
        <time>2026-08-19T20:39:13Z</time>
      </trkpt>
      <trkpt lat="8.603642" lon="-80.122848">
        <time>2026-08-19T20:39:14Z</time>
      </trkpt>
      <trkpt lat="8.603625" lon="-80.122835">
        <time>2026-08-19T20:39:15Z</time>
      </trkpt>
      <trkpt lat="8.603611" lon="-80.122822">
        <time>2026-08-19T20:39:16Z</time>
      </trkpt>
      <trkpt lat="8.603596" lon="-80.122806">
        <time>2026-08-19T20:39:17Z</time>
      </trkpt>
      <trkpt lat="8.603581" lon="-80.122791">
        <time>2026-08-19T20:39:18Z</time>
      </trkpt>
      <trkpt lat="8.603566" lon="-80.122777">
        <time>2026-08-19T20:39:19Z</time>
      </trkpt>
      <trkpt lat="8.603554" lon="-80.122762">
        <time>2026-08-19T20:39:20Z</time>
      </trkpt>
      <trkpt lat="8.603542" lon="-80.122749">
        <time>2026-08-19T20:39:21Z</time>
      </trkpt>
      <trkpt lat="8.603532" lon="-80.122735">
        <time>2026-08-19T20:39:22Z</time>
      </trkpt>
      <trkpt lat="8.603520" lon="-80.122721">
        <time>2026-08-19T20:39:23Z</time>
      </trkpt>
      <trkpt lat="8.603509" lon="-80.122706">
        <time>2026-08-19T20:39:24Z</time>
      </trkpt>
      <trkpt lat="8.603499" lon="-80.122691">
        <time>2026-08-19T20:39:25Z</time>
      </trkpt>
      <trkpt lat="8.603483" lon="-80.122679">
        <time>2026-08-19T20:39:26Z</time>
      </trkpt>
      <trkpt lat="8.603470" lon="-80.122661">
        <time>2026-08-19T20:39:27Z</time>
      </trkpt>
      <trkpt lat="8.603456" lon="-80.122644">
        <time>2026-08-19T20:39:28Z</time>
      </trkpt>
      <trkpt lat="8.603441" lon="-80.122630">
        <time>2026-08-19T20:39:29Z</time>
      </trkpt>
      <trkpt lat="8.603430" lon="-80.122621">
        <time>2026-08-19T20:39:30Z</time>
      </trkpt>
      <trkpt lat="8.603421" lon="-80.122611">
        <time>2026-08-19T20:39:31Z</time>
      </trkpt>
      <trkpt lat="8.603411" lon="-80.122603">
        <time>2026-08-19T20:39:32Z</time>
      </trkpt>
      <trkpt lat="8.603404" lon="-80.122596">
        <time>2026-08-19T20:39:33Z</time>
      </trkpt>
      <trkpt lat="8.603392" lon="-80.122589">
        <time>2026-08-19T20:39:34Z</time>
      </trkpt>
      <trkpt lat="8.603375" lon="-80.122581">
        <time>2026-08-19T20:39:35Z</time>
      </trkpt>
      <trkpt lat="8.603358" lon="-80.122575">
        <time>2026-08-19T20:39:36Z</time>
      </trkpt>
      <trkpt lat="8.603346" lon="-80.122567">
        <time>2026-08-19T20:39:37Z</time>
      </trkpt>
      <trkpt lat="8.603337" lon="-80.122560">
        <time>2026-08-19T20:39:38Z</time>
      </trkpt>
      <trkpt lat="8.603330" lon="-80.122551">
        <time>2026-08-19T20:39:39Z</time>
      </trkpt>
      <trkpt lat="8.603320" lon="-80.122543">
        <time>2026-08-19T20:39:40Z</time>
      </trkpt>
      <trkpt lat="8.603310" lon="-80.122532">
        <time>2026-08-19T20:39:41Z</time>
      </trkpt>
      <trkpt lat="8.603300" lon="-80.122522">
        <time>2026-08-19T20:39:42Z</time>
      </trkpt>
      <trkpt lat="8.603293" lon="-80.122512">
        <time>2026-08-19T20:39:43Z</time>
      </trkpt>
      <trkpt lat="8.603286" lon="-80.122503">
        <time>2026-08-19T20:39:44Z</time>
      </trkpt>
      <trkpt lat="8.603280" lon="-80.122500">
        <time>2026-08-19T20:39:45Z</time>
      </trkpt>
      <trkpt lat="8.603271" lon="-80.122489">
        <time>2026-08-19T20:39:46Z</time>
      </trkpt>
      <trkpt lat="8.603263" lon="-80.122480">
        <time>2026-08-19T20:39:47Z</time>
      </trkpt>
      <trkpt lat="8.603254" lon="-80.122468">
        <time>2026-08-19T20:39:48Z</time>
      </trkpt>
      <trkpt lat="8.603246" lon="-80.122456">
        <time>2026-08-19T20:39:49Z</time>
      </trkpt>
      <trkpt lat="8.603240" lon="-80.122441">
        <time>2026-08-19T20:39:50Z</time>
      </trkpt>
      <trkpt lat="8.603233" lon="-80.122428">
        <time>2026-08-19T20:39:51Z</time>
      </trkpt>
      <trkpt lat="8.603223" lon="-80.122414">
        <time>2026-08-19T20:39:52Z</time>
      </trkpt>
      <trkpt lat="8.603214" lon="-80.122401">
        <time>2026-08-19T20:39:53Z</time>
      </trkpt>
      <trkpt lat="8.603204" lon="-80.122387">
        <time>2026-08-19T20:39:54Z</time>
      </trkpt>
      <trkpt lat="8.603189" lon="-80.122373">
        <time>2026-08-19T20:39:55Z</time>
      </trkpt>
      <trkpt lat="8.603175" lon="-80.122358">
        <time>2026-08-19T20:39:56Z</time>
      </trkpt>
      <trkpt lat="8.603163" lon="-80.122343">
        <time>2026-08-19T20:39:57Z</time>
      </trkpt>
      <trkpt lat="8.603149" lon="-80.122325">
        <time>2026-08-19T20:39:58Z</time>
      </trkpt>
      <trkpt lat="8.603133" lon="-80.122309">
        <time>2026-08-19T20:39:59Z</time>
      </trkpt>
      <trkpt lat="8.603121" lon="-80.122294">
        <time>2026-08-19T20:40:00Z</time>
      </trkpt>
      <trkpt lat="8.603105" lon="-80.122279">
        <time>2026-08-19T20:40:01Z</time>
      </trkpt>
      <trkpt lat="8.603090" lon="-80.122262">
        <time>2026-08-19T20:40:02Z</time>
      </trkpt>
      <trkpt lat="8.603080" lon="-80.122247">
        <time>2026-08-19T20:40:03Z</time>
      </trkpt>
      <trkpt lat="8.603067" lon="-80.122230">
        <time>2026-08-19T20:40:04Z</time>
      </trkpt>
      <trkpt lat="8.603048" lon="-80.122215">
        <time>2026-08-19T20:40:05Z</time>
      </trkpt>
      <trkpt lat="8.603032" lon="-80.122199">
        <time>2026-08-19T20:40:06Z</time>
      </trkpt>
      <trkpt lat="8.603020" lon="-80.122185">
        <time>2026-08-19T20:40:07Z</time>
      </trkpt>
      <trkpt lat="8.603006" lon="-80.122168">
        <time>2026-08-19T20:40:08Z</time>
      </trkpt>
      <trkpt lat="8.602991" lon="-80.122153">
        <time>2026-08-19T20:40:09Z</time>
      </trkpt>
      <trkpt lat="8.602977" lon="-80.122141">
        <time>2026-08-19T20:40:10Z</time>
      </trkpt>
      <trkpt lat="8.602963" lon="-80.122127">
        <time>2026-08-19T20:40:11Z</time>
      </trkpt>
      <trkpt lat="8.602950" lon="-80.122115">
        <time>2026-08-19T20:40:12Z</time>
      </trkpt>
      <trkpt lat="8.602936" lon="-80.122103">
        <time>2026-08-19T20:40:13Z</time>
      </trkpt>
      <trkpt lat="8.602925" lon="-80.122093">
        <time>2026-08-19T20:40:14Z</time>
      </trkpt>
      <trkpt lat="8.602913" lon="-80.122082">
        <time>2026-08-19T20:40:15Z</time>
      </trkpt>
      <trkpt lat="8.602897" lon="-80.122068">
        <time>2026-08-19T20:40:16Z</time>
      </trkpt>
      <trkpt lat="8.602886" lon="-80.122059">
        <time>2026-08-19T20:40:17Z</time>
      </trkpt>
      <trkpt lat="8.602875" lon="-80.122052">
        <time>2026-08-19T20:40:18Z</time>
      </trkpt>
      <trkpt lat="8.602866" lon="-80.122041">
        <time>2026-08-19T20:40:19Z</time>
      </trkpt>
      <trkpt lat="8.602856" lon="-80.122032">
        <time>2026-08-19T20:40:20Z</time>
      </trkpt>
      <trkpt lat="8.602848" lon="-80.122024">
        <time>2026-08-19T20:40:21Z</time>
      </trkpt>
      <trkpt lat="8.602843" lon="-80.122016">
        <time>2026-08-19T20:40:22Z</time>
      </trkpt>
      <trkpt lat="8.602838" lon="-80.122010">
        <time>2026-08-19T20:40:23Z</time>
      </trkpt>
      <trkpt lat="8.602832" lon="-80.122000">
        <time>2026-08-19T20:40:24Z</time>
      </trkpt>
      <trkpt lat="8.602825" lon="-80.121990">
        <time>2026-08-19T20:40:25Z</time>
      </trkpt>
      <trkpt lat="8.602817" lon="-80.121978">
        <time>2026-08-19T20:40:26Z</time>
      </trkpt>
      <trkpt lat="8.602810" lon="-80.121966">
        <time>2026-08-19T20:40:27Z</time>
      </trkpt>
      <trkpt lat="8.602799" lon="-80.121948">
        <time>2026-08-19T20:40:28Z</time>
      </trkpt>
      <trkpt lat="8.602785" lon="-80.121935">
        <time>2026-08-19T20:40:29Z</time>
      </trkpt>
      <trkpt lat="8.602774" lon="-80.121920">
        <time>2026-08-19T20:40:30Z</time>
      </trkpt>
      <trkpt lat="8.602762" lon="-80.121901">
        <time>2026-08-19T20:40:31Z</time>
      </trkpt>
      <trkpt lat="8.602746" lon="-80.121884">
        <time>2026-08-19T20:40:32Z</time>
      </trkpt>
      <trkpt lat="8.602730" lon="-80.121867">
        <time>2026-08-19T20:40:33Z</time>
      </trkpt>
      <trkpt lat="8.602716" lon="-80.121850">
        <time>2026-08-19T20:40:34Z</time>
      </trkpt>
      <trkpt lat="8.602700" lon="-80.121833">
        <time>2026-08-19T20:40:35Z</time>
      </trkpt>
      <trkpt lat="8.602686" lon="-80.121816">
        <time>2026-08-19T20:40:36Z</time>
      </trkpt>
      <trkpt lat="8.602673" lon="-80.121802">
        <time>2026-08-19T20:40:37Z</time>
      </trkpt>
      <trkpt lat="8.602662" lon="-80.121787">
        <time>2026-08-19T20:40:38Z</time>
      </trkpt>
      <trkpt lat="8.602650" lon="-80.121773">
        <time>2026-08-19T20:40:39Z</time>
      </trkpt>
      <trkpt lat="8.602640" lon="-80.121759">
        <time>2026-08-19T20:40:40Z</time>
      </trkpt>
      <trkpt lat="8.602628" lon="-80.121743">
        <time>2026-08-19T20:40:41Z</time>
      </trkpt>
      <trkpt lat="8.602614" lon="-80.121727">
        <time>2026-08-19T20:40:42Z</time>
      </trkpt>
      <trkpt lat="8.602604" lon="-80.121712">
        <time>2026-08-19T20:40:43Z</time>
      </trkpt>
      <trkpt lat="8.602594" lon="-80.121696">
        <time>2026-08-19T20:40:44Z</time>
      </trkpt>
      <trkpt lat="8.602582" lon="-80.121681">
        <time>2026-08-19T20:40:45Z</time>
      </trkpt>
      <trkpt lat="8.602568" lon="-80.121664">
        <time>2026-08-19T20:40:46Z</time>
      </trkpt>
      <trkpt lat="8.602555" lon="-80.121647">
        <time>2026-08-19T20:40:47Z</time>
      </trkpt>
      <trkpt lat="8.602542" lon="-80.121632">
        <time>2026-08-19T20:40:48Z</time>
      </trkpt>
      <trkpt lat="8.602531" lon="-80.121616">
        <time>2026-08-19T20:40:49Z</time>
      </trkpt>
      <trkpt lat="8.602521" lon="-80.121601">
        <time>2026-08-19T20:40:50Z</time>
      </trkpt>
      <trkpt lat="8.602508" lon="-80.121588">
        <time>2026-08-19T20:40:51Z</time>
      </trkpt>
      <trkpt lat="8.602494" lon="-80.121580">
        <time>2026-08-19T20:40:52Z</time>
      </trkpt>
      <trkpt lat="8.602483" lon="-80.121566">
        <time>2026-08-19T20:40:53Z</time>
      </trkpt>
      <trkpt lat="8.602473" lon="-80.121551">
        <time>2026-08-19T20:40:54Z</time>
      </trkpt>
      <trkpt lat="8.602462" lon="-80.121540">
        <time>2026-08-19T20:40:55Z</time>
      </trkpt>
      <trkpt lat="8.602451" lon="-80.121527">
        <time>2026-08-19T20:40:56Z</time>
      </trkpt>
      <trkpt lat="8.602438" lon="-80.121514">
        <time>2026-08-19T20:40:57Z</time>
      </trkpt>
      <trkpt lat="8.602426" lon="-80.121501">
        <time>2026-08-19T20:40:58Z</time>
      </trkpt>
      <trkpt lat="8.602414" lon="-80.121489">
        <time>2026-08-19T20:40:59Z</time>
      </trkpt>
      <trkpt lat="8.602399" lon="-80.121475">
        <time>2026-08-19T20:41:00Z</time>
      </trkpt>
      <trkpt lat="8.602387" lon="-80.121465">
        <time>2026-08-19T20:41:01Z</time>
      </trkpt>
      <trkpt lat="8.602374" lon="-80.121455">
        <time>2026-08-19T20:41:02Z</time>
      </trkpt>
      <trkpt lat="8.602359" lon="-80.121442">
        <time>2026-08-19T20:41:03Z</time>
      </trkpt>
      <trkpt lat="8.602346" lon="-80.121429">
        <time>2026-08-19T20:41:04Z</time>
      </trkpt>
      <trkpt lat="8.602334" lon="-80.121416">
        <time>2026-08-19T20:41:05Z</time>
      </trkpt>
      <trkpt lat="8.602321" lon="-80.121404">
        <time>2026-08-19T20:41:06Z</time>
      </trkpt>
      <trkpt lat="8.602310" lon="-80.121392">
        <time>2026-08-19T20:41:07Z</time>
      </trkpt>
      <trkpt lat="8.602298" lon="-80.121380">
        <time>2026-08-19T20:41:08Z</time>
      </trkpt>
      <trkpt lat="8.602288" lon="-80.121368">
        <time>2026-08-19T20:41:09Z</time>
      </trkpt>
      <trkpt lat="8.602275" lon="-80.121356">
        <time>2026-08-19T20:41:10Z</time>
      </trkpt>
      <trkpt lat="8.602263" lon="-80.121338">
        <time>2026-08-19T20:41:11Z</time>
      </trkpt>
      <trkpt lat="8.602252" lon="-80.121325">
        <time>2026-08-19T20:41:12Z</time>
      </trkpt>
      <trkpt lat="8.602237" lon="-80.121309">
        <time>2026-08-19T20:41:13Z</time>
      </trkpt>
      <trkpt lat="8.602225" lon="-80.121295">
        <time>2026-08-19T20:41:14Z</time>
      </trkpt>
      <trkpt lat="8.602215" lon="-80.121281">
        <time>2026-08-19T20:41:15Z</time>
      </trkpt>
      <trkpt lat="8.602203" lon="-80.121267">
        <time>2026-08-19T20:41:16Z</time>
      </trkpt>
      <trkpt lat="8.602190" lon="-80.121253">
        <time>2026-08-19T20:41:17Z</time>
      </trkpt>
      <trkpt lat="8.602177" lon="-80.121237">
        <time>2026-08-19T20:41:18Z</time>
      </trkpt>
      <trkpt lat="8.602164" lon="-80.121223">
        <time>2026-08-19T20:41:19Z</time>
      </trkpt>
      <trkpt lat="8.602149" lon="-80.121212">
        <time>2026-08-19T20:41:20Z</time>
      </trkpt>
      <trkpt lat="8.602132" lon="-80.121199">
        <time>2026-08-19T20:41:21Z</time>
      </trkpt>
      <trkpt lat="8.602117" lon="-80.121185">
        <time>2026-08-19T20:41:22Z</time>
      </trkpt>
      <trkpt lat="8.602103" lon="-80.121170">
        <time>2026-08-19T20:41:23Z</time>
      </trkpt>
      <trkpt lat="8.602088" lon="-80.121157">
        <time>2026-08-19T20:41:24Z</time>
      </trkpt>
      <trkpt lat="8.602073" lon="-80.121145">
        <time>2026-08-19T20:41:25Z</time>
      </trkpt>
      <trkpt lat="8.602062" lon="-80.121133">
        <time>2026-08-19T20:41:26Z</time>
      </trkpt>
      <trkpt lat="8.602049" lon="-80.121120">
        <time>2026-08-19T20:41:27Z</time>
      </trkpt>
      <trkpt lat="8.602040" lon="-80.121107">
        <time>2026-08-19T20:41:28Z</time>
      </trkpt>
      <trkpt lat="8.602036" lon="-80.121095">
        <time>2026-08-19T20:41:29Z</time>
      </trkpt>
      <trkpt lat="8.602037" lon="-80.121085">
        <time>2026-08-19T20:41:30Z</time>
      </trkpt>
      <trkpt lat="8.602040" lon="-80.121070">
        <time>2026-08-19T20:41:31Z</time>
      </trkpt>
      <trkpt lat="8.602038" lon="-80.121056">
        <time>2026-08-19T20:41:32Z</time>
      </trkpt>
      <trkpt lat="8.602040" lon="-80.121045">
        <time>2026-08-19T20:41:33Z</time>
      </trkpt>
      <trkpt lat="8.602043" lon="-80.121030">
        <time>2026-08-19T20:41:34Z</time>
      </trkpt>
      <trkpt lat="8.602051" lon="-80.121020">
        <time>2026-08-19T20:41:35Z</time>
      </trkpt>
      <trkpt lat="8.602059" lon="-80.121011">
        <time>2026-08-19T20:41:36Z</time>
      </trkpt>
      <trkpt lat="8.602066" lon="-80.121000">
        <time>2026-08-19T20:41:37Z</time>
      </trkpt>
      <trkpt lat="8.602074" lon="-80.120992">
        <time>2026-08-19T20:41:38Z</time>
      </trkpt>
      <trkpt lat="8.602075" lon="-80.120980">
        <time>2026-08-19T20:41:39Z</time>
      </trkpt>
      <trkpt lat="8.602067" lon="-80.120968">
        <time>2026-08-19T20:41:40Z</time>
      </trkpt>
      <trkpt lat="8.602058" lon="-80.120955">
        <time>2026-08-19T20:41:41Z</time>
      </trkpt>
      <trkpt lat="8.602051" lon="-80.120943">
        <time>2026-08-19T20:41:42Z</time>
      </trkpt>
      <trkpt lat="8.602045" lon="-80.120927">
        <time>2026-08-19T20:41:43Z</time>
      </trkpt>
      <trkpt lat="8.602033" lon="-80.120913">
        <time>2026-08-19T20:41:44Z</time>
      </trkpt>
      <trkpt lat="8.602018" lon="-80.120898">
        <time>2026-08-19T20:41:45Z</time>
      </trkpt>
      <trkpt lat="8.602008" lon="-80.120883">
        <time>2026-08-19T20:41:46Z</time>
      </trkpt>
      <trkpt lat="8.601994" lon="-80.120868">
        <time>2026-08-19T20:41:47Z</time>
      </trkpt>
      <trkpt lat="8.601977" lon="-80.120856">
        <time>2026-08-19T20:41:48Z</time>
      </trkpt>
      <trkpt lat="8.601961" lon="-80.120843">
        <time>2026-08-19T20:41:49Z</time>
      </trkpt>
      <trkpt lat="8.601943" lon="-80.120825">
        <time>2026-08-19T20:41:50Z</time>
      </trkpt>
      <trkpt lat="8.601926" lon="-80.120812">
        <time>2026-08-19T20:41:51Z</time>
      </trkpt>
      <trkpt lat="8.601912" lon="-80.120799">
        <time>2026-08-19T20:41:52Z</time>
      </trkpt>
      <trkpt lat="8.601901" lon="-80.120785">
        <time>2026-08-19T20:41:53Z</time>
      </trkpt>
      <trkpt lat="8.601891" lon="-80.120772">
        <time>2026-08-19T20:41:54Z</time>
      </trkpt>
      <trkpt lat="8.601877" lon="-80.120764">
        <time>2026-08-19T20:41:55Z</time>
      </trkpt>
      <trkpt lat="8.601865" lon="-80.120755">
        <time>2026-08-19T20:41:56Z</time>
      </trkpt>
      <trkpt lat="8.601854" lon="-80.120744">
        <time>2026-08-19T20:41:57Z</time>
      </trkpt>
      <trkpt lat="8.601842" lon="-80.120735">
        <time>2026-08-19T20:41:58Z</time>
      </trkpt>
      <trkpt lat="8.601832" lon="-80.120727">
        <time>2026-08-19T20:41:59Z</time>
      </trkpt>
      <trkpt lat="8.601824" lon="-80.120715">
        <time>2026-08-19T20:42:00Z</time>
      </trkpt>
      <trkpt lat="8.601820" lon="-80.120697">
        <time>2026-08-19T20:42:01Z</time>
      </trkpt>
      <trkpt lat="8.601819" lon="-80.120683">
        <time>2026-08-19T20:42:02Z</time>
      </trkpt>
      <trkpt lat="8.601812" lon="-80.120673">
        <time>2026-08-19T20:42:03Z</time>
      </trkpt>
      <trkpt lat="8.601802" lon="-80.120662">
        <time>2026-08-19T20:42:04Z</time>
      </trkpt>
      <trkpt lat="8.601794" lon="-80.120654">
        <time>2026-08-19T20:42:05Z</time>
      </trkpt>
      <trkpt lat="8.601785" lon="-80.120647">
        <time>2026-08-19T20:42:06Z</time>
      </trkpt>
      <trkpt lat="8.601777" lon="-80.120638">
        <time>2026-08-19T20:42:07Z</time>
      </trkpt>
      <trkpt lat="8.601767" lon="-80.120625">
        <time>2026-08-19T20:42:08Z</time>
      </trkpt>
      <trkpt lat="8.601756" lon="-80.120611">
        <time>2026-08-19T20:42:09Z</time>
      </trkpt>
      <trkpt lat="8.601745" lon="-80.120594">
        <time>2026-08-19T20:42:10Z</time>
      </trkpt>
      <trkpt lat="8.601735" lon="-80.120578">
        <time>2026-08-19T20:42:11Z</time>
      </trkpt>
      <trkpt lat="8.601723" lon="-80.120564">
        <time>2026-08-19T20:42:12Z</time>
      </trkpt>
      <trkpt lat="8.601710" lon="-80.120547">
        <time>2026-08-19T20:42:13Z</time>
      </trkpt>
      <trkpt lat="8.601697" lon="-80.120530">
        <time>2026-08-19T20:42:14Z</time>
      </trkpt>
      <trkpt lat="8.601682" lon="-80.120513">
        <time>2026-08-19T20:42:15Z</time>
      </trkpt>
      <trkpt lat="8.601664" lon="-80.120501">
        <time>2026-08-19T20:42:16Z</time>
      </trkpt>
      <trkpt lat="8.601648" lon="-80.120492">
        <time>2026-08-19T20:42:17Z</time>
      </trkpt>
      <trkpt lat="8.601633" lon="-80.120480">
        <time>2026-08-19T20:42:18Z</time>
      </trkpt>
      <trkpt lat="8.601623" lon="-80.120464">
        <time>2026-08-19T20:42:19Z</time>
      </trkpt>
      <trkpt lat="8.601608" lon="-80.120450">
        <time>2026-08-19T20:42:20Z</time>
      </trkpt>
      <trkpt lat="8.601597" lon="-80.120434">
        <time>2026-08-19T20:42:21Z</time>
      </trkpt>
      <trkpt lat="8.601585" lon="-80.120420">
        <time>2026-08-19T20:42:22Z</time>
      </trkpt>
      <trkpt lat="8.601573" lon="-80.120406">
        <time>2026-08-19T20:42:23Z</time>
      </trkpt>
      <trkpt lat="8.601562" lon="-80.120391">
        <time>2026-08-19T20:42:24Z</time>
      </trkpt>
      <trkpt lat="8.601550" lon="-80.120377">
        <time>2026-08-19T20:42:25Z</time>
      </trkpt>
      <trkpt lat="8.601536" lon="-80.120363">
        <time>2026-08-19T20:42:26Z</time>
      </trkpt>
      <trkpt lat="8.601522" lon="-80.120350">
        <time>2026-08-19T20:42:27Z</time>
      </trkpt>
      <trkpt lat="8.601512" lon="-80.120338">
        <time>2026-08-19T20:42:28Z</time>
      </trkpt>
      <trkpt lat="8.601502" lon="-80.120329">
        <time>2026-08-19T20:42:29Z</time>
      </trkpt>
      <trkpt lat="8.601494" lon="-80.120321">
        <time>2026-08-19T20:42:30Z</time>
      </trkpt>
      <trkpt lat="8.601494" lon="-80.120318">
        <time>2026-08-19T20:42:31Z</time>
      </trkpt>
      <trkpt lat="8.601494" lon="-80.120316">
        <time>2026-08-19T20:42:32Z</time>
      </trkpt>
      <trkpt lat="8.601494" lon="-80.120316">
        <time>2026-08-19T20:42:33Z</time>
      </trkpt>
      <trkpt lat="8.601494" lon="-80.120316">
        <time>2026-08-19T20:42:34Z</time>
      </trkpt>
      <trkpt lat="8.601494" lon="-80.120316">
        <time>2026-08-19T20:42:35Z</time>
      </trkpt>
      <trkpt lat="8.601494" lon="-80.120316">
        <time>2026-08-19T20:42:36Z</time>
      </trkpt>
      <trkpt lat="8.601494" lon="-80.120316">
        <time>2026-08-19T20:42:37Z</time>
      </trkpt>
      <trkpt lat="8.601494" lon="-80.120316">
        <time>2026-08-19T20:42:38Z</time>
      </trkpt>
      <trkpt lat="8.601486" lon="-80.120305">
        <time>2026-08-19T20:42:39Z</time>
      </trkpt>
      <trkpt lat="8.601477" lon="-80.120297">
        <time>2026-08-19T20:42:40Z</time>
      </trkpt>
      <trkpt lat="8.601466" lon="-80.120291">
        <time>2026-08-19T20:42:41Z</time>
      </trkpt>
      <trkpt lat="8.601458" lon="-80.120287">
        <time>2026-08-19T20:42:42Z</time>
      </trkpt>
      <trkpt lat="8.601452" lon="-80.120276">
        <time>2026-08-19T20:42:43Z</time>
      </trkpt>
      <trkpt lat="8.601446" lon="-80.120272">
        <time>2026-08-19T20:42:44Z</time>
      </trkpt>
      <trkpt lat="8.601437" lon="-80.120264">
        <time>2026-08-19T20:42:45Z</time>
      </trkpt>
      <trkpt lat="8.601429" lon="-80.120253">
        <time>2026-08-19T20:42:46Z</time>
      </trkpt>
      <trkpt lat="8.601421" lon="-80.120243">
        <time>2026-08-19T20:42:47Z</time>
      </trkpt>
      <trkpt lat="8.601410" lon="-80.120233">
        <time>2026-08-19T20:42:48Z</time>
      </trkpt>
      <trkpt lat="8.601398" lon="-80.120224">
        <time>2026-08-19T20:42:49Z</time>
      </trkpt>
      <trkpt lat="8.601390" lon="-80.120214">
        <time>2026-08-19T20:42:50Z</time>
      </trkpt>
      <trkpt lat="8.601382" lon="-80.120202">
        <time>2026-08-19T20:42:51Z</time>
      </trkpt>
      <trkpt lat="8.601371" lon="-80.120194">
        <time>2026-08-19T20:42:52Z</time>
      </trkpt>
      <trkpt lat="8.601363" lon="-80.120186">
        <time>2026-08-19T20:42:53Z</time>
      </trkpt>
      <trkpt lat="8.601355" lon="-80.120181">
        <time>2026-08-19T20:42:54Z</time>
      </trkpt>
      <trkpt lat="8.601347" lon="-80.120170">
        <time>2026-08-19T20:42:55Z</time>
      </trkpt>
      <trkpt lat="8.601337" lon="-80.120160">
        <time>2026-08-19T20:42:56Z</time>
      </trkpt>
      <trkpt lat="8.601327" lon="-80.120148">
        <time>2026-08-19T20:42:57Z</time>
      </trkpt>
      <trkpt lat="8.601319" lon="-80.120139">
        <time>2026-08-19T20:42:58Z</time>
      </trkpt>
      <trkpt lat="8.601311" lon="-80.120131">
        <time>2026-08-19T20:42:59Z</time>
      </trkpt>
      <trkpt lat="8.601306" lon="-80.120122">
        <time>2026-08-19T20:43:00Z</time>
      </trkpt>
      <trkpt lat="8.601306" lon="-80.120111">
        <time>2026-08-19T20:43:01Z</time>
      </trkpt>
      <trkpt lat="8.601294" lon="-80.120100">
        <time>2026-08-19T20:43:02Z</time>
      </trkpt>
      <trkpt lat="8.601280" lon="-80.120082">
        <time>2026-08-19T20:43:03Z</time>
      </trkpt>
      <trkpt lat="8.601271" lon="-80.120069">
        <time>2026-08-19T20:43:04Z</time>
      </trkpt>
      <trkpt lat="8.601258" lon="-80.120051">
        <time>2026-08-19T20:43:05Z</time>
      </trkpt>
      <trkpt lat="8.601243" lon="-80.120032">
        <time>2026-08-19T20:43:06Z</time>
      </trkpt>
      <trkpt lat="8.601228" lon="-80.120015">
        <time>2026-08-19T20:43:07Z</time>
      </trkpt>
      <trkpt lat="8.601212" lon="-80.119999">
        <time>2026-08-19T20:43:08Z</time>
      </trkpt>
      <trkpt lat="8.601199" lon="-80.119983">
        <time>2026-08-19T20:43:09Z</time>
      </trkpt>
      <trkpt lat="8.601186" lon="-80.119967">
        <time>2026-08-19T20:43:10Z</time>
      </trkpt>
      <trkpt lat="8.601177" lon="-80.119954">
        <time>2026-08-19T20:43:11Z</time>
      </trkpt>
      <trkpt lat="8.601173" lon="-80.119943">
        <time>2026-08-19T20:43:12Z</time>
      </trkpt>
      <trkpt lat="8.601166" lon="-80.119931">
        <time>2026-08-19T20:43:13Z</time>
      </trkpt>
      <trkpt lat="8.601161" lon="-80.119918">
        <time>2026-08-19T20:43:14Z</time>
      </trkpt>
      <trkpt lat="8.601153" lon="-80.119906">
        <time>2026-08-19T20:43:15Z</time>
      </trkpt>
      <trkpt lat="8.601143" lon="-80.119896">
        <time>2026-08-19T20:43:16Z</time>
      </trkpt>
      <trkpt lat="8.601130" lon="-80.119888">
        <time>2026-08-19T20:43:17Z</time>
      </trkpt>
      <trkpt lat="8.601119" lon="-80.119882">
        <time>2026-08-19T20:43:18Z</time>
      </trkpt>
      <trkpt lat="8.601108" lon="-80.119871">
        <time>2026-08-19T20:43:19Z</time>
      </trkpt>
      <trkpt lat="8.601100" lon="-80.119862">
        <time>2026-08-19T20:43:20Z</time>
      </trkpt>
      <trkpt lat="8.601093" lon="-80.119856">
        <time>2026-08-19T20:43:21Z</time>
      </trkpt>
      <trkpt lat="8.601087" lon="-80.119849">
        <time>2026-08-19T20:43:22Z</time>
      </trkpt>
      <trkpt lat="8.601077" lon="-80.119837">
        <time>2026-08-19T20:43:23Z</time>
      </trkpt>
      <trkpt lat="8.601066" lon="-80.119824">
        <time>2026-08-19T20:43:24Z</time>
      </trkpt>
      <trkpt lat="8.601051" lon="-80.119807">
        <time>2026-08-19T20:43:25Z</time>
      </trkpt>
      <trkpt lat="8.601036" lon="-80.119792">
        <time>2026-08-19T20:43:26Z</time>
      </trkpt>
      <trkpt lat="8.601022" lon="-80.119775">
        <time>2026-08-19T20:43:27Z</time>
      </trkpt>
      <trkpt lat="8.601009" lon="-80.119762">
        <time>2026-08-19T20:43:28Z</time>
      </trkpt>
      <trkpt lat="8.600995" lon="-80.119747">
        <time>2026-08-19T20:43:29Z</time>
      </trkpt>
      <trkpt lat="8.600984" lon="-80.119733">
        <time>2026-08-19T20:43:30Z</time>
      </trkpt>
      <trkpt lat="8.600970" lon="-80.119720">
        <time>2026-08-19T20:43:31Z</time>
      </trkpt>
      <trkpt lat="8.600956" lon="-80.119705">
        <time>2026-08-19T20:43:32Z</time>
      </trkpt>
      <trkpt lat="8.600944" lon="-80.119693">
        <time>2026-08-19T20:43:33Z</time>
      </trkpt>
      <trkpt lat="8.600933" lon="-80.119680">
        <time>2026-08-19T20:43:34Z</time>
      </trkpt>
      <trkpt lat="8.600917" lon="-80.119668">
        <time>2026-08-19T20:43:35Z</time>
      </trkpt>
      <trkpt lat="8.600904" lon="-80.119652">
        <time>2026-08-19T20:43:36Z</time>
      </trkpt>
      <trkpt lat="8.600892" lon="-80.119637">
        <time>2026-08-19T20:43:37Z</time>
      </trkpt>
      <trkpt lat="8.600882" lon="-80.119625">
        <time>2026-08-19T20:43:38Z</time>
      </trkpt>
      <trkpt lat="8.600874" lon="-80.119610">
        <time>2026-08-19T20:43:39Z</time>
      </trkpt>
      <trkpt lat="8.600860" lon="-80.119595">
        <time>2026-08-19T20:43:40Z</time>
      </trkpt>
      <trkpt lat="8.600847" lon="-80.119580">
        <time>2026-08-19T20:43:41Z</time>
      </trkpt>
      <trkpt lat="8.600836" lon="-80.119566">
        <time>2026-08-19T20:43:42Z</time>
      </trkpt>
      <trkpt lat="8.600828" lon="-80.119551">
        <time>2026-08-19T20:43:43Z</time>
      </trkpt>
      <trkpt lat="8.600821" lon="-80.119535">
        <time>2026-08-19T20:43:44Z</time>
      </trkpt>
      <trkpt lat="8.600806" lon="-80.119519">
        <time>2026-08-19T20:43:45Z</time>
      </trkpt>
      <trkpt lat="8.600795" lon="-80.119503">
        <time>2026-08-19T20:43:46Z</time>
      </trkpt>
      <trkpt lat="8.600784" lon="-80.119489">
        <time>2026-08-19T20:43:47Z</time>
      </trkpt>
      <trkpt lat="8.600772" lon="-80.119474">
        <time>2026-08-19T20:43:48Z</time>
      </trkpt>
      <trkpt lat="8.600758" lon="-80.119458">
        <time>2026-08-19T20:43:49Z</time>
      </trkpt>
      <trkpt lat="8.600746" lon="-80.119441">
        <time>2026-08-19T20:43:50Z</time>
      </trkpt>
      <trkpt lat="8.600734" lon="-80.119429">
        <time>2026-08-19T20:43:51Z</time>
      </trkpt>
      <trkpt lat="8.600722" lon="-80.119413">
        <time>2026-08-19T20:43:52Z</time>
      </trkpt>
      <trkpt lat="8.600709" lon="-80.119396">
        <time>2026-08-19T20:43:53Z</time>
      </trkpt>
      <trkpt lat="8.600698" lon="-80.119382">
        <time>2026-08-19T20:43:54Z</time>
      </trkpt>
      <trkpt lat="8.600687" lon="-80.119366">
        <time>2026-08-19T20:43:55Z</time>
      </trkpt>
      <trkpt lat="8.600677" lon="-80.119348">
        <time>2026-08-19T20:43:56Z</time>
      </trkpt>
      <trkpt lat="8.600667" lon="-80.119333">
        <time>2026-08-19T20:43:57Z</time>
      </trkpt>
      <trkpt lat="8.600655" lon="-80.119319">
        <time>2026-08-19T20:43:58Z</time>
      </trkpt>
      <trkpt lat="8.600643" lon="-80.119306">
        <time>2026-08-19T20:43:59Z</time>
      </trkpt>
      <trkpt lat="8.600632" lon="-80.119290">
        <time>2026-08-19T20:44:00Z</time>
      </trkpt>
      <trkpt lat="8.600620" lon="-80.119274">
        <time>2026-08-19T20:44:01Z</time>
      </trkpt>
      <trkpt lat="8.600605" lon="-80.119257">
        <time>2026-08-19T20:44:02Z</time>
      </trkpt>
      <trkpt lat="8.600594" lon="-80.119244">
        <time>2026-08-19T20:44:03Z</time>
      </trkpt>
      <trkpt lat="8.600584" lon="-80.119232">
        <time>2026-08-19T20:44:04Z</time>
      </trkpt>
      <trkpt lat="8.600575" lon="-80.119218">
        <time>2026-08-19T20:44:05Z</time>
      </trkpt>
      <trkpt lat="8.600568" lon="-80.119202">
        <time>2026-08-19T20:44:06Z</time>
      </trkpt>
      <trkpt lat="8.600560" lon="-80.119189">
        <time>2026-08-19T20:44:07Z</time>
      </trkpt>
      <trkpt lat="8.600556" lon="-80.119174">
        <time>2026-08-19T20:44:08Z</time>
      </trkpt>
      <trkpt lat="8.600550" lon="-80.119161">
        <time>2026-08-19T20:44:09Z</time>
      </trkpt>
      <trkpt lat="8.600541" lon="-80.119150">
        <time>2026-08-19T20:44:10Z</time>
      </trkpt>
      <trkpt lat="8.600536" lon="-80.119139">
        <time>2026-08-19T20:44:11Z</time>
      </trkpt>
      <trkpt lat="8.600532" lon="-80.119129">
        <time>2026-08-19T20:44:12Z</time>
      </trkpt>
      <trkpt lat="8.600527" lon="-80.119116">
        <time>2026-08-19T20:44:13Z</time>
      </trkpt>
      <trkpt lat="8.600521" lon="-80.119106">
        <time>2026-08-19T20:44:14Z</time>
      </trkpt>
      <trkpt lat="8.600513" lon="-80.119095">
        <time>2026-08-19T20:44:15Z</time>
      </trkpt>
      <trkpt lat="8.600505" lon="-80.119084">
        <time>2026-08-19T20:44:16Z</time>
      </trkpt>
      <trkpt lat="8.600498" lon="-80.119072">
        <time>2026-08-19T20:44:17Z</time>
      </trkpt>
      <trkpt lat="8.600490" lon="-80.119064">
        <time>2026-08-19T20:44:18Z</time>
      </trkpt>
      <trkpt lat="8.600482" lon="-80.119056">
        <time>2026-08-19T20:44:19Z</time>
      </trkpt>
      <trkpt lat="8.600473" lon="-80.119045">
        <time>2026-08-19T20:44:20Z</time>
      </trkpt>
      <trkpt lat="8.600464" lon="-80.119036">
        <time>2026-08-19T20:44:21Z</time>
      </trkpt>
      <trkpt lat="8.600455" lon="-80.119031">
        <time>2026-08-19T20:44:22Z</time>
      </trkpt>
      <trkpt lat="8.600446" lon="-80.119021">
        <time>2026-08-19T20:44:23Z</time>
      </trkpt>
      <trkpt lat="8.600446" lon="-80.119012">
        <time>2026-08-19T20:44:24Z</time>
      </trkpt>
      <trkpt lat="8.600445" lon="-80.119004">
        <time>2026-08-19T20:44:25Z</time>
      </trkpt>
      <trkpt lat="8.600441" lon="-80.118995">
        <time>2026-08-19T20:44:26Z</time>
      </trkpt>
      <trkpt lat="8.600429" lon="-80.118984">
        <time>2026-08-19T20:44:27Z</time>
      </trkpt>
      <trkpt lat="8.600419" lon="-80.118979">
        <time>2026-08-19T20:44:28Z</time>
      </trkpt>
      <trkpt lat="8.600405" lon="-80.118968">
        <time>2026-08-19T20:44:29Z</time>
      </trkpt>
      <trkpt lat="8.600394" lon="-80.118956">
        <time>2026-08-19T20:44:30Z</time>
      </trkpt>
      <trkpt lat="8.600381" lon="-80.118945">
        <time>2026-08-19T20:44:31Z</time>
      </trkpt>
      <trkpt lat="8.600345" lon="-80.118918">
        <time>2026-08-19T20:44:32Z</time>
      </trkpt>
      <trkpt lat="8.600345" lon="-80.118918">
        <time>2026-08-19T20:44:33Z</time>
      </trkpt>
      <trkpt lat="8.600332" lon="-80.118901">
        <time>2026-08-19T20:44:34Z</time>
      </trkpt>
      <trkpt lat="8.600324" lon="-80.118888">
        <time>2026-08-19T20:44:35Z</time>
      </trkpt>
      <trkpt lat="8.600309" lon="-80.118872">
        <time>2026-08-19T20:44:36Z</time>
      </trkpt>
      <trkpt lat="8.600298" lon="-80.118858">
        <time>2026-08-19T20:44:37Z</time>
      </trkpt>
      <trkpt lat="8.600288" lon="-80.118844">
        <time>2026-08-19T20:44:38Z</time>
      </trkpt>
      <trkpt lat="8.600276" lon="-80.118827">
        <time>2026-08-19T20:44:39Z</time>
      </trkpt>
      <trkpt lat="8.600263" lon="-80.118813">
        <time>2026-08-19T20:44:40Z</time>
      </trkpt>
      <trkpt lat="8.600250" lon="-80.118798">
        <time>2026-08-19T20:44:41Z</time>
      </trkpt>
      <trkpt lat="8.600239" lon="-80.118783">
        <time>2026-08-19T20:44:42Z</time>
      </trkpt>
      <trkpt lat="8.600225" lon="-80.118766">
        <time>2026-08-19T20:44:43Z</time>
      </trkpt>
      <trkpt lat="8.600211" lon="-80.118750">
        <time>2026-08-19T20:44:44Z</time>
      </trkpt>
      <trkpt lat="8.600200" lon="-80.118733">
        <time>2026-08-19T20:44:45Z</time>
      </trkpt>
      <trkpt lat="8.600189" lon="-80.118714">
        <time>2026-08-19T20:44:46Z</time>
      </trkpt>
      <trkpt lat="8.600177" lon="-80.118700">
        <time>2026-08-19T20:44:47Z</time>
      </trkpt>
      <trkpt lat="8.600163" lon="-80.118686">
        <time>2026-08-19T20:44:48Z</time>
      </trkpt>
      <trkpt lat="8.600150" lon="-80.118672">
        <time>2026-08-19T20:44:49Z</time>
      </trkpt>
      <trkpt lat="8.600139" lon="-80.118658">
        <time>2026-08-19T20:44:50Z</time>
      </trkpt>
      <trkpt lat="8.600129" lon="-80.118643">
        <time>2026-08-19T20:44:51Z</time>
      </trkpt>
      <trkpt lat="8.600116" lon="-80.118632">
        <time>2026-08-19T20:44:52Z</time>
      </trkpt>
      <trkpt lat="8.600106" lon="-80.118619">
        <time>2026-08-19T20:44:53Z</time>
      </trkpt>
      <trkpt lat="8.600096" lon="-80.118604">
        <time>2026-08-19T20:44:54Z</time>
      </trkpt>
      <trkpt lat="8.600088" lon="-80.118589">
        <time>2026-08-19T20:44:55Z</time>
      </trkpt>
      <trkpt lat="8.600083" lon="-80.118575">
        <time>2026-08-19T20:44:56Z</time>
      </trkpt>
      <trkpt lat="8.600077" lon="-80.118560">
        <time>2026-08-19T20:44:57Z</time>
      </trkpt>
      <trkpt lat="8.600065" lon="-80.118547">
        <time>2026-08-19T20:44:58Z</time>
      </trkpt>
      <trkpt lat="8.600051" lon="-80.118536">
        <time>2026-08-19T20:44:59Z</time>
      </trkpt>
      <trkpt lat="8.600040" lon="-80.118523">
        <time>2026-08-19T20:45:00Z</time>
      </trkpt>
      <trkpt lat="8.600033" lon="-80.118510">
        <time>2026-08-19T20:45:01Z</time>
      </trkpt>
      <trkpt lat="8.600022" lon="-80.118494">
        <time>2026-08-19T20:45:02Z</time>
      </trkpt>
      <trkpt lat="8.600011" lon="-80.118482">
        <time>2026-08-19T20:45:03Z</time>
      </trkpt>
      <trkpt lat="8.600001" lon="-80.118467">
        <time>2026-08-19T20:45:04Z</time>
      </trkpt>
      <trkpt lat="8.599988" lon="-80.118452">
        <time>2026-08-19T20:45:05Z</time>
      </trkpt>
      <trkpt lat="8.599976" lon="-80.118438">
        <time>2026-08-19T20:45:06Z</time>
      </trkpt>
      <trkpt lat="8.599964" lon="-80.118427">
        <time>2026-08-19T20:45:07Z</time>
      </trkpt>
      <trkpt lat="8.599952" lon="-80.118415">
        <time>2026-08-19T20:45:08Z</time>
      </trkpt>
      <trkpt lat="8.599939" lon="-80.118400">
        <time>2026-08-19T20:45:09Z</time>
      </trkpt>
      <trkpt lat="8.599926" lon="-80.118380">
        <time>2026-08-19T20:45:10Z</time>
      </trkpt>
      <trkpt lat="8.599916" lon="-80.118365">
        <time>2026-08-19T20:45:11Z</time>
      </trkpt>
      <trkpt lat="8.599902" lon="-80.118350">
        <time>2026-08-19T20:45:12Z</time>
      </trkpt>
      <trkpt lat="8.599889" lon="-80.118335">
        <time>2026-08-19T20:45:13Z</time>
      </trkpt>
      <trkpt lat="8.599880" lon="-80.118318">
        <time>2026-08-19T20:45:14Z</time>
      </trkpt>
      <trkpt lat="8.599869" lon="-80.118301">
        <time>2026-08-19T20:45:15Z</time>
      </trkpt>
      <trkpt lat="8.599858" lon="-80.118283">
        <time>2026-08-19T20:45:16Z</time>
      </trkpt>
      <trkpt lat="8.599846" lon="-80.118266">
        <time>2026-08-19T20:45:17Z</time>
      </trkpt>
      <trkpt lat="8.599834" lon="-80.118250">
        <time>2026-08-19T20:45:18Z</time>
      </trkpt>
      <trkpt lat="8.599823" lon="-80.118234">
        <time>2026-08-19T20:45:19Z</time>
      </trkpt>
      <trkpt lat="8.599811" lon="-80.118218">
        <time>2026-08-19T20:45:20Z</time>
      </trkpt>
      <trkpt lat="8.599802" lon="-80.118204">
        <time>2026-08-19T20:45:21Z</time>
      </trkpt>
      <trkpt lat="8.599789" lon="-80.118191">
        <time>2026-08-19T20:45:22Z</time>
      </trkpt>
      <trkpt lat="8.599778" lon="-80.118179">
        <time>2026-08-19T20:45:23Z</time>
      </trkpt>
      <trkpt lat="8.599770" lon="-80.118165">
        <time>2026-08-19T20:45:24Z</time>
      </trkpt>
      <trkpt lat="8.599757" lon="-80.118149">
        <time>2026-08-19T20:45:25Z</time>
      </trkpt>
      <trkpt lat="8.599745" lon="-80.118134">
        <time>2026-08-19T20:45:26Z</time>
      </trkpt>
      <trkpt lat="8.599733" lon="-80.118119">
        <time>2026-08-19T20:45:27Z</time>
      </trkpt>
      <trkpt lat="8.599723" lon="-80.118106">
        <time>2026-08-19T20:45:28Z</time>
      </trkpt>
      <trkpt lat="8.599713" lon="-80.118092">
        <time>2026-08-19T20:45:29Z</time>
      </trkpt>
      <trkpt lat="8.599703" lon="-80.118080">
        <time>2026-08-19T20:45:30Z</time>
      </trkpt>
      <trkpt lat="8.599693" lon="-80.118064">
        <time>2026-08-19T20:45:31Z</time>
      </trkpt>
      <trkpt lat="8.599683" lon="-80.118047">
        <time>2026-08-19T20:45:32Z</time>
      </trkpt>
      <trkpt lat="8.599675" lon="-80.118033">
        <time>2026-08-19T20:45:33Z</time>
      </trkpt>
      <trkpt lat="8.599667" lon="-80.118020">
        <time>2026-08-19T20:45:34Z</time>
      </trkpt>
      <trkpt lat="8.599657" lon="-80.118006">
        <time>2026-08-19T20:45:35Z</time>
      </trkpt>
      <trkpt lat="8.599646" lon="-80.117991">
        <time>2026-08-19T20:45:36Z</time>
      </trkpt>
      <trkpt lat="8.599636" lon="-80.117976">
        <time>2026-08-19T20:45:37Z</time>
      </trkpt>
      <trkpt lat="8.599624" lon="-80.117962">
        <time>2026-08-19T20:45:38Z</time>
      </trkpt>
      <trkpt lat="8.599612" lon="-80.117943">
        <time>2026-08-19T20:45:39Z</time>
      </trkpt>
      <trkpt lat="8.599600" lon="-80.117926">
        <time>2026-08-19T20:45:40Z</time>
      </trkpt>
      <trkpt lat="8.599584" lon="-80.117910">
        <time>2026-08-19T20:45:41Z</time>
      </trkpt>
      <trkpt lat="8.599576" lon="-80.117894">
        <time>2026-08-19T20:45:42Z</time>
      </trkpt>
      <trkpt lat="8.599570" lon="-80.117879">
        <time>2026-08-19T20:45:43Z</time>
      </trkpt>
      <trkpt lat="8.599563" lon="-80.117863">
        <time>2026-08-19T20:45:44Z</time>
      </trkpt>
      <trkpt lat="8.599556" lon="-80.117846">
        <time>2026-08-19T20:45:45Z</time>
      </trkpt>
      <trkpt lat="8.599560" lon="-80.117831">
        <time>2026-08-19T20:45:46Z</time>
      </trkpt>
      <trkpt lat="8.599560" lon="-80.117815">
        <time>2026-08-19T20:45:47Z</time>
      </trkpt>
      <trkpt lat="8.599550" lon="-80.117800">
        <time>2026-08-19T20:45:48Z</time>
      </trkpt>
      <trkpt lat="8.599552" lon="-80.117786">
        <time>2026-08-19T20:45:49Z</time>
      </trkpt>
      <trkpt lat="8.599552" lon="-80.117772">
        <time>2026-08-19T20:45:50Z</time>
      </trkpt>
      <trkpt lat="8.599553" lon="-80.117759">
        <time>2026-08-19T20:45:51Z</time>
      </trkpt>
      <trkpt lat="8.599556" lon="-80.117744">
        <time>2026-08-19T20:45:52Z</time>
      </trkpt>
      <trkpt lat="8.599559" lon="-80.117727">
        <time>2026-08-19T20:45:53Z</time>
      </trkpt>
      <trkpt lat="8.599561" lon="-80.117712">
        <time>2026-08-19T20:45:54Z</time>
      </trkpt>
      <trkpt lat="8.599561" lon="-80.117699">
        <time>2026-08-19T20:45:55Z</time>
      </trkpt>
      <trkpt lat="8.599562" lon="-80.117684">
        <time>2026-08-19T20:45:56Z</time>
      </trkpt>
      <trkpt lat="8.599560" lon="-80.117671">
        <time>2026-08-19T20:45:57Z</time>
      </trkpt>
      <trkpt lat="8.599559" lon="-80.117656">
        <time>2026-08-19T20:45:58Z</time>
      </trkpt>
      <trkpt lat="8.599559" lon="-80.117641">
        <time>2026-08-19T20:45:59Z</time>
      </trkpt>
      <trkpt lat="8.599560" lon="-80.117631">
        <time>2026-08-19T20:46:00Z</time>
      </trkpt>
      <trkpt lat="8.599561" lon="-80.117619">
        <time>2026-08-19T20:46:01Z</time>
      </trkpt>
      <trkpt lat="8.599561" lon="-80.117605">
        <time>2026-08-19T20:46:02Z</time>
      </trkpt>
      <trkpt lat="8.599565" lon="-80.117593">
        <time>2026-08-19T20:46:03Z</time>
      </trkpt>
      <trkpt lat="8.599564" lon="-80.117576">
        <time>2026-08-19T20:46:04Z</time>
      </trkpt>
      <trkpt lat="8.599564" lon="-80.117576">
        <time>2026-08-19T20:46:05Z</time>
      </trkpt>
      <trkpt lat="8.599564" lon="-80.117575">
        <time>2026-08-19T20:46:06Z</time>
      </trkpt>
      <trkpt lat="8.599568" lon="-80.117563">
        <time>2026-08-19T20:46:07Z</time>
      </trkpt>
      <trkpt lat="8.599568" lon="-80.117551">
        <time>2026-08-19T20:46:08Z</time>
      </trkpt>
      <trkpt lat="8.599568" lon="-80.117539">
        <time>2026-08-19T20:46:09Z</time>
      </trkpt>
      <trkpt lat="8.599570" lon="-80.117524">
        <time>2026-08-19T20:46:10Z</time>
      </trkpt>
      <trkpt lat="8.599571" lon="-80.117509">
        <time>2026-08-19T20:46:11Z</time>
      </trkpt>
      <trkpt lat="8.599573" lon="-80.117494">
        <time>2026-08-19T20:46:12Z</time>
      </trkpt>
      <trkpt lat="8.599573" lon="-80.117476">
        <time>2026-08-19T20:46:13Z</time>
      </trkpt>
      <trkpt lat="8.599572" lon="-80.117456">
        <time>2026-08-19T20:46:14Z</time>
      </trkpt>
      <trkpt lat="8.599574" lon="-80.117440">
        <time>2026-08-19T20:46:15Z</time>
      </trkpt>
      <trkpt lat="8.599577" lon="-80.117422">
        <time>2026-08-19T20:46:16Z</time>
      </trkpt>
      <trkpt lat="8.599582" lon="-80.117404">
        <time>2026-08-19T20:46:17Z</time>
      </trkpt>
      <trkpt lat="8.599587" lon="-80.117388">
        <time>2026-08-19T20:46:18Z</time>
      </trkpt>
      <trkpt lat="8.599591" lon="-80.117369">
        <time>2026-08-19T20:46:19Z</time>
      </trkpt>
      <trkpt lat="8.599593" lon="-80.117349">
        <time>2026-08-19T20:46:20Z</time>
      </trkpt>
      <trkpt lat="8.599596" lon="-80.117329">
        <time>2026-08-19T20:46:21Z</time>
      </trkpt>
      <trkpt lat="8.599596" lon="-80.117312">
        <time>2026-08-19T20:46:22Z</time>
      </trkpt>
      <trkpt lat="8.599599" lon="-80.117291">
        <time>2026-08-19T20:46:23Z</time>
      </trkpt>
      <trkpt lat="8.599602" lon="-80.117272">
        <time>2026-08-19T20:46:24Z</time>
      </trkpt>
      <trkpt lat="8.599605" lon="-80.117258">
        <time>2026-08-19T20:46:25Z</time>
      </trkpt>
      <trkpt lat="8.599607" lon="-80.117245">
        <time>2026-08-19T20:46:26Z</time>
      </trkpt>
      <trkpt lat="8.599609" lon="-80.117230">
        <time>2026-08-19T20:46:27Z</time>
      </trkpt>
      <trkpt lat="8.599612" lon="-80.117207">
        <time>2026-08-19T20:46:28Z</time>
      </trkpt>
      <trkpt lat="8.599615" lon="-80.117186">
        <time>2026-08-19T20:46:29Z</time>
      </trkpt>
      <trkpt lat="8.599620" lon="-80.117167">
        <time>2026-08-19T20:46:30Z</time>
      </trkpt>
      <trkpt lat="8.599623" lon="-80.117148">
        <time>2026-08-19T20:46:31Z</time>
      </trkpt>
      <trkpt lat="8.599626" lon="-80.117130">
        <time>2026-08-19T20:46:32Z</time>
      </trkpt>
      <trkpt lat="8.599632" lon="-80.117109">
        <time>2026-08-19T20:46:33Z</time>
      </trkpt>
      <trkpt lat="8.599634" lon="-80.117091">
        <time>2026-08-19T20:46:34Z</time>
      </trkpt>
      <trkpt lat="8.599639" lon="-80.117072">
        <time>2026-08-19T20:46:35Z</time>
      </trkpt>
      <trkpt lat="8.599644" lon="-80.117052">
        <time>2026-08-19T20:46:36Z</time>
      </trkpt>
      <trkpt lat="8.599649" lon="-80.117032">
        <time>2026-08-19T20:46:37Z</time>
      </trkpt>
      <trkpt lat="8.599650" lon="-80.117013">
        <time>2026-08-19T20:46:38Z</time>
      </trkpt>
      <trkpt lat="8.599651" lon="-80.116993">
        <time>2026-08-19T20:46:39Z</time>
      </trkpt>
      <trkpt lat="8.599655" lon="-80.116974">
        <time>2026-08-19T20:46:40Z</time>
      </trkpt>
      <trkpt lat="8.599657" lon="-80.116956">
        <time>2026-08-19T20:46:41Z</time>
      </trkpt>
      <trkpt lat="8.599666" lon="-80.116916">
        <time>2026-08-19T20:46:42Z</time>
      </trkpt>
      <trkpt lat="8.599666" lon="-80.116916">
        <time>2026-08-19T20:46:43Z</time>
      </trkpt>
      <trkpt lat="8.599669" lon="-80.116901">
        <time>2026-08-19T20:46:44Z</time>
      </trkpt>
      <trkpt lat="8.599672" lon="-80.116884">
        <time>2026-08-19T20:46:45Z</time>
      </trkpt>
      <trkpt lat="8.599675" lon="-80.116867">
        <time>2026-08-19T20:46:46Z</time>
      </trkpt>
      <trkpt lat="8.599676" lon="-80.116852">
        <time>2026-08-19T20:46:47Z</time>
      </trkpt>
      <trkpt lat="8.599680" lon="-80.116836">
        <time>2026-08-19T20:46:48Z</time>
      </trkpt>
      <trkpt lat="8.599684" lon="-80.116823">
        <time>2026-08-19T20:46:49Z</time>
      </trkpt>
      <trkpt lat="8.599686" lon="-80.116810">
        <time>2026-08-19T20:46:50Z</time>
      </trkpt>
      <trkpt lat="8.599690" lon="-80.116795">
        <time>2026-08-19T20:46:51Z</time>
      </trkpt>
      <trkpt lat="8.599693" lon="-80.116777">
        <time>2026-08-19T20:46:52Z</time>
      </trkpt>
      <trkpt lat="8.599698" lon="-80.116763">
        <time>2026-08-19T20:46:53Z</time>
      </trkpt>
      <trkpt lat="8.599701" lon="-80.116747">
        <time>2026-08-19T20:46:54Z</time>
      </trkpt>
      <trkpt lat="8.599705" lon="-80.116729">
        <time>2026-08-19T20:46:55Z</time>
      </trkpt>
      <trkpt lat="8.599712" lon="-80.116709">
        <time>2026-08-19T20:46:56Z</time>
      </trkpt>
      <trkpt lat="8.599718" lon="-80.116690">
        <time>2026-08-19T20:46:57Z</time>
      </trkpt>
      <trkpt lat="8.599721" lon="-80.116671">
        <time>2026-08-19T20:46:58Z</time>
      </trkpt>
      <trkpt lat="8.599726" lon="-80.116651">
        <time>2026-08-19T20:46:59Z</time>
      </trkpt>
      <trkpt lat="8.599733" lon="-80.116634">
        <time>2026-08-19T20:47:00Z</time>
      </trkpt>
      <trkpt lat="8.599740" lon="-80.116618">
        <time>2026-08-19T20:47:01Z</time>
      </trkpt>
      <trkpt lat="8.599749" lon="-80.116603">
        <time>2026-08-19T20:47:02Z</time>
      </trkpt>
      <trkpt lat="8.599757" lon="-80.116589">
        <time>2026-08-19T20:47:03Z</time>
      </trkpt>
      <trkpt lat="8.599765" lon="-80.116573">
        <time>2026-08-19T20:47:04Z</time>
      </trkpt>
      <trkpt lat="8.599772" lon="-80.116557">
        <time>2026-08-19T20:47:05Z</time>
      </trkpt>
      <trkpt lat="8.599780" lon="-80.116543">
        <time>2026-08-19T20:47:06Z</time>
      </trkpt>
      <trkpt lat="8.599785" lon="-80.116525">
        <time>2026-08-19T20:47:07Z</time>
      </trkpt>
      <trkpt lat="8.599786" lon="-80.116508">
        <time>2026-08-19T20:47:08Z</time>
      </trkpt>
      <trkpt lat="8.599788" lon="-80.116492">
        <time>2026-08-19T20:47:09Z</time>
      </trkpt>
      <trkpt lat="8.599792" lon="-80.116478">
        <time>2026-08-19T20:47:10Z</time>
      </trkpt>
      <trkpt lat="8.599796" lon="-80.116460">
        <time>2026-08-19T20:47:11Z</time>
      </trkpt>
      <trkpt lat="8.599796" lon="-80.116441">
        <time>2026-08-19T20:47:12Z</time>
      </trkpt>
      <trkpt lat="8.599794" lon="-80.116421">
        <time>2026-08-19T20:47:13Z</time>
      </trkpt>
      <trkpt lat="8.599794" lon="-80.116404">
        <time>2026-08-19T20:47:14Z</time>
      </trkpt>
      <trkpt lat="8.599797" lon="-80.116388">
        <time>2026-08-19T20:47:15Z</time>
      </trkpt>
      <trkpt lat="8.599800" lon="-80.116370">
        <time>2026-08-19T20:47:16Z</time>
      </trkpt>
      <trkpt lat="8.599803" lon="-80.116353">
        <time>2026-08-19T20:47:17Z</time>
      </trkpt>
      <trkpt lat="8.599804" lon="-80.116337">
        <time>2026-08-19T20:47:18Z</time>
      </trkpt>
      <trkpt lat="8.599806" lon="-80.116323">
        <time>2026-08-19T20:47:19Z</time>
      </trkpt>
      <trkpt lat="8.599806" lon="-80.116308">
        <time>2026-08-19T20:47:20Z</time>
      </trkpt>
      <trkpt lat="8.599808" lon="-80.116295">
        <time>2026-08-19T20:47:21Z</time>
      </trkpt>
      <trkpt lat="8.599810" lon="-80.116283">
        <time>2026-08-19T20:47:22Z</time>
      </trkpt>
      <trkpt lat="8.599807" lon="-80.116270">
        <time>2026-08-19T20:47:23Z</time>
      </trkpt>
      <trkpt lat="8.599807" lon="-80.116256">
        <time>2026-08-19T20:47:24Z</time>
      </trkpt>
      <trkpt lat="8.599810" lon="-80.116240">
        <time>2026-08-19T20:47:25Z</time>
      </trkpt>
      <trkpt lat="8.599814" lon="-80.116226">
        <time>2026-08-19T20:47:26Z</time>
      </trkpt>
      <trkpt lat="8.599812" lon="-80.116209">
        <time>2026-08-19T20:47:27Z</time>
      </trkpt>
      <trkpt lat="8.599813" lon="-80.116193">
        <time>2026-08-19T20:47:28Z</time>
      </trkpt>
      <trkpt lat="8.599815" lon="-80.116180">
        <time>2026-08-19T20:47:29Z</time>
      </trkpt>
      <trkpt lat="8.599814" lon="-80.116168">
        <time>2026-08-19T20:47:30Z</time>
      </trkpt>
      <trkpt lat="8.599813" lon="-80.116152">
        <time>2026-08-19T20:47:31Z</time>
      </trkpt>
      <trkpt lat="8.599813" lon="-80.116133">
        <time>2026-08-19T20:47:32Z</time>
      </trkpt>
      <trkpt lat="8.599811" lon="-80.116111">
        <time>2026-08-19T20:47:33Z</time>
      </trkpt>
      <trkpt lat="8.599809" lon="-80.116091">
        <time>2026-08-19T20:47:34Z</time>
      </trkpt>
      <trkpt lat="8.599804" lon="-80.116073">
        <time>2026-08-19T20:47:35Z</time>
      </trkpt>
      <trkpt lat="8.599799" lon="-80.116053">
        <time>2026-08-19T20:47:36Z</time>
      </trkpt>
      <trkpt lat="8.599798" lon="-80.116034">
        <time>2026-08-19T20:47:37Z</time>
      </trkpt>
      <trkpt lat="8.599799" lon="-80.116000">
        <time>2026-08-19T20:47:38Z</time>
      </trkpt>
      <trkpt lat="8.599799" lon="-80.116000">
        <time>2026-08-19T20:47:39Z</time>
      </trkpt>
      <trkpt lat="8.599797" lon="-80.115984">
        <time>2026-08-19T20:47:40Z</time>
      </trkpt>
      <trkpt lat="8.599797" lon="-80.115969">
        <time>2026-08-19T20:47:41Z</time>
      </trkpt>
      <trkpt lat="8.599797" lon="-80.115953">
        <time>2026-08-19T20:47:42Z</time>
      </trkpt>
      <trkpt lat="8.599795" lon="-80.115936">
        <time>2026-08-19T20:47:43Z</time>
      </trkpt>
      <trkpt lat="8.599792" lon="-80.115922">
        <time>2026-08-19T20:47:44Z</time>
      </trkpt>
      <trkpt lat="8.599787" lon="-80.115905">
        <time>2026-08-19T20:47:45Z</time>
      </trkpt>
      <trkpt lat="8.599786" lon="-80.115888">
        <time>2026-08-19T20:47:46Z</time>
      </trkpt>
      <trkpt lat="8.599788" lon="-80.115871">
        <time>2026-08-19T20:47:47Z</time>
      </trkpt>
      <trkpt lat="8.599786" lon="-80.115854">
        <time>2026-08-19T20:47:48Z</time>
      </trkpt>
      <trkpt lat="8.599782" lon="-80.115838">
        <time>2026-08-19T20:47:49Z</time>
      </trkpt>
      <trkpt lat="8.599779" lon="-80.115823">
        <time>2026-08-19T20:47:50Z</time>
      </trkpt>
      <trkpt lat="8.599776" lon="-80.115807">
        <time>2026-08-19T20:47:51Z</time>
      </trkpt>
      <trkpt lat="8.599773" lon="-80.115791">
        <time>2026-08-19T20:47:52Z</time>
      </trkpt>
      <trkpt lat="8.599774" lon="-80.115774">
        <time>2026-08-19T20:47:53Z</time>
      </trkpt>
      <trkpt lat="8.599774" lon="-80.115760">
        <time>2026-08-19T20:47:54Z</time>
      </trkpt>
      <trkpt lat="8.599773" lon="-80.115747">
        <time>2026-08-19T20:47:55Z</time>
      </trkpt>
      <trkpt lat="8.599771" lon="-80.115732">
        <time>2026-08-19T20:47:56Z</time>
      </trkpt>
      <trkpt lat="8.599769" lon="-80.115719">
        <time>2026-08-19T20:47:57Z</time>
      </trkpt>
      <trkpt lat="8.599768" lon="-80.115705">
        <time>2026-08-19T20:47:58Z</time>
      </trkpt>
      <trkpt lat="8.599768" lon="-80.115693">
        <time>2026-08-19T20:47:59Z</time>
      </trkpt>
      <trkpt lat="8.599762" lon="-80.115680">
        <time>2026-08-19T20:48:00Z</time>
      </trkpt>
      <trkpt lat="8.599759" lon="-80.115664">
        <time>2026-08-19T20:48:01Z</time>
      </trkpt>
      <trkpt lat="8.599754" lon="-80.115653">
        <time>2026-08-19T20:48:02Z</time>
      </trkpt>
      <trkpt lat="8.599749" lon="-80.115643">
        <time>2026-08-19T20:48:03Z</time>
      </trkpt>
      <trkpt lat="8.599746" lon="-80.115628">
        <time>2026-08-19T20:48:04Z</time>
      </trkpt>
      <trkpt lat="8.599745" lon="-80.115613">
        <time>2026-08-19T20:48:05Z</time>
      </trkpt>
      <trkpt lat="8.599742" lon="-80.115600">
        <time>2026-08-19T20:48:06Z</time>
      </trkpt>
      <trkpt lat="8.599740" lon="-80.115587">
        <time>2026-08-19T20:48:07Z</time>
      </trkpt>
      <trkpt lat="8.599735" lon="-80.115574">
        <time>2026-08-19T20:48:08Z</time>
      </trkpt>
      <trkpt lat="8.599733" lon="-80.115562">
        <time>2026-08-19T20:48:09Z</time>
      </trkpt>
      <trkpt lat="8.599728" lon="-80.115552">
        <time>2026-08-19T20:48:10Z</time>
      </trkpt>
      <trkpt lat="8.599724" lon="-80.115540">
        <time>2026-08-19T20:48:11Z</time>
      </trkpt>
      <trkpt lat="8.599722" lon="-80.115525">
        <time>2026-08-19T20:48:12Z</time>
      </trkpt>
      <trkpt lat="8.599719" lon="-80.115511">
        <time>2026-08-19T20:48:13Z</time>
      </trkpt>
      <trkpt lat="8.599716" lon="-80.115497">
        <time>2026-08-19T20:48:14Z</time>
      </trkpt>
      <trkpt lat="8.599714" lon="-80.115483">
        <time>2026-08-19T20:48:15Z</time>
      </trkpt>
      <trkpt lat="8.599712" lon="-80.115461">
        <time>2026-08-19T20:48:16Z</time>
      </trkpt>
      <trkpt lat="8.599710" lon="-80.115445">
        <time>2026-08-19T20:48:17Z</time>
      </trkpt>
      <trkpt lat="8.599708" lon="-80.115425">
        <time>2026-08-19T20:48:18Z</time>
      </trkpt>
      <trkpt lat="8.599704" lon="-80.115404">
        <time>2026-08-19T20:48:19Z</time>
      </trkpt>
      <trkpt lat="8.599704" lon="-80.115380">
        <time>2026-08-19T20:48:20Z</time>
      </trkpt>
      <trkpt lat="8.599705" lon="-80.115360">
        <time>2026-08-19T20:48:21Z</time>
      </trkpt>
      <trkpt lat="8.599698" lon="-80.115342">
        <time>2026-08-19T20:48:22Z</time>
      </trkpt>
      <trkpt lat="8.599692" lon="-80.115324">
        <time>2026-08-19T20:48:23Z</time>
      </trkpt>
      <trkpt lat="8.599689" lon="-80.115304">
        <time>2026-08-19T20:48:24Z</time>
      </trkpt>
      <trkpt lat="8.599687" lon="-80.115286">
        <time>2026-08-19T20:48:25Z</time>
      </trkpt>
      <trkpt lat="8.599684" lon="-80.115267">
        <time>2026-08-19T20:48:26Z</time>
      </trkpt>
      <trkpt lat="8.599681" lon="-80.115248">
        <time>2026-08-19T20:48:27Z</time>
      </trkpt>
      <trkpt lat="8.599679" lon="-80.115229">
        <time>2026-08-19T20:48:28Z</time>
      </trkpt>
      <trkpt lat="8.599676" lon="-80.115211">
        <time>2026-08-19T20:48:29Z</time>
      </trkpt>
      <trkpt lat="8.599670" lon="-80.115193">
        <time>2026-08-19T20:48:30Z</time>
      </trkpt>
      <trkpt lat="8.599667" lon="-80.115174">
        <time>2026-08-19T20:48:31Z</time>
      </trkpt>
      <trkpt lat="8.599665" lon="-80.115157">
        <time>2026-08-19T20:48:32Z</time>
      </trkpt>
      <trkpt lat="8.599665" lon="-80.115136">
        <time>2026-08-19T20:48:33Z</time>
      </trkpt>
      <trkpt lat="8.599667" lon="-80.115116">
        <time>2026-08-19T20:48:34Z</time>
      </trkpt>
      <trkpt lat="8.599666" lon="-80.115097">
        <time>2026-08-19T20:48:35Z</time>
      </trkpt>
      <trkpt lat="8.599660" lon="-80.115074">
        <time>2026-08-19T20:48:36Z</time>
      </trkpt>
      <trkpt lat="8.599654" lon="-80.115051">
        <time>2026-08-19T20:48:37Z</time>
      </trkpt>
      <trkpt lat="8.599653" lon="-80.115030">
        <time>2026-08-19T20:48:38Z</time>
      </trkpt>
      <trkpt lat="8.599652" lon="-80.115016">
        <time>2026-08-19T20:48:39Z</time>
      </trkpt>
      <trkpt lat="8.599646" lon="-80.114995">
        <time>2026-08-19T20:48:40Z</time>
      </trkpt>
      <trkpt lat="8.599643" lon="-80.114977">
        <time>2026-08-19T20:48:41Z</time>
      </trkpt>
      <trkpt lat="8.599638" lon="-80.114961">
        <time>2026-08-19T20:48:42Z</time>
      </trkpt>
      <trkpt lat="8.599634" lon="-80.114943">
        <time>2026-08-19T20:48:43Z</time>
      </trkpt>
      <trkpt lat="8.599631" lon="-80.114922">
        <time>2026-08-19T20:48:44Z</time>
      </trkpt>
      <trkpt lat="8.599629" lon="-80.114905">
        <time>2026-08-19T20:48:45Z</time>
      </trkpt>
      <trkpt lat="8.599624" lon="-80.114889">
        <time>2026-08-19T20:48:46Z</time>
      </trkpt>
      <trkpt lat="8.599621" lon="-80.114871">
        <time>2026-08-19T20:48:47Z</time>
      </trkpt>
      <trkpt lat="8.599619" lon="-80.114854">
        <time>2026-08-19T20:48:48Z</time>
      </trkpt>
      <trkpt lat="8.599620" lon="-80.114835">
        <time>2026-08-19T20:48:49Z</time>
      </trkpt>
      <trkpt lat="8.599614" lon="-80.114819">
        <time>2026-08-19T20:48:50Z</time>
      </trkpt>
      <trkpt lat="8.599608" lon="-80.114797">
        <time>2026-08-19T20:48:51Z</time>
      </trkpt>
      <trkpt lat="8.599606" lon="-80.114781">
        <time>2026-08-19T20:48:52Z</time>
      </trkpt>
      <trkpt lat="8.599603" lon="-80.114763">
        <time>2026-08-19T20:48:53Z</time>
      </trkpt>
      <trkpt lat="8.599597" lon="-80.114741">
        <time>2026-08-19T20:48:54Z</time>
      </trkpt>
      <trkpt lat="8.599595" lon="-80.114721">
        <time>2026-08-19T20:48:55Z</time>
      </trkpt>
      <trkpt lat="8.599589" lon="-80.114682">
        <time>2026-08-19T20:48:56Z</time>
      </trkpt>
      <trkpt lat="8.599589" lon="-80.114682">
        <time>2026-08-19T20:48:57Z</time>
      </trkpt>
      <trkpt lat="8.599585" lon="-80.114661">
        <time>2026-08-19T20:48:58Z</time>
      </trkpt>
      <trkpt lat="8.599581" lon="-80.114644">
        <time>2026-08-19T20:48:59Z</time>
      </trkpt>
      <trkpt lat="8.599580" lon="-80.114627">
        <time>2026-08-19T20:49:00Z</time>
      </trkpt>
      <trkpt lat="8.599579" lon="-80.114609">
        <time>2026-08-19T20:49:01Z</time>
      </trkpt>
      <trkpt lat="8.599576" lon="-80.114588">
        <time>2026-08-19T20:49:02Z</time>
      </trkpt>
      <trkpt lat="8.599573" lon="-80.114572">
        <time>2026-08-19T20:49:03Z</time>
      </trkpt>
      <trkpt lat="8.599565" lon="-80.114534">
        <time>2026-08-19T20:49:04Z</time>
      </trkpt>
      <trkpt lat="8.599565" lon="-80.114534">
        <time>2026-08-19T20:49:05Z</time>
      </trkpt>
      <trkpt lat="8.599561" lon="-80.114515">
        <time>2026-08-19T20:49:06Z</time>
      </trkpt>
      <trkpt lat="8.599557" lon="-80.114499">
        <time>2026-08-19T20:49:07Z</time>
      </trkpt>
      <trkpt lat="8.599556" lon="-80.114482">
        <time>2026-08-19T20:49:08Z</time>
      </trkpt>
      <trkpt lat="8.599555" lon="-80.114466">
        <time>2026-08-19T20:49:09Z</time>
      </trkpt>
      <trkpt lat="8.599552" lon="-80.114448">
        <time>2026-08-19T20:49:10Z</time>
      </trkpt>
      <trkpt lat="8.599552" lon="-80.114431">
        <time>2026-08-19T20:49:11Z</time>
      </trkpt>
      <trkpt lat="8.599555" lon="-80.114416">
        <time>2026-08-19T20:49:12Z</time>
      </trkpt>
      <trkpt lat="8.599552" lon="-80.114399">
        <time>2026-08-19T20:49:13Z</time>
      </trkpt>
      <trkpt lat="8.599546" lon="-80.114383">
        <time>2026-08-19T20:49:14Z</time>
      </trkpt>
      <trkpt lat="8.599547" lon="-80.114361">
        <time>2026-08-19T20:49:15Z</time>
      </trkpt>
      <trkpt lat="8.599547" lon="-80.114361">
        <time>2026-08-19T20:49:16Z</time>
      </trkpt>
      <trkpt lat="8.599552" lon="-80.114348">
        <time>2026-08-19T20:49:17Z</time>
      </trkpt>
      <trkpt lat="8.599548" lon="-80.114332">
        <time>2026-08-19T20:49:18Z</time>
      </trkpt>
      <trkpt lat="8.599536" lon="-80.114320">
        <time>2026-08-19T20:49:19Z</time>
      </trkpt>
      <trkpt lat="8.599532" lon="-80.114314">
        <time>2026-08-19T20:49:20Z</time>
      </trkpt>
      <trkpt lat="8.599528" lon="-80.114301">
        <time>2026-08-19T20:49:21Z</time>
      </trkpt>
      <trkpt lat="8.599524" lon="-80.114285">
        <time>2026-08-19T20:49:22Z</time>
      </trkpt>
      <trkpt lat="8.599521" lon="-80.114270">
        <time>2026-08-19T20:49:23Z</time>
      </trkpt>
      <trkpt lat="8.599521" lon="-80.114252">
        <time>2026-08-19T20:49:24Z</time>
      </trkpt>
      <trkpt lat="8.599517" lon="-80.114236">
        <time>2026-08-19T20:49:25Z</time>
      </trkpt>
      <trkpt lat="8.599513" lon="-80.114220">
        <time>2026-08-19T20:49:26Z</time>
      </trkpt>
      <trkpt lat="8.599510" lon="-80.114198">
        <time>2026-08-19T20:49:27Z</time>
      </trkpt>
      <trkpt lat="8.599510" lon="-80.114179">
        <time>2026-08-19T20:49:28Z</time>
      </trkpt>
      <trkpt lat="8.599508" lon="-80.114163">
        <time>2026-08-19T20:49:29Z</time>
      </trkpt>
      <trkpt lat="8.599508" lon="-80.114146">
        <time>2026-08-19T20:49:30Z</time>
      </trkpt>
      <trkpt lat="8.599507" lon="-80.114131">
        <time>2026-08-19T20:49:31Z</time>
      </trkpt>
      <trkpt lat="8.599507" lon="-80.114115">
        <time>2026-08-19T20:49:32Z</time>
      </trkpt>
      <trkpt lat="8.599505" lon="-80.114096">
        <time>2026-08-19T20:49:33Z</time>
      </trkpt>
      <trkpt lat="8.599504" lon="-80.114078">
        <time>2026-08-19T20:49:34Z</time>
      </trkpt>
      <trkpt lat="8.599501" lon="-80.114061">
        <time>2026-08-19T20:49:35Z</time>
      </trkpt>
      <trkpt lat="8.599498" lon="-80.114042">
        <time>2026-08-19T20:49:36Z</time>
      </trkpt>
      <trkpt lat="8.599493" lon="-80.114023">
        <time>2026-08-19T20:49:37Z</time>
      </trkpt>
      <trkpt lat="8.599490" lon="-80.114003">
        <time>2026-08-19T20:49:38Z</time>
      </trkpt>
      <trkpt lat="8.599489" lon="-80.113987">
        <time>2026-08-19T20:49:39Z</time>
      </trkpt>
      <trkpt lat="8.599484" lon="-80.113970">
        <time>2026-08-19T20:49:40Z</time>
      </trkpt>
      <trkpt lat="8.599478" lon="-80.113955">
        <time>2026-08-19T20:49:41Z</time>
      </trkpt>
      <trkpt lat="8.599475" lon="-80.113937">
        <time>2026-08-19T20:49:42Z</time>
      </trkpt>
      <trkpt lat="8.599472" lon="-80.113921">
        <time>2026-08-19T20:49:43Z</time>
      </trkpt>
      <trkpt lat="8.599470" lon="-80.113905">
        <time>2026-08-19T20:49:44Z</time>
      </trkpt>
      <trkpt lat="8.599466" lon="-80.113888">
        <time>2026-08-19T20:49:45Z</time>
      </trkpt>
      <trkpt lat="8.599461" lon="-80.113865">
        <time>2026-08-19T20:49:46Z</time>
      </trkpt>
      <trkpt lat="8.599457" lon="-80.113847">
        <time>2026-08-19T20:49:47Z</time>
      </trkpt>
      <trkpt lat="8.599453" lon="-80.113830">
        <time>2026-08-19T20:49:48Z</time>
      </trkpt>
      <trkpt lat="8.599449" lon="-80.113817">
        <time>2026-08-19T20:49:49Z</time>
      </trkpt>
      <trkpt lat="8.599450" lon="-80.113801">
        <time>2026-08-19T20:49:50Z</time>
      </trkpt>
      <trkpt lat="8.599451" lon="-80.113784">
        <time>2026-08-19T20:49:51Z</time>
      </trkpt>
      <trkpt lat="8.599448" lon="-80.113769">
        <time>2026-08-19T20:49:52Z</time>
      </trkpt>
      <trkpt lat="8.599444" lon="-80.113756">
        <time>2026-08-19T20:49:53Z</time>
      </trkpt>
      <trkpt lat="8.599440" lon="-80.113742">
        <time>2026-08-19T20:49:54Z</time>
      </trkpt>
      <trkpt lat="8.599438" lon="-80.113724">
        <time>2026-08-19T20:49:55Z</time>
      </trkpt>
      <trkpt lat="8.599436" lon="-80.113707">
        <time>2026-08-19T20:49:56Z</time>
      </trkpt>
      <trkpt lat="8.599436" lon="-80.113689">
        <time>2026-08-19T20:49:57Z</time>
      </trkpt>
      <trkpt lat="8.599436" lon="-80.113670">
        <time>2026-08-19T20:49:58Z</time>
      </trkpt>
      <trkpt lat="8.599431" lon="-80.113654">
        <time>2026-08-19T20:49:59Z</time>
      </trkpt>
      <trkpt lat="8.599429" lon="-80.113638">
        <time>2026-08-19T20:50:00Z</time>
      </trkpt>
      <trkpt lat="8.599422" lon="-80.113621">
        <time>2026-08-19T20:50:01Z</time>
      </trkpt>
      <trkpt lat="8.599422" lon="-80.113603">
        <time>2026-08-19T20:50:02Z</time>
      </trkpt>
      <trkpt lat="8.599421" lon="-80.113584">
        <time>2026-08-19T20:50:03Z</time>
      </trkpt>
      <trkpt lat="8.599420" lon="-80.113569">
        <time>2026-08-19T20:50:04Z</time>
      </trkpt>
      <trkpt lat="8.599415" lon="-80.113553">
        <time>2026-08-19T20:50:05Z</time>
      </trkpt>
      <trkpt lat="8.599411" lon="-80.113535">
        <time>2026-08-19T20:50:06Z</time>
      </trkpt>
      <trkpt lat="8.599412" lon="-80.113521">
        <time>2026-08-19T20:50:07Z</time>
      </trkpt>
      <trkpt lat="8.599410" lon="-80.113503">
        <time>2026-08-19T20:50:08Z</time>
      </trkpt>
      <trkpt lat="8.599405" lon="-80.113486">
        <time>2026-08-19T20:50:09Z</time>
      </trkpt>
      <trkpt lat="8.599400" lon="-80.113472">
        <time>2026-08-19T20:50:10Z</time>
      </trkpt>
      <trkpt lat="8.599398" lon="-80.113456">
        <time>2026-08-19T20:50:11Z</time>
      </trkpt>
      <trkpt lat="8.599395" lon="-80.113437">
        <time>2026-08-19T20:50:12Z</time>
      </trkpt>
      <trkpt lat="8.599389" lon="-80.113418">
        <time>2026-08-19T20:50:13Z</time>
      </trkpt>
      <trkpt lat="8.599381" lon="-80.113397">
        <time>2026-08-19T20:50:14Z</time>
      </trkpt>
      <trkpt lat="8.599375" lon="-80.113382">
        <time>2026-08-19T20:50:15Z</time>
      </trkpt>
      <trkpt lat="8.599369" lon="-80.113370">
        <time>2026-08-19T20:50:16Z</time>
      </trkpt>
      <trkpt lat="8.599364" lon="-80.113354">
        <time>2026-08-19T20:50:17Z</time>
      </trkpt>
      <trkpt lat="8.599362" lon="-80.113340">
        <time>2026-08-19T20:50:18Z</time>
      </trkpt>
      <trkpt lat="8.599361" lon="-80.113322">
        <time>2026-08-19T20:50:19Z</time>
      </trkpt>
      <trkpt lat="8.599358" lon="-80.113307">
        <time>2026-08-19T20:50:20Z</time>
      </trkpt>
      <trkpt lat="8.599353" lon="-80.113291">
        <time>2026-08-19T20:50:21Z</time>
      </trkpt>
      <trkpt lat="8.599350" lon="-80.113271">
        <time>2026-08-19T20:50:22Z</time>
      </trkpt>
      <trkpt lat="8.599346" lon="-80.113253">
        <time>2026-08-19T20:50:23Z</time>
      </trkpt>
      <trkpt lat="8.599338" lon="-80.113216">
        <time>2026-08-19T20:50:24Z</time>
      </trkpt>
      <trkpt lat="8.599338" lon="-80.113216">
        <time>2026-08-19T20:50:25Z</time>
      </trkpt>
      <trkpt lat="8.599334" lon="-80.113200">
        <time>2026-08-19T20:50:26Z</time>
      </trkpt>
      <trkpt lat="8.599331" lon="-80.113184">
        <time>2026-08-19T20:50:27Z</time>
      </trkpt>
      <trkpt lat="8.599327" lon="-80.113166">
        <time>2026-08-19T20:50:28Z</time>
      </trkpt>
      <trkpt lat="8.599324" lon="-80.113148">
        <time>2026-08-19T20:50:29Z</time>
      </trkpt>
      <trkpt lat="8.599321" lon="-80.113130">
        <time>2026-08-19T20:50:30Z</time>
      </trkpt>
      <trkpt lat="8.599321" lon="-80.113094">
        <time>2026-08-19T20:50:31Z</time>
      </trkpt>
      <trkpt lat="8.599321" lon="-80.113094">
        <time>2026-08-19T20:50:32Z</time>
      </trkpt>
      <trkpt lat="8.599321" lon="-80.113076">
        <time>2026-08-19T20:50:33Z</time>
      </trkpt>
      <trkpt lat="8.599328" lon="-80.113060">
        <time>2026-08-19T20:50:34Z</time>
      </trkpt>
      <trkpt lat="8.599336" lon="-80.113047">
        <time>2026-08-19T20:50:35Z</time>
      </trkpt>
      <trkpt lat="8.599346" lon="-80.113030">
        <time>2026-08-19T20:50:36Z</time>
      </trkpt>
      <trkpt lat="8.599358" lon="-80.113020">
        <time>2026-08-19T20:50:37Z</time>
      </trkpt>
      <trkpt lat="8.599372" lon="-80.113010">
        <time>2026-08-19T20:50:38Z</time>
      </trkpt>
      <trkpt lat="8.599385" lon="-80.113004">
        <time>2026-08-19T20:50:39Z</time>
      </trkpt>
      <trkpt lat="8.599400" lon="-80.112999">
        <time>2026-08-19T20:50:40Z</time>
      </trkpt>
      <trkpt lat="8.599427" lon="-80.112990">
        <time>2026-08-19T20:50:41Z</time>
      </trkpt>
      <trkpt lat="8.599427" lon="-80.112990">
        <time>2026-08-19T20:50:42Z</time>
      </trkpt>
      <trkpt lat="8.599446" lon="-80.112983">
        <time>2026-08-19T20:50:43Z</time>
      </trkpt>
      <trkpt lat="8.599465" lon="-80.112977">
        <time>2026-08-19T20:50:44Z</time>
      </trkpt>
      <trkpt lat="8.599481" lon="-80.112976">
        <time>2026-08-19T20:50:45Z</time>
      </trkpt>
      <trkpt lat="8.599501" lon="-80.112975">
        <time>2026-08-19T20:50:46Z</time>
      </trkpt>
      <trkpt lat="8.599520" lon="-80.112976">
        <time>2026-08-19T20:50:47Z</time>
      </trkpt>
      <trkpt lat="8.599539" lon="-80.112975">
        <time>2026-08-19T20:50:48Z</time>
      </trkpt>
      <trkpt lat="8.599561" lon="-80.112972">
        <time>2026-08-19T20:50:49Z</time>
      </trkpt>
      <trkpt lat="8.599580" lon="-80.112972">
        <time>2026-08-19T20:50:50Z</time>
      </trkpt>
      <trkpt lat="8.599600" lon="-80.112973">
        <time>2026-08-19T20:50:51Z</time>
      </trkpt>
      <trkpt lat="8.599622" lon="-80.112967">
        <time>2026-08-19T20:50:52Z</time>
      </trkpt>
      <trkpt lat="8.599649" lon="-80.112959">
        <time>2026-08-19T20:50:53Z</time>
      </trkpt>
      <trkpt lat="8.599666" lon="-80.112958">
        <time>2026-08-19T20:50:54Z</time>
      </trkpt>
      <trkpt lat="8.599681" lon="-80.112955">
        <time>2026-08-19T20:50:55Z</time>
      </trkpt>
      <trkpt lat="8.599697" lon="-80.112953">
        <time>2026-08-19T20:50:56Z</time>
      </trkpt>
      <trkpt lat="8.599713" lon="-80.112954">
        <time>2026-08-19T20:50:57Z</time>
      </trkpt>
      <trkpt lat="8.599727" lon="-80.112952">
        <time>2026-08-19T20:50:58Z</time>
      </trkpt>
      <trkpt lat="8.599746" lon="-80.112949">
        <time>2026-08-19T20:50:59Z</time>
      </trkpt>
      <trkpt lat="8.599767" lon="-80.112948">
        <time>2026-08-19T20:51:00Z</time>
      </trkpt>
      <trkpt lat="8.599786" lon="-80.112947">
        <time>2026-08-19T20:51:01Z</time>
      </trkpt>
      <trkpt lat="8.599806" lon="-80.112944">
        <time>2026-08-19T20:51:02Z</time>
      </trkpt>
      <trkpt lat="8.599822" lon="-80.112945">
        <time>2026-08-19T20:51:03Z</time>
      </trkpt>
      <trkpt lat="8.599839" lon="-80.112943">
        <time>2026-08-19T20:51:04Z</time>
      </trkpt>
      <trkpt lat="8.599857" lon="-80.112941">
        <time>2026-08-19T20:51:05Z</time>
      </trkpt>
      <trkpt lat="8.599876" lon="-80.112941">
        <time>2026-08-19T20:51:06Z</time>
      </trkpt>
      <trkpt lat="8.599897" lon="-80.112940">
        <time>2026-08-19T20:51:07Z</time>
      </trkpt>
      <trkpt lat="8.599919" lon="-80.112939">
        <time>2026-08-19T20:51:08Z</time>
      </trkpt>
      <trkpt lat="8.599938" lon="-80.112940">
        <time>2026-08-19T20:51:09Z</time>
      </trkpt>
      <trkpt lat="8.599957" lon="-80.112943">
        <time>2026-08-19T20:51:10Z</time>
      </trkpt>
      <trkpt lat="8.599978" lon="-80.112945">
        <time>2026-08-19T20:51:11Z</time>
      </trkpt>
      <trkpt lat="8.599993" lon="-80.112940">
        <time>2026-08-19T20:51:12Z</time>
      </trkpt>
      <trkpt lat="8.600009" lon="-80.112936">
        <time>2026-08-19T20:51:13Z</time>
      </trkpt>
      <trkpt lat="8.600028" lon="-80.112934">
        <time>2026-08-19T20:51:14Z</time>
      </trkpt>
      <trkpt lat="8.600049" lon="-80.112933">
        <time>2026-08-19T20:51:15Z</time>
      </trkpt>
      <trkpt lat="8.600074" lon="-80.112931">
        <time>2026-08-19T20:51:16Z</time>
      </trkpt>
      <trkpt lat="8.600108" lon="-80.112923">
        <time>2026-08-19T20:51:17Z</time>
      </trkpt>
      <trkpt lat="8.600131" lon="-80.112924">
        <time>2026-08-19T20:51:18Z</time>
      </trkpt>
      <trkpt lat="8.600150" lon="-80.112928">
        <time>2026-08-19T20:51:19Z</time>
      </trkpt>
      <trkpt lat="8.600169" lon="-80.112931">
        <time>2026-08-19T20:51:20Z</time>
      </trkpt>
      <trkpt lat="8.600186" lon="-80.112933">
        <time>2026-08-19T20:51:21Z</time>
      </trkpt>
      <trkpt lat="8.600205" lon="-80.112938">
        <time>2026-08-19T20:51:22Z</time>
      </trkpt>
      <trkpt lat="8.600223" lon="-80.112944">
        <time>2026-08-19T20:51:23Z</time>
      </trkpt>
      <trkpt lat="8.600237" lon="-80.112945">
        <time>2026-08-19T20:51:24Z</time>
      </trkpt>
      <trkpt lat="8.600254" lon="-80.112949">
        <time>2026-08-19T20:51:25Z</time>
      </trkpt>
      <trkpt lat="8.600273" lon="-80.112953">
        <time>2026-08-19T20:51:26Z</time>
      </trkpt>
      <trkpt lat="8.600315" lon="-80.112962">
        <time>2026-08-19T20:51:27Z</time>
      </trkpt>
      <trkpt lat="8.600315" lon="-80.112962">
        <time>2026-08-19T20:51:28Z</time>
      </trkpt>
      <trkpt lat="8.600337" lon="-80.112968">
        <time>2026-08-19T20:51:29Z</time>
      </trkpt>
      <trkpt lat="8.600359" lon="-80.112975">
        <time>2026-08-19T20:51:30Z</time>
      </trkpt>
      <trkpt lat="8.600382" lon="-80.112984">
        <time>2026-08-19T20:51:31Z</time>
      </trkpt>
      <trkpt lat="8.600399" lon="-80.112994">
        <time>2026-08-19T20:51:32Z</time>
      </trkpt>
      <trkpt lat="8.600420" lon="-80.113002">
        <time>2026-08-19T20:51:33Z</time>
      </trkpt>
      <trkpt lat="8.600442" lon="-80.113011">
        <time>2026-08-19T20:51:34Z</time>
      </trkpt>
      <trkpt lat="8.600463" lon="-80.113018">
        <time>2026-08-19T20:51:35Z</time>
      </trkpt>
      <trkpt lat="8.600482" lon="-80.113026">
        <time>2026-08-19T20:51:36Z</time>
      </trkpt>
      <trkpt lat="8.600502" lon="-80.113034">
        <time>2026-08-19T20:51:37Z</time>
      </trkpt>
      <trkpt lat="8.600519" lon="-80.113044">
        <time>2026-08-19T20:51:38Z</time>
      </trkpt>
      <trkpt lat="8.600538" lon="-80.113052">
        <time>2026-08-19T20:51:39Z</time>
      </trkpt>
      <trkpt lat="8.600559" lon="-80.113058">
        <time>2026-08-19T20:51:40Z</time>
      </trkpt>
      <trkpt lat="8.600575" lon="-80.113063">
        <time>2026-08-19T20:51:41Z</time>
      </trkpt>
      <trkpt lat="8.600591" lon="-80.113070">
        <time>2026-08-19T20:51:42Z</time>
      </trkpt>
      <trkpt lat="8.600606" lon="-80.113072">
        <time>2026-08-19T20:51:43Z</time>
      </trkpt>
      <trkpt lat="8.600622" lon="-80.113079">
        <time>2026-08-19T20:51:44Z</time>
      </trkpt>
      <trkpt lat="8.600637" lon="-80.113086">
        <time>2026-08-19T20:51:45Z</time>
      </trkpt>
      <trkpt lat="8.600649" lon="-80.113091">
        <time>2026-08-19T20:51:46Z</time>
      </trkpt>
      <trkpt lat="8.600658" lon="-80.113096">
        <time>2026-08-19T20:51:47Z</time>
      </trkpt>
      <trkpt lat="8.600671" lon="-80.113103">
        <time>2026-08-19T20:51:48Z</time>
      </trkpt>
      <trkpt lat="8.600685" lon="-80.113109">
        <time>2026-08-19T20:51:49Z</time>
      </trkpt>
      <trkpt lat="8.600699" lon="-80.113114">
        <time>2026-08-19T20:51:50Z</time>
      </trkpt>
      <trkpt lat="8.600716" lon="-80.113118">
        <time>2026-08-19T20:51:51Z</time>
      </trkpt>
      <trkpt lat="8.600731" lon="-80.113122">
        <time>2026-08-19T20:51:52Z</time>
      </trkpt>
      <trkpt lat="8.600745" lon="-80.113125">
        <time>2026-08-19T20:51:53Z</time>
      </trkpt>
      <trkpt lat="8.600756" lon="-80.113129">
        <time>2026-08-19T20:51:54Z</time>
      </trkpt>
      <trkpt lat="8.600770" lon="-80.113136">
        <time>2026-08-19T20:51:55Z</time>
      </trkpt>
      <trkpt lat="8.600785" lon="-80.113138">
        <time>2026-08-19T20:51:56Z</time>
      </trkpt>
      <trkpt lat="8.600807" lon="-80.113139">
        <time>2026-08-19T20:51:57Z</time>
      </trkpt>
      <trkpt lat="8.600829" lon="-80.113144">
        <time>2026-08-19T20:51:58Z</time>
      </trkpt>
      <trkpt lat="8.600854" lon="-80.113148">
        <time>2026-08-19T20:51:59Z</time>
      </trkpt>
      <trkpt lat="8.600881" lon="-80.113152">
        <time>2026-08-19T20:52:00Z</time>
      </trkpt>
      <trkpt lat="8.600904" lon="-80.113153">
        <time>2026-08-19T20:52:01Z</time>
      </trkpt>
      <trkpt lat="8.600927" lon="-80.113155">
        <time>2026-08-19T20:52:02Z</time>
      </trkpt>
      <trkpt lat="8.600950" lon="-80.113155">
        <time>2026-08-19T20:52:03Z</time>
      </trkpt>
      <trkpt lat="8.600971" lon="-80.113155">
        <time>2026-08-19T20:52:04Z</time>
      </trkpt>
      <trkpt lat="8.600993" lon="-80.113153">
        <time>2026-08-19T20:52:05Z</time>
      </trkpt>
      <trkpt lat="8.601016" lon="-80.113152">
        <time>2026-08-19T20:52:06Z</time>
      </trkpt>
      <trkpt lat="8.601039" lon="-80.113155">
        <time>2026-08-19T20:52:07Z</time>
      </trkpt>
      <trkpt lat="8.601060" lon="-80.113155">
        <time>2026-08-19T20:52:08Z</time>
      </trkpt>
      <trkpt lat="8.601082" lon="-80.113152">
        <time>2026-08-19T20:52:09Z</time>
      </trkpt>
      <trkpt lat="8.601099" lon="-80.113154">
        <time>2026-08-19T20:52:10Z</time>
      </trkpt>
      <trkpt lat="8.601117" lon="-80.113150">
        <time>2026-08-19T20:52:11Z</time>
      </trkpt>
      <trkpt lat="8.601137" lon="-80.113145">
        <time>2026-08-19T20:52:12Z</time>
      </trkpt>
      <trkpt lat="8.601156" lon="-80.113143">
        <time>2026-08-19T20:52:13Z</time>
      </trkpt>
      <trkpt lat="8.601177" lon="-80.113141">
        <time>2026-08-19T20:52:14Z</time>
      </trkpt>
      <trkpt lat="8.601199" lon="-80.113138">
        <time>2026-08-19T20:52:15Z</time>
      </trkpt>
      <trkpt lat="8.601217" lon="-80.113136">
        <time>2026-08-19T20:52:16Z</time>
      </trkpt>
      <trkpt lat="8.601237" lon="-80.113134">
        <time>2026-08-19T20:52:17Z</time>
      </trkpt>
      <trkpt lat="8.601258" lon="-80.113132">
        <time>2026-08-19T20:52:18Z</time>
      </trkpt>
      <trkpt lat="8.601279" lon="-80.113129">
        <time>2026-08-19T20:52:19Z</time>
      </trkpt>
      <trkpt lat="8.601297" lon="-80.113129">
        <time>2026-08-19T20:52:20Z</time>
      </trkpt>
      <trkpt lat="8.601315" lon="-80.113126">
        <time>2026-08-19T20:52:21Z</time>
      </trkpt>
      <trkpt lat="8.601334" lon="-80.113124">
        <time>2026-08-19T20:52:22Z</time>
      </trkpt>
      <trkpt lat="8.601352" lon="-80.113125">
        <time>2026-08-19T20:52:23Z</time>
      </trkpt>
      <trkpt lat="8.601370" lon="-80.113121">
        <time>2026-08-19T20:52:24Z</time>
      </trkpt>
      <trkpt lat="8.601390" lon="-80.113120">
        <time>2026-08-19T20:52:25Z</time>
      </trkpt>
      <trkpt lat="8.601409" lon="-80.113118">
        <time>2026-08-19T20:52:26Z</time>
      </trkpt>
      <trkpt lat="8.601428" lon="-80.113114">
        <time>2026-08-19T20:52:27Z</time>
      </trkpt>
      <trkpt lat="8.601448" lon="-80.113111">
        <time>2026-08-19T20:52:28Z</time>
      </trkpt>
      <trkpt lat="8.601467" lon="-80.113109">
        <time>2026-08-19T20:52:29Z</time>
      </trkpt>
      <trkpt lat="8.601481" lon="-80.113107">
        <time>2026-08-19T20:52:30Z</time>
      </trkpt>
      <trkpt lat="8.601499" lon="-80.113102">
        <time>2026-08-19T20:52:31Z</time>
      </trkpt>
      <trkpt lat="8.601521" lon="-80.113099">
        <time>2026-08-19T20:52:32Z</time>
      </trkpt>
      <trkpt lat="8.601538" lon="-80.113098">
        <time>2026-08-19T20:52:33Z</time>
      </trkpt>
      <trkpt lat="8.601556" lon="-80.113095">
        <time>2026-08-19T20:52:34Z</time>
      </trkpt>
      <trkpt lat="8.601577" lon="-80.113091">
        <time>2026-08-19T20:52:35Z</time>
      </trkpt>
      <trkpt lat="8.601594" lon="-80.113091">
        <time>2026-08-19T20:52:36Z</time>
      </trkpt>
      <trkpt lat="8.601612" lon="-80.113088">
        <time>2026-08-19T20:52:37Z</time>
      </trkpt>
      <trkpt lat="8.601629" lon="-80.113084">
        <time>2026-08-19T20:52:38Z</time>
      </trkpt>
      <trkpt lat="8.601649" lon="-80.113084">
        <time>2026-08-19T20:52:39Z</time>
      </trkpt>
      <trkpt lat="8.601667" lon="-80.113084">
        <time>2026-08-19T20:52:40Z</time>
      </trkpt>
      <trkpt lat="8.601687" lon="-80.113081">
        <time>2026-08-19T20:52:41Z</time>
      </trkpt>
      <trkpt lat="8.601706" lon="-80.113079">
        <time>2026-08-19T20:52:42Z</time>
      </trkpt>
      <trkpt lat="8.601725" lon="-80.113077">
        <time>2026-08-19T20:52:43Z</time>
      </trkpt>
      <trkpt lat="8.601740" lon="-80.113075">
        <time>2026-08-19T20:52:44Z</time>
      </trkpt>
      <trkpt lat="8.601757" lon="-80.113073">
        <time>2026-08-19T20:52:45Z</time>
      </trkpt>
      <trkpt lat="8.601778" lon="-80.113071">
        <time>2026-08-19T20:52:46Z</time>
      </trkpt>
      <trkpt lat="8.601798" lon="-80.113070">
        <time>2026-08-19T20:52:47Z</time>
      </trkpt>
      <trkpt lat="8.601820" lon="-80.113069">
        <time>2026-08-19T20:52:48Z</time>
      </trkpt>
      <trkpt lat="8.601839" lon="-80.113068">
        <time>2026-08-19T20:52:49Z</time>
      </trkpt>
      <trkpt lat="8.601855" lon="-80.113068">
        <time>2026-08-19T20:52:50Z</time>
      </trkpt>
      <trkpt lat="8.601869" lon="-80.113066">
        <time>2026-08-19T20:52:51Z</time>
      </trkpt>
      <trkpt lat="8.601899" lon="-80.113064">
        <time>2026-08-19T20:52:52Z</time>
      </trkpt>
      <trkpt lat="8.601899" lon="-80.113064">
        <time>2026-08-19T20:52:53Z</time>
      </trkpt>
      <trkpt lat="8.601914" lon="-80.113067">
        <time>2026-08-19T20:52:54Z</time>
      </trkpt>
      <trkpt lat="8.601933" lon="-80.113070">
        <time>2026-08-19T20:52:55Z</time>
      </trkpt>
      <trkpt lat="8.601952" lon="-80.113072">
        <time>2026-08-19T20:52:56Z</time>
      </trkpt>
      <trkpt lat="8.601973" lon="-80.113073">
        <time>2026-08-19T20:52:57Z</time>
      </trkpt>
      <trkpt lat="8.601993" lon="-80.113071">
        <time>2026-08-19T20:52:58Z</time>
      </trkpt>
      <trkpt lat="8.602010" lon="-80.113073">
        <time>2026-08-19T20:52:59Z</time>
      </trkpt>
      <trkpt lat="8.602027" lon="-80.113076">
        <time>2026-08-19T20:53:00Z</time>
      </trkpt>
      <trkpt lat="8.602042" lon="-80.113078">
        <time>2026-08-19T20:53:01Z</time>
      </trkpt>
      <trkpt lat="8.602057" lon="-80.113074">
        <time>2026-08-19T20:53:02Z</time>
      </trkpt>
      <trkpt lat="8.602075" lon="-80.113073">
        <time>2026-08-19T20:53:03Z</time>
      </trkpt>
      <trkpt lat="8.602093" lon="-80.113073">
        <time>2026-08-19T20:53:04Z</time>
      </trkpt>
      <trkpt lat="8.602114" lon="-80.113072">
        <time>2026-08-19T20:53:05Z</time>
      </trkpt>
      <trkpt lat="8.602134" lon="-80.113073">
        <time>2026-08-19T20:53:06Z</time>
      </trkpt>
      <trkpt lat="8.602151" lon="-80.113077">
        <time>2026-08-19T20:53:07Z</time>
      </trkpt>
      <trkpt lat="8.602169" lon="-80.113079">
        <time>2026-08-19T20:53:08Z</time>
      </trkpt>
      <trkpt lat="8.602187" lon="-80.113080">
        <time>2026-08-19T20:53:09Z</time>
      </trkpt>
      <trkpt lat="8.602205" lon="-80.113083">
        <time>2026-08-19T20:53:10Z</time>
      </trkpt>
      <trkpt lat="8.602221" lon="-80.113087">
        <time>2026-08-19T20:53:11Z</time>
      </trkpt>
      <trkpt lat="8.602259" lon="-80.113089">
        <time>2026-08-19T20:53:12Z</time>
      </trkpt>
      <trkpt lat="8.602259" lon="-80.113089">
        <time>2026-08-19T20:53:13Z</time>
      </trkpt>
      <trkpt lat="8.602276" lon="-80.113086">
        <time>2026-08-19T20:53:14Z</time>
      </trkpt>
      <trkpt lat="8.602294" lon="-80.113084">
        <time>2026-08-19T20:53:15Z</time>
      </trkpt>
      <trkpt lat="8.602314" lon="-80.113084">
        <time>2026-08-19T20:53:16Z</time>
      </trkpt>
      <trkpt lat="8.602334" lon="-80.113083">
        <time>2026-08-19T20:53:17Z</time>
      </trkpt>
      <trkpt lat="8.602354" lon="-80.113078">
        <time>2026-08-19T20:53:18Z</time>
      </trkpt>
      <trkpt lat="8.602373" lon="-80.113071">
        <time>2026-08-19T20:53:19Z</time>
      </trkpt>
      <trkpt lat="8.602390" lon="-80.113066">
        <time>2026-08-19T20:53:20Z</time>
      </trkpt>
      <trkpt lat="8.602407" lon="-80.113063">
        <time>2026-08-19T20:53:21Z</time>
      </trkpt>
      <trkpt lat="8.602429" lon="-80.113058">
        <time>2026-08-19T20:53:22Z</time>
      </trkpt>
      <trkpt lat="8.602450" lon="-80.113053">
        <time>2026-08-19T20:53:23Z</time>
      </trkpt>
      <trkpt lat="8.602466" lon="-80.113049">
        <time>2026-08-19T20:53:24Z</time>
      </trkpt>
      <trkpt lat="8.602483" lon="-80.113043">
        <time>2026-08-19T20:53:25Z</time>
      </trkpt>
      <trkpt lat="8.602501" lon="-80.113039">
        <time>2026-08-19T20:53:26Z</time>
      </trkpt>
      <trkpt lat="8.602518" lon="-80.113036">
        <time>2026-08-19T20:53:27Z</time>
      </trkpt>
      <trkpt lat="8.602535" lon="-80.113033">
        <time>2026-08-19T20:53:28Z</time>
      </trkpt>
      <trkpt lat="8.602553" lon="-80.113031">
        <time>2026-08-19T20:53:29Z</time>
      </trkpt>
      <trkpt lat="8.602572" lon="-80.113026">
        <time>2026-08-19T20:53:30Z</time>
      </trkpt>
      <trkpt lat="8.602594" lon="-80.113020">
        <time>2026-08-19T20:53:31Z</time>
      </trkpt>
      <trkpt lat="8.602613" lon="-80.113017">
        <time>2026-08-19T20:53:32Z</time>
      </trkpt>
      <trkpt lat="8.602633" lon="-80.113014">
        <time>2026-08-19T20:53:33Z</time>
      </trkpt>
      <trkpt lat="8.602653" lon="-80.113010">
        <time>2026-08-19T20:53:34Z</time>
      </trkpt>
      <trkpt lat="8.602672" lon="-80.113012">
        <time>2026-08-19T20:53:35Z</time>
      </trkpt>
      <trkpt lat="8.602686" lon="-80.113005">
        <time>2026-08-19T20:53:36Z</time>
      </trkpt>
      <trkpt lat="8.602705" lon="-80.113003">
        <time>2026-08-19T20:53:37Z</time>
      </trkpt>
      <trkpt lat="8.602724" lon="-80.113002">
        <time>2026-08-19T20:53:38Z</time>
      </trkpt>
      <trkpt lat="8.602742" lon="-80.112999">
        <time>2026-08-19T20:53:39Z</time>
      </trkpt>
      <trkpt lat="8.602762" lon="-80.112997">
        <time>2026-08-19T20:53:40Z</time>
      </trkpt>
      <trkpt lat="8.602779" lon="-80.112994">
        <time>2026-08-19T20:53:41Z</time>
      </trkpt>
      <trkpt lat="8.602794" lon="-80.112990">
        <time>2026-08-19T20:53:42Z</time>
      </trkpt>
      <trkpt lat="8.602811" lon="-80.112987">
        <time>2026-08-19T20:53:43Z</time>
      </trkpt>
      <trkpt lat="8.602828" lon="-80.112986">
        <time>2026-08-19T20:53:44Z</time>
      </trkpt>
      <trkpt lat="8.602845" lon="-80.112986">
        <time>2026-08-19T20:53:45Z</time>
      </trkpt>
      <trkpt lat="8.602862" lon="-80.112987">
        <time>2026-08-19T20:53:46Z</time>
      </trkpt>
      <trkpt lat="8.602877" lon="-80.112990">
        <time>2026-08-19T20:53:47Z</time>
      </trkpt>
      <trkpt lat="8.602893" lon="-80.112987">
        <time>2026-08-19T20:53:48Z</time>
      </trkpt>
      <trkpt lat="8.602909" lon="-80.112990">
        <time>2026-08-19T20:53:49Z</time>
      </trkpt>
      <trkpt lat="8.602926" lon="-80.112995">
        <time>2026-08-19T20:53:50Z</time>
      </trkpt>
      <trkpt lat="8.602945" lon="-80.112995">
        <time>2026-08-19T20:53:51Z</time>
      </trkpt>
      <trkpt lat="8.602964" lon="-80.112999">
        <time>2026-08-19T20:53:52Z</time>
      </trkpt>
      <trkpt lat="8.602980" lon="-80.113002">
        <time>2026-08-19T20:53:53Z</time>
      </trkpt>
      <trkpt lat="8.602997" lon="-80.113005">
        <time>2026-08-19T20:53:54Z</time>
      </trkpt>
      <trkpt lat="8.603016" lon="-80.113009">
        <time>2026-08-19T20:53:55Z</time>
      </trkpt>
      <trkpt lat="8.603034" lon="-80.113014">
        <time>2026-08-19T20:53:56Z</time>
      </trkpt>
      <trkpt lat="8.603051" lon="-80.113019">
        <time>2026-08-19T20:53:57Z</time>
      </trkpt>
      <trkpt lat="8.603069" lon="-80.113024">
        <time>2026-08-19T20:53:58Z</time>
      </trkpt>
      <trkpt lat="8.603088" lon="-80.113030">
        <time>2026-08-19T20:53:59Z</time>
      </trkpt>
      <trkpt lat="8.603105" lon="-80.113037">
        <time>2026-08-19T20:54:00Z</time>
      </trkpt>
      <trkpt lat="8.603121" lon="-80.113044">
        <time>2026-08-19T20:54:01Z</time>
      </trkpt>
      <trkpt lat="8.603139" lon="-80.113049">
        <time>2026-08-19T20:54:02Z</time>
      </trkpt>
      <trkpt lat="8.603158" lon="-80.113054">
        <time>2026-08-19T20:54:03Z</time>
      </trkpt>
      <trkpt lat="8.603174" lon="-80.113060">
        <time>2026-08-19T20:54:04Z</time>
      </trkpt>
      <trkpt lat="8.603189" lon="-80.113064">
        <time>2026-08-19T20:54:05Z</time>
      </trkpt>
      <trkpt lat="8.603205" lon="-80.113069">
        <time>2026-08-19T20:54:06Z</time>
      </trkpt>
      <trkpt lat="8.603220" lon="-80.113075">
        <time>2026-08-19T20:54:07Z</time>
      </trkpt>
      <trkpt lat="8.603233" lon="-80.113079">
        <time>2026-08-19T20:54:08Z</time>
      </trkpt>
      <trkpt lat="8.603248" lon="-80.113083">
        <time>2026-08-19T20:54:09Z</time>
      </trkpt>
      <trkpt lat="8.603262" lon="-80.113089">
        <time>2026-08-19T20:54:10Z</time>
      </trkpt>
      <trkpt lat="8.603277" lon="-80.113097">
        <time>2026-08-19T20:54:11Z</time>
      </trkpt>
      <trkpt lat="8.603293" lon="-80.113104">
        <time>2026-08-19T20:54:12Z</time>
      </trkpt>
      <trkpt lat="8.603309" lon="-80.113111">
        <time>2026-08-19T20:54:13Z</time>
      </trkpt>
      <trkpt lat="8.603324" lon="-80.113120">
        <time>2026-08-19T20:54:14Z</time>
      </trkpt>
      <trkpt lat="8.603340" lon="-80.113127">
        <time>2026-08-19T20:54:15Z</time>
      </trkpt>
      <trkpt lat="8.603358" lon="-80.113135">
        <time>2026-08-19T20:54:16Z</time>
      </trkpt>
      <trkpt lat="8.603377" lon="-80.113144">
        <time>2026-08-19T20:54:17Z</time>
      </trkpt>
      <trkpt lat="8.603392" lon="-80.113153">
        <time>2026-08-19T20:54:18Z</time>
      </trkpt>
      <trkpt lat="8.603410" lon="-80.113161">
        <time>2026-08-19T20:54:19Z</time>
      </trkpt>
      <trkpt lat="8.603427" lon="-80.113168">
        <time>2026-08-19T20:54:20Z</time>
      </trkpt>
      <trkpt lat="8.603444" lon="-80.113175">
        <time>2026-08-19T20:54:21Z</time>
      </trkpt>
      <trkpt lat="8.603461" lon="-80.113182">
        <time>2026-08-19T20:54:22Z</time>
      </trkpt>
      <trkpt lat="8.603478" lon="-80.113189">
        <time>2026-08-19T20:54:23Z</time>
      </trkpt>
      <trkpt lat="8.603496" lon="-80.113193">
        <time>2026-08-19T20:54:24Z</time>
      </trkpt>
      <trkpt lat="8.603511" lon="-80.113197">
        <time>2026-08-19T20:54:25Z</time>
      </trkpt>
      <trkpt lat="8.603525" lon="-80.113204">
        <time>2026-08-19T20:54:26Z</time>
      </trkpt>
      <trkpt lat="8.603538" lon="-80.113211">
        <time>2026-08-19T20:54:27Z</time>
      </trkpt>
      <trkpt lat="8.603552" lon="-80.113219">
        <time>2026-08-19T20:54:28Z</time>
      </trkpt>
      <trkpt lat="8.603568" lon="-80.113228">
        <time>2026-08-19T20:54:29Z</time>
      </trkpt>
      <trkpt lat="8.603584" lon="-80.113238">
        <time>2026-08-19T20:54:30Z</time>
      </trkpt>
      <trkpt lat="8.603599" lon="-80.113249">
        <time>2026-08-19T20:54:31Z</time>
      </trkpt>
      <trkpt lat="8.603615" lon="-80.113259">
        <time>2026-08-19T20:54:32Z</time>
      </trkpt>
      <trkpt lat="8.603629" lon="-80.113269">
        <time>2026-08-19T20:54:33Z</time>
      </trkpt>
      <trkpt lat="8.603645" lon="-80.113279">
        <time>2026-08-19T20:54:34Z</time>
      </trkpt>
      <trkpt lat="8.603665" lon="-80.113292">
        <time>2026-08-19T20:54:35Z</time>
      </trkpt>
      <trkpt lat="8.603682" lon="-80.113305">
        <time>2026-08-19T20:54:36Z</time>
      </trkpt>
      <trkpt lat="8.603696" lon="-80.113316">
        <time>2026-08-19T20:54:37Z</time>
      </trkpt>
      <trkpt lat="8.603708" lon="-80.113328">
        <time>2026-08-19T20:54:38Z</time>
      </trkpt>
      <trkpt lat="8.603722" lon="-80.113340">
        <time>2026-08-19T20:54:39Z</time>
      </trkpt>
      <trkpt lat="8.603734" lon="-80.113352">
        <time>2026-08-19T20:54:40Z</time>
      </trkpt>
      <trkpt lat="8.603749" lon="-80.113360">
        <time>2026-08-19T20:54:41Z</time>
      </trkpt>
      <trkpt lat="8.603764" lon="-80.113370">
        <time>2026-08-19T20:54:42Z</time>
      </trkpt>
      <trkpt lat="8.603777" lon="-80.113380">
        <time>2026-08-19T20:54:43Z</time>
      </trkpt>
      <trkpt lat="8.603789" lon="-80.113390">
        <time>2026-08-19T20:54:44Z</time>
      </trkpt>
      <trkpt lat="8.603805" lon="-80.113401">
        <time>2026-08-19T20:54:45Z</time>
      </trkpt>
      <trkpt lat="8.603820" lon="-80.113412">
        <time>2026-08-19T20:54:46Z</time>
      </trkpt>
      <trkpt lat="8.603833" lon="-80.113422">
        <time>2026-08-19T20:54:47Z</time>
      </trkpt>
      <trkpt lat="8.603849" lon="-80.113434">
        <time>2026-08-19T20:54:48Z</time>
      </trkpt>
      <trkpt lat="8.603867" lon="-80.113446">
        <time>2026-08-19T20:54:49Z</time>
      </trkpt>
      <trkpt lat="8.603883" lon="-80.113456">
        <time>2026-08-19T20:54:50Z</time>
      </trkpt>
      <trkpt lat="8.603897" lon="-80.113465">
        <time>2026-08-19T20:54:51Z</time>
      </trkpt>
      <trkpt lat="8.603911" lon="-80.113473">
        <time>2026-08-19T20:54:52Z</time>
      </trkpt>
      <trkpt lat="8.603923" lon="-80.113483">
        <time>2026-08-19T20:54:53Z</time>
      </trkpt>
      <trkpt lat="8.603937" lon="-80.113493">
        <time>2026-08-19T20:54:54Z</time>
      </trkpt>
      <trkpt lat="8.603950" lon="-80.113504">
        <time>2026-08-19T20:54:55Z</time>
      </trkpt>
      <trkpt lat="8.603964" lon="-80.113514">
        <time>2026-08-19T20:54:56Z</time>
      </trkpt>
      <trkpt lat="8.603979" lon="-80.113524">
        <time>2026-08-19T20:54:57Z</time>
      </trkpt>
      <trkpt lat="8.603993" lon="-80.113535">
        <time>2026-08-19T20:54:58Z</time>
      </trkpt>
      <trkpt lat="8.604007" lon="-80.113545">
        <time>2026-08-19T20:54:59Z</time>
      </trkpt>
      <trkpt lat="8.604021" lon="-80.113554">
        <time>2026-08-19T20:55:00Z</time>
      </trkpt>
      <trkpt lat="8.604033" lon="-80.113563">
        <time>2026-08-19T20:55:01Z</time>
      </trkpt>
      <trkpt lat="8.604048" lon="-80.113575">
        <time>2026-08-19T20:55:02Z</time>
      </trkpt>
      <trkpt lat="8.604063" lon="-80.113588">
        <time>2026-08-19T20:55:03Z</time>
      </trkpt>
      <trkpt lat="8.604079" lon="-80.113598">
        <time>2026-08-19T20:55:04Z</time>
      </trkpt>
      <trkpt lat="8.604096" lon="-80.113611">
        <time>2026-08-19T20:55:05Z</time>
      </trkpt>
      <trkpt lat="8.604111" lon="-80.113622">
        <time>2026-08-19T20:55:06Z</time>
      </trkpt>
      <trkpt lat="8.604128" lon="-80.113634">
        <time>2026-08-19T20:55:07Z</time>
      </trkpt>
      <trkpt lat="8.604147" lon="-80.113644">
        <time>2026-08-19T20:55:08Z</time>
      </trkpt>
      <trkpt lat="8.604162" lon="-80.113653">
        <time>2026-08-19T20:55:09Z</time>
      </trkpt>
      <trkpt lat="8.604178" lon="-80.113661">
        <time>2026-08-19T20:55:10Z</time>
      </trkpt>
      <trkpt lat="8.604193" lon="-80.113671">
        <time>2026-08-19T20:55:11Z</time>
      </trkpt>
      <trkpt lat="8.604209" lon="-80.113678">
        <time>2026-08-19T20:55:12Z</time>
      </trkpt>
      <trkpt lat="8.604225" lon="-80.113686">
        <time>2026-08-19T20:55:13Z</time>
      </trkpt>
      <trkpt lat="8.604242" lon="-80.113694">
        <time>2026-08-19T20:55:14Z</time>
      </trkpt>
      <trkpt lat="8.604262" lon="-80.113702">
        <time>2026-08-19T20:55:15Z</time>
      </trkpt>
      <trkpt lat="8.604280" lon="-80.113705">
        <time>2026-08-19T20:55:16Z</time>
      </trkpt>
      <trkpt lat="8.604299" lon="-80.113710">
        <time>2026-08-19T20:55:17Z</time>
      </trkpt>
      <trkpt lat="8.604316" lon="-80.113717">
        <time>2026-08-19T20:55:18Z</time>
      </trkpt>
      <trkpt lat="8.604333" lon="-80.113724">
        <time>2026-08-19T20:55:19Z</time>
      </trkpt>
      <trkpt lat="8.604350" lon="-80.113730">
        <time>2026-08-19T20:55:20Z</time>
      </trkpt>
      <trkpt lat="8.604367" lon="-80.113739">
        <time>2026-08-19T20:55:21Z</time>
      </trkpt>
      <trkpt lat="8.604384" lon="-80.113746">
        <time>2026-08-19T20:55:22Z</time>
      </trkpt>
      <trkpt lat="8.604406" lon="-80.113750">
        <time>2026-08-19T20:55:23Z</time>
      </trkpt>
      <trkpt lat="8.604426" lon="-80.113755">
        <time>2026-08-19T20:55:24Z</time>
      </trkpt>
      <trkpt lat="8.604449" lon="-80.113759">
        <time>2026-08-19T20:55:25Z</time>
      </trkpt>
      <trkpt lat="8.604471" lon="-80.113760">
        <time>2026-08-19T20:55:26Z</time>
      </trkpt>
      <trkpt lat="8.604493" lon="-80.113758">
        <time>2026-08-19T20:55:27Z</time>
      </trkpt>
      <trkpt lat="8.604515" lon="-80.113758">
        <time>2026-08-19T20:55:28Z</time>
      </trkpt>
      <trkpt lat="8.604535" lon="-80.113753">
        <time>2026-08-19T20:55:29Z</time>
      </trkpt>
      <trkpt lat="8.604558" lon="-80.113748">
        <time>2026-08-19T20:55:30Z</time>
      </trkpt>
      <trkpt lat="8.604587" lon="-80.113741">
        <time>2026-08-19T20:55:31Z</time>
      </trkpt>
      <trkpt lat="8.604604" lon="-80.113738">
        <time>2026-08-19T20:55:32Z</time>
      </trkpt>
      <trkpt lat="8.604621" lon="-80.113733">
        <time>2026-08-19T20:55:33Z</time>
      </trkpt>
      <trkpt lat="8.604640" lon="-80.113730">
        <time>2026-08-19T20:55:34Z</time>
      </trkpt>
      <trkpt lat="8.604660" lon="-80.113727">
        <time>2026-08-19T20:55:35Z</time>
      </trkpt>
      <trkpt lat="8.604678" lon="-80.113721">
        <time>2026-08-19T20:55:36Z</time>
      </trkpt>
      <trkpt lat="8.604695" lon="-80.113717">
        <time>2026-08-19T20:55:37Z</time>
      </trkpt>
      <trkpt lat="8.604712" lon="-80.113715">
        <time>2026-08-19T20:55:38Z</time>
      </trkpt>
      <trkpt lat="8.604726" lon="-80.113711">
        <time>2026-08-19T20:55:39Z</time>
      </trkpt>
      <trkpt lat="8.604744" lon="-80.113704">
        <time>2026-08-19T20:55:40Z</time>
      </trkpt>
      <trkpt lat="8.604761" lon="-80.113699">
        <time>2026-08-19T20:55:41Z</time>
      </trkpt>
      <trkpt lat="8.604777" lon="-80.113694">
        <time>2026-08-19T20:55:42Z</time>
      </trkpt>
      <trkpt lat="8.604794" lon="-80.113687">
        <time>2026-08-19T20:55:43Z</time>
      </trkpt>
      <trkpt lat="8.604811" lon="-80.113681">
        <time>2026-08-19T20:55:44Z</time>
      </trkpt>
      <trkpt lat="8.604827" lon="-80.113672">
        <time>2026-08-19T20:55:45Z</time>
      </trkpt>
      <trkpt lat="8.604844" lon="-80.113665">
        <time>2026-08-19T20:55:46Z</time>
      </trkpt>
      <trkpt lat="8.604863" lon="-80.113659">
        <time>2026-08-19T20:55:47Z</time>
      </trkpt>
      <trkpt lat="8.604884" lon="-80.113647">
        <time>2026-08-19T20:55:48Z</time>
      </trkpt>
      <trkpt lat="8.604902" lon="-80.113635">
        <time>2026-08-19T20:55:49Z</time>
      </trkpt>
      <trkpt lat="8.604918" lon="-80.113627">
        <time>2026-08-19T20:55:50Z</time>
      </trkpt>
      <trkpt lat="8.604937" lon="-80.113621">
        <time>2026-08-19T20:55:51Z</time>
      </trkpt>
      <trkpt lat="8.604953" lon="-80.113611">
        <time>2026-08-19T20:55:52Z</time>
      </trkpt>
      <trkpt lat="8.604971" lon="-80.113602">
        <time>2026-08-19T20:55:53Z</time>
      </trkpt>
      <trkpt lat="8.604990" lon="-80.113593">
        <time>2026-08-19T20:55:54Z</time>
      </trkpt>
      <trkpt lat="8.605007" lon="-80.113585">
        <time>2026-08-19T20:55:55Z</time>
      </trkpt>
      <trkpt lat="8.605024" lon="-80.113579">
        <time>2026-08-19T20:55:56Z</time>
      </trkpt>
      <trkpt lat="8.605040" lon="-80.113572">
        <time>2026-08-19T20:55:57Z</time>
      </trkpt>
      <trkpt lat="8.605057" lon="-80.113562">
        <time>2026-08-19T20:55:58Z</time>
      </trkpt>
      <trkpt lat="8.605073" lon="-80.113554">
        <time>2026-08-19T20:55:59Z</time>
      </trkpt>
      <trkpt lat="8.605089" lon="-80.113546">
        <time>2026-08-19T20:56:00Z</time>
      </trkpt>
      <trkpt lat="8.605105" lon="-80.113535">
        <time>2026-08-19T20:56:01Z</time>
      </trkpt>
      <trkpt lat="8.605121" lon="-80.113524">
        <time>2026-08-19T20:56:02Z</time>
      </trkpt>
      <trkpt lat="8.605139" lon="-80.113516">
        <time>2026-08-19T20:56:03Z</time>
      </trkpt>
      <trkpt lat="8.605155" lon="-80.113509">
        <time>2026-08-19T20:56:04Z</time>
      </trkpt>
      <trkpt lat="8.605170" lon="-80.113497">
        <time>2026-08-19T20:56:05Z</time>
      </trkpt>
      <trkpt lat="8.605185" lon="-80.113486">
        <time>2026-08-19T20:56:06Z</time>
      </trkpt>
      <trkpt lat="8.605201" lon="-80.113479">
        <time>2026-08-19T20:56:07Z</time>
      </trkpt>
      <trkpt lat="8.605224" lon="-80.113458">
        <time>2026-08-19T20:56:08Z</time>
      </trkpt>
      <trkpt lat="8.605224" lon="-80.113458">
        <time>2026-08-19T20:56:09Z</time>
      </trkpt>
      <trkpt lat="8.605236" lon="-80.113448">
        <time>2026-08-19T20:56:10Z</time>
      </trkpt>
      <trkpt lat="8.605251" lon="-80.113439">
        <time>2026-08-19T20:56:11Z</time>
      </trkpt>
      <trkpt lat="8.605265" lon="-80.113430">
        <time>2026-08-19T20:56:12Z</time>
      </trkpt>
      <trkpt lat="8.605278" lon="-80.113419">
        <time>2026-08-19T20:56:13Z</time>
      </trkpt>
      <trkpt lat="8.605293" lon="-80.113406">
        <time>2026-08-19T20:56:14Z</time>
      </trkpt>
      <trkpt lat="8.605309" lon="-80.113398">
        <time>2026-08-19T20:56:15Z</time>
      </trkpt>
      <trkpt lat="8.605325" lon="-80.113389">
        <time>2026-08-19T20:56:16Z</time>
      </trkpt>
      <trkpt lat="8.605339" lon="-80.113380">
        <time>2026-08-19T20:56:17Z</time>
      </trkpt>
      <trkpt lat="8.605356" lon="-80.113366">
        <time>2026-08-19T20:56:18Z</time>
      </trkpt>
      <trkpt lat="8.605369" lon="-80.113358">
        <time>2026-08-19T20:56:19Z</time>
      </trkpt>
      <trkpt lat="8.605383" lon="-80.113348">
        <time>2026-08-19T20:56:20Z</time>
      </trkpt>
      <trkpt lat="8.605400" lon="-80.113340">
        <time>2026-08-19T20:56:21Z</time>
      </trkpt>
      <trkpt lat="8.605418" lon="-80.113331">
        <time>2026-08-19T20:56:22Z</time>
      </trkpt>
      <trkpt lat="8.605434" lon="-80.113323">
        <time>2026-08-19T20:56:23Z</time>
      </trkpt>
      <trkpt lat="8.605451" lon="-80.113314">
        <time>2026-08-19T20:56:24Z</time>
      </trkpt>
      <trkpt lat="8.605467" lon="-80.113303">
        <time>2026-08-19T20:56:25Z</time>
      </trkpt>
      <trkpt lat="8.605486" lon="-80.113292">
        <time>2026-08-19T20:56:26Z</time>
      </trkpt>
      <trkpt lat="8.605502" lon="-80.113280">
        <time>2026-08-19T20:56:27Z</time>
      </trkpt>
      <trkpt lat="8.605520" lon="-80.113268">
        <time>2026-08-19T20:56:28Z</time>
      </trkpt>
      <trkpt lat="8.605540" lon="-80.113255">
        <time>2026-08-19T20:56:29Z</time>
      </trkpt>
      <trkpt lat="8.605557" lon="-80.113242">
        <time>2026-08-19T20:56:30Z</time>
      </trkpt>
      <trkpt lat="8.605574" lon="-80.113230">
        <time>2026-08-19T20:56:31Z</time>
      </trkpt>
      <trkpt lat="8.605590" lon="-80.113218">
        <time>2026-08-19T20:56:32Z</time>
      </trkpt>
      <trkpt lat="8.605606" lon="-80.113208">
        <time>2026-08-19T20:56:33Z</time>
      </trkpt>
      <trkpt lat="8.605624" lon="-80.113198">
        <time>2026-08-19T20:56:34Z</time>
      </trkpt>
      <trkpt lat="8.605640" lon="-80.113188">
        <time>2026-08-19T20:56:35Z</time>
      </trkpt>
      <trkpt lat="8.605655" lon="-80.113178">
        <time>2026-08-19T20:56:36Z</time>
      </trkpt>
      <trkpt lat="8.605673" lon="-80.113167">
        <time>2026-08-19T20:56:37Z</time>
      </trkpt>
      <trkpt lat="8.605689" lon="-80.113157">
        <time>2026-08-19T20:56:38Z</time>
      </trkpt>
      <trkpt lat="8.605705" lon="-80.113145">
        <time>2026-08-19T20:56:39Z</time>
      </trkpt>
      <trkpt lat="8.605718" lon="-80.113139">
        <time>2026-08-19T20:56:40Z</time>
      </trkpt>
      <trkpt lat="8.605732" lon="-80.113132">
        <time>2026-08-19T20:56:41Z</time>
      </trkpt>
      <trkpt lat="8.605745" lon="-80.113122">
        <time>2026-08-19T20:56:42Z</time>
      </trkpt>
      <trkpt lat="8.605759" lon="-80.113113">
        <time>2026-08-19T20:56:43Z</time>
      </trkpt>
      <trkpt lat="8.605778" lon="-80.113102">
        <time>2026-08-19T20:56:44Z</time>
      </trkpt>
      <trkpt lat="8.605794" lon="-80.113093">
        <time>2026-08-19T20:56:45Z</time>
      </trkpt>
      <trkpt lat="8.605809" lon="-80.113085">
        <time>2026-08-19T20:56:46Z</time>
      </trkpt>
      <trkpt lat="8.605825" lon="-80.113077">
        <time>2026-08-19T20:56:47Z</time>
      </trkpt>
      <trkpt lat="8.605839" lon="-80.113066">
        <time>2026-08-19T20:56:48Z</time>
      </trkpt>
      <trkpt lat="8.605858" lon="-80.113056">
        <time>2026-08-19T20:56:49Z</time>
      </trkpt>
      <trkpt lat="8.605875" lon="-80.113048">
        <time>2026-08-19T20:56:50Z</time>
      </trkpt>
      <trkpt lat="8.605893" lon="-80.113040">
        <time>2026-08-19T20:56:51Z</time>
      </trkpt>
      <trkpt lat="8.605908" lon="-80.113030">
        <time>2026-08-19T20:56:52Z</time>
      </trkpt>
      <trkpt lat="8.605926" lon="-80.113020">
        <time>2026-08-19T20:56:53Z</time>
      </trkpt>
      <trkpt lat="8.605947" lon="-80.113008">
        <time>2026-08-19T20:56:54Z</time>
      </trkpt>
      <trkpt lat="8.605963" lon="-80.112997">
        <time>2026-08-19T20:56:55Z</time>
      </trkpt>
      <trkpt lat="8.605980" lon="-80.112984">
        <time>2026-08-19T20:56:56Z</time>
      </trkpt>
      <trkpt lat="8.605997" lon="-80.112976">
        <time>2026-08-19T20:56:57Z</time>
      </trkpt>
      <trkpt lat="8.606013" lon="-80.112968">
        <time>2026-08-19T20:56:58Z</time>
      </trkpt>
      <trkpt lat="8.606028" lon="-80.112958">
        <time>2026-08-19T20:56:59Z</time>
      </trkpt>
      <trkpt lat="8.606044" lon="-80.112949">
        <time>2026-08-19T20:57:00Z</time>
      </trkpt>
      <trkpt lat="8.606060" lon="-80.112940">
        <time>2026-08-19T20:57:01Z</time>
      </trkpt>
      <trkpt lat="8.606076" lon="-80.112933">
        <time>2026-08-19T20:57:02Z</time>
      </trkpt>
      <trkpt lat="8.606093" lon="-80.112923">
        <time>2026-08-19T20:57:03Z</time>
      </trkpt>
      <trkpt lat="8.606108" lon="-80.112916">
        <time>2026-08-19T20:57:04Z</time>
      </trkpt>
      <trkpt lat="8.606125" lon="-80.112907">
        <time>2026-08-19T20:57:05Z</time>
      </trkpt>
      <trkpt lat="8.606140" lon="-80.112898">
        <time>2026-08-19T20:57:06Z</time>
      </trkpt>
      <trkpt lat="8.606157" lon="-80.112888">
        <time>2026-08-19T20:57:07Z</time>
      </trkpt>
      <trkpt lat="8.606176" lon="-80.112880">
        <time>2026-08-19T20:57:08Z</time>
      </trkpt>
      <trkpt lat="8.606193" lon="-80.112871">
        <time>2026-08-19T20:57:09Z</time>
      </trkpt>
      <trkpt lat="8.606209" lon="-80.112861">
        <time>2026-08-19T20:57:10Z</time>
      </trkpt>
      <trkpt lat="8.606224" lon="-80.112853">
        <time>2026-08-19T20:57:11Z</time>
      </trkpt>
      <trkpt lat="8.606240" lon="-80.112846">
        <time>2026-08-19T20:57:12Z</time>
      </trkpt>
      <trkpt lat="8.606259" lon="-80.112836">
        <time>2026-08-19T20:57:13Z</time>
      </trkpt>
      <trkpt lat="8.606276" lon="-80.112825">
        <time>2026-08-19T20:57:14Z</time>
      </trkpt>
      <trkpt lat="8.606295" lon="-80.112819">
        <time>2026-08-19T20:57:15Z</time>
      </trkpt>
      <trkpt lat="8.606314" lon="-80.112812">
        <time>2026-08-19T20:57:16Z</time>
      </trkpt>
      <trkpt lat="8.606333" lon="-80.112802">
        <time>2026-08-19T20:57:17Z</time>
      </trkpt>
      <trkpt lat="8.606350" lon="-80.112794">
        <time>2026-08-19T20:57:18Z</time>
      </trkpt>
      <trkpt lat="8.606364" lon="-80.112788">
        <time>2026-08-19T20:57:19Z</time>
      </trkpt>
      <trkpt lat="8.606377" lon="-80.112784">
        <time>2026-08-19T20:57:20Z</time>
      </trkpt>
      <trkpt lat="8.606392" lon="-80.112779">
        <time>2026-08-19T20:57:21Z</time>
      </trkpt>
      <trkpt lat="8.606407" lon="-80.112775">
        <time>2026-08-19T20:57:22Z</time>
      </trkpt>
      <trkpt lat="8.606426" lon="-80.112766">
        <time>2026-08-19T20:57:23Z</time>
      </trkpt>
      <trkpt lat="8.606443" lon="-80.112755">
        <time>2026-08-19T20:57:24Z</time>
      </trkpt>
      <trkpt lat="8.606457" lon="-80.112753">
        <time>2026-08-19T20:57:25Z</time>
      </trkpt>
      <trkpt lat="8.606475" lon="-80.112744">
        <time>2026-08-19T20:57:26Z</time>
      </trkpt>
      <trkpt lat="8.606491" lon="-80.112738">
        <time>2026-08-19T20:57:27Z</time>
      </trkpt>
      <trkpt lat="8.606506" lon="-80.112734">
        <time>2026-08-19T20:57:28Z</time>
      </trkpt>
      <trkpt lat="8.606522" lon="-80.112726">
        <time>2026-08-19T20:57:29Z</time>
      </trkpt>
      <trkpt lat="8.606536" lon="-80.112721">
        <time>2026-08-19T20:57:30Z</time>
      </trkpt>
      <trkpt lat="8.606549" lon="-80.112715">
        <time>2026-08-19T20:57:31Z</time>
      </trkpt>
      <trkpt lat="8.606568" lon="-80.112707">
        <time>2026-08-19T20:57:32Z</time>
      </trkpt>
      <trkpt lat="8.606584" lon="-80.112697">
        <time>2026-08-19T20:57:33Z</time>
      </trkpt>
      <trkpt lat="8.606601" lon="-80.112691">
        <time>2026-08-19T20:57:34Z</time>
      </trkpt>
      <trkpt lat="8.606619" lon="-80.112681">
        <time>2026-08-19T20:57:35Z</time>
      </trkpt>
      <trkpt lat="8.606636" lon="-80.112671">
        <time>2026-08-19T20:57:36Z</time>
      </trkpt>
      <trkpt lat="8.606654" lon="-80.112660">
        <time>2026-08-19T20:57:37Z</time>
      </trkpt>
      <trkpt lat="8.606669" lon="-80.112653">
        <time>2026-08-19T20:57:38Z</time>
      </trkpt>
      <trkpt lat="8.606689" lon="-80.112645">
        <time>2026-08-19T20:57:39Z</time>
      </trkpt>
      <trkpt lat="8.606709" lon="-80.112635">
        <time>2026-08-19T20:57:40Z</time>
      </trkpt>
      <trkpt lat="8.606740" lon="-80.112620">
        <time>2026-08-19T20:57:41Z</time>
      </trkpt>
      <trkpt lat="8.606740" lon="-80.112620">
        <time>2026-08-19T20:57:42Z</time>
      </trkpt>
      <trkpt lat="8.606757" lon="-80.112608">
        <time>2026-08-19T20:57:43Z</time>
      </trkpt>
      <trkpt lat="8.606775" lon="-80.112596">
        <time>2026-08-19T20:57:44Z</time>
      </trkpt>
      <trkpt lat="8.606797" lon="-80.112587">
        <time>2026-08-19T20:57:45Z</time>
      </trkpt>
      <trkpt lat="8.606814" lon="-80.112580">
        <time>2026-08-19T20:57:46Z</time>
      </trkpt>
      <trkpt lat="8.606830" lon="-80.112570">
        <time>2026-08-19T20:57:47Z</time>
      </trkpt>
      <trkpt lat="8.606848" lon="-80.112563">
        <time>2026-08-19T20:57:48Z</time>
      </trkpt>
      <trkpt lat="8.606866" lon="-80.112553">
        <time>2026-08-19T20:57:49Z</time>
      </trkpt>
      <trkpt lat="8.606882" lon="-80.112544">
        <time>2026-08-19T20:57:50Z</time>
      </trkpt>
      <trkpt lat="8.606899" lon="-80.112537">
        <time>2026-08-19T20:57:51Z</time>
      </trkpt>
      <trkpt lat="8.606915" lon="-80.112530">
        <time>2026-08-19T20:57:52Z</time>
      </trkpt>
      <trkpt lat="8.606931" lon="-80.112522">
        <time>2026-08-19T20:57:53Z</time>
      </trkpt>
      <trkpt lat="8.606944" lon="-80.112513">
        <time>2026-08-19T20:57:54Z</time>
      </trkpt>
      <trkpt lat="8.606959" lon="-80.112507">
        <time>2026-08-19T20:57:55Z</time>
      </trkpt>
      <trkpt lat="8.606975" lon="-80.112501">
        <time>2026-08-19T20:57:56Z</time>
      </trkpt>
      <trkpt lat="8.606990" lon="-80.112495">
        <time>2026-08-19T20:57:57Z</time>
      </trkpt>
      <trkpt lat="8.607005" lon="-80.112486">
        <time>2026-08-19T20:57:58Z</time>
      </trkpt>
      <trkpt lat="8.607022" lon="-80.112475">
        <time>2026-08-19T20:57:59Z</time>
      </trkpt>
      <trkpt lat="8.607037" lon="-80.112467">
        <time>2026-08-19T20:58:00Z</time>
      </trkpt>
      <trkpt lat="8.607052" lon="-80.112460">
        <time>2026-08-19T20:58:01Z</time>
      </trkpt>
      <trkpt lat="8.607067" lon="-80.112452">
        <time>2026-08-19T20:58:02Z</time>
      </trkpt>
      <trkpt lat="8.607081" lon="-80.112444">
        <time>2026-08-19T20:58:03Z</time>
      </trkpt>
      <trkpt lat="8.607096" lon="-80.112437">
        <time>2026-08-19T20:58:04Z</time>
      </trkpt>
      <trkpt lat="8.607111" lon="-80.112430">
        <time>2026-08-19T20:58:05Z</time>
      </trkpt>
      <trkpt lat="8.607125" lon="-80.112425">
        <time>2026-08-19T20:58:06Z</time>
      </trkpt>
      <trkpt lat="8.607139" lon="-80.112416">
        <time>2026-08-19T20:58:07Z</time>
      </trkpt>
      <trkpt lat="8.607153" lon="-80.112409">
        <time>2026-08-19T20:58:08Z</time>
      </trkpt>
      <trkpt lat="8.607168" lon="-80.112401">
        <time>2026-08-19T20:58:09Z</time>
      </trkpt>
      <trkpt lat="8.607181" lon="-80.112395">
        <time>2026-08-19T20:58:10Z</time>
      </trkpt>
      <trkpt lat="8.607196" lon="-80.112390">
        <time>2026-08-19T20:58:11Z</time>
      </trkpt>
      <trkpt lat="8.607210" lon="-80.112384">
        <time>2026-08-19T20:58:12Z</time>
      </trkpt>
      <trkpt lat="8.607223" lon="-80.112376">
        <time>2026-08-19T20:58:13Z</time>
      </trkpt>
      <trkpt lat="8.607235" lon="-80.112367">
        <time>2026-08-19T20:58:14Z</time>
      </trkpt>
      <trkpt lat="8.607248" lon="-80.112360">
        <time>2026-08-19T20:58:15Z</time>
      </trkpt>
      <trkpt lat="8.607264" lon="-80.112356">
        <time>2026-08-19T20:58:16Z</time>
      </trkpt>
      <trkpt lat="8.607279" lon="-80.112349">
        <time>2026-08-19T20:58:17Z</time>
      </trkpt>
      <trkpt lat="8.607294" lon="-80.112338">
        <time>2026-08-19T20:58:18Z</time>
      </trkpt>
      <trkpt lat="8.607308" lon="-80.112330">
        <time>2026-08-19T20:58:19Z</time>
      </trkpt>
      <trkpt lat="8.607322" lon="-80.112323">
        <time>2026-08-19T20:58:20Z</time>
      </trkpt>
      <trkpt lat="8.607337" lon="-80.112315">
        <time>2026-08-19T20:58:21Z</time>
      </trkpt>
      <trkpt lat="8.607351" lon="-80.112306">
        <time>2026-08-19T20:58:22Z</time>
      </trkpt>
      <trkpt lat="8.607363" lon="-80.112296">
        <time>2026-08-19T20:58:23Z</time>
      </trkpt>
      <trkpt lat="8.607378" lon="-80.112286">
        <time>2026-08-19T20:58:24Z</time>
      </trkpt>
      <trkpt lat="8.607394" lon="-80.112278">
        <time>2026-08-19T20:58:25Z</time>
      </trkpt>
      <trkpt lat="8.607409" lon="-80.112271">
        <time>2026-08-19T20:58:26Z</time>
      </trkpt>
      <trkpt lat="8.607424" lon="-80.112266">
        <time>2026-08-19T20:58:27Z</time>
      </trkpt>
      <trkpt lat="8.607438" lon="-80.112259">
        <time>2026-08-19T20:58:28Z</time>
      </trkpt>
      <trkpt lat="8.607452" lon="-80.112251">
        <time>2026-08-19T20:58:29Z</time>
      </trkpt>
      <trkpt lat="8.607467" lon="-80.112244">
        <time>2026-08-19T20:58:30Z</time>
      </trkpt>
      <trkpt lat="8.607483" lon="-80.112239">
        <time>2026-08-19T20:58:31Z</time>
      </trkpt>
      <trkpt lat="8.607497" lon="-80.112232">
        <time>2026-08-19T20:58:32Z</time>
      </trkpt>
      <trkpt lat="8.607511" lon="-80.112225">
        <time>2026-08-19T20:58:33Z</time>
      </trkpt>
      <trkpt lat="8.607524" lon="-80.112220">
        <time>2026-08-19T20:58:34Z</time>
      </trkpt>
      <trkpt lat="8.607536" lon="-80.112213">
        <time>2026-08-19T20:58:35Z</time>
      </trkpt>
      <trkpt lat="8.607548" lon="-80.112204">
        <time>2026-08-19T20:58:36Z</time>
      </trkpt>
      <trkpt lat="8.607561" lon="-80.112196">
        <time>2026-08-19T20:58:37Z</time>
      </trkpt>
      <trkpt lat="8.607576" lon="-80.112188">
        <time>2026-08-19T20:58:38Z</time>
      </trkpt>
      <trkpt lat="8.607590" lon="-80.112182">
        <time>2026-08-19T20:58:39Z</time>
      </trkpt>
      <trkpt lat="8.607605" lon="-80.112179">
        <time>2026-08-19T20:58:40Z</time>
      </trkpt>
      <trkpt lat="8.607621" lon="-80.112174">
        <time>2026-08-19T20:58:41Z</time>
      </trkpt>
      <trkpt lat="8.607636" lon="-80.112167">
        <time>2026-08-19T20:58:42Z</time>
      </trkpt>
      <trkpt lat="8.607650" lon="-80.112160">
        <time>2026-08-19T20:58:43Z</time>
      </trkpt>
      <trkpt lat="8.607666" lon="-80.112152">
        <time>2026-08-19T20:58:44Z</time>
      </trkpt>
      <trkpt lat="8.607681" lon="-80.112145">
        <time>2026-08-19T20:58:45Z</time>
      </trkpt>
      <trkpt lat="8.607697" lon="-80.112138">
        <time>2026-08-19T20:58:46Z</time>
      </trkpt>
      <trkpt lat="8.607711" lon="-80.112131">
        <time>2026-08-19T20:58:47Z</time>
      </trkpt>
      <trkpt lat="8.607724" lon="-80.112123">
        <time>2026-08-19T20:58:48Z</time>
      </trkpt>
      <trkpt lat="8.607740" lon="-80.112116">
        <time>2026-08-19T20:58:49Z</time>
      </trkpt>
      <trkpt lat="8.607758" lon="-80.112107">
        <time>2026-08-19T20:58:50Z</time>
      </trkpt>
      <trkpt lat="8.607775" lon="-80.112100">
        <time>2026-08-19T20:58:51Z</time>
      </trkpt>
      <trkpt lat="8.607794" lon="-80.112095">
        <time>2026-08-19T20:58:52Z</time>
      </trkpt>
      <trkpt lat="8.607809" lon="-80.112089">
        <time>2026-08-19T20:58:53Z</time>
      </trkpt>
      <trkpt lat="8.607826" lon="-80.112080">
        <time>2026-08-19T20:58:54Z</time>
      </trkpt>
      <trkpt lat="8.607842" lon="-80.112073">
        <time>2026-08-19T20:58:55Z</time>
      </trkpt>
      <trkpt lat="8.607860" lon="-80.112063">
        <time>2026-08-19T20:58:56Z</time>
      </trkpt>
      <trkpt lat="8.607875" lon="-80.112053">
        <time>2026-08-19T20:58:57Z</time>
      </trkpt>
      <trkpt lat="8.607895" lon="-80.112043">
        <time>2026-08-19T20:58:58Z</time>
      </trkpt>
      <trkpt lat="8.607909" lon="-80.112036">
        <time>2026-08-19T20:58:59Z</time>
      </trkpt>
      <trkpt lat="8.607927" lon="-80.112029">
        <time>2026-08-19T20:59:00Z</time>
      </trkpt>
      <trkpt lat="8.607946" lon="-80.112019">
        <time>2026-08-19T20:59:01Z</time>
      </trkpt>
      <trkpt lat="8.607963" lon="-80.112010">
        <time>2026-08-19T20:59:02Z</time>
      </trkpt>
      <trkpt lat="8.607980" lon="-80.112004">
        <time>2026-08-19T20:59:03Z</time>
      </trkpt>
      <trkpt lat="8.607994" lon="-80.111994">
        <time>2026-08-19T20:59:04Z</time>
      </trkpt>
      <trkpt lat="8.608011" lon="-80.111985">
        <time>2026-08-19T20:59:05Z</time>
      </trkpt>
      <trkpt lat="8.608023" lon="-80.111980">
        <time>2026-08-19T20:59:06Z</time>
      </trkpt>
      <trkpt lat="8.608040" lon="-80.111971">
        <time>2026-08-19T20:59:07Z</time>
      </trkpt>
      <trkpt lat="8.608055" lon="-80.111963">
        <time>2026-08-19T20:59:08Z</time>
      </trkpt>
      <trkpt lat="8.608071" lon="-80.111957">
        <time>2026-08-19T20:59:09Z</time>
      </trkpt>
      <trkpt lat="8.608087" lon="-80.111949">
        <time>2026-08-19T20:59:10Z</time>
      </trkpt>
      <trkpt lat="8.608104" lon="-80.111938">
        <time>2026-08-19T20:59:11Z</time>
      </trkpt>
      <trkpt lat="8.608120" lon="-80.111925">
        <time>2026-08-19T20:59:12Z</time>
      </trkpt>
      <trkpt lat="8.608135" lon="-80.111915">
        <time>2026-08-19T20:59:13Z</time>
      </trkpt>
      <trkpt lat="8.608151" lon="-80.111902">
        <time>2026-08-19T20:59:14Z</time>
      </trkpt>
      <trkpt lat="8.608168" lon="-80.111893">
        <time>2026-08-19T20:59:15Z</time>
      </trkpt>
      <trkpt lat="8.608184" lon="-80.111886">
        <time>2026-08-19T20:59:16Z</time>
      </trkpt>
      <trkpt lat="8.608200" lon="-80.111880">
        <time>2026-08-19T20:59:17Z</time>
      </trkpt>
      <trkpt lat="8.608219" lon="-80.111871">
        <time>2026-08-19T20:59:18Z</time>
      </trkpt>
      <trkpt lat="8.608237" lon="-80.111866">
        <time>2026-08-19T20:59:19Z</time>
      </trkpt>
      <trkpt lat="8.608256" lon="-80.111860">
        <time>2026-08-19T20:59:20Z</time>
      </trkpt>
      <trkpt lat="8.608275" lon="-80.111850">
        <time>2026-08-19T20:59:21Z</time>
      </trkpt>
      <trkpt lat="8.608296" lon="-80.111840">
        <time>2026-08-19T20:59:22Z</time>
      </trkpt>
      <trkpt lat="8.608315" lon="-80.111833">
        <time>2026-08-19T20:59:23Z</time>
      </trkpt>
      <trkpt lat="8.608336" lon="-80.111830">
        <time>2026-08-19T20:59:24Z</time>
      </trkpt>
      <trkpt lat="8.608357" lon="-80.111823">
        <time>2026-08-19T20:59:25Z</time>
      </trkpt>
      <trkpt lat="8.608376" lon="-80.111819">
        <time>2026-08-19T20:59:26Z</time>
      </trkpt>
      <trkpt lat="8.608395" lon="-80.111817">
        <time>2026-08-19T20:59:27Z</time>
      </trkpt>
      <trkpt lat="8.608414" lon="-80.111813">
        <time>2026-08-19T20:59:28Z</time>
      </trkpt>
      <trkpt lat="8.608432" lon="-80.111811">
        <time>2026-08-19T20:59:29Z</time>
      </trkpt>
      <trkpt lat="8.608450" lon="-80.111808">
        <time>2026-08-19T20:59:30Z</time>
      </trkpt>
      <trkpt lat="8.608468" lon="-80.111800">
        <time>2026-08-19T20:59:31Z</time>
      </trkpt>
      <trkpt lat="8.608485" lon="-80.111793">
        <time>2026-08-19T20:59:32Z</time>
      </trkpt>
      <trkpt lat="8.608502" lon="-80.111787">
        <time>2026-08-19T20:59:33Z</time>
      </trkpt>
      <trkpt lat="8.608520" lon="-80.111780">
        <time>2026-08-19T20:59:34Z</time>
      </trkpt>
      <trkpt lat="8.608534" lon="-80.111775">
        <time>2026-08-19T20:59:35Z</time>
      </trkpt>
      <trkpt lat="8.608548" lon="-80.111772">
        <time>2026-08-19T20:59:36Z</time>
      </trkpt>
      <trkpt lat="8.608566" lon="-80.111768">
        <time>2026-08-19T20:59:37Z</time>
      </trkpt>
      <trkpt lat="8.608582" lon="-80.111767">
        <time>2026-08-19T20:59:38Z</time>
      </trkpt>
      <trkpt lat="8.608598" lon="-80.111764">
        <time>2026-08-19T20:59:39Z</time>
      </trkpt>
      <trkpt lat="8.608616" lon="-80.111756">
        <time>2026-08-19T20:59:40Z</time>
      </trkpt>
      <trkpt lat="8.608635" lon="-80.111748">
        <time>2026-08-19T20:59:41Z</time>
      </trkpt>
      <trkpt lat="8.608654" lon="-80.111746">
        <time>2026-08-19T20:59:42Z</time>
      </trkpt>
      <trkpt lat="8.608672" lon="-80.111743">
        <time>2026-08-19T20:59:43Z</time>
      </trkpt>
      <trkpt lat="8.608689" lon="-80.111739">
        <time>2026-08-19T20:59:44Z</time>
      </trkpt>
      <trkpt lat="8.608706" lon="-80.111733">
        <time>2026-08-19T20:59:45Z</time>
      </trkpt>
      <trkpt lat="8.608723" lon="-80.111727">
        <time>2026-08-19T20:59:46Z</time>
      </trkpt>
      <trkpt lat="8.608739" lon="-80.111720">
        <time>2026-08-19T20:59:47Z</time>
      </trkpt>
      <trkpt lat="8.608758" lon="-80.111714">
        <time>2026-08-19T20:59:48Z</time>
      </trkpt>
      <trkpt lat="8.608777" lon="-80.111709">
        <time>2026-08-19T20:59:49Z</time>
      </trkpt>
      <trkpt lat="8.608795" lon="-80.111704">
        <time>2026-08-19T20:59:50Z</time>
      </trkpt>
      <trkpt lat="8.608814" lon="-80.111698">
        <time>2026-08-19T20:59:51Z</time>
      </trkpt>
      <trkpt lat="8.608832" lon="-80.111693">
        <time>2026-08-19T20:59:52Z</time>
      </trkpt>
      <trkpt lat="8.608852" lon="-80.111686">
        <time>2026-08-19T20:59:53Z</time>
      </trkpt>
      <trkpt lat="8.608871" lon="-80.111680">
        <time>2026-08-19T20:59:54Z</time>
      </trkpt>
      <trkpt lat="8.608886" lon="-80.111676">
        <time>2026-08-19T20:59:55Z</time>
      </trkpt>
      <trkpt lat="8.608902" lon="-80.111671">
        <time>2026-08-19T20:59:56Z</time>
      </trkpt>
      <trkpt lat="8.608918" lon="-80.111666">
        <time>2026-08-19T20:59:57Z</time>
      </trkpt>
      <trkpt lat="8.608935" lon="-80.111658">
        <time>2026-08-19T20:59:58Z</time>
      </trkpt>
      <trkpt lat="8.608953" lon="-80.111654">
        <time>2026-08-19T20:59:59Z</time>
      </trkpt>
      <trkpt lat="8.608971" lon="-80.111650">
        <time>2026-08-19T21:00:00Z</time>
      </trkpt>
      <trkpt lat="8.608986" lon="-80.111645">
        <time>2026-08-19T21:00:01Z</time>
      </trkpt>
      <trkpt lat="8.609006" lon="-80.111644">
        <time>2026-08-19T21:00:02Z</time>
      </trkpt>
      <trkpt lat="8.609027" lon="-80.111641">
        <time>2026-08-19T21:00:03Z</time>
      </trkpt>
      <trkpt lat="8.609047" lon="-80.111641">
        <time>2026-08-19T21:00:04Z</time>
      </trkpt>
      <trkpt lat="8.609069" lon="-80.111643">
        <time>2026-08-19T21:00:05Z</time>
      </trkpt>
      <trkpt lat="8.609089" lon="-80.111643">
        <time>2026-08-19T21:00:06Z</time>
      </trkpt>
      <trkpt lat="8.609110" lon="-80.111641">
        <time>2026-08-19T21:00:07Z</time>
      </trkpt>
      <trkpt lat="8.609125" lon="-80.111642">
        <time>2026-08-19T21:00:08Z</time>
      </trkpt>
      <trkpt lat="8.609143" lon="-80.111642">
        <time>2026-08-19T21:00:09Z</time>
      </trkpt>
      <trkpt lat="8.609161" lon="-80.111641">
        <time>2026-08-19T21:00:10Z</time>
      </trkpt>
      <trkpt lat="8.609178" lon="-80.111641">
        <time>2026-08-19T21:00:11Z</time>
      </trkpt>
      <trkpt lat="8.609194" lon="-80.111638">
        <time>2026-08-19T21:00:12Z</time>
      </trkpt>
      <trkpt lat="8.609207" lon="-80.111636">
        <time>2026-08-19T21:00:13Z</time>
      </trkpt>
      <trkpt lat="8.609226" lon="-80.111636">
        <time>2026-08-19T21:00:14Z</time>
      </trkpt>
      <trkpt lat="8.609242" lon="-80.111639">
        <time>2026-08-19T21:00:15Z</time>
      </trkpt>
      <trkpt lat="8.609259" lon="-80.111637">
        <time>2026-08-19T21:00:16Z</time>
      </trkpt>
      <trkpt lat="8.609275" lon="-80.111633">
        <time>2026-08-19T21:00:17Z</time>
      </trkpt>
      <trkpt lat="8.609290" lon="-80.111633">
        <time>2026-08-19T21:00:18Z</time>
      </trkpt>
      <trkpt lat="8.609301" lon="-80.111638">
        <time>2026-08-19T21:00:19Z</time>
      </trkpt>
      <trkpt lat="8.609310" lon="-80.111643">
        <time>2026-08-19T21:00:20Z</time>
      </trkpt>
      <trkpt lat="8.609320" lon="-80.111646">
        <time>2026-08-19T21:00:21Z</time>
      </trkpt>
      <trkpt lat="8.609333" lon="-80.111644">
        <time>2026-08-19T21:00:22Z</time>
      </trkpt>
      <trkpt lat="8.609345" lon="-80.111643">
        <time>2026-08-19T21:00:23Z</time>
      </trkpt>
      <trkpt lat="8.609355" lon="-80.111642">
        <time>2026-08-19T21:00:24Z</time>
      </trkpt>
      <trkpt lat="8.609369" lon="-80.111640">
        <time>2026-08-19T21:00:25Z</time>
      </trkpt>
      <trkpt lat="8.609381" lon="-80.111639">
        <time>2026-08-19T21:00:26Z</time>
      </trkpt>
      <trkpt lat="8.609391" lon="-80.111640">
        <time>2026-08-19T21:00:27Z</time>
      </trkpt>
      <trkpt lat="8.609402" lon="-80.111642">
        <time>2026-08-19T21:00:28Z</time>
      </trkpt>
      <trkpt lat="8.609416" lon="-80.111642">
        <time>2026-08-19T21:00:29Z</time>
      </trkpt>
      <trkpt lat="8.609430" lon="-80.111644">
        <time>2026-08-19T21:00:30Z</time>
      </trkpt>
      <trkpt lat="8.609443" lon="-80.111646">
        <time>2026-08-19T21:00:31Z</time>
      </trkpt>
      <trkpt lat="8.609460" lon="-80.111652">
        <time>2026-08-19T21:00:32Z</time>
      </trkpt>
      <trkpt lat="8.609471" lon="-80.111658">
        <time>2026-08-19T21:00:33Z</time>
      </trkpt>
      <trkpt lat="8.609485" lon="-80.111663">
        <time>2026-08-19T21:00:34Z</time>
      </trkpt>
      <trkpt lat="8.609499" lon="-80.111668">
        <time>2026-08-19T21:00:35Z</time>
      </trkpt>
      <trkpt lat="8.609513" lon="-80.111674">
        <time>2026-08-19T21:00:36Z</time>
      </trkpt>
      <trkpt lat="8.609527" lon="-80.111681">
        <time>2026-08-19T21:00:37Z</time>
      </trkpt>
      <trkpt lat="8.609542" lon="-80.111690">
        <time>2026-08-19T21:00:38Z</time>
      </trkpt>
      <trkpt lat="8.609560" lon="-80.111696">
        <time>2026-08-19T21:00:39Z</time>
      </trkpt>
      <trkpt lat="8.609577" lon="-80.111705">
        <time>2026-08-19T21:00:40Z</time>
      </trkpt>
      <trkpt lat="8.609594" lon="-80.111713">
        <time>2026-08-19T21:00:41Z</time>
      </trkpt>
      <trkpt lat="8.609611" lon="-80.111723">
        <time>2026-08-19T21:00:42Z</time>
      </trkpt>
      <trkpt lat="8.609630" lon="-80.111734">
        <time>2026-08-19T21:00:43Z</time>
      </trkpt>
      <trkpt lat="8.609648" lon="-80.111742">
        <time>2026-08-19T21:00:44Z</time>
      </trkpt>
      <trkpt lat="8.609666" lon="-80.111751">
        <time>2026-08-19T21:00:45Z</time>
      </trkpt>
      <trkpt lat="8.609684" lon="-80.111761">
        <time>2026-08-19T21:00:46Z</time>
      </trkpt>
      <trkpt lat="8.609700" lon="-80.111772">
        <time>2026-08-19T21:00:47Z</time>
      </trkpt>
      <trkpt lat="8.609718" lon="-80.111780">
        <time>2026-08-19T21:00:48Z</time>
      </trkpt>
      <trkpt lat="8.609735" lon="-80.111790">
        <time>2026-08-19T21:00:49Z</time>
      </trkpt>
      <trkpt lat="8.609751" lon="-80.111802">
        <time>2026-08-19T21:00:50Z</time>
      </trkpt>
      <trkpt lat="8.609765" lon="-80.111815">
        <time>2026-08-19T21:00:51Z</time>
      </trkpt>
      <trkpt lat="8.609777" lon="-80.111831">
        <time>2026-08-19T21:00:52Z</time>
      </trkpt>
      <trkpt lat="8.609785" lon="-80.111847">
        <time>2026-08-19T21:00:53Z</time>
      </trkpt>
      <trkpt lat="8.609789" lon="-80.111863">
        <time>2026-08-19T21:00:54Z</time>
      </trkpt>
      <trkpt lat="8.609792" lon="-80.111881">
        <time>2026-08-19T21:00:55Z</time>
      </trkpt>
      <trkpt lat="8.609793" lon="-80.111901">
        <time>2026-08-19T21:00:56Z</time>
      </trkpt>
      <trkpt lat="8.609787" lon="-80.111919">
        <time>2026-08-19T21:00:57Z</time>
      </trkpt>
      <trkpt lat="8.609783" lon="-80.111936">
        <time>2026-08-19T21:00:58Z</time>
      </trkpt>
      <trkpt lat="8.609779" lon="-80.111954">
        <time>2026-08-19T21:00:59Z</time>
      </trkpt>
      <trkpt lat="8.609773" lon="-80.111972">
        <time>2026-08-19T21:01:00Z</time>
      </trkpt>
      <trkpt lat="8.609768" lon="-80.111988">
        <time>2026-08-19T21:01:01Z</time>
      </trkpt>
      <trkpt lat="8.609765" lon="-80.112005">
        <time>2026-08-19T21:01:02Z</time>
      </trkpt>
      <trkpt lat="8.609765" lon="-80.112024">
        <time>2026-08-19T21:01:03Z</time>
      </trkpt>
      <trkpt lat="8.609767" lon="-80.112045">
        <time>2026-08-19T21:01:04Z</time>
      </trkpt>
      <trkpt lat="8.609768" lon="-80.112062">
        <time>2026-08-19T21:01:05Z</time>
      </trkpt>
      <trkpt lat="8.609769" lon="-80.112080">
        <time>2026-08-19T21:01:06Z</time>
      </trkpt>
      <trkpt lat="8.609769" lon="-80.112096">
        <time>2026-08-19T21:01:07Z</time>
      </trkpt>
      <trkpt lat="8.609769" lon="-80.112113">
        <time>2026-08-19T21:01:08Z</time>
      </trkpt>
      <trkpt lat="8.609770" lon="-80.112127">
        <time>2026-08-19T21:01:09Z</time>
      </trkpt>
      <trkpt lat="8.609772" lon="-80.112140">
        <time>2026-08-19T21:01:10Z</time>
      </trkpt>
      <trkpt lat="8.609769" lon="-80.112157">
        <time>2026-08-19T21:01:11Z</time>
      </trkpt>
      <trkpt lat="8.609766" lon="-80.112172">
        <time>2026-08-19T21:01:12Z</time>
      </trkpt>
      <trkpt lat="8.609764" lon="-80.112189">
        <time>2026-08-19T21:01:13Z</time>
      </trkpt>
      <trkpt lat="8.609767" lon="-80.112204">
        <time>2026-08-19T21:01:14Z</time>
      </trkpt>
      <trkpt lat="8.609768" lon="-80.112221">
        <time>2026-08-19T21:01:15Z</time>
      </trkpt>
      <trkpt lat="8.609771" lon="-80.112242">
        <time>2026-08-19T21:01:16Z</time>
      </trkpt>
      <trkpt lat="8.609774" lon="-80.112260">
        <time>2026-08-19T21:01:17Z</time>
      </trkpt>
      <trkpt lat="8.609778" lon="-80.112278">
        <time>2026-08-19T21:01:18Z</time>
      </trkpt>
      <trkpt lat="8.609782" lon="-80.112292">
        <time>2026-08-19T21:01:19Z</time>
      </trkpt>
      <trkpt lat="8.609786" lon="-80.112311">
        <time>2026-08-19T21:01:20Z</time>
      </trkpt>
      <trkpt lat="8.609789" lon="-80.112330">
        <time>2026-08-19T21:01:21Z</time>
      </trkpt>
      <trkpt lat="8.609795" lon="-80.112347">
        <time>2026-08-19T21:01:22Z</time>
      </trkpt>
      <trkpt lat="8.609801" lon="-80.112367">
        <time>2026-08-19T21:01:23Z</time>
      </trkpt>
      <trkpt lat="8.609809" lon="-80.112386">
        <time>2026-08-19T21:01:24Z</time>
      </trkpt>
      <trkpt lat="8.609821" lon="-80.112408">
        <time>2026-08-19T21:01:25Z</time>
      </trkpt>
      <trkpt lat="8.609831" lon="-80.112430">
        <time>2026-08-19T21:01:26Z</time>
      </trkpt>
      <trkpt lat="8.609840" lon="-80.112453">
        <time>2026-08-19T21:01:27Z</time>
      </trkpt>
      <trkpt lat="8.609849" lon="-80.112472">
        <time>2026-08-19T21:01:28Z</time>
      </trkpt>
      <trkpt lat="8.609861" lon="-80.112486">
        <time>2026-08-19T21:01:29Z</time>
      </trkpt>
      <trkpt lat="8.609870" lon="-80.112504">
        <time>2026-08-19T21:01:30Z</time>
      </trkpt>
      <trkpt lat="8.609874" lon="-80.112525">
        <time>2026-08-19T21:01:31Z</time>
      </trkpt>
      <trkpt lat="8.609881" lon="-80.112539">
        <time>2026-08-19T21:01:32Z</time>
      </trkpt>
      <trkpt lat="8.609892" lon="-80.112556">
        <time>2026-08-19T21:01:33Z</time>
      </trkpt>
      <trkpt lat="8.609901" lon="-80.112573">
        <time>2026-08-19T21:01:34Z</time>
      </trkpt>
      <trkpt lat="8.609909" lon="-80.112589">
        <time>2026-08-19T21:01:35Z</time>
      </trkpt>
      <trkpt lat="8.609920" lon="-80.112609">
        <time>2026-08-19T21:01:36Z</time>
      </trkpt>
      <trkpt lat="8.609929" lon="-80.112627">
        <time>2026-08-19T21:01:37Z</time>
      </trkpt>
      <trkpt lat="8.609936" lon="-80.112646">
        <time>2026-08-19T21:01:38Z</time>
      </trkpt>
      <trkpt lat="8.609944" lon="-80.112666">
        <time>2026-08-19T21:01:39Z</time>
      </trkpt>
      <trkpt lat="8.609953" lon="-80.112685">
        <time>2026-08-19T21:01:40Z</time>
      </trkpt>
      <trkpt lat="8.609960" lon="-80.112702">
        <time>2026-08-19T21:01:41Z</time>
      </trkpt>
      <trkpt lat="8.609967" lon="-80.112721">
        <time>2026-08-19T21:01:42Z</time>
      </trkpt>
      <trkpt lat="8.609972" lon="-80.112745">
        <time>2026-08-19T21:01:43Z</time>
      </trkpt>
      <trkpt lat="8.609976" lon="-80.112765">
        <time>2026-08-19T21:01:44Z</time>
      </trkpt>
      <trkpt lat="8.609981" lon="-80.112784">
        <time>2026-08-19T21:01:45Z</time>
      </trkpt>
      <trkpt lat="8.609987" lon="-80.112803">
        <time>2026-08-19T21:01:46Z</time>
      </trkpt>
      <trkpt lat="8.609994" lon="-80.112818">
        <time>2026-08-19T21:01:47Z</time>
      </trkpt>
      <trkpt lat="8.609998" lon="-80.112834">
        <time>2026-08-19T21:01:48Z</time>
      </trkpt>
      <trkpt lat="8.610001" lon="-80.112850">
        <time>2026-08-19T21:01:49Z</time>
      </trkpt>
      <trkpt lat="8.610005" lon="-80.112868">
        <time>2026-08-19T21:01:50Z</time>
      </trkpt>
      <trkpt lat="8.610006" lon="-80.112883">
        <time>2026-08-19T21:01:51Z</time>
      </trkpt>
      <trkpt lat="8.610009" lon="-80.112900">
        <time>2026-08-19T21:01:52Z</time>
      </trkpt>
      <trkpt lat="8.610015" lon="-80.112919">
        <time>2026-08-19T21:01:53Z</time>
      </trkpt>
      <trkpt lat="8.610018" lon="-80.112940">
        <time>2026-08-19T21:01:54Z</time>
      </trkpt>
      <trkpt lat="8.610018" lon="-80.112961">
        <time>2026-08-19T21:01:55Z</time>
      </trkpt>
      <trkpt lat="8.610020" lon="-80.112981">
        <time>2026-08-19T21:01:56Z</time>
      </trkpt>
      <trkpt lat="8.610023" lon="-80.113001">
        <time>2026-08-19T21:01:57Z</time>
      </trkpt>
      <trkpt lat="8.610024" lon="-80.113020">
        <time>2026-08-19T21:01:58Z</time>
      </trkpt>
      <trkpt lat="8.610025" lon="-80.113040">
        <time>2026-08-19T21:01:59Z</time>
      </trkpt>
      <trkpt lat="8.610024" lon="-80.113058">
        <time>2026-08-19T21:02:00Z</time>
      </trkpt>
      <trkpt lat="8.610024" lon="-80.113077">
        <time>2026-08-19T21:02:01Z</time>
      </trkpt>
      <trkpt lat="8.610024" lon="-80.113099">
        <time>2026-08-19T21:02:02Z</time>
      </trkpt>
      <trkpt lat="8.610025" lon="-80.113121">
        <time>2026-08-19T21:02:03Z</time>
      </trkpt>
      <trkpt lat="8.610025" lon="-80.113141">
        <time>2026-08-19T21:02:04Z</time>
      </trkpt>
      <trkpt lat="8.610024" lon="-80.113160">
        <time>2026-08-19T21:02:05Z</time>
      </trkpt>
      <trkpt lat="8.610022" lon="-80.113180">
        <time>2026-08-19T21:02:06Z</time>
      </trkpt>
      <trkpt lat="8.610021" lon="-80.113202">
        <time>2026-08-19T21:02:07Z</time>
      </trkpt>
      <trkpt lat="8.610021" lon="-80.113223">
        <time>2026-08-19T21:02:08Z</time>
      </trkpt>
      <trkpt lat="8.610017" lon="-80.113242">
        <time>2026-08-19T21:02:09Z</time>
      </trkpt>
      <trkpt lat="8.610016" lon="-80.113263">
        <time>2026-08-19T21:02:10Z</time>
      </trkpt>
      <trkpt lat="8.610014" lon="-80.113283">
        <time>2026-08-19T21:02:11Z</time>
      </trkpt>
      <trkpt lat="8.610012" lon="-80.113302">
        <time>2026-08-19T21:02:12Z</time>
      </trkpt>
      <trkpt lat="8.610012" lon="-80.113320">
        <time>2026-08-19T21:02:13Z</time>
      </trkpt>
      <trkpt lat="8.610007" lon="-80.113336">
        <time>2026-08-19T21:02:14Z</time>
      </trkpt>
      <trkpt lat="8.610001" lon="-80.113352">
        <time>2026-08-19T21:02:15Z</time>
      </trkpt>
      <trkpt lat="8.609995" lon="-80.113368">
        <time>2026-08-19T21:02:16Z</time>
      </trkpt>
      <trkpt lat="8.609987" lon="-80.113385">
        <time>2026-08-19T21:02:17Z</time>
      </trkpt>
      <trkpt lat="8.609979" lon="-80.113402">
        <time>2026-08-19T21:02:18Z</time>
      </trkpt>
      <trkpt lat="8.609971" lon="-80.113418">
        <time>2026-08-19T21:02:19Z</time>
      </trkpt>
      <trkpt lat="8.609963" lon="-80.113438">
        <time>2026-08-19T21:02:20Z</time>
      </trkpt>
      <trkpt lat="8.609952" lon="-80.113458">
        <time>2026-08-19T21:02:21Z</time>
      </trkpt>
      <trkpt lat="8.609944" lon="-80.113477">
        <time>2026-08-19T21:02:22Z</time>
      </trkpt>
      <trkpt lat="8.609936" lon="-80.113498">
        <time>2026-08-19T21:02:23Z</time>
      </trkpt>
      <trkpt lat="8.609926" lon="-80.113514">
        <time>2026-08-19T21:02:24Z</time>
      </trkpt>
      <trkpt lat="8.609917" lon="-80.113531">
        <time>2026-08-19T21:02:25Z</time>
      </trkpt>
      <trkpt lat="8.609906" lon="-80.113550">
        <time>2026-08-19T21:02:26Z</time>
      </trkpt>
      <trkpt lat="8.609896" lon="-80.113569">
        <time>2026-08-19T21:02:27Z</time>
      </trkpt>
      <trkpt lat="8.609883" lon="-80.113586">
        <time>2026-08-19T21:02:28Z</time>
      </trkpt>
      <trkpt lat="8.609870" lon="-80.113602">
        <time>2026-08-19T21:02:29Z</time>
      </trkpt>
      <trkpt lat="8.609858" lon="-80.113622">
        <time>2026-08-19T21:02:30Z</time>
      </trkpt>
      <trkpt lat="8.609845" lon="-80.113639">
        <time>2026-08-19T21:02:31Z</time>
      </trkpt>
      <trkpt lat="8.609834" lon="-80.113658">
        <time>2026-08-19T21:02:32Z</time>
      </trkpt>
      <trkpt lat="8.609824" lon="-80.113676">
        <time>2026-08-19T21:02:33Z</time>
      </trkpt>
      <trkpt lat="8.609811" lon="-80.113690">
        <time>2026-08-19T21:02:34Z</time>
      </trkpt>
      <trkpt lat="8.609796" lon="-80.113707">
        <time>2026-08-19T21:02:35Z</time>
      </trkpt>
      <trkpt lat="8.609780" lon="-80.113722">
        <time>2026-08-19T21:02:36Z</time>
      </trkpt>
      <trkpt lat="8.609768" lon="-80.113737">
        <time>2026-08-19T21:02:37Z</time>
      </trkpt>
      <trkpt lat="8.609756" lon="-80.113753">
        <time>2026-08-19T21:02:38Z</time>
      </trkpt>
      <trkpt lat="8.609743" lon="-80.113768">
        <time>2026-08-19T21:02:39Z</time>
      </trkpt>
      <trkpt lat="8.609730" lon="-80.113783">
        <time>2026-08-19T21:02:40Z</time>
      </trkpt>
      <trkpt lat="8.609717" lon="-80.113800">
        <time>2026-08-19T21:02:41Z</time>
      </trkpt>
      <trkpt lat="8.609704" lon="-80.113818">
        <time>2026-08-19T21:02:42Z</time>
      </trkpt>
      <trkpt lat="8.609688" lon="-80.113833">
        <time>2026-08-19T21:02:43Z</time>
      </trkpt>
      <trkpt lat="8.609677" lon="-80.113853">
        <time>2026-08-19T21:02:44Z</time>
      </trkpt>
      <trkpt lat="8.609665" lon="-80.113871">
        <time>2026-08-19T21:02:45Z</time>
      </trkpt>
      <trkpt lat="8.609649" lon="-80.113884">
        <time>2026-08-19T21:02:46Z</time>
      </trkpt>
      <trkpt lat="8.609633" lon="-80.113900">
        <time>2026-08-19T21:02:47Z</time>
      </trkpt>
      <trkpt lat="8.609618" lon="-80.113916">
        <time>2026-08-19T21:02:48Z</time>
      </trkpt>
      <trkpt lat="8.609605" lon="-80.113931">
        <time>2026-08-19T21:02:49Z</time>
      </trkpt>
      <trkpt lat="8.609590" lon="-80.113948">
        <time>2026-08-19T21:02:50Z</time>
      </trkpt>
      <trkpt lat="8.609574" lon="-80.113964">
        <time>2026-08-19T21:02:51Z</time>
      </trkpt>
      <trkpt lat="8.609559" lon="-80.113977">
        <time>2026-08-19T21:02:52Z</time>
      </trkpt>
      <trkpt lat="8.609544" lon="-80.113992">
        <time>2026-08-19T21:02:53Z</time>
      </trkpt>
      <trkpt lat="8.609531" lon="-80.114007">
        <time>2026-08-19T21:02:54Z</time>
      </trkpt>
      <trkpt lat="8.609517" lon="-80.114022">
        <time>2026-08-19T21:02:55Z</time>
      </trkpt>
      <trkpt lat="8.609504" lon="-80.114040">
        <time>2026-08-19T21:02:56Z</time>
      </trkpt>
      <trkpt lat="8.609492" lon="-80.114058">
        <time>2026-08-19T21:02:57Z</time>
      </trkpt>
      <trkpt lat="8.609474" lon="-80.114071">
        <time>2026-08-19T21:02:58Z</time>
      </trkpt>
      <trkpt lat="8.609455" lon="-80.114087">
        <time>2026-08-19T21:02:59Z</time>
      </trkpt>
      <trkpt lat="8.609440" lon="-80.114102">
        <time>2026-08-19T21:03:00Z</time>
      </trkpt>
      <trkpt lat="8.609425" lon="-80.114117">
        <time>2026-08-19T21:03:01Z</time>
      </trkpt>
      <trkpt lat="8.609407" lon="-80.114138">
        <time>2026-08-19T21:03:02Z</time>
      </trkpt>
      <trkpt lat="8.609388" lon="-80.114152">
        <time>2026-08-19T21:03:03Z</time>
      </trkpt>
      <trkpt lat="8.609373" lon="-80.114163">
        <time>2026-08-19T21:03:04Z</time>
      </trkpt>
      <trkpt lat="8.609357" lon="-80.114175">
        <time>2026-08-19T21:03:05Z</time>
      </trkpt>
      <trkpt lat="8.609339" lon="-80.114184">
        <time>2026-08-19T21:03:06Z</time>
      </trkpt>
      <trkpt lat="8.609325" lon="-80.114198">
        <time>2026-08-19T21:03:07Z</time>
      </trkpt>
      <trkpt lat="8.609311" lon="-80.114215">
        <time>2026-08-19T21:03:08Z</time>
      </trkpt>
      <trkpt lat="8.609295" lon="-80.114232">
        <time>2026-08-19T21:03:09Z</time>
      </trkpt>
      <trkpt lat="8.609276" lon="-80.114248">
        <time>2026-08-19T21:03:10Z</time>
      </trkpt>
      <trkpt lat="8.609260" lon="-80.114265">
        <time>2026-08-19T21:03:11Z</time>
      </trkpt>
      <trkpt lat="8.609248" lon="-80.114282">
        <time>2026-08-19T21:03:12Z</time>
      </trkpt>
      <trkpt lat="8.609235" lon="-80.114296">
        <time>2026-08-19T21:03:13Z</time>
      </trkpt>
      <trkpt lat="8.609220" lon="-80.114309">
        <time>2026-08-19T21:03:14Z</time>
      </trkpt>
      <trkpt lat="8.609205" lon="-80.114321">
        <time>2026-08-19T21:03:15Z</time>
      </trkpt>
      <trkpt lat="8.609189" lon="-80.114335">
        <time>2026-08-19T21:03:16Z</time>
      </trkpt>
      <trkpt lat="8.609173" lon="-80.114348">
        <time>2026-08-19T21:03:17Z</time>
      </trkpt>
      <trkpt lat="8.609157" lon="-80.114362">
        <time>2026-08-19T21:03:18Z</time>
      </trkpt>
      <trkpt lat="8.609142" lon="-80.114375">
        <time>2026-08-19T21:03:19Z</time>
      </trkpt>
      <trkpt lat="8.609127" lon="-80.114392">
        <time>2026-08-19T21:03:20Z</time>
      </trkpt>
      <trkpt lat="8.609112" lon="-80.114406">
        <time>2026-08-19T21:03:21Z</time>
      </trkpt>
      <trkpt lat="8.609099" lon="-80.114422">
        <time>2026-08-19T21:03:22Z</time>
      </trkpt>
      <trkpt lat="8.609086" lon="-80.114438">
        <time>2026-08-19T21:03:23Z</time>
      </trkpt>
      <trkpt lat="8.609071" lon="-80.114453">
        <time>2026-08-19T21:03:24Z</time>
      </trkpt>
      <trkpt lat="8.609055" lon="-80.114467">
        <time>2026-08-19T21:03:25Z</time>
      </trkpt>
      <trkpt lat="8.609036" lon="-80.114483">
        <time>2026-08-19T21:03:26Z</time>
      </trkpt>
      <trkpt lat="8.609018" lon="-80.114500">
        <time>2026-08-19T21:03:27Z</time>
      </trkpt>
      <trkpt lat="8.609000" lon="-80.114515">
        <time>2026-08-19T21:03:28Z</time>
      </trkpt>
      <trkpt lat="8.608984" lon="-80.114531">
        <time>2026-08-19T21:03:29Z</time>
      </trkpt>
      <trkpt lat="8.608968" lon="-80.114548">
        <time>2026-08-19T21:03:30Z</time>
      </trkpt>
      <trkpt lat="8.608953" lon="-80.114563">
        <time>2026-08-19T21:03:31Z</time>
      </trkpt>
      <trkpt lat="8.608938" lon="-80.114576">
        <time>2026-08-19T21:03:32Z</time>
      </trkpt>
      <trkpt lat="8.608921" lon="-80.114586">
        <time>2026-08-19T21:03:33Z</time>
      </trkpt>
      <trkpt lat="8.608905" lon="-80.114600">
        <time>2026-08-19T21:03:34Z</time>
      </trkpt>
      <trkpt lat="8.608889" lon="-80.114615">
        <time>2026-08-19T21:03:35Z</time>
      </trkpt>
      <trkpt lat="8.608869" lon="-80.114625">
        <time>2026-08-19T21:03:36Z</time>
      </trkpt>
      <trkpt lat="8.608853" lon="-80.114639">
        <time>2026-08-19T21:03:37Z</time>
      </trkpt>
      <trkpt lat="8.608838" lon="-80.114656">
        <time>2026-08-19T21:03:38Z</time>
      </trkpt>
      <trkpt lat="8.608824" lon="-80.114670">
        <time>2026-08-19T21:03:39Z</time>
      </trkpt>
      <trkpt lat="8.608807" lon="-80.114685">
        <time>2026-08-19T21:03:40Z</time>
      </trkpt>
      <trkpt lat="8.608791" lon="-80.114703">
        <time>2026-08-19T21:03:41Z</time>
      </trkpt>
      <trkpt lat="8.608777" lon="-80.114716">
        <time>2026-08-19T21:03:42Z</time>
      </trkpt>
      <trkpt lat="8.608762" lon="-80.114731">
        <time>2026-08-19T21:03:43Z</time>
      </trkpt>
      <trkpt lat="8.608745" lon="-80.114745">
        <time>2026-08-19T21:03:44Z</time>
      </trkpt>
      <trkpt lat="8.608731" lon="-80.114757">
        <time>2026-08-19T21:03:45Z</time>
      </trkpt>
      <trkpt lat="8.608714" lon="-80.114770">
        <time>2026-08-19T21:03:46Z</time>
      </trkpt>
      <trkpt lat="8.608696" lon="-80.114785">
        <time>2026-08-19T21:03:47Z</time>
      </trkpt>
      <trkpt lat="8.608680" lon="-80.114795">
        <time>2026-08-19T21:03:48Z</time>
      </trkpt>
      <trkpt lat="8.608666" lon="-80.114811">
        <time>2026-08-19T21:03:49Z</time>
      </trkpt>
      <trkpt lat="8.608650" lon="-80.114828">
        <time>2026-08-19T21:03:50Z</time>
      </trkpt>
      <trkpt lat="8.608635" lon="-80.114841">
        <time>2026-08-19T21:03:51Z</time>
      </trkpt>
      <trkpt lat="8.608619" lon="-80.114856">
        <time>2026-08-19T21:03:52Z</time>
      </trkpt>
      <trkpt lat="8.608604" lon="-80.114877">
        <time>2026-08-19T21:03:53Z</time>
      </trkpt>
      <trkpt lat="8.608589" lon="-80.114888">
        <time>2026-08-19T21:03:54Z</time>
      </trkpt>
      <trkpt lat="8.608571" lon="-80.114904">
        <time>2026-08-19T21:03:55Z</time>
      </trkpt>
      <trkpt lat="8.608556" lon="-80.114918">
        <time>2026-08-19T21:03:56Z</time>
      </trkpt>
      <trkpt lat="8.608539" lon="-80.114928">
        <time>2026-08-19T21:03:57Z</time>
      </trkpt>
      <trkpt lat="8.608524" lon="-80.114941">
        <time>2026-08-19T21:03:58Z</time>
      </trkpt>
      <trkpt lat="8.608512" lon="-80.114961">
        <time>2026-08-19T21:03:59Z</time>
      </trkpt>
      <trkpt lat="8.608499" lon="-80.114974">
        <time>2026-08-19T21:04:00Z</time>
      </trkpt>
      <trkpt lat="8.608484" lon="-80.114989">
        <time>2026-08-19T21:04:01Z</time>
      </trkpt>
      <trkpt lat="8.608470" lon="-80.115003">
        <time>2026-08-19T21:04:02Z</time>
      </trkpt>
      <trkpt lat="8.608453" lon="-80.115020">
        <time>2026-08-19T21:04:03Z</time>
      </trkpt>
      <trkpt lat="8.608440" lon="-80.115034">
        <time>2026-08-19T21:04:04Z</time>
      </trkpt>
      <trkpt lat="8.608425" lon="-80.115048">
        <time>2026-08-19T21:04:05Z</time>
      </trkpt>
      <trkpt lat="8.608408" lon="-80.115062">
        <time>2026-08-19T21:04:06Z</time>
      </trkpt>
      <trkpt lat="8.608395" lon="-80.115076">
        <time>2026-08-19T21:04:07Z</time>
      </trkpt>
      <trkpt lat="8.608380" lon="-80.115093">
        <time>2026-08-19T21:04:08Z</time>
      </trkpt>
      <trkpt lat="8.608364" lon="-80.115110">
        <time>2026-08-19T21:04:09Z</time>
      </trkpt>
      <trkpt lat="8.608346" lon="-80.115121">
        <time>2026-08-19T21:04:10Z</time>
      </trkpt>
      <trkpt lat="8.608333" lon="-80.115138">
        <time>2026-08-19T21:04:11Z</time>
      </trkpt>
      <trkpt lat="8.608317" lon="-80.115153">
        <time>2026-08-19T21:04:12Z</time>
      </trkpt>
      <trkpt lat="8.608295" lon="-80.115159">
        <time>2026-08-19T21:04:13Z</time>
      </trkpt>
      <trkpt lat="8.608283" lon="-80.115170">
        <time>2026-08-19T21:04:14Z</time>
      </trkpt>
      <trkpt lat="8.608270" lon="-80.115187">
        <time>2026-08-19T21:04:15Z</time>
      </trkpt>
      <trkpt lat="8.608257" lon="-80.115203">
        <time>2026-08-19T21:04:16Z</time>
      </trkpt>
      <trkpt lat="8.608240" lon="-80.115216">
        <time>2026-08-19T21:04:17Z</time>
      </trkpt>
      <trkpt lat="8.608224" lon="-80.115232">
        <time>2026-08-19T21:04:18Z</time>
      </trkpt>
      <trkpt lat="8.608207" lon="-80.115247">
        <time>2026-08-19T21:04:19Z</time>
      </trkpt>
      <trkpt lat="8.608193" lon="-80.115258">
        <time>2026-08-19T21:04:20Z</time>
      </trkpt>
      <trkpt lat="8.608176" lon="-80.115274">
        <time>2026-08-19T21:04:21Z</time>
      </trkpt>
      <trkpt lat="8.608160" lon="-80.115289">
        <time>2026-08-19T21:04:22Z</time>
      </trkpt>
      <trkpt lat="8.608142" lon="-80.115303">
        <time>2026-08-19T21:04:23Z</time>
      </trkpt>
      <trkpt lat="8.608127" lon="-80.115319">
        <time>2026-08-19T21:04:24Z</time>
      </trkpt>
      <trkpt lat="8.608112" lon="-80.115333">
        <time>2026-08-19T21:04:25Z</time>
      </trkpt>
      <trkpt lat="8.608100" lon="-80.115348">
        <time>2026-08-19T21:04:26Z</time>
      </trkpt>
      <trkpt lat="8.608085" lon="-80.115363">
        <time>2026-08-19T21:04:27Z</time>
      </trkpt>
      <trkpt lat="8.608067" lon="-80.115374">
        <time>2026-08-19T21:04:28Z</time>
      </trkpt>
      <trkpt lat="8.608052" lon="-80.115385">
        <time>2026-08-19T21:04:29Z</time>
      </trkpt>
      <trkpt lat="8.608038" lon="-80.115403">
        <time>2026-08-19T21:04:30Z</time>
      </trkpt>
      <trkpt lat="8.608025" lon="-80.115420">
        <time>2026-08-19T21:04:31Z</time>
      </trkpt>
      <trkpt lat="8.608010" lon="-80.115430">
        <time>2026-08-19T21:04:32Z</time>
      </trkpt>
      <trkpt lat="8.607993" lon="-80.115445">
        <time>2026-08-19T21:04:33Z</time>
      </trkpt>
      <trkpt lat="8.607978" lon="-80.115462">
        <time>2026-08-19T21:04:34Z</time>
      </trkpt>
      <trkpt lat="8.607963" lon="-80.115472">
        <time>2026-08-19T21:04:35Z</time>
      </trkpt>
      <trkpt lat="8.607948" lon="-80.115485">
        <time>2026-08-19T21:04:36Z</time>
      </trkpt>
      <trkpt lat="8.607932" lon="-80.115499">
        <time>2026-08-19T21:04:37Z</time>
      </trkpt>
      <trkpt lat="8.607916" lon="-80.115511">
        <time>2026-08-19T21:04:38Z</time>
      </trkpt>
      <trkpt lat="8.607901" lon="-80.115523">
        <time>2026-08-19T21:04:39Z</time>
      </trkpt>
      <trkpt lat="8.607884" lon="-80.115538">
        <time>2026-08-19T21:04:40Z</time>
      </trkpt>
      <trkpt lat="8.607868" lon="-80.115553">
        <time>2026-08-19T21:04:41Z</time>
      </trkpt>
      <trkpt lat="8.607850" lon="-80.115568">
        <time>2026-08-19T21:04:42Z</time>
      </trkpt>
      <trkpt lat="8.607831" lon="-80.115582">
        <time>2026-08-19T21:04:43Z</time>
      </trkpt>
      <trkpt lat="8.607815" lon="-80.115596">
        <time>2026-08-19T21:04:44Z</time>
      </trkpt>
      <trkpt lat="8.607800" lon="-80.115610">
        <time>2026-08-19T21:04:45Z</time>
      </trkpt>
      <trkpt lat="8.607783" lon="-80.115624">
        <time>2026-08-19T21:04:46Z</time>
      </trkpt>
      <trkpt lat="8.607769" lon="-80.115634">
        <time>2026-08-19T21:04:47Z</time>
      </trkpt>
      <trkpt lat="8.607752" lon="-80.115646">
        <time>2026-08-19T21:04:48Z</time>
      </trkpt>
      <trkpt lat="8.607735" lon="-80.115660">
        <time>2026-08-19T21:04:49Z</time>
      </trkpt>
      <trkpt lat="8.607719" lon="-80.115675">
        <time>2026-08-19T21:04:50Z</time>
      </trkpt>
      <trkpt lat="8.607702" lon="-80.115688">
        <time>2026-08-19T21:04:51Z</time>
      </trkpt>
      <trkpt lat="8.607684" lon="-80.115706">
        <time>2026-08-19T21:04:52Z</time>
      </trkpt>
      <trkpt lat="8.607666" lon="-80.115720">
        <time>2026-08-19T21:04:53Z</time>
      </trkpt>
      <trkpt lat="8.607649" lon="-80.115730">
        <time>2026-08-19T21:04:54Z</time>
      </trkpt>
      <trkpt lat="8.607630" lon="-80.115742">
        <time>2026-08-19T21:04:55Z</time>
      </trkpt>
      <trkpt lat="8.607610" lon="-80.115755">
        <time>2026-08-19T21:04:56Z</time>
      </trkpt>
      <trkpt lat="8.607592" lon="-80.115770">
        <time>2026-08-19T21:04:57Z</time>
      </trkpt>
      <trkpt lat="8.607576" lon="-80.115784">
        <time>2026-08-19T21:04:58Z</time>
      </trkpt>
      <trkpt lat="8.607560" lon="-80.115798">
        <time>2026-08-19T21:04:59Z</time>
      </trkpt>
      <trkpt lat="8.607545" lon="-80.115813">
        <time>2026-08-19T21:05:00Z</time>
      </trkpt>
      <trkpt lat="8.607528" lon="-80.115826">
        <time>2026-08-19T21:05:01Z</time>
      </trkpt>
      <trkpt lat="8.607513" lon="-80.115844">
        <time>2026-08-19T21:05:02Z</time>
      </trkpt>
      <trkpt lat="8.607498" lon="-80.115856">
        <time>2026-08-19T21:05:03Z</time>
      </trkpt>
      <trkpt lat="8.607481" lon="-80.115870">
        <time>2026-08-19T21:05:04Z</time>
      </trkpt>
      <trkpt lat="8.607463" lon="-80.115884">
        <time>2026-08-19T21:05:05Z</time>
      </trkpt>
      <trkpt lat="8.607446" lon="-80.115895">
        <time>2026-08-19T21:05:06Z</time>
      </trkpt>
      <trkpt lat="8.607428" lon="-80.115908">
        <time>2026-08-19T21:05:07Z</time>
      </trkpt>
      <trkpt lat="8.607413" lon="-80.115924">
        <time>2026-08-19T21:05:08Z</time>
      </trkpt>
      <trkpt lat="8.607399" lon="-80.115935">
        <time>2026-08-19T21:05:09Z</time>
      </trkpt>
      <trkpt lat="8.607387" lon="-80.115946">
        <time>2026-08-19T21:05:10Z</time>
      </trkpt>
      <trkpt lat="8.607372" lon="-80.115959">
        <time>2026-08-19T21:05:11Z</time>
      </trkpt>
      <trkpt lat="8.607357" lon="-80.115971">
        <time>2026-08-19T21:05:12Z</time>
      </trkpt>
      <trkpt lat="8.607342" lon="-80.115983">
        <time>2026-08-19T21:05:13Z</time>
      </trkpt>
      <trkpt lat="8.607327" lon="-80.115992">
        <time>2026-08-19T21:05:14Z</time>
      </trkpt>
      <trkpt lat="8.607313" lon="-80.116007">
        <time>2026-08-19T21:05:15Z</time>
      </trkpt>
      <trkpt lat="8.607298" lon="-80.116022">
        <time>2026-08-19T21:05:16Z</time>
      </trkpt>
      <trkpt lat="8.607280" lon="-80.116038">
        <time>2026-08-19T21:05:17Z</time>
      </trkpt>
      <trkpt lat="8.607265" lon="-80.116054">
        <time>2026-08-19T21:05:18Z</time>
      </trkpt>
      <trkpt lat="8.607250" lon="-80.116066">
        <time>2026-08-19T21:05:19Z</time>
      </trkpt>
      <trkpt lat="8.607232" lon="-80.116077">
        <time>2026-08-19T21:05:20Z</time>
      </trkpt>
      <trkpt lat="8.607213" lon="-80.116090">
        <time>2026-08-19T21:05:21Z</time>
      </trkpt>
      <trkpt lat="8.607198" lon="-80.116104">
        <time>2026-08-19T21:05:22Z</time>
      </trkpt>
      <trkpt lat="8.607183" lon="-80.116117">
        <time>2026-08-19T21:05:23Z</time>
      </trkpt>
      <trkpt lat="8.607166" lon="-80.116127">
        <time>2026-08-19T21:05:24Z</time>
      </trkpt>
      <trkpt lat="8.607152" lon="-80.116140">
        <time>2026-08-19T21:05:25Z</time>
      </trkpt>
      <trkpt lat="8.607138" lon="-80.116151">
        <time>2026-08-19T21:05:26Z</time>
      </trkpt>
      <trkpt lat="8.607122" lon="-80.116160">
        <time>2026-08-19T21:05:27Z</time>
      </trkpt>
      <trkpt lat="8.607105" lon="-80.116174">
        <time>2026-08-19T21:05:28Z</time>
      </trkpt>
      <trkpt lat="8.607087" lon="-80.116186">
        <time>2026-08-19T21:05:29Z</time>
      </trkpt>
      <trkpt lat="8.607073" lon="-80.116197">
        <time>2026-08-19T21:05:30Z</time>
      </trkpt>
      <trkpt lat="8.607055" lon="-80.116211">
        <time>2026-08-19T21:05:31Z</time>
      </trkpt>
      <trkpt lat="8.607039" lon="-80.116222">
        <time>2026-08-19T21:05:32Z</time>
      </trkpt>
      <trkpt lat="8.607024" lon="-80.116232">
        <time>2026-08-19T21:05:33Z</time>
      </trkpt>
      <trkpt lat="8.607010" lon="-80.116247">
        <time>2026-08-19T21:05:34Z</time>
      </trkpt>
      <trkpt lat="8.606993" lon="-80.116258">
        <time>2026-08-19T21:05:35Z</time>
      </trkpt>
      <trkpt lat="8.606976" lon="-80.116266">
        <time>2026-08-19T21:05:36Z</time>
      </trkpt>
      <trkpt lat="8.606958" lon="-80.116279">
        <time>2026-08-19T21:05:37Z</time>
      </trkpt>
      <trkpt lat="8.606942" lon="-80.116293">
        <time>2026-08-19T21:05:38Z</time>
      </trkpt>
      <trkpt lat="8.606928" lon="-80.116306">
        <time>2026-08-19T21:05:39Z</time>
      </trkpt>
      <trkpt lat="8.606912" lon="-80.116319">
        <time>2026-08-19T21:05:40Z</time>
      </trkpt>
      <trkpt lat="8.606898" lon="-80.116336">
        <time>2026-08-19T21:05:41Z</time>
      </trkpt>
      <trkpt lat="8.606884" lon="-80.116347">
        <time>2026-08-19T21:05:42Z</time>
      </trkpt>
      <trkpt lat="8.606867" lon="-80.116359">
        <time>2026-08-19T21:05:43Z</time>
      </trkpt>
      <trkpt lat="8.606853" lon="-80.116372">
        <time>2026-08-19T21:05:44Z</time>
      </trkpt>
      <trkpt lat="8.606837" lon="-80.116386">
        <time>2026-08-19T21:05:45Z</time>
      </trkpt>
      <trkpt lat="8.606822" lon="-80.116400">
        <time>2026-08-19T21:05:46Z</time>
      </trkpt>
      <trkpt lat="8.606806" lon="-80.116413">
        <time>2026-08-19T21:05:47Z</time>
      </trkpt>
      <trkpt lat="8.606789" lon="-80.116425">
        <time>2026-08-19T21:05:48Z</time>
      </trkpt>
      <trkpt lat="8.606773" lon="-80.116434">
        <time>2026-08-19T21:05:49Z</time>
      </trkpt>
      <trkpt lat="8.606760" lon="-80.116447">
        <time>2026-08-19T21:05:50Z</time>
      </trkpt>
      <trkpt lat="8.606741" lon="-80.116459">
        <time>2026-08-19T21:05:51Z</time>
      </trkpt>
      <trkpt lat="8.606724" lon="-80.116466">
        <time>2026-08-19T21:05:52Z</time>
      </trkpt>
      <trkpt lat="8.606704" lon="-80.116473">
        <time>2026-08-19T21:05:53Z</time>
      </trkpt>
      <trkpt lat="8.606684" lon="-80.116485">
        <time>2026-08-19T21:05:54Z</time>
      </trkpt>
      <trkpt lat="8.606666" lon="-80.116496">
        <time>2026-08-19T21:05:55Z</time>
      </trkpt>
      <trkpt lat="8.606647" lon="-80.116509">
        <time>2026-08-19T21:05:56Z</time>
      </trkpt>
      <trkpt lat="8.606630" lon="-80.116520">
        <time>2026-08-19T21:05:57Z</time>
      </trkpt>
      <trkpt lat="8.606611" lon="-80.116531">
        <time>2026-08-19T21:05:58Z</time>
      </trkpt>
      <trkpt lat="8.606591" lon="-80.116539">
        <time>2026-08-19T21:05:59Z</time>
      </trkpt>
      <trkpt lat="8.606572" lon="-80.116551">
        <time>2026-08-19T21:06:00Z</time>
      </trkpt>
      <trkpt lat="8.606556" lon="-80.116563">
        <time>2026-08-19T21:06:01Z</time>
      </trkpt>
      <trkpt lat="8.606540" lon="-80.116573">
        <time>2026-08-19T21:06:02Z</time>
      </trkpt>
      <trkpt lat="8.606521" lon="-80.116582">
        <time>2026-08-19T21:06:03Z</time>
      </trkpt>
      <trkpt lat="8.606504" lon="-80.116594">
        <time>2026-08-19T21:06:04Z</time>
      </trkpt>
      <trkpt lat="8.606485" lon="-80.116603">
        <time>2026-08-19T21:06:05Z</time>
      </trkpt>
      <trkpt lat="8.606466" lon="-80.116612">
        <time>2026-08-19T21:06:06Z</time>
      </trkpt>
      <trkpt lat="8.606447" lon="-80.116623">
        <time>2026-08-19T21:06:07Z</time>
      </trkpt>
      <trkpt lat="8.606429" lon="-80.116636">
        <time>2026-08-19T21:06:08Z</time>
      </trkpt>
      <trkpt lat="8.606412" lon="-80.116646">
        <time>2026-08-19T21:06:09Z</time>
      </trkpt>
      <trkpt lat="8.606396" lon="-80.116656">
        <time>2026-08-19T21:06:10Z</time>
      </trkpt>
      <trkpt lat="8.606380" lon="-80.116667">
        <time>2026-08-19T21:06:11Z</time>
      </trkpt>
      <trkpt lat="8.606362" lon="-80.116675">
        <time>2026-08-19T21:06:12Z</time>
      </trkpt>
      <trkpt lat="8.606342" lon="-80.116688">
        <time>2026-08-19T21:06:13Z</time>
      </trkpt>
      <trkpt lat="8.606327" lon="-80.116700">
        <time>2026-08-19T21:06:14Z</time>
      </trkpt>
      <trkpt lat="8.606310" lon="-80.116709">
        <time>2026-08-19T21:06:15Z</time>
      </trkpt>
      <trkpt lat="8.606293" lon="-80.116719">
        <time>2026-08-19T21:06:16Z</time>
      </trkpt>
      <trkpt lat="8.606275" lon="-80.116733">
        <time>2026-08-19T21:06:17Z</time>
      </trkpt>
      <trkpt lat="8.606258" lon="-80.116745">
        <time>2026-08-19T21:06:18Z</time>
      </trkpt>
      <trkpt lat="8.606243" lon="-80.116759">
        <time>2026-08-19T21:06:19Z</time>
      </trkpt>
      <trkpt lat="8.606225" lon="-80.116770">
        <time>2026-08-19T21:06:20Z</time>
      </trkpt>
      <trkpt lat="8.606207" lon="-80.116780">
        <time>2026-08-19T21:06:21Z</time>
      </trkpt>
      <trkpt lat="8.606188" lon="-80.116792">
        <time>2026-08-19T21:06:22Z</time>
      </trkpt>
      <trkpt lat="8.606170" lon="-80.116805">
        <time>2026-08-19T21:06:23Z</time>
      </trkpt>
      <trkpt lat="8.606152" lon="-80.116817">
        <time>2026-08-19T21:06:24Z</time>
      </trkpt>
      <trkpt lat="8.606135" lon="-80.116828">
        <time>2026-08-19T21:06:25Z</time>
      </trkpt>
      <trkpt lat="8.606118" lon="-80.116838">
        <time>2026-08-19T21:06:26Z</time>
      </trkpt>
      <trkpt lat="8.606102" lon="-80.116849">
        <time>2026-08-19T21:06:27Z</time>
      </trkpt>
      <trkpt lat="8.606087" lon="-80.116861">
        <time>2026-08-19T21:06:28Z</time>
      </trkpt>
      <trkpt lat="8.606068" lon="-80.116870">
        <time>2026-08-19T21:06:29Z</time>
      </trkpt>
      <trkpt lat="8.606052" lon="-80.116881">
        <time>2026-08-19T21:06:30Z</time>
      </trkpt>
      <trkpt lat="8.606036" lon="-80.116894">
        <time>2026-08-19T21:06:31Z</time>
      </trkpt>
      <trkpt lat="8.606015" lon="-80.116902">
        <time>2026-08-19T21:06:32Z</time>
      </trkpt>
      <trkpt lat="8.605995" lon="-80.116914">
        <time>2026-08-19T21:06:33Z</time>
      </trkpt>
      <trkpt lat="8.605977" lon="-80.116923">
        <time>2026-08-19T21:06:34Z</time>
      </trkpt>
      <trkpt lat="8.605959" lon="-80.116933">
        <time>2026-08-19T21:06:35Z</time>
      </trkpt>
      <trkpt lat="8.605943" lon="-80.116943">
        <time>2026-08-19T21:06:36Z</time>
      </trkpt>
      <trkpt lat="8.605929" lon="-80.116952">
        <time>2026-08-19T21:06:37Z</time>
      </trkpt>
      <trkpt lat="8.605909" lon="-80.116959">
        <time>2026-08-19T21:06:38Z</time>
      </trkpt>
      <trkpt lat="8.605893" lon="-80.116966">
        <time>2026-08-19T21:06:39Z</time>
      </trkpt>
      <trkpt lat="8.605874" lon="-80.116976">
        <time>2026-08-19T21:06:40Z</time>
      </trkpt>
      <trkpt lat="8.605857" lon="-80.116991">
        <time>2026-08-19T21:06:41Z</time>
      </trkpt>
      <trkpt lat="8.605839" lon="-80.117004">
        <time>2026-08-19T21:06:42Z</time>
      </trkpt>
      <trkpt lat="8.605819" lon="-80.117018">
        <time>2026-08-19T21:06:43Z</time>
      </trkpt>
      <trkpt lat="8.605802" lon="-80.117029">
        <time>2026-08-19T21:06:44Z</time>
      </trkpt>
      <trkpt lat="8.605784" lon="-80.117040">
        <time>2026-08-19T21:06:45Z</time>
      </trkpt>
      <trkpt lat="8.605765" lon="-80.117049">
        <time>2026-08-19T21:06:46Z</time>
      </trkpt>
      <trkpt lat="8.605743" lon="-80.117060">
        <time>2026-08-19T21:06:47Z</time>
      </trkpt>
      <trkpt lat="8.605725" lon="-80.117074">
        <time>2026-08-19T21:06:48Z</time>
      </trkpt>
      <trkpt lat="8.605707" lon="-80.117085">
        <time>2026-08-19T21:06:49Z</time>
      </trkpt>
      <trkpt lat="8.605688" lon="-80.117096">
        <time>2026-08-19T21:06:50Z</time>
      </trkpt>
      <trkpt lat="8.605668" lon="-80.117110">
        <time>2026-08-19T21:06:51Z</time>
      </trkpt>
      <trkpt lat="8.605652" lon="-80.117121">
        <time>2026-08-19T21:06:52Z</time>
      </trkpt>
      <trkpt lat="8.605636" lon="-80.117134">
        <time>2026-08-19T21:06:53Z</time>
      </trkpt>
      <trkpt lat="8.605617" lon="-80.117147">
        <time>2026-08-19T21:06:54Z</time>
      </trkpt>
      <trkpt lat="8.605601" lon="-80.117159">
        <time>2026-08-19T21:06:55Z</time>
      </trkpt>
      <trkpt lat="8.605583" lon="-80.117172">
        <time>2026-08-19T21:06:56Z</time>
      </trkpt>
      <trkpt lat="8.605566" lon="-80.117184">
        <time>2026-08-19T21:06:57Z</time>
      </trkpt>
      <trkpt lat="8.605550" lon="-80.117195">
        <time>2026-08-19T21:06:58Z</time>
      </trkpt>
      <trkpt lat="8.605534" lon="-80.117208">
        <time>2026-08-19T21:06:59Z</time>
      </trkpt>
      <trkpt lat="8.605514" lon="-80.117217">
        <time>2026-08-19T21:07:00Z</time>
      </trkpt>
      <trkpt lat="8.605499" lon="-80.117229">
        <time>2026-08-19T21:07:01Z</time>
      </trkpt>
      <trkpt lat="8.605482" lon="-80.117242">
        <time>2026-08-19T21:07:02Z</time>
      </trkpt>
      <trkpt lat="8.605463" lon="-80.117255">
        <time>2026-08-19T21:07:03Z</time>
      </trkpt>
      <trkpt lat="8.605446" lon="-80.117267">
        <time>2026-08-19T21:07:04Z</time>
      </trkpt>
      <trkpt lat="8.605426" lon="-80.117278">
        <time>2026-08-19T21:07:05Z</time>
      </trkpt>
      <trkpt lat="8.605406" lon="-80.117290">
        <time>2026-08-19T21:07:06Z</time>
      </trkpt>
      <trkpt lat="8.605387" lon="-80.117301">
        <time>2026-08-19T21:07:07Z</time>
      </trkpt>
      <trkpt lat="8.605368" lon="-80.117312">
        <time>2026-08-19T21:07:08Z</time>
      </trkpt>
      <trkpt lat="8.605348" lon="-80.117323">
        <time>2026-08-19T21:07:09Z</time>
      </trkpt>
      <trkpt lat="8.605331" lon="-80.117333">
        <time>2026-08-19T21:07:10Z</time>
      </trkpt>
      <trkpt lat="8.605315" lon="-80.117347">
        <time>2026-08-19T21:07:11Z</time>
      </trkpt>
      <trkpt lat="8.605299" lon="-80.117361">
        <time>2026-08-19T21:07:12Z</time>
      </trkpt>
      <trkpt lat="8.605282" lon="-80.117371">
        <time>2026-08-19T21:07:13Z</time>
      </trkpt>
      <trkpt lat="8.605267" lon="-80.117384">
        <time>2026-08-19T21:07:14Z</time>
      </trkpt>
      <trkpt lat="8.605250" lon="-80.117396">
        <time>2026-08-19T21:07:15Z</time>
      </trkpt>
      <trkpt lat="8.605231" lon="-80.117406">
        <time>2026-08-19T21:07:16Z</time>
      </trkpt>
      <trkpt lat="8.605214" lon="-80.117415">
        <time>2026-08-19T21:07:17Z</time>
      </trkpt>
      <trkpt lat="8.605196" lon="-80.117427">
        <time>2026-08-19T21:07:18Z</time>
      </trkpt>
      <trkpt lat="8.605180" lon="-80.117438">
        <time>2026-08-19T21:07:19Z</time>
      </trkpt>
      <trkpt lat="8.605166" lon="-80.117447">
        <time>2026-08-19T21:07:20Z</time>
      </trkpt>
      <trkpt lat="8.605150" lon="-80.117459">
        <time>2026-08-19T21:07:21Z</time>
      </trkpt>
      <trkpt lat="8.605133" lon="-80.117471">
        <time>2026-08-19T21:07:22Z</time>
      </trkpt>
      <trkpt lat="8.605115" lon="-80.117482">
        <time>2026-08-19T21:07:23Z</time>
      </trkpt>
      <trkpt lat="8.605097" lon="-80.117495">
        <time>2026-08-19T21:07:24Z</time>
      </trkpt>
      <trkpt lat="8.605079" lon="-80.117508">
        <time>2026-08-19T21:07:25Z</time>
      </trkpt>
      <trkpt lat="8.605060" lon="-80.117519">
        <time>2026-08-19T21:07:26Z</time>
      </trkpt>
      <trkpt lat="8.605043" lon="-80.117533">
        <time>2026-08-19T21:07:27Z</time>
      </trkpt>
      <trkpt lat="8.605026" lon="-80.117545">
        <time>2026-08-19T21:07:28Z</time>
      </trkpt>
      <trkpt lat="8.605008" lon="-80.117556">
        <time>2026-08-19T21:07:29Z</time>
      </trkpt>
      <trkpt lat="8.604989" lon="-80.117569">
        <time>2026-08-19T21:07:30Z</time>
      </trkpt>
      <trkpt lat="8.604970" lon="-80.117580">
        <time>2026-08-19T21:07:31Z</time>
      </trkpt>
      <trkpt lat="8.604950" lon="-80.117589">
        <time>2026-08-19T21:07:32Z</time>
      </trkpt>
      <trkpt lat="8.604929" lon="-80.117599">
        <time>2026-08-19T21:07:33Z</time>
      </trkpt>
      <trkpt lat="8.604910" lon="-80.117609">
        <time>2026-08-19T21:07:34Z</time>
      </trkpt>
      <trkpt lat="8.604893" lon="-80.117624">
        <time>2026-08-19T21:07:35Z</time>
      </trkpt>
      <trkpt lat="8.604873" lon="-80.117634">
        <time>2026-08-19T21:07:36Z</time>
      </trkpt>
      <trkpt lat="8.604852" lon="-80.117643">
        <time>2026-08-19T21:07:37Z</time>
      </trkpt>
      <trkpt lat="8.604834" lon="-80.117653">
        <time>2026-08-19T21:07:38Z</time>
      </trkpt>
      <trkpt lat="8.604815" lon="-80.117665">
        <time>2026-08-19T21:07:39Z</time>
      </trkpt>
      <trkpt lat="8.604794" lon="-80.117669">
        <time>2026-08-19T21:07:40Z</time>
      </trkpt>
      <trkpt lat="8.604774" lon="-80.117674">
        <time>2026-08-19T21:07:41Z</time>
      </trkpt>
      <trkpt lat="8.604752" lon="-80.117683">
        <time>2026-08-19T21:07:42Z</time>
      </trkpt>
      <trkpt lat="8.604730" lon="-80.117690">
        <time>2026-08-19T21:07:43Z</time>
      </trkpt>
      <trkpt lat="8.604708" lon="-80.117693">
        <time>2026-08-19T21:07:44Z</time>
      </trkpt>
      <trkpt lat="8.604684" lon="-80.117700">
        <time>2026-08-19T21:07:45Z</time>
      </trkpt>
      <trkpt lat="8.604662" lon="-80.117707">
        <time>2026-08-19T21:07:46Z</time>
      </trkpt>
      <trkpt lat="8.604641" lon="-80.117713">
        <time>2026-08-19T21:07:47Z</time>
      </trkpt>
      <trkpt lat="8.604620" lon="-80.117722">
        <time>2026-08-19T21:07:48Z</time>
      </trkpt>
      <trkpt lat="8.604600" lon="-80.117728">
        <time>2026-08-19T21:07:49Z</time>
      </trkpt>
      <trkpt lat="8.604579" lon="-80.117737">
        <time>2026-08-19T21:07:50Z</time>
      </trkpt>
      <trkpt lat="8.604558" lon="-80.117744">
        <time>2026-08-19T21:07:51Z</time>
      </trkpt>
      <trkpt lat="8.604537" lon="-80.117751">
        <time>2026-08-19T21:07:52Z</time>
      </trkpt>
      <trkpt lat="8.604518" lon="-80.117755">
        <time>2026-08-19T21:07:53Z</time>
      </trkpt>
      <trkpt lat="8.604499" lon="-80.117763">
        <time>2026-08-19T21:07:54Z</time>
      </trkpt>
      <trkpt lat="8.604478" lon="-80.117769">
        <time>2026-08-19T21:07:55Z</time>
      </trkpt>
      <trkpt lat="8.604458" lon="-80.117775">
        <time>2026-08-19T21:07:56Z</time>
      </trkpt>
      <trkpt lat="8.604435" lon="-80.117781">
        <time>2026-08-19T21:07:57Z</time>
      </trkpt>
      <trkpt lat="8.604413" lon="-80.117788">
        <time>2026-08-19T21:07:58Z</time>
      </trkpt>
      <trkpt lat="8.604392" lon="-80.117790">
        <time>2026-08-19T21:07:59Z</time>
      </trkpt>
      <trkpt lat="8.604369" lon="-80.117797">
        <time>2026-08-19T21:08:00Z</time>
      </trkpt>
      <trkpt lat="8.604348" lon="-80.117807">
        <time>2026-08-19T21:08:01Z</time>
      </trkpt>
      <trkpt lat="8.604329" lon="-80.117811">
        <time>2026-08-19T21:08:02Z</time>
      </trkpt>
      <trkpt lat="8.604306" lon="-80.117817">
        <time>2026-08-19T21:08:03Z</time>
      </trkpt>
      <trkpt lat="8.604284" lon="-80.117824">
        <time>2026-08-19T21:08:04Z</time>
      </trkpt>
      <trkpt lat="8.604263" lon="-80.117828">
        <time>2026-08-19T21:08:05Z</time>
      </trkpt>
      <trkpt lat="8.604240" lon="-80.117836">
        <time>2026-08-19T21:08:06Z</time>
      </trkpt>
      <trkpt lat="8.604219" lon="-80.117842">
        <time>2026-08-19T21:08:07Z</time>
      </trkpt>
      <trkpt lat="8.604199" lon="-80.117848">
        <time>2026-08-19T21:08:08Z</time>
      </trkpt>
      <trkpt lat="8.604180" lon="-80.117858">
        <time>2026-08-19T21:08:09Z</time>
      </trkpt>
      <trkpt lat="8.604158" lon="-80.117863">
        <time>2026-08-19T21:08:10Z</time>
      </trkpt>
      <trkpt lat="8.604138" lon="-80.117868">
        <time>2026-08-19T21:08:11Z</time>
      </trkpt>
      <trkpt lat="8.604116" lon="-80.117873">
        <time>2026-08-19T21:08:12Z</time>
      </trkpt>
      <trkpt lat="8.604095" lon="-80.117875">
        <time>2026-08-19T21:08:13Z</time>
      </trkpt>
      <trkpt lat="8.604074" lon="-80.117883">
        <time>2026-08-19T21:08:14Z</time>
      </trkpt>
      <trkpt lat="8.604052" lon="-80.117889">
        <time>2026-08-19T21:08:15Z</time>
      </trkpt>
      <trkpt lat="8.604030" lon="-80.117895">
        <time>2026-08-19T21:08:16Z</time>
      </trkpt>
      <trkpt lat="8.604007" lon="-80.117903">
        <time>2026-08-19T21:08:17Z</time>
      </trkpt>
      <trkpt lat="8.603985" lon="-80.117911">
        <time>2026-08-19T21:08:18Z</time>
      </trkpt>
      <trkpt lat="8.603963" lon="-80.117916">
        <time>2026-08-19T21:08:19Z</time>
      </trkpt>
      <trkpt lat="8.603946" lon="-80.117922">
        <time>2026-08-19T21:08:20Z</time>
      </trkpt>
      <trkpt lat="8.603927" lon="-80.117929">
        <time>2026-08-19T21:08:21Z</time>
      </trkpt>
      <trkpt lat="8.603907" lon="-80.117931">
        <time>2026-08-19T21:08:22Z</time>
      </trkpt>
      <trkpt lat="8.603886" lon="-80.117930">
        <time>2026-08-19T21:08:23Z</time>
      </trkpt>
      <trkpt lat="8.603865" lon="-80.117942">
        <time>2026-08-19T21:08:24Z</time>
      </trkpt>
      <trkpt lat="8.603845" lon="-80.117949">
        <time>2026-08-19T21:08:25Z</time>
      </trkpt>
      <trkpt lat="8.603823" lon="-80.117958">
        <time>2026-08-19T21:08:26Z</time>
      </trkpt>
      <trkpt lat="8.603802" lon="-80.117966">
        <time>2026-08-19T21:08:27Z</time>
      </trkpt>
      <trkpt lat="8.603780" lon="-80.117967">
        <time>2026-08-19T21:08:28Z</time>
      </trkpt>
      <trkpt lat="8.603759" lon="-80.117971">
        <time>2026-08-19T21:08:29Z</time>
      </trkpt>
      <trkpt lat="8.603737" lon="-80.117976">
        <time>2026-08-19T21:08:30Z</time>
      </trkpt>
      <trkpt lat="8.603717" lon="-80.117978">
        <time>2026-08-19T21:08:31Z</time>
      </trkpt>
      <trkpt lat="8.603699" lon="-80.117983">
        <time>2026-08-19T21:08:32Z</time>
      </trkpt>
      <trkpt lat="8.603679" lon="-80.117993">
        <time>2026-08-19T21:08:33Z</time>
      </trkpt>
      <trkpt lat="8.603659" lon="-80.118001">
        <time>2026-08-19T21:08:34Z</time>
      </trkpt>
      <trkpt lat="8.603639" lon="-80.118007">
        <time>2026-08-19T21:08:35Z</time>
      </trkpt>
      <trkpt lat="8.603617" lon="-80.118013">
        <time>2026-08-19T21:08:36Z</time>
      </trkpt>
      <trkpt lat="8.603596" lon="-80.118017">
        <time>2026-08-19T21:08:37Z</time>
      </trkpt>
      <trkpt lat="8.603576" lon="-80.118021">
        <time>2026-08-19T21:08:38Z</time>
      </trkpt>
      <trkpt lat="8.603554" lon="-80.118026">
        <time>2026-08-19T21:08:39Z</time>
      </trkpt>
      <trkpt lat="8.603533" lon="-80.118032">
        <time>2026-08-19T21:08:40Z</time>
      </trkpt>
      <trkpt lat="8.603513" lon="-80.118037">
        <time>2026-08-19T21:08:41Z</time>
      </trkpt>
      <trkpt lat="8.603492" lon="-80.118042">
        <time>2026-08-19T21:08:42Z</time>
      </trkpt>
      <trkpt lat="8.603474" lon="-80.118047">
        <time>2026-08-19T21:08:43Z</time>
      </trkpt>
      <trkpt lat="8.603455" lon="-80.118053">
        <time>2026-08-19T21:08:44Z</time>
      </trkpt>
      <trkpt lat="8.603433" lon="-80.118059">
        <time>2026-08-19T21:08:45Z</time>
      </trkpt>
      <trkpt lat="8.603413" lon="-80.118067">
        <time>2026-08-19T21:08:46Z</time>
      </trkpt>
      <trkpt lat="8.603396" lon="-80.118074">
        <time>2026-08-19T21:08:47Z</time>
      </trkpt>
      <trkpt lat="8.603378" lon="-80.118082">
        <time>2026-08-19T21:08:48Z</time>
      </trkpt>
      <trkpt lat="8.603356" lon="-80.118087">
        <time>2026-08-19T21:08:49Z</time>
      </trkpt>
      <trkpt lat="8.603337" lon="-80.118092">
        <time>2026-08-19T21:08:50Z</time>
      </trkpt>
      <trkpt lat="8.603318" lon="-80.118098">
        <time>2026-08-19T21:08:51Z</time>
      </trkpt>
      <trkpt lat="8.603296" lon="-80.118105">
        <time>2026-08-19T21:08:52Z</time>
      </trkpt>
      <trkpt lat="8.603277" lon="-80.118110">
        <time>2026-08-19T21:08:53Z</time>
      </trkpt>
      <trkpt lat="8.603254" lon="-80.118116">
        <time>2026-08-19T21:08:54Z</time>
      </trkpt>
      <trkpt lat="8.603234" lon="-80.118121">
        <time>2026-08-19T21:08:55Z</time>
      </trkpt>
      <trkpt lat="8.603214" lon="-80.118127">
        <time>2026-08-19T21:08:56Z</time>
      </trkpt>
      <trkpt lat="8.603194" lon="-80.118138">
        <time>2026-08-19T21:08:57Z</time>
      </trkpt>
      <trkpt lat="8.603172" lon="-80.118151">
        <time>2026-08-19T21:08:58Z</time>
      </trkpt>
      <trkpt lat="8.603150" lon="-80.118160">
        <time>2026-08-19T21:08:59Z</time>
      </trkpt>
      <trkpt lat="8.603129" lon="-80.118167">
        <time>2026-08-19T21:09:00Z</time>
      </trkpt>
      <trkpt lat="8.603107" lon="-80.118174">
        <time>2026-08-19T21:09:01Z</time>
      </trkpt>
      <trkpt lat="8.603091" lon="-80.118181">
        <time>2026-08-19T21:09:02Z</time>
      </trkpt>
      <trkpt lat="8.603073" lon="-80.118187">
        <time>2026-08-19T21:09:03Z</time>
      </trkpt>
      <trkpt lat="8.603053" lon="-80.118193">
        <time>2026-08-19T21:09:04Z</time>
      </trkpt>
      <trkpt lat="8.603033" lon="-80.118197">
        <time>2026-08-19T21:09:05Z</time>
      </trkpt>
      <trkpt lat="8.603012" lon="-80.118202">
        <time>2026-08-19T21:09:06Z</time>
      </trkpt>
      <trkpt lat="8.602990" lon="-80.118210">
        <time>2026-08-19T21:09:07Z</time>
      </trkpt>
      <trkpt lat="8.602969" lon="-80.118215">
        <time>2026-08-19T21:09:08Z</time>
      </trkpt>
      <trkpt lat="8.602947" lon="-80.118220">
        <time>2026-08-19T21:09:09Z</time>
      </trkpt>
      <trkpt lat="8.602923" lon="-80.118229">
        <time>2026-08-19T21:09:10Z</time>
      </trkpt>
      <trkpt lat="8.602902" lon="-80.118234">
        <time>2026-08-19T21:09:11Z</time>
      </trkpt>
      <trkpt lat="8.602880" lon="-80.118239">
        <time>2026-08-19T21:09:12Z</time>
      </trkpt>
      <trkpt lat="8.602856" lon="-80.118245">
        <time>2026-08-19T21:09:13Z</time>
      </trkpt>
      <trkpt lat="8.602836" lon="-80.118252">
        <time>2026-08-19T21:09:14Z</time>
      </trkpt>
      <trkpt lat="8.602814" lon="-80.118259">
        <time>2026-08-19T21:09:15Z</time>
      </trkpt>
      <trkpt lat="8.602791" lon="-80.118264">
        <time>2026-08-19T21:09:16Z</time>
      </trkpt>
      <trkpt lat="8.602770" lon="-80.118268">
        <time>2026-08-19T21:09:17Z</time>
      </trkpt>
      <trkpt lat="8.602749" lon="-80.118271">
        <time>2026-08-19T21:09:18Z</time>
      </trkpt>
      <trkpt lat="8.602726" lon="-80.118278">
        <time>2026-08-19T21:09:19Z</time>
      </trkpt>
      <trkpt lat="8.602703" lon="-80.118287">
        <time>2026-08-19T21:09:20Z</time>
      </trkpt>
      <trkpt lat="8.602683" lon="-80.118293">
        <time>2026-08-19T21:09:21Z</time>
      </trkpt>
      <trkpt lat="8.602662" lon="-80.118298">
        <time>2026-08-19T21:09:22Z</time>
      </trkpt>
      <trkpt lat="8.602643" lon="-80.118305">
        <time>2026-08-19T21:09:23Z</time>
      </trkpt>
      <trkpt lat="8.602623" lon="-80.118307">
        <time>2026-08-19T21:09:24Z</time>
      </trkpt>
      <trkpt lat="8.602603" lon="-80.118314">
        <time>2026-08-19T21:09:25Z</time>
      </trkpt>
      <trkpt lat="8.602580" lon="-80.118320">
        <time>2026-08-19T21:09:26Z</time>
      </trkpt>
      <trkpt lat="8.602557" lon="-80.118325">
        <time>2026-08-19T21:09:27Z</time>
      </trkpt>
      <trkpt lat="8.602535" lon="-80.118333">
        <time>2026-08-19T21:09:28Z</time>
      </trkpt>
      <trkpt lat="8.602513" lon="-80.118338">
        <time>2026-08-19T21:09:29Z</time>
      </trkpt>
      <trkpt lat="8.602490" lon="-80.118344">
        <time>2026-08-19T21:09:30Z</time>
      </trkpt>
      <trkpt lat="8.602468" lon="-80.118350">
        <time>2026-08-19T21:09:31Z</time>
      </trkpt>
      <trkpt lat="8.602447" lon="-80.118352">
        <time>2026-08-19T21:09:32Z</time>
      </trkpt>
      <trkpt lat="8.602428" lon="-80.118359">
        <time>2026-08-19T21:09:33Z</time>
      </trkpt>
      <trkpt lat="8.602409" lon="-80.118367">
        <time>2026-08-19T21:09:34Z</time>
      </trkpt>
      <trkpt lat="8.602389" lon="-80.118372">
        <time>2026-08-19T21:09:35Z</time>
      </trkpt>
      <trkpt lat="8.602369" lon="-80.118378">
        <time>2026-08-19T21:09:36Z</time>
      </trkpt>
      <trkpt lat="8.602348" lon="-80.118385">
        <time>2026-08-19T21:09:37Z</time>
      </trkpt>
      <trkpt lat="8.602330" lon="-80.118391">
        <time>2026-08-19T21:09:38Z</time>
      </trkpt>
      <trkpt lat="8.602311" lon="-80.118398">
        <time>2026-08-19T21:09:39Z</time>
      </trkpt>
      <trkpt lat="8.602291" lon="-80.118405">
        <time>2026-08-19T21:09:40Z</time>
      </trkpt>
      <trkpt lat="8.602271" lon="-80.118411">
        <time>2026-08-19T21:09:41Z</time>
      </trkpt>
      <trkpt lat="8.602252" lon="-80.118418">
        <time>2026-08-19T21:09:42Z</time>
      </trkpt>
      <trkpt lat="8.602231" lon="-80.118426">
        <time>2026-08-19T21:09:43Z</time>
      </trkpt>
      <trkpt lat="8.602207" lon="-80.118430">
        <time>2026-08-19T21:09:44Z</time>
      </trkpt>
      <trkpt lat="8.602185" lon="-80.118435">
        <time>2026-08-19T21:09:45Z</time>
      </trkpt>
      <trkpt lat="8.602164" lon="-80.118440">
        <time>2026-08-19T21:09:46Z</time>
      </trkpt>
      <trkpt lat="8.602141" lon="-80.118447">
        <time>2026-08-19T21:09:47Z</time>
      </trkpt>
      <trkpt lat="8.602121" lon="-80.118452">
        <time>2026-08-19T21:09:48Z</time>
      </trkpt>
      <trkpt lat="8.602104" lon="-80.118459">
        <time>2026-08-19T21:09:49Z</time>
      </trkpt>
      <trkpt lat="8.602083" lon="-80.118464">
        <time>2026-08-19T21:09:50Z</time>
      </trkpt>
      <trkpt lat="8.602064" lon="-80.118469">
        <time>2026-08-19T21:09:51Z</time>
      </trkpt>
      <trkpt lat="8.602044" lon="-80.118476">
        <time>2026-08-19T21:09:52Z</time>
      </trkpt>
      <trkpt lat="8.602025" lon="-80.118483">
        <time>2026-08-19T21:09:53Z</time>
      </trkpt>
      <trkpt lat="8.602008" lon="-80.118487">
        <time>2026-08-19T21:09:54Z</time>
      </trkpt>
      <trkpt lat="8.601987" lon="-80.118494">
        <time>2026-08-19T21:09:55Z</time>
      </trkpt>
      <trkpt lat="8.601965" lon="-80.118500">
        <time>2026-08-19T21:09:56Z</time>
      </trkpt>
      <trkpt lat="8.601946" lon="-80.118503">
        <time>2026-08-19T21:09:57Z</time>
      </trkpt>
      <trkpt lat="8.601927" lon="-80.118509">
        <time>2026-08-19T21:09:58Z</time>
      </trkpt>
      <trkpt lat="8.601909" lon="-80.118515">
        <time>2026-08-19T21:09:59Z</time>
      </trkpt>
      <trkpt lat="8.601888" lon="-80.118518">
        <time>2026-08-19T21:10:00Z</time>
      </trkpt>
      <trkpt lat="8.601870" lon="-80.118523">
        <time>2026-08-19T21:10:01Z</time>
      </trkpt>
      <trkpt lat="8.601850" lon="-80.118528">
        <time>2026-08-19T21:10:02Z</time>
      </trkpt>
      <trkpt lat="8.601829" lon="-80.118532">
        <time>2026-08-19T21:10:03Z</time>
      </trkpt>
      <trkpt lat="8.601810" lon="-80.118539">
        <time>2026-08-19T21:10:04Z</time>
      </trkpt>
      <trkpt lat="8.601788" lon="-80.118544">
        <time>2026-08-19T21:10:05Z</time>
      </trkpt>
      <trkpt lat="8.601767" lon="-80.118547">
        <time>2026-08-19T21:10:06Z</time>
      </trkpt>
      <trkpt lat="8.601747" lon="-80.118548">
        <time>2026-08-19T21:10:07Z</time>
      </trkpt>
      <trkpt lat="8.601724" lon="-80.118551">
        <time>2026-08-19T21:10:08Z</time>
      </trkpt>
      <trkpt lat="8.601702" lon="-80.118553">
        <time>2026-08-19T21:10:09Z</time>
      </trkpt>
      <trkpt lat="8.601678" lon="-80.118559">
        <time>2026-08-19T21:10:10Z</time>
      </trkpt>
      <trkpt lat="8.601656" lon="-80.118566">
        <time>2026-08-19T21:10:11Z</time>
      </trkpt>
      <trkpt lat="8.601636" lon="-80.118571">
        <time>2026-08-19T21:10:12Z</time>
      </trkpt>
      <trkpt lat="8.601615" lon="-80.118576">
        <time>2026-08-19T21:10:13Z</time>
      </trkpt>
      <trkpt lat="8.601595" lon="-80.118585">
        <time>2026-08-19T21:10:14Z</time>
      </trkpt>
      <trkpt lat="8.601576" lon="-80.118591">
        <time>2026-08-19T21:10:15Z</time>
      </trkpt>
      <trkpt lat="8.601557" lon="-80.118598">
        <time>2026-08-19T21:10:16Z</time>
      </trkpt>
      <trkpt lat="8.601535" lon="-80.118603">
        <time>2026-08-19T21:10:17Z</time>
      </trkpt>
      <trkpt lat="8.601516" lon="-80.118609">
        <time>2026-08-19T21:10:18Z</time>
      </trkpt>
      <trkpt lat="8.601497" lon="-80.118614">
        <time>2026-08-19T21:10:19Z</time>
      </trkpt>
      <trkpt lat="8.601478" lon="-80.118622">
        <time>2026-08-19T21:10:20Z</time>
      </trkpt>
      <trkpt lat="8.601458" lon="-80.118628">
        <time>2026-08-19T21:10:21Z</time>
      </trkpt>
      <trkpt lat="8.601439" lon="-80.118634">
        <time>2026-08-19T21:10:22Z</time>
      </trkpt>
      <trkpt lat="8.601421" lon="-80.118641">
        <time>2026-08-19T21:10:23Z</time>
      </trkpt>
      <trkpt lat="8.601399" lon="-80.118645">
        <time>2026-08-19T21:10:24Z</time>
      </trkpt>
      <trkpt lat="8.601381" lon="-80.118648">
        <time>2026-08-19T21:10:25Z</time>
      </trkpt>
      <trkpt lat="8.601361" lon="-80.118653">
        <time>2026-08-19T21:10:26Z</time>
      </trkpt>
      <trkpt lat="8.601337" lon="-80.118658">
        <time>2026-08-19T21:10:27Z</time>
      </trkpt>
      <trkpt lat="8.601317" lon="-80.118663">
        <time>2026-08-19T21:10:28Z</time>
      </trkpt>
      <trkpt lat="8.601294" lon="-80.118670">
        <time>2026-08-19T21:10:29Z</time>
      </trkpt>
      <trkpt lat="8.601270" lon="-80.118675">
        <time>2026-08-19T21:10:30Z</time>
      </trkpt>
      <trkpt lat="8.601250" lon="-80.118680">
        <time>2026-08-19T21:10:31Z</time>
      </trkpt>
      <trkpt lat="8.601231" lon="-80.118685">
        <time>2026-08-19T21:10:32Z</time>
      </trkpt>
      <trkpt lat="8.601210" lon="-80.118691">
        <time>2026-08-19T21:10:33Z</time>
      </trkpt>
      <trkpt lat="8.601192" lon="-80.118693">
        <time>2026-08-19T21:10:34Z</time>
      </trkpt>
      <trkpt lat="8.601176" lon="-80.118699">
        <time>2026-08-19T21:10:35Z</time>
      </trkpt>
      <trkpt lat="8.601156" lon="-80.118705">
        <time>2026-08-19T21:10:36Z</time>
      </trkpt>
      <trkpt lat="8.601136" lon="-80.118710">
        <time>2026-08-19T21:10:37Z</time>
      </trkpt>
      <trkpt lat="8.601116" lon="-80.118712">
        <time>2026-08-19T21:10:38Z</time>
      </trkpt>
      <trkpt lat="8.601097" lon="-80.118718">
        <time>2026-08-19T21:10:39Z</time>
      </trkpt>
      <trkpt lat="8.601075" lon="-80.118725">
        <time>2026-08-19T21:10:40Z</time>
      </trkpt>
      <trkpt lat="8.601055" lon="-80.118728">
        <time>2026-08-19T21:10:41Z</time>
      </trkpt>
      <trkpt lat="8.601036" lon="-80.118733">
        <time>2026-08-19T21:10:42Z</time>
      </trkpt>
      <trkpt lat="8.601016" lon="-80.118740">
        <time>2026-08-19T21:10:43Z</time>
      </trkpt>
      <trkpt lat="8.600995" lon="-80.118744">
        <time>2026-08-19T21:10:44Z</time>
      </trkpt>
      <trkpt lat="8.600977" lon="-80.118752">
        <time>2026-08-19T21:10:45Z</time>
      </trkpt>
      <trkpt lat="8.600956" lon="-80.118766">
        <time>2026-08-19T21:10:46Z</time>
      </trkpt>
      <trkpt lat="8.600935" lon="-80.118773">
        <time>2026-08-19T21:10:47Z</time>
      </trkpt>
      <trkpt lat="8.600915" lon="-80.118779">
        <time>2026-08-19T21:10:48Z</time>
      </trkpt>
      <trkpt lat="8.600892" lon="-80.118787">
        <time>2026-08-19T21:10:49Z</time>
      </trkpt>
      <trkpt lat="8.600873" lon="-80.118792">
        <time>2026-08-19T21:10:50Z</time>
      </trkpt>
      <trkpt lat="8.600853" lon="-80.118797">
        <time>2026-08-19T21:10:51Z</time>
      </trkpt>
      <trkpt lat="8.600832" lon="-80.118804">
        <time>2026-08-19T21:10:52Z</time>
      </trkpt>
      <trkpt lat="8.600814" lon="-80.118809">
        <time>2026-08-19T21:10:53Z</time>
      </trkpt>
      <trkpt lat="8.600793" lon="-80.118814">
        <time>2026-08-19T21:10:54Z</time>
      </trkpt>
      <trkpt lat="8.600772" lon="-80.118820">
        <time>2026-08-19T21:10:55Z</time>
      </trkpt>
      <trkpt lat="8.600752" lon="-80.118826">
        <time>2026-08-19T21:10:56Z</time>
      </trkpt>
      <trkpt lat="8.600731" lon="-80.118832">
        <time>2026-08-19T21:10:57Z</time>
      </trkpt>
      <trkpt lat="8.600709" lon="-80.118839">
        <time>2026-08-19T21:10:58Z</time>
      </trkpt>
      <trkpt lat="8.600688" lon="-80.118843">
        <time>2026-08-19T21:10:59Z</time>
      </trkpt>
      <trkpt lat="8.600667" lon="-80.118850">
        <time>2026-08-19T21:11:00Z</time>
      </trkpt>
      <trkpt lat="8.600645" lon="-80.118859">
        <time>2026-08-19T21:11:01Z</time>
      </trkpt>
      <trkpt lat="8.600624" lon="-80.118867">
        <time>2026-08-19T21:11:02Z</time>
      </trkpt>
      <trkpt lat="8.600602" lon="-80.118874">
        <time>2026-08-19T21:11:03Z</time>
      </trkpt>
      <trkpt lat="8.600579" lon="-80.118882">
        <time>2026-08-19T21:11:04Z</time>
      </trkpt>
      <trkpt lat="8.600559" lon="-80.118887">
        <time>2026-08-19T21:11:05Z</time>
      </trkpt>
      <trkpt lat="8.600537" lon="-80.118895">
        <time>2026-08-19T21:11:06Z</time>
      </trkpt>
      <trkpt lat="8.600513" lon="-80.118900">
        <time>2026-08-19T21:11:07Z</time>
      </trkpt>
      <trkpt lat="8.600490" lon="-80.118904">
        <time>2026-08-19T21:11:08Z</time>
      </trkpt>
      <trkpt lat="8.600465" lon="-80.118907">
        <time>2026-08-19T21:11:09Z</time>
      </trkpt>
      <trkpt lat="8.600442" lon="-80.118910">
        <time>2026-08-19T21:11:10Z</time>
      </trkpt>
      <trkpt lat="8.600422" lon="-80.118911">
        <time>2026-08-19T21:11:11Z</time>
      </trkpt>
      <trkpt lat="8.600398" lon="-80.118915">
        <time>2026-08-19T21:11:12Z</time>
      </trkpt>
      <trkpt lat="8.600376" lon="-80.118920">
        <time>2026-08-19T21:11:13Z</time>
      </trkpt>
      <trkpt lat="8.600357" lon="-80.118926">
        <time>2026-08-19T21:11:14Z</time>
      </trkpt>
      <trkpt lat="8.600336" lon="-80.118934">
        <time>2026-08-19T21:11:15Z</time>
      </trkpt>
      <trkpt lat="8.600317" lon="-80.118942">
        <time>2026-08-19T21:11:16Z</time>
      </trkpt>
      <trkpt lat="8.600295" lon="-80.118949">
        <time>2026-08-19T21:11:17Z</time>
      </trkpt>
      <trkpt lat="8.600276" lon="-80.118961">
        <time>2026-08-19T21:11:18Z</time>
      </trkpt>
      <trkpt lat="8.600258" lon="-80.118973">
        <time>2026-08-19T21:11:19Z</time>
      </trkpt>
      <trkpt lat="8.600244" lon="-80.118987">
        <time>2026-08-19T21:11:20Z</time>
      </trkpt>
      <trkpt lat="8.600231" lon="-80.119003">
        <time>2026-08-19T21:11:21Z</time>
      </trkpt>
      <trkpt lat="8.600215" lon="-80.119019">
        <time>2026-08-19T21:11:22Z</time>
      </trkpt>
      <trkpt lat="8.600201" lon="-80.119033">
        <time>2026-08-19T21:11:23Z</time>
      </trkpt>
      <trkpt lat="8.600185" lon="-80.119049">
        <time>2026-08-19T21:11:24Z</time>
      </trkpt>
      <trkpt lat="8.600171" lon="-80.119066">
        <time>2026-08-19T21:11:25Z</time>
      </trkpt>
      <trkpt lat="8.600158" lon="-80.119081">
        <time>2026-08-19T21:11:26Z</time>
      </trkpt>
      <trkpt lat="8.600144" lon="-80.119097">
        <time>2026-08-19T21:11:27Z</time>
      </trkpt>
      <trkpt lat="8.600129" lon="-80.119112">
        <time>2026-08-19T21:11:28Z</time>
      </trkpt>
      <trkpt lat="8.600116" lon="-80.119126">
        <time>2026-08-19T21:11:29Z</time>
      </trkpt>
      <trkpt lat="8.600101" lon="-80.119142">
        <time>2026-08-19T21:11:30Z</time>
      </trkpt>
      <trkpt lat="8.600083" lon="-80.119155">
        <time>2026-08-19T21:11:31Z</time>
      </trkpt>
      <trkpt lat="8.600069" lon="-80.119172">
        <time>2026-08-19T21:11:32Z</time>
      </trkpt>
      <trkpt lat="8.600053" lon="-80.119192">
        <time>2026-08-19T21:11:33Z</time>
      </trkpt>
      <trkpt lat="8.600037" lon="-80.119208">
        <time>2026-08-19T21:11:34Z</time>
      </trkpt>
      <trkpt lat="8.600022" lon="-80.119220">
        <time>2026-08-19T21:11:35Z</time>
      </trkpt>
      <trkpt lat="8.600005" lon="-80.119236">
        <time>2026-08-19T21:11:36Z</time>
      </trkpt>
      <trkpt lat="8.599989" lon="-80.119253">
        <time>2026-08-19T21:11:37Z</time>
      </trkpt>
      <trkpt lat="8.599978" lon="-80.119268">
        <time>2026-08-19T21:11:38Z</time>
      </trkpt>
      <trkpt lat="8.599963" lon="-80.119282">
        <time>2026-08-19T21:11:39Z</time>
      </trkpt>
      <trkpt lat="8.599948" lon="-80.119298">
        <time>2026-08-19T21:11:40Z</time>
      </trkpt>
      <trkpt lat="8.599935" lon="-80.119314">
        <time>2026-08-19T21:11:41Z</time>
      </trkpt>
      <trkpt lat="8.599921" lon="-80.119327">
        <time>2026-08-19T21:11:42Z</time>
      </trkpt>
      <trkpt lat="8.599910" lon="-80.119342">
        <time>2026-08-19T21:11:43Z</time>
      </trkpt>
      <trkpt lat="8.599896" lon="-80.119356">
        <time>2026-08-19T21:11:44Z</time>
      </trkpt>
      <trkpt lat="8.599881" lon="-80.119370">
        <time>2026-08-19T21:11:45Z</time>
      </trkpt>
      <trkpt lat="8.599869" lon="-80.119388">
        <time>2026-08-19T21:11:46Z</time>
      </trkpt>
      <trkpt lat="8.599855" lon="-80.119402">
        <time>2026-08-19T21:11:47Z</time>
      </trkpt>
      <trkpt lat="8.599843" lon="-80.119417">
        <time>2026-08-19T21:11:48Z</time>
      </trkpt>
      <trkpt lat="8.599829" lon="-80.119431">
        <time>2026-08-19T21:11:49Z</time>
      </trkpt>
      <trkpt lat="8.599815" lon="-80.119445">
        <time>2026-08-19T21:11:50Z</time>
      </trkpt>
      <trkpt lat="8.599802" lon="-80.119461">
        <time>2026-08-19T21:11:51Z</time>
      </trkpt>
      <trkpt lat="8.599788" lon="-80.119478">
        <time>2026-08-19T21:11:52Z</time>
      </trkpt>
      <trkpt lat="8.599772" lon="-80.119492">
        <time>2026-08-19T21:11:53Z</time>
      </trkpt>
      <trkpt lat="8.599758" lon="-80.119511">
        <time>2026-08-19T21:11:54Z</time>
      </trkpt>
      <trkpt lat="8.599743" lon="-80.119528">
        <time>2026-08-19T21:11:55Z</time>
      </trkpt>
      <trkpt lat="8.599727" lon="-80.119545">
        <time>2026-08-19T21:11:56Z</time>
      </trkpt>
      <trkpt lat="8.599709" lon="-80.119560">
        <time>2026-08-19T21:11:57Z</time>
      </trkpt>
      <trkpt lat="8.599695" lon="-80.119574">
        <time>2026-08-19T21:11:58Z</time>
      </trkpt>
      <trkpt lat="8.599680" lon="-80.119589">
        <time>2026-08-19T21:11:59Z</time>
      </trkpt>
      <trkpt lat="8.599669" lon="-80.119606">
        <time>2026-08-19T21:12:00Z</time>
      </trkpt>
      <trkpt lat="8.599654" lon="-80.119621">
        <time>2026-08-19T21:12:01Z</time>
      </trkpt>
      <trkpt lat="8.599640" lon="-80.119637">
        <time>2026-08-19T21:12:02Z</time>
      </trkpt>
      <trkpt lat="8.599627" lon="-80.119652">
        <time>2026-08-19T21:12:03Z</time>
      </trkpt>
      <trkpt lat="8.599613" lon="-80.119669">
        <time>2026-08-19T21:12:04Z</time>
      </trkpt>
      <trkpt lat="8.599599" lon="-80.119686">
        <time>2026-08-19T21:12:05Z</time>
      </trkpt>
      <trkpt lat="8.599583" lon="-80.119699">
        <time>2026-08-19T21:12:06Z</time>
      </trkpt>
      <trkpt lat="8.599569" lon="-80.119716">
        <time>2026-08-19T21:12:07Z</time>
      </trkpt>
      <trkpt lat="8.599553" lon="-80.119732">
        <time>2026-08-19T21:12:08Z</time>
      </trkpt>
      <trkpt lat="8.599539" lon="-80.119750">
        <time>2026-08-19T21:12:09Z</time>
      </trkpt>
      <trkpt lat="8.599524" lon="-80.119767">
        <time>2026-08-19T21:12:10Z</time>
      </trkpt>
      <trkpt lat="8.599511" lon="-80.119784">
        <time>2026-08-19T21:12:11Z</time>
      </trkpt>
      <trkpt lat="8.599498" lon="-80.119800">
        <time>2026-08-19T21:12:12Z</time>
      </trkpt>
      <trkpt lat="8.599484" lon="-80.119813">
        <time>2026-08-19T21:12:13Z</time>
      </trkpt>
      <trkpt lat="8.599469" lon="-80.119827">
        <time>2026-08-19T21:12:14Z</time>
      </trkpt>
      <trkpt lat="8.599456" lon="-80.119843">
        <time>2026-08-19T21:12:15Z</time>
      </trkpt>
      <trkpt lat="8.599443" lon="-80.119859">
        <time>2026-08-19T21:12:16Z</time>
      </trkpt>
      <trkpt lat="8.599429" lon="-80.119876">
        <time>2026-08-19T21:12:17Z</time>
      </trkpt>
      <trkpt lat="8.599416" lon="-80.119892">
        <time>2026-08-19T21:12:18Z</time>
      </trkpt>
      <trkpt lat="8.599402" lon="-80.119904">
        <time>2026-08-19T21:12:19Z</time>
      </trkpt>
      <trkpt lat="8.599389" lon="-80.119919">
        <time>2026-08-19T21:12:20Z</time>
      </trkpt>
      <trkpt lat="8.599378" lon="-80.119935">
        <time>2026-08-19T21:12:21Z</time>
      </trkpt>
      <trkpt lat="8.599366" lon="-80.119947">
        <time>2026-08-19T21:12:22Z</time>
      </trkpt>
      <trkpt lat="8.599353" lon="-80.119963">
        <time>2026-08-19T21:12:23Z</time>
      </trkpt>
      <trkpt lat="8.599339" lon="-80.119977">
        <time>2026-08-19T21:12:24Z</time>
      </trkpt>
      <trkpt lat="8.599327" lon="-80.119993">
        <time>2026-08-19T21:12:25Z</time>
      </trkpt>
      <trkpt lat="8.599314" lon="-80.120008">
        <time>2026-08-19T21:12:26Z</time>
      </trkpt>
      <trkpt lat="8.599301" lon="-80.120026">
        <time>2026-08-19T21:12:27Z</time>
      </trkpt>
      <trkpt lat="8.599287" lon="-80.120044">
        <time>2026-08-19T21:12:28Z</time>
      </trkpt>
      <trkpt lat="8.599272" lon="-80.120060">
        <time>2026-08-19T21:12:29Z</time>
      </trkpt>
      <trkpt lat="8.599258" lon="-80.120076">
        <time>2026-08-19T21:12:30Z</time>
      </trkpt>
      <trkpt lat="8.599245" lon="-80.120090">
        <time>2026-08-19T21:12:31Z</time>
      </trkpt>
      <trkpt lat="8.599229" lon="-80.120107">
        <time>2026-08-19T21:12:32Z</time>
      </trkpt>
      <trkpt lat="8.599215" lon="-80.120124">
        <time>2026-08-19T21:12:33Z</time>
      </trkpt>
      <trkpt lat="8.599204" lon="-80.120138">
        <time>2026-08-19T21:12:34Z</time>
      </trkpt>
      <trkpt lat="8.599192" lon="-80.120151">
        <time>2026-08-19T21:12:35Z</time>
      </trkpt>
      <trkpt lat="8.599179" lon="-80.120169">
        <time>2026-08-19T21:12:36Z</time>
      </trkpt>
      <trkpt lat="8.599165" lon="-80.120184">
        <time>2026-08-19T21:12:37Z</time>
      </trkpt>
      <trkpt lat="8.599150" lon="-80.120200">
        <time>2026-08-19T21:12:38Z</time>
      </trkpt>
      <trkpt lat="8.599134" lon="-80.120214">
        <time>2026-08-19T21:12:39Z</time>
      </trkpt>
      <trkpt lat="8.599120" lon="-80.120231">
        <time>2026-08-19T21:12:40Z</time>
      </trkpt>
      <trkpt lat="8.599108" lon="-80.120247">
        <time>2026-08-19T21:12:41Z</time>
      </trkpt>
      <trkpt lat="8.599093" lon="-80.120262">
        <time>2026-08-19T21:12:42Z</time>
      </trkpt>
      <trkpt lat="8.599077" lon="-80.120274">
        <time>2026-08-19T21:12:43Z</time>
      </trkpt>
      <trkpt lat="8.599062" lon="-80.120287">
        <time>2026-08-19T21:12:44Z</time>
      </trkpt>
      <trkpt lat="8.599048" lon="-80.120303">
        <time>2026-08-19T21:12:45Z</time>
      </trkpt>
      <trkpt lat="8.599032" lon="-80.120317">
        <time>2026-08-19T21:12:46Z</time>
      </trkpt>
      <trkpt lat="8.599017" lon="-80.120330">
        <time>2026-08-19T21:12:47Z</time>
      </trkpt>
      <trkpt lat="8.599002" lon="-80.120346">
        <time>2026-08-19T21:12:48Z</time>
      </trkpt>
      <trkpt lat="8.598987" lon="-80.120364">
        <time>2026-08-19T21:12:49Z</time>
      </trkpt>
      <trkpt lat="8.598970" lon="-80.120375">
        <time>2026-08-19T21:12:50Z</time>
      </trkpt>
      <trkpt lat="8.598958" lon="-80.120393">
        <time>2026-08-19T21:12:51Z</time>
      </trkpt>
      <trkpt lat="8.598943" lon="-80.120410">
        <time>2026-08-19T21:12:52Z</time>
      </trkpt>
      <trkpt lat="8.598930" lon="-80.120425">
        <time>2026-08-19T21:12:53Z</time>
      </trkpt>
      <trkpt lat="8.598919" lon="-80.120443">
        <time>2026-08-19T21:12:54Z</time>
      </trkpt>
      <trkpt lat="8.598906" lon="-80.120460">
        <time>2026-08-19T21:12:55Z</time>
      </trkpt>
      <trkpt lat="8.598895" lon="-80.120477">
        <time>2026-08-19T21:12:56Z</time>
      </trkpt>
      <trkpt lat="8.598882" lon="-80.120493">
        <time>2026-08-19T21:12:57Z</time>
      </trkpt>
      <trkpt lat="8.598868" lon="-80.120508">
        <time>2026-08-19T21:12:58Z</time>
      </trkpt>
      <trkpt lat="8.598851" lon="-80.120521">
        <time>2026-08-19T21:12:59Z</time>
      </trkpt>
      <trkpt lat="8.598836" lon="-80.120537">
        <time>2026-08-19T21:13:00Z</time>
      </trkpt>
      <trkpt lat="8.598824" lon="-80.120555">
        <time>2026-08-19T21:13:01Z</time>
      </trkpt>
      <trkpt lat="8.598814" lon="-80.120570">
        <time>2026-08-19T21:13:02Z</time>
      </trkpt>
      <trkpt lat="8.598800" lon="-80.120586">
        <time>2026-08-19T21:13:03Z</time>
      </trkpt>
      <trkpt lat="8.598787" lon="-80.120604">
        <time>2026-08-19T21:13:04Z</time>
      </trkpt>
      <trkpt lat="8.598773" lon="-80.120619">
        <time>2026-08-19T21:13:05Z</time>
      </trkpt>
      <trkpt lat="8.598760" lon="-80.120633">
        <time>2026-08-19T21:13:06Z</time>
      </trkpt>
      <trkpt lat="8.598749" lon="-80.120651">
        <time>2026-08-19T21:13:07Z</time>
      </trkpt>
      <trkpt lat="8.598736" lon="-80.120668">
        <time>2026-08-19T21:13:08Z</time>
      </trkpt>
      <trkpt lat="8.598722" lon="-80.120683">
        <time>2026-08-19T21:13:09Z</time>
      </trkpt>
      <trkpt lat="8.598707" lon="-80.120703">
        <time>2026-08-19T21:13:10Z</time>
      </trkpt>
      <trkpt lat="8.598693" lon="-80.120723">
        <time>2026-08-19T21:13:11Z</time>
      </trkpt>
      <trkpt lat="8.598683" lon="-80.120739">
        <time>2026-08-19T21:13:12Z</time>
      </trkpt>
      <trkpt lat="8.598667" lon="-80.120751">
        <time>2026-08-19T21:13:13Z</time>
      </trkpt>
      <trkpt lat="8.598655" lon="-80.120765">
        <time>2026-08-19T21:13:14Z</time>
      </trkpt>
      <trkpt lat="8.598646" lon="-80.120779">
        <time>2026-08-19T21:13:15Z</time>
      </trkpt>
      <trkpt lat="8.598634" lon="-80.120794">
        <time>2026-08-19T21:13:16Z</time>
      </trkpt>
      <trkpt lat="8.598621" lon="-80.120812">
        <time>2026-08-19T21:13:17Z</time>
      </trkpt>
      <trkpt lat="8.598610" lon="-80.120826">
        <time>2026-08-19T21:13:18Z</time>
      </trkpt>
      <trkpt lat="8.598597" lon="-80.120840">
        <time>2026-08-19T21:13:19Z</time>
      </trkpt>
      <trkpt lat="8.598584" lon="-80.120858">
        <time>2026-08-19T21:13:20Z</time>
      </trkpt>
      <trkpt lat="8.598569" lon="-80.120871">
        <time>2026-08-19T21:13:21Z</time>
      </trkpt>
      <trkpt lat="8.598554" lon="-80.120886">
        <time>2026-08-19T21:13:22Z</time>
      </trkpt>
      <trkpt lat="8.598541" lon="-80.120903">
        <time>2026-08-19T21:13:23Z</time>
      </trkpt>
      <trkpt lat="8.598528" lon="-80.120919">
        <time>2026-08-19T21:13:24Z</time>
      </trkpt>
      <trkpt lat="8.598514" lon="-80.120935">
        <time>2026-08-19T21:13:25Z</time>
      </trkpt>
      <trkpt lat="8.598498" lon="-80.120952">
        <time>2026-08-19T21:13:26Z</time>
      </trkpt>
      <trkpt lat="8.598488" lon="-80.120971">
        <time>2026-08-19T21:13:27Z</time>
      </trkpt>
      <trkpt lat="8.598474" lon="-80.120984">
        <time>2026-08-19T21:13:28Z</time>
      </trkpt>
      <trkpt lat="8.598459" lon="-80.120999">
        <time>2026-08-19T21:13:29Z</time>
      </trkpt>
      <trkpt lat="8.598443" lon="-80.121014">
        <time>2026-08-19T21:13:30Z</time>
      </trkpt>
      <trkpt lat="8.598430" lon="-80.121029">
        <time>2026-08-19T21:13:31Z</time>
      </trkpt>
      <trkpt lat="8.598418" lon="-80.121049">
        <time>2026-08-19T21:13:32Z</time>
      </trkpt>
      <trkpt lat="8.598405" lon="-80.121068">
        <time>2026-08-19T21:13:33Z</time>
      </trkpt>
      <trkpt lat="8.598395" lon="-80.121089">
        <time>2026-08-19T21:13:34Z</time>
      </trkpt>
      <trkpt lat="8.598386" lon="-80.121113">
        <time>2026-08-19T21:13:35Z</time>
      </trkpt>
      <trkpt lat="8.598378" lon="-80.121138">
        <time>2026-08-19T21:13:36Z</time>
      </trkpt>
      <trkpt lat="8.598371" lon="-80.121163">
        <time>2026-08-19T21:13:37Z</time>
      </trkpt>
      <trkpt lat="8.598364" lon="-80.121189">
        <time>2026-08-19T21:13:38Z</time>
      </trkpt>
      <trkpt lat="8.598361" lon="-80.121216">
        <time>2026-08-19T21:13:39Z</time>
      </trkpt>
      <trkpt lat="8.598358" lon="-80.121242">
        <time>2026-08-19T21:13:40Z</time>
      </trkpt>
      <trkpt lat="8.598355" lon="-80.121265">
        <time>2026-08-19T21:13:41Z</time>
      </trkpt>
      <trkpt lat="8.598355" lon="-80.121287">
        <time>2026-08-19T21:13:42Z</time>
      </trkpt>
      <trkpt lat="8.598355" lon="-80.121309">
        <time>2026-08-19T21:13:43Z</time>
      </trkpt>
      <trkpt lat="8.598355" lon="-80.121330">
        <time>2026-08-19T21:13:44Z</time>
      </trkpt>
      <trkpt lat="8.598355" lon="-80.121352">
        <time>2026-08-19T21:13:45Z</time>
      </trkpt>
      <trkpt lat="8.598354" lon="-80.121371">
        <time>2026-08-19T21:13:46Z</time>
      </trkpt>
      <trkpt lat="8.598352" lon="-80.121390">
        <time>2026-08-19T21:13:47Z</time>
      </trkpt>
      <trkpt lat="8.598351" lon="-80.121410">
        <time>2026-08-19T21:13:48Z</time>
      </trkpt>
      <trkpt lat="8.598349" lon="-80.121429">
        <time>2026-08-19T21:13:49Z</time>
      </trkpt>
      <trkpt lat="8.598351" lon="-80.121448">
        <time>2026-08-19T21:13:50Z</time>
      </trkpt>
      <trkpt lat="8.598352" lon="-80.121470">
        <time>2026-08-19T21:13:51Z</time>
      </trkpt>
      <trkpt lat="8.598354" lon="-80.121489">
        <time>2026-08-19T21:13:52Z</time>
      </trkpt>
      <trkpt lat="8.598354" lon="-80.121508">
        <time>2026-08-19T21:13:53Z</time>
      </trkpt>
      <trkpt lat="8.598354" lon="-80.121529">
        <time>2026-08-19T21:13:54Z</time>
      </trkpt>
      <trkpt lat="8.598353" lon="-80.121551">
        <time>2026-08-19T21:13:55Z</time>
      </trkpt>
      <trkpt lat="8.598350" lon="-80.121571">
        <time>2026-08-19T21:13:56Z</time>
      </trkpt>
      <trkpt lat="8.598347" lon="-80.121592">
        <time>2026-08-19T21:13:57Z</time>
      </trkpt>
      <trkpt lat="8.598344" lon="-80.121613">
        <time>2026-08-19T21:13:58Z</time>
      </trkpt>
      <trkpt lat="8.598343" lon="-80.121635">
        <time>2026-08-19T21:13:59Z</time>
      </trkpt>
      <trkpt lat="8.598342" lon="-80.121655">
        <time>2026-08-19T21:14:00Z</time>
      </trkpt>
      <trkpt lat="8.598344" lon="-80.121676">
        <time>2026-08-19T21:14:01Z</time>
      </trkpt>
      <trkpt lat="8.598344" lon="-80.121697">
        <time>2026-08-19T21:14:02Z</time>
      </trkpt>
      <trkpt lat="8.598344" lon="-80.121719">
        <time>2026-08-19T21:14:03Z</time>
      </trkpt>
      <trkpt lat="8.598344" lon="-80.121740">
        <time>2026-08-19T21:14:04Z</time>
      </trkpt>
      <trkpt lat="8.598341" lon="-80.121760">
        <time>2026-08-19T21:14:05Z</time>
      </trkpt>
      <trkpt lat="8.598341" lon="-80.121780">
        <time>2026-08-19T21:14:06Z</time>
      </trkpt>
      <trkpt lat="8.598340" lon="-80.121801">
        <time>2026-08-19T21:14:07Z</time>
      </trkpt>
      <trkpt lat="8.598341" lon="-80.121821">
        <time>2026-08-19T21:14:08Z</time>
      </trkpt>
      <trkpt lat="8.598340" lon="-80.121841">
        <time>2026-08-19T21:14:09Z</time>
      </trkpt>
      <trkpt lat="8.598344" lon="-80.121862">
        <time>2026-08-19T21:14:10Z</time>
      </trkpt>
      <trkpt lat="8.598344" lon="-80.121884">
        <time>2026-08-19T21:14:11Z</time>
      </trkpt>
      <trkpt lat="8.598344" lon="-80.121906">
        <time>2026-08-19T21:14:12Z</time>
      </trkpt>
      <trkpt lat="8.598341" lon="-80.121927">
        <time>2026-08-19T21:14:13Z</time>
      </trkpt>
      <trkpt lat="8.598342" lon="-80.121951">
        <time>2026-08-19T21:14:14Z</time>
      </trkpt>
      <trkpt lat="8.598341" lon="-80.121973">
        <time>2026-08-19T21:14:15Z</time>
      </trkpt>
      <trkpt lat="8.598341" lon="-80.121993">
        <time>2026-08-19T21:14:16Z</time>
      </trkpt>
      <trkpt lat="8.598338" lon="-80.122011">
        <time>2026-08-19T21:14:17Z</time>
      </trkpt>
      <trkpt lat="8.598338" lon="-80.122032">
        <time>2026-08-19T21:14:18Z</time>
      </trkpt>
      <trkpt lat="8.598342" lon="-80.122057">
        <time>2026-08-19T21:14:19Z</time>
      </trkpt>
      <trkpt lat="8.598342" lon="-80.122077">
        <time>2026-08-19T21:14:20Z</time>
      </trkpt>
      <trkpt lat="8.598339" lon="-80.122094">
        <time>2026-08-19T21:14:21Z</time>
      </trkpt>
      <trkpt lat="8.598337" lon="-80.122116">
        <time>2026-08-19T21:14:22Z</time>
      </trkpt>
      <trkpt lat="8.598334" lon="-80.122138">
        <time>2026-08-19T21:14:23Z</time>
      </trkpt>
      <trkpt lat="8.598330" lon="-80.122158">
        <time>2026-08-19T21:14:24Z</time>
      </trkpt>
      <trkpt lat="8.598324" lon="-80.122178">
        <time>2026-08-19T21:14:25Z</time>
      </trkpt>
      <trkpt lat="8.598327" lon="-80.122200">
        <time>2026-08-19T21:14:26Z</time>
      </trkpt>
      <trkpt lat="8.598327" lon="-80.122222">
        <time>2026-08-19T21:14:27Z</time>
      </trkpt>
      <trkpt lat="8.598323" lon="-80.122240">
        <time>2026-08-19T21:14:28Z</time>
      </trkpt>
      <trkpt lat="8.598323" lon="-80.122262">
        <time>2026-08-19T21:14:29Z</time>
      </trkpt>
      <trkpt lat="8.598317" lon="-80.122281">
        <time>2026-08-19T21:14:30Z</time>
      </trkpt>
      <trkpt lat="8.598313" lon="-80.122302">
        <time>2026-08-19T21:14:31Z</time>
      </trkpt>
      <trkpt lat="8.598308" lon="-80.122322">
        <time>2026-08-19T21:14:32Z</time>
      </trkpt>
      <trkpt lat="8.598304" lon="-80.122340">
        <time>2026-08-19T21:14:33Z</time>
      </trkpt>
      <trkpt lat="8.598301" lon="-80.122359">
        <time>2026-08-19T21:14:34Z</time>
      </trkpt>
      <trkpt lat="8.598300" lon="-80.122380">
        <time>2026-08-19T21:14:35Z</time>
      </trkpt>
      <trkpt lat="8.598297" lon="-80.122400">
        <time>2026-08-19T21:14:36Z</time>
      </trkpt>
      <trkpt lat="8.598296" lon="-80.122422">
        <time>2026-08-19T21:14:37Z</time>
      </trkpt>
      <trkpt lat="8.598297" lon="-80.122443">
        <time>2026-08-19T21:14:38Z</time>
      </trkpt>
      <trkpt lat="8.598294" lon="-80.122462">
        <time>2026-08-19T21:14:39Z</time>
      </trkpt>
      <trkpt lat="8.598297" lon="-80.122484">
        <time>2026-08-19T21:14:40Z</time>
      </trkpt>
      <trkpt lat="8.598296" lon="-80.122505">
        <time>2026-08-19T21:14:41Z</time>
      </trkpt>
      <trkpt lat="8.598295" lon="-80.122523">
        <time>2026-08-19T21:14:42Z</time>
      </trkpt>
      <trkpt lat="8.598294" lon="-80.122542">
        <time>2026-08-19T21:14:43Z</time>
      </trkpt>
      <trkpt lat="8.598292" lon="-80.122562">
        <time>2026-08-19T21:14:44Z</time>
      </trkpt>
      <trkpt lat="8.598292" lon="-80.122583">
        <time>2026-08-19T21:14:45Z</time>
      </trkpt>
      <trkpt lat="8.598290" lon="-80.122603">
        <time>2026-08-19T21:14:46Z</time>
      </trkpt>
      <trkpt lat="8.598288" lon="-80.122622">
        <time>2026-08-19T21:14:47Z</time>
      </trkpt>
      <trkpt lat="8.598288" lon="-80.122643">
        <time>2026-08-19T21:14:48Z</time>
      </trkpt>
      <trkpt lat="8.598285" lon="-80.122662">
        <time>2026-08-19T21:14:49Z</time>
      </trkpt>
      <trkpt lat="8.598283" lon="-80.122684">
        <time>2026-08-19T21:14:50Z</time>
      </trkpt>
      <trkpt lat="8.598283" lon="-80.122706">
        <time>2026-08-19T21:14:51Z</time>
      </trkpt>
      <trkpt lat="8.598281" lon="-80.122729">
        <time>2026-08-19T21:14:52Z</time>
      </trkpt>
      <trkpt lat="8.598279" lon="-80.122752">
        <time>2026-08-19T21:14:53Z</time>
      </trkpt>
      <trkpt lat="8.598278" lon="-80.122775">
        <time>2026-08-19T21:14:54Z</time>
      </trkpt>
      <trkpt lat="8.598276" lon="-80.122796">
        <time>2026-08-19T21:14:55Z</time>
      </trkpt>
      <trkpt lat="8.598275" lon="-80.122819">
        <time>2026-08-19T21:14:56Z</time>
      </trkpt>
      <trkpt lat="8.598273" lon="-80.122843">
        <time>2026-08-19T21:14:57Z</time>
      </trkpt>
      <trkpt lat="8.598276" lon="-80.122866">
        <time>2026-08-19T21:14:58Z</time>
      </trkpt>
      <trkpt lat="8.598273" lon="-80.122886">
        <time>2026-08-19T21:14:59Z</time>
      </trkpt>
      <trkpt lat="8.598270" lon="-80.122907">
        <time>2026-08-19T21:15:00Z</time>
      </trkpt>
      <trkpt lat="8.598268" lon="-80.122927">
        <time>2026-08-19T21:15:01Z</time>
      </trkpt>
      <trkpt lat="8.598266" lon="-80.122950">
        <time>2026-08-19T21:15:02Z</time>
      </trkpt>
      <trkpt lat="8.598268" lon="-80.122973">
        <time>2026-08-19T21:15:03Z</time>
      </trkpt>
      <trkpt lat="8.598268" lon="-80.122993">
        <time>2026-08-19T21:15:04Z</time>
      </trkpt>
      <trkpt lat="8.598266" lon="-80.123017">
        <time>2026-08-19T21:15:05Z</time>
      </trkpt>
      <trkpt lat="8.598264" lon="-80.123039">
        <time>2026-08-19T21:15:06Z</time>
      </trkpt>
      <trkpt lat="8.598262" lon="-80.123062">
        <time>2026-08-19T21:15:07Z</time>
      </trkpt>
      <trkpt lat="8.598260" lon="-80.123083">
        <time>2026-08-19T21:15:08Z</time>
      </trkpt>
      <trkpt lat="8.598257" lon="-80.123104">
        <time>2026-08-19T21:15:09Z</time>
      </trkpt>
      <trkpt lat="8.598255" lon="-80.123125">
        <time>2026-08-19T21:15:10Z</time>
      </trkpt>
      <trkpt lat="8.598255" lon="-80.123147">
        <time>2026-08-19T21:15:11Z</time>
      </trkpt>
      <trkpt lat="8.598255" lon="-80.123169">
        <time>2026-08-19T21:15:12Z</time>
      </trkpt>
      <trkpt lat="8.598252" lon="-80.123191">
        <time>2026-08-19T21:15:13Z</time>
      </trkpt>
      <trkpt lat="8.598251" lon="-80.123213">
        <time>2026-08-19T21:15:14Z</time>
      </trkpt>
      <trkpt lat="8.598252" lon="-80.123236">
        <time>2026-08-19T21:15:15Z</time>
      </trkpt>
      <trkpt lat="8.598252" lon="-80.123257">
        <time>2026-08-19T21:15:16Z</time>
      </trkpt>
      <trkpt lat="8.598249" lon="-80.123278">
        <time>2026-08-19T21:15:17Z</time>
      </trkpt>
      <trkpt lat="8.598246" lon="-80.123298">
        <time>2026-08-19T21:15:18Z</time>
      </trkpt>
      <trkpt lat="8.598245" lon="-80.123317">
        <time>2026-08-19T21:15:19Z</time>
      </trkpt>
      <trkpt lat="8.598245" lon="-80.123339">
        <time>2026-08-19T21:15:20Z</time>
      </trkpt>
      <trkpt lat="8.598242" lon="-80.123360">
        <time>2026-08-19T21:15:21Z</time>
      </trkpt>
      <trkpt lat="8.598242" lon="-80.123383">
        <time>2026-08-19T21:15:22Z</time>
      </trkpt>
      <trkpt lat="8.598242" lon="-80.123407">
        <time>2026-08-19T21:15:23Z</time>
      </trkpt>
      <trkpt lat="8.598238" lon="-80.123427">
        <time>2026-08-19T21:15:24Z</time>
      </trkpt>
      <trkpt lat="8.598235" lon="-80.123449">
        <time>2026-08-19T21:15:25Z</time>
      </trkpt>
      <trkpt lat="8.598234" lon="-80.123472">
        <time>2026-08-19T21:15:26Z</time>
      </trkpt>
      <trkpt lat="8.598232" lon="-80.123493">
        <time>2026-08-19T21:15:27Z</time>
      </trkpt>
      <trkpt lat="8.598231" lon="-80.123514">
        <time>2026-08-19T21:15:28Z</time>
      </trkpt>
      <trkpt lat="8.598232" lon="-80.123533">
        <time>2026-08-19T21:15:29Z</time>
      </trkpt>
      <trkpt lat="8.598229" lon="-80.123550">
        <time>2026-08-19T21:15:30Z</time>
      </trkpt>
      <trkpt lat="8.598229" lon="-80.123573">
        <time>2026-08-19T21:15:31Z</time>
      </trkpt>
      <trkpt lat="8.598229" lon="-80.123595">
        <time>2026-08-19T21:15:32Z</time>
      </trkpt>
      <trkpt lat="8.598229" lon="-80.123616">
        <time>2026-08-19T21:15:33Z</time>
      </trkpt>
      <trkpt lat="8.598227" lon="-80.123636">
        <time>2026-08-19T21:15:34Z</time>
      </trkpt>
      <trkpt lat="8.598225" lon="-80.123656">
        <time>2026-08-19T21:15:35Z</time>
      </trkpt>
      <trkpt lat="8.598223" lon="-80.123674">
        <time>2026-08-19T21:15:36Z</time>
      </trkpt>
      <trkpt lat="8.598221" lon="-80.123694">
        <time>2026-08-19T21:15:37Z</time>
      </trkpt>
      <trkpt lat="8.598219" lon="-80.123716">
        <time>2026-08-19T21:15:38Z</time>
      </trkpt>
      <trkpt lat="8.598216" lon="-80.123736">
        <time>2026-08-19T21:15:39Z</time>
      </trkpt>
      <trkpt lat="8.598216" lon="-80.123756">
        <time>2026-08-19T21:15:40Z</time>
      </trkpt>
      <trkpt lat="8.598214" lon="-80.123778">
        <time>2026-08-19T21:15:41Z</time>
      </trkpt>
      <trkpt lat="8.598211" lon="-80.123800">
        <time>2026-08-19T21:15:42Z</time>
      </trkpt>
      <trkpt lat="8.598207" lon="-80.123821">
        <time>2026-08-19T21:15:43Z</time>
      </trkpt>
      <trkpt lat="8.598205" lon="-80.123844">
        <time>2026-08-19T21:15:44Z</time>
      </trkpt>
      <trkpt lat="8.598202" lon="-80.123865">
        <time>2026-08-19T21:15:45Z</time>
      </trkpt>
      <trkpt lat="8.598200" lon="-80.123887">
        <time>2026-08-19T21:15:46Z</time>
      </trkpt>
      <trkpt lat="8.598199" lon="-80.123910">
        <time>2026-08-19T21:15:47Z</time>
      </trkpt>
      <trkpt lat="8.598198" lon="-80.123931">
        <time>2026-08-19T21:15:48Z</time>
      </trkpt>
      <trkpt lat="8.598196" lon="-80.123952">
        <time>2026-08-19T21:15:49Z</time>
      </trkpt>
      <trkpt lat="8.598195" lon="-80.123976">
        <time>2026-08-19T21:15:50Z</time>
      </trkpt>
      <trkpt lat="8.598193" lon="-80.123996">
        <time>2026-08-19T21:15:51Z</time>
      </trkpt>
      <trkpt lat="8.598191" lon="-80.124016">
        <time>2026-08-19T21:15:52Z</time>
      </trkpt>
      <trkpt lat="8.598191" lon="-80.124039">
        <time>2026-08-19T21:15:53Z</time>
      </trkpt>
      <trkpt lat="8.598190" lon="-80.124061">
        <time>2026-08-19T21:15:54Z</time>
      </trkpt>
      <trkpt lat="8.598189" lon="-80.124084">
        <time>2026-08-19T21:15:55Z</time>
      </trkpt>
      <trkpt lat="8.598191" lon="-80.124107">
        <time>2026-08-19T21:15:56Z</time>
      </trkpt>
      <trkpt lat="8.598191" lon="-80.124131">
        <time>2026-08-19T21:15:57Z</time>
      </trkpt>
      <trkpt lat="8.598189" lon="-80.124151">
        <time>2026-08-19T21:15:58Z</time>
      </trkpt>
      <trkpt lat="8.598188" lon="-80.124173">
        <time>2026-08-19T21:15:59Z</time>
      </trkpt>
      <trkpt lat="8.598188" lon="-80.124192">
        <time>2026-08-19T21:16:00Z</time>
      </trkpt>
      <trkpt lat="8.598184" lon="-80.124213">
        <time>2026-08-19T21:16:01Z</time>
      </trkpt>
      <trkpt lat="8.598180" lon="-80.124232">
        <time>2026-08-19T21:16:02Z</time>
      </trkpt>
      <trkpt lat="8.598179" lon="-80.124253">
        <time>2026-08-19T21:16:03Z</time>
      </trkpt>
      <trkpt lat="8.598178" lon="-80.124274">
        <time>2026-08-19T21:16:04Z</time>
      </trkpt>
      <trkpt lat="8.598175" lon="-80.124296">
        <time>2026-08-19T21:16:05Z</time>
      </trkpt>
      <trkpt lat="8.598174" lon="-80.124318">
        <time>2026-08-19T21:16:06Z</time>
      </trkpt>
      <trkpt lat="8.598173" lon="-80.124337">
        <time>2026-08-19T21:16:07Z</time>
      </trkpt>
      <trkpt lat="8.598171" lon="-80.124357">
        <time>2026-08-19T21:16:08Z</time>
      </trkpt>
      <trkpt lat="8.598170" lon="-80.124376">
        <time>2026-08-19T21:16:09Z</time>
      </trkpt>
      <trkpt lat="8.598169" lon="-80.124395">
        <time>2026-08-19T21:16:10Z</time>
      </trkpt>
      <trkpt lat="8.598166" lon="-80.124417">
        <time>2026-08-19T21:16:11Z</time>
      </trkpt>
      <trkpt lat="8.598162" lon="-80.124436">
        <time>2026-08-19T21:16:12Z</time>
      </trkpt>
      <trkpt lat="8.598158" lon="-80.124456">
        <time>2026-08-19T21:16:13Z</time>
      </trkpt>
      <trkpt lat="8.598157" lon="-80.124478">
        <time>2026-08-19T21:16:14Z</time>
      </trkpt>
      <trkpt lat="8.598155" lon="-80.124500">
        <time>2026-08-19T21:16:15Z</time>
      </trkpt>
      <trkpt lat="8.598152" lon="-80.124520">
        <time>2026-08-19T21:16:16Z</time>
      </trkpt>
      <trkpt lat="8.598153" lon="-80.124541">
        <time>2026-08-19T21:16:17Z</time>
      </trkpt>
      <trkpt lat="8.598153" lon="-80.124564">
        <time>2026-08-19T21:16:18Z</time>
      </trkpt>
      <trkpt lat="8.598150" lon="-80.124586">
        <time>2026-08-19T21:16:19Z</time>
      </trkpt>
      <trkpt lat="8.598147" lon="-80.124606">
        <time>2026-08-19T21:16:20Z</time>
      </trkpt>
      <trkpt lat="8.598145" lon="-80.124628">
        <time>2026-08-19T21:16:21Z</time>
      </trkpt>
      <trkpt lat="8.598145" lon="-80.124648">
        <time>2026-08-19T21:16:22Z</time>
      </trkpt>
      <trkpt lat="8.598144" lon="-80.124669">
        <time>2026-08-19T21:16:23Z</time>
      </trkpt>
      <trkpt lat="8.598143" lon="-80.124691">
        <time>2026-08-19T21:16:24Z</time>
      </trkpt>
      <trkpt lat="8.598139" lon="-80.124713">
        <time>2026-08-19T21:16:25Z</time>
      </trkpt>
      <trkpt lat="8.598138" lon="-80.124733">
        <time>2026-08-19T21:16:26Z</time>
      </trkpt>
      <trkpt lat="8.598136" lon="-80.124755">
        <time>2026-08-19T21:16:27Z</time>
      </trkpt>
      <trkpt lat="8.598134" lon="-80.124777">
        <time>2026-08-19T21:16:28Z</time>
      </trkpt>
      <trkpt lat="8.598134" lon="-80.124798">
        <time>2026-08-19T21:16:29Z</time>
      </trkpt>
      <trkpt lat="8.598133" lon="-80.124818">
        <time>2026-08-19T21:16:30Z</time>
      </trkpt>
      <trkpt lat="8.598132" lon="-80.124837">
        <time>2026-08-19T21:16:31Z</time>
      </trkpt>
      <trkpt lat="8.598133" lon="-80.124857">
        <time>2026-08-19T21:16:32Z</time>
      </trkpt>
      <trkpt lat="8.598131" lon="-80.124876">
        <time>2026-08-19T21:16:33Z</time>
      </trkpt>
      <trkpt lat="8.598128" lon="-80.124896">
        <time>2026-08-19T21:16:34Z</time>
      </trkpt>
      <trkpt lat="8.598126" lon="-80.124914">
        <time>2026-08-19T21:16:35Z</time>
      </trkpt>
      <trkpt lat="8.598126" lon="-80.124935">
        <time>2026-08-19T21:16:36Z</time>
      </trkpt>
      <trkpt lat="8.598126" lon="-80.124958">
        <time>2026-08-19T21:16:37Z</time>
      </trkpt>
      <trkpt lat="8.598123" lon="-80.124976">
        <time>2026-08-19T21:16:38Z</time>
      </trkpt>
      <trkpt lat="8.598121" lon="-80.124995">
        <time>2026-08-19T21:16:39Z</time>
      </trkpt>
      <trkpt lat="8.598121" lon="-80.125018">
        <time>2026-08-19T21:16:40Z</time>
      </trkpt>
      <trkpt lat="8.598119" lon="-80.125038">
        <time>2026-08-19T21:16:41Z</time>
      </trkpt>
      <trkpt lat="8.598118" lon="-80.125060">
        <time>2026-08-19T21:16:42Z</time>
      </trkpt>
      <trkpt lat="8.598117" lon="-80.125082">
        <time>2026-08-19T21:16:43Z</time>
      </trkpt>
      <trkpt lat="8.598118" lon="-80.125104">
        <time>2026-08-19T21:16:44Z</time>
      </trkpt>
      <trkpt lat="8.598117" lon="-80.125124">
        <time>2026-08-19T21:16:45Z</time>
      </trkpt>
      <trkpt lat="8.598116" lon="-80.125143">
        <time>2026-08-19T21:16:46Z</time>
      </trkpt>
      <trkpt lat="8.598115" lon="-80.125162">
        <time>2026-08-19T21:16:47Z</time>
      </trkpt>
      <trkpt lat="8.598113" lon="-80.125184">
        <time>2026-08-19T21:16:48Z</time>
      </trkpt>
      <trkpt lat="8.598112" lon="-80.125204">
        <time>2026-08-19T21:16:49Z</time>
      </trkpt>
      <trkpt lat="8.598110" lon="-80.125223">
        <time>2026-08-19T21:16:50Z</time>
      </trkpt>
      <trkpt lat="8.598111" lon="-80.125243">
        <time>2026-08-19T21:16:51Z</time>
      </trkpt>
      <trkpt lat="8.598110" lon="-80.125264">
        <time>2026-08-19T21:16:52Z</time>
      </trkpt>
      <trkpt lat="8.598109" lon="-80.125283">
        <time>2026-08-19T21:16:53Z</time>
      </trkpt>
      <trkpt lat="8.598110" lon="-80.125301">
        <time>2026-08-19T21:16:54Z</time>
      </trkpt>
      <trkpt lat="8.598111" lon="-80.125320">
        <time>2026-08-19T21:16:55Z</time>
      </trkpt>
      <trkpt lat="8.598111" lon="-80.125342">
        <time>2026-08-19T21:16:56Z</time>
      </trkpt>
      <trkpt lat="8.598111" lon="-80.125363">
        <time>2026-08-19T21:16:57Z</time>
      </trkpt>
      <trkpt lat="8.598110" lon="-80.125385">
        <time>2026-08-19T21:16:58Z</time>
      </trkpt>
      <trkpt lat="8.598106" lon="-80.125406">
        <time>2026-08-19T21:16:59Z</time>
      </trkpt>
      <trkpt lat="8.598105" lon="-80.125428">
        <time>2026-08-19T21:17:00Z</time>
      </trkpt>
      <trkpt lat="8.598104" lon="-80.125449">
        <time>2026-08-19T21:17:01Z</time>
      </trkpt>
      <trkpt lat="8.598102" lon="-80.125470">
        <time>2026-08-19T21:17:02Z</time>
      </trkpt>
      <trkpt lat="8.598099" lon="-80.125487">
        <time>2026-08-19T21:17:03Z</time>
      </trkpt>
      <trkpt lat="8.598098" lon="-80.125510">
        <time>2026-08-19T21:17:04Z</time>
      </trkpt>
      <trkpt lat="8.598098" lon="-80.125529">
        <time>2026-08-19T21:17:05Z</time>
      </trkpt>
      <trkpt lat="8.598097" lon="-80.125548">
        <time>2026-08-19T21:17:06Z</time>
      </trkpt>
      <trkpt lat="8.598096" lon="-80.125570">
        <time>2026-08-19T21:17:07Z</time>
      </trkpt>
      <trkpt lat="8.598094" lon="-80.125590">
        <time>2026-08-19T21:17:08Z</time>
      </trkpt>
      <trkpt lat="8.598090" lon="-80.125611">
        <time>2026-08-19T21:17:09Z</time>
      </trkpt>
      <trkpt lat="8.598090" lon="-80.125631">
        <time>2026-08-19T21:17:10Z</time>
      </trkpt>
      <trkpt lat="8.598089" lon="-80.125652">
        <time>2026-08-19T21:17:11Z</time>
      </trkpt>
      <trkpt lat="8.598087" lon="-80.125670">
        <time>2026-08-19T21:17:12Z</time>
      </trkpt>
      <trkpt lat="8.598088" lon="-80.125690">
        <time>2026-08-19T21:17:13Z</time>
      </trkpt>
      <trkpt lat="8.598088" lon="-80.125709">
        <time>2026-08-19T21:17:14Z</time>
      </trkpt>
      <trkpt lat="8.598090" lon="-80.125729">
        <time>2026-08-19T21:17:15Z</time>
      </trkpt>
      <trkpt lat="8.598091" lon="-80.125749">
        <time>2026-08-19T21:17:16Z</time>
      </trkpt>
      <trkpt lat="8.598090" lon="-80.125768">
        <time>2026-08-19T21:17:17Z</time>
      </trkpt>
      <trkpt lat="8.598089" lon="-80.125785">
        <time>2026-08-19T21:17:18Z</time>
      </trkpt>
      <trkpt lat="8.598090" lon="-80.125805">
        <time>2026-08-19T21:17:19Z</time>
      </trkpt>
      <trkpt lat="8.598091" lon="-80.125828">
        <time>2026-08-19T21:17:20Z</time>
      </trkpt>
      <trkpt lat="8.598087" lon="-80.125850">
        <time>2026-08-19T21:17:21Z</time>
      </trkpt>
      <trkpt lat="8.598087" lon="-80.125871">
        <time>2026-08-19T21:17:22Z</time>
      </trkpt>
      <trkpt lat="8.598089" lon="-80.125894">
        <time>2026-08-19T21:17:23Z</time>
      </trkpt>
      <trkpt lat="8.598091" lon="-80.125916">
        <time>2026-08-19T21:17:24Z</time>
      </trkpt>
      <trkpt lat="8.598089" lon="-80.125935">
        <time>2026-08-19T21:17:25Z</time>
      </trkpt>
      <trkpt lat="8.598092" lon="-80.125957">
        <time>2026-08-19T21:17:26Z</time>
      </trkpt>
      <trkpt lat="8.598095" lon="-80.125980">
        <time>2026-08-19T21:17:27Z</time>
      </trkpt>
      <trkpt lat="8.598097" lon="-80.125999">
        <time>2026-08-19T21:17:28Z</time>
      </trkpt>
      <trkpt lat="8.598101" lon="-80.126018">
        <time>2026-08-19T21:17:29Z</time>
      </trkpt>
      <trkpt lat="8.598102" lon="-80.126037">
        <time>2026-08-19T21:17:30Z</time>
      </trkpt>
      <trkpt lat="8.598106" lon="-80.126055">
        <time>2026-08-19T21:17:31Z</time>
      </trkpt>
      <trkpt lat="8.598110" lon="-80.126075">
        <time>2026-08-19T21:17:32Z</time>
      </trkpt>
      <trkpt lat="8.598114" lon="-80.126095">
        <time>2026-08-19T21:17:33Z</time>
      </trkpt>
      <trkpt lat="8.598119" lon="-80.126117">
        <time>2026-08-19T21:17:34Z</time>
      </trkpt>
      <trkpt lat="8.598127" lon="-80.126139">
        <time>2026-08-19T21:17:35Z</time>
      </trkpt>
      <trkpt lat="8.598135" lon="-80.126160">
        <time>2026-08-19T21:17:36Z</time>
      </trkpt>
      <trkpt lat="8.598141" lon="-80.126181">
        <time>2026-08-19T21:17:37Z</time>
      </trkpt>
      <trkpt lat="8.598148" lon="-80.126202">
        <time>2026-08-19T21:17:38Z</time>
      </trkpt>
      <trkpt lat="8.598153" lon="-80.126222">
        <time>2026-08-19T21:17:39Z</time>
      </trkpt>
      <trkpt lat="8.598158" lon="-80.126242">
        <time>2026-08-19T21:17:40Z</time>
      </trkpt>
      <trkpt lat="8.598168" lon="-80.126263">
        <time>2026-08-19T21:17:41Z</time>
      </trkpt>
      <trkpt lat="8.598177" lon="-80.126283">
        <time>2026-08-19T21:17:42Z</time>
      </trkpt>
      <trkpt lat="8.598185" lon="-80.126300">
        <time>2026-08-19T21:17:43Z</time>
      </trkpt>
      <trkpt lat="8.598198" lon="-80.126321">
        <time>2026-08-19T21:17:44Z</time>
      </trkpt>
      <trkpt lat="8.598210" lon="-80.126341">
        <time>2026-08-19T21:17:45Z</time>
      </trkpt>
      <trkpt lat="8.598219" lon="-80.126361">
        <time>2026-08-19T21:17:46Z</time>
      </trkpt>
      <trkpt lat="8.598228" lon="-80.126377">
        <time>2026-08-19T21:17:47Z</time>
      </trkpt>
      <trkpt lat="8.598238" lon="-80.126394">
        <time>2026-08-19T21:17:48Z</time>
      </trkpt>
      <trkpt lat="8.598253" lon="-80.126414">
        <time>2026-08-19T21:17:49Z</time>
      </trkpt>
      <trkpt lat="8.598265" lon="-80.126434">
        <time>2026-08-19T21:17:50Z</time>
      </trkpt>
      <trkpt lat="8.598275" lon="-80.126453">
        <time>2026-08-19T21:17:51Z</time>
      </trkpt>
      <trkpt lat="8.598282" lon="-80.126470">
        <time>2026-08-19T21:17:52Z</time>
      </trkpt>
      <trkpt lat="8.598291" lon="-80.126487">
        <time>2026-08-19T21:17:53Z</time>
      </trkpt>
      <trkpt lat="8.598304" lon="-80.126505">
        <time>2026-08-19T21:17:54Z</time>
      </trkpt>
      <trkpt lat="8.598315" lon="-80.126522">
        <time>2026-08-19T21:17:55Z</time>
      </trkpt>
      <trkpt lat="8.598325" lon="-80.126540">
        <time>2026-08-19T21:17:56Z</time>
      </trkpt>
      <trkpt lat="8.598336" lon="-80.126559">
        <time>2026-08-19T21:17:57Z</time>
      </trkpt>
      <trkpt lat="8.598348" lon="-80.126578">
        <time>2026-08-19T21:17:58Z</time>
      </trkpt>
      <trkpt lat="8.598360" lon="-80.126596">
        <time>2026-08-19T21:17:59Z</time>
      </trkpt>
      <trkpt lat="8.598373" lon="-80.126616">
        <time>2026-08-19T21:18:00Z</time>
      </trkpt>
      <trkpt lat="8.598383" lon="-80.126635">
        <time>2026-08-19T21:18:01Z</time>
      </trkpt>
      <trkpt lat="8.598392" lon="-80.126653">
        <time>2026-08-19T21:18:02Z</time>
      </trkpt>
      <trkpt lat="8.598404" lon="-80.126671">
        <time>2026-08-19T21:18:03Z</time>
      </trkpt>
      <trkpt lat="8.598415" lon="-80.126688">
        <time>2026-08-19T21:18:04Z</time>
      </trkpt>
      <trkpt lat="8.598424" lon="-80.126705">
        <time>2026-08-19T21:18:05Z</time>
      </trkpt>
      <trkpt lat="8.598436" lon="-80.126723">
        <time>2026-08-19T21:18:06Z</time>
      </trkpt>
      <trkpt lat="8.598448" lon="-80.126741">
        <time>2026-08-19T21:18:07Z</time>
      </trkpt>
      <trkpt lat="8.598460" lon="-80.126758">
        <time>2026-08-19T21:18:08Z</time>
      </trkpt>
      <trkpt lat="8.598475" lon="-80.126775">
        <time>2026-08-19T21:18:09Z</time>
      </trkpt>
      <trkpt lat="8.598489" lon="-80.126792">
        <time>2026-08-19T21:18:10Z</time>
      </trkpt>
      <trkpt lat="8.598504" lon="-80.126807">
        <time>2026-08-19T21:18:11Z</time>
      </trkpt>
      <trkpt lat="8.598519" lon="-80.126823">
        <time>2026-08-19T21:18:12Z</time>
      </trkpt>
      <trkpt lat="8.598533" lon="-80.126839">
        <time>2026-08-19T21:18:13Z</time>
      </trkpt>
      <trkpt lat="8.598545" lon="-80.126857">
        <time>2026-08-19T21:18:14Z</time>
      </trkpt>
      <trkpt lat="8.598561" lon="-80.126876">
        <time>2026-08-19T21:18:15Z</time>
      </trkpt>
      <trkpt lat="8.598581" lon="-80.126891">
        <time>2026-08-19T21:18:16Z</time>
      </trkpt>
      <trkpt lat="8.598601" lon="-80.126908">
        <time>2026-08-19T21:18:17Z</time>
      </trkpt>
      <trkpt lat="8.598623" lon="-80.126926">
        <time>2026-08-19T21:18:18Z</time>
      </trkpt>
      <trkpt lat="8.598643" lon="-80.126942">
        <time>2026-08-19T21:18:19Z</time>
      </trkpt>
      <trkpt lat="8.598660" lon="-80.126956">
        <time>2026-08-19T21:18:20Z</time>
      </trkpt>
      <trkpt lat="8.598680" lon="-80.126970">
        <time>2026-08-19T21:18:21Z</time>
      </trkpt>
      <trkpt lat="8.598701" lon="-80.126985">
        <time>2026-08-19T21:18:22Z</time>
      </trkpt>
      <trkpt lat="8.598720" lon="-80.126998">
        <time>2026-08-19T21:18:23Z</time>
      </trkpt>
      <trkpt lat="8.598740" lon="-80.127011">
        <time>2026-08-19T21:18:24Z</time>
      </trkpt>
      <trkpt lat="8.598759" lon="-80.127023">
        <time>2026-08-19T21:18:25Z</time>
      </trkpt>
      <trkpt lat="8.598776" lon="-80.127036">
        <time>2026-08-19T21:18:26Z</time>
      </trkpt>
      <trkpt lat="8.598790" lon="-80.127047">
        <time>2026-08-19T21:18:27Z</time>
      </trkpt>
      <trkpt lat="8.598808" lon="-80.127059">
        <time>2026-08-19T21:18:28Z</time>
      </trkpt>
      <trkpt lat="8.598825" lon="-80.127070">
        <time>2026-08-19T21:18:29Z</time>
      </trkpt>
      <trkpt lat="8.598844" lon="-80.127083">
        <time>2026-08-19T21:18:30Z</time>
      </trkpt>
      <trkpt lat="8.598863" lon="-80.127095">
        <time>2026-08-19T21:18:31Z</time>
      </trkpt>
      <trkpt lat="8.598883" lon="-80.127109">
        <time>2026-08-19T21:18:32Z</time>
      </trkpt>
      <trkpt lat="8.598897" lon="-80.127123">
        <time>2026-08-19T21:18:33Z</time>
      </trkpt>
      <trkpt lat="8.598915" lon="-80.127135">
        <time>2026-08-19T21:18:34Z</time>
      </trkpt>
      <trkpt lat="8.598933" lon="-80.127147">
        <time>2026-08-19T21:18:35Z</time>
      </trkpt>
      <trkpt lat="8.598949" lon="-80.127160">
        <time>2026-08-19T21:18:36Z</time>
      </trkpt>
      <trkpt lat="8.598965" lon="-80.127172">
        <time>2026-08-19T21:18:37Z</time>
      </trkpt>
      <trkpt lat="8.598982" lon="-80.127184">
        <time>2026-08-19T21:18:38Z</time>
      </trkpt>
      <trkpt lat="8.598998" lon="-80.127197">
        <time>2026-08-19T21:18:39Z</time>
      </trkpt>
      <trkpt lat="8.599015" lon="-80.127208">
        <time>2026-08-19T21:18:40Z</time>
      </trkpt>
      <trkpt lat="8.599035" lon="-80.127221">
        <time>2026-08-19T21:18:41Z</time>
      </trkpt>
      <trkpt lat="8.599050" lon="-80.127232">
        <time>2026-08-19T21:18:42Z</time>
      </trkpt>
      <trkpt lat="8.599065" lon="-80.127246">
        <time>2026-08-19T21:18:43Z</time>
      </trkpt>
      <trkpt lat="8.599080" lon="-80.127258">
        <time>2026-08-19T21:18:44Z</time>
      </trkpt>
      <trkpt lat="8.599096" lon="-80.127270">
        <time>2026-08-19T21:18:45Z</time>
      </trkpt>
      <trkpt lat="8.599114" lon="-80.127281">
        <time>2026-08-19T21:18:46Z</time>
      </trkpt>
      <trkpt lat="8.599129" lon="-80.127295">
        <time>2026-08-19T21:18:47Z</time>
      </trkpt>
      <trkpt lat="8.599143" lon="-80.127308">
        <time>2026-08-19T21:18:48Z</time>
      </trkpt>
      <trkpt lat="8.599159" lon="-80.127315">
        <time>2026-08-19T21:18:49Z</time>
      </trkpt>
      <trkpt lat="8.599177" lon="-80.127326">
        <time>2026-08-19T21:18:50Z</time>
      </trkpt>
      <trkpt lat="8.599195" lon="-80.127338">
        <time>2026-08-19T21:18:51Z</time>
      </trkpt>
      <trkpt lat="8.599216" lon="-80.127351">
        <time>2026-08-19T21:18:52Z</time>
      </trkpt>
      <trkpt lat="8.599236" lon="-80.127366">
        <time>2026-08-19T21:18:53Z</time>
      </trkpt>
      <trkpt lat="8.599254" lon="-80.127380">
        <time>2026-08-19T21:18:54Z</time>
      </trkpt>
      <trkpt lat="8.599271" lon="-80.127393">
        <time>2026-08-19T21:18:55Z</time>
      </trkpt>
      <trkpt lat="8.599290" lon="-80.127404">
        <time>2026-08-19T21:18:56Z</time>
      </trkpt>
      <trkpt lat="8.599310" lon="-80.127417">
        <time>2026-08-19T21:18:57Z</time>
      </trkpt>
      <trkpt lat="8.599326" lon="-80.127429">
        <time>2026-08-19T21:18:58Z</time>
      </trkpt>
      <trkpt lat="8.599342" lon="-80.127442">
        <time>2026-08-19T21:18:59Z</time>
      </trkpt>
      <trkpt lat="8.599358" lon="-80.127456">
        <time>2026-08-19T21:19:00Z</time>
      </trkpt>
      <trkpt lat="8.599375" lon="-80.127469">
        <time>2026-08-19T21:19:01Z</time>
      </trkpt>
      <trkpt lat="8.599390" lon="-80.127483">
        <time>2026-08-19T21:19:02Z</time>
      </trkpt>
      <trkpt lat="8.599403" lon="-80.127493">
        <time>2026-08-19T21:19:03Z</time>
      </trkpt>
      <trkpt lat="8.599401" lon="-80.127504">
        <time>2026-08-19T21:19:04Z</time>
      </trkpt>
      <trkpt lat="8.599393" lon="-80.127514">
        <time>2026-08-19T21:19:05Z</time>
      </trkpt>
      <trkpt lat="8.599389" lon="-80.127530">
        <time>2026-08-19T21:19:06Z</time>
      </trkpt>
      <trkpt lat="8.599383" lon="-80.127547">
        <time>2026-08-19T21:19:07Z</time>
      </trkpt>
      <trkpt lat="8.599377" lon="-80.127563">
        <time>2026-08-19T21:19:08Z</time>
      </trkpt>
      <trkpt lat="8.599372" lon="-80.127581">
        <time>2026-08-19T21:19:09Z</time>
      </trkpt>
      <trkpt lat="8.599371" lon="-80.127598">
        <time>2026-08-19T21:19:10Z</time>
      </trkpt>
      <trkpt lat="8.599369" lon="-80.127618">
        <time>2026-08-19T21:19:11Z</time>
      </trkpt>
      <trkpt lat="8.599365" lon="-80.127639">
        <time>2026-08-19T21:19:12Z</time>
      </trkpt>
      <trkpt lat="8.599364" lon="-80.127659">
        <time>2026-08-19T21:19:13Z</time>
      </trkpt>
      <trkpt lat="8.599364" lon="-80.127680">
        <time>2026-08-19T21:19:14Z</time>
      </trkpt>
      <trkpt lat="8.599363" lon="-80.127701">
        <time>2026-08-19T21:19:15Z</time>
      </trkpt>
      <trkpt lat="8.599362" lon="-80.127722">
        <time>2026-08-19T21:19:16Z</time>
      </trkpt>
      <trkpt lat="8.599356" lon="-80.127744">
        <time>2026-08-19T21:19:17Z</time>
      </trkpt>
      <trkpt lat="8.599352" lon="-80.127767">
        <time>2026-08-19T21:19:18Z</time>
      </trkpt>
      <trkpt lat="8.599349" lon="-80.127787">
        <time>2026-08-19T21:19:19Z</time>
      </trkpt>
      <trkpt lat="8.599345" lon="-80.127810">
        <time>2026-08-19T21:19:20Z</time>
      </trkpt>
      <trkpt lat="8.599340" lon="-80.127832">
        <time>2026-08-19T21:19:21Z</time>
      </trkpt>
      <trkpt lat="8.599336" lon="-80.127854">
        <time>2026-08-19T21:19:22Z</time>
      </trkpt>
      <trkpt lat="8.599333" lon="-80.127875">
        <time>2026-08-19T21:19:23Z</time>
      </trkpt>
      <trkpt lat="8.599329" lon="-80.127898">
        <time>2026-08-19T21:19:24Z</time>
      </trkpt>
      <trkpt lat="8.599323" lon="-80.127922">
        <time>2026-08-19T21:19:25Z</time>
      </trkpt>
      <trkpt lat="8.599315" lon="-80.127941">
        <time>2026-08-19T21:19:26Z</time>
      </trkpt>
      <trkpt lat="8.599311" lon="-80.127963">
        <time>2026-08-19T21:19:27Z</time>
      </trkpt>
      <trkpt lat="8.599308" lon="-80.127985">
        <time>2026-08-19T21:19:28Z</time>
      </trkpt>
      <trkpt lat="8.599302" lon="-80.128004">
        <time>2026-08-19T21:19:29Z</time>
      </trkpt>
      <trkpt lat="8.599298" lon="-80.128023">
        <time>2026-08-19T21:19:30Z</time>
      </trkpt>
      <trkpt lat="8.599294" lon="-80.128045">
        <time>2026-08-19T21:19:31Z</time>
      </trkpt>
      <trkpt lat="8.599290" lon="-80.128064">
        <time>2026-08-19T21:19:32Z</time>
      </trkpt>
      <trkpt lat="8.599285" lon="-80.128085">
        <time>2026-08-19T21:19:33Z</time>
      </trkpt>
      <trkpt lat="8.599282" lon="-80.128105">
        <time>2026-08-19T21:19:34Z</time>
      </trkpt>
      <trkpt lat="8.599278" lon="-80.128124">
        <time>2026-08-19T21:19:35Z</time>
      </trkpt>
      <trkpt lat="8.599276" lon="-80.128144">
        <time>2026-08-19T21:19:36Z</time>
      </trkpt>
      <trkpt lat="8.599271" lon="-80.128163">
        <time>2026-08-19T21:19:37Z</time>
      </trkpt>
      <trkpt lat="8.599267" lon="-80.128183">
        <time>2026-08-19T21:19:38Z</time>
      </trkpt>
      <trkpt lat="8.599263" lon="-80.128204">
        <time>2026-08-19T21:19:39Z</time>
      </trkpt>
      <trkpt lat="8.599261" lon="-80.128224">
        <time>2026-08-19T21:19:40Z</time>
      </trkpt>
      <trkpt lat="8.599258" lon="-80.128244">
        <time>2026-08-19T21:19:41Z</time>
      </trkpt>
      <trkpt lat="8.599254" lon="-80.128265">
        <time>2026-08-19T21:19:42Z</time>
      </trkpt>
      <trkpt lat="8.599248" lon="-80.128285">
        <time>2026-08-19T21:19:43Z</time>
      </trkpt>
      <trkpt lat="8.599244" lon="-80.128307">
        <time>2026-08-19T21:19:44Z</time>
      </trkpt>
      <trkpt lat="8.599240" lon="-80.128328">
        <time>2026-08-19T21:19:45Z</time>
      </trkpt>
      <trkpt lat="8.599234" lon="-80.128349">
        <time>2026-08-19T21:19:46Z</time>
      </trkpt>
      <trkpt lat="8.599230" lon="-80.128369">
        <time>2026-08-19T21:19:47Z</time>
      </trkpt>
      <trkpt lat="8.599228" lon="-80.128391">
        <time>2026-08-19T21:19:48Z</time>
      </trkpt>
      <trkpt lat="8.599227" lon="-80.128417">
        <time>2026-08-19T21:19:49Z</time>
      </trkpt>
      <trkpt lat="8.599223" lon="-80.128439">
        <time>2026-08-19T21:19:50Z</time>
      </trkpt>
      <trkpt lat="8.599210" lon="-80.128455">
        <time>2026-08-19T21:19:51Z</time>
      </trkpt>
      <trkpt lat="8.599205" lon="-80.128476">
        <time>2026-08-19T21:19:52Z</time>
      </trkpt>
      <trkpt lat="8.599198" lon="-80.128495">
        <time>2026-08-19T21:19:53Z</time>
      </trkpt>
      <trkpt lat="8.599190" lon="-80.128513">
        <time>2026-08-19T21:19:54Z</time>
      </trkpt>
      <trkpt lat="8.599185" lon="-80.128535">
        <time>2026-08-19T21:19:55Z</time>
      </trkpt>
      <trkpt lat="8.599180" lon="-80.128555">
        <time>2026-08-19T21:19:56Z</time>
      </trkpt>
      <trkpt lat="8.599176" lon="-80.128578">
        <time>2026-08-19T21:19:57Z</time>
      </trkpt>
      <trkpt lat="8.599174" lon="-80.128602">
        <time>2026-08-19T21:19:58Z</time>
      </trkpt>
      <trkpt lat="8.599169" lon="-80.128621">
        <time>2026-08-19T21:19:59Z</time>
      </trkpt>
      <trkpt lat="8.599164" lon="-80.128643">
        <time>2026-08-19T21:20:00Z</time>
      </trkpt>
      <trkpt lat="8.599164" lon="-80.128667">
        <time>2026-08-19T21:20:01Z</time>
      </trkpt>
      <trkpt lat="8.599161" lon="-80.128689">
        <time>2026-08-19T21:20:02Z</time>
      </trkpt>
      <trkpt lat="8.599161" lon="-80.128709">
        <time>2026-08-19T21:20:03Z</time>
      </trkpt>
      <trkpt lat="8.599159" lon="-80.128730">
        <time>2026-08-19T21:20:04Z</time>
      </trkpt>
      <trkpt lat="8.599158" lon="-80.128751">
        <time>2026-08-19T21:20:05Z</time>
      </trkpt>
      <trkpt lat="8.599154" lon="-80.128770">
        <time>2026-08-19T21:20:06Z</time>
      </trkpt>
      <trkpt lat="8.599154" lon="-80.128789">
        <time>2026-08-19T21:20:07Z</time>
      </trkpt>
      <trkpt lat="8.599151" lon="-80.128807">
        <time>2026-08-19T21:20:08Z</time>
      </trkpt>
      <trkpt lat="8.599147" lon="-80.128823">
        <time>2026-08-19T21:20:09Z</time>
      </trkpt>
      <trkpt lat="8.599145" lon="-80.128842">
        <time>2026-08-19T21:20:10Z</time>
      </trkpt>
      <trkpt lat="8.599145" lon="-80.128864">
        <time>2026-08-19T21:20:11Z</time>
      </trkpt>
      <trkpt lat="8.599143" lon="-80.128885">
        <time>2026-08-19T21:20:12Z</time>
      </trkpt>
      <trkpt lat="8.599140" lon="-80.128906">
        <time>2026-08-19T21:20:13Z</time>
      </trkpt>
      <trkpt lat="8.599140" lon="-80.128932">
        <time>2026-08-19T21:20:14Z</time>
      </trkpt>
      <trkpt lat="8.599138" lon="-80.128952">
        <time>2026-08-19T21:20:15Z</time>
      </trkpt>
      <trkpt lat="8.599137" lon="-80.128973">
        <time>2026-08-19T21:20:16Z</time>
      </trkpt>
      <trkpt lat="8.599140" lon="-80.128996">
        <time>2026-08-19T21:20:17Z</time>
      </trkpt>
      <trkpt lat="8.599139" lon="-80.129015">
        <time>2026-08-19T21:20:18Z</time>
      </trkpt>
      <trkpt lat="8.599138" lon="-80.129036">
        <time>2026-08-19T21:20:19Z</time>
      </trkpt>
      <trkpt lat="8.599139" lon="-80.129058">
        <time>2026-08-19T21:20:20Z</time>
      </trkpt>
      <trkpt lat="8.599136" lon="-80.129079">
        <time>2026-08-19T21:20:21Z</time>
      </trkpt>
      <trkpt lat="8.599134" lon="-80.129100">
        <time>2026-08-19T21:20:22Z</time>
      </trkpt>
      <trkpt lat="8.599135" lon="-80.129124">
        <time>2026-08-19T21:20:23Z</time>
      </trkpt>
      <trkpt lat="8.599133" lon="-80.129147">
        <time>2026-08-19T21:20:24Z</time>
      </trkpt>
      <trkpt lat="8.599131" lon="-80.129170">
        <time>2026-08-19T21:20:25Z</time>
      </trkpt>
      <trkpt lat="8.599130" lon="-80.129191">
        <time>2026-08-19T21:20:26Z</time>
      </trkpt>
      <trkpt lat="8.599125" lon="-80.129209">
        <time>2026-08-19T21:20:27Z</time>
      </trkpt>
      <trkpt lat="8.599123" lon="-80.129230">
        <time>2026-08-19T21:20:28Z</time>
      </trkpt>
      <trkpt lat="8.599122" lon="-80.129252">
        <time>2026-08-19T21:20:29Z</time>
      </trkpt>
      <trkpt lat="8.599122" lon="-80.129272">
        <time>2026-08-19T21:20:30Z</time>
      </trkpt>
      <trkpt lat="8.599121" lon="-80.129291">
        <time>2026-08-19T21:20:31Z</time>
      </trkpt>
      <trkpt lat="8.599122" lon="-80.129313">
        <time>2026-08-19T21:20:32Z</time>
      </trkpt>
      <trkpt lat="8.599122" lon="-80.129334">
        <time>2026-08-19T21:20:33Z</time>
      </trkpt>
      <trkpt lat="8.599120" lon="-80.129356">
        <time>2026-08-19T21:20:34Z</time>
      </trkpt>
      <trkpt lat="8.599119" lon="-80.129378">
        <time>2026-08-19T21:20:35Z</time>
      </trkpt>
      <trkpt lat="8.599118" lon="-80.129399">
        <time>2026-08-19T21:20:36Z</time>
      </trkpt>
      <trkpt lat="8.599120" lon="-80.129421">
        <time>2026-08-19T21:20:37Z</time>
      </trkpt>
      <trkpt lat="8.599118" lon="-80.129445">
        <time>2026-08-19T21:20:38Z</time>
      </trkpt>
      <trkpt lat="8.599115" lon="-80.129468">
        <time>2026-08-19T21:20:39Z</time>
      </trkpt>
      <trkpt lat="8.599116" lon="-80.129490">
        <time>2026-08-19T21:20:40Z</time>
      </trkpt>
      <trkpt lat="8.599115" lon="-80.129514">
        <time>2026-08-19T21:20:41Z</time>
      </trkpt>
      <trkpt lat="8.599111" lon="-80.129534">
        <time>2026-08-19T21:20:42Z</time>
      </trkpt>
      <trkpt lat="8.599108" lon="-80.129554">
        <time>2026-08-19T21:20:43Z</time>
      </trkpt>
      <trkpt lat="8.599108" lon="-80.129575">
        <time>2026-08-19T21:20:44Z</time>
      </trkpt>
      <trkpt lat="8.599108" lon="-80.129597">
        <time>2026-08-19T21:20:45Z</time>
      </trkpt>
      <trkpt lat="8.599105" lon="-80.129620">
        <time>2026-08-19T21:20:46Z</time>
      </trkpt>
      <trkpt lat="8.599103" lon="-80.129641">
        <time>2026-08-19T21:20:47Z</time>
      </trkpt>
      <trkpt lat="8.599101" lon="-80.129663">
        <time>2026-08-19T21:20:48Z</time>
      </trkpt>
      <trkpt lat="8.599100" lon="-80.129681">
        <time>2026-08-19T21:20:49Z</time>
      </trkpt>
      <trkpt lat="8.599100" lon="-80.129702">
        <time>2026-08-19T21:20:50Z</time>
      </trkpt>
      <trkpt lat="8.599098" lon="-80.129720">
        <time>2026-08-19T21:20:51Z</time>
      </trkpt>
      <trkpt lat="8.599091" lon="-80.129738">
        <time>2026-08-19T21:20:52Z</time>
      </trkpt>
      <trkpt lat="8.599090" lon="-80.129761">
        <time>2026-08-19T21:20:53Z</time>
      </trkpt>
      <trkpt lat="8.599091" lon="-80.129781">
        <time>2026-08-19T21:20:54Z</time>
      </trkpt>
      <trkpt lat="8.599093" lon="-80.129801">
        <time>2026-08-19T21:20:55Z</time>
      </trkpt>
      <trkpt lat="8.599092" lon="-80.129821">
        <time>2026-08-19T21:20:56Z</time>
      </trkpt>
      <trkpt lat="8.599091" lon="-80.129840">
        <time>2026-08-19T21:20:57Z</time>
      </trkpt>
      <trkpt lat="8.599089" lon="-80.129860">
        <time>2026-08-19T21:20:58Z</time>
      </trkpt>
      <trkpt lat="8.599087" lon="-80.129881">
        <time>2026-08-19T21:20:59Z</time>
      </trkpt>
      <trkpt lat="8.599085" lon="-80.129901">
        <time>2026-08-19T21:21:00Z</time>
      </trkpt>
      <trkpt lat="8.599082" lon="-80.129923">
        <time>2026-08-19T21:21:01Z</time>
      </trkpt>
      <trkpt lat="8.599081" lon="-80.129947">
        <time>2026-08-19T21:21:02Z</time>
      </trkpt>
      <trkpt lat="8.599080" lon="-80.129971">
        <time>2026-08-19T21:21:03Z</time>
      </trkpt>
      <trkpt lat="8.599077" lon="-80.129993">
        <time>2026-08-19T21:21:04Z</time>
      </trkpt>
      <trkpt lat="8.599077" lon="-80.130015">
        <time>2026-08-19T21:21:05Z</time>
      </trkpt>
      <trkpt lat="8.599079" lon="-80.130038">
        <time>2026-08-19T21:21:06Z</time>
      </trkpt>
      <trkpt lat="8.599078" lon="-80.130057">
        <time>2026-08-19T21:21:07Z</time>
      </trkpt>
      <trkpt lat="8.599077" lon="-80.130076">
        <time>2026-08-19T21:21:08Z</time>
      </trkpt>
      <trkpt lat="8.599077" lon="-80.130099">
        <time>2026-08-19T21:21:09Z</time>
      </trkpt>
      <trkpt lat="8.599078" lon="-80.130120">
        <time>2026-08-19T21:21:10Z</time>
      </trkpt>
      <trkpt lat="8.599082" lon="-80.130141">
        <time>2026-08-19T21:21:11Z</time>
      </trkpt>
      <trkpt lat="8.599083" lon="-80.130164">
        <time>2026-08-19T21:21:12Z</time>
      </trkpt>
      <trkpt lat="8.599084" lon="-80.130185">
        <time>2026-08-19T21:21:13Z</time>
      </trkpt>
      <trkpt lat="8.599090" lon="-80.130210">
        <time>2026-08-19T21:21:14Z</time>
      </trkpt>
      <trkpt lat="8.599092" lon="-80.130230">
        <time>2026-08-19T21:21:15Z</time>
      </trkpt>
      <trkpt lat="8.599095" lon="-80.130250">
        <time>2026-08-19T21:21:16Z</time>
      </trkpt>
      <trkpt lat="8.599101" lon="-80.130272">
        <time>2026-08-19T21:21:17Z</time>
      </trkpt>
      <trkpt lat="8.599104" lon="-80.130292">
        <time>2026-08-19T21:21:18Z</time>
      </trkpt>
      <trkpt lat="8.599106" lon="-80.130312">
        <time>2026-08-19T21:21:19Z</time>
      </trkpt>
      <trkpt lat="8.599108" lon="-80.130335">
        <time>2026-08-19T21:21:20Z</time>
      </trkpt>
      <trkpt lat="8.599109" lon="-80.130357">
        <time>2026-08-19T21:21:21Z</time>
      </trkpt>
      <trkpt lat="8.599109" lon="-80.130378">
        <time>2026-08-19T21:21:22Z</time>
      </trkpt>
      <trkpt lat="8.599113" lon="-80.130399">
        <time>2026-08-19T21:21:23Z</time>
      </trkpt>
      <trkpt lat="8.599116" lon="-80.130420">
        <time>2026-08-19T21:21:24Z</time>
      </trkpt>
      <trkpt lat="8.599117" lon="-80.130442">
        <time>2026-08-19T21:21:25Z</time>
      </trkpt>
      <trkpt lat="8.599121" lon="-80.130466">
        <time>2026-08-19T21:21:26Z</time>
      </trkpt>
      <trkpt lat="8.599123" lon="-80.130488">
        <time>2026-08-19T21:21:27Z</time>
      </trkpt>
      <trkpt lat="8.599123" lon="-80.130507">
        <time>2026-08-19T21:21:28Z</time>
      </trkpt>
      <trkpt lat="8.599126" lon="-80.130530">
        <time>2026-08-19T21:21:29Z</time>
      </trkpt>
      <trkpt lat="8.599129" lon="-80.130553">
        <time>2026-08-19T21:21:30Z</time>
      </trkpt>
      <trkpt lat="8.599128" lon="-80.130573">
        <time>2026-08-19T21:21:31Z</time>
      </trkpt>
      <trkpt lat="8.599132" lon="-80.130596">
        <time>2026-08-19T21:21:32Z</time>
      </trkpt>
      <trkpt lat="8.599133" lon="-80.130615">
        <time>2026-08-19T21:21:33Z</time>
      </trkpt>
      <trkpt lat="8.599136" lon="-80.130635">
        <time>2026-08-19T21:21:34Z</time>
      </trkpt>
      <trkpt lat="8.599139" lon="-80.130657">
        <time>2026-08-19T21:21:35Z</time>
      </trkpt>
      <trkpt lat="8.599141" lon="-80.130679">
        <time>2026-08-19T21:21:36Z</time>
      </trkpt>
      <trkpt lat="8.599143" lon="-80.130701">
        <time>2026-08-19T21:21:37Z</time>
      </trkpt>
      <trkpt lat="8.599145" lon="-80.130724">
        <time>2026-08-19T21:21:38Z</time>
      </trkpt>
      <trkpt lat="8.599148" lon="-80.130746">
        <time>2026-08-19T21:21:39Z</time>
      </trkpt>
      <trkpt lat="8.599151" lon="-80.130768">
        <time>2026-08-19T21:21:40Z</time>
      </trkpt>
      <trkpt lat="8.599154" lon="-80.130791">
        <time>2026-08-19T21:21:41Z</time>
      </trkpt>
      <trkpt lat="8.599154" lon="-80.130811">
        <time>2026-08-19T21:21:42Z</time>
      </trkpt>
      <trkpt lat="8.599157" lon="-80.130833">
        <time>2026-08-19T21:21:43Z</time>
      </trkpt>
      <trkpt lat="8.599159" lon="-80.130854">
        <time>2026-08-19T21:21:44Z</time>
      </trkpt>
      <trkpt lat="8.599160" lon="-80.130874">
        <time>2026-08-19T21:21:45Z</time>
      </trkpt>
      <trkpt lat="8.599160" lon="-80.130895">
        <time>2026-08-19T21:21:46Z</time>
      </trkpt>
      <trkpt lat="8.599163" lon="-80.130916">
        <time>2026-08-19T21:21:47Z</time>
      </trkpt>
      <trkpt lat="8.599166" lon="-80.130936">
        <time>2026-08-19T21:21:48Z</time>
      </trkpt>
      <trkpt lat="8.599169" lon="-80.130956">
        <time>2026-08-19T21:21:49Z</time>
      </trkpt>
      <trkpt lat="8.599171" lon="-80.130977">
        <time>2026-08-19T21:21:50Z</time>
      </trkpt>
      <trkpt lat="8.599170" lon="-80.130996">
        <time>2026-08-19T21:21:51Z</time>
      </trkpt>
      <trkpt lat="8.599174" lon="-80.131018">
        <time>2026-08-19T21:21:52Z</time>
      </trkpt>
      <trkpt lat="8.599176" lon="-80.131040">
        <time>2026-08-19T21:21:53Z</time>
      </trkpt>
      <trkpt lat="8.599175" lon="-80.131058">
        <time>2026-08-19T21:21:54Z</time>
      </trkpt>
      <trkpt lat="8.599179" lon="-80.131078">
        <time>2026-08-19T21:21:55Z</time>
      </trkpt>
      <trkpt lat="8.599183" lon="-80.131098">
        <time>2026-08-19T21:21:56Z</time>
      </trkpt>
      <trkpt lat="8.599184" lon="-80.131117">
        <time>2026-08-19T21:21:57Z</time>
      </trkpt>
      <trkpt lat="8.599186" lon="-80.131138">
        <time>2026-08-19T21:21:58Z</time>
      </trkpt>
      <trkpt lat="8.599186" lon="-80.131159">
        <time>2026-08-19T21:21:59Z</time>
      </trkpt>
      <trkpt lat="8.599187" lon="-80.131180">
        <time>2026-08-19T21:22:00Z</time>
      </trkpt>
      <trkpt lat="8.599191" lon="-80.131204">
        <time>2026-08-19T21:22:01Z</time>
      </trkpt>
      <trkpt lat="8.599189" lon="-80.131226">
        <time>2026-08-19T21:22:02Z</time>
      </trkpt>
      <trkpt lat="8.599190" lon="-80.131249">
        <time>2026-08-19T21:22:03Z</time>
      </trkpt>
      <trkpt lat="8.599191" lon="-80.131273">
        <time>2026-08-19T21:22:04Z</time>
      </trkpt>
      <trkpt lat="8.599195" lon="-80.131298">
        <time>2026-08-19T21:22:05Z</time>
      </trkpt>
      <trkpt lat="8.599196" lon="-80.131320">
        <time>2026-08-19T21:22:06Z</time>
      </trkpt>
      <trkpt lat="8.599199" lon="-80.131345">
        <time>2026-08-19T21:22:07Z</time>
      </trkpt>
      <trkpt lat="8.599200" lon="-80.131368">
        <time>2026-08-19T21:22:08Z</time>
      </trkpt>
      <trkpt lat="8.599202" lon="-80.131391">
        <time>2026-08-19T21:22:09Z</time>
      </trkpt>
      <trkpt lat="8.599205" lon="-80.131414">
        <time>2026-08-19T21:22:10Z</time>
      </trkpt>
      <trkpt lat="8.599208" lon="-80.131437">
        <time>2026-08-19T21:22:11Z</time>
      </trkpt>
      <trkpt lat="8.599211" lon="-80.131458">
        <time>2026-08-19T21:22:12Z</time>
      </trkpt>
      <trkpt lat="8.599216" lon="-80.131478">
        <time>2026-08-19T21:22:13Z</time>
      </trkpt>
      <trkpt lat="8.599218" lon="-80.131493">
        <time>2026-08-19T21:22:14Z</time>
      </trkpt>
      <trkpt lat="8.599221" lon="-80.131513">
        <time>2026-08-19T21:22:15Z</time>
      </trkpt>
      <trkpt lat="8.599223" lon="-80.131535">
        <time>2026-08-19T21:22:16Z</time>
      </trkpt>
      <trkpt lat="8.599225" lon="-80.131556">
        <time>2026-08-19T21:22:17Z</time>
      </trkpt>
      <trkpt lat="8.599226" lon="-80.131578">
        <time>2026-08-19T21:22:18Z</time>
      </trkpt>
      <trkpt lat="8.599227" lon="-80.131603">
        <time>2026-08-19T21:22:19Z</time>
      </trkpt>
      <trkpt lat="8.599228" lon="-80.131627">
        <time>2026-08-19T21:22:20Z</time>
      </trkpt>
      <trkpt lat="8.599230" lon="-80.131650">
        <time>2026-08-19T21:22:21Z</time>
      </trkpt>
      <trkpt lat="8.599232" lon="-80.131673">
        <time>2026-08-19T21:22:22Z</time>
      </trkpt>
      <trkpt lat="8.599234" lon="-80.131694">
        <time>2026-08-19T21:22:23Z</time>
      </trkpt>
      <trkpt lat="8.599234" lon="-80.131715">
        <time>2026-08-19T21:22:24Z</time>
      </trkpt>
      <trkpt lat="8.599237" lon="-80.131736">
        <time>2026-08-19T21:22:25Z</time>
      </trkpt>
      <trkpt lat="8.599238" lon="-80.131756">
        <time>2026-08-19T21:22:26Z</time>
      </trkpt>
      <trkpt lat="8.599243" lon="-80.131777">
        <time>2026-08-19T21:22:27Z</time>
      </trkpt>
      <trkpt lat="8.599245" lon="-80.131800">
        <time>2026-08-19T21:22:28Z</time>
      </trkpt>
      <trkpt lat="8.599248" lon="-80.131820">
        <time>2026-08-19T21:22:29Z</time>
      </trkpt>
      <trkpt lat="8.599252" lon="-80.131842">
        <time>2026-08-19T21:22:30Z</time>
      </trkpt>
      <trkpt lat="8.599255" lon="-80.131867">
        <time>2026-08-19T21:22:31Z</time>
      </trkpt>
      <trkpt lat="8.599256" lon="-80.131888">
        <time>2026-08-19T21:22:32Z</time>
      </trkpt>
      <trkpt lat="8.599258" lon="-80.131908">
        <time>2026-08-19T21:22:33Z</time>
      </trkpt>
      <trkpt lat="8.599258" lon="-80.131930">
        <time>2026-08-19T21:22:34Z</time>
      </trkpt>
      <trkpt lat="8.599258" lon="-80.131953">
        <time>2026-08-19T21:22:35Z</time>
      </trkpt>
      <trkpt lat="8.599260" lon="-80.131978">
        <time>2026-08-19T21:22:36Z</time>
      </trkpt>
      <trkpt lat="8.599260" lon="-80.132001">
        <time>2026-08-19T21:22:37Z</time>
      </trkpt>
      <trkpt lat="8.599260" lon="-80.132021">
        <time>2026-08-19T21:22:38Z</time>
      </trkpt>
      <trkpt lat="8.599261" lon="-80.132044">
        <time>2026-08-19T21:22:39Z</time>
      </trkpt>
      <trkpt lat="8.599263" lon="-80.132067">
        <time>2026-08-19T21:22:40Z</time>
      </trkpt>
      <trkpt lat="8.599262" lon="-80.132087">
        <time>2026-08-19T21:22:41Z</time>
      </trkpt>
      <trkpt lat="8.599265" lon="-80.132108">
        <time>2026-08-19T21:22:42Z</time>
      </trkpt>
      <trkpt lat="8.599268" lon="-80.132130">
        <time>2026-08-19T21:22:43Z</time>
      </trkpt>
      <trkpt lat="8.599269" lon="-80.132151">
        <time>2026-08-19T21:22:44Z</time>
      </trkpt>
      <trkpt lat="8.599270" lon="-80.132173">
        <time>2026-08-19T21:22:45Z</time>
      </trkpt>
      <trkpt lat="8.599271" lon="-80.132196">
        <time>2026-08-19T21:22:46Z</time>
      </trkpt>
      <trkpt lat="8.599275" lon="-80.132216">
        <time>2026-08-19T21:22:47Z</time>
      </trkpt>
      <trkpt lat="8.599277" lon="-80.132237">
        <time>2026-08-19T21:22:48Z</time>
      </trkpt>
      <trkpt lat="8.599281" lon="-80.132258">
        <time>2026-08-19T21:22:49Z</time>
      </trkpt>
      <trkpt lat="8.599283" lon="-80.132280">
        <time>2026-08-19T21:22:50Z</time>
      </trkpt>
      <trkpt lat="8.599284" lon="-80.132302">
        <time>2026-08-19T21:22:51Z</time>
      </trkpt>
      <trkpt lat="8.599284" lon="-80.132327">
        <time>2026-08-19T21:22:52Z</time>
      </trkpt>
      <trkpt lat="8.599286" lon="-80.132349">
        <time>2026-08-19T21:22:53Z</time>
      </trkpt>
      <trkpt lat="8.599288" lon="-80.132371">
        <time>2026-08-19T21:22:54Z</time>
      </trkpt>
      <trkpt lat="8.599292" lon="-80.132395">
        <time>2026-08-19T21:22:55Z</time>
      </trkpt>
      <trkpt lat="8.599291" lon="-80.132417">
        <time>2026-08-19T21:22:56Z</time>
      </trkpt>
      <trkpt lat="8.599292" lon="-80.132440">
        <time>2026-08-19T21:22:57Z</time>
      </trkpt>
      <trkpt lat="8.599294" lon="-80.132463">
        <time>2026-08-19T21:22:58Z</time>
      </trkpt>
      <trkpt lat="8.599296" lon="-80.132484">
        <time>2026-08-19T21:22:59Z</time>
      </trkpt>
      <trkpt lat="8.599301" lon="-80.132507">
        <time>2026-08-19T21:23:00Z</time>
      </trkpt>
      <trkpt lat="8.599304" lon="-80.132527">
        <time>2026-08-19T21:23:01Z</time>
      </trkpt>
      <trkpt lat="8.599308" lon="-80.132549">
        <time>2026-08-19T21:23:02Z</time>
      </trkpt>
      <trkpt lat="8.599314" lon="-80.132571">
        <time>2026-08-19T21:23:03Z</time>
      </trkpt>
      <trkpt lat="8.599318" lon="-80.132591">
        <time>2026-08-19T21:23:04Z</time>
      </trkpt>
      <trkpt lat="8.599316" lon="-80.132610">
        <time>2026-08-19T21:23:05Z</time>
      </trkpt>
      <trkpt lat="8.599317" lon="-80.132629">
        <time>2026-08-19T21:23:06Z</time>
      </trkpt>
      <trkpt lat="8.599319" lon="-80.132647">
        <time>2026-08-19T21:23:07Z</time>
      </trkpt>
      <trkpt lat="8.599320" lon="-80.132665">
        <time>2026-08-19T21:23:08Z</time>
      </trkpt>
      <trkpt lat="8.599321" lon="-80.132686">
        <time>2026-08-19T21:23:09Z</time>
      </trkpt>
      <trkpt lat="8.599323" lon="-80.132706">
        <time>2026-08-19T21:23:10Z</time>
      </trkpt>
      <trkpt lat="8.599322" lon="-80.132725">
        <time>2026-08-19T21:23:11Z</time>
      </trkpt>
      <trkpt lat="8.599327" lon="-80.132748">
        <time>2026-08-19T21:23:12Z</time>
      </trkpt>
      <trkpt lat="8.599329" lon="-80.132769">
        <time>2026-08-19T21:23:13Z</time>
      </trkpt>
      <trkpt lat="8.599333" lon="-80.132791">
        <time>2026-08-19T21:23:14Z</time>
      </trkpt>
      <trkpt lat="8.599337" lon="-80.132812">
        <time>2026-08-19T21:23:15Z</time>
      </trkpt>
      <trkpt lat="8.599339" lon="-80.132830">
        <time>2026-08-19T21:23:16Z</time>
      </trkpt>
      <trkpt lat="8.599340" lon="-80.132848">
        <time>2026-08-19T21:23:17Z</time>
      </trkpt>
      <trkpt lat="8.599344" lon="-80.132869">
        <time>2026-08-19T21:23:18Z</time>
      </trkpt>
      <trkpt lat="8.599347" lon="-80.132887">
        <time>2026-08-19T21:23:19Z</time>
      </trkpt>
      <trkpt lat="8.599349" lon="-80.132906">
        <time>2026-08-19T21:23:20Z</time>
      </trkpt>
      <trkpt lat="8.599353" lon="-80.132929">
        <time>2026-08-19T21:23:21Z</time>
      </trkpt>
      <trkpt lat="8.599355" lon="-80.132953">
        <time>2026-08-19T21:23:22Z</time>
      </trkpt>
      <trkpt lat="8.599357" lon="-80.132975">
        <time>2026-08-19T21:23:23Z</time>
      </trkpt>
      <trkpt lat="8.599362" lon="-80.133000">
        <time>2026-08-19T21:23:24Z</time>
      </trkpt>
      <trkpt lat="8.599363" lon="-80.133021">
        <time>2026-08-19T21:23:25Z</time>
      </trkpt>
      <trkpt lat="8.599368" lon="-80.133045">
        <time>2026-08-19T21:23:26Z</time>
      </trkpt>
      <trkpt lat="8.599374" lon="-80.133069">
        <time>2026-08-19T21:23:27Z</time>
      </trkpt>
      <trkpt lat="8.599378" lon="-80.133089">
        <time>2026-08-19T21:23:28Z</time>
      </trkpt>
      <trkpt lat="8.599382" lon="-80.133109">
        <time>2026-08-19T21:23:29Z</time>
      </trkpt>
      <trkpt lat="8.599385" lon="-80.133129">
        <time>2026-08-19T21:23:30Z</time>
      </trkpt>
      <trkpt lat="8.599390" lon="-80.133146">
        <time>2026-08-19T21:23:31Z</time>
      </trkpt>
      <trkpt lat="8.599392" lon="-80.133164">
        <time>2026-08-19T21:23:32Z</time>
      </trkpt>
      <trkpt lat="8.599395" lon="-80.133182">
        <time>2026-08-19T21:23:33Z</time>
      </trkpt>
      <trkpt lat="8.599397" lon="-80.133202">
        <time>2026-08-19T21:23:34Z</time>
      </trkpt>
      <trkpt lat="8.599398" lon="-80.133222">
        <time>2026-08-19T21:23:35Z</time>
      </trkpt>
      <trkpt lat="8.599401" lon="-80.133245">
        <time>2026-08-19T21:23:36Z</time>
      </trkpt>
      <trkpt lat="8.599404" lon="-80.133267">
        <time>2026-08-19T21:23:37Z</time>
      </trkpt>
      <trkpt lat="8.599405" lon="-80.133288">
        <time>2026-08-19T21:23:38Z</time>
      </trkpt>
      <trkpt lat="8.599406" lon="-80.133311">
        <time>2026-08-19T21:23:39Z</time>
      </trkpt>
      <trkpt lat="8.599409" lon="-80.133332">
        <time>2026-08-19T21:23:40Z</time>
      </trkpt>
      <trkpt lat="8.599411" lon="-80.133353">
        <time>2026-08-19T21:23:41Z</time>
      </trkpt>
      <trkpt lat="8.599414" lon="-80.133375">
        <time>2026-08-19T21:23:42Z</time>
      </trkpt>
      <trkpt lat="8.599417" lon="-80.133397">
        <time>2026-08-19T21:23:43Z</time>
      </trkpt>
      <trkpt lat="8.599419" lon="-80.133420">
        <time>2026-08-19T21:23:44Z</time>
      </trkpt>
      <trkpt lat="8.599421" lon="-80.133443">
        <time>2026-08-19T21:23:45Z</time>
      </trkpt>
      <trkpt lat="8.599424" lon="-80.133463">
        <time>2026-08-19T21:23:46Z</time>
      </trkpt>
      <trkpt lat="8.599426" lon="-80.133484">
        <time>2026-08-19T21:23:47Z</time>
      </trkpt>
      <trkpt lat="8.599429" lon="-80.133508">
        <time>2026-08-19T21:23:48Z</time>
      </trkpt>
      <trkpt lat="8.599431" lon="-80.133528">
        <time>2026-08-19T21:23:49Z</time>
      </trkpt>
      <trkpt lat="8.599433" lon="-80.133547">
        <time>2026-08-19T21:23:50Z</time>
      </trkpt>
      <trkpt lat="8.599436" lon="-80.133570">
        <time>2026-08-19T21:23:51Z</time>
      </trkpt>
      <trkpt lat="8.599439" lon="-80.133591">
        <time>2026-08-19T21:23:52Z</time>
      </trkpt>
      <trkpt lat="8.599441" lon="-80.133610">
        <time>2026-08-19T21:23:53Z</time>
      </trkpt>
      <trkpt lat="8.599448" lon="-80.133632">
        <time>2026-08-19T21:23:54Z</time>
      </trkpt>
      <trkpt lat="8.599453" lon="-80.133650">
        <time>2026-08-19T21:23:55Z</time>
      </trkpt>
      <trkpt lat="8.599455" lon="-80.133670">
        <time>2026-08-19T21:23:56Z</time>
      </trkpt>
      <trkpt lat="8.599456" lon="-80.133688">
        <time>2026-08-19T21:23:57Z</time>
      </trkpt>
      <trkpt lat="8.599454" lon="-80.133702">
        <time>2026-08-19T21:23:58Z</time>
      </trkpt>
      <trkpt lat="8.599449" lon="-80.133715">
        <time>2026-08-19T21:23:59Z</time>
      </trkpt>
      <trkpt lat="8.599440" lon="-80.133731">
        <time>2026-08-19T21:24:00Z</time>
      </trkpt>
      <trkpt lat="8.599436" lon="-80.133733">
        <time>2026-08-19T21:24:01Z</time>
      </trkpt>
      <trkpt lat="8.599432" lon="-80.133735">
        <time>2026-08-19T21:24:02Z</time>
      </trkpt>
      <trkpt lat="8.599426" lon="-80.133735">
        <time>2026-08-19T21:24:03Z</time>
      </trkpt>
      <trkpt lat="8.599418" lon="-80.133740">
        <time>2026-08-19T21:24:04Z</time>
      </trkpt>
      <trkpt lat="8.599410" lon="-80.133742">
        <time>2026-08-19T21:24:05Z</time>
      </trkpt>
      <trkpt lat="8.599398" lon="-80.133741">
        <time>2026-08-19T21:24:06Z</time>
      </trkpt>
      <trkpt lat="8.599387" lon="-80.133739">
        <time>2026-08-19T21:24:07Z</time>
      </trkpt>
      <trkpt lat="8.599377" lon="-80.133736">
        <time>2026-08-19T21:24:08Z</time>
      </trkpt>
      <trkpt lat="8.599368" lon="-80.133728">
        <time>2026-08-19T21:24:09Z</time>
      </trkpt>
      <trkpt lat="8.599363" lon="-80.133723">
        <time>2026-08-19T21:24:10Z</time>
      </trkpt>
      <trkpt lat="8.599357" lon="-80.133712">
        <time>2026-08-19T21:24:11Z</time>
      </trkpt>
      <trkpt lat="8.599354" lon="-80.133703">
        <time>2026-08-19T21:24:12Z</time>
      </trkpt>
      <trkpt lat="8.599349" lon="-80.133692">
        <time>2026-08-19T21:24:13Z</time>
      </trkpt>
      <trkpt lat="8.599341" lon="-80.133684">
        <time>2026-08-19T21:24:14Z</time>
      </trkpt>
      <trkpt lat="8.599333" lon="-80.133677">
        <time>2026-08-19T21:24:15Z</time>
      </trkpt>
      <trkpt lat="8.599330" lon="-80.133670">
        <time>2026-08-19T21:24:16Z</time>
      </trkpt>
      <trkpt lat="8.599333" lon="-80.133656">
        <time>2026-08-19T21:24:17Z</time>
      </trkpt>
      <trkpt lat="8.599334" lon="-80.133641">
        <time>2026-08-19T21:24:18Z</time>
      </trkpt>
      <trkpt lat="8.599335" lon="-80.133626">
        <time>2026-08-19T21:24:19Z</time>
      </trkpt>
      <trkpt lat="8.599335" lon="-80.133615">
        <time>2026-08-19T21:24:20Z</time>
      </trkpt>
      <trkpt lat="8.599337" lon="-80.133607">
        <time>2026-08-19T21:24:21Z</time>
      </trkpt>
      <trkpt lat="8.599338" lon="-80.133599">
        <time>2026-08-19T21:24:22Z</time>
      </trkpt>
      <trkpt lat="8.599339" lon="-80.133597">
        <time>2026-08-19T21:24:23Z</time>
      </trkpt>
      <trkpt lat="8.599337" lon="-80.133591">
        <time>2026-08-19T21:24:24Z</time>
      </trkpt>
      <trkpt lat="8.599335" lon="-80.133589">
        <time>2026-08-19T21:24:25Z</time>
      </trkpt>
      <trkpt lat="8.599332" lon="-80.133587">
        <time>2026-08-19T21:24:26Z</time>
      </trkpt>
      <trkpt lat="8.599334" lon="-80.133585">
        <time>2026-08-19T21:24:27Z</time>
      </trkpt>
      <trkpt lat="8.599332" lon="-80.133585">
        <time>2026-08-19T21:24:28Z</time>
      </trkpt>
      <trkpt lat="8.599327" lon="-80.133584">
        <time>2026-08-19T21:24:29Z</time>
      </trkpt>
      <trkpt lat="8.599325" lon="-80.133586">
        <time>2026-08-19T21:24:30Z</time>
      </trkpt>
      <trkpt lat="8.599323" lon="-80.133587">
        <time>2026-08-19T21:24:31Z</time>
      </trkpt>
      <trkpt lat="8.599324" lon="-80.133587">
        <time>2026-08-19T21:24:32Z</time>
      </trkpt>
      <trkpt lat="8.599322" lon="-80.133583">
        <time>2026-08-19T21:24:33Z</time>
      </trkpt>
      <trkpt lat="8.599323" lon="-80.133589">
        <time>2026-08-19T21:24:34Z</time>
      </trkpt>
      <trkpt lat="8.599324" lon="-80.133592">
        <time>2026-08-19T21:24:35Z</time>
      </trkpt>
      <trkpt lat="8.599324" lon="-80.133592">
        <time>2026-08-19T21:24:36Z</time>
      </trkpt>
      <trkpt lat="8.599322" lon="-80.133593">
        <time>2026-08-19T21:24:37Z</time>
      </trkpt>
      <trkpt lat="8.599322" lon="-80.133593">
        <time>2026-08-19T21:24:38Z</time>
      </trkpt>
      <trkpt lat="8.599322" lon="-80.133593">
        <time>2026-08-19T21:24:39Z</time>
      </trkpt>
      <trkpt lat="8.599322" lon="-80.133593">
        <time>2026-08-19T21:24:40Z</time>
      </trkpt>
      <trkpt lat="8.599322" lon="-80.133593">
        <time>2026-08-19T21:24:41Z</time>
      </trkpt>
      <trkpt lat="8.599322" lon="-80.133593">
        <time>2026-08-19T21:24:42Z</time>
      </trkpt>
      <trkpt lat="8.599322" lon="-80.133593">
        <time>2026-08-19T21:24:43Z</time>
      </trkpt>
      <trkpt lat="8.599322" lon="-80.133593">
        <time>2026-08-19T21:24:44Z</time>
      </trkpt>
      <trkpt lat="8.599321" lon="-80.133593">
        <time>2026-08-19T21:24:45Z</time>
      </trkpt>
      <trkpt lat="8.599318" lon="-80.133599">
        <time>2026-08-19T21:24:46Z</time>
      </trkpt>
      <trkpt lat="8.599318" lon="-80.133610">
        <time>2026-08-19T21:24:47Z</time>
      </trkpt>
      <trkpt lat="8.599319" lon="-80.133615">
        <time>2026-08-19T21:24:48Z</time>
      </trkpt>
      <trkpt lat="8.599316" lon="-80.133621">
        <time>2026-08-19T21:24:49Z</time>
      </trkpt>
      <trkpt lat="8.599312" lon="-80.133627">
        <time>2026-08-19T21:24:50Z</time>
      </trkpt>
      <trkpt lat="8.599311" lon="-80.133625">
        <time>2026-08-19T21:24:51Z</time>
      </trkpt>
      <trkpt lat="8.599310" lon="-80.133624">
        <time>2026-08-19T21:24:52Z</time>
      </trkpt>
      <trkpt lat="8.599311" lon="-80.133628">
        <time>2026-08-19T21:24:53Z</time>
      </trkpt>
      <trkpt lat="8.599308" lon="-80.133629">
        <time>2026-08-19T21:24:54Z</time>
      </trkpt>
      <trkpt lat="8.599307" lon="-80.133640">
        <time>2026-08-19T21:24:55Z</time>
      </trkpt>
      <trkpt lat="8.599307" lon="-80.133652">
        <time>2026-08-19T21:24:56Z</time>
      </trkpt>
      <trkpt lat="8.599311" lon="-80.133665">
        <time>2026-08-19T21:24:57Z</time>
      </trkpt>
      <trkpt lat="8.599320" lon="-80.133680">
        <time>2026-08-19T21:24:58Z</time>
      </trkpt>
      <trkpt lat="8.599329" lon="-80.133691">
        <time>2026-08-19T21:24:59Z</time>
      </trkpt>
      <trkpt lat="8.599337" lon="-80.133701">
        <time>2026-08-19T21:25:00Z</time>
      </trkpt>
      <trkpt lat="8.599349" lon="-80.133713">
        <time>2026-08-19T21:25:01Z</time>
      </trkpt>
      <trkpt lat="8.599361" lon="-80.133727">
        <time>2026-08-19T21:25:02Z</time>
      </trkpt>
      <trkpt lat="8.599371" lon="-80.133740">
        <time>2026-08-19T21:25:03Z</time>
      </trkpt>
      <trkpt lat="8.599382" lon="-80.133752">
        <time>2026-08-19T21:25:04Z</time>
      </trkpt>
      <trkpt lat="8.599393" lon="-80.133758">
        <time>2026-08-19T21:25:05Z</time>
      </trkpt>
      <trkpt lat="8.599409" lon="-80.133758">
        <time>2026-08-19T21:25:06Z</time>
      </trkpt>
      <trkpt lat="8.599424" lon="-80.133750">
        <time>2026-08-19T21:25:07Z</time>
      </trkpt>
      <trkpt lat="8.599440" lon="-80.133748">
        <time>2026-08-19T21:25:08Z</time>
      </trkpt>
      <trkpt lat="8.599455" lon="-80.133748">
        <time>2026-08-19T21:25:09Z</time>
      </trkpt>
      <trkpt lat="8.599466" lon="-80.133751">
        <time>2026-08-19T21:25:10Z</time>
      </trkpt>
      <trkpt lat="8.599460" lon="-80.133747">
        <time>2026-08-19T21:25:11Z</time>
      </trkpt>
      <trkpt lat="8.599453" lon="-80.133746">
        <time>2026-08-19T21:25:12Z</time>
      </trkpt>
      <trkpt lat="8.599441" lon="-80.133748">
        <time>2026-08-19T21:25:13Z</time>
      </trkpt>
      <trkpt lat="8.599430" lon="-80.133750">
        <time>2026-08-19T21:25:14Z</time>
      </trkpt>
      <trkpt lat="8.599417" lon="-80.133751">
        <time>2026-08-19T21:25:15Z</time>
      </trkpt>
      <trkpt lat="8.599403" lon="-80.133752">
        <time>2026-08-19T21:25:16Z</time>
      </trkpt>
      <trkpt lat="8.599384" lon="-80.133758">
        <time>2026-08-19T21:25:17Z</time>
      </trkpt>
      <trkpt lat="8.599371" lon="-80.133763">
        <time>2026-08-19T21:25:18Z</time>
      </trkpt>
      <trkpt lat="8.599361" lon="-80.133768">
        <time>2026-08-19T21:25:19Z</time>
      </trkpt>
      <trkpt lat="8.599349" lon="-80.133772">
        <time>2026-08-19T21:25:20Z</time>
      </trkpt>
      <trkpt lat="8.599337" lon="-80.133775">
        <time>2026-08-19T21:25:21Z</time>
      </trkpt>
      <trkpt lat="8.599325" lon="-80.133779">
        <time>2026-08-19T21:25:22Z</time>
      </trkpt>
      <trkpt lat="8.599313" lon="-80.133780">
        <time>2026-08-19T21:25:23Z</time>
      </trkpt>
      <trkpt lat="8.599302" lon="-80.133779">
        <time>2026-08-19T21:25:24Z</time>
      </trkpt>
      <trkpt lat="8.599280" lon="-80.133778">
        <time>2026-08-19T21:25:25Z</time>
      </trkpt>
      <trkpt lat="8.599280" lon="-80.133778">
        <time>2026-08-19T21:25:26Z</time>
      </trkpt>
      <trkpt lat="8.599278" lon="-80.133776">
        <time>2026-08-19T21:25:27Z</time>
      </trkpt>
      <trkpt lat="8.599280" lon="-80.133768">
        <time>2026-08-19T21:25:28Z</time>
      </trkpt>
      <trkpt lat="8.599287" lon="-80.133766">
        <time>2026-08-19T21:25:29Z</time>
      </trkpt>
      <trkpt lat="8.599289" lon="-80.133771">
        <time>2026-08-19T21:25:30Z</time>
      </trkpt>
      <trkpt lat="8.599292" lon="-80.133776">
        <time>2026-08-19T21:25:31Z</time>
      </trkpt>
      <trkpt lat="8.599289" lon="-80.133779">
        <time>2026-08-19T21:25:32Z</time>
      </trkpt>
      <trkpt lat="8.599286" lon="-80.133779">
        <time>2026-08-19T21:25:33Z</time>
      </trkpt>
      <trkpt lat="8.599277" lon="-80.133781">
        <time>2026-08-19T21:25:34Z</time>
      </trkpt>
      <trkpt lat="8.599273" lon="-80.133783">
        <time>2026-08-19T21:25:35Z</time>
      </trkpt>
      <trkpt lat="8.599267" lon="-80.133790">
        <time>2026-08-19T21:25:36Z</time>
      </trkpt>
      <trkpt lat="8.599267" lon="-80.133790">
        <time>2026-08-19T21:25:37Z</time>
      </trkpt>
      <trkpt lat="8.599265" lon="-80.133794">
        <time>2026-08-19T21:25:38Z</time>
      </trkpt>
      <trkpt lat="8.599270" lon="-80.133794">
        <time>2026-08-19T21:25:39Z</time>
      </trkpt>
      <trkpt lat="8.599279" lon="-80.133792">
        <time>2026-08-19T21:25:40Z</time>
      </trkpt>
      <trkpt lat="8.599281" lon="-80.133790">
        <time>2026-08-19T21:25:41Z</time>
      </trkpt>
      <trkpt lat="8.599285" lon="-80.133790">
        <time>2026-08-19T21:25:42Z</time>
      </trkpt>
      <trkpt lat="8.599291" lon="-80.133790">
        <time>2026-08-19T21:25:43Z</time>
      </trkpt>
      <trkpt lat="8.599291" lon="-80.133792">
        <time>2026-08-19T21:25:44Z</time>
      </trkpt>
      <trkpt lat="8.599291" lon="-80.133792">
        <time>2026-08-19T21:25:45Z</time>
      </trkpt>
      <trkpt lat="8.599288" lon="-80.133793">
        <time>2026-08-19T21:25:46Z</time>
      </trkpt>
      <trkpt lat="8.599287" lon="-80.133794">
        <time>2026-08-19T21:25:47Z</time>
      </trkpt>
      <trkpt lat="8.599291" lon="-80.133794">
        <time>2026-08-19T21:25:48Z</time>
      </trkpt>
      <trkpt lat="8.599294" lon="-80.133795">
        <time>2026-08-19T21:25:49Z</time>
      </trkpt>
      <trkpt lat="8.599288" lon="-80.133798">
        <time>2026-08-19T21:25:50Z</time>
      </trkpt>
      <trkpt lat="8.599286" lon="-80.133799">
        <time>2026-08-19T21:25:51Z</time>
      </trkpt>
      <trkpt lat="8.599286" lon="-80.133800">
        <time>2026-08-19T21:25:52Z</time>
      </trkpt>
      <trkpt lat="8.599286" lon="-80.133800">
        <time>2026-08-19T21:25:53Z</time>
      </trkpt>
      <trkpt lat="8.599286" lon="-80.133798">
        <time>2026-08-19T21:25:54Z</time>
      </trkpt>
      <trkpt lat="8.599294" lon="-80.133796">
        <time>2026-08-19T21:25:55Z</time>
      </trkpt>
      <trkpt lat="8.599291" lon="-80.133790">
        <time>2026-08-19T21:25:56Z</time>
      </trkpt>
      <trkpt lat="8.599290" lon="-80.133782">
        <time>2026-08-19T21:25:57Z</time>
      </trkpt>
      <trkpt lat="8.599290" lon="-80.133768">
        <time>2026-08-19T21:25:58Z</time>
      </trkpt>
      <trkpt lat="8.599288" lon="-80.133758">
        <time>2026-08-19T21:25:59Z</time>
      </trkpt>
      <trkpt lat="8.599290" lon="-80.133749">
        <time>2026-08-19T21:26:00Z</time>
      </trkpt>
      <trkpt lat="8.599292" lon="-80.133740">
        <time>2026-08-19T21:26:01Z</time>
      </trkpt>
      <trkpt lat="8.599296" lon="-80.133729">
        <time>2026-08-19T21:26:02Z</time>
      </trkpt>
      <trkpt lat="8.599300" lon="-80.133716">
        <time>2026-08-19T21:26:03Z</time>
      </trkpt>
      <trkpt lat="8.599303" lon="-80.133703">
        <time>2026-08-19T21:26:04Z</time>
      </trkpt>
      <trkpt lat="8.599305" lon="-80.133689">
        <time>2026-08-19T21:26:05Z</time>
      </trkpt>
      <trkpt lat="8.599308" lon="-80.133677">
        <time>2026-08-19T21:26:06Z</time>
      </trkpt>
      <trkpt lat="8.599311" lon="-80.133668">
        <time>2026-08-19T21:26:07Z</time>
      </trkpt>
      <trkpt lat="8.599309" lon="-80.133654">
        <time>2026-08-19T21:26:08Z</time>
      </trkpt>
      <trkpt lat="8.599304" lon="-80.133636">
        <time>2026-08-19T21:26:09Z</time>
      </trkpt>
      <trkpt lat="8.599301" lon="-80.133624">
        <time>2026-08-19T21:26:10Z</time>
      </trkpt>
      <trkpt lat="8.599297" lon="-80.133607">
        <time>2026-08-19T21:26:11Z</time>
      </trkpt>
      <trkpt lat="8.599295" lon="-80.133593">
        <time>2026-08-19T21:26:12Z</time>
      </trkpt>
      <trkpt lat="8.599298" lon="-80.133581">
        <time>2026-08-19T21:26:13Z</time>
      </trkpt>
      <trkpt lat="8.599302" lon="-80.133575">
        <time>2026-08-19T21:26:14Z</time>
      </trkpt>
      <trkpt lat="8.599313" lon="-80.133570">
        <time>2026-08-19T21:26:15Z</time>
      </trkpt>
      <trkpt lat="8.599325" lon="-80.133566">
        <time>2026-08-19T21:26:16Z</time>
      </trkpt>
      <trkpt lat="8.599334" lon="-80.133562">
        <time>2026-08-19T21:26:17Z</time>
      </trkpt>
      <trkpt lat="8.599345" lon="-80.133556">
        <time>2026-08-19T21:26:18Z</time>
      </trkpt>
      <trkpt lat="8.599355" lon="-80.133549">
        <time>2026-08-19T21:26:19Z</time>
      </trkpt>
      <trkpt lat="8.599361" lon="-80.133546">
        <time>2026-08-19T21:26:20Z</time>
      </trkpt>
      <trkpt lat="8.599366" lon="-80.133547">
        <time>2026-08-19T21:26:21Z</time>
      </trkpt>
      <trkpt lat="8.599370" lon="-80.133547">
        <time>2026-08-19T21:26:22Z</time>
      </trkpt>
      <trkpt lat="8.599373" lon="-80.133544">
        <time>2026-08-19T21:26:23Z</time>
      </trkpt>
      <trkpt lat="8.599373" lon="-80.133546">
        <time>2026-08-19T21:26:24Z</time>
      </trkpt>
      <trkpt lat="8.599371" lon="-80.133551">
        <time>2026-08-19T21:26:25Z</time>
      </trkpt>
      <trkpt lat="8.599370" lon="-80.133552">
        <time>2026-08-19T21:26:26Z</time>
      </trkpt>
      <trkpt lat="8.599368" lon="-80.133554">
        <time>2026-08-19T21:26:27Z</time>
      </trkpt>
      <trkpt lat="8.599368" lon="-80.133558">
        <time>2026-08-19T21:26:28Z</time>
      </trkpt>
      <trkpt lat="8.599367" lon="-80.133560">
        <time>2026-08-19T21:26:29Z</time>
      </trkpt>
      <trkpt lat="8.599367" lon="-80.133562">
        <time>2026-08-19T21:26:30Z</time>
      </trkpt>
      <trkpt lat="8.599368" lon="-80.133562">
        <time>2026-08-19T21:26:31Z</time>
      </trkpt>
      <trkpt lat="8.599371" lon="-80.133557">
        <time>2026-08-19T21:26:32Z</time>
      </trkpt>
      <trkpt lat="8.599372" lon="-80.133557">
        <time>2026-08-19T21:26:33Z</time>
      </trkpt>
      <trkpt lat="8.599373" lon="-80.133557">
        <time>2026-08-19T21:26:34Z</time>
      </trkpt>
      <trkpt lat="8.599382" lon="-80.133555">
        <time>2026-08-19T21:26:35Z</time>
      </trkpt>
      <trkpt lat="8.599383" lon="-80.133560">
        <time>2026-08-19T21:26:36Z</time>
      </trkpt>
      <trkpt lat="8.599382" lon="-80.133560">
        <time>2026-08-19T21:26:37Z</time>
      </trkpt>
      <trkpt lat="8.599381" lon="-80.133558">
        <time>2026-08-19T21:26:38Z</time>
      </trkpt>
      <trkpt lat="8.599379" lon="-80.133556">
        <time>2026-08-19T21:26:39Z</time>
      </trkpt>
      <trkpt lat="8.599377" lon="-80.133559">
        <time>2026-08-19T21:26:40Z</time>
      </trkpt>
      <trkpt lat="8.599372" lon="-80.133561">
        <time>2026-08-19T21:26:41Z</time>
      </trkpt>
      <trkpt lat="8.599375" lon="-80.133555">
        <time>2026-08-19T21:26:42Z</time>
      </trkpt>
      <trkpt lat="8.599383" lon="-80.133548">
        <time>2026-08-19T21:26:43Z</time>
      </trkpt>
      <trkpt lat="8.599385" lon="-80.133542">
        <time>2026-08-19T21:26:44Z</time>
      </trkpt>
      <trkpt lat="8.599390" lon="-80.133536">
        <time>2026-08-19T21:26:45Z</time>
      </trkpt>
      <trkpt lat="8.599396" lon="-80.133533">
        <time>2026-08-19T21:26:46Z</time>
      </trkpt>
      <trkpt lat="8.599398" lon="-80.133531">
        <time>2026-08-19T21:26:47Z</time>
      </trkpt>
      <trkpt lat="8.599398" lon="-80.133527">
        <time>2026-08-19T21:26:48Z</time>
      </trkpt>
      <trkpt lat="8.599394" lon="-80.133521">
        <time>2026-08-19T21:26:49Z</time>
      </trkpt>
      <trkpt lat="8.599384" lon="-80.133519">
        <time>2026-08-19T21:26:50Z</time>
      </trkpt>
      <trkpt lat="8.599377" lon="-80.133517">
        <time>2026-08-19T21:26:51Z</time>
      </trkpt>
      <trkpt lat="8.599368" lon="-80.133516">
        <time>2026-08-19T21:26:52Z</time>
      </trkpt>
      <trkpt lat="8.599363" lon="-80.133515">
        <time>2026-08-19T21:26:53Z</time>
      </trkpt>
      <trkpt lat="8.599358" lon="-80.133515">
        <time>2026-08-19T21:26:54Z</time>
      </trkpt>
      <trkpt lat="8.599352" lon="-80.133514">
        <time>2026-08-19T21:26:55Z</time>
      </trkpt>
      <trkpt lat="8.599341" lon="-80.133515">
        <time>2026-08-19T21:26:56Z</time>
      </trkpt>
      <trkpt lat="8.599330" lon="-80.133520">
        <time>2026-08-19T21:26:57Z</time>
      </trkpt>
      <trkpt lat="8.599320" lon="-80.133532">
        <time>2026-08-19T21:26:58Z</time>
      </trkpt>
      <trkpt lat="8.599315" lon="-80.133546">
        <time>2026-08-19T21:26:59Z</time>
      </trkpt>
      <trkpt lat="8.599318" lon="-80.133560">
        <time>2026-08-19T21:27:00Z</time>
      </trkpt>
      <trkpt lat="8.599322" lon="-80.133576">
        <time>2026-08-19T21:27:01Z</time>
      </trkpt>
      <trkpt lat="8.599320" lon="-80.133582">
        <time>2026-08-19T21:27:02Z</time>
      </trkpt>
      <trkpt lat="8.599319" lon="-80.133592">
        <time>2026-08-19T21:27:03Z</time>
      </trkpt>
      <trkpt lat="8.599321" lon="-80.133604">
        <time>2026-08-19T21:27:04Z</time>
      </trkpt>
      <trkpt lat="8.599323" lon="-80.133612">
        <time>2026-08-19T21:27:05Z</time>
      </trkpt>
      <trkpt lat="8.599318" lon="-80.133622">
        <time>2026-08-19T21:27:06Z</time>
      </trkpt>
      <trkpt lat="8.599316" lon="-80.133631">
        <time>2026-08-19T21:27:07Z</time>
      </trkpt>
      <trkpt lat="8.599314" lon="-80.133641">
        <time>2026-08-19T21:27:08Z</time>
      </trkpt>
      <trkpt lat="8.599316" lon="-80.133654">
        <time>2026-08-19T21:27:09Z</time>
      </trkpt>
      <trkpt lat="8.599319" lon="-80.133666">
        <time>2026-08-19T21:27:10Z</time>
      </trkpt>
      <trkpt lat="8.599319" lon="-80.133673">
        <time>2026-08-19T21:27:11Z</time>
      </trkpt>
      <trkpt lat="8.599319" lon="-80.133681">
        <time>2026-08-19T21:27:12Z</time>
      </trkpt>
      <trkpt lat="8.599323" lon="-80.133695">
        <time>2026-08-19T21:27:13Z</time>
      </trkpt>
      <trkpt lat="8.599328" lon="-80.133706">
        <time>2026-08-19T21:27:14Z</time>
      </trkpt>
      <trkpt lat="8.599333" lon="-80.133718">
        <time>2026-08-19T21:27:15Z</time>
      </trkpt>
      <trkpt lat="8.599340" lon="-80.133730">
        <time>2026-08-19T21:27:16Z</time>
      </trkpt>
      <trkpt lat="8.599350" lon="-80.133739">
        <time>2026-08-19T21:27:17Z</time>
      </trkpt>
      <trkpt lat="8.599361" lon="-80.133747">
        <time>2026-08-19T21:27:18Z</time>
      </trkpt>
      <trkpt lat="8.599372" lon="-80.133753">
        <time>2026-08-19T21:27:19Z</time>
      </trkpt>
      <trkpt lat="8.599381" lon="-80.133759">
        <time>2026-08-19T21:27:20Z</time>
      </trkpt>
      <trkpt lat="8.599390" lon="-80.133764">
        <time>2026-08-19T21:27:21Z</time>
      </trkpt>
      <trkpt lat="8.599403" lon="-80.133770">
        <time>2026-08-19T21:27:22Z</time>
      </trkpt>
      <trkpt lat="8.599418" lon="-80.133769">
        <time>2026-08-19T21:27:23Z</time>
      </trkpt>
      <trkpt lat="8.599432" lon="-80.133760">
        <time>2026-08-19T21:27:24Z</time>
      </trkpt>
      <trkpt lat="8.599443" lon="-80.133760">
        <time>2026-08-19T21:27:25Z</time>
      </trkpt>
      <trkpt lat="8.599454" lon="-80.133758">
        <time>2026-08-19T21:27:26Z</time>
      </trkpt>
      <trkpt lat="8.599466" lon="-80.133757">
        <time>2026-08-19T21:27:27Z</time>
      </trkpt>
      <trkpt lat="8.599476" lon="-80.133761">
        <time>2026-08-19T21:27:28Z</time>
      </trkpt>
      <trkpt lat="8.599480" lon="-80.133772">
        <time>2026-08-19T21:27:29Z</time>
      </trkpt>
      <trkpt lat="8.599476" lon="-80.133784">
        <time>2026-08-19T21:27:30Z</time>
      </trkpt>
      <trkpt lat="8.599475" lon="-80.133792">
        <time>2026-08-19T21:27:31Z</time>
      </trkpt>
      <trkpt lat="8.599476" lon="-80.133803">
        <time>2026-08-19T21:27:32Z</time>
      </trkpt>
      <trkpt lat="8.599474" lon="-80.133810">
        <time>2026-08-19T21:27:33Z</time>
      </trkpt>
      <trkpt lat="8.599472" lon="-80.133825">
        <time>2026-08-19T21:27:34Z</time>
      </trkpt>
      <trkpt lat="8.599480" lon="-80.133839">
        <time>2026-08-19T21:27:35Z</time>
      </trkpt>
      <trkpt lat="8.599482" lon="-80.133852">
        <time>2026-08-19T21:27:36Z</time>
      </trkpt>
      <trkpt lat="8.599485" lon="-80.133868">
        <time>2026-08-19T21:27:37Z</time>
      </trkpt>
      <trkpt lat="8.599485" lon="-80.133883">
        <time>2026-08-19T21:27:38Z</time>
      </trkpt>
      <trkpt lat="8.599487" lon="-80.133903">
        <time>2026-08-19T21:27:39Z</time>
      </trkpt>
      <trkpt lat="8.599487" lon="-80.133921">
        <time>2026-08-19T21:27:40Z</time>
      </trkpt>
      <trkpt lat="8.599487" lon="-80.133937">
        <time>2026-08-19T21:27:41Z</time>
      </trkpt>
      <trkpt lat="8.599487" lon="-80.133958">
        <time>2026-08-19T21:27:42Z</time>
      </trkpt>
      <trkpt lat="8.599486" lon="-80.133978">
        <time>2026-08-19T21:27:43Z</time>
      </trkpt>
      <trkpt lat="8.599488" lon="-80.133997">
        <time>2026-08-19T21:27:44Z</time>
      </trkpt>
      <trkpt lat="8.599490" lon="-80.134017">
        <time>2026-08-19T21:27:45Z</time>
      </trkpt>
      <trkpt lat="8.599492" lon="-80.134037">
        <time>2026-08-19T21:27:46Z</time>
      </trkpt>
      <trkpt lat="8.599494" lon="-80.134058">
        <time>2026-08-19T21:27:47Z</time>
      </trkpt>
      <trkpt lat="8.599496" lon="-80.134080">
        <time>2026-08-19T21:27:48Z</time>
      </trkpt>
      <trkpt lat="8.599498" lon="-80.134103">
        <time>2026-08-19T21:27:49Z</time>
      </trkpt>
      <trkpt lat="8.599499" lon="-80.134124">
        <time>2026-08-19T21:27:50Z</time>
      </trkpt>
      <trkpt lat="8.599501" lon="-80.134146">
        <time>2026-08-19T21:27:51Z</time>
      </trkpt>
      <trkpt lat="8.599503" lon="-80.134164">
        <time>2026-08-19T21:27:52Z</time>
      </trkpt>
      <trkpt lat="8.599503" lon="-80.134181">
        <time>2026-08-19T21:27:53Z</time>
      </trkpt>
      <trkpt lat="8.599502" lon="-80.134198">
        <time>2026-08-19T21:27:54Z</time>
      </trkpt>
      <trkpt lat="8.599504" lon="-80.134217">
        <time>2026-08-19T21:27:55Z</time>
      </trkpt>
      <trkpt lat="8.599505" lon="-80.134236">
        <time>2026-08-19T21:27:56Z</time>
      </trkpt>
      <trkpt lat="8.599505" lon="-80.134257">
        <time>2026-08-19T21:27:57Z</time>
      </trkpt>
      <trkpt lat="8.599506" lon="-80.134278">
        <time>2026-08-19T21:27:58Z</time>
      </trkpt>
      <trkpt lat="8.599509" lon="-80.134299">
        <time>2026-08-19T21:27:59Z</time>
      </trkpt>
      <trkpt lat="8.599510" lon="-80.134320">
        <time>2026-08-19T21:28:00Z</time>
      </trkpt>
      <trkpt lat="8.599511" lon="-80.134340">
        <time>2026-08-19T21:28:01Z</time>
      </trkpt>
      <trkpt lat="8.599511" lon="-80.134359">
        <time>2026-08-19T21:28:02Z</time>
      </trkpt>
      <trkpt lat="8.599514" lon="-80.134380">
        <time>2026-08-19T21:28:03Z</time>
      </trkpt>
      <trkpt lat="8.599514" lon="-80.134400">
        <time>2026-08-19T21:28:04Z</time>
      </trkpt>
      <trkpt lat="8.599516" lon="-80.134421">
        <time>2026-08-19T21:28:05Z</time>
      </trkpt>
      <trkpt lat="8.599518" lon="-80.134444">
        <time>2026-08-19T21:28:06Z</time>
      </trkpt>
      <trkpt lat="8.599517" lon="-80.134463">
        <time>2026-08-19T21:28:07Z</time>
      </trkpt>
      <trkpt lat="8.599518" lon="-80.134482">
        <time>2026-08-19T21:28:08Z</time>
      </trkpt>
      <trkpt lat="8.599521" lon="-80.134505">
        <time>2026-08-19T21:28:09Z</time>
      </trkpt>
      <trkpt lat="8.599523" lon="-80.134528">
        <time>2026-08-19T21:28:10Z</time>
      </trkpt>
      <trkpt lat="8.599526" lon="-80.134546">
        <time>2026-08-19T21:28:11Z</time>
      </trkpt>
      <trkpt lat="8.599530" lon="-80.134565">
        <time>2026-08-19T21:28:12Z</time>
      </trkpt>
      <trkpt lat="8.599533" lon="-80.134587">
        <time>2026-08-19T21:28:13Z</time>
      </trkpt>
      <trkpt lat="8.599534" lon="-80.134605">
        <time>2026-08-19T21:28:14Z</time>
      </trkpt>
      <trkpt lat="8.599537" lon="-80.134624">
        <time>2026-08-19T21:28:15Z</time>
      </trkpt>
      <trkpt lat="8.599538" lon="-80.134643">
        <time>2026-08-19T21:28:16Z</time>
      </trkpt>
      <trkpt lat="8.599536" lon="-80.134662">
        <time>2026-08-19T21:28:17Z</time>
      </trkpt>
      <trkpt lat="8.599537" lon="-80.134682">
        <time>2026-08-19T21:28:18Z</time>
      </trkpt>
      <trkpt lat="8.599541" lon="-80.134702">
        <time>2026-08-19T21:28:19Z</time>
      </trkpt>
      <trkpt lat="8.599541" lon="-80.134720">
        <time>2026-08-19T21:28:20Z</time>
      </trkpt>
      <trkpt lat="8.599545" lon="-80.134740">
        <time>2026-08-19T21:28:21Z</time>
      </trkpt>
      <trkpt lat="8.599547" lon="-80.134761">
        <time>2026-08-19T21:28:22Z</time>
      </trkpt>
      <trkpt lat="8.599549" lon="-80.134781">
        <time>2026-08-19T21:28:23Z</time>
      </trkpt>
      <trkpt lat="8.599550" lon="-80.134802">
        <time>2026-08-19T21:28:24Z</time>
      </trkpt>
      <trkpt lat="8.599553" lon="-80.134824">
        <time>2026-08-19T21:28:25Z</time>
      </trkpt>
      <trkpt lat="8.599554" lon="-80.134843">
        <time>2026-08-19T21:28:26Z</time>
      </trkpt>
      <trkpt lat="8.599557" lon="-80.134864">
        <time>2026-08-19T21:28:27Z</time>
      </trkpt>
      <trkpt lat="8.599557" lon="-80.134885">
        <time>2026-08-19T21:28:28Z</time>
      </trkpt>
      <trkpt lat="8.599558" lon="-80.134906">
        <time>2026-08-19T21:28:29Z</time>
      </trkpt>
      <trkpt lat="8.599560" lon="-80.134927">
        <time>2026-08-19T21:28:30Z</time>
      </trkpt>
      <trkpt lat="8.599564" lon="-80.134950">
        <time>2026-08-19T21:28:31Z</time>
      </trkpt>
      <trkpt lat="8.599565" lon="-80.134970">
        <time>2026-08-19T21:28:32Z</time>
      </trkpt>
      <trkpt lat="8.599566" lon="-80.134991">
        <time>2026-08-19T21:28:33Z</time>
      </trkpt>
      <trkpt lat="8.599566" lon="-80.135012">
        <time>2026-08-19T21:28:34Z</time>
      </trkpt>
      <trkpt lat="8.599567" lon="-80.135033">
        <time>2026-08-19T21:28:35Z</time>
      </trkpt>
      <trkpt lat="8.599570" lon="-80.135054">
        <time>2026-08-19T21:28:36Z</time>
      </trkpt>
      <trkpt lat="8.599571" lon="-80.135077">
        <time>2026-08-19T21:28:37Z</time>
      </trkpt>
      <trkpt lat="8.599577" lon="-80.135100">
        <time>2026-08-19T21:28:38Z</time>
      </trkpt>
      <trkpt lat="8.599578" lon="-80.135122">
        <time>2026-08-19T21:28:39Z</time>
      </trkpt>
      <trkpt lat="8.599580" lon="-80.135145">
        <time>2026-08-19T21:28:40Z</time>
      </trkpt>
      <trkpt lat="8.599583" lon="-80.135165">
        <time>2026-08-19T21:28:41Z</time>
      </trkpt>
      <trkpt lat="8.599586" lon="-80.135186">
        <time>2026-08-19T21:28:42Z</time>
      </trkpt>
      <trkpt lat="8.599588" lon="-80.135206">
        <time>2026-08-19T21:28:43Z</time>
      </trkpt>
      <trkpt lat="8.599588" lon="-80.135224">
        <time>2026-08-19T21:28:44Z</time>
      </trkpt>
      <trkpt lat="8.599590" lon="-80.135243">
        <time>2026-08-19T21:28:45Z</time>
      </trkpt>
      <trkpt lat="8.599592" lon="-80.135264">
        <time>2026-08-19T21:28:46Z</time>
      </trkpt>
      <trkpt lat="8.599595" lon="-80.135283">
        <time>2026-08-19T21:28:47Z</time>
      </trkpt>
      <trkpt lat="8.599599" lon="-80.135303">
        <time>2026-08-19T21:28:48Z</time>
      </trkpt>
      <trkpt lat="8.599598" lon="-80.135324">
        <time>2026-08-19T21:28:49Z</time>
      </trkpt>
      <trkpt lat="8.599597" lon="-80.135345">
        <time>2026-08-19T21:28:50Z</time>
      </trkpt>
      <trkpt lat="8.599599" lon="-80.135367">
        <time>2026-08-19T21:28:51Z</time>
      </trkpt>
      <trkpt lat="8.599601" lon="-80.135386">
        <time>2026-08-19T21:28:52Z</time>
      </trkpt>
      <trkpt lat="8.599600" lon="-80.135406">
        <time>2026-08-19T21:28:53Z</time>
      </trkpt>
      <trkpt lat="8.599604" lon="-80.135426">
        <time>2026-08-19T21:28:54Z</time>
      </trkpt>
      <trkpt lat="8.599609" lon="-80.135447">
        <time>2026-08-19T21:28:55Z</time>
      </trkpt>
      <trkpt lat="8.599610" lon="-80.135468">
        <time>2026-08-19T21:28:56Z</time>
      </trkpt>
      <trkpt lat="8.599610" lon="-80.135489">
        <time>2026-08-19T21:28:57Z</time>
      </trkpt>
      <trkpt lat="8.599615" lon="-80.135510">
        <time>2026-08-19T21:28:58Z</time>
      </trkpt>
      <trkpt lat="8.599617" lon="-80.135531">
        <time>2026-08-19T21:28:59Z</time>
      </trkpt>
      <trkpt lat="8.599617" lon="-80.135553">
        <time>2026-08-19T21:29:00Z</time>
      </trkpt>
      <trkpt lat="8.599617" lon="-80.135573">
        <time>2026-08-19T21:29:01Z</time>
      </trkpt>
      <trkpt lat="8.599619" lon="-80.135595">
        <time>2026-08-19T21:29:02Z</time>
      </trkpt>
      <trkpt lat="8.599621" lon="-80.135618">
        <time>2026-08-19T21:29:03Z</time>
      </trkpt>
      <trkpt lat="8.599623" lon="-80.135640">
        <time>2026-08-19T21:29:04Z</time>
      </trkpt>
      <trkpt lat="8.599627" lon="-80.135665">
        <time>2026-08-19T21:29:05Z</time>
      </trkpt>
      <trkpt lat="8.599628" lon="-80.135686">
        <time>2026-08-19T21:29:06Z</time>
      </trkpt>
      <trkpt lat="8.599630" lon="-80.135708">
        <time>2026-08-19T21:29:07Z</time>
      </trkpt>
      <trkpt lat="8.599631" lon="-80.135730">
        <time>2026-08-19T21:29:08Z</time>
      </trkpt>
      <trkpt lat="8.599631" lon="-80.135748">
        <time>2026-08-19T21:29:09Z</time>
      </trkpt>
      <trkpt lat="8.599635" lon="-80.135768">
        <time>2026-08-19T21:29:10Z</time>
      </trkpt>
      <trkpt lat="8.599638" lon="-80.135787">
        <time>2026-08-19T21:29:11Z</time>
      </trkpt>
      <trkpt lat="8.599640" lon="-80.135806">
        <time>2026-08-19T21:29:12Z</time>
      </trkpt>
      <trkpt lat="8.599642" lon="-80.135824">
        <time>2026-08-19T21:29:13Z</time>
      </trkpt>
      <trkpt lat="8.599644" lon="-80.135845">
        <time>2026-08-19T21:29:14Z</time>
      </trkpt>
      <trkpt lat="8.599649" lon="-80.135869">
        <time>2026-08-19T21:29:15Z</time>
      </trkpt>
      <trkpt lat="8.599651" lon="-80.135890">
        <time>2026-08-19T21:29:16Z</time>
      </trkpt>
      <trkpt lat="8.599651" lon="-80.135910">
        <time>2026-08-19T21:29:17Z</time>
      </trkpt>
      <trkpt lat="8.599652" lon="-80.135930">
        <time>2026-08-19T21:29:18Z</time>
      </trkpt>
      <trkpt lat="8.599653" lon="-80.135949">
        <time>2026-08-19T21:29:19Z</time>
      </trkpt>
      <trkpt lat="8.599653" lon="-80.135970">
        <time>2026-08-19T21:29:20Z</time>
      </trkpt>
      <trkpt lat="8.599655" lon="-80.135992">
        <time>2026-08-19T21:29:21Z</time>
      </trkpt>
      <trkpt lat="8.599657" lon="-80.136012">
        <time>2026-08-19T21:29:22Z</time>
      </trkpt>
      <trkpt lat="8.599658" lon="-80.136032">
        <time>2026-08-19T21:29:23Z</time>
      </trkpt>
      <trkpt lat="8.599660" lon="-80.136054">
        <time>2026-08-19T21:29:24Z</time>
      </trkpt>
      <trkpt lat="8.599662" lon="-80.136074">
        <time>2026-08-19T21:29:25Z</time>
      </trkpt>
      <trkpt lat="8.599661" lon="-80.136094">
        <time>2026-08-19T21:29:26Z</time>
      </trkpt>
      <trkpt lat="8.599666" lon="-80.136117">
        <time>2026-08-19T21:29:27Z</time>
      </trkpt>
      <trkpt lat="8.599669" lon="-80.136138">
        <time>2026-08-19T21:29:28Z</time>
      </trkpt>
      <trkpt lat="8.599670" lon="-80.136159">
        <time>2026-08-19T21:29:29Z</time>
      </trkpt>
      <trkpt lat="8.599672" lon="-80.136181">
        <time>2026-08-19T21:29:30Z</time>
      </trkpt>
      <trkpt lat="8.599672" lon="-80.136201">
        <time>2026-08-19T21:29:31Z</time>
      </trkpt>
      <trkpt lat="8.599672" lon="-80.136222">
        <time>2026-08-19T21:29:32Z</time>
      </trkpt>
      <trkpt lat="8.599673" lon="-80.136243">
        <time>2026-08-19T21:29:33Z</time>
      </trkpt>
      <trkpt lat="8.599674" lon="-80.136262">
        <time>2026-08-19T21:29:34Z</time>
      </trkpt>
      <trkpt lat="8.599675" lon="-80.136280">
        <time>2026-08-19T21:29:35Z</time>
      </trkpt>
      <trkpt lat="8.599678" lon="-80.136302">
        <time>2026-08-19T21:29:36Z</time>
      </trkpt>
      <trkpt lat="8.599680" lon="-80.136322">
        <time>2026-08-19T21:29:37Z</time>
      </trkpt>
      <trkpt lat="8.599681" lon="-80.136342">
        <time>2026-08-19T21:29:38Z</time>
      </trkpt>
      <trkpt lat="8.599683" lon="-80.136364">
        <time>2026-08-19T21:29:39Z</time>
      </trkpt>
      <trkpt lat="8.599684" lon="-80.136384">
        <time>2026-08-19T21:29:40Z</time>
      </trkpt>
      <trkpt lat="8.599687" lon="-80.136405">
        <time>2026-08-19T21:29:41Z</time>
      </trkpt>
      <trkpt lat="8.599691" lon="-80.136426">
        <time>2026-08-19T21:29:42Z</time>
      </trkpt>
      <trkpt lat="8.599695" lon="-80.136445">
        <time>2026-08-19T21:29:43Z</time>
      </trkpt>
      <trkpt lat="8.599698" lon="-80.136463">
        <time>2026-08-19T21:29:44Z</time>
      </trkpt>
      <trkpt lat="8.599701" lon="-80.136484">
        <time>2026-08-19T21:29:45Z</time>
      </trkpt>
      <trkpt lat="8.599700" lon="-80.136505">
        <time>2026-08-19T21:29:46Z</time>
      </trkpt>
      <trkpt lat="8.599702" lon="-80.136526">
        <time>2026-08-19T21:29:47Z</time>
      </trkpt>
      <trkpt lat="8.599705" lon="-80.136550">
        <time>2026-08-19T21:29:48Z</time>
      </trkpt>
      <trkpt lat="8.599705" lon="-80.136571">
        <time>2026-08-19T21:29:49Z</time>
      </trkpt>
      <trkpt lat="8.599706" lon="-80.136594">
        <time>2026-08-19T21:29:50Z</time>
      </trkpt>
      <trkpt lat="8.599709" lon="-80.136617">
        <time>2026-08-19T21:29:51Z</time>
      </trkpt>
      <trkpt lat="8.599710" lon="-80.136640">
        <time>2026-08-19T21:29:52Z</time>
      </trkpt>
      <trkpt lat="8.599709" lon="-80.136662">
        <time>2026-08-19T21:29:53Z</time>
      </trkpt>
      <trkpt lat="8.599711" lon="-80.136686">
        <time>2026-08-19T21:29:54Z</time>
      </trkpt>
      <trkpt lat="8.599713" lon="-80.136708">
        <time>2026-08-19T21:29:55Z</time>
      </trkpt>
      <trkpt lat="8.599712" lon="-80.136729">
        <time>2026-08-19T21:29:56Z</time>
      </trkpt>
      <trkpt lat="8.599714" lon="-80.136750">
        <time>2026-08-19T21:29:57Z</time>
      </trkpt>
      <trkpt lat="8.599716" lon="-80.136769">
        <time>2026-08-19T21:29:58Z</time>
      </trkpt>
      <trkpt lat="8.599716" lon="-80.136788">
        <time>2026-08-19T21:29:59Z</time>
      </trkpt>
      <trkpt lat="8.599719" lon="-80.136809">
        <time>2026-08-19T21:30:00Z</time>
      </trkpt>
      <trkpt lat="8.599721" lon="-80.136830">
        <time>2026-08-19T21:30:01Z</time>
      </trkpt>
      <trkpt lat="8.599720" lon="-80.136849">
        <time>2026-08-19T21:30:02Z</time>
      </trkpt>
      <trkpt lat="8.599723" lon="-80.136868">
        <time>2026-08-19T21:30:03Z</time>
      </trkpt>
      <trkpt lat="8.599730" lon="-80.136893">
        <time>2026-08-19T21:30:04Z</time>
      </trkpt>
      <trkpt lat="8.599730" lon="-80.136914">
        <time>2026-08-19T21:30:05Z</time>
      </trkpt>
      <trkpt lat="8.599731" lon="-80.136935">
        <time>2026-08-19T21:30:06Z</time>
      </trkpt>
      <trkpt lat="8.599735" lon="-80.136956">
        <time>2026-08-19T21:30:07Z</time>
      </trkpt>
      <trkpt lat="8.599736" lon="-80.136974">
        <time>2026-08-19T21:30:08Z</time>
      </trkpt>
      <trkpt lat="8.599740" lon="-80.136998">
        <time>2026-08-19T21:30:09Z</time>
      </trkpt>
      <trkpt lat="8.599741" lon="-80.137019">
        <time>2026-08-19T21:30:10Z</time>
      </trkpt>
      <trkpt lat="8.599744" lon="-80.137043">
        <time>2026-08-19T21:30:11Z</time>
      </trkpt>
      <trkpt lat="8.599745" lon="-80.137067">
        <time>2026-08-19T21:30:12Z</time>
      </trkpt>
      <trkpt lat="8.599748" lon="-80.137091">
        <time>2026-08-19T21:30:13Z</time>
      </trkpt>
      <trkpt lat="8.599749" lon="-80.137112">
        <time>2026-08-19T21:30:14Z</time>
      </trkpt>
      <trkpt lat="8.599752" lon="-80.137134">
        <time>2026-08-19T21:30:15Z</time>
      </trkpt>
      <trkpt lat="8.599755" lon="-80.137156">
        <time>2026-08-19T21:30:16Z</time>
      </trkpt>
      <trkpt lat="8.599758" lon="-80.137178">
        <time>2026-08-19T21:30:17Z</time>
      </trkpt>
      <trkpt lat="8.599759" lon="-80.137200">
        <time>2026-08-19T21:30:18Z</time>
      </trkpt>
      <trkpt lat="8.599761" lon="-80.137224">
        <time>2026-08-19T21:30:19Z</time>
      </trkpt>
      <trkpt lat="8.599764" lon="-80.137247">
        <time>2026-08-19T21:30:20Z</time>
      </trkpt>
      <trkpt lat="8.599766" lon="-80.137270">
        <time>2026-08-19T21:30:21Z</time>
      </trkpt>
      <trkpt lat="8.599772" lon="-80.137291">
        <time>2026-08-19T21:30:22Z</time>
      </trkpt>
      <trkpt lat="8.599785" lon="-80.137309">
        <time>2026-08-19T21:30:23Z</time>
      </trkpt>
      <trkpt lat="8.599799" lon="-80.137326">
        <time>2026-08-19T21:30:24Z</time>
      </trkpt>
      <trkpt lat="8.599814" lon="-80.137344">
        <time>2026-08-19T21:30:25Z</time>
      </trkpt>
      <trkpt lat="8.599833" lon="-80.137361">
        <time>2026-08-19T21:30:26Z</time>
      </trkpt>
      <trkpt lat="8.599851" lon="-80.137374">
        <time>2026-08-19T21:30:27Z</time>
      </trkpt>
      <trkpt lat="8.599870" lon="-80.137389">
        <time>2026-08-19T21:30:28Z</time>
      </trkpt>
      <trkpt lat="8.599888" lon="-80.137401">
        <time>2026-08-19T21:30:29Z</time>
      </trkpt>
      <trkpt lat="8.599906" lon="-80.137411">
        <time>2026-08-19T21:30:30Z</time>
      </trkpt>
      <trkpt lat="8.599926" lon="-80.137414">
        <time>2026-08-19T21:30:31Z</time>
      </trkpt>
      <trkpt lat="8.599943" lon="-80.137416">
        <time>2026-08-19T21:30:32Z</time>
      </trkpt>
      <trkpt lat="8.599962" lon="-80.137418">
        <time>2026-08-19T21:30:33Z</time>
      </trkpt>
      <trkpt lat="8.599979" lon="-80.137418">
        <time>2026-08-19T21:30:34Z</time>
      </trkpt>
      <trkpt lat="8.599993" lon="-80.137420">
        <time>2026-08-19T21:30:35Z</time>
      </trkpt>
      <trkpt lat="8.600008" lon="-80.137419">
        <time>2026-08-19T21:30:36Z</time>
      </trkpt>
      <trkpt lat="8.600023" lon="-80.137420">
        <time>2026-08-19T21:30:37Z</time>
      </trkpt>
      <trkpt lat="8.600039" lon="-80.137422">
        <time>2026-08-19T21:30:38Z</time>
      </trkpt>
      <trkpt lat="8.600055" lon="-80.137424">
        <time>2026-08-19T21:30:39Z</time>
      </trkpt>
      <trkpt lat="8.600071" lon="-80.137427">
        <time>2026-08-19T21:30:40Z</time>
      </trkpt>
      <trkpt lat="8.600089" lon="-80.137430">
        <time>2026-08-19T21:30:41Z</time>
      </trkpt>
      <trkpt lat="8.600105" lon="-80.137433">
        <time>2026-08-19T21:30:42Z</time>
      </trkpt>
      <trkpt lat="8.600124" lon="-80.137434">
        <time>2026-08-19T21:30:43Z</time>
      </trkpt>
      <trkpt lat="8.600141" lon="-80.137432">
        <time>2026-08-19T21:30:44Z</time>
      </trkpt>
      <trkpt lat="8.600160" lon="-80.137431">
        <time>2026-08-19T21:30:45Z</time>
      </trkpt>
      <trkpt lat="8.600180" lon="-80.137431">
        <time>2026-08-19T21:30:46Z</time>
      </trkpt>
      <trkpt lat="8.600203" lon="-80.137428">
        <time>2026-08-19T21:30:47Z</time>
      </trkpt>
      <trkpt lat="8.600226" lon="-80.137430">
        <time>2026-08-19T21:30:48Z</time>
      </trkpt>
      <trkpt lat="8.600248" lon="-80.137429">
        <time>2026-08-19T21:30:49Z</time>
      </trkpt>
      <trkpt lat="8.600275" lon="-80.137425">
        <time>2026-08-19T21:30:50Z</time>
      </trkpt>
      <trkpt lat="8.600299" lon="-80.137426">
        <time>2026-08-19T21:30:51Z</time>
      </trkpt>
      <trkpt lat="8.600321" lon="-80.137425">
        <time>2026-08-19T21:30:52Z</time>
      </trkpt>
      <trkpt lat="8.600343" lon="-80.137421">
        <time>2026-08-19T21:30:53Z</time>
      </trkpt>
      <trkpt lat="8.600364" lon="-80.137416">
        <time>2026-08-19T21:30:54Z</time>
      </trkpt>
      <trkpt lat="8.600386" lon="-80.137411">
        <time>2026-08-19T21:30:55Z</time>
      </trkpt>
      <trkpt lat="8.600407" lon="-80.137407">
        <time>2026-08-19T21:30:56Z</time>
      </trkpt>
      <trkpt lat="8.600431" lon="-80.137402">
        <time>2026-08-19T21:30:57Z</time>
      </trkpt>
      <trkpt lat="8.600448" lon="-80.137396">
        <time>2026-08-19T21:30:58Z</time>
      </trkpt>
      <trkpt lat="8.600470" lon="-80.137392">
        <time>2026-08-19T21:30:59Z</time>
      </trkpt>
      <trkpt lat="8.600494" lon="-80.137385">
        <time>2026-08-19T21:31:00Z</time>
      </trkpt>
      <trkpt lat="8.600514" lon="-80.137380">
        <time>2026-08-19T21:31:01Z</time>
      </trkpt>
      <trkpt lat="8.600531" lon="-80.137374">
        <time>2026-08-19T21:31:02Z</time>
      </trkpt>
      <trkpt lat="8.600551" lon="-80.137365">
        <time>2026-08-19T21:31:03Z</time>
      </trkpt>
      <trkpt lat="8.600570" lon="-80.137357">
        <time>2026-08-19T21:31:04Z</time>
      </trkpt>
      <trkpt lat="8.600587" lon="-80.137353">
        <time>2026-08-19T21:31:05Z</time>
      </trkpt>
      <trkpt lat="8.600607" lon="-80.137345">
        <time>2026-08-19T21:31:06Z</time>
      </trkpt>
      <trkpt lat="8.600625" lon="-80.137340">
        <time>2026-08-19T21:31:07Z</time>
      </trkpt>
      <trkpt lat="8.600644" lon="-80.137335">
        <time>2026-08-19T21:31:08Z</time>
      </trkpt>
      <trkpt lat="8.600667" lon="-80.137330">
        <time>2026-08-19T21:31:09Z</time>
      </trkpt>
      <trkpt lat="8.600687" lon="-80.137329">
        <time>2026-08-19T21:31:10Z</time>
      </trkpt>
      <trkpt lat="8.600705" lon="-80.137322">
        <time>2026-08-19T21:31:11Z</time>
      </trkpt>
      <trkpt lat="8.600723" lon="-80.137322">
        <time>2026-08-19T21:31:12Z</time>
      </trkpt>
      <trkpt lat="8.600740" lon="-80.137309">
        <time>2026-08-19T21:31:13Z</time>
      </trkpt>
      <trkpt lat="8.600756" lon="-80.137299">
        <time>2026-08-19T21:31:14Z</time>
      </trkpt>
      <trkpt lat="8.600773" lon="-80.137297">
        <time>2026-08-19T21:31:15Z</time>
      </trkpt>
      <trkpt lat="8.600791" lon="-80.137298">
        <time>2026-08-19T21:31:16Z</time>
      </trkpt>
      <trkpt lat="8.600812" lon="-80.137295">
        <time>2026-08-19T21:31:17Z</time>
      </trkpt>
      <trkpt lat="8.600834" lon="-80.137289">
        <time>2026-08-19T21:31:18Z</time>
      </trkpt>
      <trkpt lat="8.600859" lon="-80.137286">
        <time>2026-08-19T21:31:19Z</time>
      </trkpt>
      <trkpt lat="8.600878" lon="-80.137284">
        <time>2026-08-19T21:31:20Z</time>
      </trkpt>
      <trkpt lat="8.600898" lon="-80.137280">
        <time>2026-08-19T21:31:21Z</time>
      </trkpt>
      <trkpt lat="8.600919" lon="-80.137276">
        <time>2026-08-19T21:31:22Z</time>
      </trkpt>
      <trkpt lat="8.600937" lon="-80.137272">
        <time>2026-08-19T21:31:23Z</time>
      </trkpt>
      <trkpt lat="8.600954" lon="-80.137263">
        <time>2026-08-19T21:31:24Z</time>
      </trkpt>
      <trkpt lat="8.600975" lon="-80.137257">
        <time>2026-08-19T21:31:25Z</time>
      </trkpt>
      <trkpt lat="8.600994" lon="-80.137252">
        <time>2026-08-19T21:31:26Z</time>
      </trkpt>
      <trkpt lat="8.601013" lon="-80.137251">
        <time>2026-08-19T21:31:27Z</time>
      </trkpt>
      <trkpt lat="8.601034" lon="-80.137246">
        <time>2026-08-19T21:31:28Z</time>
      </trkpt>
      <trkpt lat="8.601054" lon="-80.137245">
        <time>2026-08-19T21:31:29Z</time>
      </trkpt>
      <trkpt lat="8.601074" lon="-80.137245">
        <time>2026-08-19T21:31:30Z</time>
      </trkpt>
      <trkpt lat="8.601095" lon="-80.137243">
        <time>2026-08-19T21:31:31Z</time>
      </trkpt>
      <trkpt lat="8.601116" lon="-80.137241">
        <time>2026-08-19T21:31:32Z</time>
      </trkpt>
      <trkpt lat="8.601135" lon="-80.137241">
        <time>2026-08-19T21:31:33Z</time>
      </trkpt>
      <trkpt lat="8.601157" lon="-80.137240">
        <time>2026-08-19T21:31:34Z</time>
      </trkpt>
      <trkpt lat="8.601180" lon="-80.137240">
        <time>2026-08-19T21:31:35Z</time>
      </trkpt>
      <trkpt lat="8.601202" lon="-80.137241">
        <time>2026-08-19T21:31:36Z</time>
      </trkpt>
      <trkpt lat="8.601225" lon="-80.137242">
        <time>2026-08-19T21:31:37Z</time>
      </trkpt>
      <trkpt lat="8.601246" lon="-80.137243">
        <time>2026-08-19T21:31:38Z</time>
      </trkpt>
      <trkpt lat="8.601266" lon="-80.137243">
        <time>2026-08-19T21:31:39Z</time>
      </trkpt>
      <trkpt lat="8.601291" lon="-80.137240">
        <time>2026-08-19T21:31:40Z</time>
      </trkpt>
      <trkpt lat="8.601312" lon="-80.137238">
        <time>2026-08-19T21:31:41Z</time>
      </trkpt>
      <trkpt lat="8.601330" lon="-80.137240">
        <time>2026-08-19T21:31:42Z</time>
      </trkpt>
      <trkpt lat="8.601349" lon="-80.137237">
        <time>2026-08-19T21:31:43Z</time>
      </trkpt>
      <trkpt lat="8.601371" lon="-80.137232">
        <time>2026-08-19T21:31:44Z</time>
      </trkpt>
      <trkpt lat="8.601388" lon="-80.137232">
        <time>2026-08-19T21:31:45Z</time>
      </trkpt>
      <trkpt lat="8.601410" lon="-80.137231">
        <time>2026-08-19T21:31:46Z</time>
      </trkpt>
      <trkpt lat="8.601431" lon="-80.137228">
        <time>2026-08-19T21:31:47Z</time>
      </trkpt>
      <trkpt lat="8.601449" lon="-80.137229">
        <time>2026-08-19T21:31:48Z</time>
      </trkpt>
      <trkpt lat="8.601468" lon="-80.137227">
        <time>2026-08-19T21:31:49Z</time>
      </trkpt>
      <trkpt lat="8.601487" lon="-80.137225">
        <time>2026-08-19T21:31:50Z</time>
      </trkpt>
      <trkpt lat="8.601506" lon="-80.137224">
        <time>2026-08-19T21:31:51Z</time>
      </trkpt>
      <trkpt lat="8.601528" lon="-80.137220">
        <time>2026-08-19T21:31:52Z</time>
      </trkpt>
      <trkpt lat="8.601549" lon="-80.137218">
        <time>2026-08-19T21:31:53Z</time>
      </trkpt>
      <trkpt lat="8.601568" lon="-80.137215">
        <time>2026-08-19T21:31:54Z</time>
      </trkpt>
      <trkpt lat="8.601589" lon="-80.137213">
        <time>2026-08-19T21:31:55Z</time>
      </trkpt>
      <trkpt lat="8.601611" lon="-80.137212">
        <time>2026-08-19T21:31:56Z</time>
      </trkpt>
      <trkpt lat="8.601626" lon="-80.137212">
        <time>2026-08-19T21:31:57Z</time>
      </trkpt>
      <trkpt lat="8.601646" lon="-80.137209">
        <time>2026-08-19T21:31:58Z</time>
      </trkpt>
      <trkpt lat="8.601668" lon="-80.137205">
        <time>2026-08-19T21:31:59Z</time>
      </trkpt>
      <trkpt lat="8.601690" lon="-80.137202">
        <time>2026-08-19T21:32:00Z</time>
      </trkpt>
      <trkpt lat="8.601711" lon="-80.137198">
        <time>2026-08-19T21:32:01Z</time>
      </trkpt>
      <trkpt lat="8.601735" lon="-80.137193">
        <time>2026-08-19T21:32:02Z</time>
      </trkpt>
      <trkpt lat="8.601758" lon="-80.137191">
        <time>2026-08-19T21:32:03Z</time>
      </trkpt>
      <trkpt lat="8.601779" lon="-80.137190">
        <time>2026-08-19T21:32:04Z</time>
      </trkpt>
      <trkpt lat="8.601801" lon="-80.137184">
        <time>2026-08-19T21:32:05Z</time>
      </trkpt>
      <trkpt lat="8.601821" lon="-80.137183">
        <time>2026-08-19T21:32:06Z</time>
      </trkpt>
      <trkpt lat="8.601839" lon="-80.137179">
        <time>2026-08-19T21:32:07Z</time>
      </trkpt>
      <trkpt lat="8.601858" lon="-80.137176">
        <time>2026-08-19T21:32:08Z</time>
      </trkpt>
      <trkpt lat="8.601876" lon="-80.137177">
        <time>2026-08-19T21:32:09Z</time>
      </trkpt>
      <trkpt lat="8.601891" lon="-80.137175">
        <time>2026-08-19T21:32:10Z</time>
      </trkpt>
      <trkpt lat="8.601910" lon="-80.137170">
        <time>2026-08-19T21:32:11Z</time>
      </trkpt>
      <trkpt lat="8.601929" lon="-80.137164">
        <time>2026-08-19T21:32:12Z</time>
      </trkpt>
      <trkpt lat="8.601946" lon="-80.137167">
        <time>2026-08-19T21:32:13Z</time>
      </trkpt>
      <trkpt lat="8.601966" lon="-80.137160">
        <time>2026-08-19T21:32:14Z</time>
      </trkpt>
      <trkpt lat="8.601985" lon="-80.137158">
        <time>2026-08-19T21:32:15Z</time>
      </trkpt>
      <trkpt lat="8.602001" lon="-80.137157">
        <time>2026-08-19T21:32:16Z</time>
      </trkpt>
      <trkpt lat="8.602019" lon="-80.137152">
        <time>2026-08-19T21:32:17Z</time>
      </trkpt>
      <trkpt lat="8.602039" lon="-80.137149">
        <time>2026-08-19T21:32:18Z</time>
      </trkpt>
      <trkpt lat="8.602059" lon="-80.137145">
        <time>2026-08-19T21:32:19Z</time>
      </trkpt>
      <trkpt lat="8.602078" lon="-80.137145">
        <time>2026-08-19T21:32:20Z</time>
      </trkpt>
      <trkpt lat="8.602099" lon="-80.137141">
        <time>2026-08-19T21:32:21Z</time>
      </trkpt>
      <trkpt lat="8.602119" lon="-80.137138">
        <time>2026-08-19T21:32:22Z</time>
      </trkpt>
      <trkpt lat="8.602139" lon="-80.137135">
        <time>2026-08-19T21:32:23Z</time>
      </trkpt>
      <trkpt lat="8.602159" lon="-80.137132">
        <time>2026-08-19T21:32:24Z</time>
      </trkpt>
      <trkpt lat="8.602178" lon="-80.137130">
        <time>2026-08-19T21:32:25Z</time>
      </trkpt>
      <trkpt lat="8.602197" lon="-80.137129">
        <time>2026-08-19T21:32:26Z</time>
      </trkpt>
      <trkpt lat="8.602218" lon="-80.137124">
        <time>2026-08-19T21:32:27Z</time>
      </trkpt>
      <trkpt lat="8.602239" lon="-80.137121">
        <time>2026-08-19T21:32:28Z</time>
      </trkpt>
      <trkpt lat="8.602258" lon="-80.137117">
        <time>2026-08-19T21:32:29Z</time>
      </trkpt>
      <trkpt lat="8.602278" lon="-80.137113">
        <time>2026-08-19T21:32:30Z</time>
      </trkpt>
      <trkpt lat="8.602295" lon="-80.137110">
        <time>2026-08-19T21:32:31Z</time>
      </trkpt>
      <trkpt lat="8.602311" lon="-80.137108">
        <time>2026-08-19T21:32:32Z</time>
      </trkpt>
      <trkpt lat="8.602328" lon="-80.137107">
        <time>2026-08-19T21:32:33Z</time>
      </trkpt>
      <trkpt lat="8.602350" lon="-80.137101">
        <time>2026-08-19T21:32:34Z</time>
      </trkpt>
      <trkpt lat="8.602370" lon="-80.137097">
        <time>2026-08-19T21:32:35Z</time>
      </trkpt>
      <trkpt lat="8.602389" lon="-80.137093">
        <time>2026-08-19T21:32:36Z</time>
      </trkpt>
      <trkpt lat="8.602408" lon="-80.137092">
        <time>2026-08-19T21:32:37Z</time>
      </trkpt>
      <trkpt lat="8.602428" lon="-80.137088">
        <time>2026-08-19T21:32:38Z</time>
      </trkpt>
      <trkpt lat="8.602445" lon="-80.137086">
        <time>2026-08-19T21:32:39Z</time>
      </trkpt>
      <trkpt lat="8.602465" lon="-80.137084">
        <time>2026-08-19T21:32:40Z</time>
      </trkpt>
      <trkpt lat="8.602484" lon="-80.137081">
        <time>2026-08-19T21:32:41Z</time>
      </trkpt>
      <trkpt lat="8.602503" lon="-80.137078">
        <time>2026-08-19T21:32:42Z</time>
      </trkpt>
      <trkpt lat="8.602524" lon="-80.137075">
        <time>2026-08-19T21:32:43Z</time>
      </trkpt>
      <trkpt lat="8.602543" lon="-80.137075">
        <time>2026-08-19T21:32:44Z</time>
      </trkpt>
      <trkpt lat="8.602562" lon="-80.137074">
        <time>2026-08-19T21:32:45Z</time>
      </trkpt>
      <trkpt lat="8.602582" lon="-80.137072">
        <time>2026-08-19T21:32:46Z</time>
      </trkpt>
      <trkpt lat="8.602600" lon="-80.137068">
        <time>2026-08-19T21:32:47Z</time>
      </trkpt>
      <trkpt lat="8.602618" lon="-80.137069">
        <time>2026-08-19T21:32:48Z</time>
      </trkpt>
      <trkpt lat="8.602637" lon="-80.137067">
        <time>2026-08-19T21:32:49Z</time>
      </trkpt>
      <trkpt lat="8.602655" lon="-80.137065">
        <time>2026-08-19T21:32:50Z</time>
      </trkpt>
      <trkpt lat="8.602672" lon="-80.137064">
        <time>2026-08-19T21:32:51Z</time>
      </trkpt>
      <trkpt lat="8.602691" lon="-80.137061">
        <time>2026-08-19T21:32:52Z</time>
      </trkpt>
      <trkpt lat="8.602711" lon="-80.137062">
        <time>2026-08-19T21:32:53Z</time>
      </trkpt>
      <trkpt lat="8.602729" lon="-80.137062">
        <time>2026-08-19T21:32:54Z</time>
      </trkpt>
      <trkpt lat="8.602750" lon="-80.137060">
        <time>2026-08-19T21:32:55Z</time>
      </trkpt>
      <trkpt lat="8.602773" lon="-80.137060">
        <time>2026-08-19T21:32:56Z</time>
      </trkpt>
      <trkpt lat="8.602794" lon="-80.137061">
        <time>2026-08-19T21:32:57Z</time>
      </trkpt>
      <trkpt lat="8.602817" lon="-80.137060">
        <time>2026-08-19T21:32:58Z</time>
      </trkpt>
      <trkpt lat="8.602838" lon="-80.137058">
        <time>2026-08-19T21:32:59Z</time>
      </trkpt>
      <trkpt lat="8.602857" lon="-80.137055">
        <time>2026-08-19T21:33:00Z</time>
      </trkpt>
      <trkpt lat="8.602877" lon="-80.137055">
        <time>2026-08-19T21:33:01Z</time>
      </trkpt>
      <trkpt lat="8.602898" lon="-80.137054">
        <time>2026-08-19T21:33:02Z</time>
      </trkpt>
      <trkpt lat="8.602914" lon="-80.137054">
        <time>2026-08-19T21:33:03Z</time>
      </trkpt>
      <trkpt lat="8.602933" lon="-80.137054">
        <time>2026-08-19T21:33:04Z</time>
      </trkpt>
      <trkpt lat="8.602950" lon="-80.137053">
        <time>2026-08-19T21:33:05Z</time>
      </trkpt>
      <trkpt lat="8.602968" lon="-80.137053">
        <time>2026-08-19T21:33:06Z</time>
      </trkpt>
      <trkpt lat="8.602988" lon="-80.137051">
        <time>2026-08-19T21:33:07Z</time>
      </trkpt>
      <trkpt lat="8.603009" lon="-80.137048">
        <time>2026-08-19T21:33:08Z</time>
      </trkpt>
      <trkpt lat="8.603031" lon="-80.137045">
        <time>2026-08-19T21:33:09Z</time>
      </trkpt>
      <trkpt lat="8.603052" lon="-80.137043">
        <time>2026-08-19T21:33:10Z</time>
      </trkpt>
      <trkpt lat="8.603075" lon="-80.137043">
        <time>2026-08-19T21:33:11Z</time>
      </trkpt>
      <trkpt lat="8.603097" lon="-80.137041">
        <time>2026-08-19T21:33:12Z</time>
      </trkpt>
      <trkpt lat="8.603118" lon="-80.137037">
        <time>2026-08-19T21:33:13Z</time>
      </trkpt>
      <trkpt lat="8.603140" lon="-80.137035">
        <time>2026-08-19T21:33:14Z</time>
      </trkpt>
      <trkpt lat="8.603163" lon="-80.137031">
        <time>2026-08-19T21:33:15Z</time>
      </trkpt>
      <trkpt lat="8.603184" lon="-80.137026">
        <time>2026-08-19T21:33:16Z</time>
      </trkpt>
      <trkpt lat="8.603203" lon="-80.137022">
        <time>2026-08-19T21:33:17Z</time>
      </trkpt>
      <trkpt lat="8.603220" lon="-80.137020">
        <time>2026-08-19T21:33:18Z</time>
      </trkpt>
      <trkpt lat="8.603236" lon="-80.137019">
        <time>2026-08-19T21:33:19Z</time>
      </trkpt>
      <trkpt lat="8.603253" lon="-80.137016">
        <time>2026-08-19T21:33:20Z</time>
      </trkpt>
      <trkpt lat="8.603271" lon="-80.137013">
        <time>2026-08-19T21:33:21Z</time>
      </trkpt>
      <trkpt lat="8.603291" lon="-80.137007">
        <time>2026-08-19T21:33:22Z</time>
      </trkpt>
      <trkpt lat="8.603310" lon="-80.137003">
        <time>2026-08-19T21:33:23Z</time>
      </trkpt>
      <trkpt lat="8.603331" lon="-80.137001">
        <time>2026-08-19T21:33:24Z</time>
      </trkpt>
      <trkpt lat="8.603352" lon="-80.136995">
        <time>2026-08-19T21:33:25Z</time>
      </trkpt>
      <trkpt lat="8.603365" lon="-80.136991">
        <time>2026-08-19T21:33:26Z</time>
      </trkpt>
      <trkpt lat="8.603376" lon="-80.136993">
        <time>2026-08-19T21:33:27Z</time>
      </trkpt>
      <trkpt lat="8.603390" lon="-80.136989">
        <time>2026-08-19T21:33:28Z</time>
      </trkpt>
      <trkpt lat="8.603410" lon="-80.136985">
        <time>2026-08-19T21:33:29Z</time>
      </trkpt>
      <trkpt lat="8.603427" lon="-80.136985">
        <time>2026-08-19T21:33:30Z</time>
      </trkpt>
      <trkpt lat="8.603443" lon="-80.136984">
        <time>2026-08-19T21:33:31Z</time>
      </trkpt>
      <trkpt lat="8.603465" lon="-80.136978">
        <time>2026-08-19T21:33:32Z</time>
      </trkpt>
      <trkpt lat="8.603482" lon="-80.136972">
        <time>2026-08-19T21:33:33Z</time>
      </trkpt>
      <trkpt lat="8.603499" lon="-80.136972">
        <time>2026-08-19T21:33:34Z</time>
      </trkpt>
      <trkpt lat="8.603521" lon="-80.136967">
        <time>2026-08-19T21:33:35Z</time>
      </trkpt>
      <trkpt lat="8.603541" lon="-80.136963">
        <time>2026-08-19T21:33:36Z</time>
      </trkpt>
      <trkpt lat="8.603560" lon="-80.136961">
        <time>2026-08-19T21:33:37Z</time>
      </trkpt>
      <trkpt lat="8.603580" lon="-80.136959">
        <time>2026-08-19T21:33:38Z</time>
      </trkpt>
      <trkpt lat="8.603601" lon="-80.136955">
        <time>2026-08-19T21:33:39Z</time>
      </trkpt>
      <trkpt lat="8.603619" lon="-80.136952">
        <time>2026-08-19T21:33:40Z</time>
      </trkpt>
      <trkpt lat="8.603639" lon="-80.136951">
        <time>2026-08-19T21:33:41Z</time>
      </trkpt>
      <trkpt lat="8.603659" lon="-80.136949">
        <time>2026-08-19T21:33:42Z</time>
      </trkpt>
      <trkpt lat="8.603680" lon="-80.136946">
        <time>2026-08-19T21:33:43Z</time>
      </trkpt>
      <trkpt lat="8.603699" lon="-80.136942">
        <time>2026-08-19T21:33:44Z</time>
      </trkpt>
      <trkpt lat="8.603719" lon="-80.136941">
        <time>2026-08-19T21:33:45Z</time>
      </trkpt>
      <trkpt lat="8.603743" lon="-80.136935">
        <time>2026-08-19T21:33:46Z</time>
      </trkpt>
      <trkpt lat="8.603765" lon="-80.136932">
        <time>2026-08-19T21:33:47Z</time>
      </trkpt>
      <trkpt lat="8.603786" lon="-80.136929">
        <time>2026-08-19T21:33:48Z</time>
      </trkpt>
      <trkpt lat="8.603804" lon="-80.136927">
        <time>2026-08-19T21:33:49Z</time>
      </trkpt>
      <trkpt lat="8.603822" lon="-80.136925">
        <time>2026-08-19T21:33:50Z</time>
      </trkpt>
      <trkpt lat="8.603842" lon="-80.136922">
        <time>2026-08-19T21:33:51Z</time>
      </trkpt>
      <trkpt lat="8.603862" lon="-80.136918">
        <time>2026-08-19T21:33:52Z</time>
      </trkpt>
      <trkpt lat="8.603879" lon="-80.136918">
        <time>2026-08-19T21:33:53Z</time>
      </trkpt>
      <trkpt lat="8.603898" lon="-80.136912">
        <time>2026-08-19T21:33:54Z</time>
      </trkpt>
      <trkpt lat="8.603919" lon="-80.136906">
        <time>2026-08-19T21:33:55Z</time>
      </trkpt>
      <trkpt lat="8.603937" lon="-80.136904">
        <time>2026-08-19T21:33:56Z</time>
      </trkpt>
      <trkpt lat="8.603956" lon="-80.136898">
        <time>2026-08-19T21:33:57Z</time>
      </trkpt>
      <trkpt lat="8.603976" lon="-80.136895">
        <time>2026-08-19T21:33:58Z</time>
      </trkpt>
      <trkpt lat="8.603996" lon="-80.136892">
        <time>2026-08-19T21:33:59Z</time>
      </trkpt>
      <trkpt lat="8.604016" lon="-80.136890">
        <time>2026-08-19T21:34:00Z</time>
      </trkpt>
      <trkpt lat="8.604034" lon="-80.136886">
        <time>2026-08-19T21:34:01Z</time>
      </trkpt>
      <trkpt lat="8.604054" lon="-80.136884">
        <time>2026-08-19T21:34:02Z</time>
      </trkpt>
      <trkpt lat="8.604075" lon="-80.136882">
        <time>2026-08-19T21:34:03Z</time>
      </trkpt>
      <trkpt lat="8.604093" lon="-80.136879">
        <time>2026-08-19T21:34:04Z</time>
      </trkpt>
      <trkpt lat="8.604109" lon="-80.136878">
        <time>2026-08-19T21:34:05Z</time>
      </trkpt>
      <trkpt lat="8.604127" lon="-80.136877">
        <time>2026-08-19T21:34:06Z</time>
      </trkpt>
      <trkpt lat="8.604145" lon="-80.136874">
        <time>2026-08-19T21:34:07Z</time>
      </trkpt>
      <trkpt lat="8.604163" lon="-80.136872">
        <time>2026-08-19T21:34:08Z</time>
      </trkpt>
      <trkpt lat="8.604181" lon="-80.136874">
        <time>2026-08-19T21:34:09Z</time>
      </trkpt>
      <trkpt lat="8.604200" lon="-80.136873">
        <time>2026-08-19T21:34:10Z</time>
      </trkpt>
      <trkpt lat="8.604217" lon="-80.136872">
        <time>2026-08-19T21:34:11Z</time>
      </trkpt>
      <trkpt lat="8.604234" lon="-80.136871">
        <time>2026-08-19T21:34:12Z</time>
      </trkpt>
      <trkpt lat="8.604254" lon="-80.136868">
        <time>2026-08-19T21:34:13Z</time>
      </trkpt>
      <trkpt lat="8.604275" lon="-80.136865">
        <time>2026-08-19T21:34:14Z</time>
      </trkpt>
      <trkpt lat="8.604296" lon="-80.136858">
        <time>2026-08-19T21:34:15Z</time>
      </trkpt>
      <trkpt lat="8.604315" lon="-80.136850">
        <time>2026-08-19T21:34:16Z</time>
      </trkpt>
      <trkpt lat="8.604336" lon="-80.136848">
        <time>2026-08-19T21:34:17Z</time>
      </trkpt>
      <trkpt lat="8.604358" lon="-80.136849">
        <time>2026-08-19T21:34:18Z</time>
      </trkpt>
      <trkpt lat="8.604378" lon="-80.136846">
        <time>2026-08-19T21:34:19Z</time>
      </trkpt>
      <trkpt lat="8.604398" lon="-80.136843">
        <time>2026-08-19T21:34:20Z</time>
      </trkpt>
      <trkpt lat="8.604420" lon="-80.136839">
        <time>2026-08-19T21:34:21Z</time>
      </trkpt>
      <trkpt lat="8.604443" lon="-80.136835">
        <time>2026-08-19T21:34:22Z</time>
      </trkpt>
      <trkpt lat="8.604463" lon="-80.136831">
        <time>2026-08-19T21:34:23Z</time>
      </trkpt>
      <trkpt lat="8.604483" lon="-80.136827">
        <time>2026-08-19T21:34:24Z</time>
      </trkpt>
      <trkpt lat="8.604501" lon="-80.136827">
        <time>2026-08-19T21:34:25Z</time>
      </trkpt>
      <trkpt lat="8.604521" lon="-80.136825">
        <time>2026-08-19T21:34:26Z</time>
      </trkpt>
      <trkpt lat="8.604541" lon="-80.136825">
        <time>2026-08-19T21:34:27Z</time>
      </trkpt>
      <trkpt lat="8.604561" lon="-80.136826">
        <time>2026-08-19T21:34:28Z</time>
      </trkpt>
      <trkpt lat="8.604581" lon="-80.136826">
        <time>2026-08-19T21:34:29Z</time>
      </trkpt>
      <trkpt lat="8.604601" lon="-80.136825">
        <time>2026-08-19T21:34:30Z</time>
      </trkpt>
      <trkpt lat="8.604621" lon="-80.136824">
        <time>2026-08-19T21:34:31Z</time>
      </trkpt>
      <trkpt lat="8.604644" lon="-80.136821">
        <time>2026-08-19T21:34:32Z</time>
      </trkpt>
      <trkpt lat="8.604664" lon="-80.136824">
        <time>2026-08-19T21:34:33Z</time>
      </trkpt>
      <trkpt lat="8.604684" lon="-80.136823">
        <time>2026-08-19T21:34:34Z</time>
      </trkpt>
      <trkpt lat="8.604706" lon="-80.136817">
        <time>2026-08-19T21:34:35Z</time>
      </trkpt>
      <trkpt lat="8.604727" lon="-80.136817">
        <time>2026-08-19T21:34:36Z</time>
      </trkpt>
      <trkpt lat="8.604747" lon="-80.136818">
        <time>2026-08-19T21:34:37Z</time>
      </trkpt>
      <trkpt lat="8.604766" lon="-80.136821">
        <time>2026-08-19T21:34:38Z</time>
      </trkpt>
      <trkpt lat="8.604786" lon="-80.136818">
        <time>2026-08-19T21:34:39Z</time>
      </trkpt>
      <trkpt lat="8.604804" lon="-80.136815">
        <time>2026-08-19T21:34:40Z</time>
      </trkpt>
      <trkpt lat="8.604822" lon="-80.136814">
        <time>2026-08-19T21:34:41Z</time>
      </trkpt>
      <trkpt lat="8.604843" lon="-80.136810">
        <time>2026-08-19T21:34:42Z</time>
      </trkpt>
      <trkpt lat="8.604862" lon="-80.136808">
        <time>2026-08-19T21:34:43Z</time>
      </trkpt>
      <trkpt lat="8.604879" lon="-80.136804">
        <time>2026-08-19T21:34:44Z</time>
      </trkpt>
      <trkpt lat="8.604899" lon="-80.136798">
        <time>2026-08-19T21:34:45Z</time>
      </trkpt>
      <trkpt lat="8.604920" lon="-80.136794">
        <time>2026-08-19T21:34:46Z</time>
      </trkpt>
      <trkpt lat="8.604941" lon="-80.136790">
        <time>2026-08-19T21:34:47Z</time>
      </trkpt>
      <trkpt lat="8.604963" lon="-80.136785">
        <time>2026-08-19T21:34:48Z</time>
      </trkpt>
      <trkpt lat="8.604987" lon="-80.136780">
        <time>2026-08-19T21:34:49Z</time>
      </trkpt>
      <trkpt lat="8.605005" lon="-80.136776">
        <time>2026-08-19T21:34:50Z</time>
      </trkpt>
      <trkpt lat="8.605024" lon="-80.136770">
        <time>2026-08-19T21:34:51Z</time>
      </trkpt>
      <trkpt lat="8.605044" lon="-80.136768">
        <time>2026-08-19T21:34:52Z</time>
      </trkpt>
      <trkpt lat="8.605065" lon="-80.136767">
        <time>2026-08-19T21:34:53Z</time>
      </trkpt>
      <trkpt lat="8.605084" lon="-80.136765">
        <time>2026-08-19T21:34:54Z</time>
      </trkpt>
      <trkpt lat="8.605103" lon="-80.136762">
        <time>2026-08-19T21:34:55Z</time>
      </trkpt>
      <trkpt lat="8.605125" lon="-80.136754">
        <time>2026-08-19T21:34:56Z</time>
      </trkpt>
      <trkpt lat="8.605144" lon="-80.136751">
        <time>2026-08-19T21:34:57Z</time>
      </trkpt>
      <trkpt lat="8.605163" lon="-80.136750">
        <time>2026-08-19T21:34:58Z</time>
      </trkpt>
      <trkpt lat="8.605182" lon="-80.136749">
        <time>2026-08-19T21:34:59Z</time>
      </trkpt>
      <trkpt lat="8.605204" lon="-80.136746">
        <time>2026-08-19T21:35:00Z</time>
      </trkpt>
      <trkpt lat="8.605227" lon="-80.136741">
        <time>2026-08-19T21:35:01Z</time>
      </trkpt>
      <trkpt lat="8.605254" lon="-80.136737">
        <time>2026-08-19T21:35:02Z</time>
      </trkpt>
      <trkpt lat="8.605278" lon="-80.136735">
        <time>2026-08-19T21:35:03Z</time>
      </trkpt>
      <trkpt lat="8.605303" lon="-80.136731">
        <time>2026-08-19T21:35:04Z</time>
      </trkpt>
      <trkpt lat="8.605324" lon="-80.136728">
        <time>2026-08-19T21:35:05Z</time>
      </trkpt>
      <trkpt lat="8.605341" lon="-80.136726">
        <time>2026-08-19T21:35:06Z</time>
      </trkpt>
      <trkpt lat="8.605360" lon="-80.136723">
        <time>2026-08-19T21:35:07Z</time>
      </trkpt>
      <trkpt lat="8.605377" lon="-80.136719">
        <time>2026-08-19T21:35:08Z</time>
      </trkpt>
      <trkpt lat="8.605395" lon="-80.136717">
        <time>2026-08-19T21:35:09Z</time>
      </trkpt>
      <trkpt lat="8.605415" lon="-80.136714">
        <time>2026-08-19T21:35:10Z</time>
      </trkpt>
      <trkpt lat="8.605433" lon="-80.136708">
        <time>2026-08-19T21:35:11Z</time>
      </trkpt>
      <trkpt lat="8.605451" lon="-80.136704">
        <time>2026-08-19T21:35:12Z</time>
      </trkpt>
      <trkpt lat="8.605473" lon="-80.136700">
        <time>2026-08-19T21:35:13Z</time>
      </trkpt>
      <trkpt lat="8.605494" lon="-80.136697">
        <time>2026-08-19T21:35:14Z</time>
      </trkpt>
      <trkpt lat="8.605514" lon="-80.136697">
        <time>2026-08-19T21:35:15Z</time>
      </trkpt>
      <trkpt lat="8.605535" lon="-80.136694">
        <time>2026-08-19T21:35:16Z</time>
      </trkpt>
      <trkpt lat="8.605556" lon="-80.136691">
        <time>2026-08-19T21:35:17Z</time>
      </trkpt>
      <trkpt lat="8.605575" lon="-80.136686">
        <time>2026-08-19T21:35:18Z</time>
      </trkpt>
      <trkpt lat="8.605595" lon="-80.136681">
        <time>2026-08-19T21:35:19Z</time>
      </trkpt>
      <trkpt lat="8.605615" lon="-80.136675">
        <time>2026-08-19T21:35:20Z</time>
      </trkpt>
      <trkpt lat="8.605633" lon="-80.136672">
        <time>2026-08-19T21:35:21Z</time>
      </trkpt>
      <trkpt lat="8.605651" lon="-80.136669">
        <time>2026-08-19T21:35:22Z</time>
      </trkpt>
      <trkpt lat="8.605671" lon="-80.136670">
        <time>2026-08-19T21:35:23Z</time>
      </trkpt>
      <trkpt lat="8.605689" lon="-80.136668">
        <time>2026-08-19T21:35:24Z</time>
      </trkpt>
      <trkpt lat="8.605707" lon="-80.136666">
        <time>2026-08-19T21:35:25Z</time>
      </trkpt>
      <trkpt lat="8.605727" lon="-80.136662">
        <time>2026-08-19T21:35:26Z</time>
      </trkpt>
      <trkpt lat="8.605745" lon="-80.136660">
        <time>2026-08-19T21:35:27Z</time>
      </trkpt>
      <trkpt lat="8.605764" lon="-80.136658">
        <time>2026-08-19T21:35:28Z</time>
      </trkpt>
      <trkpt lat="8.605785" lon="-80.136655">
        <time>2026-08-19T21:35:29Z</time>
      </trkpt>
      <trkpt lat="8.605803" lon="-80.136654">
        <time>2026-08-19T21:35:30Z</time>
      </trkpt>
      <trkpt lat="8.605822" lon="-80.136651">
        <time>2026-08-19T21:35:31Z</time>
      </trkpt>
      <trkpt lat="8.605843" lon="-80.136649">
        <time>2026-08-19T21:35:32Z</time>
      </trkpt>
      <trkpt lat="8.605862" lon="-80.136650">
        <time>2026-08-19T21:35:33Z</time>
      </trkpt>
      <trkpt lat="8.605881" lon="-80.136648">
        <time>2026-08-19T21:35:34Z</time>
      </trkpt>
      <trkpt lat="8.605901" lon="-80.136645">
        <time>2026-08-19T21:35:35Z</time>
      </trkpt>
      <trkpt lat="8.605919" lon="-80.136643">
        <time>2026-08-19T21:35:36Z</time>
      </trkpt>
      <trkpt lat="8.605938" lon="-80.136639">
        <time>2026-08-19T21:35:37Z</time>
      </trkpt>
      <trkpt lat="8.605958" lon="-80.136635">
        <time>2026-08-19T21:35:38Z</time>
      </trkpt>
      <trkpt lat="8.605979" lon="-80.136631">
        <time>2026-08-19T21:35:39Z</time>
      </trkpt>
      <trkpt lat="8.606000" lon="-80.136626">
        <time>2026-08-19T21:35:40Z</time>
      </trkpt>
      <trkpt lat="8.606021" lon="-80.136616">
        <time>2026-08-19T21:35:41Z</time>
      </trkpt>
      <trkpt lat="8.606038" lon="-80.136597">
        <time>2026-08-19T21:35:42Z</time>
      </trkpt>
      <trkpt lat="8.606046" lon="-80.136575">
        <time>2026-08-19T21:35:43Z</time>
      </trkpt>
      <trkpt lat="8.606039" lon="-80.136554">
        <time>2026-08-19T21:35:44Z</time>
      </trkpt>
      <trkpt lat="8.606032" lon="-80.136528">
        <time>2026-08-19T21:35:45Z</time>
      </trkpt>
      <trkpt lat="8.606026" lon="-80.136511">
        <time>2026-08-19T21:35:46Z</time>
      </trkpt>
      <trkpt lat="8.606019" lon="-80.136494">
        <time>2026-08-19T21:35:47Z</time>
      </trkpt>
      <trkpt lat="8.606012" lon="-80.136472">
        <time>2026-08-19T21:35:48Z</time>
      </trkpt>
      <trkpt lat="8.606008" lon="-80.136453">
        <time>2026-08-19T21:35:49Z</time>
      </trkpt>
      <trkpt lat="8.606004" lon="-80.136435">
        <time>2026-08-19T21:35:50Z</time>
      </trkpt>
      <trkpt lat="8.605997" lon="-80.136417">
        <time>2026-08-19T21:35:51Z</time>
      </trkpt>
      <trkpt lat="8.605991" lon="-80.136399">
        <time>2026-08-19T21:35:52Z</time>
      </trkpt>
      <trkpt lat="8.605987" lon="-80.136382">
        <time>2026-08-19T21:35:53Z</time>
      </trkpt>
      <trkpt lat="8.605981" lon="-80.136363">
        <time>2026-08-19T21:35:54Z</time>
      </trkpt>
      <trkpt lat="8.605975" lon="-80.136342">
        <time>2026-08-19T21:35:55Z</time>
      </trkpt>
      <trkpt lat="8.605972" lon="-80.136323">
        <time>2026-08-19T21:35:56Z</time>
      </trkpt>
      <trkpt lat="8.605967" lon="-80.136303">
        <time>2026-08-19T21:35:57Z</time>
      </trkpt>
      <trkpt lat="8.605960" lon="-80.136279">
        <time>2026-08-19T21:35:58Z</time>
      </trkpt>
      <trkpt lat="8.605954" lon="-80.136258">
        <time>2026-08-19T21:35:59Z</time>
      </trkpt>
      <trkpt lat="8.605949" lon="-80.136238">
        <time>2026-08-19T21:36:00Z</time>
      </trkpt>
      <trkpt lat="8.605945" lon="-80.136215">
        <time>2026-08-19T21:36:01Z</time>
      </trkpt>
      <trkpt lat="8.605941" lon="-80.136193">
        <time>2026-08-19T21:36:02Z</time>
      </trkpt>
      <trkpt lat="8.605937" lon="-80.136172">
        <time>2026-08-19T21:36:03Z</time>
      </trkpt>
      <trkpt lat="8.605931" lon="-80.136152">
        <time>2026-08-19T21:36:04Z</time>
      </trkpt>
      <trkpt lat="8.605929" lon="-80.136133">
        <time>2026-08-19T21:36:05Z</time>
      </trkpt>
      <trkpt lat="8.605929" lon="-80.136115">
        <time>2026-08-19T21:36:06Z</time>
      </trkpt>
      <trkpt lat="8.605923" lon="-80.136096">
        <time>2026-08-19T21:36:07Z</time>
      </trkpt>
      <trkpt lat="8.605921" lon="-80.136079">
        <time>2026-08-19T21:36:08Z</time>
      </trkpt>
      <trkpt lat="8.605917" lon="-80.136062">
        <time>2026-08-19T21:36:09Z</time>
      </trkpt>
      <trkpt lat="8.605911" lon="-80.136045">
        <time>2026-08-19T21:36:10Z</time>
      </trkpt>
      <trkpt lat="8.605905" lon="-80.136023">
        <time>2026-08-19T21:36:11Z</time>
      </trkpt>
      <trkpt lat="8.605902" lon="-80.136004">
        <time>2026-08-19T21:36:12Z</time>
      </trkpt>
      <trkpt lat="8.605901" lon="-80.135985">
        <time>2026-08-19T21:36:13Z</time>
      </trkpt>
      <trkpt lat="8.605898" lon="-80.135964">
        <time>2026-08-19T21:36:14Z</time>
      </trkpt>
      <trkpt lat="8.605895" lon="-80.135946">
        <time>2026-08-19T21:36:15Z</time>
      </trkpt>
      <trkpt lat="8.605891" lon="-80.135928">
        <time>2026-08-19T21:36:16Z</time>
      </trkpt>
      <trkpt lat="8.605887" lon="-80.135907">
        <time>2026-08-19T21:36:17Z</time>
      </trkpt>
      <trkpt lat="8.605885" lon="-80.135887">
        <time>2026-08-19T21:36:18Z</time>
      </trkpt>
      <trkpt lat="8.605883" lon="-80.135869">
        <time>2026-08-19T21:36:19Z</time>
      </trkpt>
      <trkpt lat="8.605877" lon="-80.135850">
        <time>2026-08-19T21:36:20Z</time>
      </trkpt>
      <trkpt lat="8.605872" lon="-80.135831">
        <time>2026-08-19T21:36:21Z</time>
      </trkpt>
      <trkpt lat="8.605868" lon="-80.135811">
        <time>2026-08-19T21:36:22Z</time>
      </trkpt>
      <trkpt lat="8.605863" lon="-80.135789">
        <time>2026-08-19T21:36:23Z</time>
      </trkpt>
      <trkpt lat="8.605861" lon="-80.135769">
        <time>2026-08-19T21:36:24Z</time>
      </trkpt>
      <trkpt lat="8.605859" lon="-80.135751">
        <time>2026-08-19T21:36:25Z</time>
      </trkpt>
      <trkpt lat="8.605855" lon="-80.135734">
        <time>2026-08-19T21:36:26Z</time>
      </trkpt>
      <trkpt lat="8.605853" lon="-80.135715">
        <time>2026-08-19T21:36:27Z</time>
      </trkpt>
      <trkpt lat="8.605851" lon="-80.135696">
        <time>2026-08-19T21:36:28Z</time>
      </trkpt>
      <trkpt lat="8.605845" lon="-80.135675">
        <time>2026-08-19T21:36:29Z</time>
      </trkpt>
      <trkpt lat="8.605842" lon="-80.135653">
        <time>2026-08-19T21:36:30Z</time>
      </trkpt>
      <trkpt lat="8.605841" lon="-80.135637">
        <time>2026-08-19T21:36:31Z</time>
      </trkpt>
      <trkpt lat="8.605836" lon="-80.135615">
        <time>2026-08-19T21:36:32Z</time>
      </trkpt>
      <trkpt lat="8.605834" lon="-80.135591">
        <time>2026-08-19T21:36:33Z</time>
      </trkpt>
      <trkpt lat="8.605832" lon="-80.135572">
        <time>2026-08-19T21:36:34Z</time>
      </trkpt>
      <trkpt lat="8.605829" lon="-80.135553">
        <time>2026-08-19T21:36:35Z</time>
      </trkpt>
      <trkpt lat="8.605827" lon="-80.135534">
        <time>2026-08-19T21:36:36Z</time>
      </trkpt>
      <trkpt lat="8.605825" lon="-80.135518">
        <time>2026-08-19T21:36:37Z</time>
      </trkpt>
      <trkpt lat="8.605819" lon="-80.135499">
        <time>2026-08-19T21:36:38Z</time>
      </trkpt>
      <trkpt lat="8.605814" lon="-80.135479">
        <time>2026-08-19T21:36:39Z</time>
      </trkpt>
      <trkpt lat="8.605812" lon="-80.135463">
        <time>2026-08-19T21:36:40Z</time>
      </trkpt>
      <trkpt lat="8.605808" lon="-80.135447">
        <time>2026-08-19T21:36:41Z</time>
      </trkpt>
      <trkpt lat="8.605805" lon="-80.135430">
        <time>2026-08-19T21:36:42Z</time>
      </trkpt>
      <trkpt lat="8.605802" lon="-80.135411">
        <time>2026-08-19T21:36:43Z</time>
      </trkpt>
      <trkpt lat="8.605800" lon="-80.135393">
        <time>2026-08-19T21:36:44Z</time>
      </trkpt>
      <trkpt lat="8.605794" lon="-80.135376">
        <time>2026-08-19T21:36:45Z</time>
      </trkpt>
      <trkpt lat="8.605790" lon="-80.135351">
        <time>2026-08-19T21:36:46Z</time>
      </trkpt>
      <trkpt lat="8.605785" lon="-80.135328">
        <time>2026-08-19T21:36:47Z</time>
      </trkpt>
      <trkpt lat="8.605780" lon="-80.135304">
        <time>2026-08-19T21:36:48Z</time>
      </trkpt>
      <trkpt lat="8.605776" lon="-80.135283">
        <time>2026-08-19T21:36:49Z</time>
      </trkpt>
      <trkpt lat="8.605774" lon="-80.135264">
        <time>2026-08-19T21:36:50Z</time>
      </trkpt>
      <trkpt lat="8.605770" lon="-80.135246">
        <time>2026-08-19T21:36:51Z</time>
      </trkpt>
      <trkpt lat="8.605768" lon="-80.135225">
        <time>2026-08-19T21:36:52Z</time>
      </trkpt>
      <trkpt lat="8.605768" lon="-80.135207">
        <time>2026-08-19T21:36:53Z</time>
      </trkpt>
      <trkpt lat="8.605766" lon="-80.135192">
        <time>2026-08-19T21:36:54Z</time>
      </trkpt>
      <trkpt lat="8.605771" lon="-80.135175">
        <time>2026-08-19T21:36:55Z</time>
      </trkpt>
      <trkpt lat="8.605778" lon="-80.135160">
        <time>2026-08-19T21:36:56Z</time>
      </trkpt>
      <trkpt lat="8.605780" lon="-80.135142">
        <time>2026-08-19T21:36:57Z</time>
      </trkpt>
      <trkpt lat="8.605777" lon="-80.135119">
        <time>2026-08-19T21:36:58Z</time>
      </trkpt>
      <trkpt lat="8.605774" lon="-80.135097">
        <time>2026-08-19T21:36:59Z</time>
      </trkpt>
      <trkpt lat="8.605771" lon="-80.135078">
        <time>2026-08-19T21:37:00Z</time>
      </trkpt>
      <trkpt lat="8.605765" lon="-80.135057">
        <time>2026-08-19T21:37:01Z</time>
      </trkpt>
      <trkpt lat="8.605761" lon="-80.135033">
        <time>2026-08-19T21:37:02Z</time>
      </trkpt>
      <trkpt lat="8.605756" lon="-80.135012">
        <time>2026-08-19T21:37:03Z</time>
      </trkpt>
      <trkpt lat="8.605752" lon="-80.134990">
        <time>2026-08-19T21:37:04Z</time>
      </trkpt>
      <trkpt lat="8.605748" lon="-80.134968">
        <time>2026-08-19T21:37:05Z</time>
      </trkpt>
      <trkpt lat="8.605744" lon="-80.134947">
        <time>2026-08-19T21:37:06Z</time>
      </trkpt>
      <trkpt lat="8.605739" lon="-80.134922">
        <time>2026-08-19T21:37:07Z</time>
      </trkpt>
      <trkpt lat="8.605735" lon="-80.134901">
        <time>2026-08-19T21:37:08Z</time>
      </trkpt>
      <trkpt lat="8.605732" lon="-80.134880">
        <time>2026-08-19T21:37:09Z</time>
      </trkpt>
      <trkpt lat="8.605726" lon="-80.134857">
        <time>2026-08-19T21:37:10Z</time>
      </trkpt>
      <trkpt lat="8.605722" lon="-80.134835">
        <time>2026-08-19T21:37:11Z</time>
      </trkpt>
      <trkpt lat="8.605719" lon="-80.134815">
        <time>2026-08-19T21:37:12Z</time>
      </trkpt>
      <trkpt lat="8.605716" lon="-80.134795">
        <time>2026-08-19T21:37:13Z</time>
      </trkpt>
      <trkpt lat="8.605715" lon="-80.134774">
        <time>2026-08-19T21:37:14Z</time>
      </trkpt>
      <trkpt lat="8.605713" lon="-80.134752">
        <time>2026-08-19T21:37:15Z</time>
      </trkpt>
      <trkpt lat="8.605704" lon="-80.134730">
        <time>2026-08-19T21:37:16Z</time>
      </trkpt>
      <trkpt lat="8.605693" lon="-80.134712">
        <time>2026-08-19T21:37:17Z</time>
      </trkpt>
      <trkpt lat="8.605681" lon="-80.134695">
        <time>2026-08-19T21:37:18Z</time>
      </trkpt>
      <trkpt lat="8.605671" lon="-80.134678">
        <time>2026-08-19T21:37:19Z</time>
      </trkpt>
      <trkpt lat="8.605660" lon="-80.134661">
        <time>2026-08-19T21:37:20Z</time>
      </trkpt>
      <trkpt lat="8.605654" lon="-80.134644">
        <time>2026-08-19T21:37:21Z</time>
      </trkpt>
      <trkpt lat="8.605650" lon="-80.134626">
        <time>2026-08-19T21:37:22Z</time>
      </trkpt>
      <trkpt lat="8.605648" lon="-80.134605">
        <time>2026-08-19T21:37:23Z</time>
      </trkpt>
      <trkpt lat="8.605643" lon="-80.134588">
        <time>2026-08-19T21:37:24Z</time>
      </trkpt>
      <trkpt lat="8.605639" lon="-80.134569">
        <time>2026-08-19T21:37:25Z</time>
      </trkpt>
      <trkpt lat="8.605636" lon="-80.134549">
        <time>2026-08-19T21:37:26Z</time>
      </trkpt>
      <trkpt lat="8.605629" lon="-80.134527">
        <time>2026-08-19T21:37:27Z</time>
      </trkpt>
      <trkpt lat="8.605622" lon="-80.134507">
        <time>2026-08-19T21:37:28Z</time>
      </trkpt>
      <trkpt lat="8.605619" lon="-80.134489">
        <time>2026-08-19T21:37:29Z</time>
      </trkpt>
      <trkpt lat="8.605615" lon="-80.134473">
        <time>2026-08-19T21:37:30Z</time>
      </trkpt>
      <trkpt lat="8.605612" lon="-80.134453">
        <time>2026-08-19T21:37:31Z</time>
      </trkpt>
      <trkpt lat="8.605610" lon="-80.134431">
        <time>2026-08-19T21:37:32Z</time>
      </trkpt>
      <trkpt lat="8.605604" lon="-80.134410">
        <time>2026-08-19T21:37:33Z</time>
      </trkpt>
      <trkpt lat="8.605600" lon="-80.134389">
        <time>2026-08-19T21:37:34Z</time>
      </trkpt>
      <trkpt lat="8.605593" lon="-80.134367">
        <time>2026-08-19T21:37:35Z</time>
      </trkpt>
      <trkpt lat="8.605585" lon="-80.134346">
        <time>2026-08-19T21:37:36Z</time>
      </trkpt>
      <trkpt lat="8.605579" lon="-80.134328">
        <time>2026-08-19T21:37:37Z</time>
      </trkpt>
      <trkpt lat="8.605576" lon="-80.134313">
        <time>2026-08-19T21:37:38Z</time>
      </trkpt>
      <trkpt lat="8.605571" lon="-80.134298">
        <time>2026-08-19T21:37:39Z</time>
      </trkpt>
      <trkpt lat="8.605565" lon="-80.134280">
        <time>2026-08-19T21:37:40Z</time>
      </trkpt>
      <trkpt lat="8.605560" lon="-80.134264">
        <time>2026-08-19T21:37:41Z</time>
      </trkpt>
      <trkpt lat="8.605551" lon="-80.134246">
        <time>2026-08-19T21:37:42Z</time>
      </trkpt>
      <trkpt lat="8.605540" lon="-80.134224">
        <time>2026-08-19T21:37:43Z</time>
      </trkpt>
      <trkpt lat="8.605535" lon="-80.134204">
        <time>2026-08-19T21:37:44Z</time>
      </trkpt>
      <trkpt lat="8.605527" lon="-80.134183">
        <time>2026-08-19T21:37:45Z</time>
      </trkpt>
      <trkpt lat="8.605518" lon="-80.134163">
        <time>2026-08-19T21:37:46Z</time>
      </trkpt>
      <trkpt lat="8.605513" lon="-80.134145">
        <time>2026-08-19T21:37:47Z</time>
      </trkpt>
      <trkpt lat="8.605506" lon="-80.134127">
        <time>2026-08-19T21:37:48Z</time>
      </trkpt>
      <trkpt lat="8.605499" lon="-80.134109">
        <time>2026-08-19T21:37:49Z</time>
      </trkpt>
      <trkpt lat="8.605491" lon="-80.134089">
        <time>2026-08-19T21:37:50Z</time>
      </trkpt>
      <trkpt lat="8.605482" lon="-80.134069">
        <time>2026-08-19T21:37:51Z</time>
      </trkpt>
      <trkpt lat="8.605475" lon="-80.134050">
        <time>2026-08-19T21:37:52Z</time>
      </trkpt>
      <trkpt lat="8.605467" lon="-80.134030">
        <time>2026-08-19T21:37:53Z</time>
      </trkpt>
      <trkpt lat="8.605461" lon="-80.134010">
        <time>2026-08-19T21:37:54Z</time>
      </trkpt>
      <trkpt lat="8.605454" lon="-80.133987">
        <time>2026-08-19T21:37:55Z</time>
      </trkpt>
      <trkpt lat="8.605450" lon="-80.133969">
        <time>2026-08-19T21:37:56Z</time>
      </trkpt>
      <trkpt lat="8.605446" lon="-80.133951">
        <time>2026-08-19T21:37:57Z</time>
      </trkpt>
      <trkpt lat="8.605442" lon="-80.133930">
        <time>2026-08-19T21:37:58Z</time>
      </trkpt>
      <trkpt lat="8.605438" lon="-80.133911">
        <time>2026-08-19T21:37:59Z</time>
      </trkpt>
      <trkpt lat="8.605431" lon="-80.133891">
        <time>2026-08-19T21:38:00Z</time>
      </trkpt>
      <trkpt lat="8.605425" lon="-80.133871">
        <time>2026-08-19T21:38:01Z</time>
      </trkpt>
      <trkpt lat="8.605418" lon="-80.133854">
        <time>2026-08-19T21:38:02Z</time>
      </trkpt>
      <trkpt lat="8.605412" lon="-80.133838">
        <time>2026-08-19T21:38:03Z</time>
      </trkpt>
      <trkpt lat="8.605405" lon="-80.133822">
        <time>2026-08-19T21:38:04Z</time>
      </trkpt>
      <trkpt lat="8.605397" lon="-80.133803">
        <time>2026-08-19T21:38:05Z</time>
      </trkpt>
      <trkpt lat="8.605390" lon="-80.133785">
        <time>2026-08-19T21:38:06Z</time>
      </trkpt>
      <trkpt lat="8.605383" lon="-80.133764">
        <time>2026-08-19T21:38:07Z</time>
      </trkpt>
      <trkpt lat="8.605374" lon="-80.133746">
        <time>2026-08-19T21:38:08Z</time>
      </trkpt>
      <trkpt lat="8.605367" lon="-80.133723">
        <time>2026-08-19T21:38:09Z</time>
      </trkpt>
      <trkpt lat="8.605363" lon="-80.133705">
        <time>2026-08-19T21:38:10Z</time>
      </trkpt>
      <trkpt lat="8.605355" lon="-80.133684">
        <time>2026-08-19T21:38:11Z</time>
      </trkpt>
      <trkpt lat="8.605348" lon="-80.133662">
        <time>2026-08-19T21:38:12Z</time>
      </trkpt>
      <trkpt lat="8.605342" lon="-80.133642">
        <time>2026-08-19T21:38:13Z</time>
      </trkpt>
      <trkpt lat="8.605336" lon="-80.133624">
        <time>2026-08-19T21:38:14Z</time>
      </trkpt>
      <trkpt lat="8.605327" lon="-80.133603">
        <time>2026-08-19T21:38:15Z</time>
      </trkpt>
      <trkpt lat="8.605323" lon="-80.133583">
        <time>2026-08-19T21:38:16Z</time>
      </trkpt>
      <trkpt lat="8.605318" lon="-80.133566">
        <time>2026-08-19T21:38:17Z</time>
      </trkpt>
      <trkpt lat="8.605309" lon="-80.133546">
        <time>2026-08-19T21:38:18Z</time>
      </trkpt>
      <trkpt lat="8.605303" lon="-80.133526">
        <time>2026-08-19T21:38:19Z</time>
      </trkpt>
      <trkpt lat="8.605298" lon="-80.133507">
        <time>2026-08-19T21:38:20Z</time>
      </trkpt>
      <trkpt lat="8.605292" lon="-80.133488">
        <time>2026-08-19T21:38:21Z</time>
      </trkpt>
      <trkpt lat="8.605288" lon="-80.133472">
        <time>2026-08-19T21:38:22Z</time>
      </trkpt>
      <trkpt lat="8.605284" lon="-80.133455">
        <time>2026-08-19T21:38:23Z</time>
      </trkpt>
      <trkpt lat="8.605276" lon="-80.133439">
        <time>2026-08-19T21:38:24Z</time>
      </trkpt>
      <trkpt lat="8.605269" lon="-80.133421">
        <time>2026-08-19T21:38:25Z</time>
      </trkpt>
      <trkpt lat="8.605266" lon="-80.133399">
        <time>2026-08-19T21:38:26Z</time>
      </trkpt>
      <trkpt lat="8.605262" lon="-80.133381">
        <time>2026-08-19T21:38:27Z</time>
      </trkpt>
      <trkpt lat="8.605255" lon="-80.133358">
        <time>2026-08-19T21:38:28Z</time>
      </trkpt>
      <trkpt lat="8.605249" lon="-80.133337">
        <time>2026-08-19T21:38:29Z</time>
      </trkpt>
      <trkpt lat="8.605240" lon="-80.133318">
        <time>2026-08-19T21:38:30Z</time>
      </trkpt>
      <trkpt lat="8.605231" lon="-80.133298">
        <time>2026-08-19T21:38:31Z</time>
      </trkpt>
      <trkpt lat="8.605223" lon="-80.133279">
        <time>2026-08-19T21:38:32Z</time>
      </trkpt>
      <trkpt lat="8.605217" lon="-80.133259">
        <time>2026-08-19T21:38:33Z</time>
      </trkpt>
      <trkpt lat="8.605209" lon="-80.133237">
        <time>2026-08-19T21:38:34Z</time>
      </trkpt>
      <trkpt lat="8.605204" lon="-80.133217">
        <time>2026-08-19T21:38:35Z</time>
      </trkpt>
      <trkpt lat="8.605195" lon="-80.133196">
        <time>2026-08-19T21:38:36Z</time>
      </trkpt>
      <trkpt lat="8.605188" lon="-80.133176">
        <time>2026-08-19T21:38:37Z</time>
      </trkpt>
      <trkpt lat="8.605185" lon="-80.133153">
        <time>2026-08-19T21:38:38Z</time>
      </trkpt>
      <trkpt lat="8.605177" lon="-80.133136">
        <time>2026-08-19T21:38:39Z</time>
      </trkpt>
      <trkpt lat="8.605171" lon="-80.133122">
        <time>2026-08-19T21:38:40Z</time>
      </trkpt>
      <trkpt lat="8.605166" lon="-80.133103">
        <time>2026-08-19T21:38:41Z</time>
      </trkpt>
      <trkpt lat="8.605159" lon="-80.133084">
        <time>2026-08-19T21:38:42Z</time>
      </trkpt>
      <trkpt lat="8.605152" lon="-80.133066">
        <time>2026-08-19T21:38:43Z</time>
      </trkpt>
      <trkpt lat="8.605149" lon="-80.133047">
        <time>2026-08-19T21:38:44Z</time>
      </trkpt>
      <trkpt lat="8.605143" lon="-80.133027">
        <time>2026-08-19T21:38:45Z</time>
      </trkpt>
      <trkpt lat="8.605137" lon="-80.133005">
        <time>2026-08-19T21:38:46Z</time>
      </trkpt>
      <trkpt lat="8.605130" lon="-80.132985">
        <time>2026-08-19T21:38:47Z</time>
      </trkpt>
      <trkpt lat="8.605128" lon="-80.132966">
        <time>2026-08-19T21:38:48Z</time>
      </trkpt>
      <trkpt lat="8.605129" lon="-80.132949">
        <time>2026-08-19T21:38:49Z</time>
      </trkpt>
      <trkpt lat="8.605130" lon="-80.132929">
        <time>2026-08-19T21:38:50Z</time>
      </trkpt>
      <trkpt lat="8.605132" lon="-80.132909">
        <time>2026-08-19T21:38:51Z</time>
      </trkpt>
      <trkpt lat="8.605128" lon="-80.132891">
        <time>2026-08-19T21:38:52Z</time>
      </trkpt>
      <trkpt lat="8.605121" lon="-80.132872">
        <time>2026-08-19T21:38:53Z</time>
      </trkpt>
      <trkpt lat="8.605113" lon="-80.132849">
        <time>2026-08-19T21:38:54Z</time>
      </trkpt>
      <trkpt lat="8.605105" lon="-80.132826">
        <time>2026-08-19T21:38:55Z</time>
      </trkpt>
      <trkpt lat="8.605097" lon="-80.132806">
        <time>2026-08-19T21:38:56Z</time>
      </trkpt>
      <trkpt lat="8.605089" lon="-80.132786">
        <time>2026-08-19T21:38:57Z</time>
      </trkpt>
      <trkpt lat="8.605080" lon="-80.132765">
        <time>2026-08-19T21:38:58Z</time>
      </trkpt>
      <trkpt lat="8.605074" lon="-80.132750">
        <time>2026-08-19T21:38:59Z</time>
      </trkpt>
      <trkpt lat="8.605066" lon="-80.132735">
        <time>2026-08-19T21:39:00Z</time>
      </trkpt>
      <trkpt lat="8.605056" lon="-80.132715">
        <time>2026-08-19T21:39:01Z</time>
      </trkpt>
      <trkpt lat="8.605050" lon="-80.132695">
        <time>2026-08-19T21:39:02Z</time>
      </trkpt>
      <trkpt lat="8.605042" lon="-80.132678">
        <time>2026-08-19T21:39:03Z</time>
      </trkpt>
      <trkpt lat="8.605031" lon="-80.132661">
        <time>2026-08-19T21:39:04Z</time>
      </trkpt>
      <trkpt lat="8.605025" lon="-80.132645">
        <time>2026-08-19T21:39:05Z</time>
      </trkpt>
      <trkpt lat="8.605019" lon="-80.132628">
        <time>2026-08-19T21:39:06Z</time>
      </trkpt>
      <trkpt lat="8.605007" lon="-80.132613">
        <time>2026-08-19T21:39:07Z</time>
      </trkpt>
      <trkpt lat="8.604997" lon="-80.132598">
        <time>2026-08-19T21:39:08Z</time>
      </trkpt>
      <trkpt lat="8.604990" lon="-80.132581">
        <time>2026-08-19T21:39:09Z</time>
      </trkpt>
      <trkpt lat="8.604978" lon="-80.132567">
        <time>2026-08-19T21:39:10Z</time>
      </trkpt>
      <trkpt lat="8.604967" lon="-80.132551">
        <time>2026-08-19T21:39:11Z</time>
      </trkpt>
      <trkpt lat="8.604961" lon="-80.132538">
        <time>2026-08-19T21:39:12Z</time>
      </trkpt>
      <trkpt lat="8.604951" lon="-80.132520">
        <time>2026-08-19T21:39:13Z</time>
      </trkpt>
      <trkpt lat="8.604943" lon="-80.132501">
        <time>2026-08-19T21:39:14Z</time>
      </trkpt>
      <trkpt lat="8.604936" lon="-80.132479">
        <time>2026-08-19T21:39:15Z</time>
      </trkpt>
      <trkpt lat="8.604927" lon="-80.132459">
        <time>2026-08-19T21:39:16Z</time>
      </trkpt>
      <trkpt lat="8.604920" lon="-80.132442">
        <time>2026-08-19T21:39:17Z</time>
      </trkpt>
      <trkpt lat="8.604910" lon="-80.132421">
        <time>2026-08-19T21:39:18Z</time>
      </trkpt>
      <trkpt lat="8.604901" lon="-80.132404">
        <time>2026-08-19T21:39:19Z</time>
      </trkpt>
      <trkpt lat="8.604891" lon="-80.132388">
        <time>2026-08-19T21:39:20Z</time>
      </trkpt>
      <trkpt lat="8.604882" lon="-80.132370">
        <time>2026-08-19T21:39:21Z</time>
      </trkpt>
      <trkpt lat="8.604876" lon="-80.132351">
        <time>2026-08-19T21:39:22Z</time>
      </trkpt>
      <trkpt lat="8.604869" lon="-80.132331">
        <time>2026-08-19T21:39:23Z</time>
      </trkpt>
      <trkpt lat="8.604858" lon="-80.132310">
        <time>2026-08-19T21:39:24Z</time>
      </trkpt>
      <trkpt lat="8.604853" lon="-80.132291">
        <time>2026-08-19T21:39:25Z</time>
      </trkpt>
      <trkpt lat="8.604843" lon="-80.132271">
        <time>2026-08-19T21:39:26Z</time>
      </trkpt>
      <trkpt lat="8.604831" lon="-80.132250">
        <time>2026-08-19T21:39:27Z</time>
      </trkpt>
      <trkpt lat="8.604820" lon="-80.132233">
        <time>2026-08-19T21:39:28Z</time>
      </trkpt>
      <trkpt lat="8.604812" lon="-80.132214">
        <time>2026-08-19T21:39:29Z</time>
      </trkpt>
      <trkpt lat="8.604802" lon="-80.132194">
        <time>2026-08-19T21:39:30Z</time>
      </trkpt>
      <trkpt lat="8.604791" lon="-80.132180">
        <time>2026-08-19T21:39:31Z</time>
      </trkpt>
      <trkpt lat="8.604784" lon="-80.132168">
        <time>2026-08-19T21:39:32Z</time>
      </trkpt>
      <trkpt lat="8.604776" lon="-80.132153">
        <time>2026-08-19T21:39:33Z</time>
      </trkpt>
      <trkpt lat="8.604768" lon="-80.132136">
        <time>2026-08-19T21:39:34Z</time>
      </trkpt>
      <trkpt lat="8.604760" lon="-80.132118">
        <time>2026-08-19T21:39:35Z</time>
      </trkpt>
      <trkpt lat="8.604750" lon="-80.132101">
        <time>2026-08-19T21:39:36Z</time>
      </trkpt>
      <trkpt lat="8.604740" lon="-80.132081">
        <time>2026-08-19T21:39:37Z</time>
      </trkpt>
      <trkpt lat="8.604731" lon="-80.132061">
        <time>2026-08-19T21:39:38Z</time>
      </trkpt>
      <trkpt lat="8.604723" lon="-80.132043">
        <time>2026-08-19T21:39:39Z</time>
      </trkpt>
      <trkpt lat="8.604712" lon="-80.132023">
        <time>2026-08-19T21:39:40Z</time>
      </trkpt>
      <trkpt lat="8.604703" lon="-80.132002">
        <time>2026-08-19T21:39:41Z</time>
      </trkpt>
      <trkpt lat="8.604693" lon="-80.131983">
        <time>2026-08-19T21:39:42Z</time>
      </trkpt>
      <trkpt lat="8.604681" lon="-80.131963">
        <time>2026-08-19T21:39:43Z</time>
      </trkpt>
      <trkpt lat="8.604672" lon="-80.131944">
        <time>2026-08-19T21:39:44Z</time>
      </trkpt>
      <trkpt lat="8.604666" lon="-80.131927">
        <time>2026-08-19T21:39:45Z</time>
      </trkpt>
      <trkpt lat="8.604659" lon="-80.131908">
        <time>2026-08-19T21:39:46Z</time>
      </trkpt>
      <trkpt lat="8.604650" lon="-80.131894">
        <time>2026-08-19T21:39:47Z</time>
      </trkpt>
      <trkpt lat="8.604645" lon="-80.131877">
        <time>2026-08-19T21:39:48Z</time>
      </trkpt>
      <trkpt lat="8.604636" lon="-80.131858">
        <time>2026-08-19T21:39:49Z</time>
      </trkpt>
      <trkpt lat="8.604628" lon="-80.131840">
        <time>2026-08-19T21:39:50Z</time>
      </trkpt>
      <trkpt lat="8.604621" lon="-80.131821">
        <time>2026-08-19T21:39:51Z</time>
      </trkpt>
      <trkpt lat="8.604611" lon="-80.131803">
        <time>2026-08-19T21:39:52Z</time>
      </trkpt>
      <trkpt lat="8.604604" lon="-80.131783">
        <time>2026-08-19T21:39:53Z</time>
      </trkpt>
      <trkpt lat="8.604596" lon="-80.131767">
        <time>2026-08-19T21:39:54Z</time>
      </trkpt>
      <trkpt lat="8.604587" lon="-80.131751">
        <time>2026-08-19T21:39:55Z</time>
      </trkpt>
      <trkpt lat="8.604578" lon="-80.131732">
        <time>2026-08-19T21:39:56Z</time>
      </trkpt>
      <trkpt lat="8.604571" lon="-80.131713">
        <time>2026-08-19T21:39:57Z</time>
      </trkpt>
      <trkpt lat="8.604563" lon="-80.131697">
        <time>2026-08-19T21:39:58Z</time>
      </trkpt>
      <trkpt lat="8.604553" lon="-80.131680">
        <time>2026-08-19T21:39:59Z</time>
      </trkpt>
      <trkpt lat="8.604546" lon="-80.131663">
        <time>2026-08-19T21:40:00Z</time>
      </trkpt>
      <trkpt lat="8.604541" lon="-80.131646">
        <time>2026-08-19T21:40:01Z</time>
      </trkpt>
      <trkpt lat="8.604533" lon="-80.131630">
        <time>2026-08-19T21:40:02Z</time>
      </trkpt>
      <trkpt lat="8.604524" lon="-80.131612">
        <time>2026-08-19T21:40:03Z</time>
      </trkpt>
      <trkpt lat="8.604513" lon="-80.131595">
        <time>2026-08-19T21:40:04Z</time>
      </trkpt>
      <trkpt lat="8.604504" lon="-80.131576">
        <time>2026-08-19T21:40:05Z</time>
      </trkpt>
      <trkpt lat="8.604496" lon="-80.131562">
        <time>2026-08-19T21:40:06Z</time>
      </trkpt>
      <trkpt lat="8.604484" lon="-80.131542">
        <time>2026-08-19T21:40:07Z</time>
      </trkpt>
      <trkpt lat="8.604477" lon="-80.131525">
        <time>2026-08-19T21:40:08Z</time>
      </trkpt>
      <trkpt lat="8.604469" lon="-80.131511">
        <time>2026-08-19T21:40:09Z</time>
      </trkpt>
      <trkpt lat="8.604459" lon="-80.131495">
        <time>2026-08-19T21:40:10Z</time>
      </trkpt>
      <trkpt lat="8.604448" lon="-80.131480">
        <time>2026-08-19T21:40:11Z</time>
      </trkpt>
      <trkpt lat="8.604439" lon="-80.131462">
        <time>2026-08-19T21:40:12Z</time>
      </trkpt>
      <trkpt lat="8.604433" lon="-80.131444">
        <time>2026-08-19T21:40:13Z</time>
      </trkpt>
      <trkpt lat="8.604434" lon="-80.131427">
        <time>2026-08-19T21:40:14Z</time>
      </trkpt>
      <trkpt lat="8.604441" lon="-80.131415">
        <time>2026-08-19T21:40:15Z</time>
      </trkpt>
      <trkpt lat="8.604444" lon="-80.131401">
        <time>2026-08-19T21:40:16Z</time>
      </trkpt>
      <trkpt lat="8.604440" lon="-80.131379">
        <time>2026-08-19T21:40:17Z</time>
      </trkpt>
      <trkpt lat="8.604432" lon="-80.131360">
        <time>2026-08-19T21:40:18Z</time>
      </trkpt>
      <trkpt lat="8.604424" lon="-80.131341">
        <time>2026-08-19T21:40:19Z</time>
      </trkpt>
      <trkpt lat="8.604413" lon="-80.131320">
        <time>2026-08-19T21:40:20Z</time>
      </trkpt>
      <trkpt lat="8.604404" lon="-80.131298">
        <time>2026-08-19T21:40:21Z</time>
      </trkpt>
      <trkpt lat="8.604398" lon="-80.131278">
        <time>2026-08-19T21:40:22Z</time>
      </trkpt>
      <trkpt lat="8.604389" lon="-80.131260">
        <time>2026-08-19T21:40:23Z</time>
      </trkpt>
      <trkpt lat="8.604380" lon="-80.131241">
        <time>2026-08-19T21:40:24Z</time>
      </trkpt>
      <trkpt lat="8.604370" lon="-80.131223">
        <time>2026-08-19T21:40:25Z</time>
      </trkpt>
      <trkpt lat="8.604362" lon="-80.131204">
        <time>2026-08-19T21:40:26Z</time>
      </trkpt>
      <trkpt lat="8.604353" lon="-80.131185">
        <time>2026-08-19T21:40:27Z</time>
      </trkpt>
      <trkpt lat="8.604344" lon="-80.131167">
        <time>2026-08-19T21:40:28Z</time>
      </trkpt>
      <trkpt lat="8.604332" lon="-80.131146">
        <time>2026-08-19T21:40:29Z</time>
      </trkpt>
      <trkpt lat="8.604323" lon="-80.131124">
        <time>2026-08-19T21:40:30Z</time>
      </trkpt>
      <trkpt lat="8.604314" lon="-80.131105">
        <time>2026-08-19T21:40:31Z</time>
      </trkpt>
      <trkpt lat="8.604300" lon="-80.131090">
        <time>2026-08-19T21:40:32Z</time>
      </trkpt>
      <trkpt lat="8.604292" lon="-80.131070">
        <time>2026-08-19T21:40:33Z</time>
      </trkpt>
      <trkpt lat="8.604283" lon="-80.131050">
        <time>2026-08-19T21:40:34Z</time>
      </trkpt>
      <trkpt lat="8.604274" lon="-80.131034">
        <time>2026-08-19T21:40:35Z</time>
      </trkpt>
      <trkpt lat="8.604265" lon="-80.131018">
        <time>2026-08-19T21:40:36Z</time>
      </trkpt>
      <trkpt lat="8.604258" lon="-80.131000">
        <time>2026-08-19T21:40:37Z</time>
      </trkpt>
      <trkpt lat="8.604249" lon="-80.130979">
        <time>2026-08-19T21:40:38Z</time>
      </trkpt>
      <trkpt lat="8.604242" lon="-80.130961">
        <time>2026-08-19T21:40:39Z</time>
      </trkpt>
      <trkpt lat="8.604236" lon="-80.130944">
        <time>2026-08-19T21:40:40Z</time>
      </trkpt>
      <trkpt lat="8.604228" lon="-80.130927">
        <time>2026-08-19T21:40:41Z</time>
      </trkpt>
      <trkpt lat="8.604221" lon="-80.130908">
        <time>2026-08-19T21:40:42Z</time>
      </trkpt>
      <trkpt lat="8.604215" lon="-80.130890">
        <time>2026-08-19T21:40:43Z</time>
      </trkpt>
      <trkpt lat="8.604204" lon="-80.130871">
        <time>2026-08-19T21:40:44Z</time>
      </trkpt>
      <trkpt lat="8.604185" lon="-80.130856">
        <time>2026-08-19T21:40:45Z</time>
      </trkpt>
      <trkpt lat="8.604166" lon="-80.130844">
        <time>2026-08-19T21:40:46Z</time>
      </trkpt>
      <trkpt lat="8.604147" lon="-80.130834">
        <time>2026-08-19T21:40:47Z</time>
      </trkpt>
      <trkpt lat="8.604130" lon="-80.130820">
        <time>2026-08-19T21:40:48Z</time>
      </trkpt>
      <trkpt lat="8.604116" lon="-80.130804">
        <time>2026-08-19T21:40:49Z</time>
      </trkpt>
      <trkpt lat="8.604109" lon="-80.130786">
        <time>2026-08-19T21:40:50Z</time>
      </trkpt>
      <trkpt lat="8.604107" lon="-80.130768">
        <time>2026-08-19T21:40:51Z</time>
      </trkpt>
      <trkpt lat="8.604102" lon="-80.130749">
        <time>2026-08-19T21:40:52Z</time>
      </trkpt>
      <trkpt lat="8.604097" lon="-80.130732">
        <time>2026-08-19T21:40:53Z</time>
      </trkpt>
      <trkpt lat="8.604089" lon="-80.130712">
        <time>2026-08-19T21:40:54Z</time>
      </trkpt>
      <trkpt lat="8.604081" lon="-80.130696">
        <time>2026-08-19T21:40:55Z</time>
      </trkpt>
      <trkpt lat="8.604073" lon="-80.130680">
        <time>2026-08-19T21:40:56Z</time>
      </trkpt>
      <trkpt lat="8.604065" lon="-80.130665">
        <time>2026-08-19T21:40:57Z</time>
      </trkpt>
      <trkpt lat="8.604051" lon="-80.130644">
        <time>2026-08-19T21:40:58Z</time>
      </trkpt>
      <trkpt lat="8.604040" lon="-80.130628">
        <time>2026-08-19T21:40:59Z</time>
      </trkpt>
      <trkpt lat="8.604035" lon="-80.130609">
        <time>2026-08-19T21:41:00Z</time>
      </trkpt>
      <trkpt lat="8.604026" lon="-80.130587">
        <time>2026-08-19T21:41:01Z</time>
      </trkpt>
      <trkpt lat="8.604019" lon="-80.130569">
        <time>2026-08-19T21:41:02Z</time>
      </trkpt>
      <trkpt lat="8.604009" lon="-80.130551">
        <time>2026-08-19T21:41:03Z</time>
      </trkpt>
      <trkpt lat="8.604003" lon="-80.130530">
        <time>2026-08-19T21:41:04Z</time>
      </trkpt>
      <trkpt lat="8.603999" lon="-80.130512">
        <time>2026-08-19T21:41:05Z</time>
      </trkpt>
      <trkpt lat="8.603995" lon="-80.130494">
        <time>2026-08-19T21:41:06Z</time>
      </trkpt>
      <trkpt lat="8.603986" lon="-80.130474">
        <time>2026-08-19T21:41:07Z</time>
      </trkpt>
      <trkpt lat="8.603975" lon="-80.130455">
        <time>2026-08-19T21:41:08Z</time>
      </trkpt>
      <trkpt lat="8.603968" lon="-80.130434">
        <time>2026-08-19T21:41:09Z</time>
      </trkpt>
      <trkpt lat="8.603961" lon="-80.130415">
        <time>2026-08-19T21:41:10Z</time>
      </trkpt>
      <trkpt lat="8.603953" lon="-80.130400">
        <time>2026-08-19T21:41:11Z</time>
      </trkpt>
      <trkpt lat="8.603942" lon="-80.130381">
        <time>2026-08-19T21:41:12Z</time>
      </trkpt>
      <trkpt lat="8.603932" lon="-80.130359">
        <time>2026-08-19T21:41:13Z</time>
      </trkpt>
      <trkpt lat="8.603923" lon="-80.130339">
        <time>2026-08-19T21:41:14Z</time>
      </trkpt>
      <trkpt lat="8.603915" lon="-80.130316">
        <time>2026-08-19T21:41:15Z</time>
      </trkpt>
      <trkpt lat="8.603905" lon="-80.130294">
        <time>2026-08-19T21:41:16Z</time>
      </trkpt>
      <trkpt lat="8.603898" lon="-80.130276">
        <time>2026-08-19T21:41:17Z</time>
      </trkpt>
      <trkpt lat="8.603891" lon="-80.130258">
        <time>2026-08-19T21:41:18Z</time>
      </trkpt>
      <trkpt lat="8.603881" lon="-80.130242">
        <time>2026-08-19T21:41:19Z</time>
      </trkpt>
      <trkpt lat="8.603875" lon="-80.130226">
        <time>2026-08-19T21:41:20Z</time>
      </trkpt>
      <trkpt lat="8.603868" lon="-80.130209">
        <time>2026-08-19T21:41:21Z</time>
      </trkpt>
      <trkpt lat="8.603857" lon="-80.130188">
        <time>2026-08-19T21:41:22Z</time>
      </trkpt>
      <trkpt lat="8.603848" lon="-80.130171">
        <time>2026-08-19T21:41:23Z</time>
      </trkpt>
      <trkpt lat="8.603838" lon="-80.130152">
        <time>2026-08-19T21:41:24Z</time>
      </trkpt>
      <trkpt lat="8.603830" lon="-80.130132">
        <time>2026-08-19T21:41:25Z</time>
      </trkpt>
      <trkpt lat="8.603824" lon="-80.130116">
        <time>2026-08-19T21:41:26Z</time>
      </trkpt>
      <trkpt lat="8.603820" lon="-80.130101">
        <time>2026-08-19T21:41:27Z</time>
      </trkpt>
      <trkpt lat="8.603817" lon="-80.130087">
        <time>2026-08-19T21:41:28Z</time>
      </trkpt>
      <trkpt lat="8.603811" lon="-80.130072">
        <time>2026-08-19T21:41:29Z</time>
      </trkpt>
      <trkpt lat="8.603801" lon="-80.130057">
        <time>2026-08-19T21:41:30Z</time>
      </trkpt>
      <trkpt lat="8.603790" lon="-80.130041">
        <time>2026-08-19T21:41:31Z</time>
      </trkpt>
      <trkpt lat="8.603777" lon="-80.130028">
        <time>2026-08-19T21:41:32Z</time>
      </trkpt>
      <trkpt lat="8.603772" lon="-80.130005">
        <time>2026-08-19T21:41:33Z</time>
      </trkpt>
      <trkpt lat="8.603764" lon="-80.129984">
        <time>2026-08-19T21:41:34Z</time>
      </trkpt>
      <trkpt lat="8.603755" lon="-80.129966">
        <time>2026-08-19T21:41:35Z</time>
      </trkpt>
      <trkpt lat="8.603744" lon="-80.129946">
        <time>2026-08-19T21:41:36Z</time>
      </trkpt>
      <trkpt lat="8.603736" lon="-80.129929">
        <time>2026-08-19T21:41:37Z</time>
      </trkpt>
      <trkpt lat="8.603730" lon="-80.129913">
        <time>2026-08-19T21:41:38Z</time>
      </trkpt>
      <trkpt lat="8.603723" lon="-80.129898">
        <time>2026-08-19T21:41:39Z</time>
      </trkpt>
      <trkpt lat="8.603716" lon="-80.129881">
        <time>2026-08-19T21:41:40Z</time>
      </trkpt>
      <trkpt lat="8.603712" lon="-80.129865">
        <time>2026-08-19T21:41:41Z</time>
      </trkpt>
      <trkpt lat="8.603710" lon="-80.129845">
        <time>2026-08-19T21:41:42Z</time>
      </trkpt>
      <trkpt lat="8.603706" lon="-80.129823">
        <time>2026-08-19T21:41:43Z</time>
      </trkpt>
      <trkpt lat="8.603701" lon="-80.129805">
        <time>2026-08-19T21:41:44Z</time>
      </trkpt>
      <trkpt lat="8.603694" lon="-80.129785">
        <time>2026-08-19T21:41:45Z</time>
      </trkpt>
      <trkpt lat="8.603686" lon="-80.129766">
        <time>2026-08-19T21:41:46Z</time>
      </trkpt>
      <trkpt lat="8.603681" lon="-80.129745">
        <time>2026-08-19T21:41:47Z</time>
      </trkpt>
      <trkpt lat="8.603678" lon="-80.129727">
        <time>2026-08-19T21:41:48Z</time>
      </trkpt>
      <trkpt lat="8.603671" lon="-80.129707">
        <time>2026-08-19T21:41:49Z</time>
      </trkpt>
      <trkpt lat="8.603665" lon="-80.129688">
        <time>2026-08-19T21:41:50Z</time>
      </trkpt>
      <trkpt lat="8.603660" lon="-80.129669">
        <time>2026-08-19T21:41:51Z</time>
      </trkpt>
      <trkpt lat="8.603652" lon="-80.129651">
        <time>2026-08-19T21:41:52Z</time>
      </trkpt>
      <trkpt lat="8.603647" lon="-80.129634">
        <time>2026-08-19T21:41:53Z</time>
      </trkpt>
      <trkpt lat="8.603644" lon="-80.129615">
        <time>2026-08-19T21:41:54Z</time>
      </trkpt>
      <trkpt lat="8.603642" lon="-80.129600">
        <time>2026-08-19T21:41:55Z</time>
      </trkpt>
      <trkpt lat="8.603639" lon="-80.129583">
        <time>2026-08-19T21:41:56Z</time>
      </trkpt>
      <trkpt lat="8.603636" lon="-80.129564">
        <time>2026-08-19T21:41:57Z</time>
      </trkpt>
      <trkpt lat="8.603634" lon="-80.129547">
        <time>2026-08-19T21:41:58Z</time>
      </trkpt>
      <trkpt lat="8.603631" lon="-80.129529">
        <time>2026-08-19T21:41:59Z</time>
      </trkpt>
      <trkpt lat="8.603630" lon="-80.129511">
        <time>2026-08-19T21:42:00Z</time>
      </trkpt>
      <trkpt lat="8.603627" lon="-80.129496">
        <time>2026-08-19T21:42:01Z</time>
      </trkpt>
      <trkpt lat="8.603624" lon="-80.129479">
        <time>2026-08-19T21:42:02Z</time>
      </trkpt>
      <trkpt lat="8.603619" lon="-80.129460">
        <time>2026-08-19T21:42:03Z</time>
      </trkpt>
      <trkpt lat="8.603617" lon="-80.129443">
        <time>2026-08-19T21:42:04Z</time>
      </trkpt>
      <trkpt lat="8.603616" lon="-80.129424">
        <time>2026-08-19T21:42:05Z</time>
      </trkpt>
      <trkpt lat="8.603615" lon="-80.129405">
        <time>2026-08-19T21:42:06Z</time>
      </trkpt>
      <trkpt lat="8.603614" lon="-80.129387">
        <time>2026-08-19T21:42:07Z</time>
      </trkpt>
      <trkpt lat="8.603611" lon="-80.129370">
        <time>2026-08-19T21:42:08Z</time>
      </trkpt>
      <trkpt lat="8.603607" lon="-80.129350">
        <time>2026-08-19T21:42:09Z</time>
      </trkpt>
      <trkpt lat="8.603603" lon="-80.129329">
        <time>2026-08-19T21:42:10Z</time>
      </trkpt>
      <trkpt lat="8.603603" lon="-80.129308">
        <time>2026-08-19T21:42:11Z</time>
      </trkpt>
      <trkpt lat="8.603601" lon="-80.129290">
        <time>2026-08-19T21:42:12Z</time>
      </trkpt>
      <trkpt lat="8.603595" lon="-80.129270">
        <time>2026-08-19T21:42:13Z</time>
      </trkpt>
      <trkpt lat="8.603589" lon="-80.129251">
        <time>2026-08-19T21:42:14Z</time>
      </trkpt>
      <trkpt lat="8.603587" lon="-80.129230">
        <time>2026-08-19T21:42:15Z</time>
      </trkpt>
      <trkpt lat="8.603585" lon="-80.129210">
        <time>2026-08-19T21:42:16Z</time>
      </trkpt>
      <trkpt lat="8.603585" lon="-80.129191">
        <time>2026-08-19T21:42:17Z</time>
      </trkpt>
      <trkpt lat="8.603583" lon="-80.129172">
        <time>2026-08-19T21:42:18Z</time>
      </trkpt>
      <trkpt lat="8.603580" lon="-80.129153">
        <time>2026-08-19T21:42:19Z</time>
      </trkpt>
      <trkpt lat="8.603578" lon="-80.129111">
        <time>2026-08-19T21:42:20Z</time>
      </trkpt>
      <trkpt lat="8.603578" lon="-80.129111">
        <time>2026-08-19T21:42:21Z</time>
      </trkpt>
      <trkpt lat="8.603576" lon="-80.129093">
        <time>2026-08-19T21:42:22Z</time>
      </trkpt>
      <trkpt lat="8.603575" lon="-80.129077">
        <time>2026-08-19T21:42:23Z</time>
      </trkpt>
      <trkpt lat="8.603577" lon="-80.129057">
        <time>2026-08-19T21:42:24Z</time>
      </trkpt>
      <trkpt lat="8.603582" lon="-80.129037">
        <time>2026-08-19T21:42:25Z</time>
      </trkpt>
      <trkpt lat="8.603583" lon="-80.129019">
        <time>2026-08-19T21:42:26Z</time>
      </trkpt>
      <trkpt lat="8.603582" lon="-80.128984">
        <time>2026-08-19T21:42:27Z</time>
      </trkpt>
      <trkpt lat="8.603582" lon="-80.128984">
        <time>2026-08-19T21:42:28Z</time>
      </trkpt>
      <trkpt lat="8.603583" lon="-80.128962">
        <time>2026-08-19T21:42:29Z</time>
      </trkpt>
      <trkpt lat="8.603585" lon="-80.128942">
        <time>2026-08-19T21:42:30Z</time>
      </trkpt>
      <trkpt lat="8.603582" lon="-80.128922">
        <time>2026-08-19T21:42:31Z</time>
      </trkpt>
      <trkpt lat="8.603582" lon="-80.128900">
        <time>2026-08-19T21:42:32Z</time>
      </trkpt>
      <trkpt lat="8.603586" lon="-80.128881">
        <time>2026-08-19T21:42:33Z</time>
      </trkpt>
      <trkpt lat="8.603590" lon="-80.128861">
        <time>2026-08-19T21:42:34Z</time>
      </trkpt>
      <trkpt lat="8.603589" lon="-80.128843">
        <time>2026-08-19T21:42:35Z</time>
      </trkpt>
      <trkpt lat="8.603591" lon="-80.128825">
        <time>2026-08-19T21:42:36Z</time>
      </trkpt>
      <trkpt lat="8.603594" lon="-80.128805">
        <time>2026-08-19T21:42:37Z</time>
      </trkpt>
      <trkpt lat="8.603595" lon="-80.128783">
        <time>2026-08-19T21:42:38Z</time>
      </trkpt>
      <trkpt lat="8.603596" lon="-80.128765">
        <time>2026-08-19T21:42:39Z</time>
      </trkpt>
      <trkpt lat="8.603598" lon="-80.128748">
        <time>2026-08-19T21:42:40Z</time>
      </trkpt>
      <trkpt lat="8.603601" lon="-80.128709">
        <time>2026-08-19T21:42:41Z</time>
      </trkpt>
      <trkpt lat="8.603601" lon="-80.128709">
        <time>2026-08-19T21:42:42Z</time>
      </trkpt>
      <trkpt lat="8.603603" lon="-80.128688">
        <time>2026-08-19T21:42:43Z</time>
      </trkpt>
      <trkpt lat="8.603616" lon="-80.128652">
        <time>2026-08-19T21:42:44Z</time>
      </trkpt>
      <trkpt lat="8.603616" lon="-80.128652">
        <time>2026-08-19T21:42:45Z</time>
      </trkpt>
      <trkpt lat="8.603618" lon="-80.128629">
        <time>2026-08-19T21:42:46Z</time>
      </trkpt>
      <trkpt lat="8.603628" lon="-80.128597">
        <time>2026-08-19T21:42:47Z</time>
      </trkpt>
      <trkpt lat="8.603637" lon="-80.128582">
        <time>2026-08-19T21:42:48Z</time>
      </trkpt>
      <trkpt lat="8.603643" lon="-80.128569">
        <time>2026-08-19T21:42:49Z</time>
      </trkpt>
      <trkpt lat="8.603648" lon="-80.128551">
        <time>2026-08-19T21:42:50Z</time>
      </trkpt>
      <trkpt lat="8.603648" lon="-80.128551">
        <time>2026-08-19T21:42:51Z</time>
      </trkpt>
      <trkpt lat="8.603651" lon="-80.128532">
        <time>2026-08-19T21:42:52Z</time>
      </trkpt>
      <trkpt lat="8.603655" lon="-80.128514">
        <time>2026-08-19T21:42:53Z</time>
      </trkpt>
      <trkpt lat="8.603659" lon="-80.128497">
        <time>2026-08-19T21:42:54Z</time>
      </trkpt>
      <trkpt lat="8.603666" lon="-80.128457">
        <time>2026-08-19T21:42:55Z</time>
      </trkpt>
      <trkpt lat="8.603669" lon="-80.128436">
        <time>2026-08-19T21:42:56Z</time>
      </trkpt>
      <trkpt lat="8.603669" lon="-80.128436">
        <time>2026-08-19T21:42:57Z</time>
      </trkpt>
      <trkpt lat="8.603676" lon="-80.128397">
        <time>2026-08-19T21:42:58Z</time>
      </trkpt>
      <trkpt lat="8.603683" lon="-80.128377">
        <time>2026-08-19T21:42:59Z</time>
      </trkpt>
      <trkpt lat="8.603690" lon="-80.128360">
        <time>2026-08-19T21:43:00Z</time>
      </trkpt>
      <trkpt lat="8.603690" lon="-80.128360">
        <time>2026-08-19T21:43:01Z</time>
      </trkpt>
      <trkpt lat="8.603692" lon="-80.128342">
        <time>2026-08-19T21:43:02Z</time>
      </trkpt>
      <trkpt lat="8.603697" lon="-80.128323">
        <time>2026-08-19T21:43:03Z</time>
      </trkpt>
      <trkpt lat="8.603703" lon="-80.128306">
        <time>2026-08-19T21:43:04Z</time>
      </trkpt>
      <trkpt lat="8.603712" lon="-80.128273">
        <time>2026-08-19T21:43:05Z</time>
      </trkpt>
      <trkpt lat="8.603712" lon="-80.128273">
        <time>2026-08-19T21:43:06Z</time>
      </trkpt>
      <trkpt lat="8.603718" lon="-80.128257">
        <time>2026-08-19T21:43:07Z</time>
      </trkpt>
      <trkpt lat="8.603722" lon="-80.128242">
        <time>2026-08-19T21:43:08Z</time>
      </trkpt>
      <trkpt lat="8.603723" lon="-80.128225">
        <time>2026-08-19T21:43:09Z</time>
      </trkpt>
      <trkpt lat="8.603727" lon="-80.128207">
        <time>2026-08-19T21:43:10Z</time>
      </trkpt>
      <trkpt lat="8.603730" lon="-80.128189">
        <time>2026-08-19T21:43:11Z</time>
      </trkpt>
      <trkpt lat="8.603735" lon="-80.128172">
        <time>2026-08-19T21:43:12Z</time>
      </trkpt>
      <trkpt lat="8.603738" lon="-80.128155">
        <time>2026-08-19T21:43:13Z</time>
      </trkpt>
      <trkpt lat="8.603748" lon="-80.128119">
        <time>2026-08-19T21:43:14Z</time>
      </trkpt>
      <trkpt lat="8.603750" lon="-80.128102">
        <time>2026-08-19T21:43:15Z</time>
      </trkpt>
      <trkpt lat="8.603754" lon="-80.128085">
        <time>2026-08-19T21:43:16Z</time>
      </trkpt>
      <trkpt lat="8.603758" lon="-80.128067">
        <time>2026-08-19T21:43:17Z</time>
      </trkpt>
      <trkpt lat="8.603765" lon="-80.128051">
        <time>2026-08-19T21:43:18Z</time>
      </trkpt>
      <trkpt lat="8.603765" lon="-80.128051">
        <time>2026-08-19T21:43:19Z</time>
      </trkpt>
      <trkpt lat="8.603764" lon="-80.128015">
        <time>2026-08-19T21:43:20Z</time>
      </trkpt>
      <trkpt lat="8.603764" lon="-80.128015">
        <time>2026-08-19T21:43:21Z</time>
      </trkpt>
      <trkpt lat="8.603767" lon="-80.127994">
        <time>2026-08-19T21:43:22Z</time>
      </trkpt>
      <trkpt lat="8.603771" lon="-80.127975">
        <time>2026-08-19T21:43:23Z</time>
      </trkpt>
      <trkpt lat="8.603775" lon="-80.127955">
        <time>2026-08-19T21:43:24Z</time>
      </trkpt>
      <trkpt lat="8.603779" lon="-80.127937">
        <time>2026-08-19T21:43:25Z</time>
      </trkpt>
      <trkpt lat="8.603781" lon="-80.127919">
        <time>2026-08-19T21:43:26Z</time>
      </trkpt>
      <trkpt lat="8.603782" lon="-80.127902">
        <time>2026-08-19T21:43:27Z</time>
      </trkpt>
      <trkpt lat="8.603787" lon="-80.127869">
        <time>2026-08-19T21:43:28Z</time>
      </trkpt>
      <trkpt lat="8.603787" lon="-80.127869">
        <time>2026-08-19T21:43:29Z</time>
      </trkpt>
      <trkpt lat="8.603790" lon="-80.127850">
        <time>2026-08-19T21:43:30Z</time>
      </trkpt>
      <trkpt lat="8.603794" lon="-80.127833">
        <time>2026-08-19T21:43:31Z</time>
      </trkpt>
      <trkpt lat="8.603797" lon="-80.127815">
        <time>2026-08-19T21:43:32Z</time>
      </trkpt>
      <trkpt lat="8.603800" lon="-80.127799">
        <time>2026-08-19T21:43:33Z</time>
      </trkpt>
      <trkpt lat="8.603805" lon="-80.127781">
        <time>2026-08-19T21:43:34Z</time>
      </trkpt>
      <trkpt lat="8.603812" lon="-80.127744">
        <time>2026-08-19T21:43:35Z</time>
      </trkpt>
      <trkpt lat="8.603814" lon="-80.127723">
        <time>2026-08-19T21:43:36Z</time>
      </trkpt>
      <trkpt lat="8.603817" lon="-80.127708">
        <time>2026-08-19T21:43:37Z</time>
      </trkpt>
      <trkpt lat="8.603817" lon="-80.127708">
        <time>2026-08-19T21:43:38Z</time>
      </trkpt>
      <trkpt lat="8.603820" lon="-80.127691">
        <time>2026-08-19T21:43:39Z</time>
      </trkpt>
      <trkpt lat="8.603825" lon="-80.127674">
        <time>2026-08-19T21:43:40Z</time>
      </trkpt>
      <trkpt lat="8.603830" lon="-80.127656">
        <time>2026-08-19T21:43:41Z</time>
      </trkpt>
      <trkpt lat="8.603833" lon="-80.127623">
        <time>2026-08-19T21:43:42Z</time>
      </trkpt>
      <trkpt lat="8.603833" lon="-80.127623">
        <time>2026-08-19T21:43:43Z</time>
      </trkpt>
      <trkpt lat="8.603836" lon="-80.127606">
        <time>2026-08-19T21:43:44Z</time>
      </trkpt>
      <trkpt lat="8.603838" lon="-80.127590">
        <time>2026-08-19T21:43:45Z</time>
      </trkpt>
      <trkpt lat="8.603840" lon="-80.127575">
        <time>2026-08-19T21:43:46Z</time>
      </trkpt>
      <trkpt lat="8.603845" lon="-80.127559">
        <time>2026-08-19T21:43:47Z</time>
      </trkpt>
      <trkpt lat="8.603857" lon="-80.127527">
        <time>2026-08-19T21:43:48Z</time>
      </trkpt>
      <trkpt lat="8.603857" lon="-80.127527">
        <time>2026-08-19T21:43:49Z</time>
      </trkpt>
      <trkpt lat="8.603861" lon="-80.127514">
        <time>2026-08-19T21:43:50Z</time>
      </trkpt>
      <trkpt lat="8.603865" lon="-80.127498">
        <time>2026-08-19T21:43:51Z</time>
      </trkpt>
      <trkpt lat="8.603872" lon="-80.127477">
        <time>2026-08-19T21:43:52Z</time>
      </trkpt>
      <trkpt lat="8.603877" lon="-80.127457">
        <time>2026-08-19T21:43:53Z</time>
      </trkpt>
      <trkpt lat="8.603881" lon="-80.127439">
        <time>2026-08-19T21:43:54Z</time>
      </trkpt>
      <trkpt lat="8.603893" lon="-80.127407">
        <time>2026-08-19T21:43:55Z</time>
      </trkpt>
      <trkpt lat="8.603893" lon="-80.127407">
        <time>2026-08-19T21:43:56Z</time>
      </trkpt>
      <trkpt lat="8.603897" lon="-80.127389">
        <time>2026-08-19T21:43:57Z</time>
      </trkpt>
      <trkpt lat="8.603902" lon="-80.127368">
        <time>2026-08-19T21:43:58Z</time>
      </trkpt>
      <trkpt lat="8.603910" lon="-80.127349">
        <time>2026-08-19T21:43:59Z</time>
      </trkpt>
      <trkpt lat="8.603918" lon="-80.127331">
        <time>2026-08-19T21:44:00Z</time>
      </trkpt>
      <trkpt lat="8.603927" lon="-80.127312">
        <time>2026-08-19T21:44:01Z</time>
      </trkpt>
      <trkpt lat="8.603940" lon="-80.127271">
        <time>2026-08-19T21:44:02Z</time>
      </trkpt>
      <trkpt lat="8.603940" lon="-80.127271">
        <time>2026-08-19T21:44:03Z</time>
      </trkpt>
      <trkpt lat="8.603947" lon="-80.127231">
        <time>2026-08-19T21:44:04Z</time>
      </trkpt>
      <trkpt lat="8.603947" lon="-80.127231">
        <time>2026-08-19T21:44:05Z</time>
      </trkpt>
      <trkpt lat="8.603951" lon="-80.127212">
        <time>2026-08-19T21:44:06Z</time>
      </trkpt>
      <trkpt lat="8.603954" lon="-80.127192">
        <time>2026-08-19T21:44:07Z</time>
      </trkpt>
      <trkpt lat="8.603961" lon="-80.127173">
        <time>2026-08-19T21:44:08Z</time>
      </trkpt>
      <trkpt lat="8.603965" lon="-80.127153">
        <time>2026-08-19T21:44:09Z</time>
      </trkpt>
      <trkpt lat="8.603970" lon="-80.127133">
        <time>2026-08-19T21:44:10Z</time>
      </trkpt>
      <trkpt lat="8.603976" lon="-80.127113">
        <time>2026-08-19T21:44:11Z</time>
      </trkpt>
      <trkpt lat="8.603981" lon="-80.127094">
        <time>2026-08-19T21:44:12Z</time>
      </trkpt>
      <trkpt lat="8.603985" lon="-80.127076">
        <time>2026-08-19T21:44:13Z</time>
      </trkpt>
      <trkpt lat="8.603988" lon="-80.127057">
        <time>2026-08-19T21:44:14Z</time>
      </trkpt>
      <trkpt lat="8.603992" lon="-80.127037">
        <time>2026-08-19T21:44:15Z</time>
      </trkpt>
      <trkpt lat="8.603995" lon="-80.127018">
        <time>2026-08-19T21:44:16Z</time>
      </trkpt>
      <trkpt lat="8.604000" lon="-80.127000">
        <time>2026-08-19T21:44:17Z</time>
      </trkpt>
      <trkpt lat="8.604004" lon="-80.126982">
        <time>2026-08-19T21:44:18Z</time>
      </trkpt>
      <trkpt lat="8.604009" lon="-80.126967">
        <time>2026-08-19T21:44:19Z</time>
      </trkpt>
      <trkpt lat="8.604017" lon="-80.126929">
        <time>2026-08-19T21:44:20Z</time>
      </trkpt>
      <trkpt lat="8.604017" lon="-80.126929">
        <time>2026-08-19T21:44:21Z</time>
      </trkpt>
      <trkpt lat="8.604020" lon="-80.126911">
        <time>2026-08-19T21:44:22Z</time>
      </trkpt>
      <trkpt lat="8.604025" lon="-80.126892">
        <time>2026-08-19T21:44:23Z</time>
      </trkpt>
      <trkpt lat="8.604027" lon="-80.126872">
        <time>2026-08-19T21:44:24Z</time>
      </trkpt>
      <trkpt lat="8.604029" lon="-80.126851">
        <time>2026-08-19T21:44:25Z</time>
      </trkpt>
      <trkpt lat="8.604033" lon="-80.126832">
        <time>2026-08-19T21:44:26Z</time>
      </trkpt>
      <trkpt lat="8.604034" lon="-80.126815">
        <time>2026-08-19T21:44:27Z</time>
      </trkpt>
      <trkpt lat="8.604033" lon="-80.126797">
        <time>2026-08-19T21:44:28Z</time>
      </trkpt>
      <trkpt lat="8.604035" lon="-80.126782">
        <time>2026-08-19T21:44:29Z</time>
      </trkpt>
      <trkpt lat="8.604040" lon="-80.126766">
        <time>2026-08-19T21:44:30Z</time>
      </trkpt>
      <trkpt lat="8.604043" lon="-80.126747">
        <time>2026-08-19T21:44:31Z</time>
      </trkpt>
      <trkpt lat="8.604044" lon="-80.126727">
        <time>2026-08-19T21:44:32Z</time>
      </trkpt>
      <trkpt lat="8.604050" lon="-80.126711">
        <time>2026-08-19T21:44:33Z</time>
      </trkpt>
      <trkpt lat="8.604057" lon="-80.126695">
        <time>2026-08-19T21:44:34Z</time>
      </trkpt>
      <trkpt lat="8.604060" lon="-80.126677">
        <time>2026-08-19T21:44:35Z</time>
      </trkpt>
      <trkpt lat="8.604063" lon="-80.126658">
        <time>2026-08-19T21:44:36Z</time>
      </trkpt>
      <trkpt lat="8.604068" lon="-80.126639">
        <time>2026-08-19T21:44:37Z</time>
      </trkpt>
      <trkpt lat="8.604072" lon="-80.126603">
        <time>2026-08-19T21:44:38Z</time>
      </trkpt>
      <trkpt lat="8.604074" lon="-80.126585">
        <time>2026-08-19T21:44:39Z</time>
      </trkpt>
      <trkpt lat="8.604081" lon="-80.126565">
        <time>2026-08-19T21:44:40Z</time>
      </trkpt>
      <trkpt lat="8.604085" lon="-80.126543">
        <time>2026-08-19T21:44:41Z</time>
      </trkpt>
      <trkpt lat="8.604085" lon="-80.126543">
        <time>2026-08-19T21:44:42Z</time>
      </trkpt>
      <trkpt lat="8.604093" lon="-80.126524">
        <time>2026-08-19T21:44:43Z</time>
      </trkpt>
      <trkpt lat="8.604097" lon="-80.126487">
        <time>2026-08-19T21:44:44Z</time>
      </trkpt>
      <trkpt lat="8.604097" lon="-80.126487">
        <time>2026-08-19T21:44:45Z</time>
      </trkpt>
      <trkpt lat="8.604096" lon="-80.126466">
        <time>2026-08-19T21:44:46Z</time>
      </trkpt>
      <trkpt lat="8.604101" lon="-80.126450">
        <time>2026-08-19T21:44:47Z</time>
      </trkpt>
      <trkpt lat="8.604107" lon="-80.126434">
        <time>2026-08-19T21:44:48Z</time>
      </trkpt>
      <trkpt lat="8.604110" lon="-80.126417">
        <time>2026-08-19T21:44:49Z</time>
      </trkpt>
      <trkpt lat="8.604119" lon="-80.126383">
        <time>2026-08-19T21:44:50Z</time>
      </trkpt>
      <trkpt lat="8.604123" lon="-80.126366">
        <time>2026-08-19T21:44:51Z</time>
      </trkpt>
      <trkpt lat="8.604123" lon="-80.126366">
        <time>2026-08-19T21:44:52Z</time>
      </trkpt>
      <trkpt lat="8.604127" lon="-80.126351">
        <time>2026-08-19T21:44:53Z</time>
      </trkpt>
      <trkpt lat="8.604133" lon="-80.126332">
        <time>2026-08-19T21:44:54Z</time>
      </trkpt>
      <trkpt lat="8.604133" lon="-80.126295">
        <time>2026-08-19T21:44:55Z</time>
      </trkpt>
      <trkpt lat="8.604140" lon="-80.126280">
        <time>2026-08-19T21:44:56Z</time>
      </trkpt>
      <trkpt lat="8.604146" lon="-80.126266">
        <time>2026-08-19T21:44:57Z</time>
      </trkpt>
      <trkpt lat="8.604153" lon="-80.126250">
        <time>2026-08-19T21:44:58Z</time>
      </trkpt>
      <trkpt lat="8.604157" lon="-80.126232">
        <time>2026-08-19T21:44:59Z</time>
      </trkpt>
      <trkpt lat="8.604161" lon="-80.126211">
        <time>2026-08-19T21:45:00Z</time>
      </trkpt>
      <trkpt lat="8.604161" lon="-80.126211">
        <time>2026-08-19T21:45:01Z</time>
      </trkpt>
      <trkpt lat="8.604164" lon="-80.126192">
        <time>2026-08-19T21:45:02Z</time>
      </trkpt>
      <trkpt lat="8.604166" lon="-80.126175">
        <time>2026-08-19T21:45:03Z</time>
      </trkpt>
      <trkpt lat="8.604169" lon="-80.126157">
        <time>2026-08-19T21:45:04Z</time>
      </trkpt>
      <trkpt lat="8.604173" lon="-80.126141">
        <time>2026-08-19T21:45:05Z</time>
      </trkpt>
      <trkpt lat="8.604177" lon="-80.126122">
        <time>2026-08-19T21:45:06Z</time>
      </trkpt>
      <trkpt lat="8.604176" lon="-80.126101">
        <time>2026-08-19T21:45:07Z</time>
      </trkpt>
      <trkpt lat="8.604181" lon="-80.126062">
        <time>2026-08-19T21:45:08Z</time>
      </trkpt>
      <trkpt lat="8.604181" lon="-80.126062">
        <time>2026-08-19T21:45:09Z</time>
      </trkpt>
      <trkpt lat="8.604185" lon="-80.126045">
        <time>2026-08-19T21:45:10Z</time>
      </trkpt>
      <trkpt lat="8.604189" lon="-80.126028">
        <time>2026-08-19T21:45:11Z</time>
      </trkpt>
      <trkpt lat="8.604193" lon="-80.126012">
        <time>2026-08-19T21:45:12Z</time>
      </trkpt>
      <trkpt lat="8.604202" lon="-80.125976">
        <time>2026-08-19T21:45:13Z</time>
      </trkpt>
      <trkpt lat="8.604202" lon="-80.125976">
        <time>2026-08-19T21:45:14Z</time>
      </trkpt>
      <trkpt lat="8.604202" lon="-80.125954">
        <time>2026-08-19T21:45:15Z</time>
      </trkpt>
      <trkpt lat="8.604203" lon="-80.125930">
        <time>2026-08-19T21:45:16Z</time>
      </trkpt>
      <trkpt lat="8.604204" lon="-80.125912">
        <time>2026-08-19T21:45:17Z</time>
      </trkpt>
      <trkpt lat="8.604200" lon="-80.125871">
        <time>2026-08-19T21:45:18Z</time>
      </trkpt>
      <trkpt lat="8.604201" lon="-80.125851">
        <time>2026-08-19T21:45:19Z</time>
      </trkpt>
      <trkpt lat="8.604202" lon="-80.125832">
        <time>2026-08-19T21:45:20Z</time>
      </trkpt>
      <trkpt lat="8.604202" lon="-80.125832">
        <time>2026-08-19T21:45:21Z</time>
      </trkpt>
      <trkpt lat="8.604204" lon="-80.125798">
        <time>2026-08-19T21:45:22Z</time>
      </trkpt>
      <trkpt lat="8.604204" lon="-80.125798">
        <time>2026-08-19T21:45:23Z</time>
      </trkpt>
      <trkpt lat="8.604208" lon="-80.125781">
        <time>2026-08-19T21:45:24Z</time>
      </trkpt>
      <trkpt lat="8.604211" lon="-80.125764">
        <time>2026-08-19T21:45:25Z</time>
      </trkpt>
      <trkpt lat="8.604212" lon="-80.125750">
        <time>2026-08-19T21:45:26Z</time>
      </trkpt>
      <trkpt lat="8.604214" lon="-80.125733">
        <time>2026-08-19T21:45:27Z</time>
      </trkpt>
      <trkpt lat="8.604216" lon="-80.125716">
        <time>2026-08-19T21:45:28Z</time>
      </trkpt>
      <trkpt lat="8.604216" lon="-80.125698">
        <time>2026-08-19T21:45:29Z</time>
      </trkpt>
      <trkpt lat="8.604214" lon="-80.125677">
        <time>2026-08-19T21:45:30Z</time>
      </trkpt>
      <trkpt lat="8.604212" lon="-80.125652">
        <time>2026-08-19T21:45:31Z</time>
      </trkpt>
      <trkpt lat="8.604211" lon="-80.125634">
        <time>2026-08-19T21:45:32Z</time>
      </trkpt>
      <trkpt lat="8.604208" lon="-80.125615">
        <time>2026-08-19T21:45:33Z</time>
      </trkpt>
      <trkpt lat="8.604204" lon="-80.125599">
        <time>2026-08-19T21:45:34Z</time>
      </trkpt>
      <trkpt lat="8.604207" lon="-80.125570">
        <time>2026-08-19T21:45:35Z</time>
      </trkpt>
      <trkpt lat="8.604205" lon="-80.125555">
        <time>2026-08-19T21:45:36Z</time>
      </trkpt>
      <trkpt lat="8.604205" lon="-80.125555">
        <time>2026-08-19T21:45:37Z</time>
      </trkpt>
      <trkpt lat="8.604204" lon="-80.125521">
        <time>2026-08-19T21:45:38Z</time>
      </trkpt>
      <trkpt lat="8.604204" lon="-80.125521">
        <time>2026-08-19T21:45:39Z</time>
      </trkpt>
      <trkpt lat="8.604201" lon="-80.125506">
        <time>2026-08-19T21:45:40Z</time>
      </trkpt>
      <trkpt lat="8.604203" lon="-80.125472">
        <time>2026-08-19T21:45:41Z</time>
      </trkpt>
      <trkpt lat="8.604203" lon="-80.125472">
        <time>2026-08-19T21:45:42Z</time>
      </trkpt>
      <trkpt lat="8.604200" lon="-80.125433">
        <time>2026-08-19T21:45:43Z</time>
      </trkpt>
      <trkpt lat="8.604200" lon="-80.125433">
        <time>2026-08-19T21:45:44Z</time>
      </trkpt>
      <trkpt lat="8.604199" lon="-80.125415">
        <time>2026-08-19T21:45:45Z</time>
      </trkpt>
      <trkpt lat="8.604198" lon="-80.125395">
        <time>2026-08-19T21:45:46Z</time>
      </trkpt>
      <trkpt lat="8.604197" lon="-80.125380">
        <time>2026-08-19T21:45:47Z</time>
      </trkpt>
      <trkpt lat="8.604196" lon="-80.125364">
        <time>2026-08-19T21:45:48Z</time>
      </trkpt>
      <trkpt lat="8.604194" lon="-80.125328">
        <time>2026-08-19T21:45:49Z</time>
      </trkpt>
      <trkpt lat="8.604195" lon="-80.125315">
        <time>2026-08-19T21:45:50Z</time>
      </trkpt>
      <trkpt lat="8.604196" lon="-80.125301">
        <time>2026-08-19T21:45:51Z</time>
      </trkpt>
      <trkpt lat="8.604194" lon="-80.125284">
        <time>2026-08-19T21:45:52Z</time>
      </trkpt>
      <trkpt lat="8.604194" lon="-80.125284">
        <time>2026-08-19T21:45:53Z</time>
      </trkpt>
      <trkpt lat="8.604194" lon="-80.125265">
        <time>2026-08-19T21:45:54Z</time>
      </trkpt>
      <trkpt lat="8.604193" lon="-80.125246">
        <time>2026-08-19T21:45:55Z</time>
      </trkpt>
      <trkpt lat="8.604199" lon="-80.125214">
        <time>2026-08-19T21:45:56Z</time>
      </trkpt>
      <trkpt lat="8.604199" lon="-80.125196">
        <time>2026-08-19T21:45:57Z</time>
      </trkpt>
      <trkpt lat="8.604200" lon="-80.125176">
        <time>2026-08-19T21:45:58Z</time>
      </trkpt>
      <trkpt lat="8.604203" lon="-80.125161">
        <time>2026-08-19T21:45:59Z</time>
      </trkpt>
      <trkpt lat="8.604205" lon="-80.125144">
        <time>2026-08-19T21:46:00Z</time>
      </trkpt>
      <trkpt lat="8.604205" lon="-80.125144">
        <time>2026-08-19T21:46:01Z</time>
      </trkpt>
      <trkpt lat="8.604206" lon="-80.125107">
        <time>2026-08-19T21:46:02Z</time>
      </trkpt>
      <trkpt lat="8.604206" lon="-80.125092">
        <time>2026-08-19T21:46:03Z</time>
      </trkpt>
      <trkpt lat="8.604206" lon="-80.125092">
        <time>2026-08-19T21:46:04Z</time>
      </trkpt>
      <trkpt lat="8.604211" lon="-80.125053">
        <time>2026-08-19T21:46:05Z</time>
      </trkpt>
      <trkpt lat="8.604212" lon="-80.125032">
        <time>2026-08-19T21:46:06Z</time>
      </trkpt>
      <trkpt lat="8.604213" lon="-80.125013">
        <time>2026-08-19T21:46:07Z</time>
      </trkpt>
      <trkpt lat="8.604213" lon="-80.124992">
        <time>2026-08-19T21:46:08Z</time>
      </trkpt>
      <trkpt lat="8.604213" lon="-80.124973">
        <time>2026-08-19T21:46:09Z</time>
      </trkpt>
      <trkpt lat="8.604215" lon="-80.124952">
        <time>2026-08-19T21:46:10Z</time>
      </trkpt>
      <trkpt lat="8.604215" lon="-80.124952">
        <time>2026-08-19T21:46:11Z</time>
      </trkpt>
      <trkpt lat="8.604215" lon="-80.124931">
        <time>2026-08-19T21:46:12Z</time>
      </trkpt>
      <trkpt lat="8.604216" lon="-80.124897">
        <time>2026-08-19T21:46:13Z</time>
      </trkpt>
      <trkpt lat="8.604214" lon="-80.124883">
        <time>2026-08-19T21:46:14Z</time>
      </trkpt>
      <trkpt lat="8.604211" lon="-80.124867">
        <time>2026-08-19T21:46:15Z</time>
      </trkpt>
      <trkpt lat="8.604209" lon="-80.124853">
        <time>2026-08-19T21:46:16Z</time>
      </trkpt>
      <trkpt lat="8.604208" lon="-80.124842">
        <time>2026-08-19T21:46:17Z</time>
      </trkpt>
      <trkpt lat="8.604210" lon="-80.124831">
        <time>2026-08-19T21:46:18Z</time>
      </trkpt>
      <trkpt lat="8.604210" lon="-80.124831">
        <time>2026-08-19T21:46:19Z</time>
      </trkpt>
      <trkpt lat="8.604211" lon="-80.124820">
        <time>2026-08-19T21:46:20Z</time>
      </trkpt>
      <trkpt lat="8.604210" lon="-80.124804">
        <time>2026-08-19T21:46:21Z</time>
      </trkpt>
      <trkpt lat="8.604208" lon="-80.124790">
        <time>2026-08-19T21:46:22Z</time>
      </trkpt>
      <trkpt lat="8.604210" lon="-80.124760">
        <time>2026-08-19T21:46:23Z</time>
      </trkpt>
      <trkpt lat="8.604210" lon="-80.124747">
        <time>2026-08-19T21:46:24Z</time>
      </trkpt>
      <trkpt lat="8.604212" lon="-80.124729">
        <time>2026-08-19T21:46:25Z</time>
      </trkpt>
      <trkpt lat="8.604213" lon="-80.124713">
        <time>2026-08-19T21:46:26Z</time>
      </trkpt>
      <trkpt lat="8.604214" lon="-80.124693">
        <time>2026-08-19T21:46:27Z</time>
      </trkpt>
      <trkpt lat="8.604215" lon="-80.124674">
        <time>2026-08-19T21:46:28Z</time>
      </trkpt>
      <trkpt lat="8.604216" lon="-80.124654">
        <time>2026-08-19T21:46:29Z</time>
      </trkpt>
      <trkpt lat="8.604216" lon="-80.124654">
        <time>2026-08-19T21:46:30Z</time>
      </trkpt>
      <trkpt lat="8.604218" lon="-80.124637">
        <time>2026-08-19T21:46:31Z</time>
      </trkpt>
      <trkpt lat="8.604220" lon="-80.124619">
        <time>2026-08-19T21:46:32Z</time>
      </trkpt>
      <trkpt lat="8.604221" lon="-80.124602">
        <time>2026-08-19T21:46:33Z</time>
      </trkpt>
      <trkpt lat="8.604225" lon="-80.124574">
        <time>2026-08-19T21:46:34Z</time>
      </trkpt>
      <trkpt lat="8.604228" lon="-80.124564">
        <time>2026-08-19T21:46:35Z</time>
      </trkpt>
      <trkpt lat="8.604228" lon="-80.124564">
        <time>2026-08-19T21:46:36Z</time>
      </trkpt>
      <trkpt lat="8.604229" lon="-80.124551">
        <time>2026-08-19T21:46:37Z</time>
      </trkpt>
      <trkpt lat="8.604230" lon="-80.124538">
        <time>2026-08-19T21:46:38Z</time>
      </trkpt>
      <trkpt lat="8.604232" lon="-80.124524">
        <time>2026-08-19T21:46:39Z</time>
      </trkpt>
      <trkpt lat="8.604235" lon="-80.124511">
        <time>2026-08-19T21:46:40Z</time>
      </trkpt>
      <trkpt lat="8.604238" lon="-80.124497">
        <time>2026-08-19T21:46:41Z</time>
      </trkpt>
      <trkpt lat="8.604238" lon="-80.124482">
        <time>2026-08-19T21:46:42Z</time>
      </trkpt>
      <trkpt lat="8.604242" lon="-80.124467">
        <time>2026-08-19T21:46:43Z</time>
      </trkpt>
      <trkpt lat="8.604248" lon="-80.124451">
        <time>2026-08-19T21:46:44Z</time>
      </trkpt>
      <trkpt lat="8.604248" lon="-80.124436">
        <time>2026-08-19T21:46:45Z</time>
      </trkpt>
      <trkpt lat="8.604249" lon="-80.124420">
        <time>2026-08-19T21:46:46Z</time>
      </trkpt>
      <trkpt lat="8.604249" lon="-80.124405">
        <time>2026-08-19T21:46:47Z</time>
      </trkpt>
      <trkpt lat="8.604251" lon="-80.124388">
        <time>2026-08-19T21:46:48Z</time>
      </trkpt>
      <trkpt lat="8.604252" lon="-80.124373">
        <time>2026-08-19T21:46:49Z</time>
      </trkpt>
      <trkpt lat="8.604253" lon="-80.124356">
        <time>2026-08-19T21:46:50Z</time>
      </trkpt>
      <trkpt lat="8.604253" lon="-80.124337">
        <time>2026-08-19T21:46:51Z</time>
      </trkpt>
      <trkpt lat="8.604255" lon="-80.124318">
        <time>2026-08-19T21:46:52Z</time>
      </trkpt>
      <trkpt lat="8.604255" lon="-80.124301">
        <time>2026-08-19T21:46:53Z</time>
      </trkpt>
      <trkpt lat="8.604254" lon="-80.124283">
        <time>2026-08-19T21:46:54Z</time>
      </trkpt>
      <trkpt lat="8.604252" lon="-80.124262">
        <time>2026-08-19T21:46:55Z</time>
      </trkpt>
      <trkpt lat="8.604252" lon="-80.124245">
        <time>2026-08-19T21:46:56Z</time>
      </trkpt>
      <trkpt lat="8.604251" lon="-80.124230">
        <time>2026-08-19T21:46:57Z</time>
      </trkpt>
      <trkpt lat="8.604251" lon="-80.124215">
        <time>2026-08-19T21:46:58Z</time>
      </trkpt>
      <trkpt lat="8.604249" lon="-80.124199">
        <time>2026-08-19T21:46:59Z</time>
      </trkpt>
      <trkpt lat="8.604250" lon="-80.124183">
        <time>2026-08-19T21:47:00Z</time>
      </trkpt>
      <trkpt lat="8.604251" lon="-80.124166">
        <time>2026-08-19T21:47:01Z</time>
      </trkpt>
      <trkpt lat="8.604251" lon="-80.124151">
        <time>2026-08-19T21:47:02Z</time>
      </trkpt>
      <trkpt lat="8.604252" lon="-80.124131">
        <time>2026-08-19T21:47:03Z</time>
      </trkpt>
      <trkpt lat="8.604251" lon="-80.124113">
        <time>2026-08-19T21:47:04Z</time>
      </trkpt>
      <trkpt lat="8.604250" lon="-80.124095">
        <time>2026-08-19T21:47:05Z</time>
      </trkpt>
      <trkpt lat="8.604247" lon="-80.124076">
        <time>2026-08-19T21:47:06Z</time>
      </trkpt>
      <trkpt lat="8.604248" lon="-80.124059">
        <time>2026-08-19T21:47:07Z</time>
      </trkpt>
      <trkpt lat="8.604248" lon="-80.124042">
        <time>2026-08-19T21:47:08Z</time>
      </trkpt>
      <trkpt lat="8.604249" lon="-80.124027">
        <time>2026-08-19T21:47:09Z</time>
      </trkpt>
      <trkpt lat="8.604254" lon="-80.124014">
        <time>2026-08-19T21:47:10Z</time>
      </trkpt>
      <trkpt lat="8.604259" lon="-80.123999">
        <time>2026-08-19T21:47:11Z</time>
      </trkpt>
      <trkpt lat="8.604261" lon="-80.123983">
        <time>2026-08-19T21:47:12Z</time>
      </trkpt>
      <trkpt lat="8.604261" lon="-80.123964">
        <time>2026-08-19T21:47:13Z</time>
      </trkpt>
      <trkpt lat="8.604259" lon="-80.123948">
        <time>2026-08-19T21:47:14Z</time>
      </trkpt>
      <trkpt lat="8.604257" lon="-80.123931">
        <time>2026-08-19T21:47:15Z</time>
      </trkpt>
      <trkpt lat="8.604252" lon="-80.123896">
        <time>2026-08-19T21:47:16Z</time>
      </trkpt>
      <trkpt lat="8.604252" lon="-80.123896">
        <time>2026-08-19T21:47:17Z</time>
      </trkpt>
      <trkpt lat="8.604247" lon="-80.123877">
        <time>2026-08-19T21:47:18Z</time>
      </trkpt>
      <trkpt lat="8.604241" lon="-80.123838">
        <time>2026-08-19T21:47:19Z</time>
      </trkpt>
      <trkpt lat="8.604235" lon="-80.123820">
        <time>2026-08-19T21:47:20Z</time>
      </trkpt>
      <trkpt lat="8.604235" lon="-80.123820">
        <time>2026-08-19T21:47:21Z</time>
      </trkpt>
      <trkpt lat="8.604223" lon="-80.123785">
        <time>2026-08-19T21:47:22Z</time>
      </trkpt>
      <trkpt lat="8.604223" lon="-80.123785">
        <time>2026-08-19T21:47:23Z</time>
      </trkpt>
      <trkpt lat="8.604215" lon="-80.123768">
        <time>2026-08-19T21:47:24Z</time>
      </trkpt>
      <trkpt lat="8.604205" lon="-80.123750">
        <time>2026-08-19T21:47:25Z</time>
      </trkpt>
      <trkpt lat="8.604194" lon="-80.123732">
        <time>2026-08-19T21:47:26Z</time>
      </trkpt>
      <trkpt lat="8.604177" lon="-80.123714">
        <time>2026-08-19T21:47:27Z</time>
      </trkpt>
      <trkpt lat="8.604165" lon="-80.123698">
        <time>2026-08-19T21:47:28Z</time>
      </trkpt>
      <trkpt lat="8.604153" lon="-80.123682">
        <time>2026-08-19T21:47:29Z</time>
      </trkpt>
      <trkpt lat="8.604143" lon="-80.123669">
        <time>2026-08-19T21:47:30Z</time>
      </trkpt>
      <trkpt lat="8.604136" lon="-80.123653">
        <time>2026-08-19T21:47:31Z</time>
      </trkpt>
      <trkpt lat="8.604128" lon="-80.123634">
        <time>2026-08-19T21:47:32Z</time>
      </trkpt>
      <trkpt lat="8.604122" lon="-80.123617">
        <time>2026-08-19T21:47:33Z</time>
      </trkpt>
      <trkpt lat="8.604113" lon="-80.123602">
        <time>2026-08-19T21:47:34Z</time>
      </trkpt>
      <trkpt lat="8.604092" lon="-80.123572">
        <time>2026-08-19T21:47:35Z</time>
      </trkpt>
      <trkpt lat="8.604085" lon="-80.123556">
        <time>2026-08-19T21:47:36Z</time>
      </trkpt>
      <trkpt lat="8.604077" lon="-80.123544">
        <time>2026-08-19T21:47:37Z</time>
      </trkpt>
      <trkpt lat="8.604069" lon="-80.123533">
        <time>2026-08-19T21:47:38Z</time>
      </trkpt>
      <trkpt lat="8.604060" lon="-80.123517">
        <time>2026-08-19T21:47:39Z</time>
      </trkpt>
      <trkpt lat="8.604052" lon="-80.123499">
        <time>2026-08-19T21:47:40Z</time>
      </trkpt>
      <trkpt lat="8.604045" lon="-80.123484">
        <time>2026-08-19T21:47:41Z</time>
      </trkpt>
      <trkpt lat="8.604036" lon="-80.123469">
        <time>2026-08-19T21:47:42Z</time>
      </trkpt>
      <trkpt lat="8.604030" lon="-80.123452">
        <time>2026-08-19T21:47:43Z</time>
      </trkpt>
      <trkpt lat="8.604030" lon="-80.123452">
        <time>2026-08-19T21:47:44Z</time>
      </trkpt>
      <trkpt lat="8.604023" lon="-80.123435">
        <time>2026-08-19T21:47:45Z</time>
      </trkpt>
      <trkpt lat="8.604013" lon="-80.123422">
        <time>2026-08-19T21:47:46Z</time>
      </trkpt>
      <trkpt lat="8.604001" lon="-80.123404">
        <time>2026-08-19T21:47:47Z</time>
      </trkpt>
      <trkpt lat="8.603982" lon="-80.123373">
        <time>2026-08-19T21:47:48Z</time>
      </trkpt>
      <trkpt lat="8.603973" lon="-80.123355">
        <time>2026-08-19T21:47:49Z</time>
      </trkpt>
      <trkpt lat="8.603973" lon="-80.123355">
        <time>2026-08-19T21:47:50Z</time>
      </trkpt>
      <trkpt lat="8.603963" lon="-80.123340">
        <time>2026-08-19T21:47:51Z</time>
      </trkpt>
      <trkpt lat="8.603946" lon="-80.123310">
        <time>2026-08-19T21:47:52Z</time>
      </trkpt>
      <trkpt lat="8.603938" lon="-80.123299">
        <time>2026-08-19T21:47:53Z</time>
      </trkpt>
      <trkpt lat="8.603938" lon="-80.123299">
        <time>2026-08-19T21:47:54Z</time>
      </trkpt>
      <trkpt lat="8.603918" lon="-80.123269">
        <time>2026-08-19T21:47:55Z</time>
      </trkpt>
      <trkpt lat="8.603911" lon="-80.123253">
        <time>2026-08-19T21:47:56Z</time>
      </trkpt>
      <trkpt lat="8.603899" lon="-80.123237">
        <time>2026-08-19T21:47:57Z</time>
      </trkpt>
      <trkpt lat="8.603889" lon="-80.123225">
        <time>2026-08-19T21:47:58Z</time>
      </trkpt>
      <trkpt lat="8.603889" lon="-80.123225">
        <time>2026-08-19T21:47:59Z</time>
      </trkpt>
      <trkpt lat="8.603881" lon="-80.123208">
        <time>2026-08-19T21:48:00Z</time>
      </trkpt>
      <trkpt lat="8.603873" lon="-80.123196">
        <time>2026-08-19T21:48:01Z</time>
      </trkpt>
      <trkpt lat="8.603862" lon="-80.123186">
        <time>2026-08-19T21:48:02Z</time>
      </trkpt>
      <trkpt lat="8.603853" lon="-80.123173">
        <time>2026-08-19T21:48:03Z</time>
      </trkpt>
      <trkpt lat="8.603840" lon="-80.123143">
        <time>2026-08-19T21:48:04Z</time>
      </trkpt>
      <trkpt lat="8.603840" lon="-80.123143">
        <time>2026-08-19T21:48:05Z</time>
      </trkpt>
      <trkpt lat="8.603824" lon="-80.123119">
        <time>2026-08-19T21:48:06Z</time>
      </trkpt>
      <trkpt lat="8.603824" lon="-80.123119">
        <time>2026-08-19T21:48:07Z</time>
      </trkpt>
      <trkpt lat="8.603813" lon="-80.123105">
        <time>2026-08-19T21:48:08Z</time>
      </trkpt>
      <trkpt lat="8.603803" lon="-80.123094">
        <time>2026-08-19T21:48:09Z</time>
      </trkpt>
      <trkpt lat="8.603793" lon="-80.123075">
        <time>2026-08-19T21:48:10Z</time>
      </trkpt>
      <trkpt lat="8.603784" lon="-80.123062">
        <time>2026-08-19T21:48:11Z</time>
      </trkpt>
      <trkpt lat="8.603774" lon="-80.123050">
        <time>2026-08-19T21:48:12Z</time>
      </trkpt>
      <trkpt lat="8.603768" lon="-80.123035">
        <time>2026-08-19T21:48:13Z</time>
      </trkpt>
      <trkpt lat="8.603761" lon="-80.123020">
        <time>2026-08-19T21:48:14Z</time>
      </trkpt>
      <trkpt lat="8.603751" lon="-80.123006">
        <time>2026-08-19T21:48:15Z</time>
      </trkpt>
      <trkpt lat="8.603738" lon="-80.122993">
        <time>2026-08-19T21:48:16Z</time>
      </trkpt>
      <trkpt lat="8.603730" lon="-80.122980">
        <time>2026-08-19T21:48:17Z</time>
      </trkpt>
      <trkpt lat="8.603722" lon="-80.122965">
        <time>2026-08-19T21:48:18Z</time>
      </trkpt>
      <trkpt lat="8.603717" lon="-80.122948">
        <time>2026-08-19T21:48:19Z</time>
      </trkpt>
      <trkpt lat="8.603710" lon="-80.122935">
        <time>2026-08-19T21:48:20Z</time>
      </trkpt>
      <trkpt lat="8.603701" lon="-80.122925">
        <time>2026-08-19T21:48:21Z</time>
      </trkpt>
      <trkpt lat="8.603696" lon="-80.122908">
        <time>2026-08-19T21:48:22Z</time>
      </trkpt>
      <trkpt lat="8.603692" lon="-80.122893">
        <time>2026-08-19T21:48:23Z</time>
      </trkpt>
      <trkpt lat="8.603683" lon="-80.122881">
        <time>2026-08-19T21:48:24Z</time>
      </trkpt>
      <trkpt lat="8.603672" lon="-80.122867">
        <time>2026-08-19T21:48:25Z</time>
      </trkpt>
      <trkpt lat="8.603663" lon="-80.122853">
        <time>2026-08-19T21:48:26Z</time>
      </trkpt>
      <trkpt lat="8.603653" lon="-80.122837">
        <time>2026-08-19T21:48:27Z</time>
      </trkpt>
      <trkpt lat="8.603640" lon="-80.122827">
        <time>2026-08-19T21:48:28Z</time>
      </trkpt>
      <trkpt lat="8.603628" lon="-80.122816">
        <time>2026-08-19T21:48:29Z</time>
      </trkpt>
      <trkpt lat="8.603616" lon="-80.122803">
        <time>2026-08-19T21:48:30Z</time>
      </trkpt>
      <trkpt lat="8.603594" lon="-80.122776">
        <time>2026-08-19T21:48:31Z</time>
      </trkpt>
      <trkpt lat="8.603594" lon="-80.122776">
        <time>2026-08-19T21:48:32Z</time>
      </trkpt>
      <trkpt lat="8.603580" lon="-80.122763">
        <time>2026-08-19T21:48:33Z</time>
      </trkpt>
      <trkpt lat="8.603566" lon="-80.122752">
        <time>2026-08-19T21:48:34Z</time>
      </trkpt>
      <trkpt lat="8.603553" lon="-80.122740">
        <time>2026-08-19T21:48:35Z</time>
      </trkpt>
      <trkpt lat="8.603526" lon="-80.122723">
        <time>2026-08-19T21:48:36Z</time>
      </trkpt>
      <trkpt lat="8.603512" lon="-80.122712">
        <time>2026-08-19T21:48:37Z</time>
      </trkpt>
      <trkpt lat="8.603512" lon="-80.122712">
        <time>2026-08-19T21:48:38Z</time>
      </trkpt>
      <trkpt lat="8.603498" lon="-80.122700">
        <time>2026-08-19T21:48:39Z</time>
      </trkpt>
      <trkpt lat="8.603487" lon="-80.122689">
        <time>2026-08-19T21:48:40Z</time>
      </trkpt>
      <trkpt lat="8.603475" lon="-80.122675">
        <time>2026-08-19T21:48:41Z</time>
      </trkpt>
      <trkpt lat="8.603460" lon="-80.122664">
        <time>2026-08-19T21:48:42Z</time>
      </trkpt>
      <trkpt lat="8.603448" lon="-80.122654">
        <time>2026-08-19T21:48:43Z</time>
      </trkpt>
      <trkpt lat="8.603435" lon="-80.122642">
        <time>2026-08-19T21:48:44Z</time>
      </trkpt>
      <trkpt lat="8.603422" lon="-80.122630">
        <time>2026-08-19T21:48:45Z</time>
      </trkpt>
      <trkpt lat="8.603410" lon="-80.122618">
        <time>2026-08-19T21:48:46Z</time>
      </trkpt>
      <trkpt lat="8.603395" lon="-80.122608">
        <time>2026-08-19T21:48:47Z</time>
      </trkpt>
      <trkpt lat="8.603372" lon="-80.122595">
        <time>2026-08-19T21:48:48Z</time>
      </trkpt>
      <trkpt lat="8.603372" lon="-80.122595">
        <time>2026-08-19T21:48:49Z</time>
      </trkpt>
      <trkpt lat="8.603362" lon="-80.122589">
        <time>2026-08-19T21:48:50Z</time>
      </trkpt>
      <trkpt lat="8.603345" lon="-80.122572">
        <time>2026-08-19T21:48:51Z</time>
      </trkpt>
      <trkpt lat="8.603345" lon="-80.122572">
        <time>2026-08-19T21:48:52Z</time>
      </trkpt>
      <trkpt lat="8.603339" lon="-80.122561">
        <time>2026-08-19T21:48:53Z</time>
      </trkpt>
      <trkpt lat="8.603316" lon="-80.122540">
        <time>2026-08-19T21:48:54Z</time>
      </trkpt>
      <trkpt lat="8.603304" lon="-80.122531">
        <time>2026-08-19T21:48:55Z</time>
      </trkpt>
      <trkpt lat="8.603304" lon="-80.122531">
        <time>2026-08-19T21:48:56Z</time>
      </trkpt>
      <trkpt lat="8.603296" lon="-80.122524">
        <time>2026-08-19T21:48:57Z</time>
      </trkpt>
      <trkpt lat="8.603285" lon="-80.122515">
        <time>2026-08-19T21:48:58Z</time>
      </trkpt>
      <trkpt lat="8.603273" lon="-80.122506">
        <time>2026-08-19T21:48:59Z</time>
      </trkpt>
      <trkpt lat="8.603258" lon="-80.122497">
        <time>2026-08-19T21:49:00Z</time>
      </trkpt>
      <trkpt lat="8.603238" lon="-80.122479">
        <time>2026-08-19T21:49:01Z</time>
      </trkpt>
      <trkpt lat="8.603228" lon="-80.122466">
        <time>2026-08-19T21:49:02Z</time>
      </trkpt>
      <trkpt lat="8.603228" lon="-80.122466">
        <time>2026-08-19T21:49:03Z</time>
      </trkpt>
      <trkpt lat="8.603218" lon="-80.122457">
        <time>2026-08-19T21:49:04Z</time>
      </trkpt>
      <trkpt lat="8.603209" lon="-80.122448">
        <time>2026-08-19T21:49:05Z</time>
      </trkpt>
      <trkpt lat="8.603200" lon="-80.122437">
        <time>2026-08-19T21:49:06Z</time>
      </trkpt>
      <trkpt lat="8.603191" lon="-80.122428">
        <time>2026-08-19T21:49:07Z</time>
      </trkpt>
      <trkpt lat="8.603173" lon="-80.122411">
        <time>2026-08-19T21:49:08Z</time>
      </trkpt>
      <trkpt lat="8.603164" lon="-80.122402">
        <time>2026-08-19T21:49:09Z</time>
      </trkpt>
      <trkpt lat="8.603157" lon="-80.122394">
        <time>2026-08-19T21:49:10Z</time>
      </trkpt>
      <trkpt lat="8.603151" lon="-80.122386">
        <time>2026-08-19T21:49:11Z</time>
      </trkpt>
      <trkpt lat="8.603141" lon="-80.122375">
        <time>2026-08-19T21:49:12Z</time>
      </trkpt>
      <trkpt lat="8.603132" lon="-80.122366">
        <time>2026-08-19T21:49:13Z</time>
      </trkpt>
      <trkpt lat="8.603124" lon="-80.122356">
        <time>2026-08-19T21:49:14Z</time>
      </trkpt>
      <trkpt lat="8.603115" lon="-80.122351">
        <time>2026-08-19T21:49:15Z</time>
      </trkpt>
      <trkpt lat="8.603108" lon="-80.122342">
        <time>2026-08-19T21:49:16Z</time>
      </trkpt>
      <trkpt lat="8.603108" lon="-80.122342">
        <time>2026-08-19T21:49:17Z</time>
      </trkpt>
      <trkpt lat="8.603100" lon="-80.122335">
        <time>2026-08-19T21:49:18Z</time>
      </trkpt>
      <trkpt lat="8.603090" lon="-80.122325">
        <time>2026-08-19T21:49:19Z</time>
      </trkpt>
      <trkpt lat="8.603079" lon="-80.122314">
        <time>2026-08-19T21:49:20Z</time>
      </trkpt>
      <trkpt lat="8.603070" lon="-80.122303">
        <time>2026-08-19T21:49:21Z</time>
      </trkpt>
      <trkpt lat="8.603062" lon="-80.122291">
        <time>2026-08-19T21:49:22Z</time>
      </trkpt>
      <trkpt lat="8.603048" lon="-80.122281">
        <time>2026-08-19T21:49:23Z</time>
      </trkpt>
      <trkpt lat="8.603038" lon="-80.122269">
        <time>2026-08-19T21:49:24Z</time>
      </trkpt>
      <trkpt lat="8.603026" lon="-80.122253">
        <time>2026-08-19T21:49:25Z</time>
      </trkpt>
      <trkpt lat="8.602989" lon="-80.122219">
        <time>2026-08-19T21:49:26Z</time>
      </trkpt>
      <trkpt lat="8.602989" lon="-80.122219">
        <time>2026-08-19T21:49:27Z</time>
      </trkpt>
      <trkpt lat="8.602971" lon="-80.122210">
        <time>2026-08-19T21:49:28Z</time>
      </trkpt>
      <trkpt lat="8.602945" lon="-80.122181">
        <time>2026-08-19T21:49:29Z</time>
      </trkpt>
      <trkpt lat="8.602931" lon="-80.122166">
        <time>2026-08-19T21:49:30Z</time>
      </trkpt>
      <trkpt lat="8.602918" lon="-80.122151">
        <time>2026-08-19T21:49:31Z</time>
      </trkpt>
      <trkpt lat="8.602907" lon="-80.122138">
        <time>2026-08-19T21:49:32Z</time>
      </trkpt>
      <trkpt lat="8.602896" lon="-80.122119">
        <time>2026-08-19T21:49:33Z</time>
      </trkpt>
      <trkpt lat="8.602883" lon="-80.122102">
        <time>2026-08-19T21:49:34Z</time>
      </trkpt>
      <trkpt lat="8.602868" lon="-80.122088">
        <time>2026-08-19T21:49:35Z</time>
      </trkpt>
      <trkpt lat="8.602854" lon="-80.122077">
        <time>2026-08-19T21:49:36Z</time>
      </trkpt>
      <trkpt lat="8.602854" lon="-80.122077">
        <time>2026-08-19T21:49:37Z</time>
      </trkpt>
      <trkpt lat="8.602843" lon="-80.122061">
        <time>2026-08-19T21:49:38Z</time>
      </trkpt>
      <trkpt lat="8.602831" lon="-80.122049">
        <time>2026-08-19T21:49:39Z</time>
      </trkpt>
      <trkpt lat="8.602804" lon="-80.122020">
        <time>2026-08-19T21:49:40Z</time>
      </trkpt>
      <trkpt lat="8.602804" lon="-80.122020">
        <time>2026-08-19T21:49:41Z</time>
      </trkpt>
      <trkpt lat="8.602793" lon="-80.122006">
        <time>2026-08-19T21:49:42Z</time>
      </trkpt>
      <trkpt lat="8.602778" lon="-80.121992">
        <time>2026-08-19T21:49:43Z</time>
      </trkpt>
      <trkpt lat="8.602763" lon="-80.121977">
        <time>2026-08-19T21:49:44Z</time>
      </trkpt>
      <trkpt lat="8.602753" lon="-80.121958">
        <time>2026-08-19T21:49:45Z</time>
      </trkpt>
      <trkpt lat="8.602741" lon="-80.121943">
        <time>2026-08-19T21:49:46Z</time>
      </trkpt>
      <trkpt lat="8.602724" lon="-80.121927">
        <time>2026-08-19T21:49:47Z</time>
      </trkpt>
      <trkpt lat="8.602697" lon="-80.121894">
        <time>2026-08-19T21:49:48Z</time>
      </trkpt>
      <trkpt lat="8.602687" lon="-80.121878">
        <time>2026-08-19T21:49:49Z</time>
      </trkpt>
      <trkpt lat="8.602677" lon="-80.121862">
        <time>2026-08-19T21:49:50Z</time>
      </trkpt>
      <trkpt lat="8.602664" lon="-80.121845">
        <time>2026-08-19T21:49:51Z</time>
      </trkpt>
      <trkpt lat="8.602652" lon="-80.121830">
        <time>2026-08-19T21:49:52Z</time>
      </trkpt>
      <trkpt lat="8.602641" lon="-80.121815">
        <time>2026-08-19T21:49:53Z</time>
      </trkpt>
      <trkpt lat="8.602641" lon="-80.121815">
        <time>2026-08-19T21:49:54Z</time>
      </trkpt>
      <trkpt lat="8.602628" lon="-80.121797">
        <time>2026-08-19T21:49:55Z</time>
      </trkpt>
      <trkpt lat="8.602618" lon="-80.121781">
        <time>2026-08-19T21:49:56Z</time>
      </trkpt>
      <trkpt lat="8.602604" lon="-80.121766">
        <time>2026-08-19T21:49:57Z</time>
      </trkpt>
      <trkpt lat="8.602592" lon="-80.121748">
        <time>2026-08-19T21:49:58Z</time>
      </trkpt>
      <trkpt lat="8.602577" lon="-80.121731">
        <time>2026-08-19T21:49:59Z</time>
      </trkpt>
      <trkpt lat="8.602564" lon="-80.121718">
        <time>2026-08-19T21:50:00Z</time>
      </trkpt>
      <trkpt lat="8.602555" lon="-80.121704">
        <time>2026-08-19T21:50:01Z</time>
      </trkpt>
      <trkpt lat="8.602545" lon="-80.121688">
        <time>2026-08-19T21:50:02Z</time>
      </trkpt>
      <trkpt lat="8.602532" lon="-80.121674">
        <time>2026-08-19T21:50:03Z</time>
      </trkpt>
      <trkpt lat="8.602505" lon="-80.121643">
        <time>2026-08-19T21:50:04Z</time>
      </trkpt>
      <trkpt lat="8.602491" lon="-80.121626">
        <time>2026-08-19T21:50:05Z</time>
      </trkpt>
      <trkpt lat="8.602478" lon="-80.121609">
        <time>2026-08-19T21:50:06Z</time>
      </trkpt>
      <trkpt lat="8.602465" lon="-80.121592">
        <time>2026-08-19T21:50:07Z</time>
      </trkpt>
      <trkpt lat="8.602452" lon="-80.121576">
        <time>2026-08-19T21:50:08Z</time>
      </trkpt>
      <trkpt lat="8.602439" lon="-80.121560">
        <time>2026-08-19T21:50:09Z</time>
      </trkpt>
      <trkpt lat="8.602428" lon="-80.121544">
        <time>2026-08-19T21:50:10Z</time>
      </trkpt>
      <trkpt lat="8.602415" lon="-80.121529">
        <time>2026-08-19T21:50:11Z</time>
      </trkpt>
      <trkpt lat="8.602415" lon="-80.121529">
        <time>2026-08-19T21:50:12Z</time>
      </trkpt>
      <trkpt lat="8.602404" lon="-80.121516">
        <time>2026-08-19T21:50:13Z</time>
      </trkpt>
      <trkpt lat="8.602395" lon="-80.121500">
        <time>2026-08-19T21:50:14Z</time>
      </trkpt>
      <trkpt lat="8.602383" lon="-80.121485">
        <time>2026-08-19T21:50:15Z</time>
      </trkpt>
      <trkpt lat="8.602355" lon="-80.121456">
        <time>2026-08-19T21:50:16Z</time>
      </trkpt>
      <trkpt lat="8.602347" lon="-80.121440">
        <time>2026-08-19T21:50:17Z</time>
      </trkpt>
      <trkpt lat="8.602333" lon="-80.121430">
        <time>2026-08-19T21:50:18Z</time>
      </trkpt>
      <trkpt lat="8.602333" lon="-80.121430">
        <time>2026-08-19T21:50:19Z</time>
      </trkpt>
      <trkpt lat="8.602309" lon="-80.121403">
        <time>2026-08-19T21:50:20Z</time>
      </trkpt>
      <trkpt lat="8.602293" lon="-80.121389">
        <time>2026-08-19T21:50:21Z</time>
      </trkpt>
      <trkpt lat="8.602277" lon="-80.121375">
        <time>2026-08-19T21:50:22Z</time>
      </trkpt>
      <trkpt lat="8.602277" lon="-80.121375">
        <time>2026-08-19T21:50:23Z</time>
      </trkpt>
      <trkpt lat="8.602267" lon="-80.121358">
        <time>2026-08-19T21:50:24Z</time>
      </trkpt>
      <trkpt lat="8.602253" lon="-80.121342">
        <time>2026-08-19T21:50:25Z</time>
      </trkpt>
      <trkpt lat="8.602226" lon="-80.121308">
        <time>2026-08-19T21:50:26Z</time>
      </trkpt>
      <trkpt lat="8.602213" lon="-80.121293">
        <time>2026-08-19T21:50:27Z</time>
      </trkpt>
      <trkpt lat="8.602213" lon="-80.121293">
        <time>2026-08-19T21:50:28Z</time>
      </trkpt>
      <trkpt lat="8.602185" lon="-80.121260">
        <time>2026-08-19T21:50:29Z</time>
      </trkpt>
      <trkpt lat="8.602174" lon="-80.121243">
        <time>2026-08-19T21:50:30Z</time>
      </trkpt>
      <trkpt lat="8.602160" lon="-80.121230">
        <time>2026-08-19T21:50:31Z</time>
      </trkpt>
      <trkpt lat="8.602147" lon="-80.121218">
        <time>2026-08-19T21:50:32Z</time>
      </trkpt>
      <trkpt lat="8.602147" lon="-80.121218">
        <time>2026-08-19T21:50:33Z</time>
      </trkpt>
      <trkpt lat="8.602132" lon="-80.121208">
        <time>2026-08-19T21:50:34Z</time>
      </trkpt>
      <trkpt lat="8.602118" lon="-80.121196">
        <time>2026-08-19T21:50:35Z</time>
      </trkpt>
      <trkpt lat="8.602094" lon="-80.121167">
        <time>2026-08-19T21:50:36Z</time>
      </trkpt>
      <trkpt lat="8.602080" lon="-80.121155">
        <time>2026-08-19T21:50:37Z</time>
      </trkpt>
      <trkpt lat="8.602070" lon="-80.121142">
        <time>2026-08-19T21:50:38Z</time>
      </trkpt>
      <trkpt lat="8.602066" lon="-80.121125">
        <time>2026-08-19T21:50:39Z</time>
      </trkpt>
      <trkpt lat="8.602071" lon="-80.121107">
        <time>2026-08-19T21:50:40Z</time>
      </trkpt>
      <trkpt lat="8.602071" lon="-80.121107">
        <time>2026-08-19T21:50:41Z</time>
      </trkpt>
      <trkpt lat="8.602085" lon="-80.121095">
        <time>2026-08-19T21:50:42Z</time>
      </trkpt>
      <trkpt lat="8.602096" lon="-80.121079">
        <time>2026-08-19T21:50:43Z</time>
      </trkpt>
      <trkpt lat="8.602103" lon="-80.121061">
        <time>2026-08-19T21:50:44Z</time>
      </trkpt>
      <trkpt lat="8.602108" lon="-80.121043">
        <time>2026-08-19T21:50:45Z</time>
      </trkpt>
      <trkpt lat="8.602118" lon="-80.121005">
        <time>2026-08-19T21:50:46Z</time>
      </trkpt>
      <trkpt lat="8.602105" lon="-80.120979">
        <time>2026-08-19T21:50:47Z</time>
      </trkpt>
      <trkpt lat="8.602088" lon="-80.120954">
        <time>2026-08-19T21:50:48Z</time>
      </trkpt>
      <trkpt lat="8.602088" lon="-80.120954">
        <time>2026-08-19T21:50:49Z</time>
      </trkpt>
      <trkpt lat="8.602078" lon="-80.120938">
        <time>2026-08-19T21:50:50Z</time>
      </trkpt>
      <trkpt lat="8.602065" lon="-80.120923">
        <time>2026-08-19T21:50:51Z</time>
      </trkpt>
      <trkpt lat="8.602047" lon="-80.120909">
        <time>2026-08-19T21:50:52Z</time>
      </trkpt>
      <trkpt lat="8.602030" lon="-80.120891">
        <time>2026-08-19T21:50:53Z</time>
      </trkpt>
      <trkpt lat="8.602015" lon="-80.120872">
        <time>2026-08-19T21:50:54Z</time>
      </trkpt>
      <trkpt lat="8.602002" lon="-80.120857">
        <time>2026-08-19T21:50:55Z</time>
      </trkpt>
      <trkpt lat="8.601987" lon="-80.120843">
        <time>2026-08-19T21:50:56Z</time>
      </trkpt>
      <trkpt lat="8.601973" lon="-80.120828">
        <time>2026-08-19T21:50:57Z</time>
      </trkpt>
      <trkpt lat="8.601954" lon="-80.120814">
        <time>2026-08-19T21:50:58Z</time>
      </trkpt>
      <trkpt lat="8.601939" lon="-80.120800">
        <time>2026-08-19T21:50:59Z</time>
      </trkpt>
      <trkpt lat="8.601927" lon="-80.120786">
        <time>2026-08-19T21:51:00Z</time>
      </trkpt>
      <trkpt lat="8.601914" lon="-80.120771">
        <time>2026-08-19T21:51:01Z</time>
      </trkpt>
      <trkpt lat="8.601889" lon="-80.120743">
        <time>2026-08-19T21:51:02Z</time>
      </trkpt>
      <trkpt lat="8.601889" lon="-80.120743">
        <time>2026-08-19T21:51:03Z</time>
      </trkpt>
      <trkpt lat="8.601879" lon="-80.120729">
        <time>2026-08-19T21:51:04Z</time>
      </trkpt>
      <trkpt lat="8.601868" lon="-80.120714">
        <time>2026-08-19T21:51:05Z</time>
      </trkpt>
      <trkpt lat="8.601857" lon="-80.120700">
        <time>2026-08-19T21:51:06Z</time>
      </trkpt>
      <trkpt lat="8.601847" lon="-80.120683">
        <time>2026-08-19T21:51:07Z</time>
      </trkpt>
      <trkpt lat="8.601835" lon="-80.120667">
        <time>2026-08-19T21:51:08Z</time>
      </trkpt>
      <trkpt lat="8.601823" lon="-80.120653">
        <time>2026-08-19T21:51:09Z</time>
      </trkpt>
      <trkpt lat="8.601812" lon="-80.120637">
        <time>2026-08-19T21:51:10Z</time>
      </trkpt>
      <trkpt lat="8.601799" lon="-80.120619">
        <time>2026-08-19T21:51:11Z</time>
      </trkpt>
      <trkpt lat="8.601787" lon="-80.120600">
        <time>2026-08-19T21:51:12Z</time>
      </trkpt>
      <trkpt lat="8.601773" lon="-80.120584">
        <time>2026-08-19T21:51:13Z</time>
      </trkpt>
      <trkpt lat="8.601757" lon="-80.120569">
        <time>2026-08-19T21:51:14Z</time>
      </trkpt>
      <trkpt lat="8.601738" lon="-80.120559">
        <time>2026-08-19T21:51:15Z</time>
      </trkpt>
      <trkpt lat="8.601726" lon="-80.120546">
        <time>2026-08-19T21:51:16Z</time>
      </trkpt>
      <trkpt lat="8.601713" lon="-80.120531">
        <time>2026-08-19T21:51:17Z</time>
      </trkpt>
      <trkpt lat="8.601698" lon="-80.120518">
        <time>2026-08-19T21:51:18Z</time>
      </trkpt>
      <trkpt lat="8.601684" lon="-80.120506">
        <time>2026-08-19T21:51:19Z</time>
      </trkpt>
      <trkpt lat="8.601668" lon="-80.120495">
        <time>2026-08-19T21:51:20Z</time>
      </trkpt>
      <trkpt lat="8.601653" lon="-80.120481">
        <time>2026-08-19T21:51:21Z</time>
      </trkpt>
      <trkpt lat="8.601641" lon="-80.120467">
        <time>2026-08-19T21:51:22Z</time>
      </trkpt>
      <trkpt lat="8.601627" lon="-80.120451">
        <time>2026-08-19T21:51:23Z</time>
      </trkpt>
      <trkpt lat="8.601611" lon="-80.120439">
        <time>2026-08-19T21:51:24Z</time>
      </trkpt>
      <trkpt lat="8.601598" lon="-80.120427">
        <time>2026-08-19T21:51:25Z</time>
      </trkpt>
      <trkpt lat="8.601589" lon="-80.120413">
        <time>2026-08-19T21:51:26Z</time>
      </trkpt>
      <trkpt lat="8.601577" lon="-80.120400">
        <time>2026-08-19T21:51:27Z</time>
      </trkpt>
      <trkpt lat="8.601566" lon="-80.120385">
        <time>2026-08-19T21:51:28Z</time>
      </trkpt>
      <trkpt lat="8.601554" lon="-80.120368">
        <time>2026-08-19T21:51:29Z</time>
      </trkpt>
      <trkpt lat="8.601542" lon="-80.120356">
        <time>2026-08-19T21:51:30Z</time>
      </trkpt>
      <trkpt lat="8.601530" lon="-80.120344">
        <time>2026-08-19T21:51:31Z</time>
      </trkpt>
      <trkpt lat="8.601518" lon="-80.120329">
        <time>2026-08-19T21:51:32Z</time>
      </trkpt>
      <trkpt lat="8.601508" lon="-80.120311">
        <time>2026-08-19T21:51:33Z</time>
      </trkpt>
      <trkpt lat="8.601494" lon="-80.120298">
        <time>2026-08-19T21:51:34Z</time>
      </trkpt>
      <trkpt lat="8.601479" lon="-80.120281">
        <time>2026-08-19T21:51:35Z</time>
      </trkpt>
      <trkpt lat="8.601467" lon="-80.120265">
        <time>2026-08-19T21:51:36Z</time>
      </trkpt>
      <trkpt lat="8.601454" lon="-80.120249">
        <time>2026-08-19T21:51:37Z</time>
      </trkpt>
      <trkpt lat="8.601441" lon="-80.120233">
        <time>2026-08-19T21:51:38Z</time>
      </trkpt>
      <trkpt lat="8.601430" lon="-80.120219">
        <time>2026-08-19T21:51:39Z</time>
      </trkpt>
      <trkpt lat="8.601419" lon="-80.120207">
        <time>2026-08-19T21:51:40Z</time>
      </trkpt>
      <trkpt lat="8.601407" lon="-80.120196">
        <time>2026-08-19T21:51:41Z</time>
      </trkpt>
      <trkpt lat="8.601393" lon="-80.120179">
        <time>2026-08-19T21:51:42Z</time>
      </trkpt>
      <trkpt lat="8.601380" lon="-80.120164">
        <time>2026-08-19T21:51:43Z</time>
      </trkpt>
      <trkpt lat="8.601367" lon="-80.120152">
        <time>2026-08-19T21:51:44Z</time>
      </trkpt>
      <trkpt lat="8.601355" lon="-80.120139">
        <time>2026-08-19T21:51:45Z</time>
      </trkpt>
      <trkpt lat="8.601345" lon="-80.120126">
        <time>2026-08-19T21:51:46Z</time>
      </trkpt>
      <trkpt lat="8.601334" lon="-80.120119">
        <time>2026-08-19T21:51:47Z</time>
      </trkpt>
      <trkpt lat="8.601323" lon="-80.120104">
        <time>2026-08-19T21:51:48Z</time>
      </trkpt>
      <trkpt lat="8.601311" lon="-80.120089">
        <time>2026-08-19T21:51:49Z</time>
      </trkpt>
      <trkpt lat="8.601298" lon="-80.120075">
        <time>2026-08-19T21:51:50Z</time>
      </trkpt>
      <trkpt lat="8.601285" lon="-80.120058">
        <time>2026-08-19T21:51:51Z</time>
      </trkpt>
      <trkpt lat="8.601270" lon="-80.120041">
        <time>2026-08-19T21:51:52Z</time>
      </trkpt>
      <trkpt lat="8.601256" lon="-80.120025">
        <time>2026-08-19T21:51:53Z</time>
      </trkpt>
      <trkpt lat="8.601243" lon="-80.120012">
        <time>2026-08-19T21:51:54Z</time>
      </trkpt>
      <trkpt lat="8.601230" lon="-80.119999">
        <time>2026-08-19T21:51:55Z</time>
      </trkpt>
      <trkpt lat="8.601217" lon="-80.119985">
        <time>2026-08-19T21:51:56Z</time>
      </trkpt>
      <trkpt lat="8.601207" lon="-80.119971">
        <time>2026-08-19T21:51:57Z</time>
      </trkpt>
      <trkpt lat="8.601198" lon="-80.119956">
        <time>2026-08-19T21:51:58Z</time>
      </trkpt>
      <trkpt lat="8.601188" lon="-80.119942">
        <time>2026-08-19T21:51:59Z</time>
      </trkpt>
      <trkpt lat="8.601178" lon="-80.119928">
        <time>2026-08-19T21:52:00Z</time>
      </trkpt>
      <trkpt lat="8.601164" lon="-80.119910">
        <time>2026-08-19T21:52:01Z</time>
      </trkpt>
      <trkpt lat="8.601151" lon="-80.119897">
        <time>2026-08-19T21:52:02Z</time>
      </trkpt>
      <trkpt lat="8.601136" lon="-80.119886">
        <time>2026-08-19T21:52:03Z</time>
      </trkpt>
      <trkpt lat="8.601122" lon="-80.119871">
        <time>2026-08-19T21:52:04Z</time>
      </trkpt>
      <trkpt lat="8.601110" lon="-80.119854">
        <time>2026-08-19T21:52:05Z</time>
      </trkpt>
      <trkpt lat="8.601095" lon="-80.119841">
        <time>2026-08-19T21:52:06Z</time>
      </trkpt>
      <trkpt lat="8.601082" lon="-80.119827">
        <time>2026-08-19T21:52:07Z</time>
      </trkpt>
      <trkpt lat="8.601071" lon="-80.119813">
        <time>2026-08-19T21:52:08Z</time>
      </trkpt>
      <trkpt lat="8.601060" lon="-80.119799">
        <time>2026-08-19T21:52:09Z</time>
      </trkpt>
      <trkpt lat="8.601048" lon="-80.119786">
        <time>2026-08-19T21:52:10Z</time>
      </trkpt>
      <trkpt lat="8.601036" lon="-80.119771">
        <time>2026-08-19T21:52:11Z</time>
      </trkpt>
      <trkpt lat="8.601026" lon="-80.119758">
        <time>2026-08-19T21:52:12Z</time>
      </trkpt>
      <trkpt lat="8.601016" lon="-80.119744">
        <time>2026-08-19T21:52:13Z</time>
      </trkpt>
      <trkpt lat="8.601003" lon="-80.119731">
        <time>2026-08-19T21:52:14Z</time>
      </trkpt>
      <trkpt lat="8.600991" lon="-80.119716">
        <time>2026-08-19T21:52:15Z</time>
      </trkpt>
      <trkpt lat="8.600979" lon="-80.119701">
        <time>2026-08-19T21:52:16Z</time>
      </trkpt>
      <trkpt lat="8.600968" lon="-80.119688">
        <time>2026-08-19T21:52:17Z</time>
      </trkpt>
      <trkpt lat="8.600956" lon="-80.119677">
        <time>2026-08-19T21:52:18Z</time>
      </trkpt>
      <trkpt lat="8.600944" lon="-80.119666">
        <time>2026-08-19T21:52:19Z</time>
      </trkpt>
      <trkpt lat="8.600931" lon="-80.119655">
        <time>2026-08-19T21:52:20Z</time>
      </trkpt>
      <trkpt lat="8.600919" lon="-80.119643">
        <time>2026-08-19T21:52:21Z</time>
      </trkpt>
      <trkpt lat="8.600906" lon="-80.119628">
        <time>2026-08-19T21:52:22Z</time>
      </trkpt>
      <trkpt lat="8.600898" lon="-80.119611">
        <time>2026-08-19T21:52:23Z</time>
      </trkpt>
      <trkpt lat="8.600886" lon="-80.119597">
        <time>2026-08-19T21:52:24Z</time>
      </trkpt>
      <trkpt lat="8.600873" lon="-80.119582">
        <time>2026-08-19T21:52:25Z</time>
      </trkpt>
      <trkpt lat="8.600863" lon="-80.119567">
        <time>2026-08-19T21:52:26Z</time>
      </trkpt>
      <trkpt lat="8.600856" lon="-80.119550">
        <time>2026-08-19T21:52:27Z</time>
      </trkpt>
      <trkpt lat="8.600848" lon="-80.119530">
        <time>2026-08-19T21:52:28Z</time>
      </trkpt>
      <trkpt lat="8.600834" lon="-80.119522">
        <time>2026-08-19T21:52:29Z</time>
      </trkpt>
      <trkpt lat="8.600820" lon="-80.119512">
        <time>2026-08-19T21:52:30Z</time>
      </trkpt>
      <trkpt lat="8.600808" lon="-80.119501">
        <time>2026-08-19T21:52:31Z</time>
      </trkpt>
      <trkpt lat="8.600797" lon="-80.119489">
        <time>2026-08-19T21:52:32Z</time>
      </trkpt>
      <trkpt lat="8.600784" lon="-80.119475">
        <time>2026-08-19T21:52:33Z</time>
      </trkpt>
      <trkpt lat="8.600772" lon="-80.119459">
        <time>2026-08-19T21:52:34Z</time>
      </trkpt>
      <trkpt lat="8.600762" lon="-80.119444">
        <time>2026-08-19T21:52:35Z</time>
      </trkpt>
      <trkpt lat="8.600750" lon="-80.119428">
        <time>2026-08-19T21:52:36Z</time>
      </trkpt>
      <trkpt lat="8.600737" lon="-80.119411">
        <time>2026-08-19T21:52:37Z</time>
      </trkpt>
      <trkpt lat="8.600726" lon="-80.119398">
        <time>2026-08-19T21:52:38Z</time>
      </trkpt>
      <trkpt lat="8.600715" lon="-80.119385">
        <time>2026-08-19T21:52:39Z</time>
      </trkpt>
      <trkpt lat="8.600705" lon="-80.119369">
        <time>2026-08-19T21:52:40Z</time>
      </trkpt>
      <trkpt lat="8.600695" lon="-80.119352">
        <time>2026-08-19T21:52:41Z</time>
      </trkpt>
      <trkpt lat="8.600684" lon="-80.119338">
        <time>2026-08-19T21:52:42Z</time>
      </trkpt>
      <trkpt lat="8.600673" lon="-80.119323">
        <time>2026-08-19T21:52:43Z</time>
      </trkpt>
      <trkpt lat="8.600663" lon="-80.119307">
        <time>2026-08-19T21:52:44Z</time>
      </trkpt>
      <trkpt lat="8.600652" lon="-80.119291">
        <time>2026-08-19T21:52:45Z</time>
      </trkpt>
      <trkpt lat="8.600640" lon="-80.119275">
        <time>2026-08-19T21:52:46Z</time>
      </trkpt>
      <trkpt lat="8.600627" lon="-80.119257">
        <time>2026-08-19T21:52:47Z</time>
      </trkpt>
      <trkpt lat="8.600616" lon="-80.119239">
        <time>2026-08-19T21:52:48Z</time>
      </trkpt>
      <trkpt lat="8.600603" lon="-80.119223">
        <time>2026-08-19T21:52:49Z</time>
      </trkpt>
      <trkpt lat="8.600591" lon="-80.119207">
        <time>2026-08-19T21:52:50Z</time>
      </trkpt>
      <trkpt lat="8.600581" lon="-80.119189">
        <time>2026-08-19T21:52:51Z</time>
      </trkpt>
      <trkpt lat="8.600574" lon="-80.119174">
        <time>2026-08-19T21:52:52Z</time>
      </trkpt>
      <trkpt lat="8.600562" lon="-80.119159">
        <time>2026-08-19T21:52:53Z</time>
      </trkpt>
      <trkpt lat="8.600553" lon="-80.119144">
        <time>2026-08-19T21:52:54Z</time>
      </trkpt>
      <trkpt lat="8.600544" lon="-80.119129">
        <time>2026-08-19T21:52:55Z</time>
      </trkpt>
      <trkpt lat="8.600534" lon="-80.119117">
        <time>2026-08-19T21:52:56Z</time>
      </trkpt>
      <trkpt lat="8.600522" lon="-80.119102">
        <time>2026-08-19T21:52:57Z</time>
      </trkpt>
      <trkpt lat="8.600512" lon="-80.119087">
        <time>2026-08-19T21:52:58Z</time>
      </trkpt>
      <trkpt lat="8.600502" lon="-80.119073">
        <time>2026-08-19T21:52:59Z</time>
      </trkpt>
      <trkpt lat="8.600492" lon="-80.119060">
        <time>2026-08-19T21:53:00Z</time>
      </trkpt>
      <trkpt lat="8.600478" lon="-80.119047">
        <time>2026-08-19T21:53:01Z</time>
      </trkpt>
      <trkpt lat="8.600468" lon="-80.119036">
        <time>2026-08-19T21:53:02Z</time>
      </trkpt>
      <trkpt lat="8.600462" lon="-80.119027">
        <time>2026-08-19T21:53:03Z</time>
      </trkpt>
      <trkpt lat="8.600458" lon="-80.119018">
        <time>2026-08-19T21:53:04Z</time>
      </trkpt>
      <trkpt lat="8.600451" lon="-80.119006">
        <time>2026-08-19T21:53:05Z</time>
      </trkpt>
      <trkpt lat="8.600444" lon="-80.118993">
        <time>2026-08-19T21:53:06Z</time>
      </trkpt>
      <trkpt lat="8.600436" lon="-80.118984">
        <time>2026-08-19T21:53:07Z</time>
      </trkpt>
      <trkpt lat="8.600424" lon="-80.118975">
        <time>2026-08-19T21:53:08Z</time>
      </trkpt>
      <trkpt lat="8.600414" lon="-80.118965">
        <time>2026-08-19T21:53:09Z</time>
      </trkpt>
      <trkpt lat="8.600386" lon="-80.118945">
        <time>2026-08-19T21:53:10Z</time>
      </trkpt>
      <trkpt lat="8.600386" lon="-80.118945">
        <time>2026-08-19T21:53:11Z</time>
      </trkpt>
      <trkpt lat="8.600369" lon="-80.118927">
        <time>2026-08-19T21:53:12Z</time>
      </trkpt>
      <trkpt lat="8.600351" lon="-80.118928">
        <time>2026-08-19T21:53:13Z</time>
      </trkpt>
      <trkpt lat="8.600336" lon="-80.118926">
        <time>2026-08-19T21:53:14Z</time>
      </trkpt>
      <trkpt lat="8.600332" lon="-80.118920">
        <time>2026-08-19T21:53:15Z</time>
      </trkpt>
      <trkpt lat="8.600332" lon="-80.118920">
        <time>2026-08-19T21:53:16Z</time>
      </trkpt>
      <trkpt lat="8.600330" lon="-80.118912">
        <time>2026-08-19T21:53:17Z</time>
      </trkpt>
      <trkpt lat="8.600325" lon="-80.118905">
        <time>2026-08-19T21:53:18Z</time>
      </trkpt>
      <trkpt lat="8.600316" lon="-80.118898">
        <time>2026-08-19T21:53:19Z</time>
      </trkpt>
      <trkpt lat="8.600293" lon="-80.118871">
        <time>2026-08-19T21:53:20Z</time>
      </trkpt>
      <trkpt lat="8.600293" lon="-80.118871">
        <time>2026-08-19T21:53:21Z</time>
      </trkpt>
      <trkpt lat="8.600281" lon="-80.118855">
        <time>2026-08-19T21:53:22Z</time>
      </trkpt>
      <trkpt lat="8.600272" lon="-80.118840">
        <time>2026-08-19T21:53:23Z</time>
      </trkpt>
      <trkpt lat="8.600260" lon="-80.118825">
        <time>2026-08-19T21:53:24Z</time>
      </trkpt>
      <trkpt lat="8.600250" lon="-80.118812">
        <time>2026-08-19T21:53:25Z</time>
      </trkpt>
      <trkpt lat="8.600240" lon="-80.118798">
        <time>2026-08-19T21:53:26Z</time>
      </trkpt>
      <trkpt lat="8.600230" lon="-80.118778">
        <time>2026-08-19T21:53:27Z</time>
      </trkpt>
      <trkpt lat="8.600216" lon="-80.118761">
        <time>2026-08-19T21:53:28Z</time>
      </trkpt>
      <trkpt lat="8.600202" lon="-80.118746">
        <time>2026-08-19T21:53:29Z</time>
      </trkpt>
      <trkpt lat="8.600188" lon="-80.118730">
        <time>2026-08-19T21:53:30Z</time>
      </trkpt>
      <trkpt lat="8.600176" lon="-80.118715">
        <time>2026-08-19T21:53:31Z</time>
      </trkpt>
      <trkpt lat="8.600166" lon="-80.118700">
        <time>2026-08-19T21:53:32Z</time>
      </trkpt>
      <trkpt lat="8.600154" lon="-80.118685">
        <time>2026-08-19T21:53:33Z</time>
      </trkpt>
      <trkpt lat="8.600142" lon="-80.118669">
        <time>2026-08-19T21:53:34Z</time>
      </trkpt>
      <trkpt lat="8.600130" lon="-80.118655">
        <time>2026-08-19T21:53:35Z</time>
      </trkpt>
      <trkpt lat="8.600118" lon="-80.118640">
        <time>2026-08-19T21:53:36Z</time>
      </trkpt>
      <trkpt lat="8.600106" lon="-80.118628">
        <time>2026-08-19T21:53:37Z</time>
      </trkpt>
      <trkpt lat="8.600094" lon="-80.118611">
        <time>2026-08-19T21:53:38Z</time>
      </trkpt>
      <trkpt lat="8.600081" lon="-80.118594">
        <time>2026-08-19T21:53:39Z</time>
      </trkpt>
      <trkpt lat="8.600071" lon="-80.118577">
        <time>2026-08-19T21:53:40Z</time>
      </trkpt>
      <trkpt lat="8.600060" lon="-80.118562">
        <time>2026-08-19T21:53:41Z</time>
      </trkpt>
      <trkpt lat="8.600047" lon="-80.118543">
        <time>2026-08-19T21:53:42Z</time>
      </trkpt>
      <trkpt lat="8.600035" lon="-80.118525">
        <time>2026-08-19T21:53:43Z</time>
      </trkpt>
      <trkpt lat="8.600024" lon="-80.118509">
        <time>2026-08-19T21:53:44Z</time>
      </trkpt>
      <trkpt lat="8.600012" lon="-80.118491">
        <time>2026-08-19T21:53:45Z</time>
      </trkpt>
      <trkpt lat="8.599999" lon="-80.118469">
        <time>2026-08-19T21:53:46Z</time>
      </trkpt>
      <trkpt lat="8.599986" lon="-80.118453">
        <time>2026-08-19T21:53:47Z</time>
      </trkpt>
      <trkpt lat="8.599974" lon="-80.118437">
        <time>2026-08-19T21:53:48Z</time>
      </trkpt>
      <trkpt lat="8.599963" lon="-80.118421">
        <time>2026-08-19T21:53:49Z</time>
      </trkpt>
      <trkpt lat="8.599955" lon="-80.118406">
        <time>2026-08-19T21:53:50Z</time>
      </trkpt>
      <trkpt lat="8.599943" lon="-80.118389">
        <time>2026-08-19T21:53:51Z</time>
      </trkpt>
      <trkpt lat="8.599930" lon="-80.118369">
        <time>2026-08-19T21:53:52Z</time>
      </trkpt>
      <trkpt lat="8.599916" lon="-80.118352">
        <time>2026-08-19T21:53:53Z</time>
      </trkpt>
      <trkpt lat="8.599904" lon="-80.118340">
        <time>2026-08-19T21:53:54Z</time>
      </trkpt>
      <trkpt lat="8.599895" lon="-80.118324">
        <time>2026-08-19T21:53:55Z</time>
      </trkpt>
      <trkpt lat="8.599882" lon="-80.118307">
        <time>2026-08-19T21:53:56Z</time>
      </trkpt>
      <trkpt lat="8.599872" lon="-80.118293">
        <time>2026-08-19T21:53:57Z</time>
      </trkpt>
      <trkpt lat="8.599864" lon="-80.118280">
        <time>2026-08-19T21:53:58Z</time>
      </trkpt>
      <trkpt lat="8.599854" lon="-80.118268">
        <time>2026-08-19T21:53:59Z</time>
      </trkpt>
      <trkpt lat="8.599843" lon="-80.118257">
        <time>2026-08-19T21:54:00Z</time>
      </trkpt>
      <trkpt lat="8.599834" lon="-80.118244">
        <time>2026-08-19T21:54:01Z</time>
      </trkpt>
      <trkpt lat="8.599825" lon="-80.118231">
        <time>2026-08-19T21:54:02Z</time>
      </trkpt>
      <trkpt lat="8.599810" lon="-80.118218">
        <time>2026-08-19T21:54:03Z</time>
      </trkpt>
      <trkpt lat="8.599799" lon="-80.118203">
        <time>2026-08-19T21:54:04Z</time>
      </trkpt>
      <trkpt lat="8.599787" lon="-80.118186">
        <time>2026-08-19T21:54:05Z</time>
      </trkpt>
      <trkpt lat="8.599772" lon="-80.118169">
        <time>2026-08-19T21:54:06Z</time>
      </trkpt>
      <trkpt lat="8.599763" lon="-80.118154">
        <time>2026-08-19T21:54:07Z</time>
      </trkpt>
      <trkpt lat="8.599754" lon="-80.118137">
        <time>2026-08-19T21:54:08Z</time>
      </trkpt>
      <trkpt lat="8.599739" lon="-80.118124">
        <time>2026-08-19T21:54:09Z</time>
      </trkpt>
      <trkpt lat="8.599729" lon="-80.118107">
        <time>2026-08-19T21:54:10Z</time>
      </trkpt>
      <trkpt lat="8.599721" lon="-80.118095">
        <time>2026-08-19T21:54:11Z</time>
      </trkpt>
      <trkpt lat="8.599710" lon="-80.118083">
        <time>2026-08-19T21:54:12Z</time>
      </trkpt>
      <trkpt lat="8.599700" lon="-80.118069">
        <time>2026-08-19T21:54:13Z</time>
      </trkpt>
      <trkpt lat="8.599688" lon="-80.118052">
        <time>2026-08-19T21:54:14Z</time>
      </trkpt>
      <trkpt lat="8.599676" lon="-80.118037">
        <time>2026-08-19T21:54:15Z</time>
      </trkpt>
      <trkpt lat="8.599663" lon="-80.118022">
        <time>2026-08-19T21:54:16Z</time>
      </trkpt>
      <trkpt lat="8.599651" lon="-80.118008">
        <time>2026-08-19T21:54:17Z</time>
      </trkpt>
      <trkpt lat="8.599640" lon="-80.117994">
        <time>2026-08-19T21:54:18Z</time>
      </trkpt>
      <trkpt lat="8.599626" lon="-80.117978">
        <time>2026-08-19T21:54:19Z</time>
      </trkpt>
      <trkpt lat="8.599613" lon="-80.117961">
        <time>2026-08-19T21:54:20Z</time>
      </trkpt>
      <trkpt lat="8.599602" lon="-80.117944">
        <time>2026-08-19T21:54:21Z</time>
      </trkpt>
      <trkpt lat="8.599592" lon="-80.117925">
        <time>2026-08-19T21:54:22Z</time>
      </trkpt>
      <trkpt lat="8.599580" lon="-80.117908">
        <time>2026-08-19T21:54:23Z</time>
      </trkpt>
      <trkpt lat="8.599571" lon="-80.117890">
        <time>2026-08-19T21:54:24Z</time>
      </trkpt>
      <trkpt lat="8.599562" lon="-80.117875">
        <time>2026-08-19T21:54:25Z</time>
      </trkpt>
      <trkpt lat="8.599558" lon="-80.117856">
        <time>2026-08-19T21:54:26Z</time>
      </trkpt>
      <trkpt lat="8.599558" lon="-80.117841">
        <time>2026-08-19T21:54:27Z</time>
      </trkpt>
      <trkpt lat="8.599560" lon="-80.117825">
        <time>2026-08-19T21:54:28Z</time>
      </trkpt>
      <trkpt lat="8.599560" lon="-80.117808">
        <time>2026-08-19T21:54:29Z</time>
      </trkpt>
      <trkpt lat="8.599556" lon="-80.117791">
        <time>2026-08-19T21:54:30Z</time>
      </trkpt>
      <trkpt lat="8.599552" lon="-80.117778">
        <time>2026-08-19T21:54:31Z</time>
      </trkpt>
      <trkpt lat="8.599552" lon="-80.117764">
        <time>2026-08-19T21:54:32Z</time>
      </trkpt>
      <trkpt lat="8.599555" lon="-80.117750">
        <time>2026-08-19T21:54:33Z</time>
      </trkpt>
      <trkpt lat="8.599559" lon="-80.117740">
        <time>2026-08-19T21:54:34Z</time>
      </trkpt>
      <trkpt lat="8.599556" lon="-80.117728">
        <time>2026-08-19T21:54:35Z</time>
      </trkpt>
      <trkpt lat="8.599556" lon="-80.117715">
        <time>2026-08-19T21:54:36Z</time>
      </trkpt>
      <trkpt lat="8.599555" lon="-80.117698">
        <time>2026-08-19T21:54:37Z</time>
      </trkpt>
      <trkpt lat="8.599553" lon="-80.117685">
        <time>2026-08-19T21:54:38Z</time>
      </trkpt>
      <trkpt lat="8.599553" lon="-80.117672">
        <time>2026-08-19T21:54:39Z</time>
      </trkpt>
      <trkpt lat="8.599552" lon="-80.117660">
        <time>2026-08-19T21:54:40Z</time>
      </trkpt>
      <trkpt lat="8.599553" lon="-80.117650">
        <time>2026-08-19T21:54:41Z</time>
      </trkpt>
      <trkpt lat="8.599553" lon="-80.117640">
        <time>2026-08-19T21:54:42Z</time>
      </trkpt>
      <trkpt lat="8.599553" lon="-80.117632">
        <time>2026-08-19T21:54:43Z</time>
      </trkpt>
      <trkpt lat="8.599554" lon="-80.117619">
        <time>2026-08-19T21:54:44Z</time>
      </trkpt>
      <trkpt lat="8.599559" lon="-80.117606">
        <time>2026-08-19T21:54:45Z</time>
      </trkpt>
      <trkpt lat="8.599566" lon="-80.117591">
        <time>2026-08-19T21:54:46Z</time>
      </trkpt>
      <trkpt lat="8.599569" lon="-80.117577">
        <time>2026-08-19T21:54:47Z</time>
      </trkpt>
      <trkpt lat="8.599568" lon="-80.117562">
        <time>2026-08-19T21:54:48Z</time>
      </trkpt>
      <trkpt lat="8.599570" lon="-80.117548">
        <time>2026-08-19T21:54:49Z</time>
      </trkpt>
      <trkpt lat="8.599573" lon="-80.117533">
        <time>2026-08-19T21:54:50Z</time>
      </trkpt>
      <trkpt lat="8.599580" lon="-80.117515">
        <time>2026-08-19T21:54:51Z</time>
      </trkpt>
      <trkpt lat="8.599584" lon="-80.117500">
        <time>2026-08-19T21:54:52Z</time>
      </trkpt>
      <trkpt lat="8.599584" lon="-80.117481">
        <time>2026-08-19T21:54:53Z</time>
      </trkpt>
      <trkpt lat="8.599584" lon="-80.117465">
        <time>2026-08-19T21:54:54Z</time>
      </trkpt>
      <trkpt lat="8.599586" lon="-80.117449">
        <time>2026-08-19T21:54:55Z</time>
      </trkpt>
      <trkpt lat="8.599587" lon="-80.117431">
        <time>2026-08-19T21:54:56Z</time>
      </trkpt>
      <trkpt lat="8.599587" lon="-80.117412">
        <time>2026-08-19T21:54:57Z</time>
      </trkpt>
      <trkpt lat="8.599591" lon="-80.117391">
        <time>2026-08-19T21:54:58Z</time>
      </trkpt>
      <trkpt lat="8.599594" lon="-80.117369">
        <time>2026-08-19T21:54:59Z</time>
      </trkpt>
      <trkpt lat="8.599597" lon="-80.117346">
        <time>2026-08-19T21:55:00Z</time>
      </trkpt>
      <trkpt lat="8.599601" lon="-80.117322">
        <time>2026-08-19T21:55:01Z</time>
      </trkpt>
      <trkpt lat="8.599604" lon="-80.117302">
        <time>2026-08-19T21:55:02Z</time>
      </trkpt>
      <trkpt lat="8.599608" lon="-80.117286">
        <time>2026-08-19T21:55:03Z</time>
      </trkpt>
      <trkpt lat="8.599609" lon="-80.117270">
        <time>2026-08-19T21:55:04Z</time>
      </trkpt>
      <trkpt lat="8.599616" lon="-80.117254">
        <time>2026-08-19T21:55:05Z</time>
      </trkpt>
      <trkpt lat="8.599619" lon="-80.117235">
        <time>2026-08-19T21:55:06Z</time>
      </trkpt>
      <trkpt lat="8.599623" lon="-80.117214">
        <time>2026-08-19T21:55:07Z</time>
      </trkpt>
      <trkpt lat="8.599630" lon="-80.117196">
        <time>2026-08-19T21:55:08Z</time>
      </trkpt>
      <trkpt lat="8.599633" lon="-80.117178">
        <time>2026-08-19T21:55:09Z</time>
      </trkpt>
      <trkpt lat="8.599637" lon="-80.117158">
        <time>2026-08-19T21:55:10Z</time>
      </trkpt>
      <trkpt lat="8.599641" lon="-80.117137">
        <time>2026-08-19T21:55:11Z</time>
      </trkpt>
      <trkpt lat="8.599643" lon="-80.117118">
        <time>2026-08-19T21:55:12Z</time>
      </trkpt>
      <trkpt lat="8.599645" lon="-80.117097">
        <time>2026-08-19T21:55:13Z</time>
      </trkpt>
      <trkpt lat="8.599644" lon="-80.117077">
        <time>2026-08-19T21:55:14Z</time>
      </trkpt>
      <trkpt lat="8.599649" lon="-80.117061">
        <time>2026-08-19T21:55:15Z</time>
      </trkpt>
      <trkpt lat="8.599649" lon="-80.117048">
        <time>2026-08-19T21:55:16Z</time>
      </trkpt>
      <trkpt lat="8.599650" lon="-80.117033">
        <time>2026-08-19T21:55:17Z</time>
      </trkpt>
      <trkpt lat="8.599655" lon="-80.117016">
        <time>2026-08-19T21:55:18Z</time>
      </trkpt>
      <trkpt lat="8.599656" lon="-80.116998">
        <time>2026-08-19T21:55:19Z</time>
      </trkpt>
      <trkpt lat="8.599661" lon="-80.116978">
        <time>2026-08-19T21:55:20Z</time>
      </trkpt>
      <trkpt lat="8.599667" lon="-80.116957">
        <time>2026-08-19T21:55:21Z</time>
      </trkpt>
      <trkpt lat="8.599672" lon="-80.116939">
        <time>2026-08-19T21:55:22Z</time>
      </trkpt>
      <trkpt lat="8.599676" lon="-80.116919">
        <time>2026-08-19T21:55:23Z</time>
      </trkpt>
      <trkpt lat="8.599680" lon="-80.116900">
        <time>2026-08-19T21:55:24Z</time>
      </trkpt>
      <trkpt lat="8.599684" lon="-80.116884">
        <time>2026-08-19T21:55:25Z</time>
      </trkpt>
      <trkpt lat="8.599690" lon="-80.116865">
        <time>2026-08-19T21:55:26Z</time>
      </trkpt>
      <trkpt lat="8.599695" lon="-80.116847">
        <time>2026-08-19T21:55:27Z</time>
      </trkpt>
      <trkpt lat="8.599701" lon="-80.116830">
        <time>2026-08-19T21:55:28Z</time>
      </trkpt>
      <trkpt lat="8.599706" lon="-80.116811">
        <time>2026-08-19T21:55:29Z</time>
      </trkpt>
      <trkpt lat="8.599709" lon="-80.116793">
        <time>2026-08-19T21:55:30Z</time>
      </trkpt>
      <trkpt lat="8.599714" lon="-80.116776">
        <time>2026-08-19T21:55:31Z</time>
      </trkpt>
      <trkpt lat="8.599720" lon="-80.116762">
        <time>2026-08-19T21:55:32Z</time>
      </trkpt>
      <trkpt lat="8.599726" lon="-80.116746">
        <time>2026-08-19T21:55:33Z</time>
      </trkpt>
      <trkpt lat="8.599732" lon="-80.116729">
        <time>2026-08-19T21:55:34Z</time>
      </trkpt>
      <trkpt lat="8.599740" lon="-80.116715">
        <time>2026-08-19T21:55:35Z</time>
      </trkpt>
      <trkpt lat="8.599744" lon="-80.116697">
        <time>2026-08-19T21:55:36Z</time>
      </trkpt>
      <trkpt lat="8.599749" lon="-80.116681">
        <time>2026-08-19T21:55:37Z</time>
      </trkpt>
      <trkpt lat="8.599753" lon="-80.116667">
        <time>2026-08-19T21:55:38Z</time>
      </trkpt>
      <trkpt lat="8.599758" lon="-80.116649">
        <time>2026-08-19T21:55:39Z</time>
      </trkpt>
      <trkpt lat="8.599767" lon="-80.116632">
        <time>2026-08-19T21:55:40Z</time>
      </trkpt>
      <trkpt lat="8.599774" lon="-80.116615">
        <time>2026-08-19T21:55:41Z</time>
      </trkpt>
      <trkpt lat="8.599785" lon="-80.116598">
        <time>2026-08-19T21:55:42Z</time>
      </trkpt>
      <trkpt lat="8.599791" lon="-80.116579">
        <time>2026-08-19T21:55:43Z</time>
      </trkpt>
      <trkpt lat="8.599799" lon="-80.116561">
        <time>2026-08-19T21:55:44Z</time>
      </trkpt>
      <trkpt lat="8.599807" lon="-80.116542">
        <time>2026-08-19T21:55:45Z</time>
      </trkpt>
      <trkpt lat="8.599809" lon="-80.116522">
        <time>2026-08-19T21:55:46Z</time>
      </trkpt>
      <trkpt lat="8.599810" lon="-80.116503">
        <time>2026-08-19T21:55:47Z</time>
      </trkpt>
      <trkpt lat="8.599809" lon="-80.116484">
        <time>2026-08-19T21:55:48Z</time>
      </trkpt>
      <trkpt lat="8.599809" lon="-80.116465">
        <time>2026-08-19T21:55:49Z</time>
      </trkpt>
      <trkpt lat="8.599807" lon="-80.116442">
        <time>2026-08-19T21:55:50Z</time>
      </trkpt>
      <trkpt lat="8.599805" lon="-80.116422">
        <time>2026-08-19T21:55:51Z</time>
      </trkpt>
      <trkpt lat="8.599805" lon="-80.116392">
        <time>2026-08-19T21:55:52Z</time>
      </trkpt>
      <trkpt lat="8.599805" lon="-80.116392">
        <time>2026-08-19T21:55:53Z</time>
      </trkpt>
      <trkpt lat="8.599805" lon="-80.116373">
        <time>2026-08-19T21:55:54Z</time>
      </trkpt>
      <trkpt lat="8.599805" lon="-80.116359">
        <time>2026-08-19T21:55:55Z</time>
      </trkpt>
      <trkpt lat="8.599806" lon="-80.116344">
        <time>2026-08-19T21:55:56Z</time>
      </trkpt>
      <trkpt lat="8.599810" lon="-80.116332">
        <time>2026-08-19T21:55:57Z</time>
      </trkpt>
      <trkpt lat="8.599810" lon="-80.116320">
        <time>2026-08-19T21:55:58Z</time>
      </trkpt>
      <trkpt lat="8.599812" lon="-80.116309">
        <time>2026-08-19T21:55:59Z</time>
      </trkpt>
      <trkpt lat="8.599818" lon="-80.116302">
        <time>2026-08-19T21:56:00Z</time>
      </trkpt>
      <trkpt lat="8.599821" lon="-80.116285">
        <time>2026-08-19T21:56:01Z</time>
      </trkpt>
      <trkpt lat="8.599821" lon="-80.116270">
        <time>2026-08-19T21:56:02Z</time>
      </trkpt>
      <trkpt lat="8.599821" lon="-80.116254">
        <time>2026-08-19T21:56:03Z</time>
      </trkpt>
      <trkpt lat="8.599821" lon="-80.116237">
        <time>2026-08-19T21:56:04Z</time>
      </trkpt>
      <trkpt lat="8.599821" lon="-80.116221">
        <time>2026-08-19T21:56:05Z</time>
      </trkpt>
      <trkpt lat="8.599822" lon="-80.116206">
        <time>2026-08-19T21:56:06Z</time>
      </trkpt>
      <trkpt lat="8.599823" lon="-80.116190">
        <time>2026-08-19T21:56:07Z</time>
      </trkpt>
      <trkpt lat="8.599822" lon="-80.116173">
        <time>2026-08-19T21:56:08Z</time>
      </trkpt>
      <trkpt lat="8.599822" lon="-80.116154">
        <time>2026-08-19T21:56:09Z</time>
      </trkpt>
      <trkpt lat="8.599820" lon="-80.116139">
        <time>2026-08-19T21:56:10Z</time>
      </trkpt>
      <trkpt lat="8.599817" lon="-80.116122">
        <time>2026-08-19T21:56:11Z</time>
      </trkpt>
      <trkpt lat="8.599814" lon="-80.116105">
        <time>2026-08-19T21:56:12Z</time>
      </trkpt>
      <trkpt lat="8.599811" lon="-80.116089">
        <time>2026-08-19T21:56:13Z</time>
      </trkpt>
      <trkpt lat="8.599813" lon="-80.116074">
        <time>2026-08-19T21:56:14Z</time>
      </trkpt>
      <trkpt lat="8.599814" lon="-80.116056">
        <time>2026-08-19T21:56:15Z</time>
      </trkpt>
      <trkpt lat="8.599814" lon="-80.116037">
        <time>2026-08-19T21:56:16Z</time>
      </trkpt>
      <trkpt lat="8.599813" lon="-80.116019">
        <time>2026-08-19T21:56:17Z</time>
      </trkpt>
      <trkpt lat="8.599809" lon="-80.116001">
        <time>2026-08-19T21:56:18Z</time>
      </trkpt>
      <trkpt lat="8.599807" lon="-80.115982">
        <time>2026-08-19T21:56:19Z</time>
      </trkpt>
      <trkpt lat="8.599804" lon="-80.115960">
        <time>2026-08-19T21:56:20Z</time>
      </trkpt>
      <trkpt lat="8.599798" lon="-80.115941">
        <time>2026-08-19T21:56:21Z</time>
      </trkpt>
      <trkpt lat="8.599795" lon="-80.115919">
        <time>2026-08-19T21:56:22Z</time>
      </trkpt>
      <trkpt lat="8.599794" lon="-80.115900">
        <time>2026-08-19T21:56:23Z</time>
      </trkpt>
      <trkpt lat="8.599792" lon="-80.115880">
        <time>2026-08-19T21:56:24Z</time>
      </trkpt>
      <trkpt lat="8.599788" lon="-80.115862">
        <time>2026-08-19T21:56:25Z</time>
      </trkpt>
      <trkpt lat="8.599786" lon="-80.115845">
        <time>2026-08-19T21:56:26Z</time>
      </trkpt>
      <trkpt lat="8.599785" lon="-80.115828">
        <time>2026-08-19T21:56:27Z</time>
      </trkpt>
      <trkpt lat="8.599785" lon="-80.115813">
        <time>2026-08-19T21:56:28Z</time>
      </trkpt>
      <trkpt lat="8.599779" lon="-80.115798">
        <time>2026-08-19T21:56:29Z</time>
      </trkpt>
      <trkpt lat="8.599774" lon="-80.115783">
        <time>2026-08-19T21:56:30Z</time>
      </trkpt>
      <trkpt lat="8.599772" lon="-80.115765">
        <time>2026-08-19T21:56:31Z</time>
      </trkpt>
      <trkpt lat="8.599773" lon="-80.115751">
        <time>2026-08-19T21:56:32Z</time>
      </trkpt>
      <trkpt lat="8.599774" lon="-80.115737">
        <time>2026-08-19T21:56:33Z</time>
      </trkpt>
      <trkpt lat="8.599777" lon="-80.115723">
        <time>2026-08-19T21:56:34Z</time>
      </trkpt>
      <trkpt lat="8.599775" lon="-80.115711">
        <time>2026-08-19T21:56:35Z</time>
      </trkpt>
      <trkpt lat="8.599772" lon="-80.115698">
        <time>2026-08-19T21:56:36Z</time>
      </trkpt>
      <trkpt lat="8.599771" lon="-80.115684">
        <time>2026-08-19T21:56:37Z</time>
      </trkpt>
      <trkpt lat="8.599769" lon="-80.115674">
        <time>2026-08-19T21:56:38Z</time>
      </trkpt>
      <trkpt lat="8.599764" lon="-80.115662">
        <time>2026-08-19T21:56:39Z</time>
      </trkpt>
      <trkpt lat="8.599759" lon="-80.115647">
        <time>2026-08-19T21:56:40Z</time>
      </trkpt>
      <trkpt lat="8.599754" lon="-80.115636">
        <time>2026-08-19T21:56:41Z</time>
      </trkpt>
      <trkpt lat="8.599751" lon="-80.115625">
        <time>2026-08-19T21:56:42Z</time>
      </trkpt>
      <trkpt lat="8.599745" lon="-80.115607">
        <time>2026-08-19T21:56:43Z</time>
      </trkpt>
      <trkpt lat="8.599742" lon="-80.115594">
        <time>2026-08-19T21:56:44Z</time>
      </trkpt>
      <trkpt lat="8.599742" lon="-80.115577">
        <time>2026-08-19T21:56:45Z</time>
      </trkpt>
      <trkpt lat="8.599739" lon="-80.115562">
        <time>2026-08-19T21:56:46Z</time>
      </trkpt>
      <trkpt lat="8.599736" lon="-80.115544">
        <time>2026-08-19T21:56:47Z</time>
      </trkpt>
      <trkpt lat="8.599732" lon="-80.115529">
        <time>2026-08-19T21:56:48Z</time>
      </trkpt>
      <trkpt lat="8.599732" lon="-80.115514">
        <time>2026-08-19T21:56:49Z</time>
      </trkpt>
      <trkpt lat="8.599730" lon="-80.115499">
        <time>2026-08-19T21:56:50Z</time>
      </trkpt>
      <trkpt lat="8.599727" lon="-80.115482">
        <time>2026-08-19T21:56:51Z</time>
      </trkpt>
      <trkpt lat="8.599724" lon="-80.115461">
        <time>2026-08-19T21:56:52Z</time>
      </trkpt>
      <trkpt lat="8.599721" lon="-80.115442">
        <time>2026-08-19T21:56:53Z</time>
      </trkpt>
      <trkpt lat="8.599720" lon="-80.115424">
        <time>2026-08-19T21:56:54Z</time>
      </trkpt>
      <trkpt lat="8.599718" lon="-80.115406">
        <time>2026-08-19T21:56:55Z</time>
      </trkpt>
      <trkpt lat="8.599717" lon="-80.115390">
        <time>2026-08-19T21:56:56Z</time>
      </trkpt>
      <trkpt lat="8.599717" lon="-80.115373">
        <time>2026-08-19T21:56:57Z</time>
      </trkpt>
      <trkpt lat="8.599714" lon="-80.115353">
        <time>2026-08-19T21:56:58Z</time>
      </trkpt>
      <trkpt lat="8.599709" lon="-80.115336">
        <time>2026-08-19T21:56:59Z</time>
      </trkpt>
      <trkpt lat="8.599706" lon="-80.115317">
        <time>2026-08-19T21:57:00Z</time>
      </trkpt>
      <trkpt lat="8.599704" lon="-80.115297">
        <time>2026-08-19T21:57:01Z</time>
      </trkpt>
      <trkpt lat="8.599701" lon="-80.115279">
        <time>2026-08-19T21:57:02Z</time>
      </trkpt>
      <trkpt lat="8.599698" lon="-80.115263">
        <time>2026-08-19T21:57:03Z</time>
      </trkpt>
      <trkpt lat="8.599694" lon="-80.115247">
        <time>2026-08-19T21:57:04Z</time>
      </trkpt>
      <trkpt lat="8.599691" lon="-80.115230">
        <time>2026-08-19T21:57:05Z</time>
      </trkpt>
      <trkpt lat="8.599686" lon="-80.115211">
        <time>2026-08-19T21:57:06Z</time>
      </trkpt>
      <trkpt lat="8.599684" lon="-80.115193">
        <time>2026-08-19T21:57:07Z</time>
      </trkpt>
      <trkpt lat="8.599680" lon="-80.115175">
        <time>2026-08-19T21:57:08Z</time>
      </trkpt>
      <trkpt lat="8.599678" lon="-80.115152">
        <time>2026-08-19T21:57:09Z</time>
      </trkpt>
      <trkpt lat="8.599675" lon="-80.115127">
        <time>2026-08-19T21:57:10Z</time>
      </trkpt>
      <trkpt lat="8.599672" lon="-80.115105">
        <time>2026-08-19T21:57:11Z</time>
      </trkpt>
      <trkpt lat="8.599669" lon="-80.115083">
        <time>2026-08-19T21:57:12Z</time>
      </trkpt>
      <trkpt lat="8.599667" lon="-80.115067">
        <time>2026-08-19T21:57:13Z</time>
      </trkpt>
      <trkpt lat="8.599663" lon="-80.115049">
        <time>2026-08-19T21:57:14Z</time>
      </trkpt>
      <trkpt lat="8.599658" lon="-80.115032">
        <time>2026-08-19T21:57:15Z</time>
      </trkpt>
      <trkpt lat="8.599654" lon="-80.115013">
        <time>2026-08-19T21:57:16Z</time>
      </trkpt>
      <trkpt lat="8.599651" lon="-80.114998">
        <time>2026-08-19T21:57:17Z</time>
      </trkpt>
      <trkpt lat="8.599648" lon="-80.114980">
        <time>2026-08-19T21:57:18Z</time>
      </trkpt>
      <trkpt lat="8.599643" lon="-80.114962">
        <time>2026-08-19T21:57:19Z</time>
      </trkpt>
      <trkpt lat="8.599640" lon="-80.114942">
        <time>2026-08-19T21:57:20Z</time>
      </trkpt>
      <trkpt lat="8.599633" lon="-80.114926">
        <time>2026-08-19T21:57:21Z</time>
      </trkpt>
      <trkpt lat="8.599627" lon="-80.114907">
        <time>2026-08-19T21:57:22Z</time>
      </trkpt>
      <trkpt lat="8.599625" lon="-80.114892">
        <time>2026-08-19T21:57:23Z</time>
      </trkpt>
      <trkpt lat="8.599622" lon="-80.114874">
        <time>2026-08-19T21:57:24Z</time>
      </trkpt>
      <trkpt lat="8.599621" lon="-80.114852">
        <time>2026-08-19T21:57:25Z</time>
      </trkpt>
      <trkpt lat="8.599615" lon="-80.114834">
        <time>2026-08-19T21:57:26Z</time>
      </trkpt>
      <trkpt lat="8.599614" lon="-80.114817">
        <time>2026-08-19T21:57:27Z</time>
      </trkpt>
      <trkpt lat="8.599612" lon="-80.114800">
        <time>2026-08-19T21:57:28Z</time>
      </trkpt>
      <trkpt lat="8.599607" lon="-80.114779">
        <time>2026-08-19T21:57:29Z</time>
      </trkpt>
      <trkpt lat="8.599606" lon="-80.114760">
        <time>2026-08-19T21:57:30Z</time>
      </trkpt>
      <trkpt lat="8.599604" lon="-80.114743">
        <time>2026-08-19T21:57:31Z</time>
      </trkpt>
      <trkpt lat="8.599601" lon="-80.114725">
        <time>2026-08-19T21:57:32Z</time>
      </trkpt>
      <trkpt lat="8.599597" lon="-80.114711">
        <time>2026-08-19T21:57:33Z</time>
      </trkpt>
      <trkpt lat="8.599595" lon="-80.114697">
        <time>2026-08-19T21:57:34Z</time>
      </trkpt>
      <trkpt lat="8.599593" lon="-80.114682">
        <time>2026-08-19T21:57:35Z</time>
      </trkpt>
      <trkpt lat="8.599591" lon="-80.114663">
        <time>2026-08-19T21:57:36Z</time>
      </trkpt>
      <trkpt lat="8.599586" lon="-80.114647">
        <time>2026-08-19T21:57:37Z</time>
      </trkpt>
      <trkpt lat="8.599581" lon="-80.114627">
        <time>2026-08-19T21:57:38Z</time>
      </trkpt>
      <trkpt lat="8.599577" lon="-80.114609">
        <time>2026-08-19T21:57:39Z</time>
      </trkpt>
      <trkpt lat="8.599573" lon="-80.114592">
        <time>2026-08-19T21:57:40Z</time>
      </trkpt>
      <trkpt lat="8.599572" lon="-80.114575">
        <time>2026-08-19T21:57:41Z</time>
      </trkpt>
      <trkpt lat="8.599568" lon="-80.114556">
        <time>2026-08-19T21:57:42Z</time>
      </trkpt>
      <trkpt lat="8.599565" lon="-80.114538">
        <time>2026-08-19T21:57:43Z</time>
      </trkpt>
      <trkpt lat="8.599565" lon="-80.114525">
        <time>2026-08-19T21:57:44Z</time>
      </trkpt>
      <trkpt lat="8.599562" lon="-80.114510">
        <time>2026-08-19T21:57:45Z</time>
      </trkpt>
      <trkpt lat="8.599559" lon="-80.114494">
        <time>2026-08-19T21:57:46Z</time>
      </trkpt>
      <trkpt lat="8.599556" lon="-80.114478">
        <time>2026-08-19T21:57:47Z</time>
      </trkpt>
      <trkpt lat="8.599554" lon="-80.114466">
        <time>2026-08-19T21:57:48Z</time>
      </trkpt>
      <trkpt lat="8.599554" lon="-80.114449">
        <time>2026-08-19T21:57:49Z</time>
      </trkpt>
      <trkpt lat="8.599554" lon="-80.114434">
        <time>2026-08-19T21:57:50Z</time>
      </trkpt>
      <trkpt lat="8.599551" lon="-80.114417">
        <time>2026-08-19T21:57:51Z</time>
      </trkpt>
      <trkpt lat="8.599546" lon="-80.114394">
        <time>2026-08-19T21:57:52Z</time>
      </trkpt>
      <trkpt lat="8.599546" lon="-80.114394">
        <time>2026-08-19T21:57:53Z</time>
      </trkpt>
      <trkpt lat="8.599545" lon="-80.114386">
        <time>2026-08-19T21:57:54Z</time>
      </trkpt>
      <trkpt lat="8.599546" lon="-80.114379">
        <time>2026-08-19T21:57:55Z</time>
      </trkpt>
      <trkpt lat="8.599550" lon="-80.114353">
        <time>2026-08-19T21:57:56Z</time>
      </trkpt>
      <trkpt lat="8.599545" lon="-80.114341">
        <time>2026-08-19T21:57:57Z</time>
      </trkpt>
      <trkpt lat="8.599545" lon="-80.114341">
        <time>2026-08-19T21:57:58Z</time>
      </trkpt>
      <trkpt lat="8.599539" lon="-80.114316">
        <time>2026-08-19T21:57:59Z</time>
      </trkpt>
      <trkpt lat="8.599539" lon="-80.114316">
        <time>2026-08-19T21:58:00Z</time>
      </trkpt>
      <trkpt lat="8.599537" lon="-80.114303">
        <time>2026-08-19T21:58:01Z</time>
      </trkpt>
      <trkpt lat="8.599535" lon="-80.114289">
        <time>2026-08-19T21:58:02Z</time>
      </trkpt>
      <trkpt lat="8.599530" lon="-80.114274">
        <time>2026-08-19T21:58:03Z</time>
      </trkpt>
      <trkpt lat="8.599526" lon="-80.114262">
        <time>2026-08-19T21:58:04Z</time>
      </trkpt>
      <trkpt lat="8.599523" lon="-80.114249">
        <time>2026-08-19T21:58:05Z</time>
      </trkpt>
      <trkpt lat="8.599519" lon="-80.114235">
        <time>2026-08-19T21:58:06Z</time>
      </trkpt>
      <trkpt lat="8.599516" lon="-80.114222">
        <time>2026-08-19T21:58:07Z</time>
      </trkpt>
      <trkpt lat="8.599515" lon="-80.114208">
        <time>2026-08-19T21:58:08Z</time>
      </trkpt>
      <trkpt lat="8.599512" lon="-80.114190">
        <time>2026-08-19T21:58:09Z</time>
      </trkpt>
      <trkpt lat="8.599509" lon="-80.114178">
        <time>2026-08-19T21:58:10Z</time>
      </trkpt>
      <trkpt lat="8.599508" lon="-80.114151">
        <time>2026-08-19T21:58:11Z</time>
      </trkpt>
      <trkpt lat="8.599508" lon="-80.114151">
        <time>2026-08-19T21:58:12Z</time>
      </trkpt>
      <trkpt lat="8.599506" lon="-80.114124">
        <time>2026-08-19T21:58:13Z</time>
      </trkpt>
      <trkpt lat="8.599505" lon="-80.114108">
        <time>2026-08-19T21:58:14Z</time>
      </trkpt>
      <trkpt lat="8.599502" lon="-80.114085">
        <time>2026-08-19T21:58:15Z</time>
      </trkpt>
      <trkpt lat="8.599501" lon="-80.114069">
        <time>2026-08-19T21:58:16Z</time>
      </trkpt>
      <trkpt lat="8.599497" lon="-80.114053">
        <time>2026-08-19T21:58:17Z</time>
      </trkpt>
      <trkpt lat="8.599493" lon="-80.114037">
        <time>2026-08-19T21:58:18Z</time>
      </trkpt>
      <trkpt lat="8.599491" lon="-80.114022">
        <time>2026-08-19T21:58:19Z</time>
      </trkpt>
      <trkpt lat="8.599490" lon="-80.114005">
        <time>2026-08-19T21:58:20Z</time>
      </trkpt>
      <trkpt lat="8.599488" lon="-80.113989">
        <time>2026-08-19T21:58:21Z</time>
      </trkpt>
      <trkpt lat="8.599487" lon="-80.113971">
        <time>2026-08-19T21:58:22Z</time>
      </trkpt>
      <trkpt lat="8.599486" lon="-80.113954">
        <time>2026-08-19T21:58:23Z</time>
      </trkpt>
      <trkpt lat="8.599486" lon="-80.113936">
        <time>2026-08-19T21:58:24Z</time>
      </trkpt>
      <trkpt lat="8.599484" lon="-80.113919">
        <time>2026-08-19T21:58:25Z</time>
      </trkpt>
      <trkpt lat="8.599482" lon="-80.113901">
        <time>2026-08-19T21:58:26Z</time>
      </trkpt>
      <trkpt lat="8.599478" lon="-80.113884">
        <time>2026-08-19T21:58:27Z</time>
      </trkpt>
      <trkpt lat="8.599474" lon="-80.113867">
        <time>2026-08-19T21:58:28Z</time>
      </trkpt>
      <trkpt lat="8.599472" lon="-80.113851">
        <time>2026-08-19T21:58:29Z</time>
      </trkpt>
      <trkpt lat="8.599470" lon="-80.113834">
        <time>2026-08-19T21:58:30Z</time>
      </trkpt>
      <trkpt lat="8.599465" lon="-80.113816">
        <time>2026-08-19T21:58:31Z</time>
      </trkpt>
      <trkpt lat="8.599464" lon="-80.113799">
        <time>2026-08-19T21:58:32Z</time>
      </trkpt>
      <trkpt lat="8.599465" lon="-80.113781">
        <time>2026-08-19T21:58:33Z</time>
      </trkpt>
      <trkpt lat="8.599464" lon="-80.113764">
        <time>2026-08-19T21:58:34Z</time>
      </trkpt>
      <trkpt lat="8.599460" lon="-80.113746">
        <time>2026-08-19T21:58:35Z</time>
      </trkpt>
      <trkpt lat="8.599456" lon="-80.113728">
        <time>2026-08-19T21:58:36Z</time>
      </trkpt>
      <trkpt lat="8.599452" lon="-80.113710">
        <time>2026-08-19T21:58:37Z</time>
      </trkpt>
      <trkpt lat="8.599450" lon="-80.113691">
        <time>2026-08-19T21:58:38Z</time>
      </trkpt>
      <trkpt lat="8.599450" lon="-80.113674">
        <time>2026-08-19T21:58:39Z</time>
      </trkpt>
      <trkpt lat="8.599446" lon="-80.113656">
        <time>2026-08-19T21:58:40Z</time>
      </trkpt>
      <trkpt lat="8.599439" lon="-80.113639">
        <time>2026-08-19T21:58:41Z</time>
      </trkpt>
      <trkpt lat="8.599435" lon="-80.113622">
        <time>2026-08-19T21:58:42Z</time>
      </trkpt>
      <trkpt lat="8.599432" lon="-80.113606">
        <time>2026-08-19T21:58:43Z</time>
      </trkpt>
      <trkpt lat="8.599431" lon="-80.113590">
        <time>2026-08-19T21:58:44Z</time>
      </trkpt>
      <trkpt lat="8.599430" lon="-80.113574">
        <time>2026-08-19T21:58:45Z</time>
      </trkpt>
      <trkpt lat="8.599430" lon="-80.113559">
        <time>2026-08-19T21:58:46Z</time>
      </trkpt>
      <trkpt lat="8.599428" lon="-80.113545">
        <time>2026-08-19T21:58:47Z</time>
      </trkpt>
      <trkpt lat="8.599426" lon="-80.113532">
        <time>2026-08-19T21:58:48Z</time>
      </trkpt>
      <trkpt lat="8.599421" lon="-80.113518">
        <time>2026-08-19T21:58:49Z</time>
      </trkpt>
      <trkpt lat="8.599421" lon="-80.113503">
        <time>2026-08-19T21:58:50Z</time>
      </trkpt>
      <trkpt lat="8.599418" lon="-80.113488">
        <time>2026-08-19T21:58:51Z</time>
      </trkpt>
      <trkpt lat="8.599415" lon="-80.113469">
        <time>2026-08-19T21:58:52Z</time>
      </trkpt>
      <trkpt lat="8.599413" lon="-80.113452">
        <time>2026-08-19T21:58:53Z</time>
      </trkpt>
      <trkpt lat="8.599409" lon="-80.113436">
        <time>2026-08-19T21:58:54Z</time>
      </trkpt>
      <trkpt lat="8.599404" lon="-80.113419">
        <time>2026-08-19T21:58:55Z</time>
      </trkpt>
      <trkpt lat="8.599394" lon="-80.113399">
        <time>2026-08-19T21:58:56Z</time>
      </trkpt>
      <trkpt lat="8.599386" lon="-80.113384">
        <time>2026-08-19T21:58:57Z</time>
      </trkpt>
      <trkpt lat="8.599377" lon="-80.113369">
        <time>2026-08-19T21:58:58Z</time>
      </trkpt>
      <trkpt lat="8.599374" lon="-80.113352">
        <time>2026-08-19T21:58:59Z</time>
      </trkpt>
      <trkpt lat="8.599370" lon="-80.113338">
        <time>2026-08-19T21:59:00Z</time>
      </trkpt>
      <trkpt lat="8.599365" lon="-80.113323">
        <time>2026-08-19T21:59:01Z</time>
      </trkpt>
      <trkpt lat="8.599358" lon="-80.113305">
        <time>2026-08-19T21:59:02Z</time>
      </trkpt>
      <trkpt lat="8.599355" lon="-80.113286">
        <time>2026-08-19T21:59:03Z</time>
      </trkpt>
      <trkpt lat="8.599352" lon="-80.113268">
        <time>2026-08-19T21:59:04Z</time>
      </trkpt>
      <trkpt lat="8.599347" lon="-80.113252">
        <time>2026-08-19T21:59:05Z</time>
      </trkpt>
      <trkpt lat="8.599341" lon="-80.113234">
        <time>2026-08-19T21:59:06Z</time>
      </trkpt>
      <trkpt lat="8.599336" lon="-80.113219">
        <time>2026-08-19T21:59:07Z</time>
      </trkpt>
      <trkpt lat="8.599331" lon="-80.113204">
        <time>2026-08-19T21:59:08Z</time>
      </trkpt>
      <trkpt lat="8.599329" lon="-80.113188">
        <time>2026-08-19T21:59:09Z</time>
      </trkpt>
      <trkpt lat="8.599328" lon="-80.113171">
        <time>2026-08-19T21:59:10Z</time>
      </trkpt>
      <trkpt lat="8.599323" lon="-80.113159">
        <time>2026-08-19T21:59:11Z</time>
      </trkpt>
      <trkpt lat="8.599322" lon="-80.113143">
        <time>2026-08-19T21:59:12Z</time>
      </trkpt>
      <trkpt lat="8.599324" lon="-80.113127">
        <time>2026-08-19T21:59:13Z</time>
      </trkpt>
      <trkpt lat="8.599325" lon="-80.113109">
        <time>2026-08-19T21:59:14Z</time>
      </trkpt>
      <trkpt lat="8.599337" lon="-80.113074">
        <time>2026-08-19T21:59:15Z</time>
      </trkpt>
      <trkpt lat="8.599337" lon="-80.113074">
        <time>2026-08-19T21:59:16Z</time>
      </trkpt>
      <trkpt lat="8.599349" lon="-80.113061">
        <time>2026-08-19T21:59:17Z</time>
      </trkpt>
      <trkpt lat="8.599360" lon="-80.113045">
        <time>2026-08-19T21:59:18Z</time>
      </trkpt>
      <trkpt lat="8.599371" lon="-80.113032">
        <time>2026-08-19T21:59:19Z</time>
      </trkpt>
      <trkpt lat="8.599386" lon="-80.113021">
        <time>2026-08-19T21:59:20Z</time>
      </trkpt>
      <trkpt lat="8.599402" lon="-80.113010">
        <time>2026-08-19T21:59:21Z</time>
      </trkpt>
      <trkpt lat="8.599419" lon="-80.113003">
        <time>2026-08-19T21:59:22Z</time>
      </trkpt>
      <trkpt lat="8.599434" lon="-80.113001">
        <time>2026-08-19T21:59:23Z</time>
      </trkpt>
      <trkpt lat="8.599450" lon="-80.112997">
        <time>2026-08-19T21:59:24Z</time>
      </trkpt>
      <trkpt lat="8.599465" lon="-80.112991">
        <time>2026-08-19T21:59:25Z</time>
      </trkpt>
      <trkpt lat="8.599482" lon="-80.112988">
        <time>2026-08-19T21:59:26Z</time>
      </trkpt>
      <trkpt lat="8.599502" lon="-80.112985">
        <time>2026-08-19T21:59:27Z</time>
      </trkpt>
      <trkpt lat="8.599526" lon="-80.112982">
        <time>2026-08-19T21:59:28Z</time>
      </trkpt>
      <trkpt lat="8.599545" lon="-80.112980">
        <time>2026-08-19T21:59:29Z</time>
      </trkpt>
      <trkpt lat="8.599564" lon="-80.112976">
        <time>2026-08-19T21:59:30Z</time>
      </trkpt>
      <trkpt lat="8.599580" lon="-80.112973">
        <time>2026-08-19T21:59:31Z</time>
      </trkpt>
      <trkpt lat="8.599595" lon="-80.112971">
        <time>2026-08-19T21:59:32Z</time>
      </trkpt>
      <trkpt lat="8.599613" lon="-80.112968">
        <time>2026-08-19T21:59:33Z</time>
      </trkpt>
      <trkpt lat="8.599631" lon="-80.112966">
        <time>2026-08-19T21:59:34Z</time>
      </trkpt>
      <trkpt lat="8.599652" lon="-80.112964">
        <time>2026-08-19T21:59:35Z</time>
      </trkpt>
      <trkpt lat="8.599670" lon="-80.112964">
        <time>2026-08-19T21:59:36Z</time>
      </trkpt>
      <trkpt lat="8.599690" lon="-80.112964">
        <time>2026-08-19T21:59:37Z</time>
      </trkpt>
      <trkpt lat="8.599709" lon="-80.112961">
        <time>2026-08-19T21:59:38Z</time>
      </trkpt>
      <trkpt lat="8.599727" lon="-80.112959">
        <time>2026-08-19T21:59:39Z</time>
      </trkpt>
      <trkpt lat="8.599744" lon="-80.112958">
        <time>2026-08-19T21:59:40Z</time>
      </trkpt>
      <trkpt lat="8.599761" lon="-80.112956">
        <time>2026-08-19T21:59:41Z</time>
      </trkpt>
      <trkpt lat="8.599774" lon="-80.112951">
        <time>2026-08-19T21:59:42Z</time>
      </trkpt>
      <trkpt lat="8.599792" lon="-80.112949">
        <time>2026-08-19T21:59:43Z</time>
      </trkpt>
      <trkpt lat="8.599811" lon="-80.112946">
        <time>2026-08-19T21:59:44Z</time>
      </trkpt>
      <trkpt lat="8.599829" lon="-80.112945">
        <time>2026-08-19T21:59:45Z</time>
      </trkpt>
      <trkpt lat="8.599850" lon="-80.112943">
        <time>2026-08-19T21:59:46Z</time>
      </trkpt>
      <trkpt lat="8.599870" lon="-80.112943">
        <time>2026-08-19T21:59:47Z</time>
      </trkpt>
      <trkpt lat="8.599889" lon="-80.112943">
        <time>2026-08-19T21:59:48Z</time>
      </trkpt>
      <trkpt lat="8.599908" lon="-80.112943">
        <time>2026-08-19T21:59:49Z</time>
      </trkpt>
      <trkpt lat="8.599926" lon="-80.112941">
        <time>2026-08-19T21:59:50Z</time>
      </trkpt>
      <trkpt lat="8.599943" lon="-80.112938">
        <time>2026-08-19T21:59:51Z</time>
      </trkpt>
      <trkpt lat="8.599958" lon="-80.112936">
        <time>2026-08-19T21:59:52Z</time>
      </trkpt>
      <trkpt lat="8.599973" lon="-80.112935">
        <time>2026-08-19T21:59:53Z</time>
      </trkpt>
      <trkpt lat="8.599991" lon="-80.112937">
        <time>2026-08-19T21:59:54Z</time>
      </trkpt>
      <trkpt lat="8.600026" lon="-80.112938">
        <time>2026-08-19T21:59:55Z</time>
      </trkpt>
      <trkpt lat="8.600026" lon="-80.112938">
        <time>2026-08-19T21:59:56Z</time>
      </trkpt>
      <trkpt lat="8.600041" lon="-80.112928">
        <time>2026-08-19T21:59:57Z</time>
      </trkpt>
      <trkpt lat="8.600055" lon="-80.112925">
        <time>2026-08-19T21:59:58Z</time>
      </trkpt>
      <trkpt lat="8.600074" lon="-80.112921">
        <time>2026-08-19T21:59:59Z</time>
      </trkpt>
      <trkpt lat="8.600095" lon="-80.112919">
        <time>2026-08-19T22:00:00Z</time>
      </trkpt>
      <trkpt lat="8.600116" lon="-80.112918">
        <time>2026-08-19T22:00:01Z</time>
      </trkpt>
      <trkpt lat="8.600141" lon="-80.112919">
        <time>2026-08-19T22:00:02Z</time>
      </trkpt>
      <trkpt lat="8.600165" lon="-80.112919">
        <time>2026-08-19T22:00:03Z</time>
      </trkpt>
      <trkpt lat="8.600185" lon="-80.112923">
        <time>2026-08-19T22:00:04Z</time>
      </trkpt>
      <trkpt lat="8.600207" lon="-80.112926">
        <time>2026-08-19T22:00:05Z</time>
      </trkpt>
      <trkpt lat="8.600230" lon="-80.112930">
        <time>2026-08-19T22:00:06Z</time>
      </trkpt>
      <trkpt lat="8.600252" lon="-80.112937">
        <time>2026-08-19T22:00:07Z</time>
      </trkpt>
      <trkpt lat="8.600271" lon="-80.112942">
        <time>2026-08-19T22:00:08Z</time>
      </trkpt>
      <trkpt lat="8.600288" lon="-80.112948">
        <time>2026-08-19T22:00:09Z</time>
      </trkpt>
      <trkpt lat="8.600306" lon="-80.112948">
        <time>2026-08-19T22:00:10Z</time>
      </trkpt>
      <trkpt lat="8.600323" lon="-80.112953">
        <time>2026-08-19T22:00:11Z</time>
      </trkpt>
      <trkpt lat="8.600340" lon="-80.112956">
        <time>2026-08-19T22:00:12Z</time>
      </trkpt>
      <trkpt lat="8.600356" lon="-80.112962">
        <time>2026-08-19T22:00:13Z</time>
      </trkpt>
      <trkpt lat="8.600373" lon="-80.112971">
        <time>2026-08-19T22:00:14Z</time>
      </trkpt>
      <trkpt lat="8.600390" lon="-80.112978">
        <time>2026-08-19T22:00:15Z</time>
      </trkpt>
      <trkpt lat="8.600406" lon="-80.112985">
        <time>2026-08-19T22:00:16Z</time>
      </trkpt>
      <trkpt lat="8.600422" lon="-80.112994">
        <time>2026-08-19T22:00:17Z</time>
      </trkpt>
      <trkpt lat="8.600440" lon="-80.113001">
        <time>2026-08-19T22:00:18Z</time>
      </trkpt>
      <trkpt lat="8.600461" lon="-80.113007">
        <time>2026-08-19T22:00:19Z</time>
      </trkpt>
      <trkpt lat="8.600481" lon="-80.113013">
        <time>2026-08-19T22:00:20Z</time>
      </trkpt>
      <trkpt lat="8.600495" lon="-80.113019">
        <time>2026-08-19T22:00:21Z</time>
      </trkpt>
      <trkpt lat="8.600513" lon="-80.113027">
        <time>2026-08-19T22:00:22Z</time>
      </trkpt>
      <trkpt lat="8.600530" lon="-80.113035">
        <time>2026-08-19T22:00:23Z</time>
      </trkpt>
      <trkpt lat="8.600547" lon="-80.113043">
        <time>2026-08-19T22:00:24Z</time>
      </trkpt>
      <trkpt lat="8.600567" lon="-80.113051">
        <time>2026-08-19T22:00:25Z</time>
      </trkpt>
      <trkpt lat="8.600584" lon="-80.113060">
        <time>2026-08-19T22:00:26Z</time>
      </trkpt>
      <trkpt lat="8.600602" lon="-80.113069">
        <time>2026-08-19T22:00:27Z</time>
      </trkpt>
      <trkpt lat="8.600623" lon="-80.113075">
        <time>2026-08-19T22:00:28Z</time>
      </trkpt>
      <trkpt lat="8.600644" lon="-80.113083">
        <time>2026-08-19T22:00:29Z</time>
      </trkpt>
      <trkpt lat="8.600661" lon="-80.113091">
        <time>2026-08-19T22:00:30Z</time>
      </trkpt>
      <trkpt lat="8.600683" lon="-80.113096">
        <time>2026-08-19T22:00:31Z</time>
      </trkpt>
      <trkpt lat="8.600705" lon="-80.113102">
        <time>2026-08-19T22:00:32Z</time>
      </trkpt>
      <trkpt lat="8.600723" lon="-80.113111">
        <time>2026-08-19T22:00:33Z</time>
      </trkpt>
      <trkpt lat="8.600745" lon="-80.113119">
        <time>2026-08-19T22:00:34Z</time>
      </trkpt>
      <trkpt lat="8.600766" lon="-80.113126">
        <time>2026-08-19T22:00:35Z</time>
      </trkpt>
      <trkpt lat="8.600789" lon="-80.113133">
        <time>2026-08-19T22:00:36Z</time>
      </trkpt>
      <trkpt lat="8.600808" lon="-80.113140">
        <time>2026-08-19T22:00:37Z</time>
      </trkpt>
      <trkpt lat="8.600828" lon="-80.113145">
        <time>2026-08-19T22:00:38Z</time>
      </trkpt>
      <trkpt lat="8.600846" lon="-80.113150">
        <time>2026-08-19T22:00:39Z</time>
      </trkpt>
      <trkpt lat="8.600868" lon="-80.113154">
        <time>2026-08-19T22:00:40Z</time>
      </trkpt>
      <trkpt lat="8.600891" lon="-80.113154">
        <time>2026-08-19T22:00:41Z</time>
      </trkpt>
      <trkpt lat="8.600911" lon="-80.113153">
        <time>2026-08-19T22:00:42Z</time>
      </trkpt>
      <trkpt lat="8.600931" lon="-80.113154">
        <time>2026-08-19T22:00:43Z</time>
      </trkpt>
      <trkpt lat="8.600951" lon="-80.113151">
        <time>2026-08-19T22:00:44Z</time>
      </trkpt>
      <trkpt lat="8.600971" lon="-80.113148">
        <time>2026-08-19T22:00:45Z</time>
      </trkpt>
      <trkpt lat="8.600995" lon="-80.113148">
        <time>2026-08-19T22:00:46Z</time>
      </trkpt>
      <trkpt lat="8.601018" lon="-80.113148">
        <time>2026-08-19T22:00:47Z</time>
      </trkpt>
      <trkpt lat="8.601040" lon="-80.113147">
        <time>2026-08-19T22:00:48Z</time>
      </trkpt>
      <trkpt lat="8.601061" lon="-80.113144">
        <time>2026-08-19T22:00:49Z</time>
      </trkpt>
      <trkpt lat="8.601083" lon="-80.113142">
        <time>2026-08-19T22:00:50Z</time>
      </trkpt>
      <trkpt lat="8.601103" lon="-80.113139">
        <time>2026-08-19T22:00:51Z</time>
      </trkpt>
      <trkpt lat="8.601122" lon="-80.113136">
        <time>2026-08-19T22:00:52Z</time>
      </trkpt>
      <trkpt lat="8.601144" lon="-80.113136">
        <time>2026-08-19T22:00:53Z</time>
      </trkpt>
      <trkpt lat="8.601164" lon="-80.113135">
        <time>2026-08-19T22:00:54Z</time>
      </trkpt>
      <trkpt lat="8.601185" lon="-80.113136">
        <time>2026-08-19T22:00:55Z</time>
      </trkpt>
      <trkpt lat="8.601207" lon="-80.113134">
        <time>2026-08-19T22:00:56Z</time>
      </trkpt>
      <trkpt lat="8.601228" lon="-80.113131">
        <time>2026-08-19T22:00:57Z</time>
      </trkpt>
      <trkpt lat="8.601248" lon="-80.113129">
        <time>2026-08-19T22:00:58Z</time>
      </trkpt>
      <trkpt lat="8.601271" lon="-80.113126">
        <time>2026-08-19T22:00:59Z</time>
      </trkpt>
      <trkpt lat="8.601297" lon="-80.113124">
        <time>2026-08-19T22:01:00Z</time>
      </trkpt>
      <trkpt lat="8.601318" lon="-80.113126">
        <time>2026-08-19T22:01:01Z</time>
      </trkpt>
      <trkpt lat="8.601340" lon="-80.113126">
        <time>2026-08-19T22:01:02Z</time>
      </trkpt>
      <trkpt lat="8.601358" lon="-80.113123">
        <time>2026-08-19T22:01:03Z</time>
      </trkpt>
      <trkpt lat="8.601376" lon="-80.113123">
        <time>2026-08-19T22:01:04Z</time>
      </trkpt>
      <trkpt lat="8.601393" lon="-80.113122">
        <time>2026-08-19T22:01:05Z</time>
      </trkpt>
      <trkpt lat="8.601409" lon="-80.113121">
        <time>2026-08-19T22:01:06Z</time>
      </trkpt>
      <trkpt lat="8.601425" lon="-80.113119">
        <time>2026-08-19T22:01:07Z</time>
      </trkpt>
      <trkpt lat="8.601441" lon="-80.113117">
        <time>2026-08-19T22:01:08Z</time>
      </trkpt>
      <trkpt lat="8.601460" lon="-80.113113">
        <time>2026-08-19T22:01:09Z</time>
      </trkpt>
      <trkpt lat="8.601480" lon="-80.113112">
        <time>2026-08-19T22:01:10Z</time>
      </trkpt>
      <trkpt lat="8.601502" lon="-80.113111">
        <time>2026-08-19T22:01:11Z</time>
      </trkpt>
      <trkpt lat="8.601522" lon="-80.113108">
        <time>2026-08-19T22:01:12Z</time>
      </trkpt>
      <trkpt lat="8.601540" lon="-80.113105">
        <time>2026-08-19T22:01:13Z</time>
      </trkpt>
      <trkpt lat="8.601559" lon="-80.113104">
        <time>2026-08-19T22:01:14Z</time>
      </trkpt>
      <trkpt lat="8.601579" lon="-80.113102">
        <time>2026-08-19T22:01:15Z</time>
      </trkpt>
      <trkpt lat="8.601602" lon="-80.113100">
        <time>2026-08-19T22:01:16Z</time>
      </trkpt>
      <trkpt lat="8.601622" lon="-80.113098">
        <time>2026-08-19T22:01:17Z</time>
      </trkpt>
      <trkpt lat="8.601637" lon="-80.113097">
        <time>2026-08-19T22:01:18Z</time>
      </trkpt>
      <trkpt lat="8.601655" lon="-80.113093">
        <time>2026-08-19T22:01:19Z</time>
      </trkpt>
      <trkpt lat="8.601675" lon="-80.113090">
        <time>2026-08-19T22:01:20Z</time>
      </trkpt>
      <trkpt lat="8.601693" lon="-80.113088">
        <time>2026-08-19T22:01:21Z</time>
      </trkpt>
      <trkpt lat="8.601711" lon="-80.113088">
        <time>2026-08-19T22:01:22Z</time>
      </trkpt>
      <trkpt lat="8.601730" lon="-80.113084">
        <time>2026-08-19T22:01:23Z</time>
      </trkpt>
      <trkpt lat="8.601747" lon="-80.113081">
        <time>2026-08-19T22:01:24Z</time>
      </trkpt>
      <trkpt lat="8.601765" lon="-80.113077">
        <time>2026-08-19T22:01:25Z</time>
      </trkpt>
      <trkpt lat="8.601786" lon="-80.113074">
        <time>2026-08-19T22:01:26Z</time>
      </trkpt>
      <trkpt lat="8.601805" lon="-80.113070">
        <time>2026-08-19T22:01:27Z</time>
      </trkpt>
      <trkpt lat="8.601823" lon="-80.113065">
        <time>2026-08-19T22:01:28Z</time>
      </trkpt>
      <trkpt lat="8.601837" lon="-80.113063">
        <time>2026-08-19T22:01:29Z</time>
      </trkpt>
      <trkpt lat="8.601855" lon="-80.113063">
        <time>2026-08-19T22:01:30Z</time>
      </trkpt>
      <trkpt lat="8.601871" lon="-80.113062">
        <time>2026-08-19T22:01:31Z</time>
      </trkpt>
      <trkpt lat="8.601889" lon="-80.113060">
        <time>2026-08-19T22:01:32Z</time>
      </trkpt>
      <trkpt lat="8.601907" lon="-80.113059">
        <time>2026-08-19T22:01:33Z</time>
      </trkpt>
      <trkpt lat="8.601923" lon="-80.113061">
        <time>2026-08-19T22:01:34Z</time>
      </trkpt>
      <trkpt lat="8.601940" lon="-80.113063">
        <time>2026-08-19T22:01:35Z</time>
      </trkpt>
      <trkpt lat="8.601957" lon="-80.113065">
        <time>2026-08-19T22:01:36Z</time>
      </trkpt>
      <trkpt lat="8.601976" lon="-80.113064">
        <time>2026-08-19T22:01:37Z</time>
      </trkpt>
      <trkpt lat="8.601994" lon="-80.113066">
        <time>2026-08-19T22:01:38Z</time>
      </trkpt>
      <trkpt lat="8.602012" lon="-80.113067">
        <time>2026-08-19T22:01:39Z</time>
      </trkpt>
      <trkpt lat="8.602030" lon="-80.113063">
        <time>2026-08-19T22:01:40Z</time>
      </trkpt>
      <trkpt lat="8.602048" lon="-80.113062">
        <time>2026-08-19T22:01:41Z</time>
      </trkpt>
      <trkpt lat="8.602064" lon="-80.113061">
        <time>2026-08-19T22:01:42Z</time>
      </trkpt>
      <trkpt lat="8.602082" lon="-80.113062">
        <time>2026-08-19T22:01:43Z</time>
      </trkpt>
      <trkpt lat="8.602095" lon="-80.113061">
        <time>2026-08-19T22:01:44Z</time>
      </trkpt>
      <trkpt lat="8.602111" lon="-80.113061">
        <time>2026-08-19T22:01:45Z</time>
      </trkpt>
      <trkpt lat="8.602131" lon="-80.113064">
        <time>2026-08-19T22:01:46Z</time>
      </trkpt>
      <trkpt lat="8.602150" lon="-80.113069">
        <time>2026-08-19T22:01:47Z</time>
      </trkpt>
      <trkpt lat="8.602168" lon="-80.113072">
        <time>2026-08-19T22:01:48Z</time>
      </trkpt>
      <trkpt lat="8.602185" lon="-80.113074">
        <time>2026-08-19T22:01:49Z</time>
      </trkpt>
      <trkpt lat="8.602205" lon="-80.113074">
        <time>2026-08-19T22:01:50Z</time>
      </trkpt>
      <trkpt lat="8.602229" lon="-80.113076">
        <time>2026-08-19T22:01:51Z</time>
      </trkpt>
      <trkpt lat="8.602252" lon="-80.113079">
        <time>2026-08-19T22:01:52Z</time>
      </trkpt>
      <trkpt lat="8.602273" lon="-80.113078">
        <time>2026-08-19T22:01:53Z</time>
      </trkpt>
      <trkpt lat="8.602292" lon="-80.113078">
        <time>2026-08-19T22:01:54Z</time>
      </trkpt>
      <trkpt lat="8.602311" lon="-80.113078">
        <time>2026-08-19T22:01:55Z</time>
      </trkpt>
      <trkpt lat="8.602329" lon="-80.113079">
        <time>2026-08-19T22:01:56Z</time>
      </trkpt>
      <trkpt lat="8.602346" lon="-80.113075">
        <time>2026-08-19T22:01:57Z</time>
      </trkpt>
      <trkpt lat="8.602362" lon="-80.113071">
        <time>2026-08-19T22:01:58Z</time>
      </trkpt>
      <trkpt lat="8.602377" lon="-80.113069">
        <time>2026-08-19T22:01:59Z</time>
      </trkpt>
      <trkpt lat="8.602392" lon="-80.113067">
        <time>2026-08-19T22:02:00Z</time>
      </trkpt>
      <trkpt lat="8.602407" lon="-80.113059">
        <time>2026-08-19T22:02:01Z</time>
      </trkpt>
      <trkpt lat="8.602421" lon="-80.113054">
        <time>2026-08-19T22:02:02Z</time>
      </trkpt>
      <trkpt lat="8.602437" lon="-80.113050">
        <time>2026-08-19T22:02:03Z</time>
      </trkpt>
      <trkpt lat="8.602454" lon="-80.113049">
        <time>2026-08-19T22:02:04Z</time>
      </trkpt>
      <trkpt lat="8.602472" lon="-80.113046">
        <time>2026-08-19T22:02:05Z</time>
      </trkpt>
      <trkpt lat="8.602489" lon="-80.113042">
        <time>2026-08-19T22:02:06Z</time>
      </trkpt>
      <trkpt lat="8.602507" lon="-80.113039">
        <time>2026-08-19T22:02:07Z</time>
      </trkpt>
      <trkpt lat="8.602525" lon="-80.113037">
        <time>2026-08-19T22:02:08Z</time>
      </trkpt>
      <trkpt lat="8.602539" lon="-80.113034">
        <time>2026-08-19T22:02:09Z</time>
      </trkpt>
      <trkpt lat="8.602554" lon="-80.113028">
        <time>2026-08-19T22:02:10Z</time>
      </trkpt>
      <trkpt lat="8.602572" lon="-80.113026">
        <time>2026-08-19T22:02:11Z</time>
      </trkpt>
      <trkpt lat="8.602587" lon="-80.113027">
        <time>2026-08-19T22:02:12Z</time>
      </trkpt>
      <trkpt lat="8.602601" lon="-80.113024">
        <time>2026-08-19T22:02:13Z</time>
      </trkpt>
      <trkpt lat="8.602615" lon="-80.113017">
        <time>2026-08-19T22:02:14Z</time>
      </trkpt>
      <trkpt lat="8.602630" lon="-80.113010">
        <time>2026-08-19T22:02:15Z</time>
      </trkpt>
      <trkpt lat="8.602646" lon="-80.113008">
        <time>2026-08-19T22:02:16Z</time>
      </trkpt>
      <trkpt lat="8.602664" lon="-80.113005">
        <time>2026-08-19T22:02:17Z</time>
      </trkpt>
      <trkpt lat="8.602681" lon="-80.113002">
        <time>2026-08-19T22:02:18Z</time>
      </trkpt>
      <trkpt lat="8.602698" lon="-80.113000">
        <time>2026-08-19T22:02:19Z</time>
      </trkpt>
      <trkpt lat="8.602713" lon="-80.112998">
        <time>2026-08-19T22:02:20Z</time>
      </trkpt>
      <trkpt lat="8.602731" lon="-80.112998">
        <time>2026-08-19T22:02:21Z</time>
      </trkpt>
      <trkpt lat="8.602748" lon="-80.112992">
        <time>2026-08-19T22:02:22Z</time>
      </trkpt>
      <trkpt lat="8.602767" lon="-80.112986">
        <time>2026-08-19T22:02:23Z</time>
      </trkpt>
      <trkpt lat="8.602785" lon="-80.112987">
        <time>2026-08-19T22:02:24Z</time>
      </trkpt>
      <trkpt lat="8.602800" lon="-80.112985">
        <time>2026-08-19T22:02:25Z</time>
      </trkpt>
      <trkpt lat="8.602816" lon="-80.112985">
        <time>2026-08-19T22:02:26Z</time>
      </trkpt>
      <trkpt lat="8.602833" lon="-80.112984">
        <time>2026-08-19T22:02:27Z</time>
      </trkpt>
      <trkpt lat="8.602850" lon="-80.112983">
        <time>2026-08-19T22:02:28Z</time>
      </trkpt>
      <trkpt lat="8.602869" lon="-80.112982">
        <time>2026-08-19T22:02:29Z</time>
      </trkpt>
      <trkpt lat="8.602887" lon="-80.112982">
        <time>2026-08-19T22:02:30Z</time>
      </trkpt>
      <trkpt lat="8.602905" lon="-80.112986">
        <time>2026-08-19T22:02:31Z</time>
      </trkpt>
      <trkpt lat="8.602924" lon="-80.112990">
        <time>2026-08-19T22:02:32Z</time>
      </trkpt>
      <trkpt lat="8.602943" lon="-80.112992">
        <time>2026-08-19T22:02:33Z</time>
      </trkpt>
      <trkpt lat="8.602961" lon="-80.112996">
        <time>2026-08-19T22:02:34Z</time>
      </trkpt>
      <trkpt lat="8.602978" lon="-80.112999">
        <time>2026-08-19T22:02:35Z</time>
      </trkpt>
      <trkpt lat="8.602997" lon="-80.113003">
        <time>2026-08-19T22:02:36Z</time>
      </trkpt>
      <trkpt lat="8.603014" lon="-80.113007">
        <time>2026-08-19T22:02:37Z</time>
      </trkpt>
      <trkpt lat="8.603029" lon="-80.113011">
        <time>2026-08-19T22:02:38Z</time>
      </trkpt>
      <trkpt lat="8.603045" lon="-80.113014">
        <time>2026-08-19T22:02:39Z</time>
      </trkpt>
      <trkpt lat="8.603063" lon="-80.113018">
        <time>2026-08-19T22:02:40Z</time>
      </trkpt>
      <trkpt lat="8.603079" lon="-80.113023">
        <time>2026-08-19T22:02:41Z</time>
      </trkpt>
      <trkpt lat="8.603096" lon="-80.113028">
        <time>2026-08-19T22:02:42Z</time>
      </trkpt>
      <trkpt lat="8.603114" lon="-80.113033">
        <time>2026-08-19T22:02:43Z</time>
      </trkpt>
      <trkpt lat="8.603132" lon="-80.113038">
        <time>2026-08-19T22:02:44Z</time>
      </trkpt>
      <trkpt lat="8.603150" lon="-80.113040">
        <time>2026-08-19T22:02:45Z</time>
      </trkpt>
      <trkpt lat="8.603168" lon="-80.113046">
        <time>2026-08-19T22:02:46Z</time>
      </trkpt>
      <trkpt lat="8.603186" lon="-80.113054">
        <time>2026-08-19T22:02:47Z</time>
      </trkpt>
      <trkpt lat="8.603205" lon="-80.113056">
        <time>2026-08-19T22:02:48Z</time>
      </trkpt>
      <trkpt lat="8.603224" lon="-80.113061">
        <time>2026-08-19T22:02:49Z</time>
      </trkpt>
      <trkpt lat="8.603242" lon="-80.113068">
        <time>2026-08-19T22:02:50Z</time>
      </trkpt>
      <trkpt lat="8.603256" lon="-80.113076">
        <time>2026-08-19T22:02:51Z</time>
      </trkpt>
      <trkpt lat="8.603272" lon="-80.113083">
        <time>2026-08-19T22:02:52Z</time>
      </trkpt>
      <trkpt lat="8.603291" lon="-80.113088">
        <time>2026-08-19T22:02:53Z</time>
      </trkpt>
      <trkpt lat="8.603308" lon="-80.113092">
        <time>2026-08-19T22:02:54Z</time>
      </trkpt>
      <trkpt lat="8.603325" lon="-80.113098">
        <time>2026-08-19T22:02:55Z</time>
      </trkpt>
      <trkpt lat="8.603341" lon="-80.113105">
        <time>2026-08-19T22:02:56Z</time>
      </trkpt>
      <trkpt lat="8.603356" lon="-80.113114">
        <time>2026-08-19T22:02:57Z</time>
      </trkpt>
      <trkpt lat="8.603371" lon="-80.113121">
        <time>2026-08-19T22:02:58Z</time>
      </trkpt>
      <trkpt lat="8.603387" lon="-80.113129">
        <time>2026-08-19T22:02:59Z</time>
      </trkpt>
      <trkpt lat="8.603401" lon="-80.113137">
        <time>2026-08-19T22:03:00Z</time>
      </trkpt>
      <trkpt lat="8.603415" lon="-80.113144">
        <time>2026-08-19T22:03:01Z</time>
      </trkpt>
      <trkpt lat="8.603429" lon="-80.113153">
        <time>2026-08-19T22:03:02Z</time>
      </trkpt>
      <trkpt lat="8.603446" lon="-80.113160">
        <time>2026-08-19T22:03:03Z</time>
      </trkpt>
      <trkpt lat="8.603462" lon="-80.113167">
        <time>2026-08-19T22:03:04Z</time>
      </trkpt>
      <trkpt lat="8.603477" lon="-80.113176">
        <time>2026-08-19T22:03:05Z</time>
      </trkpt>
      <trkpt lat="8.603492" lon="-80.113186">
        <time>2026-08-19T22:03:06Z</time>
      </trkpt>
      <trkpt lat="8.603507" lon="-80.113196">
        <time>2026-08-19T22:03:07Z</time>
      </trkpt>
      <trkpt lat="8.603521" lon="-80.113204">
        <time>2026-08-19T22:03:08Z</time>
      </trkpt>
      <trkpt lat="8.603534" lon="-80.113211">
        <time>2026-08-19T22:03:09Z</time>
      </trkpt>
      <trkpt lat="8.603550" lon="-80.113217">
        <time>2026-08-19T22:03:10Z</time>
      </trkpt>
      <trkpt lat="8.603565" lon="-80.113225">
        <time>2026-08-19T22:03:11Z</time>
      </trkpt>
      <trkpt lat="8.603579" lon="-80.113231">
        <time>2026-08-19T22:03:12Z</time>
      </trkpt>
      <trkpt lat="8.603590" lon="-80.113238">
        <time>2026-08-19T22:03:13Z</time>
      </trkpt>
      <trkpt lat="8.603606" lon="-80.113249">
        <time>2026-08-19T22:03:14Z</time>
      </trkpt>
      <trkpt lat="8.603620" lon="-80.113257">
        <time>2026-08-19T22:03:15Z</time>
      </trkpt>
      <trkpt lat="8.603632" lon="-80.113264">
        <time>2026-08-19T22:03:16Z</time>
      </trkpt>
      <trkpt lat="8.603646" lon="-80.113273">
        <time>2026-08-19T22:03:17Z</time>
      </trkpt>
      <trkpt lat="8.603662" lon="-80.113287">
        <time>2026-08-19T22:03:18Z</time>
      </trkpt>
      <trkpt lat="8.603676" lon="-80.113300">
        <time>2026-08-19T22:03:19Z</time>
      </trkpt>
      <trkpt lat="8.603690" lon="-80.113314">
        <time>2026-08-19T22:03:20Z</time>
      </trkpt>
      <trkpt lat="8.603706" lon="-80.113327">
        <time>2026-08-19T22:03:21Z</time>
      </trkpt>
      <trkpt lat="8.603720" lon="-80.113336">
        <time>2026-08-19T22:03:22Z</time>
      </trkpt>
      <trkpt lat="8.603736" lon="-80.113345">
        <time>2026-08-19T22:03:23Z</time>
      </trkpt>
      <trkpt lat="8.603752" lon="-80.113355">
        <time>2026-08-19T22:03:24Z</time>
      </trkpt>
      <trkpt lat="8.603767" lon="-80.113367">
        <time>2026-08-19T22:03:25Z</time>
      </trkpt>
      <trkpt lat="8.603782" lon="-80.113378">
        <time>2026-08-19T22:03:26Z</time>
      </trkpt>
      <trkpt lat="8.603798" lon="-80.113388">
        <time>2026-08-19T22:03:27Z</time>
      </trkpt>
      <trkpt lat="8.603819" lon="-80.113402">
        <time>2026-08-19T22:03:28Z</time>
      </trkpt>
      <trkpt lat="8.603832" lon="-80.113412">
        <time>2026-08-19T22:03:29Z</time>
      </trkpt>
      <trkpt lat="8.603845" lon="-80.113420">
        <time>2026-08-19T22:03:30Z</time>
      </trkpt>
      <trkpt lat="8.603860" lon="-80.113431">
        <time>2026-08-19T22:03:31Z</time>
      </trkpt>
      <trkpt lat="8.603880" lon="-80.113444">
        <time>2026-08-19T22:03:32Z</time>
      </trkpt>
      <trkpt lat="8.603898" lon="-80.113457">
        <time>2026-08-19T22:03:33Z</time>
      </trkpt>
      <trkpt lat="8.603910" lon="-80.113468">
        <time>2026-08-19T22:03:34Z</time>
      </trkpt>
      <trkpt lat="8.603928" lon="-80.113479">
        <time>2026-08-19T22:03:35Z</time>
      </trkpt>
      <trkpt lat="8.603944" lon="-80.113490">
        <time>2026-08-19T22:03:36Z</time>
      </trkpt>
      <trkpt lat="8.603959" lon="-80.113502">
        <time>2026-08-19T22:03:37Z</time>
      </trkpt>
      <trkpt lat="8.603973" lon="-80.113513">
        <time>2026-08-19T22:03:38Z</time>
      </trkpt>
      <trkpt lat="8.603989" lon="-80.113526">
        <time>2026-08-19T22:03:39Z</time>
      </trkpt>
      <trkpt lat="8.604003" lon="-80.113537">
        <time>2026-08-19T22:03:40Z</time>
      </trkpt>
      <trkpt lat="8.604016" lon="-80.113548">
        <time>2026-08-19T22:03:41Z</time>
      </trkpt>
      <trkpt lat="8.604031" lon="-80.113561">
        <time>2026-08-19T22:03:42Z</time>
      </trkpt>
      <trkpt lat="8.604048" lon="-80.113571">
        <time>2026-08-19T22:03:43Z</time>
      </trkpt>
      <trkpt lat="8.604061" lon="-80.113582">
        <time>2026-08-19T22:03:44Z</time>
      </trkpt>
      <trkpt lat="8.604076" lon="-80.113596">
        <time>2026-08-19T22:03:45Z</time>
      </trkpt>
      <trkpt lat="8.604092" lon="-80.113608">
        <time>2026-08-19T22:03:46Z</time>
      </trkpt>
      <trkpt lat="8.604108" lon="-80.113619">
        <time>2026-08-19T22:03:47Z</time>
      </trkpt>
      <trkpt lat="8.604125" lon="-80.113629">
        <time>2026-08-19T22:03:48Z</time>
      </trkpt>
      <trkpt lat="8.604143" lon="-80.113641">
        <time>2026-08-19T22:03:49Z</time>
      </trkpt>
      <trkpt lat="8.604163" lon="-80.113653">
        <time>2026-08-19T22:03:50Z</time>
      </trkpt>
      <trkpt lat="8.604183" lon="-80.113660">
        <time>2026-08-19T22:03:51Z</time>
      </trkpt>
      <trkpt lat="8.604198" lon="-80.113669">
        <time>2026-08-19T22:03:52Z</time>
      </trkpt>
      <trkpt lat="8.604217" lon="-80.113679">
        <time>2026-08-19T22:03:53Z</time>
      </trkpt>
      <trkpt lat="8.604234" lon="-80.113688">
        <time>2026-08-19T22:03:54Z</time>
      </trkpt>
      <trkpt lat="8.604249" lon="-80.113695">
        <time>2026-08-19T22:03:55Z</time>
      </trkpt>
      <trkpt lat="8.604265" lon="-80.113702">
        <time>2026-08-19T22:03:56Z</time>
      </trkpt>
      <trkpt lat="8.604282" lon="-80.113711">
        <time>2026-08-19T22:03:57Z</time>
      </trkpt>
      <trkpt lat="8.604299" lon="-80.113718">
        <time>2026-08-19T22:03:58Z</time>
      </trkpt>
      <trkpt lat="8.604316" lon="-80.113724">
        <time>2026-08-19T22:03:59Z</time>
      </trkpt>
      <trkpt lat="8.604333" lon="-80.113730">
        <time>2026-08-19T22:04:00Z</time>
      </trkpt>
      <trkpt lat="8.604350" lon="-80.113735">
        <time>2026-08-19T22:04:01Z</time>
      </trkpt>
      <trkpt lat="8.604368" lon="-80.113741">
        <time>2026-08-19T22:04:02Z</time>
      </trkpt>
      <trkpt lat="8.604389" lon="-80.113745">
        <time>2026-08-19T22:04:03Z</time>
      </trkpt>
      <trkpt lat="8.604411" lon="-80.113748">
        <time>2026-08-19T22:04:04Z</time>
      </trkpt>
      <trkpt lat="8.604433" lon="-80.113750">
        <time>2026-08-19T22:04:05Z</time>
      </trkpt>
      <trkpt lat="8.604455" lon="-80.113752">
        <time>2026-08-19T22:04:06Z</time>
      </trkpt>
      <trkpt lat="8.604476" lon="-80.113751">
        <time>2026-08-19T22:04:07Z</time>
      </trkpt>
      <trkpt lat="8.604499" lon="-80.113750">
        <time>2026-08-19T22:04:08Z</time>
      </trkpt>
      <trkpt lat="8.604519" lon="-80.113749">
        <time>2026-08-19T22:04:09Z</time>
      </trkpt>
      <trkpt lat="8.604535" lon="-80.113747">
        <time>2026-08-19T22:04:10Z</time>
      </trkpt>
      <trkpt lat="8.604556" lon="-80.113747">
        <time>2026-08-19T22:04:11Z</time>
      </trkpt>
      <trkpt lat="8.604577" lon="-80.113742">
        <time>2026-08-19T22:04:12Z</time>
      </trkpt>
      <trkpt lat="8.604595" lon="-80.113738">
        <time>2026-08-19T22:04:13Z</time>
      </trkpt>
      <trkpt lat="8.604616" lon="-80.113734">
        <time>2026-08-19T22:04:14Z</time>
      </trkpt>
      <trkpt lat="8.604637" lon="-80.113729">
        <time>2026-08-19T22:04:15Z</time>
      </trkpt>
      <trkpt lat="8.604656" lon="-80.113729">
        <time>2026-08-19T22:04:16Z</time>
      </trkpt>
      <trkpt lat="8.604673" lon="-80.113725">
        <time>2026-08-19T22:04:17Z</time>
      </trkpt>
      <trkpt lat="8.604692" lon="-80.113721">
        <time>2026-08-19T22:04:18Z</time>
      </trkpt>
      <trkpt lat="8.604708" lon="-80.113717">
        <time>2026-08-19T22:04:19Z</time>
      </trkpt>
      <trkpt lat="8.604723" lon="-80.113711">
        <time>2026-08-19T22:04:20Z</time>
      </trkpt>
      <trkpt lat="8.604740" lon="-80.113703">
        <time>2026-08-19T22:04:21Z</time>
      </trkpt>
      <trkpt lat="8.604758" lon="-80.113696">
        <time>2026-08-19T22:04:22Z</time>
      </trkpt>
      <trkpt lat="8.604775" lon="-80.113691">
        <time>2026-08-19T22:04:23Z</time>
      </trkpt>
      <trkpt lat="8.604792" lon="-80.113685">
        <time>2026-08-19T22:04:24Z</time>
      </trkpt>
      <trkpt lat="8.604808" lon="-80.113676">
        <time>2026-08-19T22:04:25Z</time>
      </trkpt>
      <trkpt lat="8.604826" lon="-80.113667">
        <time>2026-08-19T22:04:26Z</time>
      </trkpt>
      <trkpt lat="8.604840" lon="-80.113658">
        <time>2026-08-19T22:04:27Z</time>
      </trkpt>
      <trkpt lat="8.604854" lon="-80.113649">
        <time>2026-08-19T22:04:28Z</time>
      </trkpt>
      <trkpt lat="8.604869" lon="-80.113641">
        <time>2026-08-19T22:04:29Z</time>
      </trkpt>
      <trkpt lat="8.604885" lon="-80.113635">
        <time>2026-08-19T22:04:30Z</time>
      </trkpt>
      <trkpt lat="8.604902" lon="-80.113627">
        <time>2026-08-19T22:04:31Z</time>
      </trkpt>
      <trkpt lat="8.604920" lon="-80.113617">
        <time>2026-08-19T22:04:32Z</time>
      </trkpt>
      <trkpt lat="8.604940" lon="-80.113608">
        <time>2026-08-19T22:04:33Z</time>
      </trkpt>
      <trkpt lat="8.604960" lon="-80.113600">
        <time>2026-08-19T22:04:34Z</time>
      </trkpt>
      <trkpt lat="8.604977" lon="-80.113593">
        <time>2026-08-19T22:04:35Z</time>
      </trkpt>
      <trkpt lat="8.604995" lon="-80.113583">
        <time>2026-08-19T22:04:36Z</time>
      </trkpt>
      <trkpt lat="8.605013" lon="-80.113576">
        <time>2026-08-19T22:04:37Z</time>
      </trkpt>
      <trkpt lat="8.605033" lon="-80.113572">
        <time>2026-08-19T22:04:38Z</time>
      </trkpt>
      <trkpt lat="8.605051" lon="-80.113563">
        <time>2026-08-19T22:04:39Z</time>
      </trkpt>
      <trkpt lat="8.605068" lon="-80.113550">
        <time>2026-08-19T22:04:40Z</time>
      </trkpt>
      <trkpt lat="8.605086" lon="-80.113543">
        <time>2026-08-19T22:04:41Z</time>
      </trkpt>
      <trkpt lat="8.605104" lon="-80.113536">
        <time>2026-08-19T22:04:42Z</time>
      </trkpt>
      <trkpt lat="8.605121" lon="-80.113527">
        <time>2026-08-19T22:04:43Z</time>
      </trkpt>
      <trkpt lat="8.605138" lon="-80.113519">
        <time>2026-08-19T22:04:44Z</time>
      </trkpt>
      <trkpt lat="8.605157" lon="-80.113510">
        <time>2026-08-19T22:04:45Z</time>
      </trkpt>
      <trkpt lat="8.605172" lon="-80.113498">
        <time>2026-08-19T22:04:46Z</time>
      </trkpt>
      <trkpt lat="8.605188" lon="-80.113486">
        <time>2026-08-19T22:04:47Z</time>
      </trkpt>
      <trkpt lat="8.605205" lon="-80.113477">
        <time>2026-08-19T22:04:48Z</time>
      </trkpt>
      <trkpt lat="8.605219" lon="-80.113469">
        <time>2026-08-19T22:04:49Z</time>
      </trkpt>
      <trkpt lat="8.605234" lon="-80.113460">
        <time>2026-08-19T22:04:50Z</time>
      </trkpt>
      <trkpt lat="8.605251" lon="-80.113449">
        <time>2026-08-19T22:04:51Z</time>
      </trkpt>
      <trkpt lat="8.605268" lon="-80.113439">
        <time>2026-08-19T22:04:52Z</time>
      </trkpt>
      <trkpt lat="8.605282" lon="-80.113429">
        <time>2026-08-19T22:04:53Z</time>
      </trkpt>
      <trkpt lat="8.605298" lon="-80.113421">
        <time>2026-08-19T22:04:54Z</time>
      </trkpt>
      <trkpt lat="8.605313" lon="-80.113411">
        <time>2026-08-19T22:04:55Z</time>
      </trkpt>
      <trkpt lat="8.605326" lon="-80.113400">
        <time>2026-08-19T22:04:56Z</time>
      </trkpt>
      <trkpt lat="8.605340" lon="-80.113393">
        <time>2026-08-19T22:04:57Z</time>
      </trkpt>
      <trkpt lat="8.605353" lon="-80.113385">
        <time>2026-08-19T22:04:58Z</time>
      </trkpt>
      <trkpt lat="8.605368" lon="-80.113374">
        <time>2026-08-19T22:04:59Z</time>
      </trkpt>
      <trkpt lat="8.605381" lon="-80.113362">
        <time>2026-08-19T22:05:00Z</time>
      </trkpt>
      <trkpt lat="8.605395" lon="-80.113353">
        <time>2026-08-19T22:05:01Z</time>
      </trkpt>
      <trkpt lat="8.605410" lon="-80.113343">
        <time>2026-08-19T22:05:02Z</time>
      </trkpt>
      <trkpt lat="8.605430" lon="-80.113333">
        <time>2026-08-19T22:05:03Z</time>
      </trkpt>
      <trkpt lat="8.605444" lon="-80.113322">
        <time>2026-08-19T22:05:04Z</time>
      </trkpt>
      <trkpt lat="8.605459" lon="-80.113313">
        <time>2026-08-19T22:05:05Z</time>
      </trkpt>
      <trkpt lat="8.605474" lon="-80.113303">
        <time>2026-08-19T22:05:06Z</time>
      </trkpt>
      <trkpt lat="8.605489" lon="-80.113291">
        <time>2026-08-19T22:05:07Z</time>
      </trkpt>
      <trkpt lat="8.605504" lon="-80.113280">
        <time>2026-08-19T22:05:08Z</time>
      </trkpt>
      <trkpt lat="8.605519" lon="-80.113270">
        <time>2026-08-19T22:05:09Z</time>
      </trkpt>
      <trkpt lat="8.605534" lon="-80.113261">
        <time>2026-08-19T22:05:10Z</time>
      </trkpt>
      <trkpt lat="8.605550" lon="-80.113249">
        <time>2026-08-19T22:05:11Z</time>
      </trkpt>
      <trkpt lat="8.605566" lon="-80.113240">
        <time>2026-08-19T22:05:12Z</time>
      </trkpt>
      <trkpt lat="8.605580" lon="-80.113230">
        <time>2026-08-19T22:05:13Z</time>
      </trkpt>
      <trkpt lat="8.605595" lon="-80.113221">
        <time>2026-08-19T22:05:14Z</time>
      </trkpt>
      <trkpt lat="8.605611" lon="-80.113211">
        <time>2026-08-19T22:05:15Z</time>
      </trkpt>
      <trkpt lat="8.605625" lon="-80.113200">
        <time>2026-08-19T22:05:16Z</time>
      </trkpt>
      <trkpt lat="8.605638" lon="-80.113191">
        <time>2026-08-19T22:05:17Z</time>
      </trkpt>
      <trkpt lat="8.605653" lon="-80.113183">
        <time>2026-08-19T22:05:18Z</time>
      </trkpt>
      <trkpt lat="8.605670" lon="-80.113173">
        <time>2026-08-19T22:05:19Z</time>
      </trkpt>
      <trkpt lat="8.605686" lon="-80.113163">
        <time>2026-08-19T22:05:20Z</time>
      </trkpt>
      <trkpt lat="8.605704" lon="-80.113155">
        <time>2026-08-19T22:05:21Z</time>
      </trkpt>
      <trkpt lat="8.605718" lon="-80.113145">
        <time>2026-08-19T22:05:22Z</time>
      </trkpt>
      <trkpt lat="8.605734" lon="-80.113134">
        <time>2026-08-19T22:05:23Z</time>
      </trkpt>
      <trkpt lat="8.605749" lon="-80.113123">
        <time>2026-08-19T22:05:24Z</time>
      </trkpt>
      <trkpt lat="8.605764" lon="-80.113116">
        <time>2026-08-19T22:05:25Z</time>
      </trkpt>
      <trkpt lat="8.605777" lon="-80.113106">
        <time>2026-08-19T22:05:26Z</time>
      </trkpt>
      <trkpt lat="8.605791" lon="-80.113095">
        <time>2026-08-19T22:05:27Z</time>
      </trkpt>
      <trkpt lat="8.605803" lon="-80.113086">
        <time>2026-08-19T22:05:28Z</time>
      </trkpt>
      <trkpt lat="8.605816" lon="-80.113076">
        <time>2026-08-19T22:05:29Z</time>
      </trkpt>
      <trkpt lat="8.605833" lon="-80.113068">
        <time>2026-08-19T22:05:30Z</time>
      </trkpt>
      <trkpt lat="8.605849" lon="-80.113058">
        <time>2026-08-19T22:05:31Z</time>
      </trkpt>
      <trkpt lat="8.605866" lon="-80.113049">
        <time>2026-08-19T22:05:32Z</time>
      </trkpt>
      <trkpt lat="8.605883" lon="-80.113040">
        <time>2026-08-19T22:05:33Z</time>
      </trkpt>
      <trkpt lat="8.605900" lon="-80.113032">
        <time>2026-08-19T22:05:34Z</time>
      </trkpt>
      <trkpt lat="8.605916" lon="-80.113024">
        <time>2026-08-19T22:05:35Z</time>
      </trkpt>
      <trkpt lat="8.605932" lon="-80.113016">
        <time>2026-08-19T22:05:36Z</time>
      </trkpt>
      <trkpt lat="8.605948" lon="-80.113010">
        <time>2026-08-19T22:05:37Z</time>
      </trkpt>
      <trkpt lat="8.605960" lon="-80.113001">
        <time>2026-08-19T22:05:38Z</time>
      </trkpt>
      <trkpt lat="8.605975" lon="-80.112996">
        <time>2026-08-19T22:05:39Z</time>
      </trkpt>
      <trkpt lat="8.605991" lon="-80.112988">
        <time>2026-08-19T22:05:40Z</time>
      </trkpt>
      <trkpt lat="8.606002" lon="-80.112980">
        <time>2026-08-19T22:05:41Z</time>
      </trkpt>
      <trkpt lat="8.606017" lon="-80.112970">
        <time>2026-08-19T22:05:42Z</time>
      </trkpt>
      <trkpt lat="8.606032" lon="-80.112962">
        <time>2026-08-19T22:05:43Z</time>
      </trkpt>
      <trkpt lat="8.606050" lon="-80.112954">
        <time>2026-08-19T22:05:44Z</time>
      </trkpt>
      <trkpt lat="8.606066" lon="-80.112947">
        <time>2026-08-19T22:05:45Z</time>
      </trkpt>
      <trkpt lat="8.606082" lon="-80.112938">
        <time>2026-08-19T22:05:46Z</time>
      </trkpt>
      <trkpt lat="8.606098" lon="-80.112931">
        <time>2026-08-19T22:05:47Z</time>
      </trkpt>
      <trkpt lat="8.606112" lon="-80.112921">
        <time>2026-08-19T22:05:48Z</time>
      </trkpt>
      <trkpt lat="8.606124" lon="-80.112915">
        <time>2026-08-19T22:05:49Z</time>
      </trkpt>
      <trkpt lat="8.606137" lon="-80.112909">
        <time>2026-08-19T22:05:50Z</time>
      </trkpt>
      <trkpt lat="8.606151" lon="-80.112901">
        <time>2026-08-19T22:05:51Z</time>
      </trkpt>
      <trkpt lat="8.606169" lon="-80.112895">
        <time>2026-08-19T22:05:52Z</time>
      </trkpt>
      <trkpt lat="8.606187" lon="-80.112886">
        <time>2026-08-19T22:05:53Z</time>
      </trkpt>
      <trkpt lat="8.606200" lon="-80.112878">
        <time>2026-08-19T22:05:54Z</time>
      </trkpt>
      <trkpt lat="8.606212" lon="-80.112872">
        <time>2026-08-19T22:05:55Z</time>
      </trkpt>
      <trkpt lat="8.606226" lon="-80.112867">
        <time>2026-08-19T22:05:56Z</time>
      </trkpt>
      <trkpt lat="8.606242" lon="-80.112859">
        <time>2026-08-19T22:05:57Z</time>
      </trkpt>
      <trkpt lat="8.606259" lon="-80.112852">
        <time>2026-08-19T22:05:58Z</time>
      </trkpt>
      <trkpt lat="8.606277" lon="-80.112845">
        <time>2026-08-19T22:05:59Z</time>
      </trkpt>
      <trkpt lat="8.606297" lon="-80.112834">
        <time>2026-08-19T22:06:00Z</time>
      </trkpt>
      <trkpt lat="8.606313" lon="-80.112826">
        <time>2026-08-19T22:06:01Z</time>
      </trkpt>
      <trkpt lat="8.606329" lon="-80.112818">
        <time>2026-08-19T22:06:02Z</time>
      </trkpt>
      <trkpt lat="8.606345" lon="-80.112814">
        <time>2026-08-19T22:06:03Z</time>
      </trkpt>
      <trkpt lat="8.606359" lon="-80.112805">
        <time>2026-08-19T22:06:04Z</time>
      </trkpt>
      <trkpt lat="8.606374" lon="-80.112796">
        <time>2026-08-19T22:06:05Z</time>
      </trkpt>
      <trkpt lat="8.606387" lon="-80.112788">
        <time>2026-08-19T22:06:06Z</time>
      </trkpt>
      <trkpt lat="8.606398" lon="-80.112780">
        <time>2026-08-19T22:06:07Z</time>
      </trkpt>
      <trkpt lat="8.606411" lon="-80.112774">
        <time>2026-08-19T22:06:08Z</time>
      </trkpt>
      <trkpt lat="8.606425" lon="-80.112771">
        <time>2026-08-19T22:06:09Z</time>
      </trkpt>
      <trkpt lat="8.606437" lon="-80.112763">
        <time>2026-08-19T22:06:10Z</time>
      </trkpt>
      <trkpt lat="8.606450" lon="-80.112754">
        <time>2026-08-19T22:06:11Z</time>
      </trkpt>
      <trkpt lat="8.606464" lon="-80.112746">
        <time>2026-08-19T22:06:12Z</time>
      </trkpt>
      <trkpt lat="8.606481" lon="-80.112737">
        <time>2026-08-19T22:06:13Z</time>
      </trkpt>
      <trkpt lat="8.606498" lon="-80.112730">
        <time>2026-08-19T22:06:14Z</time>
      </trkpt>
      <trkpt lat="8.606514" lon="-80.112724">
        <time>2026-08-19T22:06:15Z</time>
      </trkpt>
      <trkpt lat="8.606530" lon="-80.112719">
        <time>2026-08-19T22:06:16Z</time>
      </trkpt>
      <trkpt lat="8.606545" lon="-80.112711">
        <time>2026-08-19T22:06:17Z</time>
      </trkpt>
      <trkpt lat="8.606562" lon="-80.112704">
        <time>2026-08-19T22:06:18Z</time>
      </trkpt>
      <trkpt lat="8.606578" lon="-80.112697">
        <time>2026-08-19T22:06:19Z</time>
      </trkpt>
      <trkpt lat="8.606597" lon="-80.112688">
        <time>2026-08-19T22:06:20Z</time>
      </trkpt>
      <trkpt lat="8.606612" lon="-80.112681">
        <time>2026-08-19T22:06:21Z</time>
      </trkpt>
      <trkpt lat="8.606626" lon="-80.112673">
        <time>2026-08-19T22:06:22Z</time>
      </trkpt>
      <trkpt lat="8.606639" lon="-80.112667">
        <time>2026-08-19T22:06:23Z</time>
      </trkpt>
      <trkpt lat="8.606653" lon="-80.112663">
        <time>2026-08-19T22:06:24Z</time>
      </trkpt>
      <trkpt lat="8.606669" lon="-80.112657">
        <time>2026-08-19T22:06:25Z</time>
      </trkpt>
      <trkpt lat="8.606685" lon="-80.112650">
        <time>2026-08-19T22:06:26Z</time>
      </trkpt>
      <trkpt lat="8.606702" lon="-80.112642">
        <time>2026-08-19T22:06:27Z</time>
      </trkpt>
      <trkpt lat="8.606719" lon="-80.112636">
        <time>2026-08-19T22:06:28Z</time>
      </trkpt>
      <trkpt lat="8.606735" lon="-80.112628">
        <time>2026-08-19T22:06:29Z</time>
      </trkpt>
      <trkpt lat="8.606750" lon="-80.112615">
        <time>2026-08-19T22:06:30Z</time>
      </trkpt>
      <trkpt lat="8.606761" lon="-80.112604">
        <time>2026-08-19T22:06:31Z</time>
      </trkpt>
      <trkpt lat="8.606773" lon="-80.112594">
        <time>2026-08-19T22:06:32Z</time>
      </trkpt>
      <trkpt lat="8.606787" lon="-80.112584">
        <time>2026-08-19T22:06:33Z</time>
      </trkpt>
      <trkpt lat="8.606801" lon="-80.112574">
        <time>2026-08-19T22:06:34Z</time>
      </trkpt>
      <trkpt lat="8.606817" lon="-80.112567">
        <time>2026-08-19T22:06:35Z</time>
      </trkpt>
      <trkpt lat="8.606831" lon="-80.112562">
        <time>2026-08-19T22:06:36Z</time>
      </trkpt>
      <trkpt lat="8.606845" lon="-80.112557">
        <time>2026-08-19T22:06:37Z</time>
      </trkpt>
      <trkpt lat="8.606858" lon="-80.112548">
        <time>2026-08-19T22:06:38Z</time>
      </trkpt>
      <trkpt lat="8.606875" lon="-80.112540">
        <time>2026-08-19T22:06:39Z</time>
      </trkpt>
      <trkpt lat="8.606893" lon="-80.112533">
        <time>2026-08-19T22:06:40Z</time>
      </trkpt>
      <trkpt lat="8.606909" lon="-80.112528">
        <time>2026-08-19T22:06:41Z</time>
      </trkpt>
      <trkpt lat="8.606924" lon="-80.112523">
        <time>2026-08-19T22:06:42Z</time>
      </trkpt>
      <trkpt lat="8.606939" lon="-80.112516">
        <time>2026-08-19T22:06:43Z</time>
      </trkpt>
      <trkpt lat="8.606954" lon="-80.112508">
        <time>2026-08-19T22:06:44Z</time>
      </trkpt>
      <trkpt lat="8.606970" lon="-80.112503">
        <time>2026-08-19T22:06:45Z</time>
      </trkpt>
      <trkpt lat="8.606987" lon="-80.112498">
        <time>2026-08-19T22:06:46Z</time>
      </trkpt>
      <trkpt lat="8.607000" lon="-80.112490">
        <time>2026-08-19T22:06:47Z</time>
      </trkpt>
      <trkpt lat="8.607015" lon="-80.112482">
        <time>2026-08-19T22:06:48Z</time>
      </trkpt>
      <trkpt lat="8.607031" lon="-80.112473">
        <time>2026-08-19T22:06:49Z</time>
      </trkpt>
      <trkpt lat="8.607047" lon="-80.112465">
        <time>2026-08-19T22:06:50Z</time>
      </trkpt>
      <trkpt lat="8.607063" lon="-80.112458">
        <time>2026-08-19T22:06:51Z</time>
      </trkpt>
      <trkpt lat="8.607079" lon="-80.112453">
        <time>2026-08-19T22:06:52Z</time>
      </trkpt>
      <trkpt lat="8.607095" lon="-80.112449">
        <time>2026-08-19T22:06:53Z</time>
      </trkpt>
      <trkpt lat="8.607110" lon="-80.112445">
        <time>2026-08-19T22:06:54Z</time>
      </trkpt>
      <trkpt lat="8.607126" lon="-80.112440">
        <time>2026-08-19T22:06:55Z</time>
      </trkpt>
      <trkpt lat="8.607142" lon="-80.112431">
        <time>2026-08-19T22:06:56Z</time>
      </trkpt>
      <trkpt lat="8.607157" lon="-80.112422">
        <time>2026-08-19T22:06:57Z</time>
      </trkpt>
      <trkpt lat="8.607174" lon="-80.112413">
        <time>2026-08-19T22:06:58Z</time>
      </trkpt>
      <trkpt lat="8.607190" lon="-80.112403">
        <time>2026-08-19T22:06:59Z</time>
      </trkpt>
      <trkpt lat="8.607206" lon="-80.112397">
        <time>2026-08-19T22:07:00Z</time>
      </trkpt>
      <trkpt lat="8.607224" lon="-80.112391">
        <time>2026-08-19T22:07:01Z</time>
      </trkpt>
      <trkpt lat="8.607240" lon="-80.112383">
        <time>2026-08-19T22:07:02Z</time>
      </trkpt>
      <trkpt lat="8.607256" lon="-80.112375">
        <time>2026-08-19T22:07:03Z</time>
      </trkpt>
      <trkpt lat="8.607268" lon="-80.112365">
        <time>2026-08-19T22:07:04Z</time>
      </trkpt>
      <trkpt lat="8.607280" lon="-80.112356">
        <time>2026-08-19T22:07:05Z</time>
      </trkpt>
      <trkpt lat="8.607293" lon="-80.112348">
        <time>2026-08-19T22:07:06Z</time>
      </trkpt>
      <trkpt lat="8.607306" lon="-80.112340">
        <time>2026-08-19T22:07:07Z</time>
      </trkpt>
      <trkpt lat="8.607320" lon="-80.112332">
        <time>2026-08-19T22:07:08Z</time>
      </trkpt>
      <trkpt lat="8.607335" lon="-80.112322">
        <time>2026-08-19T22:07:09Z</time>
      </trkpt>
      <trkpt lat="8.607349" lon="-80.112318">
        <time>2026-08-19T22:07:10Z</time>
      </trkpt>
      <trkpt lat="8.607364" lon="-80.112311">
        <time>2026-08-19T22:07:11Z</time>
      </trkpt>
      <trkpt lat="8.607380" lon="-80.112304">
        <time>2026-08-19T22:07:12Z</time>
      </trkpt>
      <trkpt lat="8.607395" lon="-80.112297">
        <time>2026-08-19T22:07:13Z</time>
      </trkpt>
      <trkpt lat="8.607409" lon="-80.112291">
        <time>2026-08-19T22:07:14Z</time>
      </trkpt>
      <trkpt lat="8.607424" lon="-80.112279">
        <time>2026-08-19T22:07:15Z</time>
      </trkpt>
      <trkpt lat="8.607441" lon="-80.112272">
        <time>2026-08-19T22:07:16Z</time>
      </trkpt>
      <trkpt lat="8.607459" lon="-80.112266">
        <time>2026-08-19T22:07:17Z</time>
      </trkpt>
      <trkpt lat="8.607474" lon="-80.112259">
        <time>2026-08-19T22:07:18Z</time>
      </trkpt>
      <trkpt lat="8.607489" lon="-80.112250">
        <time>2026-08-19T22:07:19Z</time>
      </trkpt>
      <trkpt lat="8.607505" lon="-80.112244">
        <time>2026-08-19T22:07:20Z</time>
      </trkpt>
      <trkpt lat="8.607519" lon="-80.112238">
        <time>2026-08-19T22:07:21Z</time>
      </trkpt>
      <trkpt lat="8.607533" lon="-80.112228">
        <time>2026-08-19T22:07:22Z</time>
      </trkpt>
      <trkpt lat="8.607550" lon="-80.112217">
        <time>2026-08-19T22:07:23Z</time>
      </trkpt>
      <trkpt lat="8.607567" lon="-80.112209">
        <time>2026-08-19T22:07:24Z</time>
      </trkpt>
      <trkpt lat="8.607584" lon="-80.112201">
        <time>2026-08-19T22:07:25Z</time>
      </trkpt>
      <trkpt lat="8.607601" lon="-80.112192">
        <time>2026-08-19T22:07:26Z</time>
      </trkpt>
      <trkpt lat="8.607620" lon="-80.112181">
        <time>2026-08-19T22:07:27Z</time>
      </trkpt>
      <trkpt lat="8.607634" lon="-80.112175">
        <time>2026-08-19T22:07:28Z</time>
      </trkpt>
      <trkpt lat="8.607648" lon="-80.112170">
        <time>2026-08-19T22:07:29Z</time>
      </trkpt>
      <trkpt lat="8.607660" lon="-80.112160">
        <time>2026-08-19T22:07:30Z</time>
      </trkpt>
      <trkpt lat="8.607675" lon="-80.112151">
        <time>2026-08-19T22:07:31Z</time>
      </trkpt>
      <trkpt lat="8.607689" lon="-80.112142">
        <time>2026-08-19T22:07:32Z</time>
      </trkpt>
      <trkpt lat="8.607704" lon="-80.112136">
        <time>2026-08-19T22:07:33Z</time>
      </trkpt>
      <trkpt lat="8.607722" lon="-80.112127">
        <time>2026-08-19T22:07:34Z</time>
      </trkpt>
      <trkpt lat="8.607738" lon="-80.112118">
        <time>2026-08-19T22:07:35Z</time>
      </trkpt>
      <trkpt lat="8.607755" lon="-80.112109">
        <time>2026-08-19T22:07:36Z</time>
      </trkpt>
      <trkpt lat="8.607772" lon="-80.112100">
        <time>2026-08-19T22:07:37Z</time>
      </trkpt>
      <trkpt lat="8.607788" lon="-80.112096">
        <time>2026-08-19T22:07:38Z</time>
      </trkpt>
      <trkpt lat="8.607809" lon="-80.112104">
        <time>2026-08-19T22:07:39Z</time>
      </trkpt>
      <trkpt lat="8.607827" lon="-80.112100">
        <time>2026-08-19T22:07:40Z</time>
      </trkpt>
      <trkpt lat="8.607846" lon="-80.112093">
        <time>2026-08-19T22:07:41Z</time>
      </trkpt>
      <trkpt lat="8.607859" lon="-80.112083">
        <time>2026-08-19T22:07:42Z</time>
      </trkpt>
      <trkpt lat="8.607875" lon="-80.112074">
        <time>2026-08-19T22:07:43Z</time>
      </trkpt>
      <trkpt lat="8.607890" lon="-80.112066">
        <time>2026-08-19T22:07:44Z</time>
      </trkpt>
      <trkpt lat="8.607904" lon="-80.112058">
        <time>2026-08-19T22:07:45Z</time>
      </trkpt>
      <trkpt lat="8.607918" lon="-80.112049">
        <time>2026-08-19T22:07:46Z</time>
      </trkpt>
      <trkpt lat="8.607934" lon="-80.112038">
        <time>2026-08-19T22:07:47Z</time>
      </trkpt>
      <trkpt lat="8.607951" lon="-80.112032">
        <time>2026-08-19T22:07:48Z</time>
      </trkpt>
      <trkpt lat="8.607968" lon="-80.112023">
        <time>2026-08-19T22:07:49Z</time>
      </trkpt>
      <trkpt lat="8.607987" lon="-80.112013">
        <time>2026-08-19T22:07:50Z</time>
      </trkpt>
      <trkpt lat="8.608001" lon="-80.112002">
        <time>2026-08-19T22:07:51Z</time>
      </trkpt>
      <trkpt lat="8.608020" lon="-80.111994">
        <time>2026-08-19T22:07:52Z</time>
      </trkpt>
      <trkpt lat="8.608035" lon="-80.111982">
        <time>2026-08-19T22:07:53Z</time>
      </trkpt>
      <trkpt lat="8.608054" lon="-80.111970">
        <time>2026-08-19T22:07:54Z</time>
      </trkpt>
      <trkpt lat="8.608068" lon="-80.111961">
        <time>2026-08-19T22:07:55Z</time>
      </trkpt>
      <trkpt lat="8.608084" lon="-80.111953">
        <time>2026-08-19T22:07:56Z</time>
      </trkpt>
      <trkpt lat="8.608101" lon="-80.111948">
        <time>2026-08-19T22:07:57Z</time>
      </trkpt>
      <trkpt lat="8.608120" lon="-80.111942">
        <time>2026-08-19T22:07:58Z</time>
      </trkpt>
      <trkpt lat="8.608138" lon="-80.111935">
        <time>2026-08-19T22:07:59Z</time>
      </trkpt>
      <trkpt lat="8.608154" lon="-80.111930">
        <time>2026-08-19T22:08:00Z</time>
      </trkpt>
      <trkpt lat="8.608170" lon="-80.111923">
        <time>2026-08-19T22:08:01Z</time>
      </trkpt>
      <trkpt lat="8.608186" lon="-80.111917">
        <time>2026-08-19T22:08:02Z</time>
      </trkpt>
      <trkpt lat="8.608205" lon="-80.111913">
        <time>2026-08-19T22:08:03Z</time>
      </trkpt>
      <trkpt lat="8.608220" lon="-80.111905">
        <time>2026-08-19T22:08:04Z</time>
      </trkpt>
      <trkpt lat="8.608238" lon="-80.111897">
        <time>2026-08-19T22:08:05Z</time>
      </trkpt>
      <trkpt lat="8.608258" lon="-80.111889">
        <time>2026-08-19T22:08:06Z</time>
      </trkpt>
      <trkpt lat="8.608275" lon="-80.111884">
        <time>2026-08-19T22:08:07Z</time>
      </trkpt>
      <trkpt lat="8.608291" lon="-80.111878">
        <time>2026-08-19T22:08:08Z</time>
      </trkpt>
      <trkpt lat="8.608309" lon="-80.111873">
        <time>2026-08-19T22:08:09Z</time>
      </trkpt>
      <trkpt lat="8.608328" lon="-80.111868">
        <time>2026-08-19T22:08:10Z</time>
      </trkpt>
      <trkpt lat="8.608348" lon="-80.111862">
        <time>2026-08-19T22:08:11Z</time>
      </trkpt>
      <trkpt lat="8.608368" lon="-80.111856">
        <time>2026-08-19T22:08:12Z</time>
      </trkpt>
      <trkpt lat="8.608387" lon="-80.111852">
        <time>2026-08-19T22:08:13Z</time>
      </trkpt>
      <trkpt lat="8.608405" lon="-80.111846">
        <time>2026-08-19T22:08:14Z</time>
      </trkpt>
      <trkpt lat="8.608423" lon="-80.111839">
        <time>2026-08-19T22:08:15Z</time>
      </trkpt>
      <trkpt lat="8.608439" lon="-80.111832">
        <time>2026-08-19T22:08:16Z</time>
      </trkpt>
      <trkpt lat="8.608455" lon="-80.111824">
        <time>2026-08-19T22:08:17Z</time>
      </trkpt>
      <trkpt lat="8.608472" lon="-80.111816">
        <time>2026-08-19T22:08:18Z</time>
      </trkpt>
      <trkpt lat="8.608492" lon="-80.111813">
        <time>2026-08-19T22:08:19Z</time>
      </trkpt>
      <trkpt lat="8.608512" lon="-80.111814">
        <time>2026-08-19T22:08:20Z</time>
      </trkpt>
      <trkpt lat="8.608530" lon="-80.111808">
        <time>2026-08-19T22:08:21Z</time>
      </trkpt>
      <trkpt lat="8.608547" lon="-80.111799">
        <time>2026-08-19T22:08:22Z</time>
      </trkpt>
      <trkpt lat="8.608568" lon="-80.111793">
        <time>2026-08-19T22:08:23Z</time>
      </trkpt>
      <trkpt lat="8.608588" lon="-80.111789">
        <time>2026-08-19T22:08:24Z</time>
      </trkpt>
      <trkpt lat="8.608609" lon="-80.111782">
        <time>2026-08-19T22:08:25Z</time>
      </trkpt>
      <trkpt lat="8.608629" lon="-80.111774">
        <time>2026-08-19T22:08:26Z</time>
      </trkpt>
      <trkpt lat="8.608646" lon="-80.111766">
        <time>2026-08-19T22:08:27Z</time>
      </trkpt>
      <trkpt lat="8.608662" lon="-80.111759">
        <time>2026-08-19T22:08:28Z</time>
      </trkpt>
      <trkpt lat="8.608677" lon="-80.111754">
        <time>2026-08-19T22:08:29Z</time>
      </trkpt>
      <trkpt lat="8.608694" lon="-80.111748">
        <time>2026-08-19T22:08:30Z</time>
      </trkpt>
      <trkpt lat="8.608709" lon="-80.111743">
        <time>2026-08-19T22:08:31Z</time>
      </trkpt>
      <trkpt lat="8.608726" lon="-80.111738">
        <time>2026-08-19T22:08:32Z</time>
      </trkpt>
      <trkpt lat="8.608743" lon="-80.111731">
        <time>2026-08-19T22:08:33Z</time>
      </trkpt>
      <trkpt lat="8.608760" lon="-80.111723">
        <time>2026-08-19T22:08:34Z</time>
      </trkpt>
      <trkpt lat="8.608778" lon="-80.111716">
        <time>2026-08-19T22:08:35Z</time>
      </trkpt>
      <trkpt lat="8.608796" lon="-80.111711">
        <time>2026-08-19T22:08:36Z</time>
      </trkpt>
      <trkpt lat="8.608813" lon="-80.111704">
        <time>2026-08-19T22:08:37Z</time>
      </trkpt>
      <trkpt lat="8.608830" lon="-80.111699">
        <time>2026-08-19T22:08:38Z</time>
      </trkpt>
      <trkpt lat="8.608849" lon="-80.111692">
        <time>2026-08-19T22:08:39Z</time>
      </trkpt>
      <trkpt lat="8.608867" lon="-80.111688">
        <time>2026-08-19T22:08:40Z</time>
      </trkpt>
      <trkpt lat="8.608886" lon="-80.111682">
        <time>2026-08-19T22:08:41Z</time>
      </trkpt>
      <trkpt lat="8.608904" lon="-80.111675">
        <time>2026-08-19T22:08:42Z</time>
      </trkpt>
      <trkpt lat="8.608922" lon="-80.111670">
        <time>2026-08-19T22:08:43Z</time>
      </trkpt>
      <trkpt lat="8.608934" lon="-80.111666">
        <time>2026-08-19T22:08:44Z</time>
      </trkpt>
      <trkpt lat="8.608945" lon="-80.111666">
        <time>2026-08-19T22:08:45Z</time>
      </trkpt>
      <trkpt lat="8.608956" lon="-80.111664">
        <time>2026-08-19T22:08:46Z</time>
      </trkpt>
      <trkpt lat="8.608968" lon="-80.111661">
        <time>2026-08-19T22:08:47Z</time>
      </trkpt>
      <trkpt lat="8.608977" lon="-80.111654">
        <time>2026-08-19T22:08:48Z</time>
      </trkpt>
      <trkpt lat="8.608984" lon="-80.111650">
        <time>2026-08-19T22:08:49Z</time>
      </trkpt>
      <trkpt lat="8.608994" lon="-80.111647">
        <time>2026-08-19T22:08:50Z</time>
      </trkpt>
      <trkpt lat="8.609006" lon="-80.111643">
        <time>2026-08-19T22:08:51Z</time>
      </trkpt>
      <trkpt lat="8.609017" lon="-80.111640">
        <time>2026-08-19T22:08:52Z</time>
      </trkpt>
      <trkpt lat="8.609031" lon="-80.111638">
        <time>2026-08-19T22:08:53Z</time>
      </trkpt>
      <trkpt lat="8.609042" lon="-80.111637">
        <time>2026-08-19T22:08:54Z</time>
      </trkpt>
      <trkpt lat="8.609052" lon="-80.111636">
        <time>2026-08-19T22:08:55Z</time>
      </trkpt>
      <trkpt lat="8.609057" lon="-80.111635">
        <time>2026-08-19T22:08:56Z</time>
      </trkpt>
      <trkpt lat="8.609065" lon="-80.111633">
        <time>2026-08-19T22:08:57Z</time>
      </trkpt>
      <trkpt lat="8.609078" lon="-80.111629">
        <time>2026-08-19T22:08:58Z</time>
      </trkpt>
      <trkpt lat="8.609091" lon="-80.111623">
        <time>2026-08-19T22:08:59Z</time>
      </trkpt>
      <trkpt lat="8.609100" lon="-80.111619">
        <time>2026-08-19T22:09:00Z</time>
      </trkpt>
      <trkpt lat="8.609112" lon="-80.111613">
        <time>2026-08-19T22:09:01Z</time>
      </trkpt>
      <trkpt lat="8.609122" lon="-80.111609">
        <time>2026-08-19T22:09:02Z</time>
      </trkpt>
      <trkpt lat="8.609130" lon="-80.111609">
        <time>2026-08-19T22:09:03Z</time>
      </trkpt>
      <trkpt lat="8.609139" lon="-80.111610">
        <time>2026-08-19T22:09:04Z</time>
      </trkpt>
      <trkpt lat="8.609149" lon="-80.111613">
        <time>2026-08-19T22:09:05Z</time>
      </trkpt>
      <trkpt lat="8.609162" lon="-80.111614">
        <time>2026-08-19T22:09:06Z</time>
      </trkpt>
      <trkpt lat="8.609173" lon="-80.111614">
        <time>2026-08-19T22:09:07Z</time>
      </trkpt>
      <trkpt lat="8.609185" lon="-80.111612">
        <time>2026-08-19T22:09:08Z</time>
      </trkpt>
      <trkpt lat="8.609194" lon="-80.111614">
        <time>2026-08-19T22:09:09Z</time>
      </trkpt>
      <trkpt lat="8.609212" lon="-80.111618">
        <time>2026-08-19T22:09:10Z</time>
      </trkpt>
      <trkpt lat="8.609224" lon="-80.111621">
        <time>2026-08-19T22:09:11Z</time>
      </trkpt>
      <trkpt lat="8.609241" lon="-80.111634">
        <time>2026-08-19T22:09:12Z</time>
      </trkpt>
      <trkpt lat="8.609252" lon="-80.111636">
        <time>2026-08-19T22:09:13Z</time>
      </trkpt>
      <trkpt lat="8.609261" lon="-80.111639">
        <time>2026-08-19T22:09:14Z</time>
      </trkpt>
      <trkpt lat="8.609276" lon="-80.111641">
        <time>2026-08-19T22:09:15Z</time>
      </trkpt>
      <trkpt lat="8.609289" lon="-80.111642">
        <time>2026-08-19T22:09:16Z</time>
      </trkpt>
      <trkpt lat="8.609305" lon="-80.111642">
        <time>2026-08-19T22:09:17Z</time>
      </trkpt>
      <trkpt lat="8.609317" lon="-80.111641">
        <time>2026-08-19T22:09:18Z</time>
      </trkpt>
      <trkpt lat="8.609330" lon="-80.111642">
        <time>2026-08-19T22:09:19Z</time>
      </trkpt>
      <trkpt lat="8.609346" lon="-80.111645">
        <time>2026-08-19T22:09:20Z</time>
      </trkpt>
      <trkpt lat="8.609359" lon="-80.111647">
        <time>2026-08-19T22:09:21Z</time>
      </trkpt>
      <trkpt lat="8.609372" lon="-80.111648">
        <time>2026-08-19T22:09:22Z</time>
      </trkpt>
      <trkpt lat="8.609387" lon="-80.111648">
        <time>2026-08-19T22:09:23Z</time>
      </trkpt>
      <trkpt lat="8.609403" lon="-80.111649">
        <time>2026-08-19T22:09:24Z</time>
      </trkpt>
      <trkpt lat="8.609420" lon="-80.111654">
        <time>2026-08-19T22:09:25Z</time>
      </trkpt>
      <trkpt lat="8.609436" lon="-80.111653">
        <time>2026-08-19T22:09:26Z</time>
      </trkpt>
      <trkpt lat="8.609448" lon="-80.111650">
        <time>2026-08-19T22:09:27Z</time>
      </trkpt>
      <trkpt lat="8.609452" lon="-80.111652">
        <time>2026-08-19T22:09:28Z</time>
      </trkpt>
      <trkpt lat="8.609460" lon="-80.111654">
        <time>2026-08-19T22:09:29Z</time>
      </trkpt>
      <trkpt lat="8.609471" lon="-80.111655">
        <time>2026-08-19T22:09:30Z</time>
      </trkpt>
      <trkpt lat="8.609486" lon="-80.111654">
        <time>2026-08-19T22:09:31Z</time>
      </trkpt>
      <trkpt lat="8.609508" lon="-80.111659">
        <time>2026-08-19T22:09:32Z</time>
      </trkpt>
      <trkpt lat="8.609508" lon="-80.111659">
        <time>2026-08-19T22:09:33Z</time>
      </trkpt>
      <trkpt lat="8.609518" lon="-80.111662">
        <time>2026-08-19T22:09:34Z</time>
      </trkpt>
      <trkpt lat="8.609531" lon="-80.111668">
        <time>2026-08-19T22:09:35Z</time>
      </trkpt>
      <trkpt lat="8.609542" lon="-80.111676">
        <time>2026-08-19T22:09:36Z</time>
      </trkpt>
      <trkpt lat="8.609556" lon="-80.111679">
        <time>2026-08-19T22:09:37Z</time>
      </trkpt>
      <trkpt lat="8.609570" lon="-80.111686">
        <time>2026-08-19T22:09:38Z</time>
      </trkpt>
      <trkpt lat="8.609578" lon="-80.111692">
        <time>2026-08-19T22:09:39Z</time>
      </trkpt>
      <trkpt lat="8.609588" lon="-80.111697">
        <time>2026-08-19T22:09:40Z</time>
      </trkpt>
      <trkpt lat="8.609599" lon="-80.111702">
        <time>2026-08-19T22:09:41Z</time>
      </trkpt>
      <trkpt lat="8.609610" lon="-80.111705">
        <time>2026-08-19T22:09:42Z</time>
      </trkpt>
      <trkpt lat="8.609617" lon="-80.111709">
        <time>2026-08-19T22:09:43Z</time>
      </trkpt>
      <trkpt lat="8.609633" lon="-80.111716">
        <time>2026-08-19T22:09:44Z</time>
      </trkpt>
      <trkpt lat="8.609649" lon="-80.111722">
        <time>2026-08-19T22:09:45Z</time>
      </trkpt>
      <trkpt lat="8.609664" lon="-80.111728">
        <time>2026-08-19T22:09:46Z</time>
      </trkpt>
      <trkpt lat="8.609678" lon="-80.111735">
        <time>2026-08-19T22:09:47Z</time>
      </trkpt>
      <trkpt lat="8.609691" lon="-80.111746">
        <time>2026-08-19T22:09:48Z</time>
      </trkpt>
      <trkpt lat="8.609705" lon="-80.111755">
        <time>2026-08-19T22:09:49Z</time>
      </trkpt>
      <trkpt lat="8.609717" lon="-80.111766">
        <time>2026-08-19T22:09:50Z</time>
      </trkpt>
      <trkpt lat="8.609729" lon="-80.111770">
        <time>2026-08-19T22:09:51Z</time>
      </trkpt>
      <trkpt lat="8.609741" lon="-80.111776">
        <time>2026-08-19T22:09:52Z</time>
      </trkpt>
      <trkpt lat="8.609753" lon="-80.111775">
        <time>2026-08-19T22:09:53Z</time>
      </trkpt>
      <trkpt lat="8.609762" lon="-80.111778">
        <time>2026-08-19T22:09:54Z</time>
      </trkpt>
      <trkpt lat="8.609772" lon="-80.111784">
        <time>2026-08-19T22:09:55Z</time>
      </trkpt>
      <trkpt lat="8.609778" lon="-80.111790">
        <time>2026-08-19T22:09:56Z</time>
      </trkpt>
      <trkpt lat="8.609783" lon="-80.111801">
        <time>2026-08-19T22:09:57Z</time>
      </trkpt>
      <trkpt lat="8.609787" lon="-80.111814">
        <time>2026-08-19T22:09:58Z</time>
      </trkpt>
      <trkpt lat="8.609791" lon="-80.111826">
        <time>2026-08-19T22:09:59Z</time>
      </trkpt>
      <trkpt lat="8.609796" lon="-80.111840">
        <time>2026-08-19T22:10:00Z</time>
      </trkpt>
      <trkpt lat="8.609794" lon="-80.111851">
        <time>2026-08-19T22:10:01Z</time>
      </trkpt>
      <trkpt lat="8.609791" lon="-80.111862">
        <time>2026-08-19T22:10:02Z</time>
      </trkpt>
      <trkpt lat="8.609792" lon="-80.111877">
        <time>2026-08-19T22:10:03Z</time>
      </trkpt>
      <trkpt lat="8.609791" lon="-80.111891">
        <time>2026-08-19T22:10:04Z</time>
      </trkpt>
      <trkpt lat="8.609787" lon="-80.111904">
        <time>2026-08-19T22:10:05Z</time>
      </trkpt>
      <trkpt lat="8.609784" lon="-80.111914">
        <time>2026-08-19T22:10:06Z</time>
      </trkpt>
      <trkpt lat="8.609781" lon="-80.111927">
        <time>2026-08-19T22:10:07Z</time>
      </trkpt>
      <trkpt lat="8.609778" lon="-80.111939">
        <time>2026-08-19T22:10:08Z</time>
      </trkpt>
      <trkpt lat="8.609773" lon="-80.111952">
        <time>2026-08-19T22:10:09Z</time>
      </trkpt>
      <trkpt lat="8.609768" lon="-80.111970">
        <time>2026-08-19T22:10:10Z</time>
      </trkpt>
      <trkpt lat="8.609764" lon="-80.111988">
        <time>2026-08-19T22:10:11Z</time>
      </trkpt>
      <trkpt lat="8.609763" lon="-80.112003">
        <time>2026-08-19T22:10:12Z</time>
      </trkpt>
      <trkpt lat="8.609763" lon="-80.112018">
        <time>2026-08-19T22:10:13Z</time>
      </trkpt>
      <trkpt lat="8.609761" lon="-80.112032">
        <time>2026-08-19T22:10:14Z</time>
      </trkpt>
      <trkpt lat="8.609759" lon="-80.112054">
        <time>2026-08-19T22:10:15Z</time>
      </trkpt>
      <trkpt lat="8.609757" lon="-80.112076">
        <time>2026-08-19T22:10:16Z</time>
      </trkpt>
      <trkpt lat="8.609752" lon="-80.112122">
        <time>2026-08-19T22:10:17Z</time>
      </trkpt>
      <trkpt lat="8.609752" lon="-80.112122">
        <time>2026-08-19T22:10:18Z</time>
      </trkpt>
      <trkpt lat="8.609749" lon="-80.112143">
        <time>2026-08-19T22:10:19Z</time>
      </trkpt>
      <trkpt lat="8.609748" lon="-80.112167">
        <time>2026-08-19T22:10:20Z</time>
      </trkpt>
      <trkpt lat="8.609747" lon="-80.112189">
        <time>2026-08-19T22:10:21Z</time>
      </trkpt>
      <trkpt lat="8.609748" lon="-80.112211">
        <time>2026-08-19T22:10:22Z</time>
      </trkpt>
      <trkpt lat="8.609753" lon="-80.112230">
        <time>2026-08-19T22:10:23Z</time>
      </trkpt>
      <trkpt lat="8.609756" lon="-80.112249">
        <time>2026-08-19T22:10:24Z</time>
      </trkpt>
      <trkpt lat="8.609761" lon="-80.112270">
        <time>2026-08-19T22:10:25Z</time>
      </trkpt>
      <trkpt lat="8.609770" lon="-80.112289">
        <time>2026-08-19T22:10:26Z</time>
      </trkpt>
      <trkpt lat="8.609781" lon="-80.112310">
        <time>2026-08-19T22:10:27Z</time>
      </trkpt>
      <trkpt lat="8.609791" lon="-80.112332">
        <time>2026-08-19T22:10:28Z</time>
      </trkpt>
      <trkpt lat="8.609800" lon="-80.112351">
        <time>2026-08-19T22:10:29Z</time>
      </trkpt>
      <trkpt lat="8.609810" lon="-80.112374">
        <time>2026-08-19T22:10:30Z</time>
      </trkpt>
      <trkpt lat="8.609817" lon="-80.112396">
        <time>2026-08-19T22:10:31Z</time>
      </trkpt>
      <trkpt lat="8.609824" lon="-80.112412">
        <time>2026-08-19T22:10:32Z</time>
      </trkpt>
      <trkpt lat="8.609832" lon="-80.112428">
        <time>2026-08-19T22:10:33Z</time>
      </trkpt>
      <trkpt lat="8.609841" lon="-80.112443">
        <time>2026-08-19T22:10:34Z</time>
      </trkpt>
      <trkpt lat="8.609851" lon="-80.112461">
        <time>2026-08-19T22:10:35Z</time>
      </trkpt>
      <trkpt lat="8.609861" lon="-80.112481">
        <time>2026-08-19T22:10:36Z</time>
      </trkpt>
      <trkpt lat="8.609873" lon="-80.112501">
        <time>2026-08-19T22:10:37Z</time>
      </trkpt>
      <trkpt lat="8.609884" lon="-80.112521">
        <time>2026-08-19T22:10:38Z</time>
      </trkpt>
      <trkpt lat="8.609895" lon="-80.112542">
        <time>2026-08-19T22:10:39Z</time>
      </trkpt>
      <trkpt lat="8.609908" lon="-80.112559">
        <time>2026-08-19T22:10:40Z</time>
      </trkpt>
      <trkpt lat="8.609919" lon="-80.112579">
        <time>2026-08-19T22:10:41Z</time>
      </trkpt>
      <trkpt lat="8.609929" lon="-80.112598">
        <time>2026-08-19T22:10:42Z</time>
      </trkpt>
      <trkpt lat="8.609935" lon="-80.112615">
        <time>2026-08-19T22:10:43Z</time>
      </trkpt>
      <trkpt lat="8.609944" lon="-80.112635">
        <time>2026-08-19T22:10:44Z</time>
      </trkpt>
      <trkpt lat="8.609951" lon="-80.112654">
        <time>2026-08-19T22:10:45Z</time>
      </trkpt>
      <trkpt lat="8.609960" lon="-80.112672">
        <time>2026-08-19T22:10:46Z</time>
      </trkpt>
      <trkpt lat="8.609969" lon="-80.112689">
        <time>2026-08-19T22:10:47Z</time>
      </trkpt>
      <trkpt lat="8.609974" lon="-80.112709">
        <time>2026-08-19T22:10:48Z</time>
      </trkpt>
      <trkpt lat="8.609979" lon="-80.112724">
        <time>2026-08-19T22:10:49Z</time>
      </trkpt>
      <trkpt lat="8.609984" lon="-80.112742">
        <time>2026-08-19T22:10:50Z</time>
      </trkpt>
      <trkpt lat="8.609989" lon="-80.112762">
        <time>2026-08-19T22:10:51Z</time>
      </trkpt>
      <trkpt lat="8.609993" lon="-80.112783">
        <time>2026-08-19T22:10:52Z</time>
      </trkpt>
      <trkpt lat="8.609998" lon="-80.112802">
        <time>2026-08-19T22:10:53Z</time>
      </trkpt>
      <trkpt lat="8.610003" lon="-80.112823">
        <time>2026-08-19T22:10:54Z</time>
      </trkpt>
      <trkpt lat="8.610006" lon="-80.112842">
        <time>2026-08-19T22:10:55Z</time>
      </trkpt>
      <trkpt lat="8.610007" lon="-80.112861">
        <time>2026-08-19T22:10:56Z</time>
      </trkpt>
      <trkpt lat="8.610010" lon="-80.112879">
        <time>2026-08-19T22:10:57Z</time>
      </trkpt>
      <trkpt lat="8.610013" lon="-80.112897">
        <time>2026-08-19T22:10:58Z</time>
      </trkpt>
      <trkpt lat="8.610018" lon="-80.112915">
        <time>2026-08-19T22:10:59Z</time>
      </trkpt>
      <trkpt lat="8.610021" lon="-80.112933">
        <time>2026-08-19T22:11:00Z</time>
      </trkpt>
      <trkpt lat="8.610024" lon="-80.112950">
        <time>2026-08-19T22:11:01Z</time>
      </trkpt>
      <trkpt lat="8.610028" lon="-80.112966">
        <time>2026-08-19T22:11:02Z</time>
      </trkpt>
      <trkpt lat="8.610032" lon="-80.112985">
        <time>2026-08-19T22:11:03Z</time>
      </trkpt>
      <trkpt lat="8.610036" lon="-80.113004">
        <time>2026-08-19T22:11:04Z</time>
      </trkpt>
      <trkpt lat="8.610040" lon="-80.113026">
        <time>2026-08-19T22:11:05Z</time>
      </trkpt>
      <trkpt lat="8.610037" lon="-80.113044">
        <time>2026-08-19T22:11:06Z</time>
      </trkpt>
      <trkpt lat="8.610039" lon="-80.113061">
        <time>2026-08-19T22:11:07Z</time>
      </trkpt>
      <trkpt lat="8.610040" lon="-80.113082">
        <time>2026-08-19T22:11:08Z</time>
      </trkpt>
      <trkpt lat="8.610041" lon="-80.113102">
        <time>2026-08-19T22:11:09Z</time>
      </trkpt>
      <trkpt lat="8.610041" lon="-80.113123">
        <time>2026-08-19T22:11:10Z</time>
      </trkpt>
      <trkpt lat="8.610040" lon="-80.113142">
        <time>2026-08-19T22:11:11Z</time>
      </trkpt>
      <trkpt lat="8.610040" lon="-80.113160">
        <time>2026-08-19T22:11:12Z</time>
      </trkpt>
      <trkpt lat="8.610038" lon="-80.113177">
        <time>2026-08-19T22:11:13Z</time>
      </trkpt>
      <trkpt lat="8.610036" lon="-80.113194">
        <time>2026-08-19T22:11:14Z</time>
      </trkpt>
      <trkpt lat="8.610033" lon="-80.113212">
        <time>2026-08-19T22:11:15Z</time>
      </trkpt>
      <trkpt lat="8.610031" lon="-80.113229">
        <time>2026-08-19T22:11:16Z</time>
      </trkpt>
      <trkpt lat="8.610029" lon="-80.113246">
        <time>2026-08-19T22:11:17Z</time>
      </trkpt>
      <trkpt lat="8.610024" lon="-80.113262">
        <time>2026-08-19T22:11:18Z</time>
      </trkpt>
      <trkpt lat="8.610022" lon="-80.113282">
        <time>2026-08-19T22:11:19Z</time>
      </trkpt>
      <trkpt lat="8.610020" lon="-80.113302">
        <time>2026-08-19T22:11:20Z</time>
      </trkpt>
      <trkpt lat="8.610018" lon="-80.113320">
        <time>2026-08-19T22:11:21Z</time>
      </trkpt>
      <trkpt lat="8.610013" lon="-80.113339">
        <time>2026-08-19T22:11:22Z</time>
      </trkpt>
      <trkpt lat="8.610005" lon="-80.113354">
        <time>2026-08-19T22:11:23Z</time>
      </trkpt>
      <trkpt lat="8.610000" lon="-80.113371">
        <time>2026-08-19T22:11:24Z</time>
      </trkpt>
      <trkpt lat="8.609994" lon="-80.113385">
        <time>2026-08-19T22:11:25Z</time>
      </trkpt>
      <trkpt lat="8.609986" lon="-80.113403">
        <time>2026-08-19T22:11:26Z</time>
      </trkpt>
      <trkpt lat="8.609977" lon="-80.113422">
        <time>2026-08-19T22:11:27Z</time>
      </trkpt>
      <trkpt lat="8.609969" lon="-80.113442">
        <time>2026-08-19T22:11:28Z</time>
      </trkpt>
      <trkpt lat="8.609961" lon="-80.113461">
        <time>2026-08-19T22:11:29Z</time>
      </trkpt>
      <trkpt lat="8.609953" lon="-80.113480">
        <time>2026-08-19T22:11:30Z</time>
      </trkpt>
      <trkpt lat="8.609944" lon="-80.113497">
        <time>2026-08-19T22:11:31Z</time>
      </trkpt>
      <trkpt lat="8.609937" lon="-80.113516">
        <time>2026-08-19T22:11:32Z</time>
      </trkpt>
      <trkpt lat="8.609929" lon="-80.113533">
        <time>2026-08-19T22:11:33Z</time>
      </trkpt>
      <trkpt lat="8.609921" lon="-80.113552">
        <time>2026-08-19T22:11:34Z</time>
      </trkpt>
      <trkpt lat="8.609913" lon="-80.113569">
        <time>2026-08-19T22:11:35Z</time>
      </trkpt>
      <trkpt lat="8.609905" lon="-80.113585">
        <time>2026-08-19T22:11:36Z</time>
      </trkpt>
      <trkpt lat="8.609896" lon="-80.113603">
        <time>2026-08-19T22:11:37Z</time>
      </trkpt>
      <trkpt lat="8.609884" lon="-80.113621">
        <time>2026-08-19T22:11:38Z</time>
      </trkpt>
      <trkpt lat="8.609873" lon="-80.113638">
        <time>2026-08-19T22:11:39Z</time>
      </trkpt>
      <trkpt lat="8.609863" lon="-80.113650">
        <time>2026-08-19T22:11:40Z</time>
      </trkpt>
      <trkpt lat="8.609852" lon="-80.113664">
        <time>2026-08-19T22:11:41Z</time>
      </trkpt>
      <trkpt lat="8.609842" lon="-80.113682">
        <time>2026-08-19T22:11:42Z</time>
      </trkpt>
      <trkpt lat="8.609830" lon="-80.113695">
        <time>2026-08-19T22:11:43Z</time>
      </trkpt>
      <trkpt lat="8.609816" lon="-80.113704">
        <time>2026-08-19T22:11:44Z</time>
      </trkpt>
      <trkpt lat="8.609804" lon="-80.113716">
        <time>2026-08-19T22:11:45Z</time>
      </trkpt>
      <trkpt lat="8.609790" lon="-80.113731">
        <time>2026-08-19T22:11:46Z</time>
      </trkpt>
      <trkpt lat="8.609775" lon="-80.113745">
        <time>2026-08-19T22:11:47Z</time>
      </trkpt>
      <trkpt lat="8.609760" lon="-80.113758">
        <time>2026-08-19T22:11:48Z</time>
      </trkpt>
      <trkpt lat="8.609748" lon="-80.113771">
        <time>2026-08-19T22:11:49Z</time>
      </trkpt>
      <trkpt lat="8.609735" lon="-80.113787">
        <time>2026-08-19T22:11:50Z</time>
      </trkpt>
      <trkpt lat="8.609721" lon="-80.113802">
        <time>2026-08-19T22:11:51Z</time>
      </trkpt>
      <trkpt lat="8.609708" lon="-80.113818">
        <time>2026-08-19T22:11:52Z</time>
      </trkpt>
      <trkpt lat="8.609697" lon="-80.113833">
        <time>2026-08-19T22:11:53Z</time>
      </trkpt>
      <trkpt lat="8.609683" lon="-80.113849">
        <time>2026-08-19T22:11:54Z</time>
      </trkpt>
      <trkpt lat="8.609667" lon="-80.113866">
        <time>2026-08-19T22:11:55Z</time>
      </trkpt>
      <trkpt lat="8.609652" lon="-80.113881">
        <time>2026-08-19T22:11:56Z</time>
      </trkpt>
      <trkpt lat="8.609638" lon="-80.113898">
        <time>2026-08-19T22:11:57Z</time>
      </trkpt>
      <trkpt lat="8.609626" lon="-80.113914">
        <time>2026-08-19T22:11:58Z</time>
      </trkpt>
      <trkpt lat="8.609611" lon="-80.113927">
        <time>2026-08-19T22:11:59Z</time>
      </trkpt>
      <trkpt lat="8.609597" lon="-80.113944">
        <time>2026-08-19T22:12:00Z</time>
      </trkpt>
      <trkpt lat="8.609584" lon="-80.113963">
        <time>2026-08-19T22:12:01Z</time>
      </trkpt>
      <trkpt lat="8.609568" lon="-80.113978">
        <time>2026-08-19T22:12:02Z</time>
      </trkpt>
      <trkpt lat="8.609553" lon="-80.113996">
        <time>2026-08-19T22:12:03Z</time>
      </trkpt>
      <trkpt lat="8.609537" lon="-80.114007">
        <time>2026-08-19T22:12:04Z</time>
      </trkpt>
      <trkpt lat="8.609520" lon="-80.114020">
        <time>2026-08-19T22:12:05Z</time>
      </trkpt>
      <trkpt lat="8.609503" lon="-80.114034">
        <time>2026-08-19T22:12:06Z</time>
      </trkpt>
      <trkpt lat="8.609486" lon="-80.114050">
        <time>2026-08-19T22:12:07Z</time>
      </trkpt>
      <trkpt lat="8.609471" lon="-80.114060">
        <time>2026-08-19T22:12:08Z</time>
      </trkpt>
      <trkpt lat="8.609459" lon="-80.114076">
        <time>2026-08-19T22:12:09Z</time>
      </trkpt>
      <trkpt lat="8.609446" lon="-80.114091">
        <time>2026-08-19T22:12:10Z</time>
      </trkpt>
      <trkpt lat="8.609431" lon="-80.114103">
        <time>2026-08-19T22:12:11Z</time>
      </trkpt>
      <trkpt lat="8.609415" lon="-80.114116">
        <time>2026-08-19T22:12:12Z</time>
      </trkpt>
      <trkpt lat="8.609401" lon="-80.114127">
        <time>2026-08-19T22:12:13Z</time>
      </trkpt>
      <trkpt lat="8.609384" lon="-80.114141">
        <time>2026-08-19T22:12:14Z</time>
      </trkpt>
      <trkpt lat="8.609368" lon="-80.114155">
        <time>2026-08-19T22:12:15Z</time>
      </trkpt>
      <trkpt lat="8.609351" lon="-80.114169">
        <time>2026-08-19T22:12:16Z</time>
      </trkpt>
      <trkpt lat="8.609337" lon="-80.114184">
        <time>2026-08-19T22:12:17Z</time>
      </trkpt>
      <trkpt lat="8.609324" lon="-80.114195">
        <time>2026-08-19T22:12:18Z</time>
      </trkpt>
      <trkpt lat="8.609311" lon="-80.114208">
        <time>2026-08-19T22:12:19Z</time>
      </trkpt>
      <trkpt lat="8.609296" lon="-80.114221">
        <time>2026-08-19T22:12:20Z</time>
      </trkpt>
      <trkpt lat="8.609282" lon="-80.114236">
        <time>2026-08-19T22:12:21Z</time>
      </trkpt>
      <trkpt lat="8.609268" lon="-80.114252">
        <time>2026-08-19T22:12:22Z</time>
      </trkpt>
      <trkpt lat="8.609254" lon="-80.114264">
        <time>2026-08-19T22:12:23Z</time>
      </trkpt>
      <trkpt lat="8.609238" lon="-80.114277">
        <time>2026-08-19T22:12:24Z</time>
      </trkpt>
      <trkpt lat="8.609226" lon="-80.114290">
        <time>2026-08-19T22:12:25Z</time>
      </trkpt>
      <trkpt lat="8.609214" lon="-80.114302">
        <time>2026-08-19T22:12:26Z</time>
      </trkpt>
      <trkpt lat="8.609200" lon="-80.114315">
        <time>2026-08-19T22:12:27Z</time>
      </trkpt>
      <trkpt lat="8.609186" lon="-80.114323">
        <time>2026-08-19T22:12:28Z</time>
      </trkpt>
      <trkpt lat="8.609173" lon="-80.114331">
        <time>2026-08-19T22:12:29Z</time>
      </trkpt>
      <trkpt lat="8.609162" lon="-80.114344">
        <time>2026-08-19T22:12:30Z</time>
      </trkpt>
      <trkpt lat="8.609150" lon="-80.114355">
        <time>2026-08-19T22:12:31Z</time>
      </trkpt>
      <trkpt lat="8.609138" lon="-80.114368">
        <time>2026-08-19T22:12:32Z</time>
      </trkpt>
      <trkpt lat="8.609125" lon="-80.114382">
        <time>2026-08-19T22:12:33Z</time>
      </trkpt>
      <trkpt lat="8.609111" lon="-80.114395">
        <time>2026-08-19T22:12:34Z</time>
      </trkpt>
      <trkpt lat="8.609094" lon="-80.114403">
        <time>2026-08-19T22:12:35Z</time>
      </trkpt>
      <trkpt lat="8.609078" lon="-80.114412">
        <time>2026-08-19T22:12:36Z</time>
      </trkpt>
      <trkpt lat="8.609064" lon="-80.114423">
        <time>2026-08-19T22:12:37Z</time>
      </trkpt>
      <trkpt lat="8.609054" lon="-80.114438">
        <time>2026-08-19T22:12:38Z</time>
      </trkpt>
      <trkpt lat="8.609038" lon="-80.114448">
        <time>2026-08-19T22:12:39Z</time>
      </trkpt>
      <trkpt lat="8.609025" lon="-80.114461">
        <time>2026-08-19T22:12:40Z</time>
      </trkpt>
      <trkpt lat="8.609009" lon="-80.114473">
        <time>2026-08-19T22:12:41Z</time>
      </trkpt>
      <trkpt lat="8.608995" lon="-80.114488">
        <time>2026-08-19T22:12:42Z</time>
      </trkpt>
      <trkpt lat="8.608978" lon="-80.114508">
        <time>2026-08-19T22:12:43Z</time>
      </trkpt>
      <trkpt lat="8.608965" lon="-80.114528">
        <time>2026-08-19T22:12:44Z</time>
      </trkpt>
      <trkpt lat="8.608949" lon="-80.114546">
        <time>2026-08-19T22:12:45Z</time>
      </trkpt>
      <trkpt lat="8.608933" lon="-80.114562">
        <time>2026-08-19T22:12:46Z</time>
      </trkpt>
      <trkpt lat="8.608918" lon="-80.114580">
        <time>2026-08-19T22:12:47Z</time>
      </trkpt>
      <trkpt lat="8.608904" lon="-80.114595">
        <time>2026-08-19T22:12:48Z</time>
      </trkpt>
      <trkpt lat="8.608891" lon="-80.114609">
        <time>2026-08-19T22:12:49Z</time>
      </trkpt>
      <trkpt lat="8.608874" lon="-80.114624">
        <time>2026-08-19T22:12:50Z</time>
      </trkpt>
      <trkpt lat="8.608856" lon="-80.114637">
        <time>2026-08-19T22:12:51Z</time>
      </trkpt>
      <trkpt lat="8.608843" lon="-80.114651">
        <time>2026-08-19T22:12:52Z</time>
      </trkpt>
      <trkpt lat="8.608829" lon="-80.114665">
        <time>2026-08-19T22:12:53Z</time>
      </trkpt>
      <trkpt lat="8.608813" lon="-80.114677">
        <time>2026-08-19T22:12:54Z</time>
      </trkpt>
      <trkpt lat="8.608798" lon="-80.114689">
        <time>2026-08-19T22:12:55Z</time>
      </trkpt>
      <trkpt lat="8.608783" lon="-80.114706">
        <time>2026-08-19T22:12:56Z</time>
      </trkpt>
      <trkpt lat="8.608765" lon="-80.114723">
        <time>2026-08-19T22:12:57Z</time>
      </trkpt>
      <trkpt lat="8.608747" lon="-80.114733">
        <time>2026-08-19T22:12:58Z</time>
      </trkpt>
      <trkpt lat="8.608732" lon="-80.114746">
        <time>2026-08-19T22:12:59Z</time>
      </trkpt>
      <trkpt lat="8.608716" lon="-80.114761">
        <time>2026-08-19T22:13:00Z</time>
      </trkpt>
      <trkpt lat="8.608700" lon="-80.114774">
        <time>2026-08-19T22:13:01Z</time>
      </trkpt>
      <trkpt lat="8.608685" lon="-80.114788">
        <time>2026-08-19T22:13:02Z</time>
      </trkpt>
      <trkpt lat="8.608672" lon="-80.114806">
        <time>2026-08-19T22:13:03Z</time>
      </trkpt>
      <trkpt lat="8.608655" lon="-80.114817">
        <time>2026-08-19T22:13:04Z</time>
      </trkpt>
      <trkpt lat="8.608635" lon="-80.114826">
        <time>2026-08-19T22:13:05Z</time>
      </trkpt>
      <trkpt lat="8.608616" lon="-80.114837">
        <time>2026-08-19T22:13:06Z</time>
      </trkpt>
      <trkpt lat="8.608598" lon="-80.114853">
        <time>2026-08-19T22:13:07Z</time>
      </trkpt>
      <trkpt lat="8.608585" lon="-80.114871">
        <time>2026-08-19T22:13:08Z</time>
      </trkpt>
      <trkpt lat="8.608575" lon="-80.114887">
        <time>2026-08-19T22:13:09Z</time>
      </trkpt>
      <trkpt lat="8.608581" lon="-80.114897">
        <time>2026-08-19T22:13:10Z</time>
      </trkpt>
      <trkpt lat="8.608583" lon="-80.114904">
        <time>2026-08-19T22:13:11Z</time>
      </trkpt>
      <trkpt lat="8.608581" lon="-80.114903">
        <time>2026-08-19T22:13:12Z</time>
      </trkpt>
      <trkpt lat="8.608581" lon="-80.114903">
        <time>2026-08-19T22:13:13Z</time>
      </trkpt>
      <trkpt lat="8.608581" lon="-80.114903">
        <time>2026-08-19T22:13:14Z</time>
      </trkpt>
      <trkpt lat="8.608573" lon="-80.114909">
        <time>2026-08-19T22:13:15Z</time>
      </trkpt>
      <trkpt lat="8.608560" lon="-80.114913">
        <time>2026-08-19T22:13:16Z</time>
      </trkpt>
      <trkpt lat="8.608554" lon="-80.114921">
        <time>2026-08-19T22:13:17Z</time>
      </trkpt>
      <trkpt lat="8.608546" lon="-80.114929">
        <time>2026-08-19T22:13:18Z</time>
      </trkpt>
      <trkpt lat="8.608537" lon="-80.114937">
        <time>2026-08-19T22:13:19Z</time>
      </trkpt>
      <trkpt lat="8.608542" lon="-80.114948">
        <time>2026-08-19T22:13:20Z</time>
      </trkpt>
      <trkpt lat="8.608550" lon="-80.114954">
        <time>2026-08-19T22:13:21Z</time>
      </trkpt>
      <trkpt lat="8.608552" lon="-80.114956">
        <time>2026-08-19T22:13:22Z</time>
      </trkpt>
      <trkpt lat="8.608547" lon="-80.114953">
        <time>2026-08-19T22:13:23Z</time>
      </trkpt>
      <trkpt lat="8.608547" lon="-80.114953">
        <time>2026-08-19T22:13:24Z</time>
      </trkpt>
      <trkpt lat="8.608535" lon="-80.114951">
        <time>2026-08-19T22:13:25Z</time>
      </trkpt>
      <trkpt lat="8.608520" lon="-80.114952">
        <time>2026-08-19T22:13:26Z</time>
      </trkpt>
      <trkpt lat="8.608504" lon="-80.114967">
        <time>2026-08-19T22:13:27Z</time>
      </trkpt>
      <trkpt lat="8.608493" lon="-80.114974">
        <time>2026-08-19T22:13:28Z</time>
      </trkpt>
      <trkpt lat="8.608481" lon="-80.114987">
        <time>2026-08-19T22:13:29Z</time>
      </trkpt>
      <trkpt lat="8.608469" lon="-80.115001">
        <time>2026-08-19T22:13:30Z</time>
      </trkpt>
      <trkpt lat="8.608454" lon="-80.115014">
        <time>2026-08-19T22:13:31Z</time>
      </trkpt>
      <trkpt lat="8.608440" lon="-80.115029">
        <time>2026-08-19T22:13:32Z</time>
      </trkpt>
      <trkpt lat="8.608426" lon="-80.115042">
        <time>2026-08-19T22:13:33Z</time>
      </trkpt>
      <trkpt lat="8.608413" lon="-80.115051">
        <time>2026-08-19T22:13:34Z</time>
      </trkpt>
      <trkpt lat="8.608402" lon="-80.115064">
        <time>2026-08-19T22:13:35Z</time>
      </trkpt>
      <trkpt lat="8.608391" lon="-80.115077">
        <time>2026-08-19T22:13:36Z</time>
      </trkpt>
      <trkpt lat="8.608383" lon="-80.115089">
        <time>2026-08-19T22:13:37Z</time>
      </trkpt>
      <trkpt lat="8.608371" lon="-80.115096">
        <time>2026-08-19T22:13:38Z</time>
      </trkpt>
      <trkpt lat="8.608359" lon="-80.115107">
        <time>2026-08-19T22:13:39Z</time>
      </trkpt>
      <trkpt lat="8.608345" lon="-80.115119">
        <time>2026-08-19T22:13:40Z</time>
      </trkpt>
      <trkpt lat="8.608317" lon="-80.115140">
        <time>2026-08-19T22:13:41Z</time>
      </trkpt>
      <trkpt lat="8.608317" lon="-80.115140">
        <time>2026-08-19T22:13:42Z</time>
      </trkpt>
      <trkpt lat="8.608304" lon="-80.115149">
        <time>2026-08-19T22:13:43Z</time>
      </trkpt>
      <trkpt lat="8.608288" lon="-80.115160">
        <time>2026-08-19T22:13:44Z</time>
      </trkpt>
      <trkpt lat="8.608268" lon="-80.115170">
        <time>2026-08-19T22:13:45Z</time>
      </trkpt>
      <trkpt lat="8.608250" lon="-80.115179">
        <time>2026-08-19T22:13:46Z</time>
      </trkpt>
      <trkpt lat="8.608234" lon="-80.115190">
        <time>2026-08-19T22:13:47Z</time>
      </trkpt>
      <trkpt lat="8.608221" lon="-80.115203">
        <time>2026-08-19T22:13:48Z</time>
      </trkpt>
      <trkpt lat="8.608209" lon="-80.115215">
        <time>2026-08-19T22:13:49Z</time>
      </trkpt>
      <trkpt lat="8.608193" lon="-80.115230">
        <time>2026-08-19T22:13:50Z</time>
      </trkpt>
      <trkpt lat="8.608178" lon="-80.115245">
        <time>2026-08-19T22:13:51Z</time>
      </trkpt>
      <trkpt lat="8.608165" lon="-80.115258">
        <time>2026-08-19T22:13:52Z</time>
      </trkpt>
      <trkpt lat="8.608153" lon="-80.115272">
        <time>2026-08-19T22:13:53Z</time>
      </trkpt>
      <trkpt lat="8.608141" lon="-80.115282">
        <time>2026-08-19T22:13:54Z</time>
      </trkpt>
      <trkpt lat="8.608127" lon="-80.115295">
        <time>2026-08-19T22:13:55Z</time>
      </trkpt>
      <trkpt lat="8.608115" lon="-80.115312">
        <time>2026-08-19T22:13:56Z</time>
      </trkpt>
      <trkpt lat="8.608104" lon="-80.115329">
        <time>2026-08-19T22:13:57Z</time>
      </trkpt>
      <trkpt lat="8.608094" lon="-80.115341">
        <time>2026-08-19T22:13:58Z</time>
      </trkpt>
      <trkpt lat="8.608082" lon="-80.115353">
        <time>2026-08-19T22:13:59Z</time>
      </trkpt>
      <trkpt lat="8.608070" lon="-80.115367">
        <time>2026-08-19T22:14:00Z</time>
      </trkpt>
      <trkpt lat="8.608059" lon="-80.115382">
        <time>2026-08-19T22:14:01Z</time>
      </trkpt>
      <trkpt lat="8.608044" lon="-80.115391">
        <time>2026-08-19T22:14:02Z</time>
      </trkpt>
      <trkpt lat="8.608031" lon="-80.115407">
        <time>2026-08-19T22:14:03Z</time>
      </trkpt>
      <trkpt lat="8.608018" lon="-80.115419">
        <time>2026-08-19T22:14:04Z</time>
      </trkpt>
      <trkpt lat="8.608004" lon="-80.115428">
        <time>2026-08-19T22:14:05Z</time>
      </trkpt>
      <trkpt lat="8.607990" lon="-80.115439">
        <time>2026-08-19T22:14:06Z</time>
      </trkpt>
      <trkpt lat="8.607976" lon="-80.115448">
        <time>2026-08-19T22:14:07Z</time>
      </trkpt>
      <trkpt lat="8.607958" lon="-80.115459">
        <time>2026-08-19T22:14:08Z</time>
      </trkpt>
      <trkpt lat="8.607937" lon="-80.115472">
        <time>2026-08-19T22:14:09Z</time>
      </trkpt>
      <trkpt lat="8.607920" lon="-80.115483">
        <time>2026-08-19T22:14:10Z</time>
      </trkpt>
      <trkpt lat="8.607903" lon="-80.115493">
        <time>2026-08-19T22:14:11Z</time>
      </trkpt>
      <trkpt lat="8.607886" lon="-80.115504">
        <time>2026-08-19T22:14:12Z</time>
      </trkpt>
      <trkpt lat="8.607866" lon="-80.115518">
        <time>2026-08-19T22:14:13Z</time>
      </trkpt>
      <trkpt lat="8.607848" lon="-80.115535">
        <time>2026-08-19T22:14:14Z</time>
      </trkpt>
      <trkpt lat="8.607832" lon="-80.115546">
        <time>2026-08-19T22:14:15Z</time>
      </trkpt>
      <trkpt lat="8.607815" lon="-80.115559">
        <time>2026-08-19T22:14:16Z</time>
      </trkpt>
      <trkpt lat="8.607801" lon="-80.115570">
        <time>2026-08-19T22:14:17Z</time>
      </trkpt>
      <trkpt lat="8.607786" lon="-80.115582">
        <time>2026-08-19T22:14:18Z</time>
      </trkpt>
      <trkpt lat="8.607773" lon="-80.115592">
        <time>2026-08-19T22:14:19Z</time>
      </trkpt>
      <trkpt lat="8.607762" lon="-80.115604">
        <time>2026-08-19T22:14:20Z</time>
      </trkpt>
      <trkpt lat="8.607750" lon="-80.115617">
        <time>2026-08-19T22:14:21Z</time>
      </trkpt>
      <trkpt lat="8.607734" lon="-80.115630">
        <time>2026-08-19T22:14:22Z</time>
      </trkpt>
      <trkpt lat="8.607719" lon="-80.115643">
        <time>2026-08-19T22:14:23Z</time>
      </trkpt>
      <trkpt lat="8.607703" lon="-80.115654">
        <time>2026-08-19T22:14:24Z</time>
      </trkpt>
      <trkpt lat="8.607687" lon="-80.115667">
        <time>2026-08-19T22:14:25Z</time>
      </trkpt>
      <trkpt lat="8.607672" lon="-80.115680">
        <time>2026-08-19T22:14:26Z</time>
      </trkpt>
      <trkpt lat="8.607658" lon="-80.115694">
        <time>2026-08-19T22:14:27Z</time>
      </trkpt>
      <trkpt lat="8.607644" lon="-80.115707">
        <time>2026-08-19T22:14:28Z</time>
      </trkpt>
      <trkpt lat="8.607628" lon="-80.115722">
        <time>2026-08-19T22:14:29Z</time>
      </trkpt>
      <trkpt lat="8.607613" lon="-80.115734">
        <time>2026-08-19T22:14:30Z</time>
      </trkpt>
      <trkpt lat="8.607598" lon="-80.115745">
        <time>2026-08-19T22:14:31Z</time>
      </trkpt>
      <trkpt lat="8.607585" lon="-80.115759">
        <time>2026-08-19T22:14:32Z</time>
      </trkpt>
      <trkpt lat="8.607571" lon="-80.115774">
        <time>2026-08-19T22:14:33Z</time>
      </trkpt>
      <trkpt lat="8.607555" lon="-80.115786">
        <time>2026-08-19T22:14:34Z</time>
      </trkpt>
      <trkpt lat="8.607539" lon="-80.115798">
        <time>2026-08-19T22:14:35Z</time>
      </trkpt>
      <trkpt lat="8.607525" lon="-80.115811">
        <time>2026-08-19T22:14:36Z</time>
      </trkpt>
      <trkpt lat="8.607511" lon="-80.115822">
        <time>2026-08-19T22:14:37Z</time>
      </trkpt>
      <trkpt lat="8.607497" lon="-80.115833">
        <time>2026-08-19T22:14:38Z</time>
      </trkpt>
      <trkpt lat="8.607481" lon="-80.115844">
        <time>2026-08-19T22:14:39Z</time>
      </trkpt>
      <trkpt lat="8.607465" lon="-80.115857">
        <time>2026-08-19T22:14:40Z</time>
      </trkpt>
      <trkpt lat="8.607449" lon="-80.115871">
        <time>2026-08-19T22:14:41Z</time>
      </trkpt>
      <trkpt lat="8.607433" lon="-80.115882">
        <time>2026-08-19T22:14:42Z</time>
      </trkpt>
      <trkpt lat="8.607416" lon="-80.115893">
        <time>2026-08-19T22:14:43Z</time>
      </trkpt>
      <trkpt lat="8.607401" lon="-80.115909">
        <time>2026-08-19T22:14:44Z</time>
      </trkpt>
      <trkpt lat="8.607388" lon="-80.115922">
        <time>2026-08-19T22:14:45Z</time>
      </trkpt>
      <trkpt lat="8.607376" lon="-80.115932">
        <time>2026-08-19T22:14:46Z</time>
      </trkpt>
      <trkpt lat="8.607364" lon="-80.115943">
        <time>2026-08-19T22:14:47Z</time>
      </trkpt>
      <trkpt lat="8.607349" lon="-80.115959">
        <time>2026-08-19T22:14:48Z</time>
      </trkpt>
      <trkpt lat="8.607333" lon="-80.115972">
        <time>2026-08-19T22:14:49Z</time>
      </trkpt>
      <trkpt lat="8.607319" lon="-80.115981">
        <time>2026-08-19T22:14:50Z</time>
      </trkpt>
      <trkpt lat="8.607304" lon="-80.115996">
        <time>2026-08-19T22:14:51Z</time>
      </trkpt>
      <trkpt lat="8.607290" lon="-80.116013">
        <time>2026-08-19T22:14:52Z</time>
      </trkpt>
      <trkpt lat="8.607282" lon="-80.116030">
        <time>2026-08-19T22:14:53Z</time>
      </trkpt>
      <trkpt lat="8.607274" lon="-80.116040">
        <time>2026-08-19T22:14:54Z</time>
      </trkpt>
      <trkpt lat="8.607262" lon="-80.116049">
        <time>2026-08-19T22:14:55Z</time>
      </trkpt>
      <trkpt lat="8.607247" lon="-80.116052">
        <time>2026-08-19T22:14:56Z</time>
      </trkpt>
      <trkpt lat="8.607233" lon="-80.116060">
        <time>2026-08-19T22:14:57Z</time>
      </trkpt>
      <trkpt lat="8.607220" lon="-80.116071">
        <time>2026-08-19T22:14:58Z</time>
      </trkpt>
      <trkpt lat="8.607205" lon="-80.116079">
        <time>2026-08-19T22:14:59Z</time>
      </trkpt>
      <trkpt lat="8.607191" lon="-80.116092">
        <time>2026-08-19T22:15:00Z</time>
      </trkpt>
      <trkpt lat="8.607173" lon="-80.116104">
        <time>2026-08-19T22:15:01Z</time>
      </trkpt>
      <trkpt lat="8.607157" lon="-80.116112">
        <time>2026-08-19T22:15:02Z</time>
      </trkpt>
      <trkpt lat="8.607144" lon="-80.116124">
        <time>2026-08-19T22:15:03Z</time>
      </trkpt>
      <trkpt lat="8.607133" lon="-80.116136">
        <time>2026-08-19T22:15:04Z</time>
      </trkpt>
      <trkpt lat="8.607119" lon="-80.116149">
        <time>2026-08-19T22:15:05Z</time>
      </trkpt>
      <trkpt lat="8.607105" lon="-80.116161">
        <time>2026-08-19T22:15:06Z</time>
      </trkpt>
      <trkpt lat="8.607094" lon="-80.116173">
        <time>2026-08-19T22:15:07Z</time>
      </trkpt>
      <trkpt lat="8.607079" lon="-80.116188">
        <time>2026-08-19T22:15:08Z</time>
      </trkpt>
      <trkpt lat="8.607065" lon="-80.116200">
        <time>2026-08-19T22:15:09Z</time>
      </trkpt>
      <trkpt lat="8.607051" lon="-80.116211">
        <time>2026-08-19T22:15:10Z</time>
      </trkpt>
      <trkpt lat="8.607037" lon="-80.116222">
        <time>2026-08-19T22:15:11Z</time>
      </trkpt>
      <trkpt lat="8.607022" lon="-80.116235">
        <time>2026-08-19T22:15:12Z</time>
      </trkpt>
      <trkpt lat="8.607008" lon="-80.116248">
        <time>2026-08-19T22:15:13Z</time>
      </trkpt>
      <trkpt lat="8.606994" lon="-80.116264">
        <time>2026-08-19T22:15:14Z</time>
      </trkpt>
      <trkpt lat="8.606979" lon="-80.116279">
        <time>2026-08-19T22:15:15Z</time>
      </trkpt>
      <trkpt lat="8.606960" lon="-80.116290">
        <time>2026-08-19T22:15:16Z</time>
      </trkpt>
      <trkpt lat="8.606942" lon="-80.116302">
        <time>2026-08-19T22:15:17Z</time>
      </trkpt>
      <trkpt lat="8.606927" lon="-80.116312">
        <time>2026-08-19T22:15:18Z</time>
      </trkpt>
      <trkpt lat="8.606912" lon="-80.116323">
        <time>2026-08-19T22:15:19Z</time>
      </trkpt>
      <trkpt lat="8.606895" lon="-80.116334">
        <time>2026-08-19T22:15:20Z</time>
      </trkpt>
      <trkpt lat="8.606879" lon="-80.116344">
        <time>2026-08-19T22:15:21Z</time>
      </trkpt>
      <trkpt lat="8.606864" lon="-80.116356">
        <time>2026-08-19T22:15:22Z</time>
      </trkpt>
      <trkpt lat="8.606853" lon="-80.116366">
        <time>2026-08-19T22:15:23Z</time>
      </trkpt>
      <trkpt lat="8.606839" lon="-80.116376">
        <time>2026-08-19T22:15:24Z</time>
      </trkpt>
      <trkpt lat="8.606823" lon="-80.116389">
        <time>2026-08-19T22:15:25Z</time>
      </trkpt>
      <trkpt lat="8.606806" lon="-80.116401">
        <time>2026-08-19T22:15:26Z</time>
      </trkpt>
      <trkpt lat="8.606790" lon="-80.116414">
        <time>2026-08-19T22:15:27Z</time>
      </trkpt>
      <trkpt lat="8.606769" lon="-80.116425">
        <time>2026-08-19T22:15:28Z</time>
      </trkpt>
      <trkpt lat="8.606750" lon="-80.116438">
        <time>2026-08-19T22:15:29Z</time>
      </trkpt>
      <trkpt lat="8.606734" lon="-80.116447">
        <time>2026-08-19T22:15:30Z</time>
      </trkpt>
      <trkpt lat="8.606717" lon="-80.116459">
        <time>2026-08-19T22:15:31Z</time>
      </trkpt>
      <trkpt lat="8.606701" lon="-80.116471">
        <time>2026-08-19T22:15:32Z</time>
      </trkpt>
      <trkpt lat="8.606682" lon="-80.116484">
        <time>2026-08-19T22:15:33Z</time>
      </trkpt>
      <trkpt lat="8.606664" lon="-80.116496">
        <time>2026-08-19T22:15:34Z</time>
      </trkpt>
      <trkpt lat="8.606649" lon="-80.116507">
        <time>2026-08-19T22:15:35Z</time>
      </trkpt>
      <trkpt lat="8.606634" lon="-80.116518">
        <time>2026-08-19T22:15:36Z</time>
      </trkpt>
      <trkpt lat="8.606619" lon="-80.116531">
        <time>2026-08-19T22:15:37Z</time>
      </trkpt>
      <trkpt lat="8.606602" lon="-80.116543">
        <time>2026-08-19T22:15:38Z</time>
      </trkpt>
      <trkpt lat="8.606584" lon="-80.116554">
        <time>2026-08-19T22:15:39Z</time>
      </trkpt>
      <trkpt lat="8.606568" lon="-80.116565">
        <time>2026-08-19T22:15:40Z</time>
      </trkpt>
      <trkpt lat="8.606552" lon="-80.116574">
        <time>2026-08-19T22:15:41Z</time>
      </trkpt>
      <trkpt lat="8.606535" lon="-80.116585">
        <time>2026-08-19T22:15:42Z</time>
      </trkpt>
      <trkpt lat="8.606518" lon="-80.116595">
        <time>2026-08-19T22:15:43Z</time>
      </trkpt>
      <trkpt lat="8.606503" lon="-80.116603">
        <time>2026-08-19T22:15:44Z</time>
      </trkpt>
      <trkpt lat="8.606484" lon="-80.116615">
        <time>2026-08-19T22:15:45Z</time>
      </trkpt>
      <trkpt lat="8.606464" lon="-80.116631">
        <time>2026-08-19T22:15:46Z</time>
      </trkpt>
      <trkpt lat="8.606446" lon="-80.116642">
        <time>2026-08-19T22:15:47Z</time>
      </trkpt>
      <trkpt lat="8.606426" lon="-80.116653">
        <time>2026-08-19T22:15:48Z</time>
      </trkpt>
      <trkpt lat="8.606410" lon="-80.116664">
        <time>2026-08-19T22:15:49Z</time>
      </trkpt>
      <trkpt lat="8.606395" lon="-80.116672">
        <time>2026-08-19T22:15:50Z</time>
      </trkpt>
      <trkpt lat="8.606380" lon="-80.116680">
        <time>2026-08-19T22:15:51Z</time>
      </trkpt>
      <trkpt lat="8.606363" lon="-80.116690">
        <time>2026-08-19T22:15:52Z</time>
      </trkpt>
      <trkpt lat="8.606346" lon="-80.116700">
        <time>2026-08-19T22:15:53Z</time>
      </trkpt>
      <trkpt lat="8.606330" lon="-80.116711">
        <time>2026-08-19T22:15:54Z</time>
      </trkpt>
      <trkpt lat="8.606309" lon="-80.116720">
        <time>2026-08-19T22:15:55Z</time>
      </trkpt>
      <trkpt lat="8.606289" lon="-80.116735">
        <time>2026-08-19T22:15:56Z</time>
      </trkpt>
      <trkpt lat="8.606269" lon="-80.116746">
        <time>2026-08-19T22:15:57Z</time>
      </trkpt>
      <trkpt lat="8.606249" lon="-80.116758">
        <time>2026-08-19T22:15:58Z</time>
      </trkpt>
      <trkpt lat="8.606230" lon="-80.116771">
        <time>2026-08-19T22:15:59Z</time>
      </trkpt>
      <trkpt lat="8.606212" lon="-80.116786">
        <time>2026-08-19T22:16:00Z</time>
      </trkpt>
      <trkpt lat="8.606191" lon="-80.116802">
        <time>2026-08-19T22:16:01Z</time>
      </trkpt>
      <trkpt lat="8.606172" lon="-80.116814">
        <time>2026-08-19T22:16:02Z</time>
      </trkpt>
      <trkpt lat="8.606153" lon="-80.116821">
        <time>2026-08-19T22:16:03Z</time>
      </trkpt>
      <trkpt lat="8.606135" lon="-80.116832">
        <time>2026-08-19T22:16:04Z</time>
      </trkpt>
      <trkpt lat="8.606117" lon="-80.116845">
        <time>2026-08-19T22:16:05Z</time>
      </trkpt>
      <trkpt lat="8.606101" lon="-80.116854">
        <time>2026-08-19T22:16:06Z</time>
      </trkpt>
      <trkpt lat="8.606085" lon="-80.116865">
        <time>2026-08-19T22:16:07Z</time>
      </trkpt>
      <trkpt lat="8.606067" lon="-80.116874">
        <time>2026-08-19T22:16:08Z</time>
      </trkpt>
      <trkpt lat="8.606051" lon="-80.116885">
        <time>2026-08-19T22:16:09Z</time>
      </trkpt>
      <trkpt lat="8.606030" lon="-80.116896">
        <time>2026-08-19T22:16:10Z</time>
      </trkpt>
      <trkpt lat="8.606010" lon="-80.116913">
        <time>2026-08-19T22:16:11Z</time>
      </trkpt>
      <trkpt lat="8.605992" lon="-80.116922">
        <time>2026-08-19T22:16:12Z</time>
      </trkpt>
      <trkpt lat="8.605976" lon="-80.116933">
        <time>2026-08-19T22:16:13Z</time>
      </trkpt>
      <trkpt lat="8.605957" lon="-80.116945">
        <time>2026-08-19T22:16:14Z</time>
      </trkpt>
      <trkpt lat="8.605939" lon="-80.116955">
        <time>2026-08-19T22:16:15Z</time>
      </trkpt>
      <trkpt lat="8.605922" lon="-80.116965">
        <time>2026-08-19T22:16:16Z</time>
      </trkpt>
      <trkpt lat="8.605902" lon="-80.116977">
        <time>2026-08-19T22:16:17Z</time>
      </trkpt>
      <trkpt lat="8.605883" lon="-80.116986">
        <time>2026-08-19T22:16:18Z</time>
      </trkpt>
      <trkpt lat="8.605862" lon="-80.116997">
        <time>2026-08-19T22:16:19Z</time>
      </trkpt>
      <trkpt lat="8.605843" lon="-80.117012">
        <time>2026-08-19T22:16:20Z</time>
      </trkpt>
      <trkpt lat="8.605825" lon="-80.117021">
        <time>2026-08-19T22:16:21Z</time>
      </trkpt>
      <trkpt lat="8.605806" lon="-80.117033">
        <time>2026-08-19T22:16:22Z</time>
      </trkpt>
      <trkpt lat="8.605787" lon="-80.117049">
        <time>2026-08-19T22:16:23Z</time>
      </trkpt>
      <trkpt lat="8.605771" lon="-80.117058">
        <time>2026-08-19T22:16:24Z</time>
      </trkpt>
      <trkpt lat="8.605752" lon="-80.117070">
        <time>2026-08-19T22:16:25Z</time>
      </trkpt>
      <trkpt lat="8.605734" lon="-80.117081">
        <time>2026-08-19T22:16:26Z</time>
      </trkpt>
      <trkpt lat="8.605714" lon="-80.117090">
        <time>2026-08-19T22:16:27Z</time>
      </trkpt>
      <trkpt lat="8.605694" lon="-80.117103">
        <time>2026-08-19T22:16:28Z</time>
      </trkpt>
      <trkpt lat="8.605676" lon="-80.117116">
        <time>2026-08-19T22:16:29Z</time>
      </trkpt>
      <trkpt lat="8.605660" lon="-80.117128">
        <time>2026-08-19T22:16:30Z</time>
      </trkpt>
      <trkpt lat="8.605641" lon="-80.117138">
        <time>2026-08-19T22:16:31Z</time>
      </trkpt>
      <trkpt lat="8.605623" lon="-80.117149">
        <time>2026-08-19T22:16:32Z</time>
      </trkpt>
      <trkpt lat="8.605606" lon="-80.117158">
        <time>2026-08-19T22:16:33Z</time>
      </trkpt>
      <trkpt lat="8.605589" lon="-80.117170">
        <time>2026-08-19T22:16:34Z</time>
      </trkpt>
      <trkpt lat="8.605572" lon="-80.117185">
        <time>2026-08-19T22:16:35Z</time>
      </trkpt>
      <trkpt lat="8.605557" lon="-80.117194">
        <time>2026-08-19T22:16:36Z</time>
      </trkpt>
      <trkpt lat="8.605542" lon="-80.117204">
        <time>2026-08-19T22:16:37Z</time>
      </trkpt>
      <trkpt lat="8.605527" lon="-80.117214">
        <time>2026-08-19T22:16:38Z</time>
      </trkpt>
      <trkpt lat="8.605511" lon="-80.117225">
        <time>2026-08-19T22:16:39Z</time>
      </trkpt>
      <trkpt lat="8.605494" lon="-80.117237">
        <time>2026-08-19T22:16:40Z</time>
      </trkpt>
      <trkpt lat="8.605473" lon="-80.117248">
        <time>2026-08-19T22:16:41Z</time>
      </trkpt>
      <trkpt lat="8.605456" lon="-80.117262">
        <time>2026-08-19T22:16:42Z</time>
      </trkpt>
      <trkpt lat="8.605436" lon="-80.117273">
        <time>2026-08-19T22:16:43Z</time>
      </trkpt>
      <trkpt lat="8.605415" lon="-80.117284">
        <time>2026-08-19T22:16:44Z</time>
      </trkpt>
      <trkpt lat="8.605396" lon="-80.117295">
        <time>2026-08-19T22:16:45Z</time>
      </trkpt>
      <trkpt lat="8.605377" lon="-80.117306">
        <time>2026-08-19T22:16:46Z</time>
      </trkpt>
      <trkpt lat="8.605358" lon="-80.117319">
        <time>2026-08-19T22:16:47Z</time>
      </trkpt>
      <trkpt lat="8.605340" lon="-80.117332">
        <time>2026-08-19T22:16:48Z</time>
      </trkpt>
      <trkpt lat="8.605321" lon="-80.117345">
        <time>2026-08-19T22:16:49Z</time>
      </trkpt>
      <trkpt lat="8.605302" lon="-80.117359">
        <time>2026-08-19T22:16:50Z</time>
      </trkpt>
      <trkpt lat="8.605285" lon="-80.117373">
        <time>2026-08-19T22:16:51Z</time>
      </trkpt>
      <trkpt lat="8.605268" lon="-80.117385">
        <time>2026-08-19T22:16:52Z</time>
      </trkpt>
      <trkpt lat="8.605251" lon="-80.117397">
        <time>2026-08-19T22:16:53Z</time>
      </trkpt>
      <trkpt lat="8.605234" lon="-80.117408">
        <time>2026-08-19T22:16:54Z</time>
      </trkpt>
      <trkpt lat="8.605216" lon="-80.117420">
        <time>2026-08-19T22:16:55Z</time>
      </trkpt>
      <trkpt lat="8.605195" lon="-80.117431">
        <time>2026-08-19T22:16:56Z</time>
      </trkpt>
      <trkpt lat="8.605179" lon="-80.117442">
        <time>2026-08-19T22:16:57Z</time>
      </trkpt>
      <trkpt lat="8.605164" lon="-80.117453">
        <time>2026-08-19T22:16:58Z</time>
      </trkpt>
      <trkpt lat="8.605145" lon="-80.117465">
        <time>2026-08-19T22:16:59Z</time>
      </trkpt>
      <trkpt lat="8.605125" lon="-80.117478">
        <time>2026-08-19T22:17:00Z</time>
      </trkpt>
      <trkpt lat="8.605106" lon="-80.117491">
        <time>2026-08-19T22:17:01Z</time>
      </trkpt>
      <trkpt lat="8.605088" lon="-80.117503">
        <time>2026-08-19T22:17:02Z</time>
      </trkpt>
      <trkpt lat="8.605070" lon="-80.117517">
        <time>2026-08-19T22:17:03Z</time>
      </trkpt>
      <trkpt lat="8.605053" lon="-80.117530">
        <time>2026-08-19T22:17:04Z</time>
      </trkpt>
      <trkpt lat="8.605034" lon="-80.117542">
        <time>2026-08-19T22:17:05Z</time>
      </trkpt>
      <trkpt lat="8.605015" lon="-80.117556">
        <time>2026-08-19T22:17:06Z</time>
      </trkpt>
      <trkpt lat="8.604998" lon="-80.117567">
        <time>2026-08-19T22:17:07Z</time>
      </trkpt>
      <trkpt lat="8.604980" lon="-80.117580">
        <time>2026-08-19T22:17:08Z</time>
      </trkpt>
      <trkpt lat="8.604961" lon="-80.117591">
        <time>2026-08-19T22:17:09Z</time>
      </trkpt>
      <trkpt lat="8.604943" lon="-80.117601">
        <time>2026-08-19T22:17:10Z</time>
      </trkpt>
      <trkpt lat="8.604923" lon="-80.117613">
        <time>2026-08-19T22:17:11Z</time>
      </trkpt>
      <trkpt lat="8.604904" lon="-80.117622">
        <time>2026-08-19T22:17:12Z</time>
      </trkpt>
      <trkpt lat="8.604886" lon="-80.117627">
        <time>2026-08-19T22:17:13Z</time>
      </trkpt>
      <trkpt lat="8.604867" lon="-80.117638">
        <time>2026-08-19T22:17:14Z</time>
      </trkpt>
      <trkpt lat="8.604848" lon="-80.117649">
        <time>2026-08-19T22:17:15Z</time>
      </trkpt>
      <trkpt lat="8.604828" lon="-80.117656">
        <time>2026-08-19T22:17:16Z</time>
      </trkpt>
      <trkpt lat="8.604806" lon="-80.117660">
        <time>2026-08-19T22:17:17Z</time>
      </trkpt>
      <trkpt lat="8.604784" lon="-80.117664">
        <time>2026-08-19T22:17:18Z</time>
      </trkpt>
      <trkpt lat="8.604763" lon="-80.117671">
        <time>2026-08-19T22:17:19Z</time>
      </trkpt>
      <trkpt lat="8.604743" lon="-80.117676">
        <time>2026-08-19T22:17:20Z</time>
      </trkpt>
      <trkpt lat="8.604721" lon="-80.117684">
        <time>2026-08-19T22:17:21Z</time>
      </trkpt>
      <trkpt lat="8.604698" lon="-80.117689">
        <time>2026-08-19T22:17:22Z</time>
      </trkpt>
      <trkpt lat="8.604677" lon="-80.117696">
        <time>2026-08-19T22:17:23Z</time>
      </trkpt>
      <trkpt lat="8.604656" lon="-80.117701">
        <time>2026-08-19T22:17:24Z</time>
      </trkpt>
      <trkpt lat="8.604633" lon="-80.117707">
        <time>2026-08-19T22:17:25Z</time>
      </trkpt>
      <trkpt lat="8.604610" lon="-80.117715">
        <time>2026-08-19T22:17:26Z</time>
      </trkpt>
      <trkpt lat="8.604587" lon="-80.117721">
        <time>2026-08-19T22:17:27Z</time>
      </trkpt>
      <trkpt lat="8.604566" lon="-80.117725">
        <time>2026-08-19T22:17:28Z</time>
      </trkpt>
      <trkpt lat="8.604544" lon="-80.117731">
        <time>2026-08-19T22:17:29Z</time>
      </trkpt>
      <trkpt lat="8.604525" lon="-80.117737">
        <time>2026-08-19T22:17:30Z</time>
      </trkpt>
      <trkpt lat="8.604509" lon="-80.117744">
        <time>2026-08-19T22:17:31Z</time>
      </trkpt>
      <trkpt lat="8.604494" lon="-80.117750">
        <time>2026-08-19T22:17:32Z</time>
      </trkpt>
      <trkpt lat="8.604474" lon="-80.117756">
        <time>2026-08-19T22:17:33Z</time>
      </trkpt>
      <trkpt lat="8.604455" lon="-80.117761">
        <time>2026-08-19T22:17:34Z</time>
      </trkpt>
      <trkpt lat="8.604437" lon="-80.117768">
        <time>2026-08-19T22:17:35Z</time>
      </trkpt>
      <trkpt lat="8.604415" lon="-80.117775">
        <time>2026-08-19T22:17:36Z</time>
      </trkpt>
      <trkpt lat="8.604394" lon="-80.117782">
        <time>2026-08-19T22:17:37Z</time>
      </trkpt>
      <trkpt lat="8.604374" lon="-80.117788">
        <time>2026-08-19T22:17:38Z</time>
      </trkpt>
      <trkpt lat="8.604354" lon="-80.117795">
        <time>2026-08-19T22:17:39Z</time>
      </trkpt>
      <trkpt lat="8.604333" lon="-80.117802">
        <time>2026-08-19T22:17:40Z</time>
      </trkpt>
      <trkpt lat="8.604314" lon="-80.117807">
        <time>2026-08-19T22:17:41Z</time>
      </trkpt>
      <trkpt lat="8.604293" lon="-80.117812">
        <time>2026-08-19T22:17:42Z</time>
      </trkpt>
      <trkpt lat="8.604273" lon="-80.117819">
        <time>2026-08-19T22:17:43Z</time>
      </trkpt>
      <trkpt lat="8.604253" lon="-80.117825">
        <time>2026-08-19T22:17:44Z</time>
      </trkpt>
      <trkpt lat="8.604234" lon="-80.117830">
        <time>2026-08-19T22:17:45Z</time>
      </trkpt>
      <trkpt lat="8.604214" lon="-80.117839">
        <time>2026-08-19T22:17:46Z</time>
      </trkpt>
      <trkpt lat="8.604194" lon="-80.117847">
        <time>2026-08-19T22:17:47Z</time>
      </trkpt>
      <trkpt lat="8.604175" lon="-80.117854">
        <time>2026-08-19T22:17:48Z</time>
      </trkpt>
      <trkpt lat="8.604154" lon="-80.117858">
        <time>2026-08-19T22:17:49Z</time>
      </trkpt>
      <trkpt lat="8.604134" lon="-80.117864">
        <time>2026-08-19T22:17:50Z</time>
      </trkpt>
      <trkpt lat="8.604119" lon="-80.117872">
        <time>2026-08-19T22:17:51Z</time>
      </trkpt>
      <trkpt lat="8.604098" lon="-80.117876">
        <time>2026-08-19T22:17:52Z</time>
      </trkpt>
      <trkpt lat="8.604077" lon="-80.117879">
        <time>2026-08-19T22:17:53Z</time>
      </trkpt>
      <trkpt lat="8.604057" lon="-80.117884">
        <time>2026-08-19T22:17:54Z</time>
      </trkpt>
      <trkpt lat="8.604039" lon="-80.117890">
        <time>2026-08-19T22:17:55Z</time>
      </trkpt>
      <trkpt lat="8.604019" lon="-80.117898">
        <time>2026-08-19T22:17:56Z</time>
      </trkpt>
      <trkpt lat="8.603999" lon="-80.117901">
        <time>2026-08-19T22:17:57Z</time>
      </trkpt>
      <trkpt lat="8.603977" lon="-80.117906">
        <time>2026-08-19T22:17:58Z</time>
      </trkpt>
      <trkpt lat="8.603955" lon="-80.117913">
        <time>2026-08-19T22:17:59Z</time>
      </trkpt>
      <trkpt lat="8.603936" lon="-80.117918">
        <time>2026-08-19T22:18:00Z</time>
      </trkpt>
      <trkpt lat="8.603917" lon="-80.117923">
        <time>2026-08-19T22:18:01Z</time>
      </trkpt>
      <trkpt lat="8.603899" lon="-80.117932">
        <time>2026-08-19T22:18:02Z</time>
      </trkpt>
      <trkpt lat="8.603881" lon="-80.117938">
        <time>2026-08-19T22:18:03Z</time>
      </trkpt>
      <trkpt lat="8.603862" lon="-80.117943">
        <time>2026-08-19T22:18:04Z</time>
      </trkpt>
      <trkpt lat="8.603842" lon="-80.117950">
        <time>2026-08-19T22:18:05Z</time>
      </trkpt>
      <trkpt lat="8.603822" lon="-80.117958">
        <time>2026-08-19T22:18:06Z</time>
      </trkpt>
      <trkpt lat="8.603802" lon="-80.117962">
        <time>2026-08-19T22:18:07Z</time>
      </trkpt>
      <trkpt lat="8.603780" lon="-80.117968">
        <time>2026-08-19T22:18:08Z</time>
      </trkpt>
      <trkpt lat="8.603761" lon="-80.117973">
        <time>2026-08-19T22:18:09Z</time>
      </trkpt>
      <trkpt lat="8.603741" lon="-80.117976">
        <time>2026-08-19T22:18:10Z</time>
      </trkpt>
      <trkpt lat="8.603720" lon="-80.117980">
        <time>2026-08-19T22:18:11Z</time>
      </trkpt>
      <trkpt lat="8.603701" lon="-80.117985">
        <time>2026-08-19T22:18:12Z</time>
      </trkpt>
      <trkpt lat="8.603679" lon="-80.117986">
        <time>2026-08-19T22:18:13Z</time>
      </trkpt>
      <trkpt lat="8.603657" lon="-80.117990">
        <time>2026-08-19T22:18:14Z</time>
      </trkpt>
      <trkpt lat="8.603639" lon="-80.117996">
        <time>2026-08-19T22:18:15Z</time>
      </trkpt>
      <trkpt lat="8.603617" lon="-80.117998">
        <time>2026-08-19T22:18:16Z</time>
      </trkpt>
      <trkpt lat="8.603595" lon="-80.118003">
        <time>2026-08-19T22:18:17Z</time>
      </trkpt>
      <trkpt lat="8.603574" lon="-80.118006">
        <time>2026-08-19T22:18:18Z</time>
      </trkpt>
      <trkpt lat="8.603556" lon="-80.118013">
        <time>2026-08-19T22:18:19Z</time>
      </trkpt>
      <trkpt lat="8.603534" lon="-80.118019">
        <time>2026-08-19T22:18:20Z</time>
      </trkpt>
      <trkpt lat="8.603514" lon="-80.118027">
        <time>2026-08-19T22:18:21Z</time>
      </trkpt>
      <trkpt lat="8.603498" lon="-80.118033">
        <time>2026-08-19T22:18:22Z</time>
      </trkpt>
      <trkpt lat="8.603477" lon="-80.118039">
        <time>2026-08-19T22:18:23Z</time>
      </trkpt>
      <trkpt lat="8.603457" lon="-80.118043">
        <time>2026-08-19T22:18:24Z</time>
      </trkpt>
      <trkpt lat="8.603438" lon="-80.118047">
        <time>2026-08-19T22:18:25Z</time>
      </trkpt>
      <trkpt lat="8.603421" lon="-80.118053">
        <time>2026-08-19T22:18:26Z</time>
      </trkpt>
      <trkpt lat="8.603401" lon="-80.118059">
        <time>2026-08-19T22:18:27Z</time>
      </trkpt>
      <trkpt lat="8.603379" lon="-80.118063">
        <time>2026-08-19T22:18:28Z</time>
      </trkpt>
      <trkpt lat="8.603360" lon="-80.118066">
        <time>2026-08-19T22:18:29Z</time>
      </trkpt>
      <trkpt lat="8.603339" lon="-80.118071">
        <time>2026-08-19T22:18:30Z</time>
      </trkpt>
      <trkpt lat="8.603320" lon="-80.118080">
        <time>2026-08-19T22:18:31Z</time>
      </trkpt>
      <trkpt lat="8.603300" lon="-80.118087">
        <time>2026-08-19T22:18:32Z</time>
      </trkpt>
      <trkpt lat="8.603278" lon="-80.118094">
        <time>2026-08-19T22:18:33Z</time>
      </trkpt>
      <trkpt lat="8.603258" lon="-80.118103">
        <time>2026-08-19T22:18:34Z</time>
      </trkpt>
      <trkpt lat="8.603239" lon="-80.118108">
        <time>2026-08-19T22:18:35Z</time>
      </trkpt>
      <trkpt lat="8.603218" lon="-80.118112">
        <time>2026-08-19T22:18:36Z</time>
      </trkpt>
      <trkpt lat="8.603198" lon="-80.118117">
        <time>2026-08-19T22:18:37Z</time>
      </trkpt>
      <trkpt lat="8.603177" lon="-80.118125">
        <time>2026-08-19T22:18:38Z</time>
      </trkpt>
      <trkpt lat="8.603156" lon="-80.118134">
        <time>2026-08-19T22:18:39Z</time>
      </trkpt>
      <trkpt lat="8.603136" lon="-80.118140">
        <time>2026-08-19T22:18:40Z</time>
      </trkpt>
      <trkpt lat="8.603116" lon="-80.118144">
        <time>2026-08-19T22:18:41Z</time>
      </trkpt>
      <trkpt lat="8.603094" lon="-80.118151">
        <time>2026-08-19T22:18:42Z</time>
      </trkpt>
      <trkpt lat="8.603071" lon="-80.118158">
        <time>2026-08-19T22:18:43Z</time>
      </trkpt>
      <trkpt lat="8.603048" lon="-80.118165">
        <time>2026-08-19T22:18:44Z</time>
      </trkpt>
      <trkpt lat="8.603023" lon="-80.118171">
        <time>2026-08-19T22:18:45Z</time>
      </trkpt>
      <trkpt lat="8.602999" lon="-80.118176">
        <time>2026-08-19T22:18:46Z</time>
      </trkpt>
      <trkpt lat="8.602977" lon="-80.118183">
        <time>2026-08-19T22:18:47Z</time>
      </trkpt>
      <trkpt lat="8.602953" lon="-80.118187">
        <time>2026-08-19T22:18:48Z</time>
      </trkpt>
      <trkpt lat="8.602930" lon="-80.118193">
        <time>2026-08-19T22:18:49Z</time>
      </trkpt>
      <trkpt lat="8.602912" lon="-80.118200">
        <time>2026-08-19T22:18:50Z</time>
      </trkpt>
      <trkpt lat="8.602892" lon="-80.118208">
        <time>2026-08-19T22:18:51Z</time>
      </trkpt>
      <trkpt lat="8.602870" lon="-80.118212">
        <time>2026-08-19T22:18:52Z</time>
      </trkpt>
      <trkpt lat="8.602850" lon="-80.118219">
        <time>2026-08-19T22:18:53Z</time>
      </trkpt>
      <trkpt lat="8.602828" lon="-80.118227">
        <time>2026-08-19T22:18:54Z</time>
      </trkpt>
      <trkpt lat="8.602806" lon="-80.118229">
        <time>2026-08-19T22:18:55Z</time>
      </trkpt>
      <trkpt lat="8.602783" lon="-80.118233">
        <time>2026-08-19T22:18:56Z</time>
      </trkpt>
      <trkpt lat="8.602757" lon="-80.118240">
        <time>2026-08-19T22:18:57Z</time>
      </trkpt>
      <trkpt lat="8.602734" lon="-80.118247">
        <time>2026-08-19T22:18:58Z</time>
      </trkpt>
      <trkpt lat="8.602709" lon="-80.118255">
        <time>2026-08-19T22:18:59Z</time>
      </trkpt>
      <trkpt lat="8.602685" lon="-80.118263">
        <time>2026-08-19T22:19:00Z</time>
      </trkpt>
      <trkpt lat="8.602664" lon="-80.118268">
        <time>2026-08-19T22:19:01Z</time>
      </trkpt>
      <trkpt lat="8.602644" lon="-80.118274">
        <time>2026-08-19T22:19:02Z</time>
      </trkpt>
      <trkpt lat="8.602622" lon="-80.118282">
        <time>2026-08-19T22:19:03Z</time>
      </trkpt>
      <trkpt lat="8.602602" lon="-80.118288">
        <time>2026-08-19T22:19:04Z</time>
      </trkpt>
      <trkpt lat="8.602585" lon="-80.118293">
        <time>2026-08-19T22:19:05Z</time>
      </trkpt>
      <trkpt lat="8.602567" lon="-80.118301">
        <time>2026-08-19T22:19:06Z</time>
      </trkpt>
      <trkpt lat="8.602547" lon="-80.118306">
        <time>2026-08-19T22:19:07Z</time>
      </trkpt>
      <trkpt lat="8.602529" lon="-80.118311">
        <time>2026-08-19T22:19:08Z</time>
      </trkpt>
      <trkpt lat="8.602508" lon="-80.118320">
        <time>2026-08-19T22:19:09Z</time>
      </trkpt>
      <trkpt lat="8.602487" lon="-80.118327">
        <time>2026-08-19T22:19:10Z</time>
      </trkpt>
      <trkpt lat="8.602466" lon="-80.118332">
        <time>2026-08-19T22:19:11Z</time>
      </trkpt>
      <trkpt lat="8.602445" lon="-80.118339">
        <time>2026-08-19T22:19:12Z</time>
      </trkpt>
      <trkpt lat="8.602421" lon="-80.118341">
        <time>2026-08-19T22:19:13Z</time>
      </trkpt>
      <trkpt lat="8.602399" lon="-80.118348">
        <time>2026-08-19T22:19:14Z</time>
      </trkpt>
      <trkpt lat="8.602377" lon="-80.118354">
        <time>2026-08-19T22:19:15Z</time>
      </trkpt>
      <trkpt lat="8.602356" lon="-80.118360">
        <time>2026-08-19T22:19:16Z</time>
      </trkpt>
      <trkpt lat="8.602337" lon="-80.118366">
        <time>2026-08-19T22:19:17Z</time>
      </trkpt>
      <trkpt lat="8.602317" lon="-80.118371">
        <time>2026-08-19T22:19:18Z</time>
      </trkpt>
      <trkpt lat="8.602295" lon="-80.118375">
        <time>2026-08-19T22:19:19Z</time>
      </trkpt>
      <trkpt lat="8.602277" lon="-80.118381">
        <time>2026-08-19T22:19:20Z</time>
      </trkpt>
      <trkpt lat="8.602260" lon="-80.118387">
        <time>2026-08-19T22:19:21Z</time>
      </trkpt>
      <trkpt lat="8.602238" lon="-80.118392">
        <time>2026-08-19T22:19:22Z</time>
      </trkpt>
      <trkpt lat="8.602218" lon="-80.118396">
        <time>2026-08-19T22:19:23Z</time>
      </trkpt>
      <trkpt lat="8.602199" lon="-80.118405">
        <time>2026-08-19T22:19:24Z</time>
      </trkpt>
      <trkpt lat="8.602178" lon="-80.118412">
        <time>2026-08-19T22:19:25Z</time>
      </trkpt>
      <trkpt lat="8.602159" lon="-80.118418">
        <time>2026-08-19T22:19:26Z</time>
      </trkpt>
      <trkpt lat="8.602140" lon="-80.118420">
        <time>2026-08-19T22:19:27Z</time>
      </trkpt>
      <trkpt lat="8.602119" lon="-80.118427">
        <time>2026-08-19T22:19:28Z</time>
      </trkpt>
      <trkpt lat="8.602097" lon="-80.118430">
        <time>2026-08-19T22:19:29Z</time>
      </trkpt>
      <trkpt lat="8.602077" lon="-80.118436">
        <time>2026-08-19T22:19:30Z</time>
      </trkpt>
      <trkpt lat="8.602059" lon="-80.118441">
        <time>2026-08-19T22:19:31Z</time>
      </trkpt>
      <trkpt lat="8.602038" lon="-80.118445">
        <time>2026-08-19T22:19:32Z</time>
      </trkpt>
      <trkpt lat="8.602018" lon="-80.118450">
        <time>2026-08-19T22:19:33Z</time>
      </trkpt>
      <trkpt lat="8.601997" lon="-80.118454">
        <time>2026-08-19T22:19:34Z</time>
      </trkpt>
      <trkpt lat="8.601976" lon="-80.118458">
        <time>2026-08-19T22:19:35Z</time>
      </trkpt>
      <trkpt lat="8.601958" lon="-80.118467">
        <time>2026-08-19T22:19:36Z</time>
      </trkpt>
      <trkpt lat="8.601941" lon="-80.118477">
        <time>2026-08-19T22:19:37Z</time>
      </trkpt>
      <trkpt lat="8.601922" lon="-80.118485">
        <time>2026-08-19T22:19:38Z</time>
      </trkpt>
      <trkpt lat="8.601900" lon="-80.118486">
        <time>2026-08-19T22:19:39Z</time>
      </trkpt>
      <trkpt lat="8.601879" lon="-80.118490">
        <time>2026-08-19T22:19:40Z</time>
      </trkpt>
      <trkpt lat="8.601859" lon="-80.118499">
        <time>2026-08-19T22:19:41Z</time>
      </trkpt>
      <trkpt lat="8.601838" lon="-80.118504">
        <time>2026-08-19T22:19:42Z</time>
      </trkpt>
      <trkpt lat="8.601815" lon="-80.118511">
        <time>2026-08-19T22:19:43Z</time>
      </trkpt>
      <trkpt lat="8.601792" lon="-80.118519">
        <time>2026-08-19T22:19:44Z</time>
      </trkpt>
      <trkpt lat="8.601771" lon="-80.118523">
        <time>2026-08-19T22:19:45Z</time>
      </trkpt>
      <trkpt lat="8.601751" lon="-80.118528">
        <time>2026-08-19T22:19:46Z</time>
      </trkpt>
      <trkpt lat="8.601731" lon="-80.118537">
        <time>2026-08-19T22:19:47Z</time>
      </trkpt>
      <trkpt lat="8.601710" lon="-80.118539">
        <time>2026-08-19T22:19:48Z</time>
      </trkpt>
      <trkpt lat="8.601691" lon="-80.118545">
        <time>2026-08-19T22:19:49Z</time>
      </trkpt>
      <trkpt lat="8.601669" lon="-80.118552">
        <time>2026-08-19T22:19:50Z</time>
      </trkpt>
      <trkpt lat="8.601648" lon="-80.118558">
        <time>2026-08-19T22:19:51Z</time>
      </trkpt>
      <trkpt lat="8.601631" lon="-80.118564">
        <time>2026-08-19T22:19:52Z</time>
      </trkpt>
      <trkpt lat="8.601611" lon="-80.118571">
        <time>2026-08-19T22:19:53Z</time>
      </trkpt>
      <trkpt lat="8.601591" lon="-80.118575">
        <time>2026-08-19T22:19:54Z</time>
      </trkpt>
      <trkpt lat="8.601571" lon="-80.118582">
        <time>2026-08-19T22:19:55Z</time>
      </trkpt>
      <trkpt lat="8.601551" lon="-80.118589">
        <time>2026-08-19T22:19:56Z</time>
      </trkpt>
      <trkpt lat="8.601529" lon="-80.118594">
        <time>2026-08-19T22:19:57Z</time>
      </trkpt>
      <trkpt lat="8.601508" lon="-80.118599">
        <time>2026-08-19T22:19:58Z</time>
      </trkpt>
      <trkpt lat="8.601485" lon="-80.118603">
        <time>2026-08-19T22:19:59Z</time>
      </trkpt>
      <trkpt lat="8.601465" lon="-80.118608">
        <time>2026-08-19T22:20:00Z</time>
      </trkpt>
      <trkpt lat="8.601447" lon="-80.118614">
        <time>2026-08-19T22:20:01Z</time>
      </trkpt>
      <trkpt lat="8.601428" lon="-80.118620">
        <time>2026-08-19T22:20:02Z</time>
      </trkpt>
      <trkpt lat="8.601408" lon="-80.118625">
        <time>2026-08-19T22:20:03Z</time>
      </trkpt>
      <trkpt lat="8.601391" lon="-80.118631">
        <time>2026-08-19T22:20:04Z</time>
      </trkpt>
      <trkpt lat="8.601373" lon="-80.118635">
        <time>2026-08-19T22:20:05Z</time>
      </trkpt>
      <trkpt lat="8.601352" lon="-80.118641">
        <time>2026-08-19T22:20:06Z</time>
      </trkpt>
      <trkpt lat="8.601330" lon="-80.118645">
        <time>2026-08-19T22:20:07Z</time>
      </trkpt>
      <trkpt lat="8.601307" lon="-80.118649">
        <time>2026-08-19T22:20:08Z</time>
      </trkpt>
      <trkpt lat="8.601289" lon="-80.118656">
        <time>2026-08-19T22:20:09Z</time>
      </trkpt>
      <trkpt lat="8.601269" lon="-80.118662">
        <time>2026-08-19T22:20:10Z</time>
      </trkpt>
      <trkpt lat="8.601249" lon="-80.118666">
        <time>2026-08-19T22:20:11Z</time>
      </trkpt>
      <trkpt lat="8.601230" lon="-80.118673">
        <time>2026-08-19T22:20:12Z</time>
      </trkpt>
      <trkpt lat="8.601211" lon="-80.118677">
        <time>2026-08-19T22:20:13Z</time>
      </trkpt>
      <trkpt lat="8.601190" lon="-80.118683">
        <time>2026-08-19T22:20:14Z</time>
      </trkpt>
      <trkpt lat="8.601169" lon="-80.118688">
        <time>2026-08-19T22:20:15Z</time>
      </trkpt>
      <trkpt lat="8.601148" lon="-80.118696">
        <time>2026-08-19T22:20:16Z</time>
      </trkpt>
      <trkpt lat="8.601132" lon="-80.118704">
        <time>2026-08-19T22:20:17Z</time>
      </trkpt>
      <trkpt lat="8.601113" lon="-80.118707">
        <time>2026-08-19T22:20:18Z</time>
      </trkpt>
      <trkpt lat="8.601091" lon="-80.118714">
        <time>2026-08-19T22:20:19Z</time>
      </trkpt>
      <trkpt lat="8.601071" lon="-80.118721">
        <time>2026-08-19T22:20:20Z</time>
      </trkpt>
      <trkpt lat="8.601055" lon="-80.118725">
        <time>2026-08-19T22:20:21Z</time>
      </trkpt>
      <trkpt lat="8.601036" lon="-80.118731">
        <time>2026-08-19T22:20:22Z</time>
      </trkpt>
      <trkpt lat="8.601016" lon="-80.118733">
        <time>2026-08-19T22:20:23Z</time>
      </trkpt>
      <trkpt lat="8.600995" lon="-80.118738">
        <time>2026-08-19T22:20:24Z</time>
      </trkpt>
      <trkpt lat="8.600973" lon="-80.118744">
        <time>2026-08-19T22:20:25Z</time>
      </trkpt>
      <trkpt lat="8.600949" lon="-80.118747">
        <time>2026-08-19T22:20:26Z</time>
      </trkpt>
      <trkpt lat="8.600928" lon="-80.118752">
        <time>2026-08-19T22:20:27Z</time>
      </trkpt>
      <trkpt lat="8.600906" lon="-80.118760">
        <time>2026-08-19T22:20:28Z</time>
      </trkpt>
      <trkpt lat="8.600886" lon="-80.118766">
        <time>2026-08-19T22:20:29Z</time>
      </trkpt>
      <trkpt lat="8.600868" lon="-80.118772">
        <time>2026-08-19T22:20:30Z</time>
      </trkpt>
      <trkpt lat="8.600849" lon="-80.118778">
        <time>2026-08-19T22:20:31Z</time>
      </trkpt>
      <trkpt lat="8.600831" lon="-80.118784">
        <time>2026-08-19T22:20:32Z</time>
      </trkpt>
      <trkpt lat="8.600811" lon="-80.118789">
        <time>2026-08-19T22:20:33Z</time>
      </trkpt>
      <trkpt lat="8.600790" lon="-80.118795">
        <time>2026-08-19T22:20:34Z</time>
      </trkpt>
      <trkpt lat="8.600768" lon="-80.118803">
        <time>2026-08-19T22:20:35Z</time>
      </trkpt>
      <trkpt lat="8.600749" lon="-80.118808">
        <time>2026-08-19T22:20:36Z</time>
      </trkpt>
      <trkpt lat="8.600729" lon="-80.118816">
        <time>2026-08-19T22:20:37Z</time>
      </trkpt>
      <trkpt lat="8.600707" lon="-80.118823">
        <time>2026-08-19T22:20:38Z</time>
      </trkpt>
      <trkpt lat="8.600686" lon="-80.118829">
        <time>2026-08-19T22:20:39Z</time>
      </trkpt>
      <trkpt lat="8.600668" lon="-80.118835">
        <time>2026-08-19T22:20:40Z</time>
      </trkpt>
      <trkpt lat="8.600650" lon="-80.118843">
        <time>2026-08-19T22:20:41Z</time>
      </trkpt>
      <trkpt lat="8.600630" lon="-80.118850">
        <time>2026-08-19T22:20:42Z</time>
      </trkpt>
      <trkpt lat="8.600612" lon="-80.118856">
        <time>2026-08-19T22:20:43Z</time>
      </trkpt>
      <trkpt lat="8.600591" lon="-80.118863">
        <time>2026-08-19T22:20:44Z</time>
      </trkpt>
      <trkpt lat="8.600575" lon="-80.118876">
        <time>2026-08-19T22:20:45Z</time>
      </trkpt>
      <trkpt lat="8.600558" lon="-80.118889">
        <time>2026-08-19T22:20:46Z</time>
      </trkpt>
      <trkpt lat="8.600544" lon="-80.118902">
        <time>2026-08-19T22:20:47Z</time>
      </trkpt>
      <trkpt lat="8.600532" lon="-80.118911">
        <time>2026-08-19T22:20:48Z</time>
      </trkpt>
      <trkpt lat="8.600522" lon="-80.118921">
        <time>2026-08-19T22:20:49Z</time>
      </trkpt>
      <trkpt lat="8.600511" lon="-80.118930">
        <time>2026-08-19T22:20:50Z</time>
      </trkpt>
      <trkpt lat="8.600491" lon="-80.118938">
        <time>2026-08-19T22:20:51Z</time>
      </trkpt>
      <trkpt lat="8.600491" lon="-80.118938">
        <time>2026-08-19T22:20:52Z</time>
      </trkpt>
      <trkpt lat="8.600471" lon="-80.118938">
        <time>2026-08-19T22:20:53Z</time>
      </trkpt>
      <trkpt lat="8.600459" lon="-80.118941">
        <time>2026-08-19T22:20:54Z</time>
      </trkpt>
      <trkpt lat="8.600446" lon="-80.118947">
        <time>2026-08-19T22:20:55Z</time>
      </trkpt>
      <trkpt lat="8.600430" lon="-80.118953">
        <time>2026-08-19T22:20:56Z</time>
      </trkpt>
      <trkpt lat="8.600422" lon="-80.118958">
        <time>2026-08-19T22:20:57Z</time>
      </trkpt>
      <trkpt lat="8.600410" lon="-80.118962">
        <time>2026-08-19T22:20:58Z</time>
      </trkpt>
      <trkpt lat="8.600399" lon="-80.118972">
        <time>2026-08-19T22:20:59Z</time>
      </trkpt>
      <trkpt lat="8.600399" lon="-80.118972">
        <time>2026-08-19T22:21:00Z</time>
      </trkpt>
      <trkpt lat="8.600395" lon="-80.118986">
        <time>2026-08-19T22:21:01Z</time>
      </trkpt>
      <trkpt lat="8.600402" lon="-80.119005">
        <time>2026-08-19T22:21:02Z</time>
      </trkpt>
      <trkpt lat="8.600422" lon="-80.119035">
        <time>2026-08-19T22:21:03Z</time>
      </trkpt>
      <trkpt lat="8.600422" lon="-80.119035">
        <time>2026-08-19T22:21:04Z</time>
      </trkpt>
      <trkpt lat="8.600422" lon="-80.119046">
        <time>2026-08-19T22:21:05Z</time>
      </trkpt>
      <trkpt lat="8.600425" lon="-80.119059">
        <time>2026-08-19T22:21:06Z</time>
      </trkpt>
      <trkpt lat="8.600435" lon="-80.119071">
        <time>2026-08-19T22:21:07Z</time>
      </trkpt>
      <trkpt lat="8.600444" lon="-80.119086">
        <time>2026-08-19T22:21:08Z</time>
      </trkpt>
      <trkpt lat="8.600453" lon="-80.119104">
        <time>2026-08-19T22:21:09Z</time>
      </trkpt>
      <trkpt lat="8.600456" lon="-80.119123">
        <time>2026-08-19T22:21:10Z</time>
      </trkpt>
      <trkpt lat="8.600462" lon="-80.119141">
        <time>2026-08-19T22:21:11Z</time>
      </trkpt>
      <trkpt lat="8.600468" lon="-80.119161">
        <time>2026-08-19T22:21:12Z</time>
      </trkpt>
      <trkpt lat="8.600473" lon="-80.119178">
        <time>2026-08-19T22:21:13Z</time>
      </trkpt>
      <trkpt lat="8.600478" lon="-80.119196">
        <time>2026-08-19T22:21:14Z</time>
      </trkpt>
      <trkpt lat="8.600484" lon="-80.119215">
        <time>2026-08-19T22:21:15Z</time>
      </trkpt>
      <trkpt lat="8.600492" lon="-80.119233">
        <time>2026-08-19T22:21:16Z</time>
      </trkpt>
      <trkpt lat="8.600503" lon="-80.119257">
        <time>2026-08-19T22:21:17Z</time>
      </trkpt>
      <trkpt lat="8.600511" lon="-80.119278">
        <time>2026-08-19T22:21:18Z</time>
      </trkpt>
      <trkpt lat="8.600522" lon="-80.119300">
        <time>2026-08-19T22:21:19Z</time>
      </trkpt>
      <trkpt lat="8.600532" lon="-80.119314">
        <time>2026-08-19T22:21:20Z</time>
      </trkpt>
      <trkpt lat="8.600542" lon="-80.119331">
        <time>2026-08-19T22:21:21Z</time>
      </trkpt>
      <trkpt lat="8.600558" lon="-80.119352">
        <time>2026-08-19T22:21:22Z</time>
      </trkpt>
      <trkpt lat="8.600584" lon="-80.119390">
        <time>2026-08-19T22:21:23Z</time>
      </trkpt>
      <trkpt lat="8.600584" lon="-80.119390">
        <time>2026-08-19T22:21:24Z</time>
      </trkpt>
      <trkpt lat="8.600600" lon="-80.119410">
        <time>2026-08-19T22:21:25Z</time>
      </trkpt>
      <trkpt lat="8.600618" lon="-80.119427">
        <time>2026-08-19T22:21:26Z</time>
      </trkpt>
      <trkpt lat="8.600636" lon="-80.119442">
        <time>2026-08-19T22:21:27Z</time>
      </trkpt>
      <trkpt lat="8.600652" lon="-80.119458">
        <time>2026-08-19T22:21:28Z</time>
      </trkpt>
      <trkpt lat="8.600670" lon="-80.119477">
        <time>2026-08-19T22:21:29Z</time>
      </trkpt>
      <trkpt lat="8.600687" lon="-80.119497">
        <time>2026-08-19T22:21:30Z</time>
      </trkpt>
      <trkpt lat="8.600700" lon="-80.119512">
        <time>2026-08-19T22:21:31Z</time>
      </trkpt>
      <trkpt lat="8.600714" lon="-80.119528">
        <time>2026-08-19T22:21:32Z</time>
      </trkpt>
      <trkpt lat="8.600730" lon="-80.119543">
        <time>2026-08-19T22:21:33Z</time>
      </trkpt>
      <trkpt lat="8.600745" lon="-80.119561">
        <time>2026-08-19T22:21:34Z</time>
      </trkpt>
      <trkpt lat="8.600758" lon="-80.119575">
        <time>2026-08-19T22:21:35Z</time>
      </trkpt>
      <trkpt lat="8.600774" lon="-80.119591">
        <time>2026-08-19T22:21:36Z</time>
      </trkpt>
      <trkpt lat="8.600790" lon="-80.119601">
        <time>2026-08-19T22:21:37Z</time>
      </trkpt>
      <trkpt lat="8.600803" lon="-80.119612">
        <time>2026-08-19T22:21:38Z</time>
      </trkpt>
      <trkpt lat="8.600817" lon="-80.119626">
        <time>2026-08-19T22:21:39Z</time>
      </trkpt>
      <trkpt lat="8.600830" lon="-80.119640">
        <time>2026-08-19T22:21:40Z</time>
      </trkpt>
      <trkpt lat="8.600846" lon="-80.119655">
        <time>2026-08-19T22:21:41Z</time>
      </trkpt>
      <trkpt lat="8.600862" lon="-80.119669">
        <time>2026-08-19T22:21:42Z</time>
      </trkpt>
      <trkpt lat="8.600874" lon="-80.119684">
        <time>2026-08-19T22:21:43Z</time>
      </trkpt>
      <trkpt lat="8.600887" lon="-80.119699">
        <time>2026-08-19T22:21:44Z</time>
      </trkpt>
      <trkpt lat="8.600901" lon="-80.119714">
        <time>2026-08-19T22:21:45Z</time>
      </trkpt>
      <trkpt lat="8.600915" lon="-80.119731">
        <time>2026-08-19T22:21:46Z</time>
      </trkpt>
      <trkpt lat="8.600925" lon="-80.119747">
        <time>2026-08-19T22:21:47Z</time>
      </trkpt>
      <trkpt lat="8.600940" lon="-80.119763">
        <time>2026-08-19T22:21:48Z</time>
      </trkpt>
      <trkpt lat="8.600953" lon="-80.119781">
        <time>2026-08-19T22:21:49Z</time>
      </trkpt>
      <trkpt lat="8.600964" lon="-80.119799">
        <time>2026-08-19T22:21:50Z</time>
      </trkpt>
      <trkpt lat="8.600980" lon="-80.119816">
        <time>2026-08-19T22:21:51Z</time>
      </trkpt>
      <trkpt lat="8.600994" lon="-80.119832">
        <time>2026-08-19T22:21:52Z</time>
      </trkpt>
      <trkpt lat="8.601003" lon="-80.119849">
        <time>2026-08-19T22:21:53Z</time>
      </trkpt>
      <trkpt lat="8.601013" lon="-80.119865">
        <time>2026-08-19T22:21:54Z</time>
      </trkpt>
      <trkpt lat="8.601026" lon="-80.119879">
        <time>2026-08-19T22:21:55Z</time>
      </trkpt>
      <trkpt lat="8.601041" lon="-80.119893">
        <time>2026-08-19T22:21:56Z</time>
      </trkpt>
      <trkpt lat="8.601059" lon="-80.119909">
        <time>2026-08-19T22:21:57Z</time>
      </trkpt>
      <trkpt lat="8.601079" lon="-80.119922">
        <time>2026-08-19T22:21:58Z</time>
      </trkpt>
      <trkpt lat="8.601096" lon="-80.119935">
        <time>2026-08-19T22:21:59Z</time>
      </trkpt>
      <trkpt lat="8.601109" lon="-80.119945">
        <time>2026-08-19T22:22:00Z</time>
      </trkpt>
      <trkpt lat="8.601120" lon="-80.119960">
        <time>2026-08-19T22:22:01Z</time>
      </trkpt>
      <trkpt lat="8.601129" lon="-80.119972">
        <time>2026-08-19T22:22:02Z</time>
      </trkpt>
      <trkpt lat="8.601141" lon="-80.119989">
        <time>2026-08-19T22:22:03Z</time>
      </trkpt>
      <trkpt lat="8.601151" lon="-80.120003">
        <time>2026-08-19T22:22:04Z</time>
      </trkpt>
      <trkpt lat="8.601163" lon="-80.120018">
        <time>2026-08-19T22:22:05Z</time>
      </trkpt>
      <trkpt lat="8.601175" lon="-80.120034">
        <time>2026-08-19T22:22:06Z</time>
      </trkpt>
      <trkpt lat="8.601186" lon="-80.120051">
        <time>2026-08-19T22:22:07Z</time>
      </trkpt>
      <trkpt lat="8.601203" lon="-80.120071">
        <time>2026-08-19T22:22:08Z</time>
      </trkpt>
      <trkpt lat="8.601218" lon="-80.120090">
        <time>2026-08-19T22:22:09Z</time>
      </trkpt>
      <trkpt lat="8.601233" lon="-80.120108">
        <time>2026-08-19T22:22:10Z</time>
      </trkpt>
      <trkpt lat="8.601247" lon="-80.120124">
        <time>2026-08-19T22:22:11Z</time>
      </trkpt>
      <trkpt lat="8.601260" lon="-80.120141">
        <time>2026-08-19T22:22:12Z</time>
      </trkpt>
      <trkpt lat="8.601271" lon="-80.120158">
        <time>2026-08-19T22:22:13Z</time>
      </trkpt>
      <trkpt lat="8.601286" lon="-80.120175">
        <time>2026-08-19T22:22:14Z</time>
      </trkpt>
      <trkpt lat="8.601300" lon="-80.120194">
        <time>2026-08-19T22:22:15Z</time>
      </trkpt>
      <trkpt lat="8.601313" lon="-80.120211">
        <time>2026-08-19T22:22:16Z</time>
      </trkpt>
      <trkpt lat="8.601328" lon="-80.120227">
        <time>2026-08-19T22:22:17Z</time>
      </trkpt>
      <trkpt lat="8.601344" lon="-80.120245">
        <time>2026-08-19T22:22:18Z</time>
      </trkpt>
      <trkpt lat="8.601355" lon="-80.120259">
        <time>2026-08-19T22:22:19Z</time>
      </trkpt>
      <trkpt lat="8.601369" lon="-80.120273">
        <time>2026-08-19T22:22:20Z</time>
      </trkpt>
      <trkpt lat="8.601383" lon="-80.120287">
        <time>2026-08-19T22:22:21Z</time>
      </trkpt>
      <trkpt lat="8.601396" lon="-80.120300">
        <time>2026-08-19T22:22:22Z</time>
      </trkpt>
      <trkpt lat="8.601409" lon="-80.120315">
        <time>2026-08-19T22:22:23Z</time>
      </trkpt>
      <trkpt lat="8.601426" lon="-80.120332">
        <time>2026-08-19T22:22:24Z</time>
      </trkpt>
      <trkpt lat="8.601439" lon="-80.120349">
        <time>2026-08-19T22:22:25Z</time>
      </trkpt>
      <trkpt lat="8.601453" lon="-80.120366">
        <time>2026-08-19T22:22:26Z</time>
      </trkpt>
      <trkpt lat="8.601468" lon="-80.120383">
        <time>2026-08-19T22:22:27Z</time>
      </trkpt>
      <trkpt lat="8.601481" lon="-80.120398">
        <time>2026-08-19T22:22:28Z</time>
      </trkpt>
      <trkpt lat="8.601494" lon="-80.120412">
        <time>2026-08-19T22:22:29Z</time>
      </trkpt>
      <trkpt lat="8.601511" lon="-80.120428">
        <time>2026-08-19T22:22:30Z</time>
      </trkpt>
      <trkpt lat="8.601526" lon="-80.120442">
        <time>2026-08-19T22:22:31Z</time>
      </trkpt>
      <trkpt lat="8.601539" lon="-80.120458">
        <time>2026-08-19T22:22:32Z</time>
      </trkpt>
      <trkpt lat="8.601553" lon="-80.120474">
        <time>2026-08-19T22:22:33Z</time>
      </trkpt>
      <trkpt lat="8.601567" lon="-80.120488">
        <time>2026-08-19T22:22:34Z</time>
      </trkpt>
      <trkpt lat="8.601579" lon="-80.120502">
        <time>2026-08-19T22:22:35Z</time>
      </trkpt>
      <trkpt lat="8.601597" lon="-80.120520">
        <time>2026-08-19T22:22:36Z</time>
      </trkpt>
      <trkpt lat="8.601619" lon="-80.120532">
        <time>2026-08-19T22:22:37Z</time>
      </trkpt>
      <trkpt lat="8.601635" lon="-80.120545">
        <time>2026-08-19T22:22:38Z</time>
      </trkpt>
      <trkpt lat="8.601647" lon="-80.120559">
        <time>2026-08-19T22:22:39Z</time>
      </trkpt>
      <trkpt lat="8.601660" lon="-80.120576">
        <time>2026-08-19T22:22:40Z</time>
      </trkpt>
      <trkpt lat="8.601674" lon="-80.120591">
        <time>2026-08-19T22:22:41Z</time>
      </trkpt>
      <trkpt lat="8.601686" lon="-80.120605">
        <time>2026-08-19T22:22:42Z</time>
      </trkpt>
      <trkpt lat="8.601700" lon="-80.120621">
        <time>2026-08-19T22:22:43Z</time>
      </trkpt>
      <trkpt lat="8.601714" lon="-80.120637">
        <time>2026-08-19T22:22:44Z</time>
      </trkpt>
      <trkpt lat="8.601729" lon="-80.120653">
        <time>2026-08-19T22:22:45Z</time>
      </trkpt>
      <trkpt lat="8.601741" lon="-80.120667">
        <time>2026-08-19T22:22:46Z</time>
      </trkpt>
      <trkpt lat="8.601754" lon="-80.120682">
        <time>2026-08-19T22:22:47Z</time>
      </trkpt>
      <trkpt lat="8.601760" lon="-80.120699">
        <time>2026-08-19T22:22:48Z</time>
      </trkpt>
      <trkpt lat="8.601770" lon="-80.120715">
        <time>2026-08-19T22:22:49Z</time>
      </trkpt>
      <trkpt lat="8.601782" lon="-80.120730">
        <time>2026-08-19T22:22:50Z</time>
      </trkpt>
      <trkpt lat="8.601793" lon="-80.120746">
        <time>2026-08-19T22:22:51Z</time>
      </trkpt>
      <trkpt lat="8.601806" lon="-80.120761">
        <time>2026-08-19T22:22:52Z</time>
      </trkpt>
      <trkpt lat="8.601819" lon="-80.120777">
        <time>2026-08-19T22:22:53Z</time>
      </trkpt>
      <trkpt lat="8.601831" lon="-80.120789">
        <time>2026-08-19T22:22:54Z</time>
      </trkpt>
      <trkpt lat="8.601845" lon="-80.120804">
        <time>2026-08-19T22:22:55Z</time>
      </trkpt>
      <trkpt lat="8.601862" lon="-80.120820">
        <time>2026-08-19T22:22:56Z</time>
      </trkpt>
      <trkpt lat="8.601876" lon="-80.120835">
        <time>2026-08-19T22:22:57Z</time>
      </trkpt>
      <trkpt lat="8.601889" lon="-80.120849">
        <time>2026-08-19T22:22:58Z</time>
      </trkpt>
      <trkpt lat="8.601905" lon="-80.120864">
        <time>2026-08-19T22:22:59Z</time>
      </trkpt>
      <trkpt lat="8.601920" lon="-80.120877">
        <time>2026-08-19T22:23:00Z</time>
      </trkpt>
      <trkpt lat="8.601933" lon="-80.120891">
        <time>2026-08-19T22:23:01Z</time>
      </trkpt>
      <trkpt lat="8.601948" lon="-80.120907">
        <time>2026-08-19T22:23:02Z</time>
      </trkpt>
      <trkpt lat="8.601965" lon="-80.120920">
        <time>2026-08-19T22:23:03Z</time>
      </trkpt>
      <trkpt lat="8.601980" lon="-80.120933">
        <time>2026-08-19T22:23:04Z</time>
      </trkpt>
      <trkpt lat="8.601995" lon="-80.120946">
        <time>2026-08-19T22:23:05Z</time>
      </trkpt>
      <trkpt lat="8.602012" lon="-80.120963">
        <time>2026-08-19T22:23:06Z</time>
      </trkpt>
      <trkpt lat="8.602027" lon="-80.120975">
        <time>2026-08-19T22:23:07Z</time>
      </trkpt>
      <trkpt lat="8.602041" lon="-80.120986">
        <time>2026-08-19T22:23:08Z</time>
      </trkpt>
      <trkpt lat="8.602056" lon="-80.121001">
        <time>2026-08-19T22:23:09Z</time>
      </trkpt>
      <trkpt lat="8.602077" lon="-80.121021">
        <time>2026-08-19T22:23:10Z</time>
      </trkpt>
      <trkpt lat="8.602089" lon="-80.121035">
        <time>2026-08-19T22:23:11Z</time>
      </trkpt>
      <trkpt lat="8.602101" lon="-80.121047">
        <time>2026-08-19T22:23:12Z</time>
      </trkpt>
      <trkpt lat="8.602114" lon="-80.121063">
        <time>2026-08-19T22:23:13Z</time>
      </trkpt>
      <trkpt lat="8.602124" lon="-80.121077">
        <time>2026-08-19T22:23:14Z</time>
      </trkpt>
      <trkpt lat="8.602135" lon="-80.121091">
        <time>2026-08-19T22:23:15Z</time>
      </trkpt>
      <trkpt lat="8.602148" lon="-80.121104">
        <time>2026-08-19T22:23:16Z</time>
      </trkpt>
      <trkpt lat="8.602161" lon="-80.121120">
        <time>2026-08-19T22:23:17Z</time>
      </trkpt>
      <trkpt lat="8.602177" lon="-80.121139">
        <time>2026-08-19T22:23:18Z</time>
      </trkpt>
      <trkpt lat="8.602190" lon="-80.121155">
        <time>2026-08-19T22:23:19Z</time>
      </trkpt>
      <trkpt lat="8.602202" lon="-80.121170">
        <time>2026-08-19T22:23:20Z</time>
      </trkpt>
      <trkpt lat="8.602213" lon="-80.121184">
        <time>2026-08-19T22:23:21Z</time>
      </trkpt>
      <trkpt lat="8.602226" lon="-80.121199">
        <time>2026-08-19T22:23:22Z</time>
      </trkpt>
      <trkpt lat="8.602239" lon="-80.121217">
        <time>2026-08-19T22:23:23Z</time>
      </trkpt>
      <trkpt lat="8.602250" lon="-80.121233">
        <time>2026-08-19T22:23:24Z</time>
      </trkpt>
      <trkpt lat="8.602262" lon="-80.121249">
        <time>2026-08-19T22:23:25Z</time>
      </trkpt>
      <trkpt lat="8.602278" lon="-80.121266">
        <time>2026-08-19T22:23:26Z</time>
      </trkpt>
      <trkpt lat="8.602292" lon="-80.121282">
        <time>2026-08-19T22:23:27Z</time>
      </trkpt>
      <trkpt lat="8.602304" lon="-80.121295">
        <time>2026-08-19T22:23:28Z</time>
      </trkpt>
      <trkpt lat="8.602320" lon="-80.121311">
        <time>2026-08-19T22:23:29Z</time>
      </trkpt>
      <trkpt lat="8.602333" lon="-80.121326">
        <time>2026-08-19T22:23:30Z</time>
      </trkpt>
      <trkpt lat="8.602340" lon="-80.121338">
        <time>2026-08-19T22:23:31Z</time>
      </trkpt>
      <trkpt lat="8.602353" lon="-80.121353">
        <time>2026-08-19T22:23:32Z</time>
      </trkpt>
      <trkpt lat="8.602367" lon="-80.121368">
        <time>2026-08-19T22:23:33Z</time>
      </trkpt>
      <trkpt lat="8.602380" lon="-80.121384">
        <time>2026-08-19T22:23:34Z</time>
      </trkpt>
      <trkpt lat="8.602391" lon="-80.121398">
        <time>2026-08-19T22:23:35Z</time>
      </trkpt>
      <trkpt lat="8.602405" lon="-80.121414">
        <time>2026-08-19T22:23:36Z</time>
      </trkpt>
      <trkpt lat="8.602419" lon="-80.121428">
        <time>2026-08-19T22:23:37Z</time>
      </trkpt>
      <trkpt lat="8.602431" lon="-80.121442">
        <time>2026-08-19T22:23:38Z</time>
      </trkpt>
      <trkpt lat="8.602444" lon="-80.121458">
        <time>2026-08-19T22:23:39Z</time>
      </trkpt>
      <trkpt lat="8.602460" lon="-80.121475">
        <time>2026-08-19T22:23:40Z</time>
      </trkpt>
      <trkpt lat="8.602471" lon="-80.121490">
        <time>2026-08-19T22:23:41Z</time>
      </trkpt>
      <trkpt lat="8.602485" lon="-80.121506">
        <time>2026-08-19T22:23:42Z</time>
      </trkpt>
      <trkpt lat="8.602501" lon="-80.121521">
        <time>2026-08-19T22:23:43Z</time>
      </trkpt>
      <trkpt lat="8.602512" lon="-80.121536">
        <time>2026-08-19T22:23:44Z</time>
      </trkpt>
      <trkpt lat="8.602526" lon="-80.121552">
        <time>2026-08-19T22:23:45Z</time>
      </trkpt>
      <trkpt lat="8.602542" lon="-80.121568">
        <time>2026-08-19T22:23:46Z</time>
      </trkpt>
      <trkpt lat="8.602556" lon="-80.121584">
        <time>2026-08-19T22:23:47Z</time>
      </trkpt>
      <trkpt lat="8.602569" lon="-80.121600">
        <time>2026-08-19T22:23:48Z</time>
      </trkpt>
      <trkpt lat="8.602581" lon="-80.121615">
        <time>2026-08-19T22:23:49Z</time>
      </trkpt>
      <trkpt lat="8.602593" lon="-80.121628">
        <time>2026-08-19T22:23:50Z</time>
      </trkpt>
      <trkpt lat="8.602606" lon="-80.121641">
        <time>2026-08-19T22:23:51Z</time>
      </trkpt>
      <trkpt lat="8.602619" lon="-80.121656">
        <time>2026-08-19T22:23:52Z</time>
      </trkpt>
      <trkpt lat="8.602633" lon="-80.121670">
        <time>2026-08-19T22:23:53Z</time>
      </trkpt>
      <trkpt lat="8.602645" lon="-80.121685">
        <time>2026-08-19T22:23:54Z</time>
      </trkpt>
      <trkpt lat="8.602657" lon="-80.121698">
        <time>2026-08-19T22:23:55Z</time>
      </trkpt>
      <trkpt lat="8.602673" lon="-80.121715">
        <time>2026-08-19T22:23:56Z</time>
      </trkpt>
      <trkpt lat="8.602688" lon="-80.121734">
        <time>2026-08-19T22:23:57Z</time>
      </trkpt>
      <trkpt lat="8.602699" lon="-80.121748">
        <time>2026-08-19T22:23:58Z</time>
      </trkpt>
      <trkpt lat="8.602713" lon="-80.121763">
        <time>2026-08-19T22:23:59Z</time>
      </trkpt>
      <trkpt lat="8.602727" lon="-80.121778">
        <time>2026-08-19T22:24:00Z</time>
      </trkpt>
      <trkpt lat="8.602741" lon="-80.121794">
        <time>2026-08-19T22:24:01Z</time>
      </trkpt>
      <trkpt lat="8.602754" lon="-80.121806">
        <time>2026-08-19T22:24:02Z</time>
      </trkpt>
      <trkpt lat="8.602769" lon="-80.121820">
        <time>2026-08-19T22:24:03Z</time>
      </trkpt>
      <trkpt lat="8.602783" lon="-80.121835">
        <time>2026-08-19T22:24:04Z</time>
      </trkpt>
      <trkpt lat="8.602795" lon="-80.121850">
        <time>2026-08-19T22:24:05Z</time>
      </trkpt>
      <trkpt lat="8.602807" lon="-80.121867">
        <time>2026-08-19T22:24:06Z</time>
      </trkpt>
      <trkpt lat="8.602820" lon="-80.121880">
        <time>2026-08-19T22:24:07Z</time>
      </trkpt>
      <trkpt lat="8.602833" lon="-80.121894">
        <time>2026-08-19T22:24:08Z</time>
      </trkpt>
      <trkpt lat="8.602846" lon="-80.121908">
        <time>2026-08-19T22:24:09Z</time>
      </trkpt>
      <trkpt lat="8.602858" lon="-80.121923">
        <time>2026-08-19T22:24:10Z</time>
      </trkpt>
      <trkpt lat="8.602871" lon="-80.121938">
        <time>2026-08-19T22:24:11Z</time>
      </trkpt>
      <trkpt lat="8.602884" lon="-80.121950">
        <time>2026-08-19T22:24:12Z</time>
      </trkpt>
      <trkpt lat="8.602899" lon="-80.121962">
        <time>2026-08-19T22:24:13Z</time>
      </trkpt>
      <trkpt lat="8.602914" lon="-80.121975">
        <time>2026-08-19T22:24:14Z</time>
      </trkpt>
      <trkpt lat="8.602926" lon="-80.121987">
        <time>2026-08-19T22:24:15Z</time>
      </trkpt>
      <trkpt lat="8.602936" lon="-80.121998">
        <time>2026-08-19T22:24:16Z</time>
      </trkpt>
      <trkpt lat="8.602947" lon="-80.122011">
        <time>2026-08-19T22:24:17Z</time>
      </trkpt>
      <trkpt lat="8.602960" lon="-80.122026">
        <time>2026-08-19T22:24:18Z</time>
      </trkpt>
      <trkpt lat="8.602973" lon="-80.122042">
        <time>2026-08-19T22:24:19Z</time>
      </trkpt>
      <trkpt lat="8.602987" lon="-80.122058">
        <time>2026-08-19T22:24:20Z</time>
      </trkpt>
      <trkpt lat="8.603000" lon="-80.122074">
        <time>2026-08-19T22:24:21Z</time>
      </trkpt>
      <trkpt lat="8.603013" lon="-80.122090">
        <time>2026-08-19T22:24:22Z</time>
      </trkpt>
      <trkpt lat="8.603028" lon="-80.122107">
        <time>2026-08-19T22:24:23Z</time>
      </trkpt>
      <trkpt lat="8.603040" lon="-80.122122">
        <time>2026-08-19T22:24:24Z</time>
      </trkpt>
      <trkpt lat="8.603049" lon="-80.122135">
        <time>2026-08-19T22:24:25Z</time>
      </trkpt>
      <trkpt lat="8.603063" lon="-80.122152">
        <time>2026-08-19T22:24:26Z</time>
      </trkpt>
      <trkpt lat="8.603076" lon="-80.122166">
        <time>2026-08-19T22:24:27Z</time>
      </trkpt>
      <trkpt lat="8.603087" lon="-80.122181">
        <time>2026-08-19T22:24:28Z</time>
      </trkpt>
      <trkpt lat="8.603098" lon="-80.122197">
        <time>2026-08-19T22:24:29Z</time>
      </trkpt>
      <trkpt lat="8.603114" lon="-80.122214">
        <time>2026-08-19T22:24:30Z</time>
      </trkpt>
      <trkpt lat="8.603128" lon="-80.122230">
        <time>2026-08-19T22:24:31Z</time>
      </trkpt>
      <trkpt lat="8.603141" lon="-80.122245">
        <time>2026-08-19T22:24:32Z</time>
      </trkpt>
      <trkpt lat="8.603155" lon="-80.122258">
        <time>2026-08-19T22:24:33Z</time>
      </trkpt>
      <trkpt lat="8.603168" lon="-80.122273">
        <time>2026-08-19T22:24:34Z</time>
      </trkpt>
      <trkpt lat="8.603181" lon="-80.122286">
        <time>2026-08-19T22:24:35Z</time>
      </trkpt>
      <trkpt lat="8.603196" lon="-80.122297">
        <time>2026-08-19T22:24:36Z</time>
      </trkpt>
      <trkpt lat="8.603212" lon="-80.122316">
        <time>2026-08-19T22:24:37Z</time>
      </trkpt>
      <trkpt lat="8.603225" lon="-80.122332">
        <time>2026-08-19T22:24:38Z</time>
      </trkpt>
      <trkpt lat="8.603240" lon="-80.122346">
        <time>2026-08-19T22:24:39Z</time>
      </trkpt>
      <trkpt lat="8.603256" lon="-80.122360">
        <time>2026-08-19T22:24:40Z</time>
      </trkpt>
      <trkpt lat="8.603272" lon="-80.122375">
        <time>2026-08-19T22:24:41Z</time>
      </trkpt>
      <trkpt lat="8.603286" lon="-80.122390">
        <time>2026-08-19T22:24:42Z</time>
      </trkpt>
      <trkpt lat="8.603299" lon="-80.122404">
        <time>2026-08-19T22:24:43Z</time>
      </trkpt>
      <trkpt lat="8.603312" lon="-80.122419">
        <time>2026-08-19T22:24:44Z</time>
      </trkpt>
      <trkpt lat="8.603325" lon="-80.122433">
        <time>2026-08-19T22:24:45Z</time>
      </trkpt>
      <trkpt lat="8.603340" lon="-80.122448">
        <time>2026-08-19T22:24:46Z</time>
      </trkpt>
      <trkpt lat="8.603353" lon="-80.122463">
        <time>2026-08-19T22:24:47Z</time>
      </trkpt>
      <trkpt lat="8.603366" lon="-80.122477">
        <time>2026-08-19T22:24:48Z</time>
      </trkpt>
      <trkpt lat="8.603380" lon="-80.122490">
        <time>2026-08-19T22:24:49Z</time>
      </trkpt>
      <trkpt lat="8.603394" lon="-80.122505">
        <time>2026-08-19T22:24:50Z</time>
      </trkpt>
      <trkpt lat="8.603407" lon="-80.122522">
        <time>2026-08-19T22:24:51Z</time>
      </trkpt>
      <trkpt lat="8.603420" lon="-80.122540">
        <time>2026-08-19T22:24:52Z</time>
      </trkpt>
      <trkpt lat="8.603434" lon="-80.122555">
        <time>2026-08-19T22:24:53Z</time>
      </trkpt>
      <trkpt lat="8.603450" lon="-80.122570">
        <time>2026-08-19T22:24:54Z</time>
      </trkpt>
      <trkpt lat="8.603459" lon="-80.122586">
        <time>2026-08-19T22:24:55Z</time>
      </trkpt>
      <trkpt lat="8.603473" lon="-80.122601">
        <time>2026-08-19T22:24:56Z</time>
      </trkpt>
      <trkpt lat="8.603484" lon="-80.122617">
        <time>2026-08-19T22:24:57Z</time>
      </trkpt>
      <trkpt lat="8.603496" lon="-80.122630">
        <time>2026-08-19T22:24:58Z</time>
      </trkpt>
      <trkpt lat="8.603511" lon="-80.122646">
        <time>2026-08-19T22:24:59Z</time>
      </trkpt>
      <trkpt lat="8.603522" lon="-80.122661">
        <time>2026-08-19T22:25:00Z</time>
      </trkpt>
      <trkpt lat="8.603531" lon="-80.122676">
        <time>2026-08-19T22:25:01Z</time>
      </trkpt>
      <trkpt lat="8.603543" lon="-80.122692">
        <time>2026-08-19T22:25:02Z</time>
      </trkpt>
      <trkpt lat="8.603558" lon="-80.122710">
        <time>2026-08-19T22:25:03Z</time>
      </trkpt>
      <trkpt lat="8.603571" lon="-80.122725">
        <time>2026-08-19T22:25:04Z</time>
      </trkpt>
      <trkpt lat="8.603583" lon="-80.122740">
        <time>2026-08-19T22:25:05Z</time>
      </trkpt>
      <trkpt lat="8.603596" lon="-80.122755">
        <time>2026-08-19T22:25:06Z</time>
      </trkpt>
      <trkpt lat="8.603609" lon="-80.122769">
        <time>2026-08-19T22:25:07Z</time>
      </trkpt>
      <trkpt lat="8.603620" lon="-80.122784">
        <time>2026-08-19T22:25:08Z</time>
      </trkpt>
      <trkpt lat="8.603634" lon="-80.122795">
        <time>2026-08-19T22:25:09Z</time>
      </trkpt>
      <trkpt lat="8.603649" lon="-80.122811">
        <time>2026-08-19T22:25:10Z</time>
      </trkpt>
      <trkpt lat="8.603661" lon="-80.122828">
        <time>2026-08-19T22:25:11Z</time>
      </trkpt>
      <trkpt lat="8.603673" lon="-80.122842">
        <time>2026-08-19T22:25:12Z</time>
      </trkpt>
      <trkpt lat="8.603685" lon="-80.122857">
        <time>2026-08-19T22:25:13Z</time>
      </trkpt>
      <trkpt lat="8.603698" lon="-80.122870">
        <time>2026-08-19T22:25:14Z</time>
      </trkpt>
      <trkpt lat="8.603708" lon="-80.122883">
        <time>2026-08-19T22:25:15Z</time>
      </trkpt>
      <trkpt lat="8.603717" lon="-80.122894">
        <time>2026-08-19T22:25:16Z</time>
      </trkpt>
      <trkpt lat="8.603730" lon="-80.122901">
        <time>2026-08-19T22:25:17Z</time>
      </trkpt>
      <trkpt lat="8.603743" lon="-80.122908">
        <time>2026-08-19T22:25:18Z</time>
      </trkpt>
      <trkpt lat="8.603753" lon="-80.122920">
        <time>2026-08-19T22:25:19Z</time>
      </trkpt>
      <trkpt lat="8.603765" lon="-80.122931">
        <time>2026-08-19T22:25:20Z</time>
      </trkpt>
      <trkpt lat="8.603775" lon="-80.122941">
        <time>2026-08-19T22:25:21Z</time>
      </trkpt>
      <trkpt lat="8.603785" lon="-80.122953">
        <time>2026-08-19T22:25:22Z</time>
      </trkpt>
      <trkpt lat="8.603790" lon="-80.122964">
        <time>2026-08-19T22:25:23Z</time>
      </trkpt>
      <trkpt lat="8.603796" lon="-80.122973">
        <time>2026-08-19T22:25:24Z</time>
      </trkpt>
      <trkpt lat="8.603808" lon="-80.122985">
        <time>2026-08-19T22:25:25Z</time>
      </trkpt>
      <trkpt lat="8.603822" lon="-80.122991">
        <time>2026-08-19T22:25:26Z</time>
      </trkpt>
      <trkpt lat="8.603839" lon="-80.122996">
        <time>2026-08-19T22:25:27Z</time>
      </trkpt>
      <trkpt lat="8.603852" lon="-80.123000">
        <time>2026-08-19T22:25:28Z</time>
      </trkpt>
      <trkpt lat="8.603858" lon="-80.123004">
        <time>2026-08-19T22:25:29Z</time>
      </trkpt>
      <trkpt lat="8.603861" lon="-80.123010">
        <time>2026-08-19T22:25:30Z</time>
      </trkpt>
      <trkpt lat="8.603857" lon="-80.123017">
        <time>2026-08-19T22:25:31Z</time>
      </trkpt>
      <trkpt lat="8.603848" lon="-80.123020">
        <time>2026-08-19T22:25:32Z</time>
      </trkpt>
      <trkpt lat="8.603844" lon="-80.123031">
        <time>2026-08-19T22:25:33Z</time>
      </trkpt>
      <trkpt lat="8.603848" lon="-80.123046">
        <time>2026-08-19T22:25:34Z</time>
      </trkpt>
      <trkpt lat="8.603854" lon="-80.123064">
        <time>2026-08-19T22:25:35Z</time>
      </trkpt>
      <trkpt lat="8.603865" lon="-80.123079">
        <time>2026-08-19T22:25:36Z</time>
      </trkpt>
      <trkpt lat="8.603875" lon="-80.123095">
        <time>2026-08-19T22:25:37Z</time>
      </trkpt>
      <trkpt lat="8.603888" lon="-80.123112">
        <time>2026-08-19T22:25:38Z</time>
      </trkpt>
      <trkpt lat="8.603903" lon="-80.123129">
        <time>2026-08-19T22:25:39Z</time>
      </trkpt>
      <trkpt lat="8.603914" lon="-80.123147">
        <time>2026-08-19T22:25:40Z</time>
      </trkpt>
      <trkpt lat="8.603924" lon="-80.123165">
        <time>2026-08-19T22:25:41Z</time>
      </trkpt>
      <trkpt lat="8.603935" lon="-80.123184">
        <time>2026-08-19T22:25:42Z</time>
      </trkpt>
      <trkpt lat="8.603945" lon="-80.123205">
        <time>2026-08-19T22:25:43Z</time>
      </trkpt>
      <trkpt lat="8.603958" lon="-80.123227">
        <time>2026-08-19T22:25:44Z</time>
      </trkpt>
      <trkpt lat="8.603970" lon="-80.123249">
        <time>2026-08-19T22:25:45Z</time>
      </trkpt>
      <trkpt lat="8.603980" lon="-80.123265">
        <time>2026-08-19T22:25:46Z</time>
      </trkpt>
      <trkpt lat="8.603993" lon="-80.123281">
        <time>2026-08-19T22:25:47Z</time>
      </trkpt>
      <trkpt lat="8.604004" lon="-80.123298">
        <time>2026-08-19T22:25:48Z</time>
      </trkpt>
      <trkpt lat="8.604015" lon="-80.123316">
        <time>2026-08-19T22:25:49Z</time>
      </trkpt>
      <trkpt lat="8.604027" lon="-80.123333">
        <time>2026-08-19T22:25:50Z</time>
      </trkpt>
      <trkpt lat="8.604038" lon="-80.123353">
        <time>2026-08-19T22:25:51Z</time>
      </trkpt>
      <trkpt lat="8.604048" lon="-80.123370">
        <time>2026-08-19T22:25:52Z</time>
      </trkpt>
      <trkpt lat="8.604058" lon="-80.123388">
        <time>2026-08-19T22:25:53Z</time>
      </trkpt>
      <trkpt lat="8.604071" lon="-80.123406">
        <time>2026-08-19T22:25:54Z</time>
      </trkpt>
      <trkpt lat="8.604081" lon="-80.123423">
        <time>2026-08-19T22:25:55Z</time>
      </trkpt>
      <trkpt lat="8.604089" lon="-80.123440">
        <time>2026-08-19T22:25:56Z</time>
      </trkpt>
      <trkpt lat="8.604099" lon="-80.123457">
        <time>2026-08-19T22:25:57Z</time>
      </trkpt>
      <trkpt lat="8.604108" lon="-80.123474">
        <time>2026-08-19T22:25:58Z</time>
      </trkpt>
      <trkpt lat="8.604118" lon="-80.123490">
        <time>2026-08-19T22:25:59Z</time>
      </trkpt>
      <trkpt lat="8.604126" lon="-80.123507">
        <time>2026-08-19T22:26:00Z</time>
      </trkpt>
      <trkpt lat="8.604134" lon="-80.123526">
        <time>2026-08-19T22:26:01Z</time>
      </trkpt>
      <trkpt lat="8.604141" lon="-80.123544">
        <time>2026-08-19T22:26:02Z</time>
      </trkpt>
      <trkpt lat="8.604150" lon="-80.123562">
        <time>2026-08-19T22:26:03Z</time>
      </trkpt>
      <trkpt lat="8.604160" lon="-80.123581">
        <time>2026-08-19T22:26:04Z</time>
      </trkpt>
      <trkpt lat="8.604168" lon="-80.123601">
        <time>2026-08-19T22:26:05Z</time>
      </trkpt>
      <trkpt lat="8.604176" lon="-80.123620">
        <time>2026-08-19T22:26:06Z</time>
      </trkpt>
      <trkpt lat="8.604186" lon="-80.123639">
        <time>2026-08-19T22:26:07Z</time>
      </trkpt>
      <trkpt lat="8.604194" lon="-80.123657">
        <time>2026-08-19T22:26:08Z</time>
      </trkpt>
      <trkpt lat="8.604198" lon="-80.123675">
        <time>2026-08-19T22:26:09Z</time>
      </trkpt>
      <trkpt lat="8.604206" lon="-80.123693">
        <time>2026-08-19T22:26:10Z</time>
      </trkpt>
      <trkpt lat="8.604214" lon="-80.123711">
        <time>2026-08-19T22:26:11Z</time>
      </trkpt>
      <trkpt lat="8.604221" lon="-80.123725">
        <time>2026-08-19T22:26:12Z</time>
      </trkpt>
      <trkpt lat="8.604226" lon="-80.123742">
        <time>2026-08-19T22:26:13Z</time>
      </trkpt>
      <trkpt lat="8.604228" lon="-80.123759">
        <time>2026-08-19T22:26:14Z</time>
      </trkpt>
      <trkpt lat="8.604231" lon="-80.123777">
        <time>2026-08-19T22:26:15Z</time>
      </trkpt>
      <trkpt lat="8.604236" lon="-80.123793">
        <time>2026-08-19T22:26:16Z</time>
      </trkpt>
      <trkpt lat="8.604237" lon="-80.123809">
        <time>2026-08-19T22:26:17Z</time>
      </trkpt>
      <trkpt lat="8.604241" lon="-80.123826">
        <time>2026-08-19T22:26:18Z</time>
      </trkpt>
      <trkpt lat="8.604243" lon="-80.123846">
        <time>2026-08-19T22:26:19Z</time>
      </trkpt>
      <trkpt lat="8.604243" lon="-80.123862">
        <time>2026-08-19T22:26:20Z</time>
      </trkpt>
      <trkpt lat="8.604243" lon="-80.123877">
        <time>2026-08-19T22:26:21Z</time>
      </trkpt>
      <trkpt lat="8.604244" lon="-80.123894">
        <time>2026-08-19T22:26:22Z</time>
      </trkpt>
      <trkpt lat="8.604242" lon="-80.123908">
        <time>2026-08-19T22:26:23Z</time>
      </trkpt>
      <trkpt lat="8.604241" lon="-80.123927">
        <time>2026-08-19T22:26:24Z</time>
      </trkpt>
      <trkpt lat="8.604240" lon="-80.123947">
        <time>2026-08-19T22:26:25Z</time>
      </trkpt>
      <trkpt lat="8.604238" lon="-80.123962">
        <time>2026-08-19T22:26:26Z</time>
      </trkpt>
      <trkpt lat="8.604236" lon="-80.123978">
        <time>2026-08-19T22:26:27Z</time>
      </trkpt>
      <trkpt lat="8.604235" lon="-80.123996">
        <time>2026-08-19T22:26:28Z</time>
      </trkpt>
      <trkpt lat="8.604235" lon="-80.124014">
        <time>2026-08-19T22:26:29Z</time>
      </trkpt>
      <trkpt lat="8.604236" lon="-80.124035">
        <time>2026-08-19T22:26:30Z</time>
      </trkpt>
      <trkpt lat="8.604240" lon="-80.124055">
        <time>2026-08-19T22:26:31Z</time>
      </trkpt>
      <trkpt lat="8.604243" lon="-80.124075">
        <time>2026-08-19T22:26:32Z</time>
      </trkpt>
      <trkpt lat="8.604242" lon="-80.124093">
        <time>2026-08-19T22:26:33Z</time>
      </trkpt>
      <trkpt lat="8.604243" lon="-80.124115">
        <time>2026-08-19T22:26:34Z</time>
      </trkpt>
      <trkpt lat="8.604242" lon="-80.124140">
        <time>2026-08-19T22:26:35Z</time>
      </trkpt>
      <trkpt lat="8.604242" lon="-80.124159">
        <time>2026-08-19T22:26:36Z</time>
      </trkpt>
      <trkpt lat="8.604243" lon="-80.124181">
        <time>2026-08-19T22:26:37Z</time>
      </trkpt>
      <trkpt lat="8.604241" lon="-80.124206">
        <time>2026-08-19T22:26:38Z</time>
      </trkpt>
      <trkpt lat="8.604244" lon="-80.124229">
        <time>2026-08-19T22:26:39Z</time>
      </trkpt>
      <trkpt lat="8.604246" lon="-80.124260">
        <time>2026-08-19T22:26:40Z</time>
      </trkpt>
      <trkpt lat="8.604248" lon="-80.124281">
        <time>2026-08-19T22:26:41Z</time>
      </trkpt>
      <trkpt lat="8.604248" lon="-80.124303">
        <time>2026-08-19T22:26:42Z</time>
      </trkpt>
      <trkpt lat="8.604248" lon="-80.124323">
        <time>2026-08-19T22:26:43Z</time>
      </trkpt>
      <trkpt lat="8.604251" lon="-80.124343">
        <time>2026-08-19T22:26:44Z</time>
      </trkpt>
      <trkpt lat="8.604250" lon="-80.124359">
        <time>2026-08-19T22:26:45Z</time>
      </trkpt>
      <trkpt lat="8.604244" lon="-80.124376">
        <time>2026-08-19T22:26:46Z</time>
      </trkpt>
      <trkpt lat="8.604245" lon="-80.124394">
        <time>2026-08-19T22:26:47Z</time>
      </trkpt>
      <trkpt lat="8.604245" lon="-80.124411">
        <time>2026-08-19T22:26:48Z</time>
      </trkpt>
      <trkpt lat="8.604245" lon="-80.124427">
        <time>2026-08-19T22:26:49Z</time>
      </trkpt>
      <trkpt lat="8.604247" lon="-80.124447">
        <time>2026-08-19T22:26:50Z</time>
      </trkpt>
      <trkpt lat="8.604246" lon="-80.124467">
        <time>2026-08-19T22:26:51Z</time>
      </trkpt>
      <trkpt lat="8.604245" lon="-80.124488">
        <time>2026-08-19T22:26:52Z</time>
      </trkpt>
      <trkpt lat="8.604245" lon="-80.124517">
        <time>2026-08-19T22:26:53Z</time>
      </trkpt>
      <trkpt lat="8.604245" lon="-80.124541">
        <time>2026-08-19T22:26:54Z</time>
      </trkpt>
      <trkpt lat="8.604246" lon="-80.124562">
        <time>2026-08-19T22:26:55Z</time>
      </trkpt>
      <trkpt lat="8.604247" lon="-80.124582">
        <time>2026-08-19T22:26:56Z</time>
      </trkpt>
      <trkpt lat="8.604249" lon="-80.124610">
        <time>2026-08-19T22:26:57Z</time>
      </trkpt>
      <trkpt lat="8.604249" lon="-80.124629">
        <time>2026-08-19T22:26:58Z</time>
      </trkpt>
      <trkpt lat="8.604249" lon="-80.124646">
        <time>2026-08-19T22:26:59Z</time>
      </trkpt>
      <trkpt lat="8.604249" lon="-80.124672">
        <time>2026-08-19T22:27:00Z</time>
      </trkpt>
      <trkpt lat="8.604247" lon="-80.124693">
        <time>2026-08-19T22:27:01Z</time>
      </trkpt>
      <trkpt lat="8.604249" lon="-80.124717">
        <time>2026-08-19T22:27:02Z</time>
      </trkpt>
      <trkpt lat="8.604251" lon="-80.124741">
        <time>2026-08-19T22:27:03Z</time>
      </trkpt>
      <trkpt lat="8.604251" lon="-80.124761">
        <time>2026-08-19T22:27:04Z</time>
      </trkpt>
      <trkpt lat="8.604254" lon="-80.124781">
        <time>2026-08-19T22:27:05Z</time>
      </trkpt>
      <trkpt lat="8.604256" lon="-80.124802">
        <time>2026-08-19T22:27:06Z</time>
      </trkpt>
      <trkpt lat="8.604258" lon="-80.124819">
        <time>2026-08-19T22:27:07Z</time>
      </trkpt>
      <trkpt lat="8.604256" lon="-80.124839">
        <time>2026-08-19T22:27:08Z</time>
      </trkpt>
      <trkpt lat="8.604255" lon="-80.124858">
        <time>2026-08-19T22:27:09Z</time>
      </trkpt>
      <trkpt lat="8.604256" lon="-80.124878">
        <time>2026-08-19T22:27:10Z</time>
      </trkpt>
      <trkpt lat="8.604256" lon="-80.124897">
        <time>2026-08-19T22:27:11Z</time>
      </trkpt>
      <trkpt lat="8.604254" lon="-80.124920">
        <time>2026-08-19T22:27:12Z</time>
      </trkpt>
      <trkpt lat="8.604252" lon="-80.124943">
        <time>2026-08-19T22:27:13Z</time>
      </trkpt>
      <trkpt lat="8.604253" lon="-80.124969">
        <time>2026-08-19T22:27:14Z</time>
      </trkpt>
      <trkpt lat="8.604256" lon="-80.124998">
        <time>2026-08-19T22:27:15Z</time>
      </trkpt>
      <trkpt lat="8.604255" lon="-80.125024">
        <time>2026-08-19T22:27:16Z</time>
      </trkpt>
      <trkpt lat="8.604257" lon="-80.125051">
        <time>2026-08-19T22:27:17Z</time>
      </trkpt>
      <trkpt lat="8.604260" lon="-80.125078">
        <time>2026-08-19T22:27:18Z</time>
      </trkpt>
      <trkpt lat="8.604262" lon="-80.125102">
        <time>2026-08-19T22:27:19Z</time>
      </trkpt>
      <trkpt lat="8.604261" lon="-80.125122">
        <time>2026-08-19T22:27:20Z</time>
      </trkpt>
      <trkpt lat="8.604260" lon="-80.125141">
        <time>2026-08-19T22:27:21Z</time>
      </trkpt>
      <trkpt lat="8.604260" lon="-80.125158">
        <time>2026-08-19T22:27:22Z</time>
      </trkpt>
      <trkpt lat="8.604257" lon="-80.125178">
        <time>2026-08-19T22:27:23Z</time>
      </trkpt>
      <trkpt lat="8.604258" lon="-80.125198">
        <time>2026-08-19T22:27:24Z</time>
      </trkpt>
      <trkpt lat="8.604258" lon="-80.125217">
        <time>2026-08-19T22:27:25Z</time>
      </trkpt>
      <trkpt lat="8.604259" lon="-80.125239">
        <time>2026-08-19T22:27:26Z</time>
      </trkpt>
      <trkpt lat="8.604259" lon="-80.125260">
        <time>2026-08-19T22:27:27Z</time>
      </trkpt>
      <trkpt lat="8.604258" lon="-80.125281">
        <time>2026-08-19T22:27:28Z</time>
      </trkpt>
      <trkpt lat="8.604258" lon="-80.125305">
        <time>2026-08-19T22:27:29Z</time>
      </trkpt>
      <trkpt lat="8.604256" lon="-80.125330">
        <time>2026-08-19T22:27:30Z</time>
      </trkpt>
      <trkpt lat="8.604255" lon="-80.125356">
        <time>2026-08-19T22:27:31Z</time>
      </trkpt>
      <trkpt lat="8.604252" lon="-80.125383">
        <time>2026-08-19T22:27:32Z</time>
      </trkpt>
      <trkpt lat="8.604250" lon="-80.125406">
        <time>2026-08-19T22:27:33Z</time>
      </trkpt>
      <trkpt lat="8.604246" lon="-80.125426">
        <time>2026-08-19T22:27:34Z</time>
      </trkpt>
      <trkpt lat="8.604242" lon="-80.125445">
        <time>2026-08-19T22:27:35Z</time>
      </trkpt>
      <trkpt lat="8.604240" lon="-80.125464">
        <time>2026-08-19T22:27:36Z</time>
      </trkpt>
      <trkpt lat="8.604239" lon="-80.125483">
        <time>2026-08-19T22:27:37Z</time>
      </trkpt>
      <trkpt lat="8.604235" lon="-80.125502">
        <time>2026-08-19T22:27:38Z</time>
      </trkpt>
      <trkpt lat="8.604233" lon="-80.125521">
        <time>2026-08-19T22:27:39Z</time>
      </trkpt>
      <trkpt lat="8.604232" lon="-80.125543">
        <time>2026-08-19T22:27:40Z</time>
      </trkpt>
      <trkpt lat="8.604230" lon="-80.125562">
        <time>2026-08-19T22:27:41Z</time>
      </trkpt>
      <trkpt lat="8.604227" lon="-80.125583">
        <time>2026-08-19T22:27:42Z</time>
      </trkpt>
      <trkpt lat="8.604221" lon="-80.125601">
        <time>2026-08-19T22:27:43Z</time>
      </trkpt>
      <trkpt lat="8.604215" lon="-80.125620">
        <time>2026-08-19T22:27:44Z</time>
      </trkpt>
      <trkpt lat="8.604214" lon="-80.125645">
        <time>2026-08-19T22:27:45Z</time>
      </trkpt>
      <trkpt lat="8.604213" lon="-80.125666">
        <time>2026-08-19T22:27:46Z</time>
      </trkpt>
      <trkpt lat="8.604215" lon="-80.125683">
        <time>2026-08-19T22:27:47Z</time>
      </trkpt>
      <trkpt lat="8.604220" lon="-80.125705">
        <time>2026-08-19T22:27:48Z</time>
      </trkpt>
      <trkpt lat="8.604214" lon="-80.125722">
        <time>2026-08-19T22:27:49Z</time>
      </trkpt>
      <trkpt lat="8.604211" lon="-80.125740">
        <time>2026-08-19T22:27:50Z</time>
      </trkpt>
      <trkpt lat="8.604210" lon="-80.125759">
        <time>2026-08-19T22:27:51Z</time>
      </trkpt>
      <trkpt lat="8.604209" lon="-80.125777">
        <time>2026-08-19T22:27:52Z</time>
      </trkpt>
      <trkpt lat="8.604205" lon="-80.125794">
        <time>2026-08-19T22:27:53Z</time>
      </trkpt>
      <trkpt lat="8.604203" lon="-80.125811">
        <time>2026-08-19T22:27:54Z</time>
      </trkpt>
      <trkpt lat="8.604206" lon="-80.125833">
        <time>2026-08-19T22:27:55Z</time>
      </trkpt>
      <trkpt lat="8.604211" lon="-80.125851">
        <time>2026-08-19T22:27:56Z</time>
      </trkpt>
      <trkpt lat="8.604215" lon="-80.125876">
        <time>2026-08-19T22:27:57Z</time>
      </trkpt>
      <trkpt lat="8.604215" lon="-80.125896">
        <time>2026-08-19T22:27:58Z</time>
      </trkpt>
      <trkpt lat="8.604215" lon="-80.125913">
        <time>2026-08-19T22:27:59Z</time>
      </trkpt>
      <trkpt lat="8.604214" lon="-80.125931">
        <time>2026-08-19T22:28:00Z</time>
      </trkpt>
      <trkpt lat="8.604210" lon="-80.125951">
        <time>2026-08-19T22:28:01Z</time>
      </trkpt>
      <trkpt lat="8.604207" lon="-80.125972">
        <time>2026-08-19T22:28:02Z</time>
      </trkpt>
      <trkpt lat="8.604208" lon="-80.125990">
        <time>2026-08-19T22:28:03Z</time>
      </trkpt>
      <trkpt lat="8.604207" lon="-80.126011">
        <time>2026-08-19T22:28:04Z</time>
      </trkpt>
      <trkpt lat="8.604206" lon="-80.126035">
        <time>2026-08-19T22:28:05Z</time>
      </trkpt>
      <trkpt lat="8.604208" lon="-80.126057">
        <time>2026-08-19T22:28:06Z</time>
      </trkpt>
      <trkpt lat="8.604205" lon="-80.126073">
        <time>2026-08-19T22:28:07Z</time>
      </trkpt>
      <trkpt lat="8.604202" lon="-80.126090">
        <time>2026-08-19T22:28:08Z</time>
      </trkpt>
      <trkpt lat="8.604197" lon="-80.126105">
        <time>2026-08-19T22:28:09Z</time>
      </trkpt>
      <trkpt lat="8.604194" lon="-80.126122">
        <time>2026-08-19T22:28:10Z</time>
      </trkpt>
      <trkpt lat="8.604191" lon="-80.126143">
        <time>2026-08-19T22:28:11Z</time>
      </trkpt>
      <trkpt lat="8.604187" lon="-80.126162">
        <time>2026-08-19T22:28:12Z</time>
      </trkpt>
      <trkpt lat="8.604181" lon="-80.126178">
        <time>2026-08-19T22:28:13Z</time>
      </trkpt>
      <trkpt lat="8.604179" lon="-80.126198">
        <time>2026-08-19T22:28:14Z</time>
      </trkpt>
      <trkpt lat="8.604175" lon="-80.126220">
        <time>2026-08-19T22:28:15Z</time>
      </trkpt>
      <trkpt lat="8.604171" lon="-80.126242">
        <time>2026-08-19T22:28:16Z</time>
      </trkpt>
      <trkpt lat="8.604166" lon="-80.126261">
        <time>2026-08-19T22:28:17Z</time>
      </trkpt>
      <trkpt lat="8.604160" lon="-80.126281">
        <time>2026-08-19T22:28:18Z</time>
      </trkpt>
      <trkpt lat="8.604158" lon="-80.126304">
        <time>2026-08-19T22:28:19Z</time>
      </trkpt>
      <trkpt lat="8.604157" lon="-80.126322">
        <time>2026-08-19T22:28:20Z</time>
      </trkpt>
      <trkpt lat="8.604154" lon="-80.126341">
        <time>2026-08-19T22:28:21Z</time>
      </trkpt>
      <trkpt lat="8.604152" lon="-80.126364">
        <time>2026-08-19T22:28:22Z</time>
      </trkpt>
      <trkpt lat="8.604150" lon="-80.126384">
        <time>2026-08-19T22:28:23Z</time>
      </trkpt>
      <trkpt lat="8.604147" lon="-80.126408">
        <time>2026-08-19T22:28:24Z</time>
      </trkpt>
      <trkpt lat="8.604145" lon="-80.126436">
        <time>2026-08-19T22:28:25Z</time>
      </trkpt>
      <trkpt lat="8.604144" lon="-80.126457">
        <time>2026-08-19T22:28:26Z</time>
      </trkpt>
      <trkpt lat="8.604141" lon="-80.126478">
        <time>2026-08-19T22:28:27Z</time>
      </trkpt>
      <trkpt lat="8.604141" lon="-80.126498">
        <time>2026-08-19T22:28:28Z</time>
      </trkpt>
      <trkpt lat="8.604137" lon="-80.126519">
        <time>2026-08-19T22:28:29Z</time>
      </trkpt>
      <trkpt lat="8.604132" lon="-80.126540">
        <time>2026-08-19T22:28:30Z</time>
      </trkpt>
      <trkpt lat="8.604127" lon="-80.126562">
        <time>2026-08-19T22:28:31Z</time>
      </trkpt>
      <trkpt lat="8.604122" lon="-80.126586">
        <time>2026-08-19T22:28:32Z</time>
      </trkpt>
      <trkpt lat="8.604116" lon="-80.126610">
        <time>2026-08-19T22:28:33Z</time>
      </trkpt>
      <trkpt lat="8.604110" lon="-80.126633">
        <time>2026-08-19T22:28:34Z</time>
      </trkpt>
      <trkpt lat="8.604107" lon="-80.126655">
        <time>2026-08-19T22:28:35Z</time>
      </trkpt>
      <trkpt lat="8.604102" lon="-80.126674">
        <time>2026-08-19T22:28:36Z</time>
      </trkpt>
      <trkpt lat="8.604096" lon="-80.126697">
        <time>2026-08-19T22:28:37Z</time>
      </trkpt>
      <trkpt lat="8.604092" lon="-80.126719">
        <time>2026-08-19T22:28:38Z</time>
      </trkpt>
      <trkpt lat="8.604089" lon="-80.126739">
        <time>2026-08-19T22:28:39Z</time>
      </trkpt>
      <trkpt lat="8.604082" lon="-80.126758">
        <time>2026-08-19T22:28:40Z</time>
      </trkpt>
      <trkpt lat="8.604077" lon="-80.126775">
        <time>2026-08-19T22:28:41Z</time>
      </trkpt>
      <trkpt lat="8.604072" lon="-80.126792">
        <time>2026-08-19T22:28:42Z</time>
      </trkpt>
      <trkpt lat="8.604069" lon="-80.126815">
        <time>2026-08-19T22:28:43Z</time>
      </trkpt>
      <trkpt lat="8.604067" lon="-80.126834">
        <time>2026-08-19T22:28:44Z</time>
      </trkpt>
      <trkpt lat="8.604062" lon="-80.126853">
        <time>2026-08-19T22:28:45Z</time>
      </trkpt>
      <trkpt lat="8.604058" lon="-80.126874">
        <time>2026-08-19T22:28:46Z</time>
      </trkpt>
      <trkpt lat="8.604055" lon="-80.126892">
        <time>2026-08-19T22:28:47Z</time>
      </trkpt>
      <trkpt lat="8.604051" lon="-80.126911">
        <time>2026-08-19T22:28:48Z</time>
      </trkpt>
      <trkpt lat="8.604046" lon="-80.126935">
        <time>2026-08-19T22:28:49Z</time>
      </trkpt>
      <trkpt lat="8.604041" lon="-80.126960">
        <time>2026-08-19T22:28:50Z</time>
      </trkpt>
      <trkpt lat="8.604036" lon="-80.126982">
        <time>2026-08-19T22:28:51Z</time>
      </trkpt>
      <trkpt lat="8.604033" lon="-80.127003">
        <time>2026-08-19T22:28:52Z</time>
      </trkpt>
      <trkpt lat="8.604029" lon="-80.127024">
        <time>2026-08-19T22:28:53Z</time>
      </trkpt>
      <trkpt lat="8.604024" lon="-80.127043">
        <time>2026-08-19T22:28:54Z</time>
      </trkpt>
      <trkpt lat="8.604019" lon="-80.127059">
        <time>2026-08-19T22:28:55Z</time>
      </trkpt>
      <trkpt lat="8.604011" lon="-80.127078">
        <time>2026-08-19T22:28:56Z</time>
      </trkpt>
      <trkpt lat="8.604003" lon="-80.127097">
        <time>2026-08-19T22:28:57Z</time>
      </trkpt>
      <trkpt lat="8.603998" lon="-80.127123">
        <time>2026-08-19T22:28:58Z</time>
      </trkpt>
      <trkpt lat="8.603999" lon="-80.127149">
        <time>2026-08-19T22:28:59Z</time>
      </trkpt>
      <trkpt lat="8.603995" lon="-80.127167">
        <time>2026-08-19T22:29:00Z</time>
      </trkpt>
      <trkpt lat="8.603990" lon="-80.127191">
        <time>2026-08-19T22:29:01Z</time>
      </trkpt>
      <trkpt lat="8.603984" lon="-80.127214">
        <time>2026-08-19T22:29:02Z</time>
      </trkpt>
      <trkpt lat="8.603977" lon="-80.127234">
        <time>2026-08-19T22:29:03Z</time>
      </trkpt>
      <trkpt lat="8.603972" lon="-80.127256">
        <time>2026-08-19T22:29:04Z</time>
      </trkpt>
      <trkpt lat="8.603967" lon="-80.127276">
        <time>2026-08-19T22:29:05Z</time>
      </trkpt>
      <trkpt lat="8.603962" lon="-80.127291">
        <time>2026-08-19T22:29:06Z</time>
      </trkpt>
      <trkpt lat="8.603959" lon="-80.127309">
        <time>2026-08-19T22:29:07Z</time>
      </trkpt>
      <trkpt lat="8.603953" lon="-80.127327">
        <time>2026-08-19T22:29:08Z</time>
      </trkpt>
      <trkpt lat="8.603949" lon="-80.127345">
        <time>2026-08-19T22:29:09Z</time>
      </trkpt>
      <trkpt lat="8.603944" lon="-80.127363">
        <time>2026-08-19T22:29:10Z</time>
      </trkpt>
      <trkpt lat="8.603939" lon="-80.127384">
        <time>2026-08-19T22:29:11Z</time>
      </trkpt>
      <trkpt lat="8.603936" lon="-80.127403">
        <time>2026-08-19T22:29:12Z</time>
      </trkpt>
      <trkpt lat="8.603933" lon="-80.127420">
        <time>2026-08-19T22:29:13Z</time>
      </trkpt>
      <trkpt lat="8.603931" lon="-80.127441">
        <time>2026-08-19T22:29:14Z</time>
      </trkpt>
      <trkpt lat="8.603926" lon="-80.127461">
        <time>2026-08-19T22:29:15Z</time>
      </trkpt>
      <trkpt lat="8.603921" lon="-80.127483">
        <time>2026-08-19T22:29:16Z</time>
      </trkpt>
      <trkpt lat="8.603918" lon="-80.127510">
        <time>2026-08-19T22:29:17Z</time>
      </trkpt>
      <trkpt lat="8.603910" lon="-80.127532">
        <time>2026-08-19T22:29:18Z</time>
      </trkpt>
      <trkpt lat="8.603902" lon="-80.127550">
        <time>2026-08-19T22:29:19Z</time>
      </trkpt>
      <trkpt lat="8.603899" lon="-80.127568">
        <time>2026-08-19T22:29:20Z</time>
      </trkpt>
      <trkpt lat="8.603892" lon="-80.127589">
        <time>2026-08-19T22:29:21Z</time>
      </trkpt>
      <trkpt lat="8.603888" lon="-80.127614">
        <time>2026-08-19T22:29:22Z</time>
      </trkpt>
      <trkpt lat="8.603884" lon="-80.127642">
        <time>2026-08-19T22:29:23Z</time>
      </trkpt>
      <trkpt lat="8.603878" lon="-80.127662">
        <time>2026-08-19T22:29:24Z</time>
      </trkpt>
      <trkpt lat="8.603874" lon="-80.127683">
        <time>2026-08-19T22:29:25Z</time>
      </trkpt>
      <trkpt lat="8.603872" lon="-80.127705">
        <time>2026-08-19T22:29:26Z</time>
      </trkpt>
      <trkpt lat="8.603868" lon="-80.127719">
        <time>2026-08-19T22:29:27Z</time>
      </trkpt>
      <trkpt lat="8.603864" lon="-80.127735">
        <time>2026-08-19T22:29:28Z</time>
      </trkpt>
      <trkpt lat="8.603863" lon="-80.127763">
        <time>2026-08-19T22:29:29Z</time>
      </trkpt>
      <trkpt lat="8.603859" lon="-80.127781">
        <time>2026-08-19T22:29:30Z</time>
      </trkpt>
      <trkpt lat="8.603856" lon="-80.127791">
        <time>2026-08-19T22:29:31Z</time>
      </trkpt>
      <trkpt lat="8.603856" lon="-80.127809">
        <time>2026-08-19T22:29:32Z</time>
      </trkpt>
      <trkpt lat="8.603853" lon="-80.127830">
        <time>2026-08-19T22:29:33Z</time>
      </trkpt>
      <trkpt lat="8.603849" lon="-80.127844">
        <time>2026-08-19T22:29:34Z</time>
      </trkpt>
      <trkpt lat="8.603845" lon="-80.127862">
        <time>2026-08-19T22:29:35Z</time>
      </trkpt>
      <trkpt lat="8.603842" lon="-80.127880">
        <time>2026-08-19T22:29:36Z</time>
      </trkpt>
      <trkpt lat="8.603840" lon="-80.127902">
        <time>2026-08-19T22:29:37Z</time>
      </trkpt>
      <trkpt lat="8.603837" lon="-80.127922">
        <time>2026-08-19T22:29:38Z</time>
      </trkpt>
      <trkpt lat="8.603835" lon="-80.127937">
        <time>2026-08-19T22:29:39Z</time>
      </trkpt>
      <trkpt lat="8.603835" lon="-80.127950">
        <time>2026-08-19T22:29:40Z</time>
      </trkpt>
      <trkpt lat="8.603835" lon="-80.127963">
        <time>2026-08-19T22:29:41Z</time>
      </trkpt>
      <trkpt lat="8.603835" lon="-80.127973">
        <time>2026-08-19T22:29:42Z</time>
      </trkpt>
      <trkpt lat="8.603832" lon="-80.127987">
        <time>2026-08-19T22:29:43Z</time>
      </trkpt>
      <trkpt lat="8.603831" lon="-80.128001">
        <time>2026-08-19T22:29:44Z</time>
      </trkpt>
      <trkpt lat="8.603828" lon="-80.128012">
        <time>2026-08-19T22:29:45Z</time>
      </trkpt>
      <trkpt lat="8.603823" lon="-80.128028">
        <time>2026-08-19T22:29:46Z</time>
      </trkpt>
      <trkpt lat="8.603822" lon="-80.128039">
        <time>2026-08-19T22:29:47Z</time>
      </trkpt>
      <trkpt lat="8.603820" lon="-80.128053">
        <time>2026-08-19T22:29:48Z</time>
      </trkpt>
      <trkpt lat="8.603818" lon="-80.128066">
        <time>2026-08-19T22:29:49Z</time>
      </trkpt>
      <trkpt lat="8.603816" lon="-80.128078">
        <time>2026-08-19T22:29:50Z</time>
      </trkpt>
      <trkpt lat="8.603815" lon="-80.128089">
        <time>2026-08-19T22:29:51Z</time>
      </trkpt>
      <trkpt lat="8.603812" lon="-80.128113">
        <time>2026-08-19T22:29:52Z</time>
      </trkpt>
      <trkpt lat="8.603809" lon="-80.128129">
        <time>2026-08-19T22:29:53Z</time>
      </trkpt>
      <trkpt lat="8.603809" lon="-80.128129">
        <time>2026-08-19T22:29:54Z</time>
      </trkpt>
      <trkpt lat="8.603809" lon="-80.128144">
        <time>2026-08-19T22:29:55Z</time>
      </trkpt>
      <trkpt lat="8.603801" lon="-80.128169">
        <time>2026-08-19T22:29:56Z</time>
      </trkpt>
      <trkpt lat="8.603801" lon="-80.128169">
        <time>2026-08-19T22:29:57Z</time>
      </trkpt>
      <trkpt lat="8.603798" lon="-80.128182">
        <time>2026-08-19T22:29:58Z</time>
      </trkpt>
      <trkpt lat="8.603790" lon="-80.128199">
        <time>2026-08-19T22:29:59Z</time>
      </trkpt>
      <trkpt lat="8.603789" lon="-80.128208">
        <time>2026-08-19T22:30:00Z</time>
      </trkpt>
      <trkpt lat="8.603786" lon="-80.128213">
        <time>2026-08-19T22:30:01Z</time>
      </trkpt>
      <trkpt lat="8.603783" lon="-80.128223">
        <time>2026-08-19T22:30:02Z</time>
      </trkpt>
      <trkpt lat="8.603779" lon="-80.128237">
        <time>2026-08-19T22:30:03Z</time>
      </trkpt>
      <trkpt lat="8.603776" lon="-80.128247">
        <time>2026-08-19T22:30:04Z</time>
      </trkpt>
      <trkpt lat="8.603776" lon="-80.128247">
        <time>2026-08-19T22:30:05Z</time>
      </trkpt>
      <trkpt lat="8.603766" lon="-80.128271">
        <time>2026-08-19T22:30:06Z</time>
      </trkpt>
      <trkpt lat="8.603766" lon="-80.128271">
        <time>2026-08-19T22:30:07Z</time>
      </trkpt>
      <trkpt lat="8.603762" lon="-80.128282">
        <time>2026-08-19T22:30:08Z</time>
      </trkpt>
      <trkpt lat="8.603764" lon="-80.128304">
        <time>2026-08-19T22:30:09Z</time>
      </trkpt>
      <trkpt lat="8.603764" lon="-80.128304">
        <time>2026-08-19T22:30:10Z</time>
      </trkpt>
      <trkpt lat="8.603768" lon="-80.128299">
        <time>2026-08-19T22:30:11Z</time>
      </trkpt>
      <trkpt lat="8.603775" lon="-80.128290">
        <time>2026-08-19T22:30:12Z</time>
      </trkpt>
      <trkpt lat="8.603775" lon="-80.128290">
        <time>2026-08-19T22:30:13Z</time>
      </trkpt>
      <trkpt lat="8.603782" lon="-80.128278">
        <time>2026-08-19T22:30:14Z</time>
      </trkpt>
      <trkpt lat="8.603786" lon="-80.128264">
        <time>2026-08-19T22:30:15Z</time>
      </trkpt>
      <trkpt lat="8.603792" lon="-80.128250">
        <time>2026-08-19T22:30:16Z</time>
      </trkpt>
      <trkpt lat="8.603800" lon="-80.128234">
        <time>2026-08-19T22:30:17Z</time>
      </trkpt>
      <trkpt lat="8.603805" lon="-80.128219">
        <time>2026-08-19T22:30:18Z</time>
      </trkpt>
      <trkpt lat="8.603808" lon="-80.128210">
        <time>2026-08-19T22:30:19Z</time>
      </trkpt>
      <trkpt lat="8.603814" lon="-80.128200">
        <time>2026-08-19T22:30:20Z</time>
      </trkpt>
      <trkpt lat="8.603818" lon="-80.128182">
        <time>2026-08-19T22:30:21Z</time>
      </trkpt>
      <trkpt lat="8.603824" lon="-80.128167">
        <time>2026-08-19T22:30:22Z</time>
      </trkpt>
      <trkpt lat="8.603830" lon="-80.128151">
        <time>2026-08-19T22:30:23Z</time>
      </trkpt>
      <trkpt lat="8.603835" lon="-80.128135">
        <time>2026-08-19T22:30:24Z</time>
      </trkpt>
      <trkpt lat="8.603839" lon="-80.128117">
        <time>2026-08-19T22:30:25Z</time>
      </trkpt>
      <trkpt lat="8.603844" lon="-80.128098">
        <time>2026-08-19T22:30:26Z</time>
      </trkpt>
      <trkpt lat="8.603848" lon="-80.128081">
        <time>2026-08-19T22:30:27Z</time>
      </trkpt>
      <trkpt lat="8.603851" lon="-80.128059">
        <time>2026-08-19T22:30:28Z</time>
      </trkpt>
      <trkpt lat="8.603854" lon="-80.128038">
        <time>2026-08-19T22:30:29Z</time>
      </trkpt>
      <trkpt lat="8.603857" lon="-80.128019">
        <time>2026-08-19T22:30:30Z</time>
      </trkpt>
      <trkpt lat="8.603860" lon="-80.128000">
        <time>2026-08-19T22:30:31Z</time>
      </trkpt>
      <trkpt lat="8.603868" lon="-80.127980">
        <time>2026-08-19T22:30:32Z</time>
      </trkpt>
      <trkpt lat="8.603872" lon="-80.127962">
        <time>2026-08-19T22:30:33Z</time>
      </trkpt>
      <trkpt lat="8.603875" lon="-80.127942">
        <time>2026-08-19T22:30:34Z</time>
      </trkpt>
      <trkpt lat="8.603879" lon="-80.127921">
        <time>2026-08-19T22:30:35Z</time>
      </trkpt>
      <trkpt lat="8.603886" lon="-80.127903">
        <time>2026-08-19T22:30:36Z</time>
      </trkpt>
      <trkpt lat="8.603892" lon="-80.127884">
        <time>2026-08-19T22:30:37Z</time>
      </trkpt>
      <trkpt lat="8.603896" lon="-80.127863">
        <time>2026-08-19T22:30:38Z</time>
      </trkpt>
      <trkpt lat="8.603899" lon="-80.127843">
        <time>2026-08-19T22:30:39Z</time>
      </trkpt>
      <trkpt lat="8.603902" lon="-80.127824">
        <time>2026-08-19T22:30:40Z</time>
      </trkpt>
      <trkpt lat="8.603906" lon="-80.127804">
        <time>2026-08-19T22:30:41Z</time>
      </trkpt>
      <trkpt lat="8.603912" lon="-80.127784">
        <time>2026-08-19T22:30:42Z</time>
      </trkpt>
      <trkpt lat="8.603915" lon="-80.127764">
        <time>2026-08-19T22:30:43Z</time>
      </trkpt>
      <trkpt lat="8.603918" lon="-80.127742">
        <time>2026-08-19T22:30:44Z</time>
      </trkpt>
      <trkpt lat="8.603927" lon="-80.127700">
        <time>2026-08-19T22:30:45Z</time>
      </trkpt>
      <trkpt lat="8.603927" lon="-80.127700">
        <time>2026-08-19T22:30:46Z</time>
      </trkpt>
      <trkpt lat="8.603933" lon="-80.127681">
        <time>2026-08-19T22:30:47Z</time>
      </trkpt>
      <trkpt lat="8.603935" lon="-80.127663">
        <time>2026-08-19T22:30:48Z</time>
      </trkpt>
      <trkpt lat="8.603939" lon="-80.127646">
        <time>2026-08-19T22:30:49Z</time>
      </trkpt>
      <trkpt lat="8.603945" lon="-80.127628">
        <time>2026-08-19T22:30:50Z</time>
      </trkpt>
      <trkpt lat="8.603952" lon="-80.127610">
        <time>2026-08-19T22:30:51Z</time>
      </trkpt>
      <trkpt lat="8.603955" lon="-80.127591">
        <time>2026-08-19T22:30:52Z</time>
      </trkpt>
      <trkpt lat="8.603959" lon="-80.127573">
        <time>2026-08-19T22:30:53Z</time>
      </trkpt>
      <trkpt lat="8.603963" lon="-80.127556">
        <time>2026-08-19T22:30:54Z</time>
      </trkpt>
      <trkpt lat="8.603968" lon="-80.127536">
        <time>2026-08-19T22:30:55Z</time>
      </trkpt>
      <trkpt lat="8.603972" lon="-80.127516">
        <time>2026-08-19T22:30:56Z</time>
      </trkpt>
      <trkpt lat="8.603976" lon="-80.127500">
        <time>2026-08-19T22:30:57Z</time>
      </trkpt>
      <trkpt lat="8.603980" lon="-80.127480">
        <time>2026-08-19T22:30:58Z</time>
      </trkpt>
      <trkpt lat="8.603985" lon="-80.127460">
        <time>2026-08-19T22:30:59Z</time>
      </trkpt>
      <trkpt lat="8.603989" lon="-80.127441">
        <time>2026-08-19T22:31:00Z</time>
      </trkpt>
      <trkpt lat="8.603995" lon="-80.127420">
        <time>2026-08-19T22:31:01Z</time>
      </trkpt>
      <trkpt lat="8.603999" lon="-80.127402">
        <time>2026-08-19T22:31:02Z</time>
      </trkpt>
      <trkpt lat="8.604004" lon="-80.127382">
        <time>2026-08-19T22:31:03Z</time>
      </trkpt>
      <trkpt lat="8.604008" lon="-80.127362">
        <time>2026-08-19T22:31:04Z</time>
      </trkpt>
      <trkpt lat="8.604010" lon="-80.127342">
        <time>2026-08-19T22:31:05Z</time>
      </trkpt>
      <trkpt lat="8.604016" lon="-80.127324">
        <time>2026-08-19T22:31:06Z</time>
      </trkpt>
      <trkpt lat="8.604020" lon="-80.127306">
        <time>2026-08-19T22:31:07Z</time>
      </trkpt>
      <trkpt lat="8.604025" lon="-80.127286">
        <time>2026-08-19T22:31:08Z</time>
      </trkpt>
      <trkpt lat="8.604030" lon="-80.127267">
        <time>2026-08-19T22:31:09Z</time>
      </trkpt>
      <trkpt lat="8.604032" lon="-80.127248">
        <time>2026-08-19T22:31:10Z</time>
      </trkpt>
      <trkpt lat="8.604038" lon="-80.127226">
        <time>2026-08-19T22:31:11Z</time>
      </trkpt>
      <trkpt lat="8.604043" lon="-80.127207">
        <time>2026-08-19T22:31:12Z</time>
      </trkpt>
      <trkpt lat="8.604047" lon="-80.127188">
        <time>2026-08-19T22:31:13Z</time>
      </trkpt>
      <trkpt lat="8.604052" lon="-80.127167">
        <time>2026-08-19T22:31:14Z</time>
      </trkpt>
      <trkpt lat="8.604055" lon="-80.127149">
        <time>2026-08-19T22:31:15Z</time>
      </trkpt>
      <trkpt lat="8.604059" lon="-80.127129">
        <time>2026-08-19T22:31:16Z</time>
      </trkpt>
      <trkpt lat="8.604064" lon="-80.127108">
        <time>2026-08-19T22:31:17Z</time>
      </trkpt>
      <trkpt lat="8.604069" lon="-80.127088">
        <time>2026-08-19T22:31:18Z</time>
      </trkpt>
      <trkpt lat="8.604076" lon="-80.127073">
        <time>2026-08-19T22:31:19Z</time>
      </trkpt>
      <trkpt lat="8.604082" lon="-80.127052">
        <time>2026-08-19T22:31:20Z</time>
      </trkpt>
      <trkpt lat="8.604086" lon="-80.127031">
        <time>2026-08-19T22:31:21Z</time>
      </trkpt>
      <trkpt lat="8.604092" lon="-80.127010">
        <time>2026-08-19T22:31:22Z</time>
      </trkpt>
      <trkpt lat="8.604097" lon="-80.126990">
        <time>2026-08-19T22:31:23Z</time>
      </trkpt>
      <trkpt lat="8.604100" lon="-80.126970">
        <time>2026-08-19T22:31:24Z</time>
      </trkpt>
      <trkpt lat="8.604102" lon="-80.126950">
        <time>2026-08-19T22:31:25Z</time>
      </trkpt>
      <trkpt lat="8.604107" lon="-80.126930">
        <time>2026-08-19T22:31:26Z</time>
      </trkpt>
      <trkpt lat="8.604114" lon="-80.126909">
        <time>2026-08-19T22:31:27Z</time>
      </trkpt>
      <trkpt lat="8.604121" lon="-80.126890">
        <time>2026-08-19T22:31:28Z</time>
      </trkpt>
      <trkpt lat="8.604128" lon="-80.126870">
        <time>2026-08-19T22:31:29Z</time>
      </trkpt>
      <trkpt lat="8.604131" lon="-80.126849">
        <time>2026-08-19T22:31:30Z</time>
      </trkpt>
      <trkpt lat="8.604135" lon="-80.126830">
        <time>2026-08-19T22:31:31Z</time>
      </trkpt>
      <trkpt lat="8.604143" lon="-80.126812">
        <time>2026-08-19T22:31:32Z</time>
      </trkpt>
      <trkpt lat="8.604146" lon="-80.126792">
        <time>2026-08-19T22:31:33Z</time>
      </trkpt>
      <trkpt lat="8.604151" lon="-80.126775">
        <time>2026-08-19T22:31:34Z</time>
      </trkpt>
      <trkpt lat="8.604157" lon="-80.126758">
        <time>2026-08-19T22:31:35Z</time>
      </trkpt>
      <trkpt lat="8.604160" lon="-80.126740">
        <time>2026-08-19T22:31:36Z</time>
      </trkpt>
      <trkpt lat="8.604162" lon="-80.126720">
        <time>2026-08-19T22:31:37Z</time>
      </trkpt>
      <trkpt lat="8.604168" lon="-80.126700">
        <time>2026-08-19T22:31:38Z</time>
      </trkpt>
      <trkpt lat="8.604172" lon="-80.126683">
        <time>2026-08-19T22:31:39Z</time>
      </trkpt>
      <trkpt lat="8.604177" lon="-80.126662">
        <time>2026-08-19T22:31:40Z</time>
      </trkpt>
      <trkpt lat="8.604183" lon="-80.126640">
        <time>2026-08-19T22:31:41Z</time>
      </trkpt>
      <trkpt lat="8.604188" lon="-80.126623">
        <time>2026-08-19T22:31:42Z</time>
      </trkpt>
      <trkpt lat="8.604192" lon="-80.126601">
        <time>2026-08-19T22:31:43Z</time>
      </trkpt>
      <trkpt lat="8.604196" lon="-80.126581">
        <time>2026-08-19T22:31:44Z</time>
      </trkpt>
      <trkpt lat="8.604201" lon="-80.126562">
        <time>2026-08-19T22:31:45Z</time>
      </trkpt>
      <trkpt lat="8.604207" lon="-80.126541">
        <time>2026-08-19T22:31:46Z</time>
      </trkpt>
      <trkpt lat="8.604209" lon="-80.126522">
        <time>2026-08-19T22:31:47Z</time>
      </trkpt>
      <trkpt lat="8.604213" lon="-80.126503">
        <time>2026-08-19T22:31:48Z</time>
      </trkpt>
      <trkpt lat="8.604217" lon="-80.126484">
        <time>2026-08-19T22:31:49Z</time>
      </trkpt>
      <trkpt lat="8.604217" lon="-80.126463">
        <time>2026-08-19T22:31:50Z</time>
      </trkpt>
      <trkpt lat="8.604218" lon="-80.126446">
        <time>2026-08-19T22:31:51Z</time>
      </trkpt>
      <trkpt lat="8.604222" lon="-80.126432">
        <time>2026-08-19T22:31:52Z</time>
      </trkpt>
      <trkpt lat="8.604225" lon="-80.126415">
        <time>2026-08-19T22:31:53Z</time>
      </trkpt>
      <trkpt lat="8.604218" lon="-80.126391">
        <time>2026-08-19T22:31:54Z</time>
      </trkpt>
      <trkpt lat="8.604223" lon="-80.126371">
        <time>2026-08-19T22:31:55Z</time>
      </trkpt>
      <trkpt lat="8.604230" lon="-80.126350">
        <time>2026-08-19T22:31:56Z</time>
      </trkpt>
      <trkpt lat="8.604233" lon="-80.126329">
        <time>2026-08-19T22:31:57Z</time>
      </trkpt>
      <trkpt lat="8.604236" lon="-80.126308">
        <time>2026-08-19T22:31:58Z</time>
      </trkpt>
      <trkpt lat="8.604240" lon="-80.126291">
        <time>2026-08-19T22:31:59Z</time>
      </trkpt>
      <trkpt lat="8.604243" lon="-80.126272">
        <time>2026-08-19T22:32:00Z</time>
      </trkpt>
      <trkpt lat="8.604246" lon="-80.126252">
        <time>2026-08-19T22:32:01Z</time>
      </trkpt>
      <trkpt lat="8.604249" lon="-80.126233">
        <time>2026-08-19T22:32:02Z</time>
      </trkpt>
      <trkpt lat="8.604255" lon="-80.126217">
        <time>2026-08-19T22:32:03Z</time>
      </trkpt>
      <trkpt lat="8.604257" lon="-80.126198">
        <time>2026-08-19T22:32:04Z</time>
      </trkpt>
      <trkpt lat="8.604259" lon="-80.126179">
        <time>2026-08-19T22:32:05Z</time>
      </trkpt>
      <trkpt lat="8.604262" lon="-80.126163">
        <time>2026-08-19T22:32:06Z</time>
      </trkpt>
      <trkpt lat="8.604266" lon="-80.126146">
        <time>2026-08-19T22:32:07Z</time>
      </trkpt>
      <trkpt lat="8.604269" lon="-80.126127">
        <time>2026-08-19T22:32:08Z</time>
      </trkpt>
      <trkpt lat="8.604272" lon="-80.126106">
        <time>2026-08-19T22:32:09Z</time>
      </trkpt>
      <trkpt lat="8.604277" lon="-80.126088">
        <time>2026-08-19T22:32:10Z</time>
      </trkpt>
      <trkpt lat="8.604278" lon="-80.126070">
        <time>2026-08-19T22:32:11Z</time>
      </trkpt>
      <trkpt lat="8.604281" lon="-80.126053">
        <time>2026-08-19T22:32:12Z</time>
      </trkpt>
      <trkpt lat="8.604282" lon="-80.126040">
        <time>2026-08-19T22:32:13Z</time>
      </trkpt>
      <trkpt lat="8.604283" lon="-80.126026">
        <time>2026-08-19T22:32:14Z</time>
      </trkpt>
      <trkpt lat="8.604285" lon="-80.126013">
        <time>2026-08-19T22:32:15Z</time>
      </trkpt>
      <trkpt lat="8.604285" lon="-80.126000">
        <time>2026-08-19T22:32:16Z</time>
      </trkpt>
      <trkpt lat="8.604284" lon="-80.125988">
        <time>2026-08-19T22:32:17Z</time>
      </trkpt>
      <trkpt lat="8.604284" lon="-80.125975">
        <time>2026-08-19T22:32:18Z</time>
      </trkpt>
      <trkpt lat="8.604283" lon="-80.125960">
        <time>2026-08-19T22:32:19Z</time>
      </trkpt>
      <trkpt lat="8.604284" lon="-80.125947">
        <time>2026-08-19T22:32:20Z</time>
      </trkpt>
      <trkpt lat="8.604283" lon="-80.125933">
        <time>2026-08-19T22:32:21Z</time>
      </trkpt>
      <trkpt lat="8.604283" lon="-80.125924">
        <time>2026-08-19T22:32:22Z</time>
      </trkpt>
      <trkpt lat="8.604283" lon="-80.125909">
        <time>2026-08-19T22:32:23Z</time>
      </trkpt>
      <trkpt lat="8.604282" lon="-80.125879">
        <time>2026-08-19T22:32:24Z</time>
      </trkpt>
      <trkpt lat="8.604282" lon="-80.125879">
        <time>2026-08-19T22:32:25Z</time>
      </trkpt>
      <trkpt lat="8.604278" lon="-80.125858">
        <time>2026-08-19T22:32:26Z</time>
      </trkpt>
      <trkpt lat="8.604276" lon="-80.125842">
        <time>2026-08-19T22:32:27Z</time>
      </trkpt>
      <trkpt lat="8.604273" lon="-80.125827">
        <time>2026-08-19T22:32:28Z</time>
      </trkpt>
      <trkpt lat="8.604271" lon="-80.125816">
        <time>2026-08-19T22:32:29Z</time>
      </trkpt>
      <trkpt lat="8.604270" lon="-80.125807">
        <time>2026-08-19T22:32:30Z</time>
      </trkpt>
      <trkpt lat="8.604268" lon="-80.125797">
        <time>2026-08-19T22:32:31Z</time>
      </trkpt>
      <trkpt lat="8.604269" lon="-80.125786">
        <time>2026-08-19T22:32:32Z</time>
      </trkpt>
      <trkpt lat="8.604270" lon="-80.125772">
        <time>2026-08-19T22:32:33Z</time>
      </trkpt>
      <trkpt lat="8.604270" lon="-80.125756">
        <time>2026-08-19T22:32:34Z</time>
      </trkpt>
      <trkpt lat="8.604269" lon="-80.125742">
        <time>2026-08-19T22:32:35Z</time>
      </trkpt>
      <trkpt lat="8.604270" lon="-80.125729">
        <time>2026-08-19T22:32:36Z</time>
      </trkpt>
      <trkpt lat="8.604270" lon="-80.125718">
        <time>2026-08-19T22:32:37Z</time>
      </trkpt>
      <trkpt lat="8.604269" lon="-80.125701">
        <time>2026-08-19T22:32:38Z</time>
      </trkpt>
      <trkpt lat="8.604269" lon="-80.125688">
        <time>2026-08-19T22:32:39Z</time>
      </trkpt>
      <trkpt lat="8.604271" lon="-80.125678">
        <time>2026-08-19T22:32:40Z</time>
      </trkpt>
      <trkpt lat="8.604272" lon="-80.125658">
        <time>2026-08-19T22:32:41Z</time>
      </trkpt>
      <trkpt lat="8.604275" lon="-80.125647">
        <time>2026-08-19T22:32:42Z</time>
      </trkpt>
      <trkpt lat="8.604276" lon="-80.125633">
        <time>2026-08-19T22:32:43Z</time>
      </trkpt>
      <trkpt lat="8.604277" lon="-80.125619">
        <time>2026-08-19T22:32:44Z</time>
      </trkpt>
      <trkpt lat="8.604279" lon="-80.125608">
        <time>2026-08-19T22:32:45Z</time>
      </trkpt>
      <trkpt lat="8.604280" lon="-80.125597">
        <time>2026-08-19T22:32:46Z</time>
      </trkpt>
      <trkpt lat="8.604280" lon="-80.125597">
        <time>2026-08-19T22:32:47Z</time>
      </trkpt>
      <trkpt lat="8.604277" lon="-80.125577">
        <time>2026-08-19T22:32:48Z</time>
      </trkpt>
      <trkpt lat="8.604277" lon="-80.125577">
        <time>2026-08-19T22:32:49Z</time>
      </trkpt>
      <trkpt lat="8.604276" lon="-80.125566">
        <time>2026-08-19T22:32:50Z</time>
      </trkpt>
      <trkpt lat="8.604276" lon="-80.125548">
        <time>2026-08-19T22:32:51Z</time>
      </trkpt>
      <trkpt lat="8.604276" lon="-80.125548">
        <time>2026-08-19T22:32:52Z</time>
      </trkpt>
      <trkpt lat="8.604277" lon="-80.125538">
        <time>2026-08-19T22:32:53Z</time>
      </trkpt>
      <trkpt lat="8.604275" lon="-80.125523">
        <time>2026-08-19T22:32:54Z</time>
      </trkpt>
      <trkpt lat="8.604274" lon="-80.125511">
        <time>2026-08-19T22:32:55Z</time>
      </trkpt>
      <trkpt lat="8.604270" lon="-80.125497">
        <time>2026-08-19T22:32:56Z</time>
      </trkpt>
      <trkpt lat="8.604268" lon="-80.125482">
        <time>2026-08-19T22:32:57Z</time>
      </trkpt>
      <trkpt lat="8.604269" lon="-80.125469">
        <time>2026-08-19T22:32:58Z</time>
      </trkpt>
      <trkpt lat="8.604271" lon="-80.125462">
        <time>2026-08-19T22:32:59Z</time>
      </trkpt>
      <trkpt lat="8.604273" lon="-80.125457">
        <time>2026-08-19T22:33:00Z</time>
      </trkpt>
      <trkpt lat="8.604274" lon="-80.125449">
        <time>2026-08-19T22:33:01Z</time>
      </trkpt>
      <trkpt lat="8.604276" lon="-80.125426">
        <time>2026-08-19T22:33:02Z</time>
      </trkpt>
      <trkpt lat="8.604278" lon="-80.125409">
        <time>2026-08-19T22:33:03Z</time>
      </trkpt>
      <trkpt lat="8.604278" lon="-80.125398">
        <time>2026-08-19T22:33:04Z</time>
      </trkpt>
      <trkpt lat="8.604277" lon="-80.125385">
        <time>2026-08-19T22:33:05Z</time>
      </trkpt>
      <trkpt lat="8.604278" lon="-80.125375">
        <time>2026-08-19T22:33:06Z</time>
      </trkpt>
      <trkpt lat="8.604279" lon="-80.125366">
        <time>2026-08-19T22:33:07Z</time>
      </trkpt>
      <trkpt lat="8.604280" lon="-80.125355">
        <time>2026-08-19T22:33:08Z</time>
      </trkpt>
      <trkpt lat="8.604280" lon="-80.125355">
        <time>2026-08-19T22:33:09Z</time>
      </trkpt>
      <trkpt lat="8.604280" lon="-80.125338">
        <time>2026-08-19T22:33:10Z</time>
      </trkpt>
      <trkpt lat="8.604279" lon="-80.125308">
        <time>2026-08-19T22:33:11Z</time>
      </trkpt>
      <trkpt lat="8.604279" lon="-80.125298">
        <time>2026-08-19T22:33:12Z</time>
      </trkpt>
      <trkpt lat="8.604277" lon="-80.125289">
        <time>2026-08-19T22:33:13Z</time>
      </trkpt>
      <trkpt lat="8.604276" lon="-80.125276">
        <time>2026-08-19T22:33:14Z</time>
      </trkpt>
      <trkpt lat="8.604276" lon="-80.125261">
        <time>2026-08-19T22:33:15Z</time>
      </trkpt>
      <trkpt lat="8.604275" lon="-80.125250">
        <time>2026-08-19T22:33:16Z</time>
      </trkpt>
      <trkpt lat="8.604275" lon="-80.125250">
        <time>2026-08-19T22:33:17Z</time>
      </trkpt>
      <trkpt lat="8.604277" lon="-80.125237">
        <time>2026-08-19T22:33:18Z</time>
      </trkpt>
      <trkpt lat="8.604271" lon="-80.125227">
        <time>2026-08-19T22:33:19Z</time>
      </trkpt>
      <trkpt lat="8.604271" lon="-80.125227">
        <time>2026-08-19T22:33:20Z</time>
      </trkpt>
      <trkpt lat="8.604267" lon="-80.125229">
        <time>2026-08-19T22:33:21Z</time>
      </trkpt>
      <trkpt lat="8.604265" lon="-80.125236">
        <time>2026-08-19T22:33:22Z</time>
      </trkpt>
      <trkpt lat="8.604262" lon="-80.125252">
        <time>2026-08-19T22:33:23Z</time>
      </trkpt>
      <trkpt lat="8.604259" lon="-80.125266">
        <time>2026-08-19T22:33:24Z</time>
      </trkpt>
      <trkpt lat="8.604258" lon="-80.125284">
        <time>2026-08-19T22:33:25Z</time>
      </trkpt>
      <trkpt lat="8.604256" lon="-80.125303">
        <time>2026-08-19T22:33:26Z</time>
      </trkpt>
      <trkpt lat="8.604252" lon="-80.125325">
        <time>2026-08-19T22:33:27Z</time>
      </trkpt>
      <trkpt lat="8.604251" lon="-80.125348">
        <time>2026-08-19T22:33:28Z</time>
      </trkpt>
      <trkpt lat="8.604250" lon="-80.125370">
        <time>2026-08-19T22:33:29Z</time>
      </trkpt>
      <trkpt lat="8.604250" lon="-80.125392">
        <time>2026-08-19T22:33:30Z</time>
      </trkpt>
      <trkpt lat="8.604245" lon="-80.125413">
        <time>2026-08-19T22:33:31Z</time>
      </trkpt>
      <trkpt lat="8.604239" lon="-80.125436">
        <time>2026-08-19T22:33:32Z</time>
      </trkpt>
      <trkpt lat="8.604236" lon="-80.125461">
        <time>2026-08-19T22:33:33Z</time>
      </trkpt>
      <trkpt lat="8.604232" lon="-80.125481">
        <time>2026-08-19T22:33:34Z</time>
      </trkpt>
      <trkpt lat="8.604232" lon="-80.125503">
        <time>2026-08-19T22:33:35Z</time>
      </trkpt>
      <trkpt lat="8.604230" lon="-80.125523">
        <time>2026-08-19T22:33:36Z</time>
      </trkpt>
      <trkpt lat="8.604227" lon="-80.125543">
        <time>2026-08-19T22:33:37Z</time>
      </trkpt>
      <trkpt lat="8.604227" lon="-80.125567">
        <time>2026-08-19T22:33:38Z</time>
      </trkpt>
      <trkpt lat="8.604227" lon="-80.125590">
        <time>2026-08-19T22:33:39Z</time>
      </trkpt>
      <trkpt lat="8.604226" lon="-80.125610">
        <time>2026-08-19T22:33:40Z</time>
      </trkpt>
      <trkpt lat="8.604225" lon="-80.125634">
        <time>2026-08-19T22:33:41Z</time>
      </trkpt>
      <trkpt lat="8.604222" lon="-80.125657">
        <time>2026-08-19T22:33:42Z</time>
      </trkpt>
      <trkpt lat="8.604219" lon="-80.125675">
        <time>2026-08-19T22:33:43Z</time>
      </trkpt>
      <trkpt lat="8.604217" lon="-80.125696">
        <time>2026-08-19T22:33:44Z</time>
      </trkpt>
      <trkpt lat="8.604214" lon="-80.125714">
        <time>2026-08-19T22:33:45Z</time>
      </trkpt>
      <trkpt lat="8.604208" lon="-80.125735">
        <time>2026-08-19T22:33:46Z</time>
      </trkpt>
      <trkpt lat="8.604205" lon="-80.125754">
        <time>2026-08-19T22:33:47Z</time>
      </trkpt>
      <trkpt lat="8.604201" lon="-80.125771">
        <time>2026-08-19T22:33:48Z</time>
      </trkpt>
      <trkpt lat="8.604197" lon="-80.125792">
        <time>2026-08-19T22:33:49Z</time>
      </trkpt>
      <trkpt lat="8.604192" lon="-80.125812">
        <time>2026-08-19T22:33:50Z</time>
      </trkpt>
      <trkpt lat="8.604193" lon="-80.125834">
        <time>2026-08-19T22:33:51Z</time>
      </trkpt>
      <trkpt lat="8.604196" lon="-80.125856">
        <time>2026-08-19T22:33:52Z</time>
      </trkpt>
      <trkpt lat="8.604196" lon="-80.125877">
        <time>2026-08-19T22:33:53Z</time>
      </trkpt>
      <trkpt lat="8.604190" lon="-80.125894">
        <time>2026-08-19T22:33:54Z</time>
      </trkpt>
      <trkpt lat="8.604188" lon="-80.125913">
        <time>2026-08-19T22:33:55Z</time>
      </trkpt>
      <trkpt lat="8.604186" lon="-80.125937">
        <time>2026-08-19T22:33:56Z</time>
      </trkpt>
      <trkpt lat="8.604181" lon="-80.125961">
        <time>2026-08-19T22:33:57Z</time>
      </trkpt>
      <trkpt lat="8.604178" lon="-80.125980">
        <time>2026-08-19T22:33:58Z</time>
      </trkpt>
      <trkpt lat="8.604180" lon="-80.126004">
        <time>2026-08-19T22:33:59Z</time>
      </trkpt>
      <trkpt lat="8.604175" lon="-80.126023">
        <time>2026-08-19T22:34:00Z</time>
      </trkpt>
      <trkpt lat="8.604173" lon="-80.126038">
        <time>2026-08-19T22:34:01Z</time>
      </trkpt>
      <trkpt lat="8.604168" lon="-80.126056">
        <time>2026-08-19T22:34:02Z</time>
      </trkpt>
      <trkpt lat="8.604161" lon="-80.126075">
        <time>2026-08-19T22:34:03Z</time>
      </trkpt>
      <trkpt lat="8.604157" lon="-80.126095">
        <time>2026-08-19T22:34:04Z</time>
      </trkpt>
      <trkpt lat="8.604155" lon="-80.126114">
        <time>2026-08-19T22:34:05Z</time>
      </trkpt>
      <trkpt lat="8.604148" lon="-80.126130">
        <time>2026-08-19T22:34:06Z</time>
      </trkpt>
      <trkpt lat="8.604145" lon="-80.126146">
        <time>2026-08-19T22:34:07Z</time>
      </trkpt>
      <trkpt lat="8.604141" lon="-80.126166">
        <time>2026-08-19T22:34:08Z</time>
      </trkpt>
      <trkpt lat="8.604138" lon="-80.126186">
        <time>2026-08-19T22:34:09Z</time>
      </trkpt>
      <trkpt lat="8.604133" lon="-80.126207">
        <time>2026-08-19T22:34:10Z</time>
      </trkpt>
      <trkpt lat="8.604129" lon="-80.126228">
        <time>2026-08-19T22:34:11Z</time>
      </trkpt>
      <trkpt lat="8.604125" lon="-80.126248">
        <time>2026-08-19T22:34:12Z</time>
      </trkpt>
      <trkpt lat="8.604118" lon="-80.126266">
        <time>2026-08-19T22:34:13Z</time>
      </trkpt>
      <trkpt lat="8.604118" lon="-80.126284">
        <time>2026-08-19T22:34:14Z</time>
      </trkpt>
      <trkpt lat="8.604116" lon="-80.126306">
        <time>2026-08-19T22:34:15Z</time>
      </trkpt>
      <trkpt lat="8.604111" lon="-80.126325">
        <time>2026-08-19T22:34:16Z</time>
      </trkpt>
      <trkpt lat="8.604109" lon="-80.126346">
        <time>2026-08-19T22:34:17Z</time>
      </trkpt>
      <trkpt lat="8.604107" lon="-80.126369">
        <time>2026-08-19T22:34:18Z</time>
      </trkpt>
      <trkpt lat="8.604107" lon="-80.126390">
        <time>2026-08-19T22:34:19Z</time>
      </trkpt>
      <trkpt lat="8.604107" lon="-80.126408">
        <time>2026-08-19T22:34:20Z</time>
      </trkpt>
      <trkpt lat="8.604106" lon="-80.126429">
        <time>2026-08-19T22:34:21Z</time>
      </trkpt>
      <trkpt lat="8.604100" lon="-80.126445">
        <time>2026-08-19T22:34:22Z</time>
      </trkpt>
      <trkpt lat="8.604094" lon="-80.126462">
        <time>2026-08-19T22:34:23Z</time>
      </trkpt>
      <trkpt lat="8.604090" lon="-80.126481">
        <time>2026-08-19T22:34:24Z</time>
      </trkpt>
      <trkpt lat="8.604088" lon="-80.126502">
        <time>2026-08-19T22:34:25Z</time>
      </trkpt>
      <trkpt lat="8.604084" lon="-80.126522">
        <time>2026-08-19T22:34:26Z</time>
      </trkpt>
      <trkpt lat="8.604081" lon="-80.126543">
        <time>2026-08-19T22:34:27Z</time>
      </trkpt>
      <trkpt lat="8.604079" lon="-80.126565">
        <time>2026-08-19T22:34:28Z</time>
      </trkpt>
      <trkpt lat="8.604077" lon="-80.126586">
        <time>2026-08-19T22:34:29Z</time>
      </trkpt>
      <trkpt lat="8.604075" lon="-80.126609">
        <time>2026-08-19T22:34:30Z</time>
      </trkpt>
      <trkpt lat="8.604073" lon="-80.126631">
        <time>2026-08-19T22:34:31Z</time>
      </trkpt>
      <trkpt lat="8.604067" lon="-80.126649">
        <time>2026-08-19T22:34:32Z</time>
      </trkpt>
      <trkpt lat="8.604065" lon="-80.126671">
        <time>2026-08-19T22:34:33Z</time>
      </trkpt>
      <trkpt lat="8.604062" lon="-80.126692">
        <time>2026-08-19T22:34:34Z</time>
      </trkpt>
      <trkpt lat="8.604060" lon="-80.126711">
        <time>2026-08-19T22:34:35Z</time>
      </trkpt>
      <trkpt lat="8.604056" lon="-80.126731">
        <time>2026-08-19T22:34:36Z</time>
      </trkpt>
      <trkpt lat="8.604051" lon="-80.126749">
        <time>2026-08-19T22:34:37Z</time>
      </trkpt>
      <trkpt lat="8.604047" lon="-80.126767">
        <time>2026-08-19T22:34:38Z</time>
      </trkpt>
      <trkpt lat="8.604043" lon="-80.126785">
        <time>2026-08-19T22:34:39Z</time>
      </trkpt>
      <trkpt lat="8.604042" lon="-80.126807">
        <time>2026-08-19T22:34:40Z</time>
      </trkpt>
      <trkpt lat="8.604038" lon="-80.126829">
        <time>2026-08-19T22:34:41Z</time>
      </trkpt>
      <trkpt lat="8.604038" lon="-80.126852">
        <time>2026-08-19T22:34:42Z</time>
      </trkpt>
      <trkpt lat="8.604038" lon="-80.126875">
        <time>2026-08-19T22:34:43Z</time>
      </trkpt>
      <trkpt lat="8.604037" lon="-80.126895">
        <time>2026-08-19T22:34:44Z</time>
      </trkpt>
      <trkpt lat="8.604034" lon="-80.126914">
        <time>2026-08-19T22:34:45Z</time>
      </trkpt>
      <trkpt lat="8.604032" lon="-80.126935">
        <time>2026-08-19T22:34:46Z</time>
      </trkpt>
      <trkpt lat="8.604029" lon="-80.126960">
        <time>2026-08-19T22:34:47Z</time>
      </trkpt>
      <trkpt lat="8.604026" lon="-80.126982">
        <time>2026-08-19T22:34:48Z</time>
      </trkpt>
      <trkpt lat="8.604022" lon="-80.127005">
        <time>2026-08-19T22:34:49Z</time>
      </trkpt>
      <trkpt lat="8.604019" lon="-80.127026">
        <time>2026-08-19T22:34:50Z</time>
      </trkpt>
      <trkpt lat="8.604015" lon="-80.127049">
        <time>2026-08-19T22:34:51Z</time>
      </trkpt>
      <trkpt lat="8.604010" lon="-80.127066">
        <time>2026-08-19T22:34:52Z</time>
      </trkpt>
      <trkpt lat="8.604006" lon="-80.127086">
        <time>2026-08-19T22:34:53Z</time>
      </trkpt>
      <trkpt lat="8.604002" lon="-80.127105">
        <time>2026-08-19T22:34:54Z</time>
      </trkpt>
      <trkpt lat="8.603996" lon="-80.127127">
        <time>2026-08-19T22:34:55Z</time>
      </trkpt>
      <trkpt lat="8.603994" lon="-80.127148">
        <time>2026-08-19T22:34:56Z</time>
      </trkpt>
      <trkpt lat="8.603989" lon="-80.127166">
        <time>2026-08-19T22:34:57Z</time>
      </trkpt>
      <trkpt lat="8.603986" lon="-80.127191">
        <time>2026-08-19T22:34:58Z</time>
      </trkpt>
      <trkpt lat="8.603983" lon="-80.127209">
        <time>2026-08-19T22:34:59Z</time>
      </trkpt>
      <trkpt lat="8.603980" lon="-80.127227">
        <time>2026-08-19T22:35:00Z</time>
      </trkpt>
      <trkpt lat="8.603975" lon="-80.127246">
        <time>2026-08-19T22:35:01Z</time>
      </trkpt>
      <trkpt lat="8.603970" lon="-80.127265">
        <time>2026-08-19T22:35:02Z</time>
      </trkpt>
      <trkpt lat="8.603965" lon="-80.127287">
        <time>2026-08-19T22:35:03Z</time>
      </trkpt>
      <trkpt lat="8.603960" lon="-80.127307">
        <time>2026-08-19T22:35:04Z</time>
      </trkpt>
      <trkpt lat="8.603955" lon="-80.127326">
        <time>2026-08-19T22:35:05Z</time>
      </trkpt>
      <trkpt lat="8.603951" lon="-80.127347">
        <time>2026-08-19T22:35:06Z</time>
      </trkpt>
      <trkpt lat="8.603946" lon="-80.127371">
        <time>2026-08-19T22:35:07Z</time>
      </trkpt>
      <trkpt lat="8.603943" lon="-80.127391">
        <time>2026-08-19T22:35:08Z</time>
      </trkpt>
      <trkpt lat="8.603942" lon="-80.127415">
        <time>2026-08-19T22:35:09Z</time>
      </trkpt>
      <trkpt lat="8.603937" lon="-80.127439">
        <time>2026-08-19T22:35:10Z</time>
      </trkpt>
      <trkpt lat="8.603929" lon="-80.127457">
        <time>2026-08-19T22:35:11Z</time>
      </trkpt>
      <trkpt lat="8.603924" lon="-80.127481">
        <time>2026-08-19T22:35:12Z</time>
      </trkpt>
      <trkpt lat="8.603918" lon="-80.127503">
        <time>2026-08-19T22:35:13Z</time>
      </trkpt>
      <trkpt lat="8.603912" lon="-80.127525">
        <time>2026-08-19T22:35:14Z</time>
      </trkpt>
      <trkpt lat="8.603907" lon="-80.127549">
        <time>2026-08-19T22:35:15Z</time>
      </trkpt>
      <trkpt lat="8.603902" lon="-80.127571">
        <time>2026-08-19T22:35:16Z</time>
      </trkpt>
      <trkpt lat="8.603896" lon="-80.127595">
        <time>2026-08-19T22:35:17Z</time>
      </trkpt>
      <trkpt lat="8.603890" lon="-80.127623">
        <time>2026-08-19T22:35:18Z</time>
      </trkpt>
      <trkpt lat="8.603881" lon="-80.127647">
        <time>2026-08-19T22:35:19Z</time>
      </trkpt>
      <trkpt lat="8.603876" lon="-80.127671">
        <time>2026-08-19T22:35:20Z</time>
      </trkpt>
      <trkpt lat="8.603869" lon="-80.127696">
        <time>2026-08-19T22:35:21Z</time>
      </trkpt>
      <trkpt lat="8.603862" lon="-80.127714">
        <time>2026-08-19T22:35:22Z</time>
      </trkpt>
      <trkpt lat="8.603857" lon="-80.127734">
        <time>2026-08-19T22:35:23Z</time>
      </trkpt>
      <trkpt lat="8.603855" lon="-80.127757">
        <time>2026-08-19T22:35:24Z</time>
      </trkpt>
      <trkpt lat="8.603848" lon="-80.127775">
        <time>2026-08-19T22:35:25Z</time>
      </trkpt>
      <trkpt lat="8.603848" lon="-80.127794">
        <time>2026-08-19T22:35:26Z</time>
      </trkpt>
      <trkpt lat="8.603842" lon="-80.127818">
        <time>2026-08-19T22:35:27Z</time>
      </trkpt>
      <trkpt lat="8.603835" lon="-80.127837">
        <time>2026-08-19T22:35:28Z</time>
      </trkpt>
      <trkpt lat="8.603829" lon="-80.127853">
        <time>2026-08-19T22:35:29Z</time>
      </trkpt>
      <trkpt lat="8.603821" lon="-80.127871">
        <time>2026-08-19T22:35:30Z</time>
      </trkpt>
      <trkpt lat="8.603819" lon="-80.127891">
        <time>2026-08-19T22:35:31Z</time>
      </trkpt>
      <trkpt lat="8.603819" lon="-80.127914">
        <time>2026-08-19T22:35:32Z</time>
      </trkpt>
      <trkpt lat="8.603817" lon="-80.127936">
        <time>2026-08-19T22:35:33Z</time>
      </trkpt>
      <trkpt lat="8.603814" lon="-80.127958">
        <time>2026-08-19T22:35:34Z</time>
      </trkpt>
      <trkpt lat="8.603809" lon="-80.127978">
        <time>2026-08-19T22:35:35Z</time>
      </trkpt>
      <trkpt lat="8.603806" lon="-80.128001">
        <time>2026-08-19T22:35:36Z</time>
      </trkpt>
      <trkpt lat="8.603803" lon="-80.128022">
        <time>2026-08-19T22:35:37Z</time>
      </trkpt>
      <trkpt lat="8.603797" lon="-80.128042">
        <time>2026-08-19T22:35:38Z</time>
      </trkpt>
      <trkpt lat="8.603789" lon="-80.128062">
        <time>2026-08-19T22:35:39Z</time>
      </trkpt>
      <trkpt lat="8.603784" lon="-80.128084">
        <time>2026-08-19T22:35:40Z</time>
      </trkpt>
      <trkpt lat="8.603779" lon="-80.128106">
        <time>2026-08-19T22:35:41Z</time>
      </trkpt>
      <trkpt lat="8.603775" lon="-80.128127">
        <time>2026-08-19T22:35:42Z</time>
      </trkpt>
      <trkpt lat="8.603768" lon="-80.128145">
        <time>2026-08-19T22:35:43Z</time>
      </trkpt>
      <trkpt lat="8.603761" lon="-80.128166">
        <time>2026-08-19T22:35:44Z</time>
      </trkpt>
      <trkpt lat="8.603755" lon="-80.128187">
        <time>2026-08-19T22:35:45Z</time>
      </trkpt>
      <trkpt lat="8.603748" lon="-80.128204">
        <time>2026-08-19T22:35:46Z</time>
      </trkpt>
      <trkpt lat="8.603744" lon="-80.128224">
        <time>2026-08-19T22:35:47Z</time>
      </trkpt>
      <trkpt lat="8.603738" lon="-80.128245">
        <time>2026-08-19T22:35:48Z</time>
      </trkpt>
      <trkpt lat="8.603731" lon="-80.128263">
        <time>2026-08-19T22:35:49Z</time>
      </trkpt>
      <trkpt lat="8.603727" lon="-80.128282">
        <time>2026-08-19T22:35:50Z</time>
      </trkpt>
      <trkpt lat="8.603723" lon="-80.128301">
        <time>2026-08-19T22:35:51Z</time>
      </trkpt>
      <trkpt lat="8.603716" lon="-80.128318">
        <time>2026-08-19T22:35:52Z</time>
      </trkpt>
      <trkpt lat="8.603710" lon="-80.128338">
        <time>2026-08-19T22:35:53Z</time>
      </trkpt>
      <trkpt lat="8.603703" lon="-80.128360">
        <time>2026-08-19T22:35:54Z</time>
      </trkpt>
      <trkpt lat="8.603692" lon="-80.128376">
        <time>2026-08-19T22:35:55Z</time>
      </trkpt>
      <trkpt lat="8.603688" lon="-80.128397">
        <time>2026-08-19T22:35:56Z</time>
      </trkpt>
      <trkpt lat="8.603684" lon="-80.128419">
        <time>2026-08-19T22:35:57Z</time>
      </trkpt>
      <trkpt lat="8.603678" lon="-80.128440">
        <time>2026-08-19T22:35:58Z</time>
      </trkpt>
      <trkpt lat="8.603675" lon="-80.128461">
        <time>2026-08-19T22:35:59Z</time>
      </trkpt>
      <trkpt lat="8.603671" lon="-80.128483">
        <time>2026-08-19T22:36:00Z</time>
      </trkpt>
      <trkpt lat="8.603667" lon="-80.128502">
        <time>2026-08-19T22:36:01Z</time>
      </trkpt>
      <trkpt lat="8.603664" lon="-80.128517">
        <time>2026-08-19T22:36:02Z</time>
      </trkpt>
      <trkpt lat="8.603658" lon="-80.128539">
        <time>2026-08-19T22:36:03Z</time>
      </trkpt>
      <trkpt lat="8.603650" lon="-80.128558">
        <time>2026-08-19T22:36:04Z</time>
      </trkpt>
      <trkpt lat="8.603644" lon="-80.128579">
        <time>2026-08-19T22:36:05Z</time>
      </trkpt>
      <trkpt lat="8.603640" lon="-80.128602">
        <time>2026-08-19T22:36:06Z</time>
      </trkpt>
      <trkpt lat="8.603635" lon="-80.128621">
        <time>2026-08-19T22:36:07Z</time>
      </trkpt>
      <trkpt lat="8.603631" lon="-80.128641">
        <time>2026-08-19T22:36:08Z</time>
      </trkpt>
      <trkpt lat="8.603627" lon="-80.128662">
        <time>2026-08-19T22:36:09Z</time>
      </trkpt>
      <trkpt lat="8.603625" lon="-80.128682">
        <time>2026-08-19T22:36:10Z</time>
      </trkpt>
      <trkpt lat="8.603624" lon="-80.128703">
        <time>2026-08-19T22:36:11Z</time>
      </trkpt>
      <trkpt lat="8.603622" lon="-80.128726">
        <time>2026-08-19T22:36:12Z</time>
      </trkpt>
      <trkpt lat="8.603620" lon="-80.128746">
        <time>2026-08-19T22:36:13Z</time>
      </trkpt>
      <trkpt lat="8.603618" lon="-80.128764">
        <time>2026-08-19T22:36:14Z</time>
      </trkpt>
      <trkpt lat="8.603615" lon="-80.128785">
        <time>2026-08-19T22:36:15Z</time>
      </trkpt>
      <trkpt lat="8.603611" lon="-80.128805">
        <time>2026-08-19T22:36:16Z</time>
      </trkpt>
      <trkpt lat="8.603609" lon="-80.128826">
        <time>2026-08-19T22:36:17Z</time>
      </trkpt>
      <trkpt lat="8.603608" lon="-80.128850">
        <time>2026-08-19T22:36:18Z</time>
      </trkpt>
      <trkpt lat="8.603604" lon="-80.128877">
        <time>2026-08-19T22:36:19Z</time>
      </trkpt>
      <trkpt lat="8.603604" lon="-80.128907">
        <time>2026-08-19T22:36:20Z</time>
      </trkpt>
      <trkpt lat="8.603605" lon="-80.128930">
        <time>2026-08-19T22:36:21Z</time>
      </trkpt>
      <trkpt lat="8.603607" lon="-80.128956">
        <time>2026-08-19T22:36:22Z</time>
      </trkpt>
      <trkpt lat="8.603607" lon="-80.128981">
        <time>2026-08-19T22:36:23Z</time>
      </trkpt>
      <trkpt lat="8.603607" lon="-80.129006">
        <time>2026-08-19T22:36:24Z</time>
      </trkpt>
      <trkpt lat="8.603604" lon="-80.129024">
        <time>2026-08-19T22:36:25Z</time>
      </trkpt>
      <trkpt lat="8.603604" lon="-80.129046">
        <time>2026-08-19T22:36:26Z</time>
      </trkpt>
      <trkpt lat="8.603606" lon="-80.129067">
        <time>2026-08-19T22:36:27Z</time>
      </trkpt>
      <trkpt lat="8.603605" lon="-80.129091">
        <time>2026-08-19T22:36:28Z</time>
      </trkpt>
      <trkpt lat="8.603604" lon="-80.129113">
        <time>2026-08-19T22:36:29Z</time>
      </trkpt>
      <trkpt lat="8.603603" lon="-80.129139">
        <time>2026-08-19T22:36:30Z</time>
      </trkpt>
      <trkpt lat="8.603601" lon="-80.129157">
        <time>2026-08-19T22:36:31Z</time>
      </trkpt>
      <trkpt lat="8.603605" lon="-80.129177">
        <time>2026-08-19T22:36:32Z</time>
      </trkpt>
      <trkpt lat="8.603608" lon="-80.129199">
        <time>2026-08-19T22:36:33Z</time>
      </trkpt>
      <trkpt lat="8.603609" lon="-80.129218">
        <time>2026-08-19T22:36:34Z</time>
      </trkpt>
      <trkpt lat="8.603612" lon="-80.129240">
        <time>2026-08-19T22:36:35Z</time>
      </trkpt>
      <trkpt lat="8.603618" lon="-80.129263">
        <time>2026-08-19T22:36:36Z</time>
      </trkpt>
      <trkpt lat="8.603624" lon="-80.129287">
        <time>2026-08-19T22:36:37Z</time>
      </trkpt>
      <trkpt lat="8.603631" lon="-80.129309">
        <time>2026-08-19T22:36:38Z</time>
      </trkpt>
      <trkpt lat="8.603636" lon="-80.129338">
        <time>2026-08-19T22:36:39Z</time>
      </trkpt>
      <trkpt lat="8.603639" lon="-80.129364">
        <time>2026-08-19T22:36:40Z</time>
      </trkpt>
      <trkpt lat="8.603644" lon="-80.129387">
        <time>2026-08-19T22:36:41Z</time>
      </trkpt>
      <trkpt lat="8.603649" lon="-80.129407">
        <time>2026-08-19T22:36:42Z</time>
      </trkpt>
      <trkpt lat="8.603653" lon="-80.129425">
        <time>2026-08-19T22:36:43Z</time>
      </trkpt>
      <trkpt lat="8.603658" lon="-80.129449">
        <time>2026-08-19T22:36:44Z</time>
      </trkpt>
      <trkpt lat="8.603662" lon="-80.129470">
        <time>2026-08-19T22:36:45Z</time>
      </trkpt>
      <trkpt lat="8.603662" lon="-80.129491">
        <time>2026-08-19T22:36:46Z</time>
      </trkpt>
      <trkpt lat="8.603665" lon="-80.129516">
        <time>2026-08-19T22:36:47Z</time>
      </trkpt>
      <trkpt lat="8.603668" lon="-80.129543">
        <time>2026-08-19T22:36:48Z</time>
      </trkpt>
      <trkpt lat="8.603673" lon="-80.129574">
        <time>2026-08-19T22:36:49Z</time>
      </trkpt>
      <trkpt lat="8.603678" lon="-80.129597">
        <time>2026-08-19T22:36:50Z</time>
      </trkpt>
      <trkpt lat="8.603683" lon="-80.129617">
        <time>2026-08-19T22:36:51Z</time>
      </trkpt>
      <trkpt lat="8.603686" lon="-80.129633">
        <time>2026-08-19T22:36:52Z</time>
      </trkpt>
      <trkpt lat="8.603688" lon="-80.129650">
        <time>2026-08-19T22:36:53Z</time>
      </trkpt>
      <trkpt lat="8.603691" lon="-80.129667">
        <time>2026-08-19T22:36:54Z</time>
      </trkpt>
      <trkpt lat="8.603696" lon="-80.129686">
        <time>2026-08-19T22:36:55Z</time>
      </trkpt>
      <trkpt lat="8.603701" lon="-80.129702">
        <time>2026-08-19T22:36:56Z</time>
      </trkpt>
      <trkpt lat="8.603708" lon="-80.129718">
        <time>2026-08-19T22:36:57Z</time>
      </trkpt>
      <trkpt lat="8.603712" lon="-80.129738">
        <time>2026-08-19T22:36:58Z</time>
      </trkpt>
      <trkpt lat="8.603717" lon="-80.129761">
        <time>2026-08-19T22:36:59Z</time>
      </trkpt>
      <trkpt lat="8.603724" lon="-80.129783">
        <time>2026-08-19T22:37:00Z</time>
      </trkpt>
      <trkpt lat="8.603733" lon="-80.129805">
        <time>2026-08-19T22:37:01Z</time>
      </trkpt>
      <trkpt lat="8.603741" lon="-80.129828">
        <time>2026-08-19T22:37:02Z</time>
      </trkpt>
      <trkpt lat="8.603747" lon="-80.129850">
        <time>2026-08-19T22:37:03Z</time>
      </trkpt>
      <trkpt lat="8.603755" lon="-80.129875">
        <time>2026-08-19T22:37:04Z</time>
      </trkpt>
      <trkpt lat="8.603766" lon="-80.129900">
        <time>2026-08-19T22:37:05Z</time>
      </trkpt>
      <trkpt lat="8.603772" lon="-80.129920">
        <time>2026-08-19T22:37:06Z</time>
      </trkpt>
      <trkpt lat="8.603779" lon="-80.129938">
        <time>2026-08-19T22:37:07Z</time>
      </trkpt>
      <trkpt lat="8.603789" lon="-80.129956">
        <time>2026-08-19T22:37:08Z</time>
      </trkpt>
      <trkpt lat="8.603800" lon="-80.129978">
        <time>2026-08-19T22:37:09Z</time>
      </trkpt>
      <trkpt lat="8.603809" lon="-80.130002">
        <time>2026-08-19T22:37:10Z</time>
      </trkpt>
      <trkpt lat="8.603817" lon="-80.130022">
        <time>2026-08-19T22:37:11Z</time>
      </trkpt>
      <trkpt lat="8.603826" lon="-80.130042">
        <time>2026-08-19T22:37:12Z</time>
      </trkpt>
      <trkpt lat="8.603835" lon="-80.130064">
        <time>2026-08-19T22:37:13Z</time>
      </trkpt>
      <trkpt lat="8.603841" lon="-80.130083">
        <time>2026-08-19T22:37:14Z</time>
      </trkpt>
      <trkpt lat="8.603850" lon="-80.130106">
        <time>2026-08-19T22:37:15Z</time>
      </trkpt>
      <trkpt lat="8.603857" lon="-80.130127">
        <time>2026-08-19T22:37:16Z</time>
      </trkpt>
      <trkpt lat="8.603866" lon="-80.130146">
        <time>2026-08-19T22:37:17Z</time>
      </trkpt>
      <trkpt lat="8.603877" lon="-80.130167">
        <time>2026-08-19T22:37:18Z</time>
      </trkpt>
      <trkpt lat="8.603884" lon="-80.130184">
        <time>2026-08-19T22:37:19Z</time>
      </trkpt>
      <trkpt lat="8.603893" lon="-80.130202">
        <time>2026-08-19T22:37:20Z</time>
      </trkpt>
      <trkpt lat="8.603902" lon="-80.130219">
        <time>2026-08-19T22:37:21Z</time>
      </trkpt>
      <trkpt lat="8.603908" lon="-80.130236">
        <time>2026-08-19T22:37:22Z</time>
      </trkpt>
      <trkpt lat="8.603916" lon="-80.130252">
        <time>2026-08-19T22:37:23Z</time>
      </trkpt>
      <trkpt lat="8.603923" lon="-80.130268">
        <time>2026-08-19T22:37:24Z</time>
      </trkpt>
      <trkpt lat="8.603930" lon="-80.130283">
        <time>2026-08-19T22:37:25Z</time>
      </trkpt>
      <trkpt lat="8.603939" lon="-80.130298">
        <time>2026-08-19T22:37:26Z</time>
      </trkpt>
      <trkpt lat="8.603946" lon="-80.130313">
        <time>2026-08-19T22:37:27Z</time>
      </trkpt>
      <trkpt lat="8.603956" lon="-80.130329">
        <time>2026-08-19T22:37:28Z</time>
      </trkpt>
      <trkpt lat="8.603966" lon="-80.130345">
        <time>2026-08-19T22:37:29Z</time>
      </trkpt>
      <trkpt lat="8.603979" lon="-80.130358">
        <time>2026-08-19T22:37:30Z</time>
      </trkpt>
      <trkpt lat="8.603996" lon="-80.130372">
        <time>2026-08-19T22:37:31Z</time>
      </trkpt>
      <trkpt lat="8.604007" lon="-80.130385">
        <time>2026-08-19T22:37:32Z</time>
      </trkpt>
      <trkpt lat="8.604014" lon="-80.130400">
        <time>2026-08-19T22:37:33Z</time>
      </trkpt>
      <trkpt lat="8.604028" lon="-80.130415">
        <time>2026-08-19T22:37:34Z</time>
      </trkpt>
      <trkpt lat="8.604044" lon="-80.130428">
        <time>2026-08-19T22:37:35Z</time>
      </trkpt>
      <trkpt lat="8.604060" lon="-80.130444">
        <time>2026-08-19T22:37:36Z</time>
      </trkpt>
      <trkpt lat="8.604070" lon="-80.130459">
        <time>2026-08-19T22:37:37Z</time>
      </trkpt>
      <trkpt lat="8.604077" lon="-80.130476">
        <time>2026-08-19T22:37:38Z</time>
      </trkpt>
      <trkpt lat="8.604083" lon="-80.130493">
        <time>2026-08-19T22:37:39Z</time>
      </trkpt>
      <trkpt lat="8.604090" lon="-80.130507">
        <time>2026-08-19T22:37:40Z</time>
      </trkpt>
      <trkpt lat="8.604098" lon="-80.130522">
        <time>2026-08-19T22:37:41Z</time>
      </trkpt>
      <trkpt lat="8.604107" lon="-80.130538">
        <time>2026-08-19T22:37:42Z</time>
      </trkpt>
      <trkpt lat="8.604113" lon="-80.130554">
        <time>2026-08-19T22:37:43Z</time>
      </trkpt>
      <trkpt lat="8.604121" lon="-80.130571">
        <time>2026-08-19T22:37:44Z</time>
      </trkpt>
      <trkpt lat="8.604129" lon="-80.130591">
        <time>2026-08-19T22:37:45Z</time>
      </trkpt>
      <trkpt lat="8.604143" lon="-80.130621">
        <time>2026-08-19T22:37:46Z</time>
      </trkpt>
      <trkpt lat="8.604143" lon="-80.130621">
        <time>2026-08-19T22:37:47Z</time>
      </trkpt>
      <trkpt lat="8.604153" lon="-80.130633">
        <time>2026-08-19T22:37:48Z</time>
      </trkpt>
      <trkpt lat="8.604163" lon="-80.130649">
        <time>2026-08-19T22:37:49Z</time>
      </trkpt>
      <trkpt lat="8.604170" lon="-80.130665">
        <time>2026-08-19T22:37:50Z</time>
      </trkpt>
      <trkpt lat="8.604174" lon="-80.130681">
        <time>2026-08-19T22:37:51Z</time>
      </trkpt>
      <trkpt lat="8.604179" lon="-80.130698">
        <time>2026-08-19T22:37:52Z</time>
      </trkpt>
      <trkpt lat="8.604189" lon="-80.130717">
        <time>2026-08-19T22:37:53Z</time>
      </trkpt>
      <trkpt lat="8.604193" lon="-80.130735">
        <time>2026-08-19T22:37:54Z</time>
      </trkpt>
      <trkpt lat="8.604200" lon="-80.130751">
        <time>2026-08-19T22:37:55Z</time>
      </trkpt>
      <trkpt lat="8.604211" lon="-80.130774">
        <time>2026-08-19T22:37:56Z</time>
      </trkpt>
      <trkpt lat="8.604218" lon="-80.130796">
        <time>2026-08-19T22:37:57Z</time>
      </trkpt>
      <trkpt lat="8.604226" lon="-80.130816">
        <time>2026-08-19T22:37:58Z</time>
      </trkpt>
      <trkpt lat="8.604232" lon="-80.130834">
        <time>2026-08-19T22:37:59Z</time>
      </trkpt>
      <trkpt lat="8.604241" lon="-80.130853">
        <time>2026-08-19T22:38:00Z</time>
      </trkpt>
      <trkpt lat="8.604249" lon="-80.130867">
        <time>2026-08-19T22:38:01Z</time>
      </trkpt>
      <trkpt lat="8.604257" lon="-80.130883">
        <time>2026-08-19T22:38:02Z</time>
      </trkpt>
      <trkpt lat="8.604262" lon="-80.130899">
        <time>2026-08-19T22:38:03Z</time>
      </trkpt>
      <trkpt lat="8.604264" lon="-80.130912">
        <time>2026-08-19T22:38:04Z</time>
      </trkpt>
      <trkpt lat="8.604267" lon="-80.130927">
        <time>2026-08-19T22:38:05Z</time>
      </trkpt>
      <trkpt lat="8.604271" lon="-80.130941">
        <time>2026-08-19T22:38:06Z</time>
      </trkpt>
      <trkpt lat="8.604273" lon="-80.130956">
        <time>2026-08-19T22:38:07Z</time>
      </trkpt>
      <trkpt lat="8.604282" lon="-80.130973">
        <time>2026-08-19T22:38:08Z</time>
      </trkpt>
      <trkpt lat="8.604284" lon="-80.130987">
        <time>2026-08-19T22:38:09Z</time>
      </trkpt>
      <trkpt lat="8.604288" lon="-80.131006">
        <time>2026-08-19T22:38:10Z</time>
      </trkpt>
      <trkpt lat="8.604295" lon="-80.131023">
        <time>2026-08-19T22:38:11Z</time>
      </trkpt>
      <trkpt lat="8.604304" lon="-80.131056">
        <time>2026-08-19T22:38:12Z</time>
      </trkpt>
      <trkpt lat="8.604304" lon="-80.131056">
        <time>2026-08-19T22:38:13Z</time>
      </trkpt>
      <trkpt lat="8.604303" lon="-80.131074">
        <time>2026-08-19T22:38:14Z</time>
      </trkpt>
      <trkpt lat="8.604310" lon="-80.131095">
        <time>2026-08-19T22:38:15Z</time>
      </trkpt>
      <trkpt lat="8.604318" lon="-80.131116">
        <time>2026-08-19T22:38:16Z</time>
      </trkpt>
      <trkpt lat="8.604326" lon="-80.131137">
        <time>2026-08-19T22:38:17Z</time>
      </trkpt>
      <trkpt lat="8.604339" lon="-80.131155">
        <time>2026-08-19T22:38:18Z</time>
      </trkpt>
      <trkpt lat="8.604354" lon="-80.131171">
        <time>2026-08-19T22:38:19Z</time>
      </trkpt>
      <trkpt lat="8.604365" lon="-80.131185">
        <time>2026-08-19T22:38:20Z</time>
      </trkpt>
      <trkpt lat="8.604373" lon="-80.131201">
        <time>2026-08-19T22:38:21Z</time>
      </trkpt>
      <trkpt lat="8.604381" lon="-80.131220">
        <time>2026-08-19T22:38:22Z</time>
      </trkpt>
      <trkpt lat="8.604388" lon="-80.131238">
        <time>2026-08-19T22:38:23Z</time>
      </trkpt>
      <trkpt lat="8.604393" lon="-80.131253">
        <time>2026-08-19T22:38:24Z</time>
      </trkpt>
      <trkpt lat="8.604398" lon="-80.131269">
        <time>2026-08-19T22:38:25Z</time>
      </trkpt>
      <trkpt lat="8.604408" lon="-80.131288">
        <time>2026-08-19T22:38:26Z</time>
      </trkpt>
      <trkpt lat="8.604415" lon="-80.131305">
        <time>2026-08-19T22:38:27Z</time>
      </trkpt>
      <trkpt lat="8.604425" lon="-80.131325">
        <time>2026-08-19T22:38:28Z</time>
      </trkpt>
      <trkpt lat="8.604434" lon="-80.131343">
        <time>2026-08-19T22:38:29Z</time>
      </trkpt>
      <trkpt lat="8.604442" lon="-80.131360">
        <time>2026-08-19T22:38:30Z</time>
      </trkpt>
      <trkpt lat="8.604450" lon="-80.131375">
        <time>2026-08-19T22:38:31Z</time>
      </trkpt>
      <trkpt lat="8.604460" lon="-80.131391">
        <time>2026-08-19T22:38:32Z</time>
      </trkpt>
      <trkpt lat="8.604479" lon="-80.131405">
        <time>2026-08-19T22:38:33Z</time>
      </trkpt>
      <trkpt lat="8.604493" lon="-80.131424">
        <time>2026-08-19T22:38:34Z</time>
      </trkpt>
      <trkpt lat="8.604499" lon="-80.131438">
        <time>2026-08-19T22:38:35Z</time>
      </trkpt>
      <trkpt lat="8.604506" lon="-80.131454">
        <time>2026-08-19T22:38:36Z</time>
      </trkpt>
      <trkpt lat="8.604516" lon="-80.131470">
        <time>2026-08-19T22:38:37Z</time>
      </trkpt>
      <trkpt lat="8.604524" lon="-80.131485">
        <time>2026-08-19T22:38:38Z</time>
      </trkpt>
      <trkpt lat="8.604532" lon="-80.131502">
        <time>2026-08-19T22:38:39Z</time>
      </trkpt>
      <trkpt lat="8.604542" lon="-80.131521">
        <time>2026-08-19T22:38:40Z</time>
      </trkpt>
      <trkpt lat="8.604550" lon="-80.131541">
        <time>2026-08-19T22:38:41Z</time>
      </trkpt>
      <trkpt lat="8.604557" lon="-80.131561">
        <time>2026-08-19T22:38:42Z</time>
      </trkpt>
      <trkpt lat="8.604567" lon="-80.131579">
        <time>2026-08-19T22:38:43Z</time>
      </trkpt>
      <trkpt lat="8.604578" lon="-80.131596">
        <time>2026-08-19T22:38:44Z</time>
      </trkpt>
      <trkpt lat="8.604587" lon="-80.131613">
        <time>2026-08-19T22:38:45Z</time>
      </trkpt>
      <trkpt lat="8.604595" lon="-80.131632">
        <time>2026-08-19T22:38:46Z</time>
      </trkpt>
      <trkpt lat="8.604604" lon="-80.131649">
        <time>2026-08-19T22:38:47Z</time>
      </trkpt>
      <trkpt lat="8.604612" lon="-80.131665">
        <time>2026-08-19T22:38:48Z</time>
      </trkpt>
      <trkpt lat="8.604620" lon="-80.131681">
        <time>2026-08-19T22:38:49Z</time>
      </trkpt>
      <trkpt lat="8.604626" lon="-80.131700">
        <time>2026-08-19T22:38:50Z</time>
      </trkpt>
      <trkpt lat="8.604636" lon="-80.131719">
        <time>2026-08-19T22:38:51Z</time>
      </trkpt>
      <trkpt lat="8.604644" lon="-80.131736">
        <time>2026-08-19T22:38:52Z</time>
      </trkpt>
      <trkpt lat="8.604652" lon="-80.131754">
        <time>2026-08-19T22:38:53Z</time>
      </trkpt>
      <trkpt lat="8.604662" lon="-80.131774">
        <time>2026-08-19T22:38:54Z</time>
      </trkpt>
      <trkpt lat="8.604670" lon="-80.131789">
        <time>2026-08-19T22:38:55Z</time>
      </trkpt>
      <trkpt lat="8.604683" lon="-80.131807">
        <time>2026-08-19T22:38:56Z</time>
      </trkpt>
      <trkpt lat="8.604691" lon="-80.131827">
        <time>2026-08-19T22:38:57Z</time>
      </trkpt>
      <trkpt lat="8.604698" lon="-80.131844">
        <time>2026-08-19T22:38:58Z</time>
      </trkpt>
      <trkpt lat="8.604709" lon="-80.131860">
        <time>2026-08-19T22:38:59Z</time>
      </trkpt>
      <trkpt lat="8.604720" lon="-80.131880">
        <time>2026-08-19T22:39:00Z</time>
      </trkpt>
      <trkpt lat="8.604728" lon="-80.131896">
        <time>2026-08-19T22:39:01Z</time>
      </trkpt>
      <trkpt lat="8.604736" lon="-80.131914">
        <time>2026-08-19T22:39:02Z</time>
      </trkpt>
      <trkpt lat="8.604742" lon="-80.131933">
        <time>2026-08-19T22:39:03Z</time>
      </trkpt>
      <trkpt lat="8.604749" lon="-80.131952">
        <time>2026-08-19T22:39:04Z</time>
      </trkpt>
      <trkpt lat="8.604758" lon="-80.131973">
        <time>2026-08-19T22:39:05Z</time>
      </trkpt>
      <trkpt lat="8.604768" lon="-80.131994">
        <time>2026-08-19T22:39:06Z</time>
      </trkpt>
      <trkpt lat="8.604774" lon="-80.132009">
        <time>2026-08-19T22:39:07Z</time>
      </trkpt>
      <trkpt lat="8.604779" lon="-80.132026">
        <time>2026-08-19T22:39:08Z</time>
      </trkpt>
      <trkpt lat="8.604784" lon="-80.132046">
        <time>2026-08-19T22:39:09Z</time>
      </trkpt>
      <trkpt lat="8.604788" lon="-80.132064">
        <time>2026-08-19T22:39:10Z</time>
      </trkpt>
      <trkpt lat="8.604795" lon="-80.132083">
        <time>2026-08-19T22:39:11Z</time>
      </trkpt>
      <trkpt lat="8.604805" lon="-80.132104">
        <time>2026-08-19T22:39:12Z</time>
      </trkpt>
      <trkpt lat="8.604815" lon="-80.132123">
        <time>2026-08-19T22:39:13Z</time>
      </trkpt>
      <trkpt lat="8.604822" lon="-80.132145">
        <time>2026-08-19T22:39:14Z</time>
      </trkpt>
      <trkpt lat="8.604835" lon="-80.132168">
        <time>2026-08-19T22:39:15Z</time>
      </trkpt>
      <trkpt lat="8.604844" lon="-80.132192">
        <time>2026-08-19T22:39:16Z</time>
      </trkpt>
      <trkpt lat="8.604854" lon="-80.132213">
        <time>2026-08-19T22:39:17Z</time>
      </trkpt>
      <trkpt lat="8.604866" lon="-80.132231">
        <time>2026-08-19T22:39:18Z</time>
      </trkpt>
      <trkpt lat="8.604874" lon="-80.132248">
        <time>2026-08-19T22:39:19Z</time>
      </trkpt>
      <trkpt lat="8.604883" lon="-80.132267">
        <time>2026-08-19T22:39:20Z</time>
      </trkpt>
      <trkpt lat="8.604892" lon="-80.132283">
        <time>2026-08-19T22:39:21Z</time>
      </trkpt>
      <trkpt lat="8.604902" lon="-80.132301">
        <time>2026-08-19T22:39:22Z</time>
      </trkpt>
      <trkpt lat="8.604909" lon="-80.132319">
        <time>2026-08-19T22:39:23Z</time>
      </trkpt>
      <trkpt lat="8.604920" lon="-80.132337">
        <time>2026-08-19T22:39:24Z</time>
      </trkpt>
      <trkpt lat="8.604930" lon="-80.132358">
        <time>2026-08-19T22:39:25Z</time>
      </trkpt>
      <trkpt lat="8.604938" lon="-80.132377">
        <time>2026-08-19T22:39:26Z</time>
      </trkpt>
      <trkpt lat="8.604948" lon="-80.132398">
        <time>2026-08-19T22:39:27Z</time>
      </trkpt>
      <trkpt lat="8.604958" lon="-80.132422">
        <time>2026-08-19T22:39:28Z</time>
      </trkpt>
      <trkpt lat="8.604968" lon="-80.132441">
        <time>2026-08-19T22:39:29Z</time>
      </trkpt>
      <trkpt lat="8.604979" lon="-80.132461">
        <time>2026-08-19T22:39:30Z</time>
      </trkpt>
      <trkpt lat="8.604991" lon="-80.132484">
        <time>2026-08-19T22:39:31Z</time>
      </trkpt>
      <trkpt lat="8.605001" lon="-80.132506">
        <time>2026-08-19T22:39:32Z</time>
      </trkpt>
      <trkpt lat="8.605009" lon="-80.132524">
        <time>2026-08-19T22:39:33Z</time>
      </trkpt>
      <trkpt lat="8.605020" lon="-80.132545">
        <time>2026-08-19T22:39:34Z</time>
      </trkpt>
      <trkpt lat="8.605028" lon="-80.132562">
        <time>2026-08-19T22:39:35Z</time>
      </trkpt>
      <trkpt lat="8.605033" lon="-80.132579">
        <time>2026-08-19T22:39:36Z</time>
      </trkpt>
      <trkpt lat="8.605043" lon="-80.132598">
        <time>2026-08-19T22:39:37Z</time>
      </trkpt>
      <trkpt lat="8.605052" lon="-80.132618">
        <time>2026-08-19T22:39:38Z</time>
      </trkpt>
      <trkpt lat="8.605061" lon="-80.132635">
        <time>2026-08-19T22:39:39Z</time>
      </trkpt>
      <trkpt lat="8.605073" lon="-80.132656">
        <time>2026-08-19T22:39:40Z</time>
      </trkpt>
      <trkpt lat="8.605083" lon="-80.132674">
        <time>2026-08-19T22:39:41Z</time>
      </trkpt>
      <trkpt lat="8.605093" lon="-80.132693">
        <time>2026-08-19T22:39:42Z</time>
      </trkpt>
      <trkpt lat="8.605102" lon="-80.132714">
        <time>2026-08-19T22:39:43Z</time>
      </trkpt>
      <trkpt lat="8.605108" lon="-80.132735">
        <time>2026-08-19T22:39:44Z</time>
      </trkpt>
      <trkpt lat="8.605110" lon="-80.132756">
        <time>2026-08-19T22:39:45Z</time>
      </trkpt>
      <trkpt lat="8.605113" lon="-80.132779">
        <time>2026-08-19T22:39:46Z</time>
      </trkpt>
      <trkpt lat="8.605117" lon="-80.132799">
        <time>2026-08-19T22:39:47Z</time>
      </trkpt>
      <trkpt lat="8.605123" lon="-80.132821">
        <time>2026-08-19T22:39:48Z</time>
      </trkpt>
      <trkpt lat="8.605129" lon="-80.132844">
        <time>2026-08-19T22:39:49Z</time>
      </trkpt>
      <trkpt lat="8.605133" lon="-80.132863">
        <time>2026-08-19T22:39:50Z</time>
      </trkpt>
      <trkpt lat="8.605137" lon="-80.132885">
        <time>2026-08-19T22:39:51Z</time>
      </trkpt>
      <trkpt lat="8.605141" lon="-80.132907">
        <time>2026-08-19T22:39:52Z</time>
      </trkpt>
      <trkpt lat="8.605145" lon="-80.132927">
        <time>2026-08-19T22:39:53Z</time>
      </trkpt>
      <trkpt lat="8.605152" lon="-80.132949">
        <time>2026-08-19T22:39:54Z</time>
      </trkpt>
      <trkpt lat="8.605160" lon="-80.132970">
        <time>2026-08-19T22:39:55Z</time>
      </trkpt>
      <trkpt lat="8.605163" lon="-80.132991">
        <time>2026-08-19T22:39:56Z</time>
      </trkpt>
      <trkpt lat="8.605166" lon="-80.133016">
        <time>2026-08-19T22:39:57Z</time>
      </trkpt>
      <trkpt lat="8.605171" lon="-80.133040">
        <time>2026-08-19T22:39:58Z</time>
      </trkpt>
      <trkpt lat="8.605179" lon="-80.133065">
        <time>2026-08-19T22:39:59Z</time>
      </trkpt>
      <trkpt lat="8.605187" lon="-80.133086">
        <time>2026-08-19T22:40:00Z</time>
      </trkpt>
      <trkpt lat="8.605198" lon="-80.133103">
        <time>2026-08-19T22:40:01Z</time>
      </trkpt>
      <trkpt lat="8.605205" lon="-80.133121">
        <time>2026-08-19T22:40:02Z</time>
      </trkpt>
      <trkpt lat="8.605214" lon="-80.133144">
        <time>2026-08-19T22:40:03Z</time>
      </trkpt>
      <trkpt lat="8.605218" lon="-80.133166">
        <time>2026-08-19T22:40:04Z</time>
      </trkpt>
      <trkpt lat="8.605222" lon="-80.133185">
        <time>2026-08-19T22:40:05Z</time>
      </trkpt>
      <trkpt lat="8.605231" lon="-80.133206">
        <time>2026-08-19T22:40:06Z</time>
      </trkpt>
      <trkpt lat="8.605239" lon="-80.133228">
        <time>2026-08-19T22:40:07Z</time>
      </trkpt>
      <trkpt lat="8.605247" lon="-80.133248">
        <time>2026-08-19T22:40:08Z</time>
      </trkpt>
      <trkpt lat="8.605258" lon="-80.133273">
        <time>2026-08-19T22:40:09Z</time>
      </trkpt>
      <trkpt lat="8.605271" lon="-80.133294">
        <time>2026-08-19T22:40:10Z</time>
      </trkpt>
      <trkpt lat="8.605281" lon="-80.133317">
        <time>2026-08-19T22:40:11Z</time>
      </trkpt>
      <trkpt lat="8.605291" lon="-80.133334">
        <time>2026-08-19T22:40:12Z</time>
      </trkpt>
      <trkpt lat="8.605299" lon="-80.133356">
        <time>2026-08-19T22:40:13Z</time>
      </trkpt>
      <trkpt lat="8.605303" lon="-80.133369">
        <time>2026-08-19T22:40:14Z</time>
      </trkpt>
      <trkpt lat="8.605313" lon="-80.133382">
        <time>2026-08-19T22:40:15Z</time>
      </trkpt>
      <trkpt lat="8.605321" lon="-80.133398">
        <time>2026-08-19T22:40:16Z</time>
      </trkpt>
      <trkpt lat="8.605327" lon="-80.133416">
        <time>2026-08-19T22:40:17Z</time>
      </trkpt>
      <trkpt lat="8.605335" lon="-80.133436">
        <time>2026-08-19T22:40:18Z</time>
      </trkpt>
      <trkpt lat="8.605341" lon="-80.133454">
        <time>2026-08-19T22:40:19Z</time>
      </trkpt>
      <trkpt lat="8.605345" lon="-80.133471">
        <time>2026-08-19T22:40:20Z</time>
      </trkpt>
      <trkpt lat="8.605353" lon="-80.133491">
        <time>2026-08-19T22:40:21Z</time>
      </trkpt>
      <trkpt lat="8.605364" lon="-80.133516">
        <time>2026-08-19T22:40:22Z</time>
      </trkpt>
      <trkpt lat="8.605372" lon="-80.133537">
        <time>2026-08-19T22:40:23Z</time>
      </trkpt>
      <trkpt lat="8.605383" lon="-80.133561">
        <time>2026-08-19T22:40:24Z</time>
      </trkpt>
      <trkpt lat="8.605394" lon="-80.133588">
        <time>2026-08-19T22:40:25Z</time>
      </trkpt>
      <trkpt lat="8.605402" lon="-80.133607">
        <time>2026-08-19T22:40:26Z</time>
      </trkpt>
      <trkpt lat="8.605409" lon="-80.133621">
        <time>2026-08-19T22:40:27Z</time>
      </trkpt>
      <trkpt lat="8.605417" lon="-80.133643">
        <time>2026-08-19T22:40:28Z</time>
      </trkpt>
      <trkpt lat="8.605425" lon="-80.133666">
        <time>2026-08-19T22:40:29Z</time>
      </trkpt>
      <trkpt lat="8.605432" lon="-80.133688">
        <time>2026-08-19T22:40:30Z</time>
      </trkpt>
      <trkpt lat="8.605441" lon="-80.133711">
        <time>2026-08-19T22:40:31Z</time>
      </trkpt>
      <trkpt lat="8.605451" lon="-80.133735">
        <time>2026-08-19T22:40:32Z</time>
      </trkpt>
      <trkpt lat="8.605461" lon="-80.133756">
        <time>2026-08-19T22:40:33Z</time>
      </trkpt>
      <trkpt lat="8.605471" lon="-80.133775">
        <time>2026-08-19T22:40:34Z</time>
      </trkpt>
      <trkpt lat="8.605479" lon="-80.133794">
        <time>2026-08-19T22:40:35Z</time>
      </trkpt>
      <trkpt lat="8.605486" lon="-80.133809">
        <time>2026-08-19T22:40:36Z</time>
      </trkpt>
      <trkpt lat="8.605494" lon="-80.133829">
        <time>2026-08-19T22:40:37Z</time>
      </trkpt>
      <trkpt lat="8.605499" lon="-80.133844">
        <time>2026-08-19T22:40:38Z</time>
      </trkpt>
      <trkpt lat="8.605509" lon="-80.133863">
        <time>2026-08-19T22:40:39Z</time>
      </trkpt>
      <trkpt lat="8.605517" lon="-80.133882">
        <time>2026-08-19T22:40:40Z</time>
      </trkpt>
      <trkpt lat="8.605519" lon="-80.133898">
        <time>2026-08-19T22:40:41Z</time>
      </trkpt>
      <trkpt lat="8.605527" lon="-80.133918">
        <time>2026-08-19T22:40:42Z</time>
      </trkpt>
      <trkpt lat="8.605536" lon="-80.133941">
        <time>2026-08-19T22:40:43Z</time>
      </trkpt>
      <trkpt lat="8.605543" lon="-80.133964">
        <time>2026-08-19T22:40:44Z</time>
      </trkpt>
      <trkpt lat="8.605551" lon="-80.133982">
        <time>2026-08-19T22:40:45Z</time>
      </trkpt>
      <trkpt lat="8.605557" lon="-80.134005">
        <time>2026-08-19T22:40:46Z</time>
      </trkpt>
      <trkpt lat="8.605563" lon="-80.134025">
        <time>2026-08-19T22:40:47Z</time>
      </trkpt>
      <trkpt lat="8.605571" lon="-80.134046">
        <time>2026-08-19T22:40:48Z</time>
      </trkpt>
      <trkpt lat="8.605579" lon="-80.134068">
        <time>2026-08-19T22:40:49Z</time>
      </trkpt>
      <trkpt lat="8.605585" lon="-80.134090">
        <time>2026-08-19T22:40:50Z</time>
      </trkpt>
      <trkpt lat="8.605589" lon="-80.134106">
        <time>2026-08-19T22:40:51Z</time>
      </trkpt>
      <trkpt lat="8.605592" lon="-80.134126">
        <time>2026-08-19T22:40:52Z</time>
      </trkpt>
      <trkpt lat="8.605596" lon="-80.134146">
        <time>2026-08-19T22:40:53Z</time>
      </trkpt>
      <trkpt lat="8.605600" lon="-80.134162">
        <time>2026-08-19T22:40:54Z</time>
      </trkpt>
      <trkpt lat="8.605606" lon="-80.134178">
        <time>2026-08-19T22:40:55Z</time>
      </trkpt>
      <trkpt lat="8.605609" lon="-80.134196">
        <time>2026-08-19T22:40:56Z</time>
      </trkpt>
      <trkpt lat="8.605614" lon="-80.134215">
        <time>2026-08-19T22:40:57Z</time>
      </trkpt>
      <trkpt lat="8.605622" lon="-80.134237">
        <time>2026-08-19T22:40:58Z</time>
      </trkpt>
      <trkpt lat="8.605627" lon="-80.134259">
        <time>2026-08-19T22:40:59Z</time>
      </trkpt>
      <trkpt lat="8.605632" lon="-80.134277">
        <time>2026-08-19T22:41:00Z</time>
      </trkpt>
      <trkpt lat="8.605641" lon="-80.134297">
        <time>2026-08-19T22:41:01Z</time>
      </trkpt>
      <trkpt lat="8.605645" lon="-80.134316">
        <time>2026-08-19T22:41:02Z</time>
      </trkpt>
      <trkpt lat="8.605648" lon="-80.134335">
        <time>2026-08-19T22:41:03Z</time>
      </trkpt>
      <trkpt lat="8.605655" lon="-80.134356">
        <time>2026-08-19T22:41:04Z</time>
      </trkpt>
      <trkpt lat="8.605658" lon="-80.134378">
        <time>2026-08-19T22:41:05Z</time>
      </trkpt>
      <trkpt lat="8.605661" lon="-80.134402">
        <time>2026-08-19T22:41:06Z</time>
      </trkpt>
      <trkpt lat="8.605669" lon="-80.134426">
        <time>2026-08-19T22:41:07Z</time>
      </trkpt>
      <trkpt lat="8.605680" lon="-80.134450">
        <time>2026-08-19T22:41:08Z</time>
      </trkpt>
      <trkpt lat="8.605680" lon="-80.134466">
        <time>2026-08-19T22:41:09Z</time>
      </trkpt>
      <trkpt lat="8.605683" lon="-80.134481">
        <time>2026-08-19T22:41:10Z</time>
      </trkpt>
      <trkpt lat="8.605691" lon="-80.134502">
        <time>2026-08-19T22:41:11Z</time>
      </trkpt>
      <trkpt lat="8.605695" lon="-80.134522">
        <time>2026-08-19T22:41:12Z</time>
      </trkpt>
      <trkpt lat="8.605698" lon="-80.134537">
        <time>2026-08-19T22:41:13Z</time>
      </trkpt>
      <trkpt lat="8.605699" lon="-80.134553">
        <time>2026-08-19T22:41:14Z</time>
      </trkpt>
      <trkpt lat="8.605698" lon="-80.134571">
        <time>2026-08-19T22:41:15Z</time>
      </trkpt>
      <trkpt lat="8.605701" lon="-80.134591">
        <time>2026-08-19T22:41:16Z</time>
      </trkpt>
      <trkpt lat="8.605705" lon="-80.134608">
        <time>2026-08-19T22:41:17Z</time>
      </trkpt>
      <trkpt lat="8.605708" lon="-80.134628">
        <time>2026-08-19T22:41:18Z</time>
      </trkpt>
      <trkpt lat="8.605713" lon="-80.134650">
        <time>2026-08-19T22:41:19Z</time>
      </trkpt>
      <trkpt lat="8.605720" lon="-80.134674">
        <time>2026-08-19T22:41:20Z</time>
      </trkpt>
      <trkpt lat="8.605725" lon="-80.134696">
        <time>2026-08-19T22:41:21Z</time>
      </trkpt>
      <trkpt lat="8.605731" lon="-80.134716">
        <time>2026-08-19T22:41:22Z</time>
      </trkpt>
      <trkpt lat="8.605736" lon="-80.134735">
        <time>2026-08-19T22:41:23Z</time>
      </trkpt>
      <trkpt lat="8.605743" lon="-80.134756">
        <time>2026-08-19T22:41:24Z</time>
      </trkpt>
      <trkpt lat="8.605745" lon="-80.134772">
        <time>2026-08-19T22:41:25Z</time>
      </trkpt>
      <trkpt lat="8.605753" lon="-80.134788">
        <time>2026-08-19T22:41:26Z</time>
      </trkpt>
      <trkpt lat="8.605764" lon="-80.134800">
        <time>2026-08-19T22:41:27Z</time>
      </trkpt>
      <trkpt lat="8.605770" lon="-80.134818">
        <time>2026-08-19T22:41:28Z</time>
      </trkpt>
      <trkpt lat="8.605770" lon="-80.134832">
        <time>2026-08-19T22:41:29Z</time>
      </trkpt>
      <trkpt lat="8.605769" lon="-80.134847">
        <time>2026-08-19T22:41:30Z</time>
      </trkpt>
      <trkpt lat="8.605772" lon="-80.134865">
        <time>2026-08-19T22:41:31Z</time>
      </trkpt>
      <trkpt lat="8.605774" lon="-80.134882">
        <time>2026-08-19T22:41:32Z</time>
      </trkpt>
      <trkpt lat="8.605778" lon="-80.134902">
        <time>2026-08-19T22:41:33Z</time>
      </trkpt>
      <trkpt lat="8.605786" lon="-80.134924">
        <time>2026-08-19T22:41:34Z</time>
      </trkpt>
      <trkpt lat="8.605796" lon="-80.134941">
        <time>2026-08-19T22:41:35Z</time>
      </trkpt>
      <trkpt lat="8.605802" lon="-80.134957">
        <time>2026-08-19T22:41:36Z</time>
      </trkpt>
      <trkpt lat="8.605806" lon="-80.134978">
        <time>2026-08-19T22:41:37Z</time>
      </trkpt>
      <trkpt lat="8.605810" lon="-80.134995">
        <time>2026-08-19T22:41:38Z</time>
      </trkpt>
      <trkpt lat="8.605817" lon="-80.135012">
        <time>2026-08-19T22:41:39Z</time>
      </trkpt>
      <trkpt lat="8.605822" lon="-80.135027">
        <time>2026-08-19T22:41:40Z</time>
      </trkpt>
      <trkpt lat="8.605825" lon="-80.135041">
        <time>2026-08-19T22:41:41Z</time>
      </trkpt>
      <trkpt lat="8.605827" lon="-80.135054">
        <time>2026-08-19T22:41:42Z</time>
      </trkpt>
      <trkpt lat="8.605830" lon="-80.135065">
        <time>2026-08-19T22:41:43Z</time>
      </trkpt>
      <trkpt lat="8.605830" lon="-80.135079">
        <time>2026-08-19T22:41:44Z</time>
      </trkpt>
      <trkpt lat="8.605828" lon="-80.135090">
        <time>2026-08-19T22:41:45Z</time>
      </trkpt>
      <trkpt lat="8.605829" lon="-80.135107">
        <time>2026-08-19T22:41:46Z</time>
      </trkpt>
      <trkpt lat="8.605834" lon="-80.135127">
        <time>2026-08-19T22:41:47Z</time>
      </trkpt>
      <trkpt lat="8.605839" lon="-80.135149">
        <time>2026-08-19T22:41:48Z</time>
      </trkpt>
      <trkpt lat="8.605843" lon="-80.135169">
        <time>2026-08-19T22:41:49Z</time>
      </trkpt>
      <trkpt lat="8.605851" lon="-80.135191">
        <time>2026-08-19T22:41:50Z</time>
      </trkpt>
      <trkpt lat="8.605859" lon="-80.135214">
        <time>2026-08-19T22:41:51Z</time>
      </trkpt>
      <trkpt lat="8.605862" lon="-80.135234">
        <time>2026-08-19T22:41:52Z</time>
      </trkpt>
      <trkpt lat="8.605863" lon="-80.135248">
        <time>2026-08-19T22:41:53Z</time>
      </trkpt>
      <trkpt lat="8.605869" lon="-80.135268">
        <time>2026-08-19T22:41:54Z</time>
      </trkpt>
      <trkpt lat="8.605876" lon="-80.135285">
        <time>2026-08-19T22:41:55Z</time>
      </trkpt>
      <trkpt lat="8.605878" lon="-80.135302">
        <time>2026-08-19T22:41:56Z</time>
      </trkpt>
      <trkpt lat="8.605879" lon="-80.135319">
        <time>2026-08-19T22:41:57Z</time>
      </trkpt>
      <trkpt lat="8.605884" lon="-80.135353">
        <time>2026-08-19T22:41:58Z</time>
      </trkpt>
      <trkpt lat="8.605884" lon="-80.135353">
        <time>2026-08-19T22:41:59Z</time>
      </trkpt>
      <trkpt lat="8.605882" lon="-80.135366">
        <time>2026-08-19T22:42:00Z</time>
      </trkpt>
      <trkpt lat="8.605884" lon="-80.135384">
        <time>2026-08-19T22:42:01Z</time>
      </trkpt>
      <trkpt lat="8.605888" lon="-80.135408">
        <time>2026-08-19T22:42:02Z</time>
      </trkpt>
      <trkpt lat="8.605890" lon="-80.135431">
        <time>2026-08-19T22:42:03Z</time>
      </trkpt>
      <trkpt lat="8.605894" lon="-80.135455">
        <time>2026-08-19T22:42:04Z</time>
      </trkpt>
      <trkpt lat="8.605897" lon="-80.135476">
        <time>2026-08-19T22:42:05Z</time>
      </trkpt>
      <trkpt lat="8.605896" lon="-80.135490">
        <time>2026-08-19T22:42:06Z</time>
      </trkpt>
      <trkpt lat="8.605893" lon="-80.135503">
        <time>2026-08-19T22:42:07Z</time>
      </trkpt>
      <trkpt lat="8.605891" lon="-80.135519">
        <time>2026-08-19T22:42:08Z</time>
      </trkpt>
      <trkpt lat="8.605889" lon="-80.135533">
        <time>2026-08-19T22:42:09Z</time>
      </trkpt>
      <trkpt lat="8.605885" lon="-80.135548">
        <time>2026-08-19T22:42:10Z</time>
      </trkpt>
      <trkpt lat="8.605883" lon="-80.135563">
        <time>2026-08-19T22:42:11Z</time>
      </trkpt>
      <trkpt lat="8.605887" lon="-80.135574">
        <time>2026-08-19T22:42:12Z</time>
      </trkpt>
      <trkpt lat="8.605879" lon="-80.135585">
        <time>2026-08-19T22:42:13Z</time>
      </trkpt>
      <trkpt lat="8.605872" lon="-80.135596">
        <time>2026-08-19T22:42:14Z</time>
      </trkpt>
      <trkpt lat="8.605869" lon="-80.135609">
        <time>2026-08-19T22:42:15Z</time>
      </trkpt>
      <trkpt lat="8.605865" lon="-80.135624">
        <time>2026-08-19T22:42:16Z</time>
      </trkpt>
      <trkpt lat="8.605863" lon="-80.135639">
        <time>2026-08-19T22:42:17Z</time>
      </trkpt>
      <trkpt lat="8.605861" lon="-80.135651">
        <time>2026-08-19T22:42:18Z</time>
      </trkpt>
      <trkpt lat="8.605858" lon="-80.135664">
        <time>2026-08-19T22:42:19Z</time>
      </trkpt>
      <trkpt lat="8.605853" lon="-80.135675">
        <time>2026-08-19T22:42:20Z</time>
      </trkpt>
      <trkpt lat="8.605848" lon="-80.135688">
        <time>2026-08-19T22:42:21Z</time>
      </trkpt>
      <trkpt lat="8.605840" lon="-80.135703">
        <time>2026-08-19T22:42:22Z</time>
      </trkpt>
      <trkpt lat="8.605829" lon="-80.135728">
        <time>2026-08-19T22:42:23Z</time>
      </trkpt>
      <trkpt lat="8.605829" lon="-80.135728">
        <time>2026-08-19T22:42:24Z</time>
      </trkpt>
      <trkpt lat="8.605825" lon="-80.135741">
        <time>2026-08-19T22:42:25Z</time>
      </trkpt>
      <trkpt lat="8.605822" lon="-80.135751">
        <time>2026-08-19T22:42:26Z</time>
      </trkpt>
      <trkpt lat="8.605820" lon="-80.135766">
        <time>2026-08-19T22:42:27Z</time>
      </trkpt>
      <trkpt lat="8.605820" lon="-80.135780">
        <time>2026-08-19T22:42:28Z</time>
      </trkpt>
      <trkpt lat="8.605823" lon="-80.135791">
        <time>2026-08-19T22:42:29Z</time>
      </trkpt>
      <trkpt lat="8.605825" lon="-80.135806">
        <time>2026-08-19T22:42:30Z</time>
      </trkpt>
      <trkpt lat="8.605828" lon="-80.135821">
        <time>2026-08-19T22:42:31Z</time>
      </trkpt>
      <trkpt lat="8.605831" lon="-80.135837">
        <time>2026-08-19T22:42:32Z</time>
      </trkpt>
      <trkpt lat="8.605835" lon="-80.135856">
        <time>2026-08-19T22:42:33Z</time>
      </trkpt>
      <trkpt lat="8.605840" lon="-80.135878">
        <time>2026-08-19T22:42:34Z</time>
      </trkpt>
      <trkpt lat="8.605843" lon="-80.135900">
        <time>2026-08-19T22:42:35Z</time>
      </trkpt>
      <trkpt lat="8.605846" lon="-80.135922">
        <time>2026-08-19T22:42:36Z</time>
      </trkpt>
      <trkpt lat="8.605850" lon="-80.135948">
        <time>2026-08-19T22:42:37Z</time>
      </trkpt>
      <trkpt lat="8.605852" lon="-80.135975">
        <time>2026-08-19T22:42:38Z</time>
      </trkpt>
      <trkpt lat="8.605854" lon="-80.135999">
        <time>2026-08-19T22:42:39Z</time>
      </trkpt>
      <trkpt lat="8.605857" lon="-80.136024">
        <time>2026-08-19T22:42:40Z</time>
      </trkpt>
      <trkpt lat="8.605860" lon="-80.136044">
        <time>2026-08-19T22:42:41Z</time>
      </trkpt>
      <trkpt lat="8.605863" lon="-80.136066">
        <time>2026-08-19T22:42:42Z</time>
      </trkpt>
      <trkpt lat="8.605866" lon="-80.136093">
        <time>2026-08-19T22:42:43Z</time>
      </trkpt>
      <trkpt lat="8.605871" lon="-80.136119">
        <time>2026-08-19T22:42:44Z</time>
      </trkpt>
      <trkpt lat="8.605876" lon="-80.136141">
        <time>2026-08-19T22:42:45Z</time>
      </trkpt>
      <trkpt lat="8.605882" lon="-80.136165">
        <time>2026-08-19T22:42:46Z</time>
      </trkpt>
      <trkpt lat="8.605885" lon="-80.136188">
        <time>2026-08-19T22:42:47Z</time>
      </trkpt>
      <trkpt lat="8.605892" lon="-80.136208">
        <time>2026-08-19T22:42:48Z</time>
      </trkpt>
      <trkpt lat="8.605898" lon="-80.136231">
        <time>2026-08-19T22:42:49Z</time>
      </trkpt>
      <trkpt lat="8.605900" lon="-80.136256">
        <time>2026-08-19T22:42:50Z</time>
      </trkpt>
      <trkpt lat="8.605903" lon="-80.136279">
        <time>2026-08-19T22:42:51Z</time>
      </trkpt>
      <trkpt lat="8.605915" lon="-80.136326">
        <time>2026-08-19T22:42:52Z</time>
      </trkpt>
      <trkpt lat="8.605915" lon="-80.136326">
        <time>2026-08-19T22:42:53Z</time>
      </trkpt>
      <trkpt lat="8.605927" lon="-80.136350">
        <time>2026-08-19T22:42:54Z</time>
      </trkpt>
      <trkpt lat="8.605934" lon="-80.136370">
        <time>2026-08-19T22:42:55Z</time>
      </trkpt>
      <trkpt lat="8.605939" lon="-80.136392">
        <time>2026-08-19T22:42:56Z</time>
      </trkpt>
      <trkpt lat="8.605946" lon="-80.136414">
        <time>2026-08-19T22:42:57Z</time>
      </trkpt>
      <trkpt lat="8.605954" lon="-80.136436">
        <time>2026-08-19T22:42:58Z</time>
      </trkpt>
      <trkpt lat="8.605961" lon="-80.136457">
        <time>2026-08-19T22:42:59Z</time>
      </trkpt>
      <trkpt lat="8.605966" lon="-80.136476">
        <time>2026-08-19T22:43:00Z</time>
      </trkpt>
      <trkpt lat="8.605975" lon="-80.136495">
        <time>2026-08-19T22:43:01Z</time>
      </trkpt>
      <trkpt lat="8.605985" lon="-80.136514">
        <time>2026-08-19T22:43:02Z</time>
      </trkpt>
      <trkpt lat="8.605993" lon="-80.136532">
        <time>2026-08-19T22:43:03Z</time>
      </trkpt>
      <trkpt lat="8.606003" lon="-80.136548">
        <time>2026-08-19T22:43:04Z</time>
      </trkpt>
      <trkpt lat="8.606011" lon="-80.136564">
        <time>2026-08-19T22:43:05Z</time>
      </trkpt>
      <trkpt lat="8.606009" lon="-80.136577">
        <time>2026-08-19T22:43:06Z</time>
      </trkpt>
      <trkpt lat="8.606001" lon="-80.136589">
        <time>2026-08-19T22:43:07Z</time>
      </trkpt>
      <trkpt lat="8.605978" lon="-80.136597">
        <time>2026-08-19T22:43:08Z</time>
      </trkpt>
      <trkpt lat="8.605978" lon="-80.136597">
        <time>2026-08-19T22:43:09Z</time>
      </trkpt>
      <trkpt lat="8.605963" lon="-80.136598">
        <time>2026-08-19T22:43:10Z</time>
      </trkpt>
      <trkpt lat="8.605944" lon="-80.136594">
        <time>2026-08-19T22:43:11Z</time>
      </trkpt>
      <trkpt lat="8.605924" lon="-80.136594">
        <time>2026-08-19T22:43:12Z</time>
      </trkpt>
      <trkpt lat="8.605901" lon="-80.136595">
        <time>2026-08-19T22:43:13Z</time>
      </trkpt>
      <trkpt lat="8.605880" lon="-80.136596">
        <time>2026-08-19T22:43:14Z</time>
      </trkpt>
      <trkpt lat="8.605855" lon="-80.136598">
        <time>2026-08-19T22:43:15Z</time>
      </trkpt>
      <trkpt lat="8.605832" lon="-80.136600">
        <time>2026-08-19T22:43:16Z</time>
      </trkpt>
      <trkpt lat="8.605810" lon="-80.136603">
        <time>2026-08-19T22:43:17Z</time>
      </trkpt>
      <trkpt lat="8.605786" lon="-80.136607">
        <time>2026-08-19T22:43:18Z</time>
      </trkpt>
      <trkpt lat="8.605762" lon="-80.136606">
        <time>2026-08-19T22:43:19Z</time>
      </trkpt>
      <trkpt lat="8.605741" lon="-80.136607">
        <time>2026-08-19T22:43:20Z</time>
      </trkpt>
      <trkpt lat="8.605717" lon="-80.136609">
        <time>2026-08-19T22:43:21Z</time>
      </trkpt>
      <trkpt lat="8.605692" lon="-80.136613">
        <time>2026-08-19T22:43:22Z</time>
      </trkpt>
      <trkpt lat="8.605668" lon="-80.136616">
        <time>2026-08-19T22:43:23Z</time>
      </trkpt>
      <trkpt lat="8.605643" lon="-80.136619">
        <time>2026-08-19T22:43:24Z</time>
      </trkpt>
      <trkpt lat="8.605619" lon="-80.136621">
        <time>2026-08-19T22:43:25Z</time>
      </trkpt>
      <trkpt lat="8.605596" lon="-80.136621">
        <time>2026-08-19T22:43:26Z</time>
      </trkpt>
      <trkpt lat="8.605571" lon="-80.136622">
        <time>2026-08-19T22:43:27Z</time>
      </trkpt>
      <trkpt lat="8.605547" lon="-80.136628">
        <time>2026-08-19T22:43:28Z</time>
      </trkpt>
      <trkpt lat="8.605524" lon="-80.136631">
        <time>2026-08-19T22:43:29Z</time>
      </trkpt>
      <trkpt lat="8.605498" lon="-80.136633">
        <time>2026-08-19T22:43:30Z</time>
      </trkpt>
      <trkpt lat="8.605474" lon="-80.136635">
        <time>2026-08-19T22:43:31Z</time>
      </trkpt>
      <trkpt lat="8.605452" lon="-80.136637">
        <time>2026-08-19T22:43:32Z</time>
      </trkpt>
      <trkpt lat="8.605429" lon="-80.136639">
        <time>2026-08-19T22:43:33Z</time>
      </trkpt>
      <trkpt lat="8.605405" lon="-80.136641">
        <time>2026-08-19T22:43:34Z</time>
      </trkpt>
      <trkpt lat="8.605381" lon="-80.136645">
        <time>2026-08-19T22:43:35Z</time>
      </trkpt>
      <trkpt lat="8.605356" lon="-80.136650">
        <time>2026-08-19T22:43:36Z</time>
      </trkpt>
      <trkpt lat="8.605330" lon="-80.136652">
        <time>2026-08-19T22:43:37Z</time>
      </trkpt>
      <trkpt lat="8.605305" lon="-80.136657">
        <time>2026-08-19T22:43:38Z</time>
      </trkpt>
      <trkpt lat="8.605282" lon="-80.136663">
        <time>2026-08-19T22:43:39Z</time>
      </trkpt>
      <trkpt lat="8.605258" lon="-80.136666">
        <time>2026-08-19T22:43:40Z</time>
      </trkpt>
      <trkpt lat="8.605233" lon="-80.136666">
        <time>2026-08-19T22:43:41Z</time>
      </trkpt>
      <trkpt lat="8.605206" lon="-80.136670">
        <time>2026-08-19T22:43:42Z</time>
      </trkpt>
      <trkpt lat="8.605183" lon="-80.136672">
        <time>2026-08-19T22:43:43Z</time>
      </trkpt>
      <trkpt lat="8.605164" lon="-80.136677">
        <time>2026-08-19T22:43:44Z</time>
      </trkpt>
      <trkpt lat="8.605141" lon="-80.136681">
        <time>2026-08-19T22:43:45Z</time>
      </trkpt>
      <trkpt lat="8.605121" lon="-80.136685">
        <time>2026-08-19T22:43:46Z</time>
      </trkpt>
      <trkpt lat="8.605096" lon="-80.136685">
        <time>2026-08-19T22:43:47Z</time>
      </trkpt>
      <trkpt lat="8.605071" lon="-80.136684">
        <time>2026-08-19T22:43:48Z</time>
      </trkpt>
      <trkpt lat="8.605046" lon="-80.136689">
        <time>2026-08-19T22:43:49Z</time>
      </trkpt>
      <trkpt lat="8.605021" lon="-80.136688">
        <time>2026-08-19T22:43:50Z</time>
      </trkpt>
      <trkpt lat="8.604993" lon="-80.136685">
        <time>2026-08-19T22:43:51Z</time>
      </trkpt>
      <trkpt lat="8.604967" lon="-80.136682">
        <time>2026-08-19T22:43:52Z</time>
      </trkpt>
      <trkpt lat="8.604942" lon="-80.136684">
        <time>2026-08-19T22:43:53Z</time>
      </trkpt>
      <trkpt lat="8.604920" lon="-80.136687">
        <time>2026-08-19T22:43:54Z</time>
      </trkpt>
      <trkpt lat="8.604897" lon="-80.136689">
        <time>2026-08-19T22:43:55Z</time>
      </trkpt>
      <trkpt lat="8.604873" lon="-80.136691">
        <time>2026-08-19T22:43:56Z</time>
      </trkpt>
      <trkpt lat="8.604849" lon="-80.136695">
        <time>2026-08-19T22:43:57Z</time>
      </trkpt>
      <trkpt lat="8.604823" lon="-80.136701">
        <time>2026-08-19T22:43:58Z</time>
      </trkpt>
      <trkpt lat="8.604798" lon="-80.136708">
        <time>2026-08-19T22:43:59Z</time>
      </trkpt>
      <trkpt lat="8.604778" lon="-80.136712">
        <time>2026-08-19T22:44:00Z</time>
      </trkpt>
      <trkpt lat="8.604757" lon="-80.136716">
        <time>2026-08-19T22:44:01Z</time>
      </trkpt>
      <trkpt lat="8.604734" lon="-80.136719">
        <time>2026-08-19T22:44:02Z</time>
      </trkpt>
      <trkpt lat="8.604709" lon="-80.136720">
        <time>2026-08-19T22:44:03Z</time>
      </trkpt>
      <trkpt lat="8.604685" lon="-80.136724">
        <time>2026-08-19T22:44:04Z</time>
      </trkpt>
      <trkpt lat="8.604659" lon="-80.136730">
        <time>2026-08-19T22:44:05Z</time>
      </trkpt>
      <trkpt lat="8.604636" lon="-80.136734">
        <time>2026-08-19T22:44:06Z</time>
      </trkpt>
      <trkpt lat="8.604610" lon="-80.136739">
        <time>2026-08-19T22:44:07Z</time>
      </trkpt>
      <trkpt lat="8.604585" lon="-80.136737">
        <time>2026-08-19T22:44:08Z</time>
      </trkpt>
      <trkpt lat="8.604562" lon="-80.136742">
        <time>2026-08-19T22:44:09Z</time>
      </trkpt>
      <trkpt lat="8.604540" lon="-80.136751">
        <time>2026-08-19T22:44:10Z</time>
      </trkpt>
      <trkpt lat="8.604517" lon="-80.136757">
        <time>2026-08-19T22:44:11Z</time>
      </trkpt>
      <trkpt lat="8.604495" lon="-80.136759">
        <time>2026-08-19T22:44:12Z</time>
      </trkpt>
      <trkpt lat="8.604473" lon="-80.136759">
        <time>2026-08-19T22:44:13Z</time>
      </trkpt>
      <trkpt lat="8.604448" lon="-80.136762">
        <time>2026-08-19T22:44:14Z</time>
      </trkpt>
      <trkpt lat="8.604427" lon="-80.136766">
        <time>2026-08-19T22:44:15Z</time>
      </trkpt>
      <trkpt lat="8.604405" lon="-80.136768">
        <time>2026-08-19T22:44:16Z</time>
      </trkpt>
      <trkpt lat="8.604386" lon="-80.136767">
        <time>2026-08-19T22:44:17Z</time>
      </trkpt>
      <trkpt lat="8.604368" lon="-80.136768">
        <time>2026-08-19T22:44:18Z</time>
      </trkpt>
      <trkpt lat="8.604347" lon="-80.136772">
        <time>2026-08-19T22:44:19Z</time>
      </trkpt>
      <trkpt lat="8.604327" lon="-80.136774">
        <time>2026-08-19T22:44:20Z</time>
      </trkpt>
      <trkpt lat="8.604307" lon="-80.136776">
        <time>2026-08-19T22:44:21Z</time>
      </trkpt>
      <trkpt lat="8.604283" lon="-80.136778">
        <time>2026-08-19T22:44:22Z</time>
      </trkpt>
      <trkpt lat="8.604261" lon="-80.136779">
        <time>2026-08-19T22:44:23Z</time>
      </trkpt>
      <trkpt lat="8.604239" lon="-80.136778">
        <time>2026-08-19T22:44:24Z</time>
      </trkpt>
      <trkpt lat="8.604216" lon="-80.136783">
        <time>2026-08-19T22:44:25Z</time>
      </trkpt>
      <trkpt lat="8.604194" lon="-80.136782">
        <time>2026-08-19T22:44:26Z</time>
      </trkpt>
      <trkpt lat="8.604171" lon="-80.136782">
        <time>2026-08-19T22:44:27Z</time>
      </trkpt>
      <trkpt lat="8.604149" lon="-80.136784">
        <time>2026-08-19T22:44:28Z</time>
      </trkpt>
      <trkpt lat="8.604124" lon="-80.136784">
        <time>2026-08-19T22:44:29Z</time>
      </trkpt>
      <trkpt lat="8.604099" lon="-80.136784">
        <time>2026-08-19T22:44:30Z</time>
      </trkpt>
      <trkpt lat="8.604074" lon="-80.136786">
        <time>2026-08-19T22:44:31Z</time>
      </trkpt>
      <trkpt lat="8.604052" lon="-80.136788">
        <time>2026-08-19T22:44:32Z</time>
      </trkpt>
      <trkpt lat="8.604027" lon="-80.136790">
        <time>2026-08-19T22:44:33Z</time>
      </trkpt>
      <trkpt lat="8.604001" lon="-80.136794">
        <time>2026-08-19T22:44:34Z</time>
      </trkpt>
      <trkpt lat="8.603980" lon="-80.136797">
        <time>2026-08-19T22:44:35Z</time>
      </trkpt>
      <trkpt lat="8.603956" lon="-80.136801">
        <time>2026-08-19T22:44:36Z</time>
      </trkpt>
      <trkpt lat="8.603932" lon="-80.136803">
        <time>2026-08-19T22:44:37Z</time>
      </trkpt>
      <trkpt lat="8.603911" lon="-80.136808">
        <time>2026-08-19T22:44:38Z</time>
      </trkpt>
      <trkpt lat="8.603890" lon="-80.136813">
        <time>2026-08-19T22:44:39Z</time>
      </trkpt>
      <trkpt lat="8.603869" lon="-80.136817">
        <time>2026-08-19T22:44:40Z</time>
      </trkpt>
      <trkpt lat="8.603848" lon="-80.136818">
        <time>2026-08-19T22:44:41Z</time>
      </trkpt>
      <trkpt lat="8.603825" lon="-80.136820">
        <time>2026-08-19T22:44:42Z</time>
      </trkpt>
      <trkpt lat="8.603804" lon="-80.136823">
        <time>2026-08-19T22:44:43Z</time>
      </trkpt>
      <trkpt lat="8.603783" lon="-80.136828">
        <time>2026-08-19T22:44:44Z</time>
      </trkpt>
      <trkpt lat="8.603760" lon="-80.136829">
        <time>2026-08-19T22:44:45Z</time>
      </trkpt>
      <trkpt lat="8.603739" lon="-80.136834">
        <time>2026-08-19T22:44:46Z</time>
      </trkpt>
      <trkpt lat="8.603715" lon="-80.136837">
        <time>2026-08-19T22:44:47Z</time>
      </trkpt>
      <trkpt lat="8.603689" lon="-80.136836">
        <time>2026-08-19T22:44:48Z</time>
      </trkpt>
      <trkpt lat="8.603667" lon="-80.136841">
        <time>2026-08-19T22:44:49Z</time>
      </trkpt>
      <trkpt lat="8.603645" lon="-80.136848">
        <time>2026-08-19T22:44:50Z</time>
      </trkpt>
      <trkpt lat="8.603625" lon="-80.136848">
        <time>2026-08-19T22:44:51Z</time>
      </trkpt>
      <trkpt lat="8.603607" lon="-80.136850">
        <time>2026-08-19T22:44:52Z</time>
      </trkpt>
      <trkpt lat="8.603587" lon="-80.136851">
        <time>2026-08-19T22:44:53Z</time>
      </trkpt>
      <trkpt lat="8.603566" lon="-80.136854">
        <time>2026-08-19T22:44:54Z</time>
      </trkpt>
      <trkpt lat="8.603544" lon="-80.136856">
        <time>2026-08-19T22:44:55Z</time>
      </trkpt>
      <trkpt lat="8.603518" lon="-80.136857">
        <time>2026-08-19T22:44:56Z</time>
      </trkpt>
      <trkpt lat="8.603492" lon="-80.136858">
        <time>2026-08-19T22:44:57Z</time>
      </trkpt>
      <trkpt lat="8.603465" lon="-80.136863">
        <time>2026-08-19T22:44:58Z</time>
      </trkpt>
      <trkpt lat="8.603438" lon="-80.136864">
        <time>2026-08-19T22:44:59Z</time>
      </trkpt>
      <trkpt lat="8.603413" lon="-80.136868">
        <time>2026-08-19T22:45:00Z</time>
      </trkpt>
      <trkpt lat="8.603392" lon="-80.136879">
        <time>2026-08-19T22:45:01Z</time>
      </trkpt>
      <trkpt lat="8.603368" lon="-80.136889">
        <time>2026-08-19T22:45:02Z</time>
      </trkpt>
      <trkpt lat="8.603343" lon="-80.136891">
        <time>2026-08-19T22:45:03Z</time>
      </trkpt>
      <trkpt lat="8.603322" lon="-80.136899">
        <time>2026-08-19T22:45:04Z</time>
      </trkpt>
      <trkpt lat="8.603297" lon="-80.136906">
        <time>2026-08-19T22:45:05Z</time>
      </trkpt>
      <trkpt lat="8.603271" lon="-80.136913">
        <time>2026-08-19T22:45:06Z</time>
      </trkpt>
      <trkpt lat="8.603246" lon="-80.136916">
        <time>2026-08-19T22:45:07Z</time>
      </trkpt>
      <trkpt lat="8.603220" lon="-80.136917">
        <time>2026-08-19T22:45:08Z</time>
      </trkpt>
      <trkpt lat="8.603196" lon="-80.136919">
        <time>2026-08-19T22:45:09Z</time>
      </trkpt>
      <trkpt lat="8.603170" lon="-80.136924">
        <time>2026-08-19T22:45:10Z</time>
      </trkpt>
      <trkpt lat="8.603142" lon="-80.136927">
        <time>2026-08-19T22:45:11Z</time>
      </trkpt>
      <trkpt lat="8.603117" lon="-80.136933">
        <time>2026-08-19T22:45:12Z</time>
      </trkpt>
      <trkpt lat="8.603091" lon="-80.136936">
        <time>2026-08-19T22:45:13Z</time>
      </trkpt>
      <trkpt lat="8.603068" lon="-80.136937">
        <time>2026-08-19T22:45:14Z</time>
      </trkpt>
      <trkpt lat="8.603045" lon="-80.136935">
        <time>2026-08-19T22:45:15Z</time>
      </trkpt>
      <trkpt lat="8.603021" lon="-80.136935">
        <time>2026-08-19T22:45:16Z</time>
      </trkpt>
      <trkpt lat="8.603000" lon="-80.136940">
        <time>2026-08-19T22:45:17Z</time>
      </trkpt>
      <trkpt lat="8.602975" lon="-80.136943">
        <time>2026-08-19T22:45:18Z</time>
      </trkpt>
      <trkpt lat="8.602951" lon="-80.136949">
        <time>2026-08-19T22:45:19Z</time>
      </trkpt>
      <trkpt lat="8.602929" lon="-80.136954">
        <time>2026-08-19T22:45:20Z</time>
      </trkpt>
      <trkpt lat="8.602903" lon="-80.136959">
        <time>2026-08-19T22:45:21Z</time>
      </trkpt>
      <trkpt lat="8.602877" lon="-80.136962">
        <time>2026-08-19T22:45:22Z</time>
      </trkpt>
      <trkpt lat="8.602854" lon="-80.136970">
        <time>2026-08-19T22:45:23Z</time>
      </trkpt>
      <trkpt lat="8.602832" lon="-80.136973">
        <time>2026-08-19T22:45:24Z</time>
      </trkpt>
      <trkpt lat="8.602810" lon="-80.136974">
        <time>2026-08-19T22:45:25Z</time>
      </trkpt>
      <trkpt lat="8.602787" lon="-80.136974">
        <time>2026-08-19T22:45:26Z</time>
      </trkpt>
      <trkpt lat="8.602761" lon="-80.136980">
        <time>2026-08-19T22:45:27Z</time>
      </trkpt>
      <trkpt lat="8.602733" lon="-80.136985">
        <time>2026-08-19T22:45:28Z</time>
      </trkpt>
      <trkpt lat="8.602708" lon="-80.136987">
        <time>2026-08-19T22:45:29Z</time>
      </trkpt>
      <trkpt lat="8.602682" lon="-80.136990">
        <time>2026-08-19T22:45:30Z</time>
      </trkpt>
      <trkpt lat="8.602657" lon="-80.136991">
        <time>2026-08-19T22:45:31Z</time>
      </trkpt>
      <trkpt lat="8.602631" lon="-80.136992">
        <time>2026-08-19T22:45:32Z</time>
      </trkpt>
      <trkpt lat="8.602607" lon="-80.136996">
        <time>2026-08-19T22:45:33Z</time>
      </trkpt>
      <trkpt lat="8.602584" lon="-80.136999">
        <time>2026-08-19T22:45:34Z</time>
      </trkpt>
      <trkpt lat="8.602561" lon="-80.137001">
        <time>2026-08-19T22:45:35Z</time>
      </trkpt>
      <trkpt lat="8.602534" lon="-80.137006">
        <time>2026-08-19T22:45:36Z</time>
      </trkpt>
      <trkpt lat="8.602509" lon="-80.137010">
        <time>2026-08-19T22:45:37Z</time>
      </trkpt>
      <trkpt lat="8.602486" lon="-80.137014">
        <time>2026-08-19T22:45:38Z</time>
      </trkpt>
      <trkpt lat="8.602437" lon="-80.137025">
        <time>2026-08-19T22:45:39Z</time>
      </trkpt>
      <trkpt lat="8.602414" lon="-80.137028">
        <time>2026-08-19T22:45:40Z</time>
      </trkpt>
      <trkpt lat="8.602414" lon="-80.137028">
        <time>2026-08-19T22:45:41Z</time>
      </trkpt>
      <trkpt lat="8.602366" lon="-80.137031">
        <time>2026-08-19T22:45:42Z</time>
      </trkpt>
      <trkpt lat="8.602366" lon="-80.137031">
        <time>2026-08-19T22:45:43Z</time>
      </trkpt>
      <trkpt lat="8.602340" lon="-80.137030">
        <time>2026-08-19T22:45:44Z</time>
      </trkpt>
      <trkpt lat="8.602293" lon="-80.137034">
        <time>2026-08-19T22:45:45Z</time>
      </trkpt>
      <trkpt lat="8.602269" lon="-80.137041">
        <time>2026-08-19T22:45:46Z</time>
      </trkpt>
      <trkpt lat="8.602269" lon="-80.137041">
        <time>2026-08-19T22:45:47Z</time>
      </trkpt>
      <trkpt lat="8.602247" lon="-80.137044">
        <time>2026-08-19T22:45:48Z</time>
      </trkpt>
      <trkpt lat="8.602222" lon="-80.137045">
        <time>2026-08-19T22:45:49Z</time>
      </trkpt>
      <trkpt lat="8.602197" lon="-80.137050">
        <time>2026-08-19T22:45:50Z</time>
      </trkpt>
      <trkpt lat="8.602171" lon="-80.137054">
        <time>2026-08-19T22:45:51Z</time>
      </trkpt>
      <trkpt lat="8.602146" lon="-80.137055">
        <time>2026-08-19T22:45:52Z</time>
      </trkpt>
      <trkpt lat="8.602119" lon="-80.137056">
        <time>2026-08-19T22:45:53Z</time>
      </trkpt>
      <trkpt lat="8.602094" lon="-80.137059">
        <time>2026-08-19T22:45:54Z</time>
      </trkpt>
      <trkpt lat="8.602072" lon="-80.137063">
        <time>2026-08-19T22:45:55Z</time>
      </trkpt>
      <trkpt lat="8.602051" lon="-80.137070">
        <time>2026-08-19T22:45:56Z</time>
      </trkpt>
      <trkpt lat="8.602030" lon="-80.137074">
        <time>2026-08-19T22:45:57Z</time>
      </trkpt>
      <trkpt lat="8.602006" lon="-80.137073">
        <time>2026-08-19T22:45:58Z</time>
      </trkpt>
      <trkpt lat="8.601980" lon="-80.137073">
        <time>2026-08-19T22:45:59Z</time>
      </trkpt>
      <trkpt lat="8.601957" lon="-80.137079">
        <time>2026-08-19T22:46:00Z</time>
      </trkpt>
      <trkpt lat="8.601934" lon="-80.137083">
        <time>2026-08-19T22:46:01Z</time>
      </trkpt>
      <trkpt lat="8.601911" lon="-80.137083">
        <time>2026-08-19T22:46:02Z</time>
      </trkpt>
      <trkpt lat="8.601889" lon="-80.137087">
        <time>2026-08-19T22:46:03Z</time>
      </trkpt>
      <trkpt lat="8.601866" lon="-80.137091">
        <time>2026-08-19T22:46:04Z</time>
      </trkpt>
      <trkpt lat="8.601820" lon="-80.137096">
        <time>2026-08-19T22:46:05Z</time>
      </trkpt>
      <trkpt lat="8.601820" lon="-80.137096">
        <time>2026-08-19T22:46:06Z</time>
      </trkpt>
      <trkpt lat="8.601798" lon="-80.137097">
        <time>2026-08-19T22:46:07Z</time>
      </trkpt>
      <trkpt lat="8.601780" lon="-80.137098">
        <time>2026-08-19T22:46:08Z</time>
      </trkpt>
      <trkpt lat="8.601757" lon="-80.137099">
        <time>2026-08-19T22:46:09Z</time>
      </trkpt>
      <trkpt lat="8.601730" lon="-80.137101">
        <time>2026-08-19T22:46:10Z</time>
      </trkpt>
      <trkpt lat="8.601709" lon="-80.137104">
        <time>2026-08-19T22:46:11Z</time>
      </trkpt>
      <trkpt lat="8.601684" lon="-80.137110">
        <time>2026-08-19T22:46:12Z</time>
      </trkpt>
      <trkpt lat="8.601660" lon="-80.137116">
        <time>2026-08-19T22:46:13Z</time>
      </trkpt>
      <trkpt lat="8.601637" lon="-80.137121">
        <time>2026-08-19T22:46:14Z</time>
      </trkpt>
      <trkpt lat="8.601612" lon="-80.137118">
        <time>2026-08-19T22:46:15Z</time>
      </trkpt>
      <trkpt lat="8.601589" lon="-80.137122">
        <time>2026-08-19T22:46:16Z</time>
      </trkpt>
      <trkpt lat="8.601567" lon="-80.137124">
        <time>2026-08-19T22:46:17Z</time>
      </trkpt>
      <trkpt lat="8.601543" lon="-80.137127">
        <time>2026-08-19T22:46:18Z</time>
      </trkpt>
      <trkpt lat="8.601521" lon="-80.137128">
        <time>2026-08-19T22:46:19Z</time>
      </trkpt>
      <trkpt lat="8.601499" lon="-80.137133">
        <time>2026-08-19T22:46:20Z</time>
      </trkpt>
      <trkpt lat="8.601476" lon="-80.137136">
        <time>2026-08-19T22:46:21Z</time>
      </trkpt>
      <trkpt lat="8.601456" lon="-80.137139">
        <time>2026-08-19T22:46:22Z</time>
      </trkpt>
      <trkpt lat="8.601437" lon="-80.137146">
        <time>2026-08-19T22:46:23Z</time>
      </trkpt>
      <trkpt lat="8.601414" lon="-80.137149">
        <time>2026-08-19T22:46:24Z</time>
      </trkpt>
      <trkpt lat="8.601391" lon="-80.137153">
        <time>2026-08-19T22:46:25Z</time>
      </trkpt>
      <trkpt lat="8.601368" lon="-80.137156">
        <time>2026-08-19T22:46:26Z</time>
      </trkpt>
      <trkpt lat="8.601345" lon="-80.137159">
        <time>2026-08-19T22:46:27Z</time>
      </trkpt>
      <trkpt lat="8.601320" lon="-80.137160">
        <time>2026-08-19T22:46:28Z</time>
      </trkpt>
      <trkpt lat="8.601299" lon="-80.137164">
        <time>2026-08-19T22:46:29Z</time>
      </trkpt>
      <trkpt lat="8.601278" lon="-80.137169">
        <time>2026-08-19T22:46:30Z</time>
      </trkpt>
      <trkpt lat="8.601257" lon="-80.137173">
        <time>2026-08-19T22:46:31Z</time>
      </trkpt>
      <trkpt lat="8.601235" lon="-80.137177">
        <time>2026-08-19T22:46:32Z</time>
      </trkpt>
      <trkpt lat="8.601214" lon="-80.137181">
        <time>2026-08-19T22:46:33Z</time>
      </trkpt>
      <trkpt lat="8.601193" lon="-80.137184">
        <time>2026-08-19T22:46:34Z</time>
      </trkpt>
      <trkpt lat="8.601171" lon="-80.137186">
        <time>2026-08-19T22:46:35Z</time>
      </trkpt>
      <trkpt lat="8.601150" lon="-80.137190">
        <time>2026-08-19T22:46:36Z</time>
      </trkpt>
      <trkpt lat="8.601129" lon="-80.137198">
        <time>2026-08-19T22:46:37Z</time>
      </trkpt>
      <trkpt lat="8.601110" lon="-80.137206">
        <time>2026-08-19T22:46:38Z</time>
      </trkpt>
      <trkpt lat="8.601086" lon="-80.137213">
        <time>2026-08-19T22:46:39Z</time>
      </trkpt>
      <trkpt lat="8.601062" lon="-80.137218">
        <time>2026-08-19T22:46:40Z</time>
      </trkpt>
      <trkpt lat="8.601032" lon="-80.137219">
        <time>2026-08-19T22:46:41Z</time>
      </trkpt>
      <trkpt lat="8.601007" lon="-80.137223">
        <time>2026-08-19T22:46:42Z</time>
      </trkpt>
      <trkpt lat="8.600983" lon="-80.137226">
        <time>2026-08-19T22:46:43Z</time>
      </trkpt>
      <trkpt lat="8.600963" lon="-80.137223">
        <time>2026-08-19T22:46:44Z</time>
      </trkpt>
      <trkpt lat="8.600945" lon="-80.137214">
        <time>2026-08-19T22:46:45Z</time>
      </trkpt>
      <trkpt lat="8.600930" lon="-80.137199">
        <time>2026-08-19T22:46:46Z</time>
      </trkpt>
      <trkpt lat="8.600929" lon="-80.137179">
        <time>2026-08-19T22:46:47Z</time>
      </trkpt>
      <trkpt lat="8.600927" lon="-80.137161">
        <time>2026-08-19T22:46:48Z</time>
      </trkpt>
      <trkpt lat="8.600926" lon="-80.137142">
        <time>2026-08-19T22:46:49Z</time>
      </trkpt>
      <trkpt lat="8.600925" lon="-80.137120">
        <time>2026-08-19T22:46:50Z</time>
      </trkpt>
      <trkpt lat="8.600925" lon="-80.137098">
        <time>2026-08-19T22:46:51Z</time>
      </trkpt>
      <trkpt lat="8.600927" lon="-80.137074">
        <time>2026-08-19T22:46:52Z</time>
      </trkpt>
      <trkpt lat="8.600927" lon="-80.137049">
        <time>2026-08-19T22:46:53Z</time>
      </trkpt>
      <trkpt lat="8.600927" lon="-80.137025">
        <time>2026-08-19T22:46:54Z</time>
      </trkpt>
      <trkpt lat="8.600924" lon="-80.137000">
        <time>2026-08-19T22:46:55Z</time>
      </trkpt>
      <trkpt lat="8.600924" lon="-80.136973">
        <time>2026-08-19T22:46:56Z</time>
      </trkpt>
      <trkpt lat="8.600926" lon="-80.136949">
        <time>2026-08-19T22:46:57Z</time>
      </trkpt>
      <trkpt lat="8.600926" lon="-80.136923">
        <time>2026-08-19T22:46:58Z</time>
      </trkpt>
      <trkpt lat="8.600926" lon="-80.136899">
        <time>2026-08-19T22:46:59Z</time>
      </trkpt>
      <trkpt lat="8.600925" lon="-80.136875">
        <time>2026-08-19T22:47:00Z</time>
      </trkpt>
      <trkpt lat="8.600923" lon="-80.136851">
        <time>2026-08-19T22:47:01Z</time>
      </trkpt>
      <trkpt lat="8.600923" lon="-80.136825">
        <time>2026-08-19T22:47:02Z</time>
      </trkpt>
      <trkpt lat="8.600923" lon="-80.136801">
        <time>2026-08-19T22:47:03Z</time>
      </trkpt>
      <trkpt lat="8.600922" lon="-80.136778">
        <time>2026-08-19T22:47:04Z</time>
      </trkpt>
      <trkpt lat="8.600920" lon="-80.136758">
        <time>2026-08-19T22:47:05Z</time>
      </trkpt>
      <trkpt lat="8.600919" lon="-80.136736">
        <time>2026-08-19T22:47:06Z</time>
      </trkpt>
      <trkpt lat="8.600918" lon="-80.136712">
        <time>2026-08-19T22:47:07Z</time>
      </trkpt>
      <trkpt lat="8.600917" lon="-80.136686">
        <time>2026-08-19T22:47:08Z</time>
      </trkpt>
      <trkpt lat="8.600912" lon="-80.136665">
        <time>2026-08-19T22:47:09Z</time>
      </trkpt>
      <trkpt lat="8.600911" lon="-80.136638">
        <time>2026-08-19T22:47:10Z</time>
      </trkpt>
      <trkpt lat="8.600909" lon="-80.136614">
        <time>2026-08-19T22:47:11Z</time>
      </trkpt>
      <trkpt lat="8.600905" lon="-80.136590">
        <time>2026-08-19T22:47:12Z</time>
      </trkpt>
      <trkpt lat="8.600901" lon="-80.136570">
        <time>2026-08-19T22:47:13Z</time>
      </trkpt>
      <trkpt lat="8.600900" lon="-80.136551">
        <time>2026-08-19T22:47:14Z</time>
      </trkpt>
      <trkpt lat="8.600899" lon="-80.136531">
        <time>2026-08-19T22:47:15Z</time>
      </trkpt>
      <trkpt lat="8.600891" lon="-80.136509">
        <time>2026-08-19T22:47:16Z</time>
      </trkpt>
      <trkpt lat="8.600885" lon="-80.136489">
        <time>2026-08-19T22:47:17Z</time>
      </trkpt>
      <trkpt lat="8.600878" lon="-80.136466">
        <time>2026-08-19T22:47:18Z</time>
      </trkpt>
      <trkpt lat="8.600876" lon="-80.136442">
        <time>2026-08-19T22:47:19Z</time>
      </trkpt>
      <trkpt lat="8.600871" lon="-80.136420">
        <time>2026-08-19T22:47:20Z</time>
      </trkpt>
      <trkpt lat="8.600869" lon="-80.136395">
        <time>2026-08-19T22:47:21Z</time>
      </trkpt>
      <trkpt lat="8.600865" lon="-80.136368">
        <time>2026-08-19T22:47:22Z</time>
      </trkpt>
      <trkpt lat="8.600859" lon="-80.136342">
        <time>2026-08-19T22:47:23Z</time>
      </trkpt>
      <trkpt lat="8.600853" lon="-80.136317">
        <time>2026-08-19T22:47:24Z</time>
      </trkpt>
      <trkpt lat="8.600848" lon="-80.136292">
        <time>2026-08-19T22:47:25Z</time>
      </trkpt>
      <trkpt lat="8.600845" lon="-80.136268">
        <time>2026-08-19T22:47:26Z</time>
      </trkpt>
      <trkpt lat="8.600841" lon="-80.136242">
        <time>2026-08-19T22:47:27Z</time>
      </trkpt>
      <trkpt lat="8.600840" lon="-80.136218">
        <time>2026-08-19T22:47:28Z</time>
      </trkpt>
      <trkpt lat="8.600837" lon="-80.136194">
        <time>2026-08-19T22:47:29Z</time>
      </trkpt>
      <trkpt lat="8.600832" lon="-80.136170">
        <time>2026-08-19T22:47:30Z</time>
      </trkpt>
      <trkpt lat="8.600830" lon="-80.136146">
        <time>2026-08-19T22:47:31Z</time>
      </trkpt>
      <trkpt lat="8.600830" lon="-80.136122">
        <time>2026-08-19T22:47:32Z</time>
      </trkpt>
      <trkpt lat="8.600830" lon="-80.136098">
        <time>2026-08-19T22:47:33Z</time>
      </trkpt>
      <trkpt lat="8.600829" lon="-80.136075">
        <time>2026-08-19T22:47:34Z</time>
      </trkpt>
      <trkpt lat="8.600824" lon="-80.136050">
        <time>2026-08-19T22:47:35Z</time>
      </trkpt>
      <trkpt lat="8.600818" lon="-80.136025">
        <time>2026-08-19T22:47:36Z</time>
      </trkpt>
      <trkpt lat="8.600815" lon="-80.135998">
        <time>2026-08-19T22:47:37Z</time>
      </trkpt>
      <trkpt lat="8.600815" lon="-80.135973">
        <time>2026-08-19T22:47:38Z</time>
      </trkpt>
      <trkpt lat="8.600814" lon="-80.135945">
        <time>2026-08-19T22:47:39Z</time>
      </trkpt>
      <trkpt lat="8.600810" lon="-80.135921">
        <time>2026-08-19T22:47:40Z</time>
      </trkpt>
      <trkpt lat="8.600807" lon="-80.135896">
        <time>2026-08-19T22:47:41Z</time>
      </trkpt>
      <trkpt lat="8.600809" lon="-80.135871">
        <time>2026-08-19T22:47:42Z</time>
      </trkpt>
      <trkpt lat="8.600807" lon="-80.135846">
        <time>2026-08-19T22:47:43Z</time>
      </trkpt>
      <trkpt lat="8.600804" lon="-80.135819">
        <time>2026-08-19T22:47:44Z</time>
      </trkpt>
      <trkpt lat="8.600804" lon="-80.135794">
        <time>2026-08-19T22:47:45Z</time>
      </trkpt>
      <trkpt lat="8.600802" lon="-80.135771">
        <time>2026-08-19T22:47:46Z</time>
      </trkpt>
      <trkpt lat="8.600800" lon="-80.135743">
        <time>2026-08-19T22:47:47Z</time>
      </trkpt>
      <trkpt lat="8.600802" lon="-80.135716">
        <time>2026-08-19T22:47:48Z</time>
      </trkpt>
      <trkpt lat="8.600804" lon="-80.135695">
        <time>2026-08-19T22:47:49Z</time>
      </trkpt>
      <trkpt lat="8.600805" lon="-80.135674">
        <time>2026-08-19T22:47:50Z</time>
      </trkpt>
      <trkpt lat="8.600803" lon="-80.135651">
        <time>2026-08-19T22:47:51Z</time>
      </trkpt>
      <trkpt lat="8.600802" lon="-80.135625">
        <time>2026-08-19T22:47:52Z</time>
      </trkpt>
      <trkpt lat="8.600798" lon="-80.135598">
        <time>2026-08-19T22:47:53Z</time>
      </trkpt>
      <trkpt lat="8.600797" lon="-80.135575">
        <time>2026-08-19T22:47:54Z</time>
      </trkpt>
      <trkpt lat="8.600794" lon="-80.135546">
        <time>2026-08-19T22:47:55Z</time>
      </trkpt>
      <trkpt lat="8.600791" lon="-80.135520">
        <time>2026-08-19T22:47:56Z</time>
      </trkpt>
      <trkpt lat="8.600783" lon="-80.135497">
        <time>2026-08-19T22:47:57Z</time>
      </trkpt>
      <trkpt lat="8.600778" lon="-80.135471">
        <time>2026-08-19T22:47:58Z</time>
      </trkpt>
      <trkpt lat="8.600776" lon="-80.135445">
        <time>2026-08-19T22:47:59Z</time>
      </trkpt>
      <trkpt lat="8.600779" lon="-80.135422">
        <time>2026-08-19T22:48:00Z</time>
      </trkpt>
      <trkpt lat="8.600773" lon="-80.135400">
        <time>2026-08-19T22:48:01Z</time>
      </trkpt>
      <trkpt lat="8.600766" lon="-80.135376">
        <time>2026-08-19T22:48:02Z</time>
      </trkpt>
      <trkpt lat="8.600760" lon="-80.135353">
        <time>2026-08-19T22:48:03Z</time>
      </trkpt>
      <trkpt lat="8.600757" lon="-80.135328">
        <time>2026-08-19T22:48:04Z</time>
      </trkpt>
      <trkpt lat="8.600756" lon="-80.135305">
        <time>2026-08-19T22:48:05Z</time>
      </trkpt>
      <trkpt lat="8.600754" lon="-80.135282">
        <time>2026-08-19T22:48:06Z</time>
      </trkpt>
      <trkpt lat="8.600753" lon="-80.135253">
        <time>2026-08-19T22:48:07Z</time>
      </trkpt>
      <trkpt lat="8.600750" lon="-80.135228">
        <time>2026-08-19T22:48:08Z</time>
      </trkpt>
      <trkpt lat="8.600746" lon="-80.135204">
        <time>2026-08-19T22:48:09Z</time>
      </trkpt>
      <trkpt lat="8.600743" lon="-80.135179">
        <time>2026-08-19T22:48:10Z</time>
      </trkpt>
      <trkpt lat="8.600742" lon="-80.135154">
        <time>2026-08-19T22:48:11Z</time>
      </trkpt>
      <trkpt lat="8.600737" lon="-80.135129">
        <time>2026-08-19T22:48:12Z</time>
      </trkpt>
      <trkpt lat="8.600731" lon="-80.135102">
        <time>2026-08-19T22:48:13Z</time>
      </trkpt>
      <trkpt lat="8.600728" lon="-80.135074">
        <time>2026-08-19T22:48:14Z</time>
      </trkpt>
      <trkpt lat="8.600724" lon="-80.135046">
        <time>2026-08-19T22:48:15Z</time>
      </trkpt>
      <trkpt lat="8.600723" lon="-80.135021">
        <time>2026-08-19T22:48:16Z</time>
      </trkpt>
      <trkpt lat="8.600721" lon="-80.134996">
        <time>2026-08-19T22:48:17Z</time>
      </trkpt>
      <trkpt lat="8.600720" lon="-80.134971">
        <time>2026-08-19T22:48:18Z</time>
      </trkpt>
      <trkpt lat="8.600724" lon="-80.134947">
        <time>2026-08-19T22:48:19Z</time>
      </trkpt>
      <trkpt lat="8.600722" lon="-80.134923">
        <time>2026-08-19T22:48:20Z</time>
      </trkpt>
      <trkpt lat="8.600720" lon="-80.134898">
        <time>2026-08-19T22:48:21Z</time>
      </trkpt>
      <trkpt lat="8.600725" lon="-80.134846">
        <time>2026-08-19T22:48:22Z</time>
      </trkpt>
      <trkpt lat="8.600725" lon="-80.134819">
        <time>2026-08-19T22:48:23Z</time>
      </trkpt>
      <trkpt lat="8.600727" lon="-80.134800">
        <time>2026-08-19T22:48:24Z</time>
      </trkpt>
      <trkpt lat="8.600728" lon="-80.134775">
        <time>2026-08-19T22:48:25Z</time>
      </trkpt>
      <trkpt lat="8.600726" lon="-80.134748">
        <time>2026-08-19T22:48:26Z</time>
      </trkpt>
      <trkpt lat="8.600728" lon="-80.134720">
        <time>2026-08-19T22:48:27Z</time>
      </trkpt>
      <trkpt lat="8.600728" lon="-80.134720">
        <time>2026-08-19T22:48:28Z</time>
      </trkpt>
      <trkpt lat="8.600726" lon="-80.134695">
        <time>2026-08-19T22:48:29Z</time>
      </trkpt>
      <trkpt lat="8.600717" lon="-80.134642">
        <time>2026-08-19T22:48:30Z</time>
      </trkpt>
      <trkpt lat="8.600708" lon="-80.134616">
        <time>2026-08-19T22:48:31Z</time>
      </trkpt>
      <trkpt lat="8.600685" lon="-80.134595">
        <time>2026-08-19T22:48:32Z</time>
      </trkpt>
      <trkpt lat="8.600666" lon="-80.134578">
        <time>2026-08-19T22:48:33Z</time>
      </trkpt>
      <trkpt lat="8.600644" lon="-80.134565">
        <time>2026-08-19T22:48:34Z</time>
      </trkpt>
      <trkpt lat="8.600619" lon="-80.134551">
        <time>2026-08-19T22:48:35Z</time>
      </trkpt>
      <trkpt lat="8.600596" lon="-80.134544">
        <time>2026-08-19T22:48:36Z</time>
      </trkpt>
      <trkpt lat="8.600596" lon="-80.134544">
        <time>2026-08-19T22:48:37Z</time>
      </trkpt>
      <trkpt lat="8.600571" lon="-80.134540">
        <time>2026-08-19T22:48:38Z</time>
      </trkpt>
      <trkpt lat="8.600545" lon="-80.134538">
        <time>2026-08-19T22:48:39Z</time>
      </trkpt>
      <trkpt lat="8.600521" lon="-80.134545">
        <time>2026-08-19T22:48:40Z</time>
      </trkpt>
      <trkpt lat="8.600497" lon="-80.134551">
        <time>2026-08-19T22:48:41Z</time>
      </trkpt>
      <trkpt lat="8.600475" lon="-80.134560">
        <time>2026-08-19T22:48:42Z</time>
      </trkpt>
      <trkpt lat="8.600451" lon="-80.134567">
        <time>2026-08-19T22:48:43Z</time>
      </trkpt>
      <trkpt lat="8.600424" lon="-80.134573">
        <time>2026-08-19T22:48:44Z</time>
      </trkpt>
      <trkpt lat="8.600399" lon="-80.134581">
        <time>2026-08-19T22:48:45Z</time>
      </trkpt>
      <trkpt lat="8.600377" lon="-80.134586">
        <time>2026-08-19T22:48:46Z</time>
      </trkpt>
      <trkpt lat="8.600356" lon="-80.134588">
        <time>2026-08-19T22:48:47Z</time>
      </trkpt>
      <trkpt lat="8.600311" lon="-80.134590">
        <time>2026-08-19T22:48:48Z</time>
      </trkpt>
      <trkpt lat="8.600287" lon="-80.134600">
        <time>2026-08-19T22:48:49Z</time>
      </trkpt>
      <trkpt lat="8.600287" lon="-80.134600">
        <time>2026-08-19T22:48:50Z</time>
      </trkpt>
      <trkpt lat="8.600259" lon="-80.134604">
        <time>2026-08-19T22:48:51Z</time>
      </trkpt>
      <trkpt lat="8.600236" lon="-80.134602">
        <time>2026-08-19T22:48:52Z</time>
      </trkpt>
      <trkpt lat="8.600216" lon="-80.134604">
        <time>2026-08-19T22:48:53Z</time>
      </trkpt>
      <trkpt lat="8.600194" lon="-80.134604">
        <time>2026-08-19T22:48:54Z</time>
      </trkpt>
      <trkpt lat="8.600172" lon="-80.134605">
        <time>2026-08-19T22:48:55Z</time>
      </trkpt>
      <trkpt lat="8.600152" lon="-80.134607">
        <time>2026-08-19T22:48:56Z</time>
      </trkpt>
      <trkpt lat="8.600101" lon="-80.134613">
        <time>2026-08-19T22:48:57Z</time>
      </trkpt>
      <trkpt lat="8.600101" lon="-80.134613">
        <time>2026-08-19T22:48:58Z</time>
      </trkpt>
      <trkpt lat="8.600079" lon="-80.134612">
        <time>2026-08-19T22:48:59Z</time>
      </trkpt>
      <trkpt lat="8.600058" lon="-80.134612">
        <time>2026-08-19T22:49:00Z</time>
      </trkpt>
      <trkpt lat="8.600030" lon="-80.134615">
        <time>2026-08-19T22:49:01Z</time>
      </trkpt>
      <trkpt lat="8.600006" lon="-80.134615">
        <time>2026-08-19T22:49:02Z</time>
      </trkpt>
      <trkpt lat="8.599981" lon="-80.134615">
        <time>2026-08-19T22:49:03Z</time>
      </trkpt>
      <trkpt lat="8.599931" lon="-80.134619">
        <time>2026-08-19T22:49:04Z</time>
      </trkpt>
      <trkpt lat="8.599907" lon="-80.134627">
        <time>2026-08-19T22:49:05Z</time>
      </trkpt>
      <trkpt lat="8.599881" lon="-80.134633">
        <time>2026-08-19T22:49:06Z</time>
      </trkpt>
      <trkpt lat="8.599881" lon="-80.134633">
        <time>2026-08-19T22:49:07Z</time>
      </trkpt>
      <trkpt lat="8.599857" lon="-80.134640">
        <time>2026-08-19T22:49:08Z</time>
      </trkpt>
      <trkpt lat="8.599814" lon="-80.134648">
        <time>2026-08-19T22:49:09Z</time>
      </trkpt>
      <trkpt lat="8.599814" lon="-80.134648">
        <time>2026-08-19T22:49:10Z</time>
      </trkpt>
      <trkpt lat="8.599795" lon="-80.134642">
        <time>2026-08-19T22:49:11Z</time>
      </trkpt>
      <trkpt lat="8.599773" lon="-80.134639">
        <time>2026-08-19T22:49:12Z</time>
      </trkpt>
      <trkpt lat="8.599752" lon="-80.134640">
        <time>2026-08-19T22:49:13Z</time>
      </trkpt>
      <trkpt lat="8.599730" lon="-80.134641">
        <time>2026-08-19T22:49:14Z</time>
      </trkpt>
      <trkpt lat="8.599706" lon="-80.134641">
        <time>2026-08-19T22:49:15Z</time>
      </trkpt>
      <trkpt lat="8.599684" lon="-80.134641">
        <time>2026-08-19T22:49:16Z</time>
      </trkpt>
      <trkpt lat="8.599664" lon="-80.134639">
        <time>2026-08-19T22:49:17Z</time>
      </trkpt>
      <trkpt lat="8.599645" lon="-80.134637">
        <time>2026-08-19T22:49:18Z</time>
      </trkpt>
      <trkpt lat="8.599629" lon="-80.134630">
        <time>2026-08-19T22:49:19Z</time>
      </trkpt>
      <trkpt lat="8.599620" lon="-80.134615">
        <time>2026-08-19T22:49:20Z</time>
      </trkpt>
      <trkpt lat="8.599606" lon="-80.134602">
        <time>2026-08-19T22:49:21Z</time>
      </trkpt>
      <trkpt lat="8.599594" lon="-80.134586">
        <time>2026-08-19T22:49:22Z</time>
      </trkpt>
      <trkpt lat="8.599578" lon="-80.134551">
        <time>2026-08-19T22:49:23Z</time>
      </trkpt>
      <trkpt lat="8.599572" lon="-80.134534">
        <time>2026-08-19T22:49:24Z</time>
      </trkpt>
      <trkpt lat="8.599571" lon="-80.134516">
        <time>2026-08-19T22:49:25Z</time>
      </trkpt>
      <trkpt lat="8.599571" lon="-80.134516">
        <time>2026-08-19T22:49:26Z</time>
      </trkpt>
      <trkpt lat="8.599571" lon="-80.134495">
        <time>2026-08-19T22:49:27Z</time>
      </trkpt>
      <trkpt lat="8.599572" lon="-80.134472">
        <time>2026-08-19T22:49:28Z</time>
      </trkpt>
      <trkpt lat="8.599574" lon="-80.134452">
        <time>2026-08-19T22:49:29Z</time>
      </trkpt>
      <trkpt lat="8.599575" lon="-80.134432">
        <time>2026-08-19T22:49:30Z</time>
      </trkpt>
      <trkpt lat="8.599569" lon="-80.134410">
        <time>2026-08-19T22:49:31Z</time>
      </trkpt>
      <trkpt lat="8.599564" lon="-80.134387">
        <time>2026-08-19T22:49:32Z</time>
      </trkpt>
      <trkpt lat="8.599561" lon="-80.134368">
        <time>2026-08-19T22:49:33Z</time>
      </trkpt>
      <trkpt lat="8.599561" lon="-80.134347">
        <time>2026-08-19T22:49:34Z</time>
      </trkpt>
      <trkpt lat="8.599563" lon="-80.134326">
        <time>2026-08-19T22:49:35Z</time>
      </trkpt>
      <trkpt lat="8.599564" lon="-80.134305">
        <time>2026-08-19T22:49:36Z</time>
      </trkpt>
      <trkpt lat="8.599561" lon="-80.134282">
        <time>2026-08-19T22:49:37Z</time>
      </trkpt>
      <trkpt lat="8.599559" lon="-80.134259">
        <time>2026-08-19T22:49:38Z</time>
      </trkpt>
      <trkpt lat="8.599560" lon="-80.134239">
        <time>2026-08-19T22:49:39Z</time>
      </trkpt>
      <trkpt lat="8.599555" lon="-80.134216">
        <time>2026-08-19T22:49:40Z</time>
      </trkpt>
      <trkpt lat="8.599553" lon="-80.134190">
        <time>2026-08-19T22:49:41Z</time>
      </trkpt>
      <trkpt lat="8.599552" lon="-80.134169">
        <time>2026-08-19T22:49:42Z</time>
      </trkpt>
      <trkpt lat="8.599550" lon="-80.134148">
        <time>2026-08-19T22:49:43Z</time>
      </trkpt>
      <trkpt lat="8.599550" lon="-80.134126">
        <time>2026-08-19T22:49:44Z</time>
      </trkpt>
      <trkpt lat="8.599552" lon="-80.134103">
        <time>2026-08-19T22:49:45Z</time>
      </trkpt>
      <trkpt lat="8.599546" lon="-80.134080">
        <time>2026-08-19T22:49:46Z</time>
      </trkpt>
      <trkpt lat="8.599544" lon="-80.134055">
        <time>2026-08-19T22:49:47Z</time>
      </trkpt>
      <trkpt lat="8.599540" lon="-80.134006">
        <time>2026-08-19T22:49:48Z</time>
      </trkpt>
      <trkpt lat="8.599540" lon="-80.134006">
        <time>2026-08-19T22:49:49Z</time>
      </trkpt>
      <trkpt lat="8.599529" lon="-80.133984">
        <time>2026-08-19T22:49:50Z</time>
      </trkpt>
      <trkpt lat="8.599526" lon="-80.133961">
        <time>2026-08-19T22:49:51Z</time>
      </trkpt>
      <trkpt lat="8.599524" lon="-80.133938">
        <time>2026-08-19T22:49:52Z</time>
      </trkpt>
      <trkpt lat="8.599526" lon="-80.133914">
        <time>2026-08-19T22:49:53Z</time>
      </trkpt>
      <trkpt lat="8.599524" lon="-80.133891">
        <time>2026-08-19T22:49:54Z</time>
      </trkpt>
      <trkpt lat="8.599523" lon="-80.133868">
        <time>2026-08-19T22:49:55Z</time>
      </trkpt>
      <trkpt lat="8.599522" lon="-80.133843">
        <time>2026-08-19T22:49:56Z</time>
      </trkpt>
      <trkpt lat="8.599520" lon="-80.133819">
        <time>2026-08-19T22:49:57Z</time>
      </trkpt>
      <trkpt lat="8.599517" lon="-80.133795">
        <time>2026-08-19T22:49:58Z</time>
      </trkpt>
      <trkpt lat="8.599514" lon="-80.133772">
        <time>2026-08-19T22:49:59Z</time>
      </trkpt>
      <trkpt lat="8.599510" lon="-80.133751">
        <time>2026-08-19T22:50:00Z</time>
      </trkpt>
      <trkpt lat="8.599498" lon="-80.133732">
        <time>2026-08-19T22:50:01Z</time>
      </trkpt>
      <trkpt lat="8.599480" lon="-80.133725">
        <time>2026-08-19T22:50:02Z</time>
      </trkpt>
      <trkpt lat="8.599464" lon="-80.133723">
        <time>2026-08-19T22:50:03Z</time>
      </trkpt>
      <trkpt lat="8.599448" lon="-80.133725">
        <time>2026-08-19T22:50:04Z</time>
      </trkpt>
      <trkpt lat="8.599435" lon="-80.133727">
        <time>2026-08-19T22:50:05Z</time>
      </trkpt>
      <trkpt lat="8.599421" lon="-80.133728">
        <time>2026-08-19T22:50:06Z</time>
      </trkpt>
      <trkpt lat="8.599391" lon="-80.133730">
        <time>2026-08-19T22:50:07Z</time>
      </trkpt>
      <trkpt lat="8.599391" lon="-80.133730">
        <time>2026-08-19T22:50:08Z</time>
      </trkpt>
      <trkpt lat="8.599355" lon="-80.133733">
        <time>2026-08-19T22:50:09Z</time>
      </trkpt>
      <trkpt lat="8.599355" lon="-80.133733">
        <time>2026-08-19T22:50:10Z</time>
      </trkpt>
      <trkpt lat="8.599343" lon="-80.133738">
        <time>2026-08-19T22:50:11Z</time>
      </trkpt>
      <trkpt lat="8.599333" lon="-80.133739">
        <time>2026-08-19T22:50:12Z</time>
      </trkpt>
    </trkseg>
  </trk>
</gpx>
