<?xml version="1.0" encoding="UTF-8"?>
<gpx version="1.1" creator="FitFilter" xmlns="http://www.topografix.com/GPX/1/1" xmlns:xsi="http://www.w3.org/2001/XMLSchema-instance" xsi:schemaLocation="http://www.topografix.com/GPX/1/1 http://www.topografix.com/GPX/1/1/gpx.xsd">
  <metadata>
    <time>2026-08-25T10:08:22Z</time>
  </metadata>
  <trk>
    <name>Running - 2026-08-25 10:08</name>
    <type>running</type>
    <trkseg>
      <trkpt lat="9.004747" lon="-79.566032">
        <time>2026-08-25T10:08:22Z</time>
      </trkpt>
      <trkpt lat="9.004750" lon="-79.566036">
        <time>2026-08-25T10:08:23Z</time>
      </trkpt>
      <trkpt lat="9.004749" lon="-79.566044">
        <time>2026-08-25T10:08:24Z</time>
      </trkpt>
      <trkpt lat="9.004753" lon="-79.566052">
        <time>2026-08-25T10:08:25Z</time>
      </trkpt>
      <trkpt lat="9.004757" lon="-79.566063">
        <time>2026-08-25T10:08:26Z</time>
      </trkpt>
      <trkpt lat="9.004765" lon="-79.566075">
        <time>2026-08-25T10:08:27Z</time>
      </trkpt>
      <trkpt lat="9.004775" lon="-79.566089">
        <time>2026-08-25T10:08:28Z</time>
      </trkpt>
      <trkpt lat="9.004783" lon="-79.566104">
        <time>2026-08-25T10:08:29Z</time>
      </trkpt>
      <trkpt lat="9.004793" lon="-79.566119">
        <time>2026-08-25T10:08:30Z</time>
      </trkpt>
      <trkpt lat="9.004804" lon="-79.566135">
        <time>2026-08-25T10:08:31Z</time>
      </trkpt>
      <trkpt lat="9.004814" lon="-79.566149">
        <time>2026-08-25T10:08:32Z</time>
      </trkpt>
      <trkpt lat="9.004824" lon="-79.566167">
        <time>2026-08-25T10:08:33Z</time>
      </trkpt>
      <trkpt lat="9.004833" lon="-79.566184">
        <time>2026-08-25T10:08:34Z</time>
      </trkpt>
      <trkpt lat="9.004843" lon="-79.566201">
        <time>2026-08-25T10:08:35Z</time>
      </trkpt>
      <trkpt lat="9.004854" lon="-79.566220">
        <time>2026-08-25T10:08:36Z</time>
      </trkpt>
      <trkpt lat="9.004867" lon="-79.566236">
        <time>2026-08-25T10:08:37Z</time>
      </trkpt>
      <trkpt lat="9.004876" lon="-79.566253">
        <time>2026-08-25T10:08:38Z</time>
      </trkpt>
      <trkpt lat="9.004885" lon="-79.566272">
        <time>2026-08-25T10:08:39Z</time>
      </trkpt>
      <trkpt lat="9.004896" lon="-79.566291">
        <time>2026-08-25T10:08:40Z</time>
      </trkpt>
      <trkpt lat="9.004905" lon="-79.566307">
        <time>2026-08-25T10:08:41Z</time>
      </trkpt>
      <trkpt lat="9.004911" lon="-79.566328">
        <time>2026-08-25T10:08:42Z</time>
      </trkpt>
      <trkpt lat="9.004921" lon="-79.566346">
        <time>2026-08-25T10:08:43Z</time>
      </trkpt>
      <trkpt lat="9.004931" lon="-79.566364">
        <time>2026-08-25T10:08:44Z</time>
      </trkpt>
      <trkpt lat="9.004937" lon="-79.566383">
        <time>2026-08-25T10:08:45Z</time>
      </trkpt>
      <trkpt lat="9.004949" lon="-79.566403">
        <time>2026-08-25T10:08:46Z</time>
      </trkpt>
      <trkpt lat="9.004958" lon="-79.566419">
        <time>2026-08-25T10:08:47Z</time>
      </trkpt>
      <trkpt lat="9.004965" lon="-79.566435">
        <time>2026-08-25T10:08:48Z</time>
      </trkpt>
      <trkpt lat="9.004972" lon="-79.566453">
        <time>2026-08-25T10:08:49Z</time>
      </trkpt>
      <trkpt lat="9.004977" lon="-79.566472">
        <time>2026-08-25T10:08:50Z</time>
      </trkpt>
      <trkpt lat="9.004982" lon="-79.566489">
        <time>2026-08-25T10:08:51Z</time>
      </trkpt>
      <trkpt lat="9.004991" lon="-79.566506">
        <time>2026-08-25T10:08:52Z</time>
      </trkpt>
      <trkpt lat="9.004998" lon="-79.566528">
        <time>2026-08-25T10:08:53Z</time>
      </trkpt>
      <trkpt lat="9.005003" lon="-79.566546">
        <time>2026-08-25T10:08:54Z</time>
      </trkpt>
      <trkpt lat="9.005012" lon="-79.566561">
        <time>2026-08-25T10:08:55Z</time>
      </trkpt>
      <trkpt lat="9.005023" lon="-79.566577">
        <time>2026-08-25T10:08:56Z</time>
      </trkpt>
      <trkpt lat="9.005031" lon="-79.566593">
        <time>2026-08-25T10:08:57Z</time>
      </trkpt>
      <trkpt lat="9.005039" lon="-79.566610">
        <time>2026-08-25T10:08:58Z</time>
      </trkpt>
      <trkpt lat="9.005045" lon="-79.566629">
        <time>2026-08-25T10:08:59Z</time>
      </trkpt>
      <trkpt lat="9.005046" lon="-79.566648">
        <time>2026-08-25T10:09:00Z</time>
      </trkpt>
      <trkpt lat="9.005051" lon="-79.566668">
        <time>2026-08-25T10:09:01Z</time>
      </trkpt>
      <trkpt lat="9.005055" lon="-79.566686">
        <time>2026-08-25T10:09:02Z</time>
      </trkpt>
      <trkpt lat="9.005060" lon="-79.566703">
        <time>2026-08-25T10:09:03Z</time>
      </trkpt>
      <trkpt lat="9.005064" lon="-79.566724">
        <time>2026-08-25T10:09:04Z</time>
      </trkpt>
      <trkpt lat="9.005068" lon="-79.566744">
        <time>2026-08-25T10:09:05Z</time>
      </trkpt>
      <trkpt lat="9.005070" lon="-79.566763">
        <time>2026-08-25T10:09:06Z</time>
      </trkpt>
      <trkpt lat="9.005078" lon="-79.566781">
        <time>2026-08-25T10:09:07Z</time>
      </trkpt>
      <trkpt lat="9.005086" lon="-79.566799">
        <time>2026-08-25T10:09:08Z</time>
      </trkpt>
      <trkpt lat="9.005097" lon="-79.566818">
        <time>2026-08-25T10:09:09Z</time>
      </trkpt>
      <trkpt lat="9.005102" lon="-79.566834">
        <time>2026-08-25T10:09:10Z</time>
      </trkpt>
      <trkpt lat="9.005107" lon="-79.566855">
        <time>2026-08-25T10:09:11Z</time>
      </trkpt>
      <trkpt lat="9.005111" lon="-79.566873">
        <time>2026-08-25T10:09:12Z</time>
      </trkpt>
      <trkpt lat="9.005109" lon="-79.566892">
        <time>2026-08-25T10:09:13Z</time>
      </trkpt>
      <trkpt lat="9.005113" lon="-79.566911">
        <time>2026-08-25T10:09:14Z</time>
      </trkpt>
      <trkpt lat="9.005118" lon="-79.566935">
        <time>2026-08-25T10:09:15Z</time>
      </trkpt>
      <trkpt lat="9.005124" lon="-79.566961">
        <time>2026-08-25T10:09:16Z</time>
      </trkpt>
      <trkpt lat="9.005133" lon="-79.566985">
        <time>2026-08-25T10:09:17Z</time>
      </trkpt>
      <trkpt lat="9.005144" lon="-79.567007">
        <time>2026-08-25T10:09:18Z</time>
      </trkpt>
      <trkpt lat="9.005155" lon="-79.567024">
        <time>2026-08-25T10:09:19Z</time>
      </trkpt>
      <trkpt lat="9.005165" lon="-79.567044">
        <time>2026-08-25T10:09:20Z</time>
      </trkpt>
      <trkpt lat="9.005174" lon="-79.567063">
        <time>2026-08-25T10:09:21Z</time>
      </trkpt>
      <trkpt lat="9.005183" lon="-79.567078">
        <time>2026-08-25T10:09:22Z</time>
      </trkpt>
      <trkpt lat="9.005192" lon="-79.567095">
        <time>2026-08-25T10:09:23Z</time>
      </trkpt>
      <trkpt lat="9.005200" lon="-79.567109">
        <time>2026-08-25T10:09:24Z</time>
      </trkpt>
      <trkpt lat="9.005209" lon="-79.567131">
        <time>2026-08-25T10:09:25Z</time>
      </trkpt>
      <trkpt lat="9.005216" lon="-79.567151">
        <time>2026-08-25T10:09:26Z</time>
      </trkpt>
      <trkpt lat="9.005224" lon="-79.567172">
        <time>2026-08-25T10:09:27Z</time>
      </trkpt>
      <trkpt lat="9.005235" lon="-79.567192">
        <time>2026-08-25T10:09:28Z</time>
      </trkpt>
      <trkpt lat="9.005242" lon="-79.567210">
        <time>2026-08-25T10:09:29Z</time>
      </trkpt>
      <trkpt lat="9.005250" lon="-79.567230">
        <time>2026-08-25T10:09:30Z</time>
      </trkpt>
      <trkpt lat="9.005259" lon="-79.567248">
        <time>2026-08-25T10:09:31Z</time>
      </trkpt>
      <trkpt lat="9.005267" lon="-79.567264">
        <time>2026-08-25T10:09:32Z</time>
      </trkpt>
      <trkpt lat="9.005275" lon="-79.567284">
        <time>2026-08-25T10:09:33Z</time>
      </trkpt>
      <trkpt lat="9.005286" lon="-79.567301">
        <time>2026-08-25T10:09:34Z</time>
      </trkpt>
      <trkpt lat="9.005297" lon="-79.567317">
        <time>2026-08-25T10:09:35Z</time>
      </trkpt>
      <trkpt lat="9.005311" lon="-79.567337">
        <time>2026-08-25T10:09:36Z</time>
      </trkpt>
      <trkpt lat="9.005322" lon="-79.567353">
        <time>2026-08-25T10:09:37Z</time>
      </trkpt>
      <trkpt lat="9.005331" lon="-79.567370">
        <time>2026-08-25T10:09:38Z</time>
      </trkpt>
      <trkpt lat="9.005339" lon="-79.567388">
        <time>2026-08-25T10:09:39Z</time>
      </trkpt>
      <trkpt lat="9.005350" lon="-79.567406">
        <time>2026-08-25T10:09:40Z</time>
      </trkpt>
      <trkpt lat="9.005361" lon="-79.567421">
        <time>2026-08-25T10:09:41Z</time>
      </trkpt>
      <trkpt lat="9.005371" lon="-79.567436">
        <time>2026-08-25T10:09:42Z</time>
      </trkpt>
      <trkpt lat="9.005383" lon="-79.567456">
        <time>2026-08-25T10:09:43Z</time>
      </trkpt>
      <trkpt lat="9.005394" lon="-79.567474">
        <time>2026-08-25T10:09:44Z</time>
      </trkpt>
      <trkpt lat="9.005403" lon="-79.567491">
        <time>2026-08-25T10:09:45Z</time>
      </trkpt>
      <trkpt lat="9.005414" lon="-79.567508">
        <time>2026-08-25T10:09:46Z</time>
      </trkpt>
      <trkpt lat="9.005428" lon="-79.567523">
        <time>2026-08-25T10:09:47Z</time>
      </trkpt>
      <trkpt lat="9.005438" lon="-79.567542">
        <time>2026-08-25T10:09:48Z</time>
      </trkpt>
      <trkpt lat="9.005449" lon="-79.567559">
        <time>2026-08-25T10:09:49Z</time>
      </trkpt>
      <trkpt lat="9.005462" lon="-79.567577">
        <time>2026-08-25T10:09:50Z</time>
      </trkpt>
      <trkpt lat="9.005475" lon="-79.567595">
        <time>2026-08-25T10:09:51Z</time>
      </trkpt>
      <trkpt lat="9.005487" lon="-79.567612">
        <time>2026-08-25T10:09:52Z</time>
      </trkpt>
      <trkpt lat="9.005502" lon="-79.567632">
        <time>2026-08-25T10:09:53Z</time>
      </trkpt>
      <trkpt lat="9.005517" lon="-79.567648">
        <time>2026-08-25T10:09:54Z</time>
      </trkpt>
      <trkpt lat="9.005525" lon="-79.567664">
        <time>2026-08-25T10:09:55Z</time>
      </trkpt>
      <trkpt lat="9.005537" lon="-79.567679">
        <time>2026-08-25T10:09:56Z</time>
      </trkpt>
      <trkpt lat="9.005549" lon="-79.567695">
        <time>2026-08-25T10:09:57Z</time>
      </trkpt>
      <trkpt lat="9.005561" lon="-79.567712">
        <time>2026-08-25T10:09:58Z</time>
      </trkpt>
      <trkpt lat="9.005573" lon="-79.567728">
        <time>2026-08-25T10:09:59Z</time>
      </trkpt>
      <trkpt lat="9.005586" lon="-79.567744">
        <time>2026-08-25T10:10:00Z</time>
      </trkpt>
      <trkpt lat="9.005599" lon="-79.567761">
        <time>2026-08-25T10:10:01Z</time>
      </trkpt>
      <trkpt lat="9.005611" lon="-79.567775">
        <time>2026-08-25T10:10:02Z</time>
      </trkpt>
      <trkpt lat="9.005626" lon="-79.567790">
        <time>2026-08-25T10:10:03Z</time>
      </trkpt>
      <trkpt lat="9.005641" lon="-79.567804">
        <time>2026-08-25T10:10:04Z</time>
      </trkpt>
      <trkpt lat="9.005655" lon="-79.567818">
        <time>2026-08-25T10:10:05Z</time>
      </trkpt>
      <trkpt lat="9.005666" lon="-79.567834">
        <time>2026-08-25T10:10:06Z</time>
      </trkpt>
      <trkpt lat="9.005680" lon="-79.567850">
        <time>2026-08-25T10:10:07Z</time>
      </trkpt>
      <trkpt lat="9.005689" lon="-79.567865">
        <time>2026-08-25T10:10:08Z</time>
      </trkpt>
      <trkpt lat="9.005703" lon="-79.567878">
        <time>2026-08-25T10:10:09Z</time>
      </trkpt>
      <trkpt lat="9.005714" lon="-79.567892">
        <time>2026-08-25T10:10:10Z</time>
      </trkpt>
      <trkpt lat="9.005726" lon="-79.567907">
        <time>2026-08-25T10:10:11Z</time>
      </trkpt>
      <trkpt lat="9.005735" lon="-79.567917">
        <time>2026-08-25T10:10:12Z</time>
      </trkpt>
      <trkpt lat="9.005749" lon="-79.567927">
        <time>2026-08-25T10:10:13Z</time>
      </trkpt>
      <trkpt lat="9.005763" lon="-79.567939">
        <time>2026-08-25T10:10:14Z</time>
      </trkpt>
      <trkpt lat="9.005773" lon="-79.567952">
        <time>2026-08-25T10:10:15Z</time>
      </trkpt>
      <trkpt lat="9.005782" lon="-79.567964">
        <time>2026-08-25T10:10:16Z</time>
      </trkpt>
      <trkpt lat="9.005788" lon="-79.567978">
        <time>2026-08-25T10:10:17Z</time>
      </trkpt>
      <trkpt lat="9.005791" lon="-79.567993">
        <time>2026-08-25T10:10:18Z</time>
      </trkpt>
      <trkpt lat="9.005792" lon="-79.568008">
        <time>2026-08-25T10:10:19Z</time>
      </trkpt>
      <trkpt lat="9.005790" lon="-79.568022">
        <time>2026-08-25T10:10:20Z</time>
      </trkpt>
      <trkpt lat="9.005788" lon="-79.568038">
        <time>2026-08-25T10:10:21Z</time>
      </trkpt>
      <trkpt lat="9.005783" lon="-79.568054">
        <time>2026-08-25T10:10:22Z</time>
      </trkpt>
      <trkpt lat="9.005776" lon="-79.568071">
        <time>2026-08-25T10:10:23Z</time>
      </trkpt>
      <trkpt lat="9.005765" lon="-79.568085">
        <time>2026-08-25T10:10:24Z</time>
      </trkpt>
      <trkpt lat="9.005755" lon="-79.568102">
        <time>2026-08-25T10:10:25Z</time>
      </trkpt>
      <trkpt lat="9.005745" lon="-79.568120">
        <time>2026-08-25T10:10:26Z</time>
      </trkpt>
      <trkpt lat="9.005733" lon="-79.568139">
        <time>2026-08-25T10:10:27Z</time>
      </trkpt>
      <trkpt lat="9.005720" lon="-79.568157">
        <time>2026-08-25T10:10:28Z</time>
      </trkpt>
      <trkpt lat="9.005708" lon="-79.568174">
        <time>2026-08-25T10:10:29Z</time>
      </trkpt>
      <trkpt lat="9.005698" lon="-79.568191">
        <time>2026-08-25T10:10:30Z</time>
      </trkpt>
      <trkpt lat="9.005686" lon="-79.568208">
        <time>2026-08-25T10:10:31Z</time>
      </trkpt>
      <trkpt lat="9.005673" lon="-79.568227">
        <time>2026-08-25T10:10:32Z</time>
      </trkpt>
      <trkpt lat="9.005664" lon="-79.568245">
        <time>2026-08-25T10:10:33Z</time>
      </trkpt>
      <trkpt lat="9.005655" lon="-79.568260">
        <time>2026-08-25T10:10:34Z</time>
      </trkpt>
      <trkpt lat="9.005644" lon="-79.568277">
        <time>2026-08-25T10:10:35Z</time>
      </trkpt>
      <trkpt lat="9.005632" lon="-79.568294">
        <time>2026-08-25T10:10:36Z</time>
      </trkpt>
      <trkpt lat="9.005621" lon="-79.568310">
        <time>2026-08-25T10:10:37Z</time>
      </trkpt>
      <trkpt lat="9.005610" lon="-79.568324">
        <time>2026-08-25T10:10:38Z</time>
      </trkpt>
      <trkpt lat="9.005599" lon="-79.568343">
        <time>2026-08-25T10:10:39Z</time>
      </trkpt>
      <trkpt lat="9.005588" lon="-79.568361">
        <time>2026-08-25T10:10:40Z</time>
      </trkpt>
      <trkpt lat="9.005579" lon="-79.568381">
        <time>2026-08-25T10:10:41Z</time>
      </trkpt>
      <trkpt lat="9.005569" lon="-79.568401">
        <time>2026-08-25T10:10:42Z</time>
      </trkpt>
      <trkpt lat="9.005561" lon="-79.568421">
        <time>2026-08-25T10:10:43Z</time>
      </trkpt>
      <trkpt lat="9.005555" lon="-79.568441">
        <time>2026-08-25T10:10:44Z</time>
      </trkpt>
      <trkpt lat="9.005554" lon="-79.568463">
        <time>2026-08-25T10:10:45Z</time>
      </trkpt>
      <trkpt lat="9.005557" lon="-79.568482">
        <time>2026-08-25T10:10:46Z</time>
      </trkpt>
      <trkpt lat="9.005556" lon="-79.568501">
        <time>2026-08-25T10:10:47Z</time>
      </trkpt>
      <trkpt lat="9.005552" lon="-79.568520">
        <time>2026-08-25T10:10:48Z</time>
      </trkpt>
      <trkpt lat="9.005545" lon="-79.568539">
        <time>2026-08-25T10:10:49Z</time>
      </trkpt>
      <trkpt lat="9.005541" lon="-79.568558">
        <time>2026-08-25T10:10:50Z</time>
      </trkpt>
      <trkpt lat="9.005535" lon="-79.568580">
        <time>2026-08-25T10:10:51Z</time>
      </trkpt>
      <trkpt lat="9.005527" lon="-79.568601">
        <time>2026-08-25T10:10:52Z</time>
      </trkpt>
      <trkpt lat="9.005521" lon="-79.568619">
        <time>2026-08-25T10:10:53Z</time>
      </trkpt>
      <trkpt lat="9.005517" lon="-79.568641">
        <time>2026-08-25T10:10:54Z</time>
      </trkpt>
      <trkpt lat="9.005509" lon="-79.568660">
        <time>2026-08-25T10:10:55Z</time>
      </trkpt>
      <trkpt lat="9.005504" lon="-79.568679">
        <time>2026-08-25T10:10:56Z</time>
      </trkpt>
      <trkpt lat="9.005503" lon="-79.568699">
        <time>2026-08-25T10:10:57Z</time>
      </trkpt>
      <trkpt lat="9.005499" lon="-79.568720">
        <time>2026-08-25T10:10:58Z</time>
      </trkpt>
      <trkpt lat="9.005493" lon="-79.568742">
        <time>2026-08-25T10:10:59Z</time>
      </trkpt>
      <trkpt lat="9.005488" lon="-79.568762">
        <time>2026-08-25T10:11:00Z</time>
      </trkpt>
      <trkpt lat="9.005485" lon="-79.568784">
        <time>2026-08-25T10:11:01Z</time>
      </trkpt>
      <trkpt lat="9.005480" lon="-79.568805">
        <time>2026-08-25T10:11:02Z</time>
      </trkpt>
      <trkpt lat="9.005473" lon="-79.568825">
        <time>2026-08-25T10:11:03Z</time>
      </trkpt>
      <trkpt lat="9.005466" lon="-79.568843">
        <time>2026-08-25T10:11:04Z</time>
      </trkpt>
      <trkpt lat="9.005460" lon="-79.568863">
        <time>2026-08-25T10:11:05Z</time>
      </trkpt>
      <trkpt lat="9.005454" lon="-79.568884">
        <time>2026-08-25T10:11:06Z</time>
      </trkpt>
      <trkpt lat="9.005450" lon="-79.568905">
        <time>2026-08-25T10:11:07Z</time>
      </trkpt>
      <trkpt lat="9.005443" lon="-79.568927">
        <time>2026-08-25T10:11:08Z</time>
      </trkpt>
      <trkpt lat="9.005433" lon="-79.568951">
        <time>2026-08-25T10:11:09Z</time>
      </trkpt>
      <trkpt lat="9.005428" lon="-79.568972">
        <time>2026-08-25T10:11:10Z</time>
      </trkpt>
      <trkpt lat="9.005423" lon="-79.568995">
        <time>2026-08-25T10:11:11Z</time>
      </trkpt>
      <trkpt lat="9.005416" lon="-79.569016">
        <time>2026-08-25T10:11:12Z</time>
      </trkpt>
      <trkpt lat="9.005407" lon="-79.569036">
        <time>2026-08-25T10:11:13Z</time>
      </trkpt>
      <trkpt lat="9.005400" lon="-79.569058">
        <time>2026-08-25T10:11:14Z</time>
      </trkpt>
      <trkpt lat="9.005394" lon="-79.569080">
        <time>2026-08-25T10:11:15Z</time>
      </trkpt>
      <trkpt lat="9.005386" lon="-79.569100">
        <time>2026-08-25T10:11:16Z</time>
      </trkpt>
      <trkpt lat="9.005379" lon="-79.569123">
        <time>2026-08-25T10:11:17Z</time>
      </trkpt>
      <trkpt lat="9.005374" lon="-79.569144">
        <time>2026-08-25T10:11:18Z</time>
      </trkpt>
      <trkpt lat="9.005372" lon="-79.569167">
        <time>2026-08-25T10:11:19Z</time>
      </trkpt>
      <trkpt lat="9.005368" lon="-79.569190">
        <time>2026-08-25T10:11:20Z</time>
      </trkpt>
      <trkpt lat="9.005365" lon="-79.569210">
        <time>2026-08-25T10:11:21Z</time>
      </trkpt>
      <trkpt lat="9.005358" lon="-79.569232">
        <time>2026-08-25T10:11:22Z</time>
      </trkpt>
      <trkpt lat="9.005352" lon="-79.569249">
        <time>2026-08-25T10:11:23Z</time>
      </trkpt>
      <trkpt lat="9.005350" lon="-79.569269">
        <time>2026-08-25T10:11:24Z</time>
      </trkpt>
      <trkpt lat="9.005345" lon="-79.569294">
        <time>2026-08-25T10:11:25Z</time>
      </trkpt>
      <trkpt lat="9.005341" lon="-79.569315">
        <time>2026-08-25T10:11:26Z</time>
      </trkpt>
      <trkpt lat="9.005339" lon="-79.569338">
        <time>2026-08-25T10:11:27Z</time>
      </trkpt>
      <trkpt lat="9.005337" lon="-79.569361">
        <time>2026-08-25T10:11:28Z</time>
      </trkpt>
      <trkpt lat="9.005334" lon="-79.569383">
        <time>2026-08-25T10:11:29Z</time>
      </trkpt>
      <trkpt lat="9.005330" lon="-79.569406">
        <time>2026-08-25T10:11:30Z</time>
      </trkpt>
      <trkpt lat="9.005324" lon="-79.569424">
        <time>2026-08-25T10:11:31Z</time>
      </trkpt>
      <trkpt lat="9.005316" lon="-79.569444">
        <time>2026-08-25T10:11:32Z</time>
      </trkpt>
      <trkpt lat="9.005310" lon="-79.569467">
        <time>2026-08-25T10:11:33Z</time>
      </trkpt>
      <trkpt lat="9.005305" lon="-79.569487">
        <time>2026-08-25T10:11:34Z</time>
      </trkpt>
      <trkpt lat="9.005299" lon="-79.569507">
        <time>2026-08-25T10:11:35Z</time>
      </trkpt>
      <trkpt lat="9.005292" lon="-79.569526">
        <time>2026-08-25T10:11:36Z</time>
      </trkpt>
      <trkpt lat="9.005285" lon="-79.569545">
        <time>2026-08-25T10:11:37Z</time>
      </trkpt>
      <trkpt lat="9.005279" lon="-79.569564">
        <time>2026-08-25T10:11:38Z</time>
      </trkpt>
      <trkpt lat="9.005270" lon="-79.569581">
        <time>2026-08-25T10:11:39Z</time>
      </trkpt>
      <trkpt lat="9.005264" lon="-79.569600">
        <time>2026-08-25T10:11:40Z</time>
      </trkpt>
      <trkpt lat="9.005259" lon="-79.569620">
        <time>2026-08-25T10:11:41Z</time>
      </trkpt>
      <trkpt lat="9.005251" lon="-79.569639">
        <time>2026-08-25T10:11:42Z</time>
      </trkpt>
      <trkpt lat="9.005242" lon="-79.569656">
        <time>2026-08-25T10:11:43Z</time>
      </trkpt>
      <trkpt lat="9.005232" lon="-79.569675">
        <time>2026-08-25T10:11:44Z</time>
      </trkpt>
      <trkpt lat="9.005225" lon="-79.569695">
        <time>2026-08-25T10:11:45Z</time>
      </trkpt>
      <trkpt lat="9.005220" lon="-79.569715">
        <time>2026-08-25T10:11:46Z</time>
      </trkpt>
      <trkpt lat="9.005213" lon="-79.569735">
        <time>2026-08-25T10:11:47Z</time>
      </trkpt>
      <trkpt lat="9.005203" lon="-79.569756">
        <time>2026-08-25T10:11:48Z</time>
      </trkpt>
      <trkpt lat="9.005191" lon="-79.569778">
        <time>2026-08-25T10:11:49Z</time>
      </trkpt>
      <trkpt lat="9.005182" lon="-79.569795">
        <time>2026-08-25T10:11:50Z</time>
      </trkpt>
      <trkpt lat="9.005173" lon="-79.569814">
        <time>2026-08-25T10:11:51Z</time>
      </trkpt>
      <trkpt lat="9.005162" lon="-79.569835">
        <time>2026-08-25T10:11:52Z</time>
      </trkpt>
      <trkpt lat="9.005150" lon="-79.569854">
        <time>2026-08-25T10:11:53Z</time>
      </trkpt>
      <trkpt lat="9.005139" lon="-79.569873">
        <time>2026-08-25T10:11:54Z</time>
      </trkpt>
      <trkpt lat="9.005129" lon="-79.569894">
        <time>2026-08-25T10:11:55Z</time>
      </trkpt>
      <trkpt lat="9.005120" lon="-79.569911">
        <time>2026-08-25T10:11:56Z</time>
      </trkpt>
      <trkpt lat="9.005115" lon="-79.569928">
        <time>2026-08-25T10:11:57Z</time>
      </trkpt>
      <trkpt lat="9.005110" lon="-79.569946">
        <time>2026-08-25T10:11:58Z</time>
      </trkpt>
      <trkpt lat="9.005103" lon="-79.569965">
        <time>2026-08-25T10:11:59Z</time>
      </trkpt>
      <trkpt lat="9.005095" lon="-79.569984">
        <time>2026-08-25T10:12:00Z</time>
      </trkpt>
      <trkpt lat="9.005089" lon="-79.570002">
        <time>2026-08-25T10:12:01Z</time>
      </trkpt>
      <trkpt lat="9.005084" lon="-79.570022">
        <time>2026-08-25T10:12:02Z</time>
      </trkpt>
      <trkpt lat="9.005080" lon="-79.570042">
        <time>2026-08-25T10:12:03Z</time>
      </trkpt>
      <trkpt lat="9.005076" lon="-79.570060">
        <time>2026-08-25T10:12:04Z</time>
      </trkpt>
      <trkpt lat="9.005071" lon="-79.570080">
        <time>2026-08-25T10:12:05Z</time>
      </trkpt>
      <trkpt lat="9.005064" lon="-79.570100">
        <time>2026-08-25T10:12:06Z</time>
      </trkpt>
      <trkpt lat="9.005058" lon="-79.570120">
        <time>2026-08-25T10:12:07Z</time>
      </trkpt>
      <trkpt lat="9.005049" lon="-79.570141">
        <time>2026-08-25T10:12:08Z</time>
      </trkpt>
      <trkpt lat="9.005046" lon="-79.570162">
        <time>2026-08-25T10:12:09Z</time>
      </trkpt>
      <trkpt lat="9.005041" lon="-79.570182">
        <time>2026-08-25T10:12:10Z</time>
      </trkpt>
      <trkpt lat="9.005039" lon="-79.570203">
        <time>2026-08-25T10:12:11Z</time>
      </trkpt>
      <trkpt lat="9.005035" lon="-79.570223">
        <time>2026-08-25T10:12:12Z</time>
      </trkpt>
      <trkpt lat="9.005034" lon="-79.570249">
        <time>2026-08-25T10:12:13Z</time>
      </trkpt>
      <trkpt lat="9.005033" lon="-79.570274">
        <time>2026-08-25T10:12:14Z</time>
      </trkpt>
      <trkpt lat="9.005033" lon="-79.570295">
        <time>2026-08-25T10:12:15Z</time>
      </trkpt>
      <trkpt lat="9.005029" lon="-79.570316">
        <time>2026-08-25T10:12:16Z</time>
      </trkpt>
      <trkpt lat="9.005022" lon="-79.570335">
        <time>2026-08-25T10:12:17Z</time>
      </trkpt>
      <trkpt lat="9.005014" lon="-79.570355">
        <time>2026-08-25T10:12:18Z</time>
      </trkpt>
      <trkpt lat="9.005006" lon="-79.570376">
        <time>2026-08-25T10:12:19Z</time>
      </trkpt>
      <trkpt lat="9.005003" lon="-79.570396">
        <time>2026-08-25T10:12:20Z</time>
      </trkpt>
      <trkpt lat="9.004998" lon="-79.570415">
        <time>2026-08-25T10:12:21Z</time>
      </trkpt>
      <trkpt lat="9.004989" lon="-79.570438">
        <time>2026-08-25T10:12:22Z</time>
      </trkpt>
      <trkpt lat="9.004983" lon="-79.570459">
        <time>2026-08-25T10:12:23Z</time>
      </trkpt>
      <trkpt lat="9.004976" lon="-79.570480">
        <time>2026-08-25T10:12:24Z</time>
      </trkpt>
      <trkpt lat="9.004971" lon="-79.570503">
        <time>2026-08-25T10:12:25Z</time>
      </trkpt>
      <trkpt lat="9.004964" lon="-79.570526">
        <time>2026-08-25T10:12:26Z</time>
      </trkpt>
      <trkpt lat="9.004956" lon="-79.570547">
        <time>2026-08-25T10:12:27Z</time>
      </trkpt>
      <trkpt lat="9.004948" lon="-79.570566">
        <time>2026-08-25T10:12:28Z</time>
      </trkpt>
      <trkpt lat="9.004937" lon="-79.570589">
        <time>2026-08-25T10:12:29Z</time>
      </trkpt>
      <trkpt lat="9.004928" lon="-79.570610">
        <time>2026-08-25T10:12:30Z</time>
      </trkpt>
      <trkpt lat="9.004917" lon="-79.570629">
        <time>2026-08-25T10:12:31Z</time>
      </trkpt>
      <trkpt lat="9.004906" lon="-79.570650">
        <time>2026-08-25T10:12:32Z</time>
      </trkpt>
      <trkpt lat="9.004894" lon="-79.570672">
        <time>2026-08-25T10:12:33Z</time>
      </trkpt>
      <trkpt lat="9.004883" lon="-79.570694">
        <time>2026-08-25T10:12:34Z</time>
      </trkpt>
      <trkpt lat="9.004877" lon="-79.570717">
        <time>2026-08-25T10:12:35Z</time>
      </trkpt>
      <trkpt lat="9.004871" lon="-79.570741">
        <time>2026-08-25T10:12:36Z</time>
      </trkpt>
      <trkpt lat="9.004866" lon="-79.570765">
        <time>2026-08-25T10:12:37Z</time>
      </trkpt>
      <trkpt lat="9.004859" lon="-79.570792">
        <time>2026-08-25T10:12:38Z</time>
      </trkpt>
      <trkpt lat="9.004853" lon="-79.570818">
        <time>2026-08-25T10:12:39Z</time>
      </trkpt>
      <trkpt lat="9.004850" lon="-79.570844">
        <time>2026-08-25T10:12:40Z</time>
      </trkpt>
      <trkpt lat="9.004847" lon="-79.570871">
        <time>2026-08-25T10:12:41Z</time>
      </trkpt>
      <trkpt lat="9.004849" lon="-79.570897">
        <time>2026-08-25T10:12:42Z</time>
      </trkpt>
      <trkpt lat="9.004850" lon="-79.570920">
        <time>2026-08-25T10:12:43Z</time>
      </trkpt>
      <trkpt lat="9.004851" lon="-79.570942">
        <time>2026-08-25T10:12:44Z</time>
      </trkpt>
      <trkpt lat="9.004854" lon="-79.570965">
        <time>2026-08-25T10:12:45Z</time>
      </trkpt>
      <trkpt lat="9.004857" lon="-79.570985">
        <time>2026-08-25T10:12:46Z</time>
      </trkpt>
      <trkpt lat="9.004858" lon="-79.571005">
        <time>2026-08-25T10:12:47Z</time>
      </trkpt>
      <trkpt lat="9.004859" lon="-79.571024">
        <time>2026-08-25T10:12:48Z</time>
      </trkpt>
      <trkpt lat="9.004859" lon="-79.571044">
        <time>2026-08-25T10:12:49Z</time>
      </trkpt>
      <trkpt lat="9.004856" lon="-79.571062">
        <time>2026-08-25T10:12:50Z</time>
      </trkpt>
      <trkpt lat="9.004857" lon="-79.571080">
        <time>2026-08-25T10:12:51Z</time>
      </trkpt>
      <trkpt lat="9.004861" lon="-79.571101">
        <time>2026-08-25T10:12:52Z</time>
      </trkpt>
      <trkpt lat="9.004862" lon="-79.571120">
        <time>2026-08-25T10:12:53Z</time>
      </trkpt>
      <trkpt lat="9.004860" lon="-79.571140">
        <time>2026-08-25T10:12:54Z</time>
      </trkpt>
      <trkpt lat="9.004861" lon="-79.571161">
        <time>2026-08-25T10:12:55Z</time>
      </trkpt>
      <trkpt lat="9.004861" lon="-79.571181">
        <time>2026-08-25T10:12:56Z</time>
      </trkpt>
      <trkpt lat="9.004857" lon="-79.571200">
        <time>2026-08-25T10:12:57Z</time>
      </trkpt>
      <trkpt lat="9.004856" lon="-79.571219">
        <time>2026-08-25T10:12:58Z</time>
      </trkpt>
      <trkpt lat="9.004856" lon="-79.571239">
        <time>2026-08-25T10:12:59Z</time>
      </trkpt>
      <trkpt lat="9.004853" lon="-79.571260">
        <time>2026-08-25T10:13:00Z</time>
      </trkpt>
      <trkpt lat="9.004850" lon="-79.571284">
        <time>2026-08-25T10:13:01Z</time>
      </trkpt>
      <trkpt lat="9.004854" lon="-79.571307">
        <time>2026-08-25T10:13:02Z</time>
      </trkpt>
      <trkpt lat="9.004854" lon="-79.571329">
        <time>2026-08-25T10:13:03Z</time>
      </trkpt>
      <trkpt lat="9.004854" lon="-79.571352">
        <time>2026-08-25T10:13:04Z</time>
      </trkpt>
      <trkpt lat="9.004853" lon="-79.571369">
        <time>2026-08-25T10:13:05Z</time>
      </trkpt>
      <trkpt lat="9.004851" lon="-79.571383">
        <time>2026-08-25T10:13:06Z</time>
      </trkpt>
      <trkpt lat="9.004857" lon="-79.571389">
        <time>2026-08-25T10:13:07Z</time>
      </trkpt>
      <trkpt lat="9.004859" lon="-79.571401">
        <time>2026-08-25T10:13:08Z</time>
      </trkpt>
      <trkpt lat="9.004861" lon="-79.571411">
        <time>2026-08-25T10:13:09Z</time>
      </trkpt>
      <trkpt lat="9.004861" lon="-79.571426">
        <time>2026-08-25T10:13:10Z</time>
      </trkpt>
      <trkpt lat="9.004861" lon="-79.571438">
        <time>2026-08-25T10:13:11Z</time>
      </trkpt>
      <trkpt lat="9.004861" lon="-79.571451">
        <time>2026-08-25T10:13:12Z</time>
      </trkpt>
      <trkpt lat="9.004858" lon="-79.571466">
        <time>2026-08-25T10:13:13Z</time>
      </trkpt>
      <trkpt lat="9.004854" lon="-79.571480">
        <time>2026-08-25T10:13:14Z</time>
      </trkpt>
      <trkpt lat="9.004850" lon="-79.571497">
        <time>2026-08-25T10:13:15Z</time>
      </trkpt>
      <trkpt lat="9.004848" lon="-79.571518">
        <time>2026-08-25T10:13:16Z</time>
      </trkpt>
      <trkpt lat="9.004844" lon="-79.571541">
        <time>2026-08-25T10:13:17Z</time>
      </trkpt>
      <trkpt lat="9.004836" lon="-79.571560">
        <time>2026-08-25T10:13:18Z</time>
      </trkpt>
      <trkpt lat="9.004831" lon="-79.571586">
        <time>2026-08-25T10:13:19Z</time>
      </trkpt>
      <trkpt lat="9.004827" lon="-79.571610">
        <time>2026-08-25T10:13:20Z</time>
      </trkpt>
      <trkpt lat="9.004819" lon="-79.571631">
        <time>2026-08-25T10:13:21Z</time>
      </trkpt>
      <trkpt lat="9.004814" lon="-79.571653">
        <time>2026-08-25T10:13:22Z</time>
      </trkpt>
      <trkpt lat="9.004811" lon="-79.571673">
        <time>2026-08-25T10:13:23Z</time>
      </trkpt>
      <trkpt lat="9.004808" lon="-79.571694">
        <time>2026-08-25T10:13:24Z</time>
      </trkpt>
      <trkpt lat="9.004802" lon="-79.571715">
        <time>2026-08-25T10:13:25Z</time>
      </trkpt>
      <trkpt lat="9.004796" lon="-79.571736">
        <time>2026-08-25T10:13:26Z</time>
      </trkpt>
      <trkpt lat="9.004792" lon="-79.571757">
        <time>2026-08-25T10:13:27Z</time>
      </trkpt>
      <trkpt lat="9.004789" lon="-79.571777">
        <time>2026-08-25T10:13:28Z</time>
      </trkpt>
      <trkpt lat="9.004786" lon="-79.571798">
        <time>2026-08-25T10:13:29Z</time>
      </trkpt>
      <trkpt lat="9.004781" lon="-79.571819">
        <time>2026-08-25T10:13:30Z</time>
      </trkpt>
      <trkpt lat="9.004777" lon="-79.571841">
        <time>2026-08-25T10:13:31Z</time>
      </trkpt>
      <trkpt lat="9.004771" lon="-79.571863">
        <time>2026-08-25T10:13:32Z</time>
      </trkpt>
      <trkpt lat="9.004765" lon="-79.571883">
        <time>2026-08-25T10:13:33Z</time>
      </trkpt>
      <trkpt lat="9.004760" lon="-79.571905">
        <time>2026-08-25T10:13:34Z</time>
      </trkpt>
      <trkpt lat="9.004756" lon="-79.571926">
        <time>2026-08-25T10:13:35Z</time>
      </trkpt>
      <trkpt lat="9.004749" lon="-79.571945">
        <time>2026-08-25T10:13:36Z</time>
      </trkpt>
      <trkpt lat="9.004744" lon="-79.571966">
        <time>2026-08-25T10:13:37Z</time>
      </trkpt>
      <trkpt lat="9.004739" lon="-79.571987">
        <time>2026-08-25T10:13:38Z</time>
      </trkpt>
      <trkpt lat="9.004734" lon="-79.572006">
        <time>2026-08-25T10:13:39Z</time>
      </trkpt>
      <trkpt lat="9.004729" lon="-79.572025">
        <time>2026-08-25T10:13:40Z</time>
      </trkpt>
      <trkpt lat="9.004721" lon="-79.572045">
        <time>2026-08-25T10:13:41Z</time>
      </trkpt>
      <trkpt lat="9.004715" lon="-79.572065">
        <time>2026-08-25T10:13:42Z</time>
      </trkpt>
      <trkpt lat="9.004709" lon="-79.572083">
        <time>2026-08-25T10:13:43Z</time>
      </trkpt>
      <trkpt lat="9.004705" lon="-79.572099">
        <time>2026-08-25T10:13:44Z</time>
      </trkpt>
      <trkpt lat="9.004699" lon="-79.572117">
        <time>2026-08-25T10:13:45Z</time>
      </trkpt>
      <trkpt lat="9.004690" lon="-79.572133">
        <time>2026-08-25T10:13:46Z</time>
      </trkpt>
      <trkpt lat="9.004681" lon="-79.572151">
        <time>2026-08-25T10:13:47Z</time>
      </trkpt>
      <trkpt lat="9.004673" lon="-79.572171">
        <time>2026-08-25T10:13:48Z</time>
      </trkpt>
      <trkpt lat="9.004669" lon="-79.572190">
        <time>2026-08-25T10:13:49Z</time>
      </trkpt>
      <trkpt lat="9.004660" lon="-79.572207">
        <time>2026-08-25T10:13:50Z</time>
      </trkpt>
      <trkpt lat="9.004650" lon="-79.572227">
        <time>2026-08-25T10:13:51Z</time>
      </trkpt>
      <trkpt lat="9.004641" lon="-79.572247">
        <time>2026-08-25T10:13:52Z</time>
      </trkpt>
      <trkpt lat="9.004634" lon="-79.572265">
        <time>2026-08-25T10:13:53Z</time>
      </trkpt>
      <trkpt lat="9.004627" lon="-79.572284">
        <time>2026-08-25T10:13:54Z</time>
      </trkpt>
      <trkpt lat="9.004620" lon="-79.572303">
        <time>2026-08-25T10:13:55Z</time>
      </trkpt>
      <trkpt lat="9.004614" lon="-79.572321">
        <time>2026-08-25T10:13:56Z</time>
      </trkpt>
      <trkpt lat="9.004605" lon="-79.572341">
        <time>2026-08-25T10:13:57Z</time>
      </trkpt>
      <trkpt lat="9.004596" lon="-79.572364">
        <time>2026-08-25T10:13:58Z</time>
      </trkpt>
      <trkpt lat="9.004590" lon="-79.572384">
        <time>2026-08-25T10:13:59Z</time>
      </trkpt>
      <trkpt lat="9.004581" lon="-79.572405">
        <time>2026-08-25T10:14:00Z</time>
      </trkpt>
      <trkpt lat="9.004571" lon="-79.572424">
        <time>2026-08-25T10:14:01Z</time>
      </trkpt>
      <trkpt lat="9.004559" lon="-79.572442">
        <time>2026-08-25T10:14:02Z</time>
      </trkpt>
      <trkpt lat="9.004548" lon="-79.572459">
        <time>2026-08-25T10:14:03Z</time>
      </trkpt>
      <trkpt lat="9.004537" lon="-79.572480">
        <time>2026-08-25T10:14:04Z</time>
      </trkpt>
      <trkpt lat="9.004527" lon="-79.572497">
        <time>2026-08-25T10:14:05Z</time>
      </trkpt>
      <trkpt lat="9.004514" lon="-79.572512">
        <time>2026-08-25T10:14:06Z</time>
      </trkpt>
      <trkpt lat="9.004503" lon="-79.572529">
        <time>2026-08-25T10:14:07Z</time>
      </trkpt>
      <trkpt lat="9.004492" lon="-79.572546">
        <time>2026-08-25T10:14:08Z</time>
      </trkpt>
      <trkpt lat="9.004483" lon="-79.572560">
        <time>2026-08-25T10:14:09Z</time>
      </trkpt>
      <trkpt lat="9.004472" lon="-79.572576">
        <time>2026-08-25T10:14:10Z</time>
      </trkpt>
      <trkpt lat="9.004459" lon="-79.572593">
        <time>2026-08-25T10:14:11Z</time>
      </trkpt>
      <trkpt lat="9.004447" lon="-79.572608">
        <time>2026-08-25T10:14:12Z</time>
      </trkpt>
      <trkpt lat="9.004436" lon="-79.572624">
        <time>2026-08-25T10:14:13Z</time>
      </trkpt>
      <trkpt lat="9.004420" lon="-79.572639">
        <time>2026-08-25T10:14:14Z</time>
      </trkpt>
      <trkpt lat="9.004406" lon="-79.572656">
        <time>2026-08-25T10:14:15Z</time>
      </trkpt>
      <trkpt lat="9.004394" lon="-79.572673">
        <time>2026-08-25T10:14:16Z</time>
      </trkpt>
      <trkpt lat="9.004384" lon="-79.572694">
        <time>2026-08-25T10:14:17Z</time>
      </trkpt>
      <trkpt lat="9.004371" lon="-79.572712">
        <time>2026-08-25T10:14:18Z</time>
      </trkpt>
      <trkpt lat="9.004358" lon="-79.572729">
        <time>2026-08-25T10:14:19Z</time>
      </trkpt>
      <trkpt lat="9.004346" lon="-79.572745">
        <time>2026-08-25T10:14:20Z</time>
      </trkpt>
      <trkpt lat="9.004333" lon="-79.572763">
        <time>2026-08-25T10:14:21Z</time>
      </trkpt>
      <trkpt lat="9.004317" lon="-79.572775">
        <time>2026-08-25T10:14:22Z</time>
      </trkpt>
      <trkpt lat="9.004304" lon="-79.572790">
        <time>2026-08-25T10:14:23Z</time>
      </trkpt>
      <trkpt lat="9.004289" lon="-79.572806">
        <time>2026-08-25T10:14:24Z</time>
      </trkpt>
      <trkpt lat="9.004271" lon="-79.572818">
        <time>2026-08-25T10:14:25Z</time>
      </trkpt>
      <trkpt lat="9.004254" lon="-79.572832">
        <time>2026-08-25T10:14:26Z</time>
      </trkpt>
      <trkpt lat="9.004238" lon="-79.572847">
        <time>2026-08-25T10:14:27Z</time>
      </trkpt>
      <trkpt lat="9.004223" lon="-79.572861">
        <time>2026-08-25T10:14:28Z</time>
      </trkpt>
      <trkpt lat="9.004208" lon="-79.572875">
        <time>2026-08-25T10:14:29Z</time>
      </trkpt>
      <trkpt lat="9.004192" lon="-79.572891">
        <time>2026-08-25T10:14:30Z</time>
      </trkpt>
      <trkpt lat="9.004178" lon="-79.572905">
        <time>2026-08-25T10:14:31Z</time>
      </trkpt>
      <trkpt lat="9.004165" lon="-79.572920">
        <time>2026-08-25T10:14:32Z</time>
      </trkpt>
      <trkpt lat="9.004148" lon="-79.572931">
        <time>2026-08-25T10:14:33Z</time>
      </trkpt>
      <trkpt lat="9.004131" lon="-79.572941">
        <time>2026-08-25T10:14:34Z</time>
      </trkpt>
      <trkpt lat="9.004112" lon="-79.572948">
        <time>2026-08-25T10:14:35Z</time>
      </trkpt>
      <trkpt lat="9.004095" lon="-79.572960">
        <time>2026-08-25T10:14:36Z</time>
      </trkpt>
      <trkpt lat="9.004075" lon="-79.572973">
        <time>2026-08-25T10:14:37Z</time>
      </trkpt>
      <trkpt lat="9.004055" lon="-79.572982">
        <time>2026-08-25T10:14:38Z</time>
      </trkpt>
      <trkpt lat="9.004034" lon="-79.572991">
        <time>2026-08-25T10:14:39Z</time>
      </trkpt>
      <trkpt lat="9.004016" lon="-79.573000">
        <time>2026-08-25T10:14:40Z</time>
      </trkpt>
      <trkpt lat="9.003997" lon="-79.573011">
        <time>2026-08-25T10:14:41Z</time>
      </trkpt>
      <trkpt lat="9.003974" lon="-79.573021">
        <time>2026-08-25T10:14:42Z</time>
      </trkpt>
      <trkpt lat="9.003953" lon="-79.573032">
        <time>2026-08-25T10:14:43Z</time>
      </trkpt>
      <trkpt lat="9.003935" lon="-79.573043">
        <time>2026-08-25T10:14:44Z</time>
      </trkpt>
      <trkpt lat="9.003917" lon="-79.573055">
        <time>2026-08-25T10:14:45Z</time>
      </trkpt>
      <trkpt lat="9.003894" lon="-79.573064">
        <time>2026-08-25T10:14:46Z</time>
      </trkpt>
      <trkpt lat="9.003875" lon="-79.573075">
        <time>2026-08-25T10:14:47Z</time>
      </trkpt>
      <trkpt lat="9.003854" lon="-79.573085">
        <time>2026-08-25T10:14:48Z</time>
      </trkpt>
      <trkpt lat="9.003831" lon="-79.573095">
        <time>2026-08-25T10:14:49Z</time>
      </trkpt>
      <trkpt lat="9.003811" lon="-79.573105">
        <time>2026-08-25T10:14:50Z</time>
      </trkpt>
      <trkpt lat="9.003792" lon="-79.573116">
        <time>2026-08-25T10:14:51Z</time>
      </trkpt>
      <trkpt lat="9.003769" lon="-79.573130">
        <time>2026-08-25T10:14:52Z</time>
      </trkpt>
      <trkpt lat="9.003751" lon="-79.573140">
        <time>2026-08-25T10:14:53Z</time>
      </trkpt>
      <trkpt lat="9.003734" lon="-79.573143">
        <time>2026-08-25T10:14:54Z</time>
      </trkpt>
      <trkpt lat="9.003716" lon="-79.573154">
        <time>2026-08-25T10:14:55Z</time>
      </trkpt>
      <trkpt lat="9.003695" lon="-79.573162">
        <time>2026-08-25T10:14:56Z</time>
      </trkpt>
      <trkpt lat="9.003677" lon="-79.573171">
        <time>2026-08-25T10:14:57Z</time>
      </trkpt>
      <trkpt lat="9.003660" lon="-79.573180">
        <time>2026-08-25T10:14:58Z</time>
      </trkpt>
      <trkpt lat="9.003643" lon="-79.573191">
        <time>2026-08-25T10:14:59Z</time>
      </trkpt>
      <trkpt lat="9.003628" lon="-79.573200">
        <time>2026-08-25T10:15:00Z</time>
      </trkpt>
      <trkpt lat="9.003610" lon="-79.573211">
        <time>2026-08-25T10:15:01Z</time>
      </trkpt>
      <trkpt lat="9.003592" lon="-79.573225">
        <time>2026-08-25T10:15:02Z</time>
      </trkpt>
      <trkpt lat="9.003575" lon="-79.573239">
        <time>2026-08-25T10:15:03Z</time>
      </trkpt>
      <trkpt lat="9.003558" lon="-79.573249">
        <time>2026-08-25T10:15:04Z</time>
      </trkpt>
      <trkpt lat="9.003542" lon="-79.573260">
        <time>2026-08-25T10:15:05Z</time>
      </trkpt>
      <trkpt lat="9.003523" lon="-79.573271">
        <time>2026-08-25T10:15:06Z</time>
      </trkpt>
      <trkpt lat="9.003504" lon="-79.573283">
        <time>2026-08-25T10:15:07Z</time>
      </trkpt>
      <trkpt lat="9.003487" lon="-79.573295">
        <time>2026-08-25T10:15:08Z</time>
      </trkpt>
      <trkpt lat="9.003469" lon="-79.573307">
        <time>2026-08-25T10:15:09Z</time>
      </trkpt>
      <trkpt lat="9.003451" lon="-79.573319">
        <time>2026-08-25T10:15:10Z</time>
      </trkpt>
      <trkpt lat="9.003434" lon="-79.573331">
        <time>2026-08-25T10:15:11Z</time>
      </trkpt>
      <trkpt lat="9.003415" lon="-79.573345">
        <time>2026-08-25T10:15:12Z</time>
      </trkpt>
      <trkpt lat="9.003399" lon="-79.573357">
        <time>2026-08-25T10:15:13Z</time>
      </trkpt>
      <trkpt lat="9.003382" lon="-79.573369">
        <time>2026-08-25T10:15:14Z</time>
      </trkpt>
      <trkpt lat="9.003363" lon="-79.573382">
        <time>2026-08-25T10:15:15Z</time>
      </trkpt>
      <trkpt lat="9.003346" lon="-79.573395">
        <time>2026-08-25T10:15:16Z</time>
      </trkpt>
      <trkpt lat="9.003327" lon="-79.573411">
        <time>2026-08-25T10:15:17Z</time>
      </trkpt>
      <trkpt lat="9.003306" lon="-79.573427">
        <time>2026-08-25T10:15:18Z</time>
      </trkpt>
      <trkpt lat="9.003290" lon="-79.573439">
        <time>2026-08-25T10:15:19Z</time>
      </trkpt>
      <trkpt lat="9.003275" lon="-79.573454">
        <time>2026-08-25T10:15:20Z</time>
      </trkpt>
      <trkpt lat="9.003260" lon="-79.573473">
        <time>2026-08-25T10:15:21Z</time>
      </trkpt>
      <trkpt lat="9.003244" lon="-79.573490">
        <time>2026-08-25T10:15:22Z</time>
      </trkpt>
      <trkpt lat="9.003231" lon="-79.573506">
        <time>2026-08-25T10:15:23Z</time>
      </trkpt>
      <trkpt lat="9.003217" lon="-79.573522">
        <time>2026-08-25T10:15:24Z</time>
      </trkpt>
      <trkpt lat="9.003205" lon="-79.573542">
        <time>2026-08-25T10:15:25Z</time>
      </trkpt>
      <trkpt lat="9.003190" lon="-79.573559">
        <time>2026-08-25T10:15:26Z</time>
      </trkpt>
      <trkpt lat="9.003175" lon="-79.573578">
        <time>2026-08-25T10:15:27Z</time>
      </trkpt>
      <trkpt lat="9.003163" lon="-79.573600">
        <time>2026-08-25T10:15:28Z</time>
      </trkpt>
      <trkpt lat="9.003153" lon="-79.573620">
        <time>2026-08-25T10:15:29Z</time>
      </trkpt>
      <trkpt lat="9.003142" lon="-79.573638">
        <time>2026-08-25T10:15:30Z</time>
      </trkpt>
      <trkpt lat="9.003129" lon="-79.573656">
        <time>2026-08-25T10:15:31Z</time>
      </trkpt>
      <trkpt lat="9.003115" lon="-79.573674">
        <time>2026-08-25T10:15:32Z</time>
      </trkpt>
      <trkpt lat="9.003100" lon="-79.573687">
        <time>2026-08-25T10:15:33Z</time>
      </trkpt>
      <trkpt lat="9.003087" lon="-79.573704">
        <time>2026-08-25T10:15:34Z</time>
      </trkpt>
      <trkpt lat="9.003069" lon="-79.573723">
        <time>2026-08-25T10:15:35Z</time>
      </trkpt>
      <trkpt lat="9.003052" lon="-79.573738">
        <time>2026-08-25T10:15:36Z</time>
      </trkpt>
      <trkpt lat="9.003036" lon="-79.573753">
        <time>2026-08-25T10:15:37Z</time>
      </trkpt>
      <trkpt lat="9.003019" lon="-79.573767">
        <time>2026-08-25T10:15:38Z</time>
      </trkpt>
      <trkpt lat="9.003001" lon="-79.573779">
        <time>2026-08-25T10:15:39Z</time>
      </trkpt>
      <trkpt lat="9.002987" lon="-79.573798">
        <time>2026-08-25T10:15:40Z</time>
      </trkpt>
      <trkpt lat="9.002972" lon="-79.573813">
        <time>2026-08-25T10:15:41Z</time>
      </trkpt>
      <trkpt lat="9.002956" lon="-79.573828">
        <time>2026-08-25T10:15:42Z</time>
      </trkpt>
      <trkpt lat="9.002936" lon="-79.573844">
        <time>2026-08-25T10:15:43Z</time>
      </trkpt>
      <trkpt lat="9.002918" lon="-79.573860">
        <time>2026-08-25T10:15:44Z</time>
      </trkpt>
      <trkpt lat="9.002901" lon="-79.573874">
        <time>2026-08-25T10:15:45Z</time>
      </trkpt>
      <trkpt lat="9.002883" lon="-79.573888">
        <time>2026-08-25T10:15:46Z</time>
      </trkpt>
      <trkpt lat="9.002866" lon="-79.573905">
        <time>2026-08-25T10:15:47Z</time>
      </trkpt>
      <trkpt lat="9.002850" lon="-79.573919">
        <time>2026-08-25T10:15:48Z</time>
      </trkpt>
      <trkpt lat="9.002835" lon="-79.573933">
        <time>2026-08-25T10:15:49Z</time>
      </trkpt>
      <trkpt lat="9.002816" lon="-79.573950">
        <time>2026-08-25T10:15:50Z</time>
      </trkpt>
      <trkpt lat="9.002799" lon="-79.573963">
        <time>2026-08-25T10:15:51Z</time>
      </trkpt>
      <trkpt lat="9.002784" lon="-79.573975">
        <time>2026-08-25T10:15:52Z</time>
      </trkpt>
      <trkpt lat="9.002770" lon="-79.573991">
        <time>2026-08-25T10:15:53Z</time>
      </trkpt>
      <trkpt lat="9.002754" lon="-79.574007">
        <time>2026-08-25T10:15:54Z</time>
      </trkpt>
      <trkpt lat="9.002739" lon="-79.574019">
        <time>2026-08-25T10:15:55Z</time>
      </trkpt>
      <trkpt lat="9.002722" lon="-79.574034">
        <time>2026-08-25T10:15:56Z</time>
      </trkpt>
      <trkpt lat="9.002706" lon="-79.574050">
        <time>2026-08-25T10:15:57Z</time>
      </trkpt>
      <trkpt lat="9.002691" lon="-79.574065">
        <time>2026-08-25T10:15:58Z</time>
      </trkpt>
      <trkpt lat="9.002674" lon="-79.574080">
        <time>2026-08-25T10:15:59Z</time>
      </trkpt>
      <trkpt lat="9.002657" lon="-79.574094">
        <time>2026-08-25T10:16:00Z</time>
      </trkpt>
      <trkpt lat="9.002640" lon="-79.574105">
        <time>2026-08-25T10:16:01Z</time>
      </trkpt>
      <trkpt lat="9.002624" lon="-79.574118">
        <time>2026-08-25T10:16:02Z</time>
      </trkpt>
      <trkpt lat="9.002608" lon="-79.574132">
        <time>2026-08-25T10:16:03Z</time>
      </trkpt>
      <trkpt lat="9.002592" lon="-79.574146">
        <time>2026-08-25T10:16:04Z</time>
      </trkpt>
      <trkpt lat="9.002574" lon="-79.574158">
        <time>2026-08-25T10:16:05Z</time>
      </trkpt>
      <trkpt lat="9.002557" lon="-79.574173">
        <time>2026-08-25T10:16:06Z</time>
      </trkpt>
      <trkpt lat="9.002537" lon="-79.574185">
        <time>2026-08-25T10:16:07Z</time>
      </trkpt>
      <trkpt lat="9.002520" lon="-79.574198">
        <time>2026-08-25T10:16:08Z</time>
      </trkpt>
      <trkpt lat="9.002502" lon="-79.574214">
        <time>2026-08-25T10:16:09Z</time>
      </trkpt>
      <trkpt lat="9.002487" lon="-79.574228">
        <time>2026-08-25T10:16:10Z</time>
      </trkpt>
      <trkpt lat="9.002470" lon="-79.574241">
        <time>2026-08-25T10:16:11Z</time>
      </trkpt>
      <trkpt lat="9.002455" lon="-79.574254">
        <time>2026-08-25T10:16:12Z</time>
      </trkpt>
      <trkpt lat="9.002437" lon="-79.574268">
        <time>2026-08-25T10:16:13Z</time>
      </trkpt>
      <trkpt lat="9.002420" lon="-79.574286">
        <time>2026-08-25T10:16:14Z</time>
      </trkpt>
      <trkpt lat="9.002403" lon="-79.574298">
        <time>2026-08-25T10:16:15Z</time>
      </trkpt>
      <trkpt lat="9.002385" lon="-79.574310">
        <time>2026-08-25T10:16:16Z</time>
      </trkpt>
      <trkpt lat="9.002368" lon="-79.574323">
        <time>2026-08-25T10:16:17Z</time>
      </trkpt>
      <trkpt lat="9.002349" lon="-79.574334">
        <time>2026-08-25T10:16:18Z</time>
      </trkpt>
      <trkpt lat="9.002332" lon="-79.574348">
        <time>2026-08-25T10:16:19Z</time>
      </trkpt>
      <trkpt lat="9.002314" lon="-79.574360">
        <time>2026-08-25T10:16:20Z</time>
      </trkpt>
      <trkpt lat="9.002298" lon="-79.574373">
        <time>2026-08-25T10:16:21Z</time>
      </trkpt>
      <trkpt lat="9.002281" lon="-79.574383">
        <time>2026-08-25T10:16:22Z</time>
      </trkpt>
      <trkpt lat="9.002263" lon="-79.574395">
        <time>2026-08-25T10:16:23Z</time>
      </trkpt>
      <trkpt lat="9.002243" lon="-79.574406">
        <time>2026-08-25T10:16:24Z</time>
      </trkpt>
      <trkpt lat="9.002227" lon="-79.574419">
        <time>2026-08-25T10:16:25Z</time>
      </trkpt>
      <trkpt lat="9.002208" lon="-79.574433">
        <time>2026-08-25T10:16:26Z</time>
      </trkpt>
      <trkpt lat="9.002191" lon="-79.574446">
        <time>2026-08-25T10:16:27Z</time>
      </trkpt>
      <trkpt lat="9.002175" lon="-79.574457">
        <time>2026-08-25T10:16:28Z</time>
      </trkpt>
      <trkpt lat="9.002155" lon="-79.574472">
        <time>2026-08-25T10:16:29Z</time>
      </trkpt>
      <trkpt lat="9.002140" lon="-79.574488">
        <time>2026-08-25T10:16:30Z</time>
      </trkpt>
      <trkpt lat="9.002125" lon="-79.574501">
        <time>2026-08-25T10:16:31Z</time>
      </trkpt>
      <trkpt lat="9.002107" lon="-79.574516">
        <time>2026-08-25T10:16:32Z</time>
      </trkpt>
      <trkpt lat="9.002092" lon="-79.574527">
        <time>2026-08-25T10:16:33Z</time>
      </trkpt>
      <trkpt lat="9.002075" lon="-79.574538">
        <time>2026-08-25T10:16:34Z</time>
      </trkpt>
      <trkpt lat="9.002058" lon="-79.574551">
        <time>2026-08-25T10:16:35Z</time>
      </trkpt>
      <trkpt lat="9.002043" lon="-79.574565">
        <time>2026-08-25T10:16:36Z</time>
      </trkpt>
      <trkpt lat="9.002026" lon="-79.574579">
        <time>2026-08-25T10:16:37Z</time>
      </trkpt>
      <trkpt lat="9.002009" lon="-79.574590">
        <time>2026-08-25T10:16:38Z</time>
      </trkpt>
      <trkpt lat="9.001993" lon="-79.574602">
        <time>2026-08-25T10:16:39Z</time>
      </trkpt>
      <trkpt lat="9.001977" lon="-79.574614">
        <time>2026-08-25T10:16:40Z</time>
      </trkpt>
      <trkpt lat="9.001962" lon="-79.574626">
        <time>2026-08-25T10:16:41Z</time>
      </trkpt>
      <trkpt lat="9.001946" lon="-79.574638">
        <time>2026-08-25T10:16:42Z</time>
      </trkpt>
      <trkpt lat="9.001930" lon="-79.574649">
        <time>2026-08-25T10:16:43Z</time>
      </trkpt>
      <trkpt lat="9.001910" lon="-79.574659">
        <time>2026-08-25T10:16:44Z</time>
      </trkpt>
      <trkpt lat="9.001894" lon="-79.574671">
        <time>2026-08-25T10:16:45Z</time>
      </trkpt>
      <trkpt lat="9.001877" lon="-79.574683">
        <time>2026-08-25T10:16:46Z</time>
      </trkpt>
      <trkpt lat="9.001860" lon="-79.574695">
        <time>2026-08-25T10:16:47Z</time>
      </trkpt>
      <trkpt lat="9.001842" lon="-79.574707">
        <time>2026-08-25T10:16:48Z</time>
      </trkpt>
      <trkpt lat="9.001824" lon="-79.574720">
        <time>2026-08-25T10:16:49Z</time>
      </trkpt>
      <trkpt lat="9.001806" lon="-79.574734">
        <time>2026-08-25T10:16:50Z</time>
      </trkpt>
      <trkpt lat="9.001788" lon="-79.574748">
        <time>2026-08-25T10:16:51Z</time>
      </trkpt>
      <trkpt lat="9.001774" lon="-79.574762">
        <time>2026-08-25T10:16:52Z</time>
      </trkpt>
      <trkpt lat="9.001761" lon="-79.574784">
        <time>2026-08-25T10:16:53Z</time>
      </trkpt>
      <trkpt lat="9.001746" lon="-79.574800">
        <time>2026-08-25T10:16:54Z</time>
      </trkpt>
      <trkpt lat="9.001730" lon="-79.574817">
        <time>2026-08-25T10:16:55Z</time>
      </trkpt>
      <trkpt lat="9.001715" lon="-79.574834">
        <time>2026-08-25T10:16:56Z</time>
      </trkpt>
      <trkpt lat="9.001700" lon="-79.574852">
        <time>2026-08-25T10:16:57Z</time>
      </trkpt>
      <trkpt lat="9.001686" lon="-79.574870">
        <time>2026-08-25T10:16:58Z</time>
      </trkpt>
      <trkpt lat="9.001670" lon="-79.574888">
        <time>2026-08-25T10:16:59Z</time>
      </trkpt>
      <trkpt lat="9.001656" lon="-79.574905">
        <time>2026-08-25T10:17:00Z</time>
      </trkpt>
      <trkpt lat="9.001642" lon="-79.574922">
        <time>2026-08-25T10:17:01Z</time>
      </trkpt>
      <trkpt lat="9.001628" lon="-79.574936">
        <time>2026-08-25T10:17:02Z</time>
      </trkpt>
      <trkpt lat="9.001612" lon="-79.574950">
        <time>2026-08-25T10:17:03Z</time>
      </trkpt>
      <trkpt lat="9.001594" lon="-79.574963">
        <time>2026-08-25T10:17:04Z</time>
      </trkpt>
      <trkpt lat="9.001577" lon="-79.574976">
        <time>2026-08-25T10:17:05Z</time>
      </trkpt>
      <trkpt lat="9.001561" lon="-79.574990">
        <time>2026-08-25T10:17:06Z</time>
      </trkpt>
      <trkpt lat="9.001545" lon="-79.575004">
        <time>2026-08-25T10:17:07Z</time>
      </trkpt>
      <trkpt lat="9.001527" lon="-79.575018">
        <time>2026-08-25T10:17:08Z</time>
      </trkpt>
      <trkpt lat="9.001510" lon="-79.575033">
        <time>2026-08-25T10:17:09Z</time>
      </trkpt>
      <trkpt lat="9.001494" lon="-79.575048">
        <time>2026-08-25T10:17:10Z</time>
      </trkpt>
      <trkpt lat="9.001476" lon="-79.575063">
        <time>2026-08-25T10:17:11Z</time>
      </trkpt>
      <trkpt lat="9.001458" lon="-79.575077">
        <time>2026-08-25T10:17:12Z</time>
      </trkpt>
      <trkpt lat="9.001443" lon="-79.575089">
        <time>2026-08-25T10:17:13Z</time>
      </trkpt>
      <trkpt lat="9.001428" lon="-79.575101">
        <time>2026-08-25T10:17:14Z</time>
      </trkpt>
      <trkpt lat="9.001413" lon="-79.575116">
        <time>2026-08-25T10:17:15Z</time>
      </trkpt>
      <trkpt lat="9.001399" lon="-79.575127">
        <time>2026-08-25T10:17:16Z</time>
      </trkpt>
      <trkpt lat="9.001382" lon="-79.575140">
        <time>2026-08-25T10:17:17Z</time>
      </trkpt>
      <trkpt lat="9.001365" lon="-79.575155">
        <time>2026-08-25T10:17:18Z</time>
      </trkpt>
      <trkpt lat="9.001349" lon="-79.575168">
        <time>2026-08-25T10:17:19Z</time>
      </trkpt>
      <trkpt lat="9.001333" lon="-79.575180">
        <time>2026-08-25T10:17:20Z</time>
      </trkpt>
      <trkpt lat="9.001318" lon="-79.575193">
        <time>2026-08-25T10:17:21Z</time>
      </trkpt>
      <trkpt lat="9.001301" lon="-79.575206">
        <time>2026-08-25T10:17:22Z</time>
      </trkpt>
      <trkpt lat="9.001285" lon="-79.575217">
        <time>2026-08-25T10:17:23Z</time>
      </trkpt>
      <trkpt lat="9.001269" lon="-79.575229">
        <time>2026-08-25T10:17:24Z</time>
      </trkpt>
      <trkpt lat="9.001251" lon="-79.575242">
        <time>2026-08-25T10:17:25Z</time>
      </trkpt>
      <trkpt lat="9.001236" lon="-79.575255">
        <time>2026-08-25T10:17:26Z</time>
      </trkpt>
      <trkpt lat="9.001221" lon="-79.575267">
        <time>2026-08-25T10:17:27Z</time>
      </trkpt>
      <trkpt lat="9.001204" lon="-79.575282">
        <time>2026-08-25T10:17:28Z</time>
      </trkpt>
      <trkpt lat="9.001189" lon="-79.575296">
        <time>2026-08-25T10:17:29Z</time>
      </trkpt>
      <trkpt lat="9.001173" lon="-79.575309">
        <time>2026-08-25T10:17:30Z</time>
      </trkpt>
      <trkpt lat="9.001158" lon="-79.575323">
        <time>2026-08-25T10:17:31Z</time>
      </trkpt>
      <trkpt lat="9.001143" lon="-79.575335">
        <time>2026-08-25T10:17:32Z</time>
      </trkpt>
      <trkpt lat="9.001129" lon="-79.575346">
        <time>2026-08-25T10:17:33Z</time>
      </trkpt>
      <trkpt lat="9.001113" lon="-79.575357">
        <time>2026-08-25T10:17:34Z</time>
      </trkpt>
      <trkpt lat="9.001099" lon="-79.575367">
        <time>2026-08-25T10:17:35Z</time>
      </trkpt>
      <trkpt lat="9.001086" lon="-79.575375">
        <time>2026-08-25T10:17:36Z</time>
      </trkpt>
      <trkpt lat="9.001073" lon="-79.575387">
        <time>2026-08-25T10:17:37Z</time>
      </trkpt>
      <trkpt lat="9.001059" lon="-79.575397">
        <time>2026-08-25T10:17:38Z</time>
      </trkpt>
      <trkpt lat="9.001044" lon="-79.575404">
        <time>2026-08-25T10:17:39Z</time>
      </trkpt>
      <trkpt lat="9.001029" lon="-79.575412">
        <time>2026-08-25T10:17:40Z</time>
      </trkpt>
      <trkpt lat="9.001012" lon="-79.575419">
        <time>2026-08-25T10:17:41Z</time>
      </trkpt>
      <trkpt lat="9.000993" lon="-79.575428">
        <time>2026-08-25T10:17:42Z</time>
      </trkpt>
      <trkpt lat="9.000976" lon="-79.575441">
        <time>2026-08-25T10:17:43Z</time>
      </trkpt>
      <trkpt lat="9.000956" lon="-79.575455">
        <time>2026-08-25T10:17:44Z</time>
      </trkpt>
      <trkpt lat="9.000937" lon="-79.575470">
        <time>2026-08-25T10:17:45Z</time>
      </trkpt>
      <trkpt lat="9.000921" lon="-79.575483">
        <time>2026-08-25T10:17:46Z</time>
      </trkpt>
      <trkpt lat="9.000903" lon="-79.575497">
        <time>2026-08-25T10:17:47Z</time>
      </trkpt>
      <trkpt lat="9.000895" lon="-79.575519">
        <time>2026-08-25T10:17:48Z</time>
      </trkpt>
      <trkpt lat="9.000886" lon="-79.575534">
        <time>2026-08-25T10:17:49Z</time>
      </trkpt>
      <trkpt lat="9.000870" lon="-79.575547">
        <time>2026-08-25T10:17:50Z</time>
      </trkpt>
      <trkpt lat="9.000851" lon="-79.575560">
        <time>2026-08-25T10:17:51Z</time>
      </trkpt>
      <trkpt lat="9.000834" lon="-79.575570">
        <time>2026-08-25T10:17:52Z</time>
      </trkpt>
      <trkpt lat="9.000814" lon="-79.575584">
        <time>2026-08-25T10:17:53Z</time>
      </trkpt>
      <trkpt lat="9.000796" lon="-79.575597">
        <time>2026-08-25T10:17:54Z</time>
      </trkpt>
      <trkpt lat="9.000777" lon="-79.575611">
        <time>2026-08-25T10:17:55Z</time>
      </trkpt>
      <trkpt lat="9.000760" lon="-79.575625">
        <time>2026-08-25T10:17:56Z</time>
      </trkpt>
      <trkpt lat="9.000744" lon="-79.575640">
        <time>2026-08-25T10:17:57Z</time>
      </trkpt>
      <trkpt lat="9.000730" lon="-79.575652">
        <time>2026-08-25T10:17:58Z</time>
      </trkpt>
      <trkpt lat="9.000714" lon="-79.575667">
        <time>2026-08-25T10:17:59Z</time>
      </trkpt>
      <trkpt lat="9.000699" lon="-79.575678">
        <time>2026-08-25T10:18:00Z</time>
      </trkpt>
      <trkpt lat="9.000689" lon="-79.575683">
        <time>2026-08-25T10:18:01Z</time>
      </trkpt>
      <trkpt lat="9.000674" lon="-79.575684">
        <time>2026-08-25T10:18:02Z</time>
      </trkpt>
      <trkpt lat="9.000658" lon="-79.575690">
        <time>2026-08-25T10:18:03Z</time>
      </trkpt>
      <trkpt lat="9.000642" lon="-79.575701">
        <time>2026-08-25T10:18:04Z</time>
      </trkpt>
      <trkpt lat="9.000623" lon="-79.575716">
        <time>2026-08-25T10:18:05Z</time>
      </trkpt>
      <trkpt lat="9.000606" lon="-79.575733">
        <time>2026-08-25T10:18:06Z</time>
      </trkpt>
      <trkpt lat="9.000590" lon="-79.575751">
        <time>2026-08-25T10:18:07Z</time>
      </trkpt>
      <trkpt lat="9.000576" lon="-79.575766">
        <time>2026-08-25T10:18:08Z</time>
      </trkpt>
      <trkpt lat="9.000562" lon="-79.575782">
        <time>2026-08-25T10:18:09Z</time>
      </trkpt>
      <trkpt lat="9.000546" lon="-79.575797">
        <time>2026-08-25T10:18:10Z</time>
      </trkpt>
      <trkpt lat="9.000529" lon="-79.575812">
        <time>2026-08-25T10:18:11Z</time>
      </trkpt>
      <trkpt lat="9.000515" lon="-79.575828">
        <time>2026-08-25T10:18:12Z</time>
      </trkpt>
      <trkpt lat="9.000502" lon="-79.575845">
        <time>2026-08-25T10:18:13Z</time>
      </trkpt>
      <trkpt lat="9.000488" lon="-79.575862">
        <time>2026-08-25T10:18:14Z</time>
      </trkpt>
      <trkpt lat="9.000474" lon="-79.575880">
        <time>2026-08-25T10:18:15Z</time>
      </trkpt>
      <trkpt lat="9.000462" lon="-79.575899">
        <time>2026-08-25T10:18:16Z</time>
      </trkpt>
      <trkpt lat="9.000451" lon="-79.575915">
        <time>2026-08-25T10:18:17Z</time>
      </trkpt>
      <trkpt lat="9.000439" lon="-79.575932">
        <time>2026-08-25T10:18:18Z</time>
      </trkpt>
      <trkpt lat="9.000429" lon="-79.575953">
        <time>2026-08-25T10:18:19Z</time>
      </trkpt>
      <trkpt lat="9.000419" lon="-79.575965">
        <time>2026-08-25T10:18:20Z</time>
      </trkpt>
      <trkpt lat="9.000408" lon="-79.575979">
        <time>2026-08-25T10:18:21Z</time>
      </trkpt>
      <trkpt lat="9.000397" lon="-79.575990">
        <time>2026-08-25T10:18:22Z</time>
      </trkpt>
      <trkpt lat="9.000382" lon="-79.576005">
        <time>2026-08-25T10:18:23Z</time>
      </trkpt>
      <trkpt lat="9.000368" lon="-79.576020">
        <time>2026-08-25T10:18:24Z</time>
      </trkpt>
      <trkpt lat="9.000354" lon="-79.576036">
        <time>2026-08-25T10:18:25Z</time>
      </trkpt>
      <trkpt lat="9.000342" lon="-79.576052">
        <time>2026-08-25T10:18:26Z</time>
      </trkpt>
      <trkpt lat="9.000331" lon="-79.576067">
        <time>2026-08-25T10:18:27Z</time>
      </trkpt>
      <trkpt lat="9.000319" lon="-79.576081">
        <time>2026-08-25T10:18:28Z</time>
      </trkpt>
      <trkpt lat="9.000305" lon="-79.576097">
        <time>2026-08-25T10:18:29Z</time>
      </trkpt>
      <trkpt lat="9.000291" lon="-79.576114">
        <time>2026-08-25T10:18:30Z</time>
      </trkpt>
      <trkpt lat="9.000278" lon="-79.576126">
        <time>2026-08-25T10:18:31Z</time>
      </trkpt>
      <trkpt lat="9.000264" lon="-79.576142">
        <time>2026-08-25T10:18:32Z</time>
      </trkpt>
      <trkpt lat="9.000253" lon="-79.576156">
        <time>2026-08-25T10:18:33Z</time>
      </trkpt>
      <trkpt lat="9.000240" lon="-79.576170">
        <time>2026-08-25T10:18:34Z</time>
      </trkpt>
      <trkpt lat="9.000224" lon="-79.576184">
        <time>2026-08-25T10:18:35Z</time>
      </trkpt>
      <trkpt lat="9.000210" lon="-79.576198">
        <time>2026-08-25T10:18:36Z</time>
      </trkpt>
      <trkpt lat="9.000196" lon="-79.576212">
        <time>2026-08-25T10:18:37Z</time>
      </trkpt>
      <trkpt lat="9.000183" lon="-79.576224">
        <time>2026-08-25T10:18:38Z</time>
      </trkpt>
      <trkpt lat="9.000168" lon="-79.576238">
        <time>2026-08-25T10:18:39Z</time>
      </trkpt>
      <trkpt lat="9.000155" lon="-79.576252">
        <time>2026-08-25T10:18:40Z</time>
      </trkpt>
      <trkpt lat="9.000144" lon="-79.576265">
        <time>2026-08-25T10:18:41Z</time>
      </trkpt>
      <trkpt lat="9.000131" lon="-79.576281">
        <time>2026-08-25T10:18:42Z</time>
      </trkpt>
      <trkpt lat="9.000115" lon="-79.576295">
        <time>2026-08-25T10:18:43Z</time>
      </trkpt>
      <trkpt lat="9.000100" lon="-79.576309">
        <time>2026-08-25T10:18:44Z</time>
      </trkpt>
      <trkpt lat="9.000088" lon="-79.576323">
        <time>2026-08-25T10:18:45Z</time>
      </trkpt>
      <trkpt lat="9.000072" lon="-79.576337">
        <time>2026-08-25T10:18:46Z</time>
      </trkpt>
      <trkpt lat="9.000053" lon="-79.576351">
        <time>2026-08-25T10:18:47Z</time>
      </trkpt>
      <trkpt lat="9.000034" lon="-79.576363">
        <time>2026-08-25T10:18:48Z</time>
      </trkpt>
      <trkpt lat="9.000018" lon="-79.576376">
        <time>2026-08-25T10:18:49Z</time>
      </trkpt>
      <trkpt lat="9.000004" lon="-79.576390">
        <time>2026-08-25T10:18:50Z</time>
      </trkpt>
      <trkpt lat="8.999989" lon="-79.576402">
        <time>2026-08-25T10:18:51Z</time>
      </trkpt>
      <trkpt lat="8.999972" lon="-79.576414">
        <time>2026-08-25T10:18:52Z</time>
      </trkpt>
      <trkpt lat="8.999954" lon="-79.576427">
        <time>2026-08-25T10:18:53Z</time>
      </trkpt>
      <trkpt lat="8.999939" lon="-79.576440">
        <time>2026-08-25T10:18:54Z</time>
      </trkpt>
      <trkpt lat="8.999922" lon="-79.576451">
        <time>2026-08-25T10:18:55Z</time>
      </trkpt>
      <trkpt lat="8.999905" lon="-79.576464">
        <time>2026-08-25T10:18:56Z</time>
      </trkpt>
      <trkpt lat="8.999889" lon="-79.576479">
        <time>2026-08-25T10:18:57Z</time>
      </trkpt>
      <trkpt lat="8.999873" lon="-79.576491">
        <time>2026-08-25T10:18:58Z</time>
      </trkpt>
      <trkpt lat="8.999858" lon="-79.576502">
        <time>2026-08-25T10:18:59Z</time>
      </trkpt>
      <trkpt lat="8.999846" lon="-79.576514">
        <time>2026-08-25T10:19:00Z</time>
      </trkpt>
      <trkpt lat="8.999835" lon="-79.576529">
        <time>2026-08-25T10:19:01Z</time>
      </trkpt>
      <trkpt lat="8.999833" lon="-79.576552">
        <time>2026-08-25T10:19:02Z</time>
      </trkpt>
      <trkpt lat="8.999831" lon="-79.576569">
        <time>2026-08-25T10:19:03Z</time>
      </trkpt>
      <trkpt lat="8.999823" lon="-79.576587">
        <time>2026-08-25T10:19:04Z</time>
      </trkpt>
      <trkpt lat="8.999813" lon="-79.576602">
        <time>2026-08-25T10:19:05Z</time>
      </trkpt>
      <trkpt lat="8.999800" lon="-79.576619">
        <time>2026-08-25T10:19:06Z</time>
      </trkpt>
      <trkpt lat="8.999786" lon="-79.576635">
        <time>2026-08-25T10:19:07Z</time>
      </trkpt>
      <trkpt lat="8.999770" lon="-79.576647">
        <time>2026-08-25T10:19:08Z</time>
      </trkpt>
      <trkpt lat="8.999749" lon="-79.576652">
        <time>2026-08-25T10:19:09Z</time>
      </trkpt>
      <trkpt lat="8.999729" lon="-79.576663">
        <time>2026-08-25T10:19:10Z</time>
      </trkpt>
      <trkpt lat="8.999712" lon="-79.576672">
        <time>2026-08-25T10:19:11Z</time>
      </trkpt>
      <trkpt lat="8.999695" lon="-79.576683">
        <time>2026-08-25T10:19:12Z</time>
      </trkpt>
      <trkpt lat="8.999675" lon="-79.576696">
        <time>2026-08-25T10:19:13Z</time>
      </trkpt>
      <trkpt lat="8.999658" lon="-79.576708">
        <time>2026-08-25T10:19:14Z</time>
      </trkpt>
      <trkpt lat="8.999640" lon="-79.576718">
        <time>2026-08-25T10:19:15Z</time>
      </trkpt>
      <trkpt lat="8.999622" lon="-79.576731">
        <time>2026-08-25T10:19:16Z</time>
      </trkpt>
      <trkpt lat="8.999604" lon="-79.576743">
        <time>2026-08-25T10:19:17Z</time>
      </trkpt>
      <trkpt lat="8.999585" lon="-79.576755">
        <time>2026-08-25T10:19:18Z</time>
      </trkpt>
      <trkpt lat="8.999565" lon="-79.576768">
        <time>2026-08-25T10:19:19Z</time>
      </trkpt>
      <trkpt lat="8.999549" lon="-79.576779">
        <time>2026-08-25T10:19:20Z</time>
      </trkpt>
      <trkpt lat="8.999533" lon="-79.576791">
        <time>2026-08-25T10:19:21Z</time>
      </trkpt>
      <trkpt lat="8.999515" lon="-79.576804">
        <time>2026-08-25T10:19:22Z</time>
      </trkpt>
      <trkpt lat="8.999498" lon="-79.576815">
        <time>2026-08-25T10:19:23Z</time>
      </trkpt>
      <trkpt lat="8.999482" lon="-79.576826">
        <time>2026-08-25T10:19:24Z</time>
      </trkpt>
      <trkpt lat="8.999464" lon="-79.576840">
        <time>2026-08-25T10:19:25Z</time>
      </trkpt>
      <trkpt lat="8.999448" lon="-79.576854">
        <time>2026-08-25T10:19:26Z</time>
      </trkpt>
      <trkpt lat="8.999430" lon="-79.576867">
        <time>2026-08-25T10:19:27Z</time>
      </trkpt>
      <trkpt lat="8.999414" lon="-79.576878">
        <time>2026-08-25T10:19:28Z</time>
      </trkpt>
      <trkpt lat="8.999396" lon="-79.576890">
        <time>2026-08-25T10:19:29Z</time>
      </trkpt>
      <trkpt lat="8.999381" lon="-79.576903">
        <time>2026-08-25T10:19:30Z</time>
      </trkpt>
      <trkpt lat="8.999364" lon="-79.576916">
        <time>2026-08-25T10:19:31Z</time>
      </trkpt>
      <trkpt lat="8.999346" lon="-79.576929">
        <time>2026-08-25T10:19:32Z</time>
      </trkpt>
      <trkpt lat="8.999328" lon="-79.576942">
        <time>2026-08-25T10:19:33Z</time>
      </trkpt>
      <trkpt lat="8.999310" lon="-79.576955">
        <time>2026-08-25T10:19:34Z</time>
      </trkpt>
      <trkpt lat="8.999291" lon="-79.576968">
        <time>2026-08-25T10:19:35Z</time>
      </trkpt>
      <trkpt lat="8.999273" lon="-79.576981">
        <time>2026-08-25T10:19:36Z</time>
      </trkpt>
      <trkpt lat="8.999255" lon="-79.576991">
        <time>2026-08-25T10:19:37Z</time>
      </trkpt>
      <trkpt lat="8.999238" lon="-79.577002">
        <time>2026-08-25T10:19:38Z</time>
      </trkpt>
      <trkpt lat="8.999223" lon="-79.577015">
        <time>2026-08-25T10:19:39Z</time>
      </trkpt>
      <trkpt lat="8.999205" lon="-79.577028">
        <time>2026-08-25T10:19:40Z</time>
      </trkpt>
      <trkpt lat="8.999189" lon="-79.577041">
        <time>2026-08-25T10:19:41Z</time>
      </trkpt>
      <trkpt lat="8.999173" lon="-79.577055">
        <time>2026-08-25T10:19:42Z</time>
      </trkpt>
      <trkpt lat="8.999158" lon="-79.577065">
        <time>2026-08-25T10:19:43Z</time>
      </trkpt>
      <trkpt lat="8.999140" lon="-79.577078">
        <time>2026-08-25T10:19:44Z</time>
      </trkpt>
      <trkpt lat="8.999122" lon="-79.577092">
        <time>2026-08-25T10:19:45Z</time>
      </trkpt>
      <trkpt lat="8.999105" lon="-79.577102">
        <time>2026-08-25T10:19:46Z</time>
      </trkpt>
      <trkpt lat="8.999088" lon="-79.577114">
        <time>2026-08-25T10:19:47Z</time>
      </trkpt>
      <trkpt lat="8.999069" lon="-79.577129">
        <time>2026-08-25T10:19:48Z</time>
      </trkpt>
      <trkpt lat="8.999052" lon="-79.577141">
        <time>2026-08-25T10:19:49Z</time>
      </trkpt>
      <trkpt lat="8.999034" lon="-79.577153">
        <time>2026-08-25T10:19:50Z</time>
      </trkpt>
      <trkpt lat="8.999018" lon="-79.577167">
        <time>2026-08-25T10:19:51Z</time>
      </trkpt>
      <trkpt lat="8.999001" lon="-79.577178">
        <time>2026-08-25T10:19:52Z</time>
      </trkpt>
      <trkpt lat="8.998985" lon="-79.577190">
        <time>2026-08-25T10:19:53Z</time>
      </trkpt>
      <trkpt lat="8.998967" lon="-79.577203">
        <time>2026-08-25T10:19:54Z</time>
      </trkpt>
      <trkpt lat="8.998951" lon="-79.577215">
        <time>2026-08-25T10:19:55Z</time>
      </trkpt>
      <trkpt lat="8.998934" lon="-79.577227">
        <time>2026-08-25T10:19:56Z</time>
      </trkpt>
      <trkpt lat="8.998917" lon="-79.577240">
        <time>2026-08-25T10:19:57Z</time>
      </trkpt>
      <trkpt lat="8.998901" lon="-79.577255">
        <time>2026-08-25T10:19:58Z</time>
      </trkpt>
      <trkpt lat="8.998884" lon="-79.577267">
        <time>2026-08-25T10:19:59Z</time>
      </trkpt>
      <trkpt lat="8.998867" lon="-79.577279">
        <time>2026-08-25T10:20:00Z</time>
      </trkpt>
      <trkpt lat="8.998850" lon="-79.577292">
        <time>2026-08-25T10:20:01Z</time>
      </trkpt>
      <trkpt lat="8.998833" lon="-79.577307">
        <time>2026-08-25T10:20:02Z</time>
      </trkpt>
      <trkpt lat="8.998818" lon="-79.577318">
        <time>2026-08-25T10:20:03Z</time>
      </trkpt>
      <trkpt lat="8.998800" lon="-79.577331">
        <time>2026-08-25T10:20:04Z</time>
      </trkpt>
      <trkpt lat="8.998782" lon="-79.577342">
        <time>2026-08-25T10:20:05Z</time>
      </trkpt>
      <trkpt lat="8.998765" lon="-79.577354">
        <time>2026-08-25T10:20:06Z</time>
      </trkpt>
      <trkpt lat="8.998749" lon="-79.577365">
        <time>2026-08-25T10:20:07Z</time>
      </trkpt>
      <trkpt lat="8.998733" lon="-79.577377">
        <time>2026-08-25T10:20:08Z</time>
      </trkpt>
      <trkpt lat="8.998714" lon="-79.577391">
        <time>2026-08-25T10:20:09Z</time>
      </trkpt>
      <trkpt lat="8.998700" lon="-79.577403">
        <time>2026-08-25T10:20:10Z</time>
      </trkpt>
      <trkpt lat="8.998684" lon="-79.577416">
        <time>2026-08-25T10:20:11Z</time>
      </trkpt>
      <trkpt lat="8.998667" lon="-79.577429">
        <time>2026-08-25T10:20:12Z</time>
      </trkpt>
      <trkpt lat="8.998650" lon="-79.577442">
        <time>2026-08-25T10:20:13Z</time>
      </trkpt>
      <trkpt lat="8.998633" lon="-79.577455">
        <time>2026-08-25T10:20:14Z</time>
      </trkpt>
      <trkpt lat="8.998617" lon="-79.577468">
        <time>2026-08-25T10:20:15Z</time>
      </trkpt>
      <trkpt lat="8.998602" lon="-79.577481">
        <time>2026-08-25T10:20:16Z</time>
      </trkpt>
      <trkpt lat="8.998586" lon="-79.577492">
        <time>2026-08-25T10:20:17Z</time>
      </trkpt>
      <trkpt lat="8.998568" lon="-79.577506">
        <time>2026-08-25T10:20:18Z</time>
      </trkpt>
      <trkpt lat="8.998550" lon="-79.577517">
        <time>2026-08-25T10:20:19Z</time>
      </trkpt>
      <trkpt lat="8.998533" lon="-79.577528">
        <time>2026-08-25T10:20:20Z</time>
      </trkpt>
      <trkpt lat="8.998515" lon="-79.577543">
        <time>2026-08-25T10:20:21Z</time>
      </trkpt>
      <trkpt lat="8.998498" lon="-79.577556">
        <time>2026-08-25T10:20:22Z</time>
      </trkpt>
      <trkpt lat="8.998480" lon="-79.577569">
        <time>2026-08-25T10:20:23Z</time>
      </trkpt>
      <trkpt lat="8.998461" lon="-79.577581">
        <time>2026-08-25T10:20:24Z</time>
      </trkpt>
      <trkpt lat="8.998443" lon="-79.577594">
        <time>2026-08-25T10:20:25Z</time>
      </trkpt>
      <trkpt lat="8.998426" lon="-79.577606">
        <time>2026-08-25T10:20:26Z</time>
      </trkpt>
      <trkpt lat="8.998409" lon="-79.577616">
        <time>2026-08-25T10:20:27Z</time>
      </trkpt>
      <trkpt lat="8.998390" lon="-79.577629">
        <time>2026-08-25T10:20:28Z</time>
      </trkpt>
      <trkpt lat="8.998372" lon="-79.577642">
        <time>2026-08-25T10:20:29Z</time>
      </trkpt>
      <trkpt lat="8.998356" lon="-79.577654">
        <time>2026-08-25T10:20:30Z</time>
      </trkpt>
      <trkpt lat="8.998339" lon="-79.577665">
        <time>2026-08-25T10:20:31Z</time>
      </trkpt>
      <trkpt lat="8.998323" lon="-79.577678">
        <time>2026-08-25T10:20:32Z</time>
      </trkpt>
      <trkpt lat="8.998306" lon="-79.577691">
        <time>2026-08-25T10:20:33Z</time>
      </trkpt>
      <trkpt lat="8.998291" lon="-79.577704">
        <time>2026-08-25T10:20:34Z</time>
      </trkpt>
      <trkpt lat="8.998274" lon="-79.577712">
        <time>2026-08-25T10:20:35Z</time>
      </trkpt>
      <trkpt lat="8.998257" lon="-79.577724">
        <time>2026-08-25T10:20:36Z</time>
      </trkpt>
      <trkpt lat="8.998241" lon="-79.577736">
        <time>2026-08-25T10:20:37Z</time>
      </trkpt>
      <trkpt lat="8.998225" lon="-79.577746">
        <time>2026-08-25T10:20:38Z</time>
      </trkpt>
      <trkpt lat="8.998205" lon="-79.577759">
        <time>2026-08-25T10:20:39Z</time>
      </trkpt>
      <trkpt lat="8.998186" lon="-79.577772">
        <time>2026-08-25T10:20:40Z</time>
      </trkpt>
      <trkpt lat="8.998170" lon="-79.577783">
        <time>2026-08-25T10:20:41Z</time>
      </trkpt>
      <trkpt lat="8.998151" lon="-79.577796">
        <time>2026-08-25T10:20:42Z</time>
      </trkpt>
      <trkpt lat="8.998132" lon="-79.577807">
        <time>2026-08-25T10:20:43Z</time>
      </trkpt>
      <trkpt lat="8.998117" lon="-79.577819">
        <time>2026-08-25T10:20:44Z</time>
      </trkpt>
      <trkpt lat="8.998100" lon="-79.577830">
        <time>2026-08-25T10:20:45Z</time>
      </trkpt>
      <trkpt lat="8.998083" lon="-79.577842">
        <time>2026-08-25T10:20:46Z</time>
      </trkpt>
      <trkpt lat="8.998065" lon="-79.577855">
        <time>2026-08-25T10:20:47Z</time>
      </trkpt>
      <trkpt lat="8.998048" lon="-79.577865">
        <time>2026-08-25T10:20:48Z</time>
      </trkpt>
      <trkpt lat="8.998031" lon="-79.577879">
        <time>2026-08-25T10:20:49Z</time>
      </trkpt>
      <trkpt lat="8.998012" lon="-79.577892">
        <time>2026-08-25T10:20:50Z</time>
      </trkpt>
      <trkpt lat="8.997996" lon="-79.577901">
        <time>2026-08-25T10:20:51Z</time>
      </trkpt>
      <trkpt lat="8.997977" lon="-79.577913">
        <time>2026-08-25T10:20:52Z</time>
      </trkpt>
      <trkpt lat="8.997957" lon="-79.577927">
        <time>2026-08-25T10:20:53Z</time>
      </trkpt>
      <trkpt lat="8.997940" lon="-79.577938">
        <time>2026-08-25T10:20:54Z</time>
      </trkpt>
      <trkpt lat="8.997923" lon="-79.577950">
        <time>2026-08-25T10:20:55Z</time>
      </trkpt>
      <trkpt lat="8.997905" lon="-79.577961">
        <time>2026-08-25T10:20:56Z</time>
      </trkpt>
      <trkpt lat="8.997890" lon="-79.577973">
        <time>2026-08-25T10:20:57Z</time>
      </trkpt>
      <trkpt lat="8.997873" lon="-79.577982">
        <time>2026-08-25T10:20:58Z</time>
      </trkpt>
      <trkpt lat="8.997854" lon="-79.577996">
        <time>2026-08-25T10:20:59Z</time>
      </trkpt>
      <trkpt lat="8.997838" lon="-79.578010">
        <time>2026-08-25T10:21:00Z</time>
      </trkpt>
      <trkpt lat="8.997819" lon="-79.578023">
        <time>2026-08-25T10:21:01Z</time>
      </trkpt>
      <trkpt lat="8.997802" lon="-79.578039">
        <time>2026-08-25T10:21:02Z</time>
      </trkpt>
      <trkpt lat="8.997787" lon="-79.578054">
        <time>2026-08-25T10:21:03Z</time>
      </trkpt>
      <trkpt lat="8.997773" lon="-79.578069">
        <time>2026-08-25T10:21:04Z</time>
      </trkpt>
      <trkpt lat="8.997765" lon="-79.578088">
        <time>2026-08-25T10:21:05Z</time>
      </trkpt>
      <trkpt lat="8.997761" lon="-79.578109">
        <time>2026-08-25T10:21:06Z</time>
      </trkpt>
      <trkpt lat="8.997754" lon="-79.578129">
        <time>2026-08-25T10:21:07Z</time>
      </trkpt>
      <trkpt lat="8.997749" lon="-79.578148">
        <time>2026-08-25T10:21:08Z</time>
      </trkpt>
      <trkpt lat="8.997749" lon="-79.578172">
        <time>2026-08-25T10:21:09Z</time>
      </trkpt>
      <trkpt lat="8.997744" lon="-79.578189">
        <time>2026-08-25T10:21:10Z</time>
      </trkpt>
      <trkpt lat="8.997736" lon="-79.578203">
        <time>2026-08-25T10:21:11Z</time>
      </trkpt>
      <trkpt lat="8.997724" lon="-79.578218">
        <time>2026-08-25T10:21:12Z</time>
      </trkpt>
      <trkpt lat="8.997706" lon="-79.578231">
        <time>2026-08-25T10:21:13Z</time>
      </trkpt>
      <trkpt lat="8.997684" lon="-79.578240">
        <time>2026-08-25T10:21:14Z</time>
      </trkpt>
      <trkpt lat="8.997664" lon="-79.578255">
        <time>2026-08-25T10:21:15Z</time>
      </trkpt>
      <trkpt lat="8.997643" lon="-79.578266">
        <time>2026-08-25T10:21:16Z</time>
      </trkpt>
      <trkpt lat="8.997621" lon="-79.578281">
        <time>2026-08-25T10:21:17Z</time>
      </trkpt>
      <trkpt lat="8.997603" lon="-79.578296">
        <time>2026-08-25T10:21:18Z</time>
      </trkpt>
      <trkpt lat="8.997585" lon="-79.578309">
        <time>2026-08-25T10:21:19Z</time>
      </trkpt>
      <trkpt lat="8.997572" lon="-79.578332">
        <time>2026-08-25T10:21:20Z</time>
      </trkpt>
      <trkpt lat="8.997573" lon="-79.578352">
        <time>2026-08-25T10:21:21Z</time>
      </trkpt>
      <trkpt lat="8.997585" lon="-79.578376">
        <time>2026-08-25T10:21:22Z</time>
      </trkpt>
      <trkpt lat="8.997595" lon="-79.578398">
        <time>2026-08-25T10:21:23Z</time>
      </trkpt>
      <trkpt lat="8.997604" lon="-79.578421">
        <time>2026-08-25T10:21:24Z</time>
      </trkpt>
      <trkpt lat="8.997618" lon="-79.578443">
        <time>2026-08-25T10:21:25Z</time>
      </trkpt>
      <trkpt lat="8.997630" lon="-79.578468">
        <time>2026-08-25T10:21:26Z</time>
      </trkpt>
      <trkpt lat="8.997642" lon="-79.578488">
        <time>2026-08-25T10:21:27Z</time>
      </trkpt>
      <trkpt lat="8.997663" lon="-79.578509">
        <time>2026-08-25T10:21:28Z</time>
      </trkpt>
      <trkpt lat="8.997685" lon="-79.578526">
        <time>2026-08-25T10:21:29Z</time>
      </trkpt>
      <trkpt lat="8.997709" lon="-79.578537">
        <time>2026-08-25T10:21:30Z</time>
      </trkpt>
      <trkpt lat="8.997738" lon="-79.578534">
        <time>2026-08-25T10:21:31Z</time>
      </trkpt>
      <trkpt lat="8.997767" lon="-79.578527">
        <time>2026-08-25T10:21:32Z</time>
      </trkpt>
      <trkpt lat="8.997791" lon="-79.578521">
        <time>2026-08-25T10:21:33Z</time>
      </trkpt>
      <trkpt lat="8.997815" lon="-79.578512">
        <time>2026-08-25T10:21:34Z</time>
      </trkpt>
      <trkpt lat="8.997837" lon="-79.578508">
        <time>2026-08-25T10:21:35Z</time>
      </trkpt>
      <trkpt lat="8.997858" lon="-79.578505">
        <time>2026-08-25T10:21:36Z</time>
      </trkpt>
      <trkpt lat="8.997876" lon="-79.578502">
        <time>2026-08-25T10:21:37Z</time>
      </trkpt>
      <trkpt lat="8.997884" lon="-79.578511">
        <time>2026-08-25T10:21:38Z</time>
      </trkpt>
      <trkpt lat="8.997891" lon="-79.578523">
        <time>2026-08-25T10:21:39Z</time>
      </trkpt>
      <trkpt lat="8.997890" lon="-79.578538">
        <time>2026-08-25T10:21:40Z</time>
      </trkpt>
      <trkpt lat="8.997882" lon="-79.578558">
        <time>2026-08-25T10:21:41Z</time>
      </trkpt>
      <trkpt lat="8.997878" lon="-79.578579">
        <time>2026-08-25T10:21:42Z</time>
      </trkpt>
      <trkpt lat="8.997875" lon="-79.578600">
        <time>2026-08-25T10:21:43Z</time>
      </trkpt>
      <trkpt lat="8.997872" lon="-79.578623">
        <time>2026-08-25T10:21:44Z</time>
      </trkpt>
      <trkpt lat="8.997871" lon="-79.578645">
        <time>2026-08-25T10:21:45Z</time>
      </trkpt>
      <trkpt lat="8.997870" lon="-79.578670">
        <time>2026-08-25T10:21:46Z</time>
      </trkpt>
      <trkpt lat="8.997867" lon="-79.578692">
        <time>2026-08-25T10:21:47Z</time>
      </trkpt>
      <trkpt lat="8.997871" lon="-79.578712">
        <time>2026-08-25T10:21:48Z</time>
      </trkpt>
      <trkpt lat="8.997871" lon="-79.578735">
        <time>2026-08-25T10:21:49Z</time>
      </trkpt>
      <trkpt lat="8.997873" lon="-79.578760">
        <time>2026-08-25T10:21:50Z</time>
      </trkpt>
      <trkpt lat="8.997876" lon="-79.578785">
        <time>2026-08-25T10:21:51Z</time>
      </trkpt>
      <trkpt lat="8.997880" lon="-79.578809">
        <time>2026-08-25T10:21:52Z</time>
      </trkpt>
      <trkpt lat="8.997884" lon="-79.578835">
        <time>2026-08-25T10:21:53Z</time>
      </trkpt>
      <trkpt lat="8.997889" lon="-79.578858">
        <time>2026-08-25T10:21:54Z</time>
      </trkpt>
      <trkpt lat="8.997892" lon="-79.578883">
        <time>2026-08-25T10:21:55Z</time>
      </trkpt>
      <trkpt lat="8.997896" lon="-79.578905">
        <time>2026-08-25T10:21:56Z</time>
      </trkpt>
      <trkpt lat="8.997901" lon="-79.578931">
        <time>2026-08-25T10:21:57Z</time>
      </trkpt>
      <trkpt lat="8.997905" lon="-79.578953">
        <time>2026-08-25T10:21:58Z</time>
      </trkpt>
      <trkpt lat="8.997908" lon="-79.578977">
        <time>2026-08-25T10:21:59Z</time>
      </trkpt>
      <trkpt lat="8.997914" lon="-79.579003">
        <time>2026-08-25T10:22:00Z</time>
      </trkpt>
      <trkpt lat="8.997921" lon="-79.579024">
        <time>2026-08-25T10:22:01Z</time>
      </trkpt>
      <trkpt lat="8.997926" lon="-79.579043">
        <time>2026-08-25T10:22:02Z</time>
      </trkpt>
      <trkpt lat="8.997933" lon="-79.579063">
        <time>2026-08-25T10:22:03Z</time>
      </trkpt>
      <trkpt lat="8.997938" lon="-79.579082">
        <time>2026-08-25T10:22:04Z</time>
      </trkpt>
      <trkpt lat="8.997942" lon="-79.579103">
        <time>2026-08-25T10:22:05Z</time>
      </trkpt>
      <trkpt lat="8.997949" lon="-79.579126">
        <time>2026-08-25T10:22:06Z</time>
      </trkpt>
      <trkpt lat="8.997954" lon="-79.579148">
        <time>2026-08-25T10:22:07Z</time>
      </trkpt>
      <trkpt lat="8.997961" lon="-79.579169">
        <time>2026-08-25T10:22:08Z</time>
      </trkpt>
      <trkpt lat="8.997973" lon="-79.579190">
        <time>2026-08-25T10:22:09Z</time>
      </trkpt>
      <trkpt lat="8.997980" lon="-79.579214">
        <time>2026-08-25T10:22:10Z</time>
      </trkpt>
      <trkpt lat="8.997990" lon="-79.579238">
        <time>2026-08-25T10:22:11Z</time>
      </trkpt>
      <trkpt lat="8.998001" lon="-79.579260">
        <time>2026-08-25T10:22:12Z</time>
      </trkpt>
      <trkpt lat="8.998017" lon="-79.579281">
        <time>2026-08-25T10:22:13Z</time>
      </trkpt>
      <trkpt lat="8.998029" lon="-79.579305">
        <time>2026-08-25T10:22:14Z</time>
      </trkpt>
      <trkpt lat="8.998040" lon="-79.579327">
        <time>2026-08-25T10:22:15Z</time>
      </trkpt>
      <trkpt lat="8.998052" lon="-79.579347">
        <time>2026-08-25T10:22:16Z</time>
      </trkpt>
      <trkpt lat="8.998062" lon="-79.579366">
        <time>2026-08-25T10:22:17Z</time>
      </trkpt>
      <trkpt lat="8.998074" lon="-79.579388">
        <time>2026-08-25T10:22:18Z</time>
      </trkpt>
      <trkpt lat="8.998087" lon="-79.579407">
        <time>2026-08-25T10:22:19Z</time>
      </trkpt>
      <trkpt lat="8.998099" lon="-79.579424">
        <time>2026-08-25T10:22:20Z</time>
      </trkpt>
      <trkpt lat="8.998116" lon="-79.579442">
        <time>2026-08-25T10:22:21Z</time>
      </trkpt>
      <trkpt lat="8.998131" lon="-79.579463">
        <time>2026-08-25T10:22:22Z</time>
      </trkpt>
      <trkpt lat="8.998147" lon="-79.579485">
        <time>2026-08-25T10:22:23Z</time>
      </trkpt>
      <trkpt lat="8.998163" lon="-79.579505">
        <time>2026-08-25T10:22:24Z</time>
      </trkpt>
      <trkpt lat="8.998181" lon="-79.579527">
        <time>2026-08-25T10:22:25Z</time>
      </trkpt>
      <trkpt lat="8.998202" lon="-79.579549">
        <time>2026-08-25T10:22:26Z</time>
      </trkpt>
      <trkpt lat="8.998221" lon="-79.579568">
        <time>2026-08-25T10:22:27Z</time>
      </trkpt>
      <trkpt lat="8.998245" lon="-79.579585">
        <time>2026-08-25T10:22:28Z</time>
      </trkpt>
      <trkpt lat="8.998273" lon="-79.579594">
        <time>2026-08-25T10:22:29Z</time>
      </trkpt>
      <trkpt lat="8.998301" lon="-79.579599">
        <time>2026-08-25T10:22:30Z</time>
      </trkpt>
      <trkpt lat="8.998335" lon="-79.579600">
        <time>2026-08-25T10:22:31Z</time>
      </trkpt>
      <trkpt lat="8.998367" lon="-79.579594">
        <time>2026-08-25T10:22:32Z</time>
      </trkpt>
      <trkpt lat="8.998398" lon="-79.579588">
        <time>2026-08-25T10:22:33Z</time>
      </trkpt>
      <trkpt lat="8.998430" lon="-79.579580">
        <time>2026-08-25T10:22:34Z</time>
      </trkpt>
      <trkpt lat="8.998461" lon="-79.579567">
        <time>2026-08-25T10:22:35Z</time>
      </trkpt>
      <trkpt lat="8.998490" lon="-79.579556">
        <time>2026-08-25T10:22:36Z</time>
      </trkpt>
      <trkpt lat="8.998514" lon="-79.579543">
        <time>2026-08-25T10:22:37Z</time>
      </trkpt>
      <trkpt lat="8.998543" lon="-79.579527">
        <time>2026-08-25T10:22:38Z</time>
      </trkpt>
      <trkpt lat="8.998563" lon="-79.579514">
        <time>2026-08-25T10:22:39Z</time>
      </trkpt>
      <trkpt lat="8.998583" lon="-79.579495">
        <time>2026-08-25T10:22:40Z</time>
      </trkpt>
      <trkpt lat="8.998601" lon="-79.579473">
        <time>2026-08-25T10:22:41Z</time>
      </trkpt>
      <trkpt lat="8.998616" lon="-79.579453">
        <time>2026-08-25T10:22:42Z</time>
      </trkpt>
      <trkpt lat="8.998630" lon="-79.579431">
        <time>2026-08-25T10:22:43Z</time>
      </trkpt>
      <trkpt lat="8.998640" lon="-79.579409">
        <time>2026-08-25T10:22:44Z</time>
      </trkpt>
      <trkpt lat="8.998651" lon="-79.579389">
        <time>2026-08-25T10:22:45Z</time>
      </trkpt>
      <trkpt lat="8.998658" lon="-79.579370">
        <time>2026-08-25T10:22:46Z</time>
      </trkpt>
      <trkpt lat="8.998666" lon="-79.579347">
        <time>2026-08-25T10:22:47Z</time>
      </trkpt>
      <trkpt lat="8.998678" lon="-79.579328">
        <time>2026-08-25T10:22:48Z</time>
      </trkpt>
      <trkpt lat="8.998692" lon="-79.579315">
        <time>2026-08-25T10:22:49Z</time>
      </trkpt>
      <trkpt lat="8.998707" lon="-79.579297">
        <time>2026-08-25T10:22:50Z</time>
      </trkpt>
      <trkpt lat="8.998723" lon="-79.579282">
        <time>2026-08-25T10:22:51Z</time>
      </trkpt>
      <trkpt lat="8.998737" lon="-79.579271">
        <time>2026-08-25T10:22:52Z</time>
      </trkpt>
      <trkpt lat="8.998752" lon="-79.579258">
        <time>2026-08-25T10:22:53Z</time>
      </trkpt>
      <trkpt lat="8.998768" lon="-79.579243">
        <time>2026-08-25T10:22:54Z</time>
      </trkpt>
      <trkpt lat="8.998784" lon="-79.579232">
        <time>2026-08-25T10:22:55Z</time>
      </trkpt>
      <trkpt lat="8.998799" lon="-79.579224">
        <time>2026-08-25T10:22:56Z</time>
      </trkpt>
      <trkpt lat="8.998816" lon="-79.579225">
        <time>2026-08-25T10:22:57Z</time>
      </trkpt>
      <trkpt lat="8.998832" lon="-79.579235">
        <time>2026-08-25T10:22:58Z</time>
      </trkpt>
      <trkpt lat="8.998843" lon="-79.579246">
        <time>2026-08-25T10:22:59Z</time>
      </trkpt>
      <trkpt lat="8.998857" lon="-79.579260">
        <time>2026-08-25T10:23:00Z</time>
      </trkpt>
      <trkpt lat="8.998873" lon="-79.579274">
        <time>2026-08-25T10:23:01Z</time>
      </trkpt>
      <trkpt lat="8.998891" lon="-79.579283">
        <time>2026-08-25T10:23:02Z</time>
      </trkpt>
      <trkpt lat="8.998914" lon="-79.579288">
        <time>2026-08-25T10:23:03Z</time>
      </trkpt>
      <trkpt lat="8.998937" lon="-79.579288">
        <time>2026-08-25T10:23:04Z</time>
      </trkpt>
      <trkpt lat="8.998960" lon="-79.579287">
        <time>2026-08-25T10:23:05Z</time>
      </trkpt>
      <trkpt lat="8.998982" lon="-79.579281">
        <time>2026-08-25T10:23:06Z</time>
      </trkpt>
      <trkpt lat="8.999006" lon="-79.579274">
        <time>2026-08-25T10:23:07Z</time>
      </trkpt>
      <trkpt lat="8.999026" lon="-79.579270">
        <time>2026-08-25T10:23:08Z</time>
      </trkpt>
      <trkpt lat="8.999049" lon="-79.579262">
        <time>2026-08-25T10:23:09Z</time>
      </trkpt>
      <trkpt lat="8.999072" lon="-79.579256">
        <time>2026-08-25T10:23:10Z</time>
      </trkpt>
      <trkpt lat="8.999094" lon="-79.579250">
        <time>2026-08-25T10:23:11Z</time>
      </trkpt>
      <trkpt lat="8.999114" lon="-79.579245">
        <time>2026-08-25T10:23:12Z</time>
      </trkpt>
      <trkpt lat="8.999137" lon="-79.579240">
        <time>2026-08-25T10:23:13Z</time>
      </trkpt>
      <trkpt lat="8.999158" lon="-79.579234">
        <time>2026-08-25T10:23:14Z</time>
      </trkpt>
      <trkpt lat="8.999178" lon="-79.579229">
        <time>2026-08-25T10:23:15Z</time>
      </trkpt>
      <trkpt lat="8.999201" lon="-79.579224">
        <time>2026-08-25T10:23:16Z</time>
      </trkpt>
      <trkpt lat="8.999221" lon="-79.579220">
        <time>2026-08-25T10:23:17Z</time>
      </trkpt>
      <trkpt lat="8.999241" lon="-79.579219">
        <time>2026-08-25T10:23:18Z</time>
      </trkpt>
      <trkpt lat="8.999261" lon="-79.579220">
        <time>2026-08-25T10:23:19Z</time>
      </trkpt>
      <trkpt lat="8.999281" lon="-79.579222">
        <time>2026-08-25T10:23:20Z</time>
      </trkpt>
      <trkpt lat="8.999301" lon="-79.579227">
        <time>2026-08-25T10:23:21Z</time>
      </trkpt>
      <trkpt lat="8.999322" lon="-79.579229">
        <time>2026-08-25T10:23:22Z</time>
      </trkpt>
      <trkpt lat="8.999344" lon="-79.579230">
        <time>2026-08-25T10:23:23Z</time>
      </trkpt>
      <trkpt lat="8.999365" lon="-79.579231">
        <time>2026-08-25T10:23:24Z</time>
      </trkpt>
      <trkpt lat="8.999387" lon="-79.579229">
        <time>2026-08-25T10:23:25Z</time>
      </trkpt>
      <trkpt lat="8.999411" lon="-79.579224">
        <time>2026-08-25T10:23:26Z</time>
      </trkpt>
      <trkpt lat="8.999432" lon="-79.579222">
        <time>2026-08-25T10:23:27Z</time>
      </trkpt>
      <trkpt lat="8.999454" lon="-79.579218">
        <time>2026-08-25T10:23:28Z</time>
      </trkpt>
      <trkpt lat="8.999477" lon="-79.579210">
        <time>2026-08-25T10:23:29Z</time>
      </trkpt>
      <trkpt lat="8.999498" lon="-79.579207">
        <time>2026-08-25T10:23:30Z</time>
      </trkpt>
      <trkpt lat="8.999519" lon="-79.579205">
        <time>2026-08-25T10:23:31Z</time>
      </trkpt>
      <trkpt lat="8.999540" lon="-79.579203">
        <time>2026-08-25T10:23:32Z</time>
      </trkpt>
      <trkpt lat="8.999558" lon="-79.579202">
        <time>2026-08-25T10:23:33Z</time>
      </trkpt>
      <trkpt lat="8.999575" lon="-79.579203">
        <time>2026-08-25T10:23:34Z</time>
      </trkpt>
      <trkpt lat="8.999593" lon="-79.579207">
        <time>2026-08-25T10:23:35Z</time>
      </trkpt>
      <trkpt lat="8.999612" lon="-79.579212">
        <time>2026-08-25T10:23:36Z</time>
      </trkpt>
      <trkpt lat="8.999631" lon="-79.579219">
        <time>2026-08-25T10:23:37Z</time>
      </trkpt>
      <trkpt lat="8.999650" lon="-79.579225">
        <time>2026-08-25T10:23:38Z</time>
      </trkpt>
      <trkpt lat="8.999666" lon="-79.579231">
        <time>2026-08-25T10:23:39Z</time>
      </trkpt>
      <trkpt lat="8.999684" lon="-79.579238">
        <time>2026-08-25T10:23:40Z</time>
      </trkpt>
      <trkpt lat="8.999703" lon="-79.579244">
        <time>2026-08-25T10:23:41Z</time>
      </trkpt>
      <trkpt lat="8.999723" lon="-79.579253">
        <time>2026-08-25T10:23:42Z</time>
      </trkpt>
      <trkpt lat="8.999742" lon="-79.579263">
        <time>2026-08-25T10:23:43Z</time>
      </trkpt>
      <trkpt lat="8.999760" lon="-79.579275">
        <time>2026-08-25T10:23:44Z</time>
      </trkpt>
      <trkpt lat="8.999780" lon="-79.579289">
        <time>2026-08-25T10:23:45Z</time>
      </trkpt>
      <trkpt lat="8.999802" lon="-79.579297">
        <time>2026-08-25T10:23:46Z</time>
      </trkpt>
      <trkpt lat="8.999825" lon="-79.579302">
        <time>2026-08-25T10:23:47Z</time>
      </trkpt>
      <trkpt lat="8.999849" lon="-79.579309">
        <time>2026-08-25T10:23:48Z</time>
      </trkpt>
      <trkpt lat="8.999871" lon="-79.579309">
        <time>2026-08-25T10:23:49Z</time>
      </trkpt>
      <trkpt lat="8.999895" lon="-79.579306">
        <time>2026-08-25T10:23:50Z</time>
      </trkpt>
      <trkpt lat="8.999918" lon="-79.579302">
        <time>2026-08-25T10:23:51Z</time>
      </trkpt>
      <trkpt lat="8.999943" lon="-79.579298">
        <time>2026-08-25T10:23:52Z</time>
      </trkpt>
      <trkpt lat="8.999970" lon="-79.579292">
        <time>2026-08-25T10:23:53Z</time>
      </trkpt>
      <trkpt lat="8.999993" lon="-79.579288">
        <time>2026-08-25T10:23:54Z</time>
      </trkpt>
      <trkpt lat="9.000016" lon="-79.579287">
        <time>2026-08-25T10:23:55Z</time>
      </trkpt>
      <trkpt lat="9.000038" lon="-79.579285">
        <time>2026-08-25T10:23:56Z</time>
      </trkpt>
      <trkpt lat="9.000059" lon="-79.579281">
        <time>2026-08-25T10:23:57Z</time>
      </trkpt>
      <trkpt lat="9.000081" lon="-79.579277">
        <time>2026-08-25T10:23:58Z</time>
      </trkpt>
      <trkpt lat="9.000102" lon="-79.579274">
        <time>2026-08-25T10:23:59Z</time>
      </trkpt>
      <trkpt lat="9.000122" lon="-79.579270">
        <time>2026-08-25T10:24:00Z</time>
      </trkpt>
      <trkpt lat="9.000145" lon="-79.579268">
        <time>2026-08-25T10:24:01Z</time>
      </trkpt>
      <trkpt lat="9.000167" lon="-79.579266">
        <time>2026-08-25T10:24:02Z</time>
      </trkpt>
      <trkpt lat="9.000189" lon="-79.579265">
        <time>2026-08-25T10:24:03Z</time>
      </trkpt>
      <trkpt lat="9.000209" lon="-79.579268">
        <time>2026-08-25T10:24:04Z</time>
      </trkpt>
      <trkpt lat="9.000227" lon="-79.579276">
        <time>2026-08-25T10:24:05Z</time>
      </trkpt>
      <trkpt lat="9.000234" lon="-79.579291">
        <time>2026-08-25T10:24:06Z</time>
      </trkpt>
      <trkpt lat="9.000232" lon="-79.579314">
        <time>2026-08-25T10:24:07Z</time>
      </trkpt>
      <trkpt lat="9.000235" lon="-79.579335">
        <time>2026-08-25T10:24:08Z</time>
      </trkpt>
      <trkpt lat="9.000237" lon="-79.579354">
        <time>2026-08-25T10:24:09Z</time>
      </trkpt>
      <trkpt lat="9.000236" lon="-79.579375">
        <time>2026-08-25T10:24:10Z</time>
      </trkpt>
      <trkpt lat="9.000239" lon="-79.579393">
        <time>2026-08-25T10:24:11Z</time>
      </trkpt>
      <trkpt lat="9.000240" lon="-79.579415">
        <time>2026-08-25T10:24:12Z</time>
      </trkpt>
      <trkpt lat="9.000240" lon="-79.579436">
        <time>2026-08-25T10:24:13Z</time>
      </trkpt>
      <trkpt lat="9.000242" lon="-79.579462">
        <time>2026-08-25T10:24:14Z</time>
      </trkpt>
      <trkpt lat="9.000240" lon="-79.579486">
        <time>2026-08-25T10:24:15Z</time>
      </trkpt>
      <trkpt lat="9.000239" lon="-79.579511">
        <time>2026-08-25T10:24:16Z</time>
      </trkpt>
      <trkpt lat="9.000242" lon="-79.579534">
        <time>2026-08-25T10:24:17Z</time>
      </trkpt>
      <trkpt lat="9.000242" lon="-79.579555">
        <time>2026-08-25T10:24:18Z</time>
      </trkpt>
      <trkpt lat="9.000241" lon="-79.579578">
        <time>2026-08-25T10:24:19Z</time>
      </trkpt>
      <trkpt lat="9.000242" lon="-79.579600">
        <time>2026-08-25T10:24:20Z</time>
      </trkpt>
      <trkpt lat="9.000240" lon="-79.579622">
        <time>2026-08-25T10:24:21Z</time>
      </trkpt>
      <trkpt lat="9.000241" lon="-79.579645">
        <time>2026-08-25T10:24:22Z</time>
      </trkpt>
      <trkpt lat="9.000242" lon="-79.579668">
        <time>2026-08-25T10:24:23Z</time>
      </trkpt>
      <trkpt lat="9.000243" lon="-79.579690">
        <time>2026-08-25T10:24:24Z</time>
      </trkpt>
      <trkpt lat="9.000243" lon="-79.579714">
        <time>2026-08-25T10:24:25Z</time>
      </trkpt>
      <trkpt lat="9.000243" lon="-79.579738">
        <time>2026-08-25T10:24:26Z</time>
      </trkpt>
      <trkpt lat="9.000247" lon="-79.579762">
        <time>2026-08-25T10:24:27Z</time>
      </trkpt>
      <trkpt lat="9.000249" lon="-79.579785">
        <time>2026-08-25T10:24:28Z</time>
      </trkpt>
      <trkpt lat="9.000251" lon="-79.579807">
        <time>2026-08-25T10:24:29Z</time>
      </trkpt>
      <trkpt lat="9.000254" lon="-79.579832">
        <time>2026-08-25T10:24:30Z</time>
      </trkpt>
      <trkpt lat="9.000255" lon="-79.579854">
        <time>2026-08-25T10:24:31Z</time>
      </trkpt>
      <trkpt lat="9.000253" lon="-79.579880">
        <time>2026-08-25T10:24:32Z</time>
      </trkpt>
      <trkpt lat="9.000256" lon="-79.579906">
        <time>2026-08-25T10:24:33Z</time>
      </trkpt>
      <trkpt lat="9.000257" lon="-79.579928">
        <time>2026-08-25T10:24:34Z</time>
      </trkpt>
      <trkpt lat="9.000257" lon="-79.579954">
        <time>2026-08-25T10:24:35Z</time>
      </trkpt>
      <trkpt lat="9.000258" lon="-79.579979">
        <time>2026-08-25T10:24:36Z</time>
      </trkpt>
      <trkpt lat="9.000260" lon="-79.580003">
        <time>2026-08-25T10:24:37Z</time>
      </trkpt>
      <trkpt lat="9.000263" lon="-79.580026">
        <time>2026-08-25T10:24:38Z</time>
      </trkpt>
      <trkpt lat="9.000264" lon="-79.580049">
        <time>2026-08-25T10:24:39Z</time>
      </trkpt>
      <trkpt lat="9.000270" lon="-79.580072">
        <time>2026-08-25T10:24:40Z</time>
      </trkpt>
      <trkpt lat="9.000272" lon="-79.580096">
        <time>2026-08-25T10:24:41Z</time>
      </trkpt>
      <trkpt lat="9.000279" lon="-79.580118">
        <time>2026-08-25T10:24:42Z</time>
      </trkpt>
      <trkpt lat="9.000289" lon="-79.580139">
        <time>2026-08-25T10:24:43Z</time>
      </trkpt>
      <trkpt lat="9.000297" lon="-79.580161">
        <time>2026-08-25T10:24:44Z</time>
      </trkpt>
      <trkpt lat="9.000311" lon="-79.580180">
        <time>2026-08-25T10:24:45Z</time>
      </trkpt>
      <trkpt lat="9.000332" lon="-79.580194">
        <time>2026-08-25T10:24:46Z</time>
      </trkpt>
      <trkpt lat="9.000351" lon="-79.580207">
        <time>2026-08-25T10:24:47Z</time>
      </trkpt>
      <trkpt lat="9.000373" lon="-79.580218">
        <time>2026-08-25T10:24:48Z</time>
      </trkpt>
      <trkpt lat="9.000402" lon="-79.580222">
        <time>2026-08-25T10:24:49Z</time>
      </trkpt>
      <trkpt lat="9.000430" lon="-79.580226">
        <time>2026-08-25T10:24:50Z</time>
      </trkpt>
      <trkpt lat="9.000455" lon="-79.580224">
        <time>2026-08-25T10:24:51Z</time>
      </trkpt>
      <trkpt lat="9.000484" lon="-79.580216">
        <time>2026-08-25T10:24:52Z</time>
      </trkpt>
      <trkpt lat="9.000511" lon="-79.580208">
        <time>2026-08-25T10:24:53Z</time>
      </trkpt>
      <trkpt lat="9.000535" lon="-79.580201">
        <time>2026-08-25T10:24:54Z</time>
      </trkpt>
      <trkpt lat="9.000561" lon="-79.580192">
        <time>2026-08-25T10:24:55Z</time>
      </trkpt>
      <trkpt lat="9.000587" lon="-79.580183">
        <time>2026-08-25T10:24:56Z</time>
      </trkpt>
      <trkpt lat="9.000609" lon="-79.580177">
        <time>2026-08-25T10:24:57Z</time>
      </trkpt>
      <trkpt lat="9.000633" lon="-79.580169">
        <time>2026-08-25T10:24:58Z</time>
      </trkpt>
      <trkpt lat="9.000656" lon="-79.580162">
        <time>2026-08-25T10:24:59Z</time>
      </trkpt>
      <trkpt lat="9.000677" lon="-79.580155">
        <time>2026-08-25T10:25:00Z</time>
      </trkpt>
      <trkpt lat="9.000700" lon="-79.580144">
        <time>2026-08-25T10:25:01Z</time>
      </trkpt>
      <trkpt lat="9.000722" lon="-79.580136">
        <time>2026-08-25T10:25:02Z</time>
      </trkpt>
      <trkpt lat="9.000745" lon="-79.580132">
        <time>2026-08-25T10:25:03Z</time>
      </trkpt>
      <trkpt lat="9.000769" lon="-79.580126">
        <time>2026-08-25T10:25:04Z</time>
      </trkpt>
      <trkpt lat="9.000793" lon="-79.580118">
        <time>2026-08-25T10:25:05Z</time>
      </trkpt>
      <trkpt lat="9.000814" lon="-79.580115">
        <time>2026-08-25T10:25:06Z</time>
      </trkpt>
      <trkpt lat="9.000837" lon="-79.580106">
        <time>2026-08-25T10:25:07Z</time>
      </trkpt>
      <trkpt lat="9.000859" lon="-79.580100">
        <time>2026-08-25T10:25:08Z</time>
      </trkpt>
      <trkpt lat="9.000881" lon="-79.580096">
        <time>2026-08-25T10:25:09Z</time>
      </trkpt>
      <trkpt lat="9.000902" lon="-79.580090">
        <time>2026-08-25T10:25:10Z</time>
      </trkpt>
      <trkpt lat="9.000923" lon="-79.580081">
        <time>2026-08-25T10:25:11Z</time>
      </trkpt>
      <trkpt lat="9.000944" lon="-79.580075">
        <time>2026-08-25T10:25:12Z</time>
      </trkpt>
      <trkpt lat="9.000966" lon="-79.580066">
        <time>2026-08-25T10:25:13Z</time>
      </trkpt>
      <trkpt lat="9.000986" lon="-79.580052">
        <time>2026-08-25T10:25:14Z</time>
      </trkpt>
      <trkpt lat="9.001005" lon="-79.580034">
        <time>2026-08-25T10:25:15Z</time>
      </trkpt>
      <trkpt lat="9.001023" lon="-79.580016">
        <time>2026-08-25T10:25:16Z</time>
      </trkpt>
      <trkpt lat="9.001040" lon="-79.579995">
        <time>2026-08-25T10:25:17Z</time>
      </trkpt>
      <trkpt lat="9.001056" lon="-79.579975">
        <time>2026-08-25T10:25:18Z</time>
      </trkpt>
      <trkpt lat="9.001071" lon="-79.579952">
        <time>2026-08-25T10:25:19Z</time>
      </trkpt>
      <trkpt lat="9.001079" lon="-79.579925">
        <time>2026-08-25T10:25:20Z</time>
      </trkpt>
      <trkpt lat="9.001084" lon="-79.579900">
        <time>2026-08-25T10:25:21Z</time>
      </trkpt>
      <trkpt lat="9.001089" lon="-79.579874">
        <time>2026-08-25T10:25:22Z</time>
      </trkpt>
      <trkpt lat="9.001091" lon="-79.579847">
        <time>2026-08-25T10:25:23Z</time>
      </trkpt>
      <trkpt lat="9.001089" lon="-79.579822">
        <time>2026-08-25T10:25:24Z</time>
      </trkpt>
      <trkpt lat="9.001087" lon="-79.579797">
        <time>2026-08-25T10:25:25Z</time>
      </trkpt>
      <trkpt lat="9.001081" lon="-79.579769">
        <time>2026-08-25T10:25:26Z</time>
      </trkpt>
      <trkpt lat="9.001075" lon="-79.579743">
        <time>2026-08-25T10:25:27Z</time>
      </trkpt>
      <trkpt lat="9.001071" lon="-79.579718">
        <time>2026-08-25T10:25:28Z</time>
      </trkpt>
      <trkpt lat="9.001064" lon="-79.579691">
        <time>2026-08-25T10:25:29Z</time>
      </trkpt>
      <trkpt lat="9.001060" lon="-79.579666">
        <time>2026-08-25T10:25:30Z</time>
      </trkpt>
      <trkpt lat="9.001058" lon="-79.579642">
        <time>2026-08-25T10:25:31Z</time>
      </trkpt>
      <trkpt lat="9.001052" lon="-79.579617">
        <time>2026-08-25T10:25:32Z</time>
      </trkpt>
      <trkpt lat="9.001047" lon="-79.579595">
        <time>2026-08-25T10:25:33Z</time>
      </trkpt>
      <trkpt lat="9.001044" lon="-79.579573">
        <time>2026-08-25T10:25:34Z</time>
      </trkpt>
      <trkpt lat="9.001039" lon="-79.579548">
        <time>2026-08-25T10:25:35Z</time>
      </trkpt>
      <trkpt lat="9.001032" lon="-79.579525">
        <time>2026-08-25T10:25:36Z</time>
      </trkpt>
      <trkpt lat="9.001028" lon="-79.579503">
        <time>2026-08-25T10:25:37Z</time>
      </trkpt>
      <trkpt lat="9.001020" lon="-79.579483">
        <time>2026-08-25T10:25:38Z</time>
      </trkpt>
      <trkpt lat="9.001015" lon="-79.579463">
        <time>2026-08-25T10:25:39Z</time>
      </trkpt>
      <trkpt lat="9.001010" lon="-79.579441">
        <time>2026-08-25T10:25:40Z</time>
      </trkpt>
      <trkpt lat="9.001007" lon="-79.579419">
        <time>2026-08-25T10:25:41Z</time>
      </trkpt>
      <trkpt lat="9.001004" lon="-79.579396">
        <time>2026-08-25T10:25:42Z</time>
      </trkpt>
      <trkpt lat="9.001006" lon="-79.579374">
        <time>2026-08-25T10:25:43Z</time>
      </trkpt>
      <trkpt lat="9.001009" lon="-79.579352">
        <time>2026-08-25T10:25:44Z</time>
      </trkpt>
      <trkpt lat="9.001012" lon="-79.579331">
        <time>2026-08-25T10:25:45Z</time>
      </trkpt>
      <trkpt lat="9.001017" lon="-79.579310">
        <time>2026-08-25T10:25:46Z</time>
      </trkpt>
      <trkpt lat="9.001023" lon="-79.579291">
        <time>2026-08-25T10:25:47Z</time>
      </trkpt>
      <trkpt lat="9.001028" lon="-79.579274">
        <time>2026-08-25T10:25:48Z</time>
      </trkpt>
      <trkpt lat="9.001040" lon="-79.579256">
        <time>2026-08-25T10:25:49Z</time>
      </trkpt>
      <trkpt lat="9.001055" lon="-79.579240">
        <time>2026-08-25T10:25:50Z</time>
      </trkpt>
      <trkpt lat="9.001069" lon="-79.579223">
        <time>2026-08-25T10:25:51Z</time>
      </trkpt>
      <trkpt lat="9.001084" lon="-79.579207">
        <time>2026-08-25T10:25:52Z</time>
      </trkpt>
      <trkpt lat="9.001100" lon="-79.579194">
        <time>2026-08-25T10:25:53Z</time>
      </trkpt>
      <trkpt lat="9.001115" lon="-79.579181">
        <time>2026-08-25T10:25:54Z</time>
      </trkpt>
      <trkpt lat="9.001133" lon="-79.579171">
        <time>2026-08-25T10:25:55Z</time>
      </trkpt>
      <trkpt lat="9.001151" lon="-79.579161">
        <time>2026-08-25T10:25:56Z</time>
      </trkpt>
      <trkpt lat="9.001173" lon="-79.579150">
        <time>2026-08-25T10:25:57Z</time>
      </trkpt>
      <trkpt lat="9.001194" lon="-79.579139">
        <time>2026-08-25T10:25:58Z</time>
      </trkpt>
      <trkpt lat="9.001214" lon="-79.579130">
        <time>2026-08-25T10:25:59Z</time>
      </trkpt>
      <trkpt lat="9.001233" lon="-79.579121">
        <time>2026-08-25T10:26:00Z</time>
      </trkpt>
      <trkpt lat="9.001252" lon="-79.579110">
        <time>2026-08-25T10:26:01Z</time>
      </trkpt>
      <trkpt lat="9.001273" lon="-79.579101">
        <time>2026-08-25T10:26:02Z</time>
      </trkpt>
      <trkpt lat="9.001292" lon="-79.579095">
        <time>2026-08-25T10:26:03Z</time>
      </trkpt>
      <trkpt lat="9.001311" lon="-79.579088">
        <time>2026-08-25T10:26:04Z</time>
      </trkpt>
      <trkpt lat="9.001331" lon="-79.579079">
        <time>2026-08-25T10:26:05Z</time>
      </trkpt>
      <trkpt lat="9.001351" lon="-79.579077">
        <time>2026-08-25T10:26:06Z</time>
      </trkpt>
      <trkpt lat="9.001371" lon="-79.579077">
        <time>2026-08-25T10:26:07Z</time>
      </trkpt>
      <trkpt lat="9.001394" lon="-79.579077">
        <time>2026-08-25T10:26:08Z</time>
      </trkpt>
      <trkpt lat="9.001412" lon="-79.579081">
        <time>2026-08-25T10:26:09Z</time>
      </trkpt>
      <trkpt lat="9.001433" lon="-79.579083">
        <time>2026-08-25T10:26:10Z</time>
      </trkpt>
      <trkpt lat="9.001451" lon="-79.579087">
        <time>2026-08-25T10:26:11Z</time>
      </trkpt>
      <trkpt lat="9.001469" lon="-79.579093">
        <time>2026-08-25T10:26:12Z</time>
      </trkpt>
      <trkpt lat="9.001489" lon="-79.579100">
        <time>2026-08-25T10:26:13Z</time>
      </trkpt>
      <trkpt lat="9.001506" lon="-79.579106">
        <time>2026-08-25T10:26:14Z</time>
      </trkpt>
      <trkpt lat="9.001527" lon="-79.579115">
        <time>2026-08-25T10:26:15Z</time>
      </trkpt>
      <trkpt lat="9.001544" lon="-79.579125">
        <time>2026-08-25T10:26:16Z</time>
      </trkpt>
      <trkpt lat="9.001563" lon="-79.579135">
        <time>2026-08-25T10:26:17Z</time>
      </trkpt>
      <trkpt lat="9.001580" lon="-79.579148">
        <time>2026-08-25T10:26:18Z</time>
      </trkpt>
      <trkpt lat="9.001595" lon="-79.579160">
        <time>2026-08-25T10:26:19Z</time>
      </trkpt>
      <trkpt lat="9.001610" lon="-79.579174">
        <time>2026-08-25T10:26:20Z</time>
      </trkpt>
      <trkpt lat="9.001622" lon="-79.579195">
        <time>2026-08-25T10:26:21Z</time>
      </trkpt>
      <trkpt lat="9.001634" lon="-79.579212">
        <time>2026-08-25T10:26:22Z</time>
      </trkpt>
      <trkpt lat="9.001642" lon="-79.579230">
        <time>2026-08-25T10:26:23Z</time>
      </trkpt>
      <trkpt lat="9.001648" lon="-79.579247">
        <time>2026-08-25T10:26:24Z</time>
      </trkpt>
      <trkpt lat="9.001650" lon="-79.579269">
        <time>2026-08-25T10:26:25Z</time>
      </trkpt>
      <trkpt lat="9.001643" lon="-79.579289">
        <time>2026-08-25T10:26:26Z</time>
      </trkpt>
      <trkpt lat="9.001635" lon="-79.579307">
        <time>2026-08-25T10:26:27Z</time>
      </trkpt>
      <trkpt lat="9.001629" lon="-79.579325">
        <time>2026-08-25T10:26:28Z</time>
      </trkpt>
      <trkpt lat="9.001620" lon="-79.579345">
        <time>2026-08-25T10:26:29Z</time>
      </trkpt>
      <trkpt lat="9.001611" lon="-79.579367">
        <time>2026-08-25T10:26:30Z</time>
      </trkpt>
      <trkpt lat="9.001603" lon="-79.579386">
        <time>2026-08-25T10:26:31Z</time>
      </trkpt>
      <trkpt lat="9.001593" lon="-79.579410">
        <time>2026-08-25T10:26:32Z</time>
      </trkpt>
      <trkpt lat="9.001586" lon="-79.579434">
        <time>2026-08-25T10:26:33Z</time>
      </trkpt>
      <trkpt lat="9.001583" lon="-79.579459">
        <time>2026-08-25T10:26:34Z</time>
      </trkpt>
      <trkpt lat="9.001580" lon="-79.579484">
        <time>2026-08-25T10:26:35Z</time>
      </trkpt>
      <trkpt lat="9.001581" lon="-79.579509">
        <time>2026-08-25T10:26:36Z</time>
      </trkpt>
      <trkpt lat="9.001581" lon="-79.579537">
        <time>2026-08-25T10:26:37Z</time>
      </trkpt>
      <trkpt lat="9.001578" lon="-79.579561">
        <time>2026-08-25T10:26:38Z</time>
      </trkpt>
      <trkpt lat="9.001582" lon="-79.579590">
        <time>2026-08-25T10:26:39Z</time>
      </trkpt>
      <trkpt lat="9.001590" lon="-79.579615">
        <time>2026-08-25T10:26:40Z</time>
      </trkpt>
      <trkpt lat="9.001597" lon="-79.579641">
        <time>2026-08-25T10:26:41Z</time>
      </trkpt>
      <trkpt lat="9.001606" lon="-79.579668">
        <time>2026-08-25T10:26:42Z</time>
      </trkpt>
      <trkpt lat="9.001617" lon="-79.579693">
        <time>2026-08-25T10:26:43Z</time>
      </trkpt>
      <trkpt lat="9.001628" lon="-79.579715">
        <time>2026-08-25T10:26:44Z</time>
      </trkpt>
      <trkpt lat="9.001638" lon="-79.579736">
        <time>2026-08-25T10:26:45Z</time>
      </trkpt>
      <trkpt lat="9.001649" lon="-79.579757">
        <time>2026-08-25T10:26:46Z</time>
      </trkpt>
      <trkpt lat="9.001660" lon="-79.579777">
        <time>2026-08-25T10:26:47Z</time>
      </trkpt>
      <trkpt lat="9.001673" lon="-79.579798">
        <time>2026-08-25T10:26:48Z</time>
      </trkpt>
      <trkpt lat="9.001689" lon="-79.579819">
        <time>2026-08-25T10:26:49Z</time>
      </trkpt>
      <trkpt lat="9.001704" lon="-79.579837">
        <time>2026-08-25T10:26:50Z</time>
      </trkpt>
      <trkpt lat="9.001725" lon="-79.579852">
        <time>2026-08-25T10:26:51Z</time>
      </trkpt>
      <trkpt lat="9.001752" lon="-79.579863">
        <time>2026-08-25T10:26:52Z</time>
      </trkpt>
      <trkpt lat="9.001776" lon="-79.579868">
        <time>2026-08-25T10:26:53Z</time>
      </trkpt>
      <trkpt lat="9.001801" lon="-79.579869">
        <time>2026-08-25T10:26:54Z</time>
      </trkpt>
      <trkpt lat="9.001827" lon="-79.579867">
        <time>2026-08-25T10:26:55Z</time>
      </trkpt>
      <trkpt lat="9.001853" lon="-79.579865">
        <time>2026-08-25T10:26:56Z</time>
      </trkpt>
      <trkpt lat="9.001878" lon="-79.579857">
        <time>2026-08-25T10:26:57Z</time>
      </trkpt>
      <trkpt lat="9.001903" lon="-79.579852">
        <time>2026-08-25T10:26:58Z</time>
      </trkpt>
      <trkpt lat="9.001926" lon="-79.579845">
        <time>2026-08-25T10:26:59Z</time>
      </trkpt>
      <trkpt lat="9.001949" lon="-79.579838">
        <time>2026-08-25T10:27:00Z</time>
      </trkpt>
      <trkpt lat="9.001973" lon="-79.579831">
        <time>2026-08-25T10:27:01Z</time>
      </trkpt>
      <trkpt lat="9.001996" lon="-79.579825">
        <time>2026-08-25T10:27:02Z</time>
      </trkpt>
      <trkpt lat="9.002016" lon="-79.579817">
        <time>2026-08-25T10:27:03Z</time>
      </trkpt>
      <trkpt lat="9.002035" lon="-79.579811">
        <time>2026-08-25T10:27:04Z</time>
      </trkpt>
      <trkpt lat="9.002056" lon="-79.579803">
        <time>2026-08-25T10:27:05Z</time>
      </trkpt>
      <trkpt lat="9.002076" lon="-79.579793">
        <time>2026-08-25T10:27:06Z</time>
      </trkpt>
      <trkpt lat="9.002098" lon="-79.579791">
        <time>2026-08-25T10:27:07Z</time>
      </trkpt>
      <trkpt lat="9.002118" lon="-79.579785">
        <time>2026-08-25T10:27:08Z</time>
      </trkpt>
      <trkpt lat="9.002139" lon="-79.579779">
        <time>2026-08-25T10:27:09Z</time>
      </trkpt>
      <trkpt lat="9.002161" lon="-79.579777">
        <time>2026-08-25T10:27:10Z</time>
      </trkpt>
      <trkpt lat="9.002183" lon="-79.579776">
        <time>2026-08-25T10:27:11Z</time>
      </trkpt>
      <trkpt lat="9.002202" lon="-79.579783">
        <time>2026-08-25T10:27:12Z</time>
      </trkpt>
      <trkpt lat="9.002223" lon="-79.579787">
        <time>2026-08-25T10:27:13Z</time>
      </trkpt>
      <trkpt lat="9.002245" lon="-79.579791">
        <time>2026-08-25T10:27:14Z</time>
      </trkpt>
      <trkpt lat="9.002263" lon="-79.579797">
        <time>2026-08-25T10:27:15Z</time>
      </trkpt>
      <trkpt lat="9.002282" lon="-79.579803">
        <time>2026-08-25T10:27:16Z</time>
      </trkpt>
      <trkpt lat="9.002304" lon="-79.579810">
        <time>2026-08-25T10:27:17Z</time>
      </trkpt>
      <trkpt lat="9.002321" lon="-79.579818">
        <time>2026-08-25T10:27:18Z</time>
      </trkpt>
      <trkpt lat="9.002342" lon="-79.579827">
        <time>2026-08-25T10:27:19Z</time>
      </trkpt>
      <trkpt lat="9.002365" lon="-79.579831">
        <time>2026-08-25T10:27:20Z</time>
      </trkpt>
      <trkpt lat="9.002385" lon="-79.579836">
        <time>2026-08-25T10:27:21Z</time>
      </trkpt>
      <trkpt lat="9.002406" lon="-79.579839">
        <time>2026-08-25T10:27:22Z</time>
      </trkpt>
      <trkpt lat="9.002429" lon="-79.579841">
        <time>2026-08-25T10:27:23Z</time>
      </trkpt>
      <trkpt lat="9.002452" lon="-79.579841">
        <time>2026-08-25T10:27:24Z</time>
      </trkpt>
      <trkpt lat="9.002476" lon="-79.579841">
        <time>2026-08-25T10:27:25Z</time>
      </trkpt>
      <trkpt lat="9.002503" lon="-79.579837">
        <time>2026-08-25T10:27:26Z</time>
      </trkpt>
      <trkpt lat="9.002528" lon="-79.579828">
        <time>2026-08-25T10:27:27Z</time>
      </trkpt>
      <trkpt lat="9.002550" lon="-79.579825">
        <time>2026-08-25T10:27:28Z</time>
      </trkpt>
      <trkpt lat="9.002574" lon="-79.579821">
        <time>2026-08-25T10:27:29Z</time>
      </trkpt>
      <trkpt lat="9.002597" lon="-79.579814">
        <time>2026-08-25T10:27:30Z</time>
      </trkpt>
      <trkpt lat="9.002616" lon="-79.579812">
        <time>2026-08-25T10:27:31Z</time>
      </trkpt>
      <trkpt lat="9.002639" lon="-79.579805">
        <time>2026-08-25T10:27:32Z</time>
      </trkpt>
      <trkpt lat="9.002662" lon="-79.579792">
        <time>2026-08-25T10:27:33Z</time>
      </trkpt>
      <trkpt lat="9.002682" lon="-79.579779">
        <time>2026-08-25T10:27:34Z</time>
      </trkpt>
      <trkpt lat="9.002700" lon="-79.579761">
        <time>2026-08-25T10:27:35Z</time>
      </trkpt>
      <trkpt lat="9.002715" lon="-79.579742">
        <time>2026-08-25T10:27:36Z</time>
      </trkpt>
      <trkpt lat="9.002729" lon="-79.579726">
        <time>2026-08-25T10:27:37Z</time>
      </trkpt>
      <trkpt lat="9.002744" lon="-79.579706">
        <time>2026-08-25T10:27:38Z</time>
      </trkpt>
      <trkpt lat="9.002758" lon="-79.579685">
        <time>2026-08-25T10:27:39Z</time>
      </trkpt>
      <trkpt lat="9.002771" lon="-79.579666">
        <time>2026-08-25T10:27:40Z</time>
      </trkpt>
      <trkpt lat="9.002783" lon="-79.579648">
        <time>2026-08-25T10:27:41Z</time>
      </trkpt>
      <trkpt lat="9.002793" lon="-79.579629">
        <time>2026-08-25T10:27:42Z</time>
      </trkpt>
      <trkpt lat="9.002806" lon="-79.579610">
        <time>2026-08-25T10:27:43Z</time>
      </trkpt>
      <trkpt lat="9.002816" lon="-79.579591">
        <time>2026-08-25T10:27:44Z</time>
      </trkpt>
      <trkpt lat="9.002830" lon="-79.579571">
        <time>2026-08-25T10:27:45Z</time>
      </trkpt>
      <trkpt lat="9.002840" lon="-79.579555">
        <time>2026-08-25T10:27:46Z</time>
      </trkpt>
      <trkpt lat="9.002851" lon="-79.579537">
        <time>2026-08-25T10:27:47Z</time>
      </trkpt>
      <trkpt lat="9.002866" lon="-79.579514">
        <time>2026-08-25T10:27:48Z</time>
      </trkpt>
      <trkpt lat="9.002876" lon="-79.579494">
        <time>2026-08-25T10:27:49Z</time>
      </trkpt>
      <trkpt lat="9.002884" lon="-79.579474">
        <time>2026-08-25T10:27:50Z</time>
      </trkpt>
      <trkpt lat="9.002893" lon="-79.579452">
        <time>2026-08-25T10:27:51Z</time>
      </trkpt>
      <trkpt lat="9.002898" lon="-79.579428">
        <time>2026-08-25T10:27:52Z</time>
      </trkpt>
      <trkpt lat="9.002901" lon="-79.579405">
        <time>2026-08-25T10:27:53Z</time>
      </trkpt>
      <trkpt lat="9.002908" lon="-79.579382">
        <time>2026-08-25T10:27:54Z</time>
      </trkpt>
      <trkpt lat="9.002913" lon="-79.579358">
        <time>2026-08-25T10:27:55Z</time>
      </trkpt>
      <trkpt lat="9.002915" lon="-79.579335">
        <time>2026-08-25T10:27:56Z</time>
      </trkpt>
      <trkpt lat="9.002920" lon="-79.579311">
        <time>2026-08-25T10:27:57Z</time>
      </trkpt>
      <trkpt lat="9.002927" lon="-79.579288">
        <time>2026-08-25T10:27:58Z</time>
      </trkpt>
      <trkpt lat="9.002931" lon="-79.579266">
        <time>2026-08-25T10:27:59Z</time>
      </trkpt>
      <trkpt lat="9.002934" lon="-79.579241">
        <time>2026-08-25T10:28:00Z</time>
      </trkpt>
      <trkpt lat="9.002941" lon="-79.579220">
        <time>2026-08-25T10:28:01Z</time>
      </trkpt>
      <trkpt lat="9.002948" lon="-79.579198">
        <time>2026-08-25T10:28:02Z</time>
      </trkpt>
      <trkpt lat="9.002953" lon="-79.579173">
        <time>2026-08-25T10:28:03Z</time>
      </trkpt>
      <trkpt lat="9.002957" lon="-79.579151">
        <time>2026-08-25T10:28:04Z</time>
      </trkpt>
      <trkpt lat="9.002963" lon="-79.579129">
        <time>2026-08-25T10:28:05Z</time>
      </trkpt>
      <trkpt lat="9.002969" lon="-79.579108">
        <time>2026-08-25T10:28:06Z</time>
      </trkpt>
      <trkpt lat="9.002976" lon="-79.579085">
        <time>2026-08-25T10:28:07Z</time>
      </trkpt>
      <trkpt lat="9.002980" lon="-79.579064">
        <time>2026-08-25T10:28:08Z</time>
      </trkpt>
      <trkpt lat="9.002982" lon="-79.579040">
        <time>2026-08-25T10:28:09Z</time>
      </trkpt>
      <trkpt lat="9.002989" lon="-79.579015">
        <time>2026-08-25T10:28:10Z</time>
      </trkpt>
      <trkpt lat="9.002994" lon="-79.578991">
        <time>2026-08-25T10:28:11Z</time>
      </trkpt>
      <trkpt lat="9.002994" lon="-79.578964">
        <time>2026-08-25T10:28:12Z</time>
      </trkpt>
      <trkpt lat="9.002996" lon="-79.578939">
        <time>2026-08-25T10:28:13Z</time>
      </trkpt>
      <trkpt lat="9.002996" lon="-79.578914">
        <time>2026-08-25T10:28:14Z</time>
      </trkpt>
      <trkpt lat="9.002997" lon="-79.578890">
        <time>2026-08-25T10:28:15Z</time>
      </trkpt>
      <trkpt lat="9.002997" lon="-79.578866">
        <time>2026-08-25T10:28:16Z</time>
      </trkpt>
      <trkpt lat="9.002994" lon="-79.578843">
        <time>2026-08-25T10:28:17Z</time>
      </trkpt>
      <trkpt lat="9.002993" lon="-79.578821">
        <time>2026-08-25T10:28:18Z</time>
      </trkpt>
      <trkpt lat="9.002993" lon="-79.578797">
        <time>2026-08-25T10:28:19Z</time>
      </trkpt>
      <trkpt lat="9.002991" lon="-79.578772">
        <time>2026-08-25T10:28:20Z</time>
      </trkpt>
      <trkpt lat="9.002985" lon="-79.578749">
        <time>2026-08-25T10:28:21Z</time>
      </trkpt>
      <trkpt lat="9.002981" lon="-79.578727">
        <time>2026-08-25T10:28:22Z</time>
      </trkpt>
      <trkpt lat="9.002975" lon="-79.578706">
        <time>2026-08-25T10:28:23Z</time>
      </trkpt>
      <trkpt lat="9.002967" lon="-79.578685">
        <time>2026-08-25T10:28:24Z</time>
      </trkpt>
      <trkpt lat="9.002961" lon="-79.578663">
        <time>2026-08-25T10:28:25Z</time>
      </trkpt>
      <trkpt lat="9.002954" lon="-79.578641">
        <time>2026-08-25T10:28:26Z</time>
      </trkpt>
      <trkpt lat="9.002950" lon="-79.578619">
        <time>2026-08-25T10:28:27Z</time>
      </trkpt>
      <trkpt lat="9.002947" lon="-79.578599">
        <time>2026-08-25T10:28:28Z</time>
      </trkpt>
      <trkpt lat="9.002942" lon="-79.578578">
        <time>2026-08-25T10:28:29Z</time>
      </trkpt>
      <trkpt lat="9.002938" lon="-79.578554">
        <time>2026-08-25T10:28:30Z</time>
      </trkpt>
      <trkpt lat="9.002937" lon="-79.578532">
        <time>2026-08-25T10:28:31Z</time>
      </trkpt>
      <trkpt lat="9.002933" lon="-79.578510">
        <time>2026-08-25T10:28:32Z</time>
      </trkpt>
      <trkpt lat="9.002930" lon="-79.578485">
        <time>2026-08-25T10:28:33Z</time>
      </trkpt>
      <trkpt lat="9.002927" lon="-79.578463">
        <time>2026-08-25T10:28:34Z</time>
      </trkpt>
      <trkpt lat="9.002926" lon="-79.578443">
        <time>2026-08-25T10:28:35Z</time>
      </trkpt>
      <trkpt lat="9.002922" lon="-79.578420">
        <time>2026-08-25T10:28:36Z</time>
      </trkpt>
      <trkpt lat="9.002920" lon="-79.578398">
        <time>2026-08-25T10:28:37Z</time>
      </trkpt>
      <trkpt lat="9.002916" lon="-79.578376">
        <time>2026-08-25T10:28:38Z</time>
      </trkpt>
      <trkpt lat="9.002910" lon="-79.578352">
        <time>2026-08-25T10:28:39Z</time>
      </trkpt>
      <trkpt lat="9.002905" lon="-79.578331">
        <time>2026-08-25T10:28:40Z</time>
      </trkpt>
      <trkpt lat="9.002899" lon="-79.578307">
        <time>2026-08-25T10:28:41Z</time>
      </trkpt>
      <trkpt lat="9.002898" lon="-79.578284">
        <time>2026-08-25T10:28:42Z</time>
      </trkpt>
      <trkpt lat="9.002892" lon="-79.578263">
        <time>2026-08-25T10:28:43Z</time>
      </trkpt>
      <trkpt lat="9.002886" lon="-79.578239">
        <time>2026-08-25T10:28:44Z</time>
      </trkpt>
      <trkpt lat="9.002880" lon="-79.578216">
        <time>2026-08-25T10:28:45Z</time>
      </trkpt>
      <trkpt lat="9.002875" lon="-79.578193">
        <time>2026-08-25T10:28:46Z</time>
      </trkpt>
      <trkpt lat="9.002867" lon="-79.578168">
        <time>2026-08-25T10:28:47Z</time>
      </trkpt>
      <trkpt lat="9.002860" lon="-79.578146">
        <time>2026-08-25T10:28:48Z</time>
      </trkpt>
      <trkpt lat="9.002849" lon="-79.578125">
        <time>2026-08-25T10:28:49Z</time>
      </trkpt>
      <trkpt lat="9.002835" lon="-79.578104">
        <time>2026-08-25T10:28:50Z</time>
      </trkpt>
      <trkpt lat="9.002822" lon="-79.578082">
        <time>2026-08-25T10:28:51Z</time>
      </trkpt>
      <trkpt lat="9.002808" lon="-79.578060">
        <time>2026-08-25T10:28:52Z</time>
      </trkpt>
      <trkpt lat="9.002795" lon="-79.578041">
        <time>2026-08-25T10:28:53Z</time>
      </trkpt>
      <trkpt lat="9.002781" lon="-79.578017">
        <time>2026-08-25T10:28:54Z</time>
      </trkpt>
      <trkpt lat="9.002767" lon="-79.577994">
        <time>2026-08-25T10:28:55Z</time>
      </trkpt>
      <trkpt lat="9.002752" lon="-79.577975">
        <time>2026-08-25T10:28:56Z</time>
      </trkpt>
      <trkpt lat="9.002736" lon="-79.577953">
        <time>2026-08-25T10:28:57Z</time>
      </trkpt>
      <trkpt lat="9.002716" lon="-79.577932">
        <time>2026-08-25T10:28:58Z</time>
      </trkpt>
      <trkpt lat="9.002694" lon="-79.577916">
        <time>2026-08-25T10:28:59Z</time>
      </trkpt>
      <trkpt lat="9.002677" lon="-79.577896">
        <time>2026-08-25T10:29:00Z</time>
      </trkpt>
      <trkpt lat="9.002659" lon="-79.577880">
        <time>2026-08-25T10:29:01Z</time>
      </trkpt>
      <trkpt lat="9.002641" lon="-79.577864">
        <time>2026-08-25T10:29:02Z</time>
      </trkpt>
      <trkpt lat="9.002624" lon="-79.577849">
        <time>2026-08-25T10:29:03Z</time>
      </trkpt>
      <trkpt lat="9.002608" lon="-79.577833">
        <time>2026-08-25T10:29:04Z</time>
      </trkpt>
      <trkpt lat="9.002591" lon="-79.577817">
        <time>2026-08-25T10:29:05Z</time>
      </trkpt>
      <trkpt lat="9.002572" lon="-79.577801">
        <time>2026-08-25T10:29:06Z</time>
      </trkpt>
      <trkpt lat="9.002556" lon="-79.577787">
        <time>2026-08-25T10:29:07Z</time>
      </trkpt>
      <trkpt lat="9.002536" lon="-79.577770">
        <time>2026-08-25T10:29:08Z</time>
      </trkpt>
      <trkpt lat="9.002517" lon="-79.577759">
        <time>2026-08-25T10:29:09Z</time>
      </trkpt>
      <trkpt lat="9.002499" lon="-79.577750">
        <time>2026-08-25T10:29:10Z</time>
      </trkpt>
      <trkpt lat="9.002476" lon="-79.577734">
        <time>2026-08-25T10:29:11Z</time>
      </trkpt>
      <trkpt lat="9.002459" lon="-79.577717">
        <time>2026-08-25T10:29:12Z</time>
      </trkpt>
      <trkpt lat="9.002443" lon="-79.577700">
        <time>2026-08-25T10:29:13Z</time>
      </trkpt>
      <trkpt lat="9.002423" lon="-79.577681">
        <time>2026-08-25T10:29:14Z</time>
      </trkpt>
      <trkpt lat="9.002407" lon="-79.577663">
        <time>2026-08-25T10:29:15Z</time>
      </trkpt>
      <trkpt lat="9.002390" lon="-79.577648">
        <time>2026-08-25T10:29:16Z</time>
      </trkpt>
      <trkpt lat="9.002371" lon="-79.577634">
        <time>2026-08-25T10:29:17Z</time>
      </trkpt>
      <trkpt lat="9.002353" lon="-79.577620">
        <time>2026-08-25T10:29:18Z</time>
      </trkpt>
      <trkpt lat="9.002335" lon="-79.577607">
        <time>2026-08-25T10:29:19Z</time>
      </trkpt>
      <trkpt lat="9.002316" lon="-79.577593">
        <time>2026-08-25T10:29:20Z</time>
      </trkpt>
      <trkpt lat="9.002296" lon="-79.577581">
        <time>2026-08-25T10:29:21Z</time>
      </trkpt>
      <trkpt lat="9.002281" lon="-79.577574">
        <time>2026-08-25T10:29:22Z</time>
      </trkpt>
      <trkpt lat="9.002268" lon="-79.577565">
        <time>2026-08-25T10:29:23Z</time>
      </trkpt>
      <trkpt lat="9.002255" lon="-79.577556">
        <time>2026-08-25T10:29:24Z</time>
      </trkpt>
      <trkpt lat="9.002250" lon="-79.577551">
        <time>2026-08-25T10:29:25Z</time>
      </trkpt>
      <trkpt lat="9.002245" lon="-79.577546">
        <time>2026-08-25T10:29:26Z</time>
      </trkpt>
      <trkpt lat="9.002239" lon="-79.577543">
        <time>2026-08-25T10:29:27Z</time>
      </trkpt>
      <trkpt lat="9.002237" lon="-79.577541">
        <time>2026-08-25T10:29:28Z</time>
      </trkpt>
      <trkpt lat="9.002237" lon="-79.577541">
        <time>2026-08-25T10:29:29Z</time>
      </trkpt>
      <trkpt lat="9.002237" lon="-79.577541">
        <time>2026-08-25T10:29:30Z</time>
      </trkpt>
      <trkpt lat="9.002237" lon="-79.577541">
        <time>2026-08-25T10:29:31Z</time>
      </trkpt>
      <trkpt lat="9.002237" lon="-79.577541">
        <time>2026-08-25T10:29:32Z</time>
      </trkpt>
      <trkpt lat="9.002237" lon="-79.577541">
        <time>2026-08-25T10:29:33Z</time>
      </trkpt>
      <trkpt lat="9.002237" lon="-79.577541">
        <time>2026-08-25T10:29:34Z</time>
      </trkpt>
      <trkpt lat="9.002237" lon="-79.577541">
        <time>2026-08-25T10:29:35Z</time>
      </trkpt>
      <trkpt lat="9.002237" lon="-79.577541">
        <time>2026-08-25T10:29:36Z</time>
      </trkpt>
      <trkpt lat="9.002237" lon="-79.577541">
        <time>2026-08-25T10:29:37Z</time>
      </trkpt>
      <trkpt lat="9.002237" lon="-79.577541">
        <time>2026-08-25T10:29:38Z</time>
      </trkpt>
      <trkpt lat="9.002237" lon="-79.577541">
        <time>2026-08-25T10:29:39Z</time>
      </trkpt>
      <trkpt lat="9.002237" lon="-79.577541">
        <time>2026-08-25T10:29:40Z</time>
      </trkpt>
      <trkpt lat="9.002237" lon="-79.577541">
        <time>2026-08-25T10:29:41Z</time>
      </trkpt>
      <trkpt lat="9.002237" lon="-79.577541">
        <time>2026-08-25T10:29:42Z</time>
      </trkpt>
      <trkpt lat="9.002237" lon="-79.577541">
        <time>2026-08-25T10:29:43Z</time>
      </trkpt>
      <trkpt lat="9.002237" lon="-79.577541">
        <time>2026-08-25T10:29:44Z</time>
      </trkpt>
      <trkpt lat="9.002237" lon="-79.577541">
        <time>2026-08-25T10:29:45Z</time>
      </trkpt>
      <trkpt lat="9.002237" lon="-79.577541">
        <time>2026-08-25T10:29:46Z</time>
      </trkpt>
      <trkpt lat="9.002237" lon="-79.577541">
        <time>2026-08-25T10:29:47Z</time>
      </trkpt>
      <trkpt lat="9.002237" lon="-79.577541">
        <time>2026-08-25T10:29:48Z</time>
      </trkpt>
      <trkpt lat="9.002237" lon="-79.577541">
        <time>2026-08-25T10:29:49Z</time>
      </trkpt>
      <trkpt lat="9.002237" lon="-79.577541">
        <time>2026-08-25T10:29:50Z</time>
      </trkpt>
      <trkpt lat="9.002237" lon="-79.577541">
        <time>2026-08-25T10:29:51Z</time>
      </trkpt>
      <trkpt lat="9.002237" lon="-79.577541">
        <time>2026-08-25T10:29:52Z</time>
      </trkpt>
      <trkpt lat="9.002237" lon="-79.577541">
        <time>2026-08-25T10:29:53Z</time>
      </trkpt>
      <trkpt lat="9.002237" lon="-79.577541">
        <time>2026-08-25T10:29:54Z</time>
      </trkpt>
      <trkpt lat="9.002237" lon="-79.577541">
        <time>2026-08-25T10:29:55Z</time>
      </trkpt>
      <trkpt lat="9.002237" lon="-79.577541">
        <time>2026-08-25T10:29:56Z</time>
      </trkpt>
      <trkpt lat="9.002237" lon="-79.577541">
        <time>2026-08-25T10:29:57Z</time>
      </trkpt>
      <trkpt lat="9.002237" lon="-79.577541">
        <time>2026-08-25T10:29:58Z</time>
      </trkpt>
      <trkpt lat="9.002237" lon="-79.577541">
        <time>2026-08-25T10:29:59Z</time>
      </trkpt>
      <trkpt lat="9.002237" lon="-79.577541">
        <time>2026-08-25T10:30:00Z</time>
      </trkpt>
      <trkpt lat="9.002248" lon="-79.577540">
        <time>2026-08-25T10:30:01Z</time>
      </trkpt>
      <trkpt lat="9.002240" lon="-79.577531">
        <time>2026-08-25T10:30:02Z</time>
      </trkpt>
      <trkpt lat="9.002222" lon="-79.577519">
        <time>2026-08-25T10:30:03Z</time>
      </trkpt>
      <trkpt lat="9.002206" lon="-79.577506">
        <time>2026-08-25T10:30:04Z</time>
      </trkpt>
      <trkpt lat="9.002189" lon="-79.577493">
        <time>2026-08-25T10:30:05Z</time>
      </trkpt>
      <trkpt lat="9.002170" lon="-79.577477">
        <time>2026-08-25T10:30:06Z</time>
      </trkpt>
      <trkpt lat="9.002147" lon="-79.577464">
        <time>2026-08-25T10:30:07Z</time>
      </trkpt>
      <trkpt lat="9.002124" lon="-79.577452">
        <time>2026-08-25T10:30:08Z</time>
      </trkpt>
      <trkpt lat="9.002099" lon="-79.577438">
        <time>2026-08-25T10:30:09Z</time>
      </trkpt>
      <trkpt lat="9.002076" lon="-79.577426">
        <time>2026-08-25T10:30:10Z</time>
      </trkpt>
      <trkpt lat="9.002054" lon="-79.577413">
        <time>2026-08-25T10:30:11Z</time>
      </trkpt>
      <trkpt lat="9.002030" lon="-79.577400">
        <time>2026-08-25T10:30:12Z</time>
      </trkpt>
      <trkpt lat="9.002006" lon="-79.577387">
        <time>2026-08-25T10:30:13Z</time>
      </trkpt>
      <trkpt lat="9.001980" lon="-79.577372">
        <time>2026-08-25T10:30:14Z</time>
      </trkpt>
      <trkpt lat="9.001955" lon="-79.577360">
        <time>2026-08-25T10:30:15Z</time>
      </trkpt>
      <trkpt lat="9.001932" lon="-79.577348">
        <time>2026-08-25T10:30:16Z</time>
      </trkpt>
      <trkpt lat="9.001908" lon="-79.577330">
        <time>2026-08-25T10:30:17Z</time>
      </trkpt>
      <trkpt lat="9.001879" lon="-79.577315">
        <time>2026-08-25T10:30:18Z</time>
      </trkpt>
      <trkpt lat="9.001859" lon="-79.577300">
        <time>2026-08-25T10:30:19Z</time>
      </trkpt>
      <trkpt lat="9.001834" lon="-79.577286">
        <time>2026-08-25T10:30:20Z</time>
      </trkpt>
      <trkpt lat="9.001811" lon="-79.577269">
        <time>2026-08-25T10:30:21Z</time>
      </trkpt>
      <trkpt lat="9.001789" lon="-79.577253">
        <time>2026-08-25T10:30:22Z</time>
      </trkpt>
      <trkpt lat="9.001762" lon="-79.577238">
        <time>2026-08-25T10:30:23Z</time>
      </trkpt>
      <trkpt lat="9.001740" lon="-79.577223">
        <time>2026-08-25T10:30:24Z</time>
      </trkpt>
      <trkpt lat="9.001714" lon="-79.577209">
        <time>2026-08-25T10:30:25Z</time>
      </trkpt>
      <trkpt lat="9.001692" lon="-79.577194">
        <time>2026-08-25T10:30:26Z</time>
      </trkpt>
      <trkpt lat="9.001672" lon="-79.577176">
        <time>2026-08-25T10:30:27Z</time>
      </trkpt>
      <trkpt lat="9.001647" lon="-79.577159">
        <time>2026-08-25T10:30:28Z</time>
      </trkpt>
      <trkpt lat="9.001622" lon="-79.577150">
        <time>2026-08-25T10:30:29Z</time>
      </trkpt>
      <trkpt lat="9.001595" lon="-79.577132">
        <time>2026-08-25T10:30:30Z</time>
      </trkpt>
      <trkpt lat="9.001568" lon="-79.577116">
        <time>2026-08-25T10:30:31Z</time>
      </trkpt>
      <trkpt lat="9.001546" lon="-79.577103">
        <time>2026-08-25T10:30:32Z</time>
      </trkpt>
      <trkpt lat="9.001517" lon="-79.577086">
        <time>2026-08-25T10:30:33Z</time>
      </trkpt>
      <trkpt lat="9.001480" lon="-79.577072">
        <time>2026-08-25T10:30:34Z</time>
      </trkpt>
      <trkpt lat="9.001455" lon="-79.577060">
        <time>2026-08-25T10:30:35Z</time>
      </trkpt>
      <trkpt lat="9.001426" lon="-79.577047">
        <time>2026-08-25T10:30:36Z</time>
      </trkpt>
      <trkpt lat="9.001400" lon="-79.577035">
        <time>2026-08-25T10:30:37Z</time>
      </trkpt>
      <trkpt lat="9.001374" lon="-79.577022">
        <time>2026-08-25T10:30:38Z</time>
      </trkpt>
      <trkpt lat="9.001347" lon="-79.577011">
        <time>2026-08-25T10:30:39Z</time>
      </trkpt>
      <trkpt lat="9.001323" lon="-79.577002">
        <time>2026-08-25T10:30:40Z</time>
      </trkpt>
      <trkpt lat="9.001294" lon="-79.576992">
        <time>2026-08-25T10:30:41Z</time>
      </trkpt>
      <trkpt lat="9.001265" lon="-79.576983">
        <time>2026-08-25T10:30:42Z</time>
      </trkpt>
      <trkpt lat="9.001235" lon="-79.576971">
        <time>2026-08-25T10:30:43Z</time>
      </trkpt>
      <trkpt lat="9.001205" lon="-79.576962">
        <time>2026-08-25T10:30:44Z</time>
      </trkpt>
      <trkpt lat="9.001175" lon="-79.576955">
        <time>2026-08-25T10:30:45Z</time>
      </trkpt>
      <trkpt lat="9.001146" lon="-79.576950">
        <time>2026-08-25T10:30:46Z</time>
      </trkpt>
      <trkpt lat="9.001120" lon="-79.576948">
        <time>2026-08-25T10:30:47Z</time>
      </trkpt>
      <trkpt lat="9.001093" lon="-79.576942">
        <time>2026-08-25T10:30:48Z</time>
      </trkpt>
      <trkpt lat="9.001062" lon="-79.576938">
        <time>2026-08-25T10:30:49Z</time>
      </trkpt>
      <trkpt lat="9.001037" lon="-79.576936">
        <time>2026-08-25T10:30:50Z</time>
      </trkpt>
      <trkpt lat="9.001008" lon="-79.576933">
        <time>2026-08-25T10:30:51Z</time>
      </trkpt>
      <trkpt lat="9.000979" lon="-79.576926">
        <time>2026-08-25T10:30:52Z</time>
      </trkpt>
      <trkpt lat="9.000952" lon="-79.576923">
        <time>2026-08-25T10:30:53Z</time>
      </trkpt>
      <trkpt lat="9.000924" lon="-79.576921">
        <time>2026-08-25T10:30:54Z</time>
      </trkpt>
      <trkpt lat="9.000897" lon="-79.576922">
        <time>2026-08-25T10:30:55Z</time>
      </trkpt>
      <trkpt lat="9.000871" lon="-79.576917">
        <time>2026-08-25T10:30:56Z</time>
      </trkpt>
      <trkpt lat="9.000845" lon="-79.576914">
        <time>2026-08-25T10:30:57Z</time>
      </trkpt>
      <trkpt lat="9.000818" lon="-79.576914">
        <time>2026-08-25T10:30:58Z</time>
      </trkpt>
      <trkpt lat="9.000788" lon="-79.576912">
        <time>2026-08-25T10:30:59Z</time>
      </trkpt>
      <trkpt lat="9.000758" lon="-79.576909">
        <time>2026-08-25T10:31:00Z</time>
      </trkpt>
      <trkpt lat="9.000728" lon="-79.576911">
        <time>2026-08-25T10:31:01Z</time>
      </trkpt>
      <trkpt lat="9.000703" lon="-79.576912">
        <time>2026-08-25T10:31:02Z</time>
      </trkpt>
      <trkpt lat="9.000679" lon="-79.576912">
        <time>2026-08-25T10:31:03Z</time>
      </trkpt>
      <trkpt lat="9.000653" lon="-79.576913">
        <time>2026-08-25T10:31:04Z</time>
      </trkpt>
      <trkpt lat="9.000625" lon="-79.576916">
        <time>2026-08-25T10:31:05Z</time>
      </trkpt>
      <trkpt lat="9.000600" lon="-79.576920">
        <time>2026-08-25T10:31:06Z</time>
      </trkpt>
      <trkpt lat="9.000573" lon="-79.576930">
        <time>2026-08-25T10:31:07Z</time>
      </trkpt>
      <trkpt lat="9.000545" lon="-79.576936">
        <time>2026-08-25T10:31:08Z</time>
      </trkpt>
      <trkpt lat="9.000517" lon="-79.576945">
        <time>2026-08-25T10:31:09Z</time>
      </trkpt>
      <trkpt lat="9.000489" lon="-79.576956">
        <time>2026-08-25T10:31:10Z</time>
      </trkpt>
      <trkpt lat="9.000463" lon="-79.576966">
        <time>2026-08-25T10:31:11Z</time>
      </trkpt>
      <trkpt lat="9.000438" lon="-79.576973">
        <time>2026-08-25T10:31:12Z</time>
      </trkpt>
      <trkpt lat="9.000413" lon="-79.576985">
        <time>2026-08-25T10:31:13Z</time>
      </trkpt>
      <trkpt lat="9.000392" lon="-79.576995">
        <time>2026-08-25T10:31:14Z</time>
      </trkpt>
      <trkpt lat="9.000369" lon="-79.577003">
        <time>2026-08-25T10:31:15Z</time>
      </trkpt>
      <trkpt lat="9.000346" lon="-79.577015">
        <time>2026-08-25T10:31:16Z</time>
      </trkpt>
      <trkpt lat="9.000325" lon="-79.577026">
        <time>2026-08-25T10:31:17Z</time>
      </trkpt>
      <trkpt lat="9.000304" lon="-79.577038">
        <time>2026-08-25T10:31:18Z</time>
      </trkpt>
      <trkpt lat="9.000282" lon="-79.577046">
        <time>2026-08-25T10:31:19Z</time>
      </trkpt>
      <trkpt lat="9.000259" lon="-79.577056">
        <time>2026-08-25T10:31:20Z</time>
      </trkpt>
      <trkpt lat="9.000235" lon="-79.577069">
        <time>2026-08-25T10:31:21Z</time>
      </trkpt>
      <trkpt lat="9.000215" lon="-79.577080">
        <time>2026-08-25T10:31:22Z</time>
      </trkpt>
      <trkpt lat="9.000193" lon="-79.577092">
        <time>2026-08-25T10:31:23Z</time>
      </trkpt>
      <trkpt lat="9.000170" lon="-79.577102">
        <time>2026-08-25T10:31:24Z</time>
      </trkpt>
      <trkpt lat="9.000146" lon="-79.577112">
        <time>2026-08-25T10:31:25Z</time>
      </trkpt>
      <trkpt lat="9.000124" lon="-79.577126">
        <time>2026-08-25T10:31:26Z</time>
      </trkpt>
      <trkpt lat="9.000102" lon="-79.577141">
        <time>2026-08-25T10:31:27Z</time>
      </trkpt>
      <trkpt lat="9.000079" lon="-79.577157">
        <time>2026-08-25T10:31:28Z</time>
      </trkpt>
      <trkpt lat="9.000055" lon="-79.577173">
        <time>2026-08-25T10:31:29Z</time>
      </trkpt>
      <trkpt lat="9.000032" lon="-79.577185">
        <time>2026-08-25T10:31:30Z</time>
      </trkpt>
      <trkpt lat="9.000009" lon="-79.577200">
        <time>2026-08-25T10:31:31Z</time>
      </trkpt>
      <trkpt lat="8.999986" lon="-79.577215">
        <time>2026-08-25T10:31:32Z</time>
      </trkpt>
      <trkpt lat="8.999963" lon="-79.577227">
        <time>2026-08-25T10:31:33Z</time>
      </trkpt>
      <trkpt lat="8.999938" lon="-79.577244">
        <time>2026-08-25T10:31:34Z</time>
      </trkpt>
      <trkpt lat="8.999916" lon="-79.577259">
        <time>2026-08-25T10:31:35Z</time>
      </trkpt>
      <trkpt lat="8.999894" lon="-79.577276">
        <time>2026-08-25T10:31:36Z</time>
      </trkpt>
      <trkpt lat="8.999871" lon="-79.577292">
        <time>2026-08-25T10:31:37Z</time>
      </trkpt>
      <trkpt lat="8.999853" lon="-79.577305">
        <time>2026-08-25T10:31:38Z</time>
      </trkpt>
      <trkpt lat="8.999833" lon="-79.577319">
        <time>2026-08-25T10:31:39Z</time>
      </trkpt>
      <trkpt lat="8.999812" lon="-79.577334">
        <time>2026-08-25T10:31:40Z</time>
      </trkpt>
      <trkpt lat="8.999789" lon="-79.577350">
        <time>2026-08-25T10:31:41Z</time>
      </trkpt>
      <trkpt lat="8.999767" lon="-79.577365">
        <time>2026-08-25T10:31:42Z</time>
      </trkpt>
      <trkpt lat="8.999747" lon="-79.577380">
        <time>2026-08-25T10:31:43Z</time>
      </trkpt>
      <trkpt lat="8.999726" lon="-79.577396">
        <time>2026-08-25T10:31:44Z</time>
      </trkpt>
      <trkpt lat="8.999705" lon="-79.577411">
        <time>2026-08-25T10:31:45Z</time>
      </trkpt>
      <trkpt lat="8.999683" lon="-79.577425">
        <time>2026-08-25T10:31:46Z</time>
      </trkpt>
      <trkpt lat="8.999661" lon="-79.577442">
        <time>2026-08-25T10:31:47Z</time>
      </trkpt>
      <trkpt lat="8.999639" lon="-79.577461">
        <time>2026-08-25T10:31:48Z</time>
      </trkpt>
      <trkpt lat="8.999618" lon="-79.577476">
        <time>2026-08-25T10:31:49Z</time>
      </trkpt>
      <trkpt lat="8.999595" lon="-79.577494">
        <time>2026-08-25T10:31:50Z</time>
      </trkpt>
      <trkpt lat="8.999573" lon="-79.577510">
        <time>2026-08-25T10:31:51Z</time>
      </trkpt>
      <trkpt lat="8.999552" lon="-79.577526">
        <time>2026-08-25T10:31:52Z</time>
      </trkpt>
      <trkpt lat="8.999533" lon="-79.577543">
        <time>2026-08-25T10:31:53Z</time>
      </trkpt>
      <trkpt lat="8.999512" lon="-79.577558">
        <time>2026-08-25T10:31:54Z</time>
      </trkpt>
      <trkpt lat="8.999488" lon="-79.577573">
        <time>2026-08-25T10:31:55Z</time>
      </trkpt>
      <trkpt lat="8.999466" lon="-79.577589">
        <time>2026-08-25T10:31:56Z</time>
      </trkpt>
      <trkpt lat="8.999444" lon="-79.577606">
        <time>2026-08-25T10:31:57Z</time>
      </trkpt>
      <trkpt lat="8.999425" lon="-79.577623">
        <time>2026-08-25T10:31:58Z</time>
      </trkpt>
      <trkpt lat="8.999405" lon="-79.577640">
        <time>2026-08-25T10:31:59Z</time>
      </trkpt>
      <trkpt lat="8.999384" lon="-79.577658">
        <time>2026-08-25T10:32:00Z</time>
      </trkpt>
      <trkpt lat="8.999365" lon="-79.577672">
        <time>2026-08-25T10:32:01Z</time>
      </trkpt>
      <trkpt lat="8.999343" lon="-79.577690">
        <time>2026-08-25T10:32:02Z</time>
      </trkpt>
      <trkpt lat="8.999318" lon="-79.577702">
        <time>2026-08-25T10:32:03Z</time>
      </trkpt>
      <trkpt lat="8.999295" lon="-79.577716">
        <time>2026-08-25T10:32:04Z</time>
      </trkpt>
      <trkpt lat="8.999275" lon="-79.577731">
        <time>2026-08-25T10:32:05Z</time>
      </trkpt>
      <trkpt lat="8.999258" lon="-79.577747">
        <time>2026-08-25T10:32:06Z</time>
      </trkpt>
      <trkpt lat="8.999238" lon="-79.577766">
        <time>2026-08-25T10:32:07Z</time>
      </trkpt>
      <trkpt lat="8.999216" lon="-79.577784">
        <time>2026-08-25T10:32:08Z</time>
      </trkpt>
      <trkpt lat="8.999191" lon="-79.577799">
        <time>2026-08-25T10:32:09Z</time>
      </trkpt>
      <trkpt lat="8.999170" lon="-79.577818">
        <time>2026-08-25T10:32:10Z</time>
      </trkpt>
      <trkpt lat="8.999149" lon="-79.577829">
        <time>2026-08-25T10:32:11Z</time>
      </trkpt>
      <trkpt lat="8.999128" lon="-79.577843">
        <time>2026-08-25T10:32:12Z</time>
      </trkpt>
      <trkpt lat="8.999103" lon="-79.577859">
        <time>2026-08-25T10:32:13Z</time>
      </trkpt>
      <trkpt lat="8.999079" lon="-79.577874">
        <time>2026-08-25T10:32:14Z</time>
      </trkpt>
      <trkpt lat="8.999056" lon="-79.577889">
        <time>2026-08-25T10:32:15Z</time>
      </trkpt>
      <trkpt lat="8.999033" lon="-79.577904">
        <time>2026-08-25T10:32:16Z</time>
      </trkpt>
      <trkpt lat="8.999009" lon="-79.577924">
        <time>2026-08-25T10:32:17Z</time>
      </trkpt>
      <trkpt lat="8.998987" lon="-79.577942">
        <time>2026-08-25T10:32:18Z</time>
      </trkpt>
      <trkpt lat="8.998968" lon="-79.577960">
        <time>2026-08-25T10:32:19Z</time>
      </trkpt>
      <trkpt lat="8.998947" lon="-79.577977">
        <time>2026-08-25T10:32:20Z</time>
      </trkpt>
      <trkpt lat="8.998927" lon="-79.577993">
        <time>2026-08-25T10:32:21Z</time>
      </trkpt>
      <trkpt lat="8.998905" lon="-79.578011">
        <time>2026-08-25T10:32:22Z</time>
      </trkpt>
      <trkpt lat="8.998884" lon="-79.578029">
        <time>2026-08-25T10:32:23Z</time>
      </trkpt>
      <trkpt lat="8.998863" lon="-79.578043">
        <time>2026-08-25T10:32:24Z</time>
      </trkpt>
      <trkpt lat="8.998841" lon="-79.578060">
        <time>2026-08-25T10:32:25Z</time>
      </trkpt>
      <trkpt lat="8.998820" lon="-79.578077">
        <time>2026-08-25T10:32:26Z</time>
      </trkpt>
      <trkpt lat="8.998800" lon="-79.578095">
        <time>2026-08-25T10:32:27Z</time>
      </trkpt>
      <trkpt lat="8.998779" lon="-79.578111">
        <time>2026-08-25T10:32:28Z</time>
      </trkpt>
      <trkpt lat="8.998760" lon="-79.578124">
        <time>2026-08-25T10:32:29Z</time>
      </trkpt>
      <trkpt lat="8.998739" lon="-79.578139">
        <time>2026-08-25T10:32:30Z</time>
      </trkpt>
      <trkpt lat="8.998716" lon="-79.578155">
        <time>2026-08-25T10:32:31Z</time>
      </trkpt>
      <trkpt lat="8.998692" lon="-79.578173">
        <time>2026-08-25T10:32:32Z</time>
      </trkpt>
      <trkpt lat="8.998670" lon="-79.578197">
        <time>2026-08-25T10:32:33Z</time>
      </trkpt>
      <trkpt lat="8.998647" lon="-79.578214">
        <time>2026-08-25T10:32:34Z</time>
      </trkpt>
      <trkpt lat="8.998623" lon="-79.578234">
        <time>2026-08-25T10:32:35Z</time>
      </trkpt>
      <trkpt lat="8.998600" lon="-79.578253">
        <time>2026-08-25T10:32:36Z</time>
      </trkpt>
      <trkpt lat="8.998577" lon="-79.578266">
        <time>2026-08-25T10:32:37Z</time>
      </trkpt>
      <trkpt lat="8.998554" lon="-79.578283">
        <time>2026-08-25T10:32:38Z</time>
      </trkpt>
      <trkpt lat="8.998527" lon="-79.578297">
        <time>2026-08-25T10:32:39Z</time>
      </trkpt>
      <trkpt lat="8.998503" lon="-79.578311">
        <time>2026-08-25T10:32:40Z</time>
      </trkpt>
      <trkpt lat="8.998479" lon="-79.578320">
        <time>2026-08-25T10:32:41Z</time>
      </trkpt>
      <trkpt lat="8.998454" lon="-79.578331">
        <time>2026-08-25T10:32:42Z</time>
      </trkpt>
      <trkpt lat="8.998429" lon="-79.578344">
        <time>2026-08-25T10:32:43Z</time>
      </trkpt>
      <trkpt lat="8.998406" lon="-79.578355">
        <time>2026-08-25T10:32:44Z</time>
      </trkpt>
      <trkpt lat="8.998379" lon="-79.578360">
        <time>2026-08-25T10:32:45Z</time>
      </trkpt>
      <trkpt lat="8.998353" lon="-79.578364">
        <time>2026-08-25T10:32:46Z</time>
      </trkpt>
      <trkpt lat="8.998329" lon="-79.578372">
        <time>2026-08-25T10:32:47Z</time>
      </trkpt>
      <trkpt lat="8.998305" lon="-79.578380">
        <time>2026-08-25T10:32:48Z</time>
      </trkpt>
      <trkpt lat="8.998278" lon="-79.578386">
        <time>2026-08-25T10:32:49Z</time>
      </trkpt>
      <trkpt lat="8.998248" lon="-79.578390">
        <time>2026-08-25T10:32:50Z</time>
      </trkpt>
      <trkpt lat="8.998220" lon="-79.578397">
        <time>2026-08-25T10:32:51Z</time>
      </trkpt>
      <trkpt lat="8.998192" lon="-79.578402">
        <time>2026-08-25T10:32:52Z</time>
      </trkpt>
      <trkpt lat="8.998166" lon="-79.578409">
        <time>2026-08-25T10:32:53Z</time>
      </trkpt>
      <trkpt lat="8.998140" lon="-79.578414">
        <time>2026-08-25T10:32:54Z</time>
      </trkpt>
      <trkpt lat="8.998113" lon="-79.578417">
        <time>2026-08-25T10:32:55Z</time>
      </trkpt>
      <trkpt lat="8.998085" lon="-79.578422">
        <time>2026-08-25T10:32:56Z</time>
      </trkpt>
      <trkpt lat="8.998058" lon="-79.578426">
        <time>2026-08-25T10:32:57Z</time>
      </trkpt>
      <trkpt lat="8.998032" lon="-79.578426">
        <time>2026-08-25T10:32:58Z</time>
      </trkpt>
      <trkpt lat="8.998005" lon="-79.578432">
        <time>2026-08-25T10:32:59Z</time>
      </trkpt>
      <trkpt lat="8.997977" lon="-79.578441">
        <time>2026-08-25T10:33:00Z</time>
      </trkpt>
      <trkpt lat="8.997950" lon="-79.578453">
        <time>2026-08-25T10:33:01Z</time>
      </trkpt>
      <trkpt lat="8.997925" lon="-79.578472">
        <time>2026-08-25T10:33:02Z</time>
      </trkpt>
      <trkpt lat="8.997907" lon="-79.578497">
        <time>2026-08-25T10:33:03Z</time>
      </trkpt>
      <trkpt lat="8.997894" lon="-79.578527">
        <time>2026-08-25T10:33:04Z</time>
      </trkpt>
      <trkpt lat="8.997883" lon="-79.578559">
        <time>2026-08-25T10:33:05Z</time>
      </trkpt>
      <trkpt lat="8.997876" lon="-79.578596">
        <time>2026-08-25T10:33:06Z</time>
      </trkpt>
      <trkpt lat="8.997875" lon="-79.578631">
        <time>2026-08-25T10:33:07Z</time>
      </trkpt>
      <trkpt lat="8.997873" lon="-79.578662">
        <time>2026-08-25T10:33:08Z</time>
      </trkpt>
      <trkpt lat="8.997872" lon="-79.578696">
        <time>2026-08-25T10:33:09Z</time>
      </trkpt>
      <trkpt lat="8.997873" lon="-79.578726">
        <time>2026-08-25T10:33:10Z</time>
      </trkpt>
      <trkpt lat="8.997873" lon="-79.578756">
        <time>2026-08-25T10:33:11Z</time>
      </trkpt>
      <trkpt lat="8.997876" lon="-79.578787">
        <time>2026-08-25T10:33:12Z</time>
      </trkpt>
      <trkpt lat="8.997878" lon="-79.578814">
        <time>2026-08-25T10:33:13Z</time>
      </trkpt>
      <trkpt lat="8.997881" lon="-79.578848">
        <time>2026-08-25T10:33:14Z</time>
      </trkpt>
      <trkpt lat="8.997886" lon="-79.578878">
        <time>2026-08-25T10:33:15Z</time>
      </trkpt>
      <trkpt lat="8.997893" lon="-79.578906">
        <time>2026-08-25T10:33:16Z</time>
      </trkpt>
      <trkpt lat="8.997900" lon="-79.578937">
        <time>2026-08-25T10:33:17Z</time>
      </trkpt>
      <trkpt lat="8.997904" lon="-79.578964">
        <time>2026-08-25T10:33:18Z</time>
      </trkpt>
      <trkpt lat="8.997909" lon="-79.578991">
        <time>2026-08-25T10:33:19Z</time>
      </trkpt>
      <trkpt lat="8.997914" lon="-79.579019">
        <time>2026-08-25T10:33:20Z</time>
      </trkpt>
      <trkpt lat="8.997916" lon="-79.579046">
        <time>2026-08-25T10:33:21Z</time>
      </trkpt>
      <trkpt lat="8.997922" lon="-79.579074">
        <time>2026-08-25T10:33:22Z</time>
      </trkpt>
      <trkpt lat="8.997927" lon="-79.579099">
        <time>2026-08-25T10:33:23Z</time>
      </trkpt>
      <trkpt lat="8.997933" lon="-79.579125">
        <time>2026-08-25T10:33:24Z</time>
      </trkpt>
      <trkpt lat="8.997943" lon="-79.579152">
        <time>2026-08-25T10:33:25Z</time>
      </trkpt>
      <trkpt lat="8.997951" lon="-79.579178">
        <time>2026-08-25T10:33:26Z</time>
      </trkpt>
      <trkpt lat="8.997965" lon="-79.579203">
        <time>2026-08-25T10:33:27Z</time>
      </trkpt>
      <trkpt lat="8.997978" lon="-79.579227">
        <time>2026-08-25T10:33:28Z</time>
      </trkpt>
      <trkpt lat="8.997990" lon="-79.579248">
        <time>2026-08-25T10:33:29Z</time>
      </trkpt>
      <trkpt lat="8.998006" lon="-79.579270">
        <time>2026-08-25T10:33:30Z</time>
      </trkpt>
      <trkpt lat="8.998022" lon="-79.579295">
        <time>2026-08-25T10:33:31Z</time>
      </trkpt>
      <trkpt lat="8.998034" lon="-79.579320">
        <time>2026-08-25T10:33:32Z</time>
      </trkpt>
      <trkpt lat="8.998046" lon="-79.579345">
        <time>2026-08-25T10:33:33Z</time>
      </trkpt>
      <trkpt lat="8.998067" lon="-79.579366">
        <time>2026-08-25T10:33:34Z</time>
      </trkpt>
      <trkpt lat="8.998082" lon="-79.579389">
        <time>2026-08-25T10:33:35Z</time>
      </trkpt>
      <trkpt lat="8.998099" lon="-79.579412">
        <time>2026-08-25T10:33:36Z</time>
      </trkpt>
      <trkpt lat="8.998115" lon="-79.579432">
        <time>2026-08-25T10:33:37Z</time>
      </trkpt>
      <trkpt lat="8.998130" lon="-79.579450">
        <time>2026-08-25T10:33:38Z</time>
      </trkpt>
      <trkpt lat="8.998154" lon="-79.579477">
        <time>2026-08-25T10:33:39Z</time>
      </trkpt>
      <trkpt lat="8.998173" lon="-79.579502">
        <time>2026-08-25T10:33:40Z</time>
      </trkpt>
      <trkpt lat="8.998194" lon="-79.579524">
        <time>2026-08-25T10:33:41Z</time>
      </trkpt>
      <trkpt lat="8.998213" lon="-79.579547">
        <time>2026-08-25T10:33:42Z</time>
      </trkpt>
      <trkpt lat="8.998234" lon="-79.579567">
        <time>2026-08-25T10:33:43Z</time>
      </trkpt>
      <trkpt lat="8.998262" lon="-79.579581">
        <time>2026-08-25T10:33:44Z</time>
      </trkpt>
      <trkpt lat="8.998295" lon="-79.579582">
        <time>2026-08-25T10:33:45Z</time>
      </trkpt>
      <trkpt lat="8.998327" lon="-79.579582">
        <time>2026-08-25T10:33:46Z</time>
      </trkpt>
      <trkpt lat="8.998361" lon="-79.579580">
        <time>2026-08-25T10:33:47Z</time>
      </trkpt>
      <trkpt lat="8.998398" lon="-79.579572">
        <time>2026-08-25T10:33:48Z</time>
      </trkpt>
      <trkpt lat="8.998434" lon="-79.579567">
        <time>2026-08-25T10:33:49Z</time>
      </trkpt>
      <trkpt lat="8.998470" lon="-79.579554">
        <time>2026-08-25T10:33:50Z</time>
      </trkpt>
      <trkpt lat="8.998501" lon="-79.579539">
        <time>2026-08-25T10:33:51Z</time>
      </trkpt>
      <trkpt lat="8.998536" lon="-79.579519">
        <time>2026-08-25T10:33:52Z</time>
      </trkpt>
      <trkpt lat="8.998565" lon="-79.579500">
        <time>2026-08-25T10:33:53Z</time>
      </trkpt>
      <trkpt lat="8.998589" lon="-79.579479">
        <time>2026-08-25T10:33:54Z</time>
      </trkpt>
      <trkpt lat="8.998609" lon="-79.579454">
        <time>2026-08-25T10:33:55Z</time>
      </trkpt>
      <trkpt lat="8.998624" lon="-79.579431">
        <time>2026-08-25T10:33:56Z</time>
      </trkpt>
      <trkpt lat="8.998640" lon="-79.579404">
        <time>2026-08-25T10:33:57Z</time>
      </trkpt>
      <trkpt lat="8.998651" lon="-79.579378">
        <time>2026-08-25T10:33:58Z</time>
      </trkpt>
      <trkpt lat="8.998661" lon="-79.579354">
        <time>2026-08-25T10:33:59Z</time>
      </trkpt>
      <trkpt lat="8.998676" lon="-79.579327">
        <time>2026-08-25T10:34:00Z</time>
      </trkpt>
      <trkpt lat="8.998690" lon="-79.579308">
        <time>2026-08-25T10:34:01Z</time>
      </trkpt>
      <trkpt lat="8.998709" lon="-79.579288">
        <time>2026-08-25T10:34:02Z</time>
      </trkpt>
      <trkpt lat="8.998728" lon="-79.579267">
        <time>2026-08-25T10:34:03Z</time>
      </trkpt>
      <trkpt lat="8.998746" lon="-79.579250">
        <time>2026-08-25T10:34:04Z</time>
      </trkpt>
      <trkpt lat="8.998762" lon="-79.579235">
        <time>2026-08-25T10:34:05Z</time>
      </trkpt>
      <trkpt lat="8.998780" lon="-79.579220">
        <time>2026-08-25T10:34:06Z</time>
      </trkpt>
      <trkpt lat="8.998799" lon="-79.579216">
        <time>2026-08-25T10:34:07Z</time>
      </trkpt>
      <trkpt lat="8.998818" lon="-79.579225">
        <time>2026-08-25T10:34:08Z</time>
      </trkpt>
      <trkpt lat="8.998835" lon="-79.579236">
        <time>2026-08-25T10:34:09Z</time>
      </trkpt>
      <trkpt lat="8.998850" lon="-79.579249">
        <time>2026-08-25T10:34:10Z</time>
      </trkpt>
      <trkpt lat="8.998869" lon="-79.579262">
        <time>2026-08-25T10:34:11Z</time>
      </trkpt>
      <trkpt lat="8.998888" lon="-79.579274">
        <time>2026-08-25T10:34:12Z</time>
      </trkpt>
      <trkpt lat="8.998914" lon="-79.579279">
        <time>2026-08-25T10:34:13Z</time>
      </trkpt>
      <trkpt lat="8.998941" lon="-79.579274">
        <time>2026-08-25T10:34:14Z</time>
      </trkpt>
      <trkpt lat="8.998968" lon="-79.579269">
        <time>2026-08-25T10:34:15Z</time>
      </trkpt>
      <trkpt lat="8.998997" lon="-79.579261">
        <time>2026-08-25T10:34:16Z</time>
      </trkpt>
      <trkpt lat="8.999021" lon="-79.579256">
        <time>2026-08-25T10:34:17Z</time>
      </trkpt>
      <trkpt lat="8.999049" lon="-79.579250">
        <time>2026-08-25T10:34:18Z</time>
      </trkpt>
      <trkpt lat="8.999076" lon="-79.579241">
        <time>2026-08-25T10:34:19Z</time>
      </trkpt>
      <trkpt lat="8.999102" lon="-79.579235">
        <time>2026-08-25T10:34:20Z</time>
      </trkpt>
      <trkpt lat="8.999128" lon="-79.579228">
        <time>2026-08-25T10:34:21Z</time>
      </trkpt>
      <trkpt lat="8.999153" lon="-79.579223">
        <time>2026-08-25T10:34:22Z</time>
      </trkpt>
      <trkpt lat="8.999178" lon="-79.579220">
        <time>2026-08-25T10:34:23Z</time>
      </trkpt>
      <trkpt lat="8.999202" lon="-79.579215">
        <time>2026-08-25T10:34:24Z</time>
      </trkpt>
      <trkpt lat="8.999222" lon="-79.579211">
        <time>2026-08-25T10:34:25Z</time>
      </trkpt>
      <trkpt lat="8.999240" lon="-79.579208">
        <time>2026-08-25T10:34:26Z</time>
      </trkpt>
      <trkpt lat="8.999251" lon="-79.579207">
        <time>2026-08-25T10:34:27Z</time>
      </trkpt>
      <trkpt lat="8.999262" lon="-79.579210">
        <time>2026-08-25T10:34:28Z</time>
      </trkpt>
      <trkpt lat="8.999276" lon="-79.579212">
        <time>2026-08-25T10:34:29Z</time>
      </trkpt>
      <trkpt lat="8.999291" lon="-79.579212">
        <time>2026-08-25T10:34:30Z</time>
      </trkpt>
      <trkpt lat="8.999307" lon="-79.579213">
        <time>2026-08-25T10:34:31Z</time>
      </trkpt>
      <trkpt lat="8.999322" lon="-79.579212">
        <time>2026-08-25T10:34:32Z</time>
      </trkpt>
      <trkpt lat="8.999338" lon="-79.579216">
        <time>2026-08-25T10:34:33Z</time>
      </trkpt>
      <trkpt lat="8.999350" lon="-79.579216">
        <time>2026-08-25T10:34:34Z</time>
      </trkpt>
      <trkpt lat="8.999360" lon="-79.579214">
        <time>2026-08-25T10:34:35Z</time>
      </trkpt>
      <trkpt lat="8.999373" lon="-79.579214">
        <time>2026-08-25T10:34:36Z</time>
      </trkpt>
      <trkpt lat="8.999386" lon="-79.579211">
        <time>2026-08-25T10:34:37Z</time>
      </trkpt>
      <trkpt lat="8.999400" lon="-79.579211">
        <time>2026-08-25T10:34:38Z</time>
      </trkpt>
      <trkpt lat="8.999413" lon="-79.579209">
        <time>2026-08-25T10:34:39Z</time>
      </trkpt>
      <trkpt lat="8.999427" lon="-79.579208">
        <time>2026-08-25T10:34:40Z</time>
      </trkpt>
      <trkpt lat="8.999442" lon="-79.579205">
        <time>2026-08-25T10:34:41Z</time>
      </trkpt>
      <trkpt lat="8.999457" lon="-79.579202">
        <time>2026-08-25T10:34:42Z</time>
      </trkpt>
      <trkpt lat="8.999470" lon="-79.579199">
        <time>2026-08-25T10:34:43Z</time>
      </trkpt>
      <trkpt lat="8.999482" lon="-79.579195">
        <time>2026-08-25T10:34:44Z</time>
      </trkpt>
      <trkpt lat="8.999492" lon="-79.579192">
        <time>2026-08-25T10:34:45Z</time>
      </trkpt>
      <trkpt lat="8.999502" lon="-79.579189">
        <time>2026-08-25T10:34:46Z</time>
      </trkpt>
      <trkpt lat="8.999512" lon="-79.579186">
        <time>2026-08-25T10:34:47Z</time>
      </trkpt>
      <trkpt lat="8.999525" lon="-79.579186">
        <time>2026-08-25T10:34:48Z</time>
      </trkpt>
      <trkpt lat="8.999538" lon="-79.579186">
        <time>2026-08-25T10:34:49Z</time>
      </trkpt>
      <trkpt lat="8.999552" lon="-79.579184">
        <time>2026-08-25T10:34:50Z</time>
      </trkpt>
      <trkpt lat="8.999567" lon="-79.579185">
        <time>2026-08-25T10:34:51Z</time>
      </trkpt>
      <trkpt lat="8.999580" lon="-79.579185">
        <time>2026-08-25T10:34:52Z</time>
      </trkpt>
      <trkpt lat="8.999594" lon="-79.579185">
        <time>2026-08-25T10:34:53Z</time>
      </trkpt>
      <trkpt lat="8.999605" lon="-79.579185">
        <time>2026-08-25T10:34:54Z</time>
      </trkpt>
      <trkpt lat="8.999617" lon="-79.579187">
        <time>2026-08-25T10:34:55Z</time>
      </trkpt>
      <trkpt lat="8.999630" lon="-79.579189">
        <time>2026-08-25T10:34:56Z</time>
      </trkpt>
      <trkpt lat="8.999644" lon="-79.579194">
        <time>2026-08-25T10:34:57Z</time>
      </trkpt>
      <trkpt lat="8.999657" lon="-79.579198">
        <time>2026-08-25T10:34:58Z</time>
      </trkpt>
      <trkpt lat="8.999671" lon="-79.579204">
        <time>2026-08-25T10:34:59Z</time>
      </trkpt>
      <trkpt lat="8.999687" lon="-79.579211">
        <time>2026-08-25T10:35:00Z</time>
      </trkpt>
      <trkpt lat="8.999700" lon="-79.579218">
        <time>2026-08-25T10:35:01Z</time>
      </trkpt>
      <trkpt lat="8.999714" lon="-79.579223">
        <time>2026-08-25T10:35:02Z</time>
      </trkpt>
      <trkpt lat="8.999725" lon="-79.579229">
        <time>2026-08-25T10:35:03Z</time>
      </trkpt>
      <trkpt lat="8.999733" lon="-79.579235">
        <time>2026-08-25T10:35:04Z</time>
      </trkpt>
      <trkpt lat="8.999742" lon="-79.579241">
        <time>2026-08-25T10:35:05Z</time>
      </trkpt>
      <trkpt lat="8.999751" lon="-79.579246">
        <time>2026-08-25T10:35:06Z</time>
      </trkpt>
      <trkpt lat="8.999761" lon="-79.579254">
        <time>2026-08-25T10:35:07Z</time>
      </trkpt>
      <trkpt lat="8.999772" lon="-79.579261">
        <time>2026-08-25T10:35:08Z</time>
      </trkpt>
      <trkpt lat="8.999785" lon="-79.579269">
        <time>2026-08-25T10:35:09Z</time>
      </trkpt>
      <trkpt lat="8.999797" lon="-79.579276">
        <time>2026-08-25T10:35:10Z</time>
      </trkpt>
      <trkpt lat="8.999809" lon="-79.579282">
        <time>2026-08-25T10:35:11Z</time>
      </trkpt>
      <trkpt lat="8.999823" lon="-79.579289">
        <time>2026-08-25T10:35:12Z</time>
      </trkpt>
      <trkpt lat="8.999837" lon="-79.579295">
        <time>2026-08-25T10:35:13Z</time>
      </trkpt>
      <trkpt lat="8.999850" lon="-79.579298">
        <time>2026-08-25T10:35:14Z</time>
      </trkpt>
      <trkpt lat="8.999865" lon="-79.579297">
        <time>2026-08-25T10:35:15Z</time>
      </trkpt>
      <trkpt lat="8.999877" lon="-79.579295">
        <time>2026-08-25T10:35:16Z</time>
      </trkpt>
      <trkpt lat="8.999890" lon="-79.579291">
        <time>2026-08-25T10:35:17Z</time>
      </trkpt>
      <trkpt lat="8.999904" lon="-79.579289">
        <time>2026-08-25T10:35:18Z</time>
      </trkpt>
      <trkpt lat="8.999917" lon="-79.579287">
        <time>2026-08-25T10:35:19Z</time>
      </trkpt>
      <trkpt lat="8.999931" lon="-79.579285">
        <time>2026-08-25T10:35:20Z</time>
      </trkpt>
      <trkpt lat="8.999944" lon="-79.579282">
        <time>2026-08-25T10:35:21Z</time>
      </trkpt>
      <trkpt lat="8.999957" lon="-79.579279">
        <time>2026-08-25T10:35:22Z</time>
      </trkpt>
      <trkpt lat="8.999971" lon="-79.579277">
        <time>2026-08-25T10:35:23Z</time>
      </trkpt>
      <trkpt lat="8.999988" lon="-79.579276">
        <time>2026-08-25T10:35:24Z</time>
      </trkpt>
      <trkpt lat="9.000004" lon="-79.579275">
        <time>2026-08-25T10:35:25Z</time>
      </trkpt>
      <trkpt lat="9.000019" lon="-79.579275">
        <time>2026-08-25T10:35:26Z</time>
      </trkpt>
      <trkpt lat="9.000031" lon="-79.579272">
        <time>2026-08-25T10:35:27Z</time>
      </trkpt>
      <trkpt lat="9.000042" lon="-79.579271">
        <time>2026-08-25T10:35:28Z</time>
      </trkpt>
      <trkpt lat="9.000053" lon="-79.579271">
        <time>2026-08-25T10:35:29Z</time>
      </trkpt>
      <trkpt lat="9.000063" lon="-79.579269">
        <time>2026-08-25T10:35:30Z</time>
      </trkpt>
      <trkpt lat="9.000075" lon="-79.579269">
        <time>2026-08-25T10:35:31Z</time>
      </trkpt>
      <trkpt lat="9.000089" lon="-79.579267">
        <time>2026-08-25T10:35:32Z</time>
      </trkpt>
      <trkpt lat="9.000103" lon="-79.579265">
        <time>2026-08-25T10:35:33Z</time>
      </trkpt>
      <trkpt lat="9.000119" lon="-79.579264">
        <time>2026-08-25T10:35:34Z</time>
      </trkpt>
      <trkpt lat="9.000138" lon="-79.579265">
        <time>2026-08-25T10:35:35Z</time>
      </trkpt>
      <trkpt lat="9.000154" lon="-79.579263">
        <time>2026-08-25T10:35:36Z</time>
      </trkpt>
      <trkpt lat="9.000169" lon="-79.579261">
        <time>2026-08-25T10:35:37Z</time>
      </trkpt>
      <trkpt lat="9.000183" lon="-79.579260">
        <time>2026-08-25T10:35:38Z</time>
      </trkpt>
      <trkpt lat="9.000198" lon="-79.579258">
        <time>2026-08-25T10:35:39Z</time>
      </trkpt>
      <trkpt lat="9.000213" lon="-79.579258">
        <time>2026-08-25T10:35:40Z</time>
      </trkpt>
      <trkpt lat="9.000226" lon="-79.579260">
        <time>2026-08-25T10:35:41Z</time>
      </trkpt>
      <trkpt lat="9.000234" lon="-79.579263">
        <time>2026-08-25T10:35:42Z</time>
      </trkpt>
      <trkpt lat="9.000241" lon="-79.579272">
        <time>2026-08-25T10:35:43Z</time>
      </trkpt>
      <trkpt lat="9.000248" lon="-79.579285">
        <time>2026-08-25T10:35:44Z</time>
      </trkpt>
      <trkpt lat="9.000253" lon="-79.579300">
        <time>2026-08-25T10:35:45Z</time>
      </trkpt>
      <trkpt lat="9.000256" lon="-79.579317">
        <time>2026-08-25T10:35:46Z</time>
      </trkpt>
      <trkpt lat="9.000257" lon="-79.579334">
        <time>2026-08-25T10:35:47Z</time>
      </trkpt>
      <trkpt lat="9.000258" lon="-79.579350">
        <time>2026-08-25T10:35:48Z</time>
      </trkpt>
      <trkpt lat="9.000260" lon="-79.579365">
        <time>2026-08-25T10:35:49Z</time>
      </trkpt>
      <trkpt lat="9.000259" lon="-79.579379">
        <time>2026-08-25T10:35:50Z</time>
      </trkpt>
      <trkpt lat="9.000261" lon="-79.579393">
        <time>2026-08-25T10:35:51Z</time>
      </trkpt>
      <trkpt lat="9.000260" lon="-79.579408">
        <time>2026-08-25T10:35:52Z</time>
      </trkpt>
      <trkpt lat="9.000261" lon="-79.579422">
        <time>2026-08-25T10:35:53Z</time>
      </trkpt>
      <trkpt lat="9.000262" lon="-79.579437">
        <time>2026-08-25T10:35:54Z</time>
      </trkpt>
      <trkpt lat="9.000265" lon="-79.579453">
        <time>2026-08-25T10:35:55Z</time>
      </trkpt>
      <trkpt lat="9.000266" lon="-79.579470">
        <time>2026-08-25T10:35:56Z</time>
      </trkpt>
      <trkpt lat="9.000267" lon="-79.579487">
        <time>2026-08-25T10:35:57Z</time>
      </trkpt>
      <trkpt lat="9.000269" lon="-79.579505">
        <time>2026-08-25T10:35:58Z</time>
      </trkpt>
      <trkpt lat="9.000270" lon="-79.579520">
        <time>2026-08-25T10:35:59Z</time>
      </trkpt>
      <trkpt lat="9.000271" lon="-79.579535">
        <time>2026-08-25T10:36:00Z</time>
      </trkpt>
      <trkpt lat="9.000272" lon="-79.579549">
        <time>2026-08-25T10:36:01Z</time>
      </trkpt>
      <trkpt lat="9.000271" lon="-79.579562">
        <time>2026-08-25T10:36:02Z</time>
      </trkpt>
      <trkpt lat="9.000271" lon="-79.579576">
        <time>2026-08-25T10:36:03Z</time>
      </trkpt>
      <trkpt lat="9.000272" lon="-79.579591">
        <time>2026-08-25T10:36:04Z</time>
      </trkpt>
      <trkpt lat="9.000272" lon="-79.579608">
        <time>2026-08-25T10:36:05Z</time>
      </trkpt>
      <trkpt lat="9.000272" lon="-79.579625">
        <time>2026-08-25T10:36:06Z</time>
      </trkpt>
      <trkpt lat="9.000275" lon="-79.579641">
        <time>2026-08-25T10:36:07Z</time>
      </trkpt>
      <trkpt lat="9.000275" lon="-79.579656">
        <time>2026-08-25T10:36:08Z</time>
      </trkpt>
      <trkpt lat="9.000275" lon="-79.579670">
        <time>2026-08-25T10:36:09Z</time>
      </trkpt>
      <trkpt lat="9.000276" lon="-79.579686">
        <time>2026-08-25T10:36:10Z</time>
      </trkpt>
      <trkpt lat="9.000278" lon="-79.579704">
        <time>2026-08-25T10:36:11Z</time>
      </trkpt>
      <trkpt lat="9.000280" lon="-79.579722">
        <time>2026-08-25T10:36:12Z</time>
      </trkpt>
      <trkpt lat="9.000282" lon="-79.579735">
        <time>2026-08-25T10:36:13Z</time>
      </trkpt>
      <trkpt lat="9.000283" lon="-79.579751">
        <time>2026-08-25T10:36:14Z</time>
      </trkpt>
      <trkpt lat="9.000286" lon="-79.579768">
        <time>2026-08-25T10:36:15Z</time>
      </trkpt>
      <trkpt lat="9.000286" lon="-79.579786">
        <time>2026-08-25T10:36:16Z</time>
      </trkpt>
      <trkpt lat="9.000285" lon="-79.579803">
        <time>2026-08-25T10:36:17Z</time>
      </trkpt>
      <trkpt lat="9.000283" lon="-79.579819">
        <time>2026-08-25T10:36:18Z</time>
      </trkpt>
      <trkpt lat="9.000281" lon="-79.579837">
        <time>2026-08-25T10:36:19Z</time>
      </trkpt>
      <trkpt lat="9.000279" lon="-79.579852">
        <time>2026-08-25T10:36:20Z</time>
      </trkpt>
      <trkpt lat="9.000277" lon="-79.579871">
        <time>2026-08-25T10:36:21Z</time>
      </trkpt>
      <trkpt lat="9.000279" lon="-79.579896">
        <time>2026-08-25T10:36:22Z</time>
      </trkpt>
      <trkpt lat="9.000280" lon="-79.579917">
        <time>2026-08-25T10:36:23Z</time>
      </trkpt>
      <trkpt lat="9.000281" lon="-79.579945">
        <time>2026-08-25T10:36:24Z</time>
      </trkpt>
      <trkpt lat="9.000282" lon="-79.579972">
        <time>2026-08-25T10:36:25Z</time>
      </trkpt>
      <trkpt lat="9.000283" lon="-79.580001">
        <time>2026-08-25T10:36:26Z</time>
      </trkpt>
      <trkpt lat="9.000285" lon="-79.580030">
        <time>2026-08-25T10:36:27Z</time>
      </trkpt>
      <trkpt lat="9.000287" lon="-79.580060">
        <time>2026-08-25T10:36:28Z</time>
      </trkpt>
      <trkpt lat="9.000291" lon="-79.580089">
        <time>2026-08-25T10:36:29Z</time>
      </trkpt>
      <trkpt lat="9.000301" lon="-79.580119">
        <time>2026-08-25T10:36:30Z</time>
      </trkpt>
      <trkpt lat="9.000311" lon="-79.580146">
        <time>2026-08-25T10:36:31Z</time>
      </trkpt>
      <trkpt lat="9.000325" lon="-79.580173">
        <time>2026-08-25T10:36:32Z</time>
      </trkpt>
      <trkpt lat="9.000348" lon="-79.580198">
        <time>2026-08-25T10:36:33Z</time>
      </trkpt>
      <trkpt lat="9.000372" lon="-79.580215">
        <time>2026-08-25T10:36:34Z</time>
      </trkpt>
      <trkpt lat="9.000404" lon="-79.580221">
        <time>2026-08-25T10:36:35Z</time>
      </trkpt>
      <trkpt lat="9.000435" lon="-79.580224">
        <time>2026-08-25T10:36:36Z</time>
      </trkpt>
      <trkpt lat="9.000466" lon="-79.580225">
        <time>2026-08-25T10:36:37Z</time>
      </trkpt>
      <trkpt lat="9.000498" lon="-79.580218">
        <time>2026-08-25T10:36:38Z</time>
      </trkpt>
      <trkpt lat="9.000530" lon="-79.580208">
        <time>2026-08-25T10:36:39Z</time>
      </trkpt>
      <trkpt lat="9.000560" lon="-79.580196">
        <time>2026-08-25T10:36:40Z</time>
      </trkpt>
      <trkpt lat="9.000589" lon="-79.580186">
        <time>2026-08-25T10:36:41Z</time>
      </trkpt>
      <trkpt lat="9.000617" lon="-79.580178">
        <time>2026-08-25T10:36:42Z</time>
      </trkpt>
      <trkpt lat="9.000644" lon="-79.580169">
        <time>2026-08-25T10:36:43Z</time>
      </trkpt>
      <trkpt lat="9.000674" lon="-79.580162">
        <time>2026-08-25T10:36:44Z</time>
      </trkpt>
      <trkpt lat="9.000704" lon="-79.580153">
        <time>2026-08-25T10:36:45Z</time>
      </trkpt>
      <trkpt lat="9.000733" lon="-79.580145">
        <time>2026-08-25T10:36:46Z</time>
      </trkpt>
      <trkpt lat="9.000763" lon="-79.580139">
        <time>2026-08-25T10:36:47Z</time>
      </trkpt>
      <trkpt lat="9.000791" lon="-79.580131">
        <time>2026-08-25T10:36:48Z</time>
      </trkpt>
      <trkpt lat="9.000821" lon="-79.580123">
        <time>2026-08-25T10:36:49Z</time>
      </trkpt>
      <trkpt lat="9.000852" lon="-79.580116">
        <time>2026-08-25T10:36:50Z</time>
      </trkpt>
      <trkpt lat="9.000882" lon="-79.580105">
        <time>2026-08-25T10:36:51Z</time>
      </trkpt>
      <trkpt lat="9.000912" lon="-79.580095">
        <time>2026-08-25T10:36:52Z</time>
      </trkpt>
      <trkpt lat="9.000942" lon="-79.580082">
        <time>2026-08-25T10:36:53Z</time>
      </trkpt>
      <trkpt lat="9.000971" lon="-79.580064">
        <time>2026-08-25T10:36:54Z</time>
      </trkpt>
      <trkpt lat="9.000997" lon="-79.580045">
        <time>2026-08-25T10:36:55Z</time>
      </trkpt>
      <trkpt lat="9.001019" lon="-79.580020">
        <time>2026-08-25T10:36:56Z</time>
      </trkpt>
      <trkpt lat="9.001040" lon="-79.579994">
        <time>2026-08-25T10:36:57Z</time>
      </trkpt>
      <trkpt lat="9.001057" lon="-79.579962">
        <time>2026-08-25T10:36:58Z</time>
      </trkpt>
      <trkpt lat="9.001070" lon="-79.579932">
        <time>2026-08-25T10:36:59Z</time>
      </trkpt>
      <trkpt lat="9.001080" lon="-79.579901">
        <time>2026-08-25T10:37:00Z</time>
      </trkpt>
      <trkpt lat="9.001084" lon="-79.579869">
        <time>2026-08-25T10:37:01Z</time>
      </trkpt>
      <trkpt lat="9.001091" lon="-79.579838">
        <time>2026-08-25T10:37:02Z</time>
      </trkpt>
      <trkpt lat="9.001096" lon="-79.579812">
        <time>2026-08-25T10:37:03Z</time>
      </trkpt>
      <trkpt lat="9.001092" lon="-79.579779">
        <time>2026-08-25T10:37:04Z</time>
      </trkpt>
      <trkpt lat="9.001087" lon="-79.579743">
        <time>2026-08-25T10:37:05Z</time>
      </trkpt>
      <trkpt lat="9.001081" lon="-79.579711">
        <time>2026-08-25T10:37:06Z</time>
      </trkpt>
      <trkpt lat="9.001074" lon="-79.579683">
        <time>2026-08-25T10:37:07Z</time>
      </trkpt>
      <trkpt lat="9.001066" lon="-79.579653">
        <time>2026-08-25T10:37:08Z</time>
      </trkpt>
      <trkpt lat="9.001060" lon="-79.579625">
        <time>2026-08-25T10:37:09Z</time>
      </trkpt>
      <trkpt lat="9.001056" lon="-79.579598">
        <time>2026-08-25T10:37:10Z</time>
      </trkpt>
      <trkpt lat="9.001049" lon="-79.579568">
        <time>2026-08-25T10:37:11Z</time>
      </trkpt>
      <trkpt lat="9.001046" lon="-79.579540">
        <time>2026-08-25T10:37:12Z</time>
      </trkpt>
      <trkpt lat="9.001038" lon="-79.579512">
        <time>2026-08-25T10:37:13Z</time>
      </trkpt>
      <trkpt lat="9.001032" lon="-79.579487">
        <time>2026-08-25T10:37:14Z</time>
      </trkpt>
      <trkpt lat="9.001027" lon="-79.579463">
        <time>2026-08-25T10:37:15Z</time>
      </trkpt>
      <trkpt lat="9.001024" lon="-79.579433">
        <time>2026-08-25T10:37:16Z</time>
      </trkpt>
      <trkpt lat="9.001022" lon="-79.579408">
        <time>2026-08-25T10:37:17Z</time>
      </trkpt>
      <trkpt lat="9.001021" lon="-79.579384">
        <time>2026-08-25T10:37:18Z</time>
      </trkpt>
      <trkpt lat="9.001025" lon="-79.579357">
        <time>2026-08-25T10:37:19Z</time>
      </trkpt>
      <trkpt lat="9.001031" lon="-79.579332">
        <time>2026-08-25T10:37:20Z</time>
      </trkpt>
      <trkpt lat="9.001039" lon="-79.579305">
        <time>2026-08-25T10:37:21Z</time>
      </trkpt>
      <trkpt lat="9.001049" lon="-79.579284">
        <time>2026-08-25T10:37:22Z</time>
      </trkpt>
      <trkpt lat="9.001060" lon="-79.579262">
        <time>2026-08-25T10:37:23Z</time>
      </trkpt>
      <trkpt lat="9.001073" lon="-79.579239">
        <time>2026-08-25T10:37:24Z</time>
      </trkpt>
      <trkpt lat="9.001087" lon="-79.579220">
        <time>2026-08-25T10:37:25Z</time>
      </trkpt>
      <trkpt lat="9.001103" lon="-79.579200">
        <time>2026-08-25T10:37:26Z</time>
      </trkpt>
      <trkpt lat="9.001124" lon="-79.579186">
        <time>2026-08-25T10:37:27Z</time>
      </trkpt>
      <trkpt lat="9.001143" lon="-79.579173">
        <time>2026-08-25T10:37:28Z</time>
      </trkpt>
      <trkpt lat="9.001166" lon="-79.579159">
        <time>2026-08-25T10:37:29Z</time>
      </trkpt>
      <trkpt lat="9.001187" lon="-79.579146">
        <time>2026-08-25T10:37:30Z</time>
      </trkpt>
      <trkpt lat="9.001210" lon="-79.579133">
        <time>2026-08-25T10:37:31Z</time>
      </trkpt>
      <trkpt lat="9.001233" lon="-79.579120">
        <time>2026-08-25T10:37:32Z</time>
      </trkpt>
      <trkpt lat="9.001256" lon="-79.579109">
        <time>2026-08-25T10:37:33Z</time>
      </trkpt>
      <trkpt lat="9.001279" lon="-79.579099">
        <time>2026-08-25T10:37:34Z</time>
      </trkpt>
      <trkpt lat="9.001300" lon="-79.579090">
        <time>2026-08-25T10:37:35Z</time>
      </trkpt>
      <trkpt lat="9.001317" lon="-79.579082">
        <time>2026-08-25T10:37:36Z</time>
      </trkpt>
      <trkpt lat="9.001343" lon="-79.579076">
        <time>2026-08-25T10:37:37Z</time>
      </trkpt>
      <trkpt lat="9.001369" lon="-79.579076">
        <time>2026-08-25T10:37:38Z</time>
      </trkpt>
      <trkpt lat="9.001392" lon="-79.579078">
        <time>2026-08-25T10:37:39Z</time>
      </trkpt>
      <trkpt lat="9.001420" lon="-79.579080">
        <time>2026-08-25T10:37:40Z</time>
      </trkpt>
      <trkpt lat="9.001444" lon="-79.579084">
        <time>2026-08-25T10:37:41Z</time>
      </trkpt>
      <trkpt lat="9.001471" lon="-79.579089">
        <time>2026-08-25T10:37:42Z</time>
      </trkpt>
      <trkpt lat="9.001495" lon="-79.579099">
        <time>2026-08-25T10:37:43Z</time>
      </trkpt>
      <trkpt lat="9.001519" lon="-79.579108">
        <time>2026-08-25T10:37:44Z</time>
      </trkpt>
      <trkpt lat="9.001541" lon="-79.579118">
        <time>2026-08-25T10:37:45Z</time>
      </trkpt>
      <trkpt lat="9.001561" lon="-79.579134">
        <time>2026-08-25T10:37:46Z</time>
      </trkpt>
      <trkpt lat="9.001581" lon="-79.579151">
        <time>2026-08-25T10:37:47Z</time>
      </trkpt>
      <trkpt lat="9.001600" lon="-79.579169">
        <time>2026-08-25T10:37:48Z</time>
      </trkpt>
      <trkpt lat="9.001614" lon="-79.579189">
        <time>2026-08-25T10:37:49Z</time>
      </trkpt>
      <trkpt lat="9.001628" lon="-79.579213">
        <time>2026-08-25T10:37:50Z</time>
      </trkpt>
      <trkpt lat="9.001636" lon="-79.579235">
        <time>2026-08-25T10:37:51Z</time>
      </trkpt>
      <trkpt lat="9.001643" lon="-79.579256">
        <time>2026-08-25T10:37:52Z</time>
      </trkpt>
      <trkpt lat="9.001641" lon="-79.579281">
        <time>2026-08-25T10:37:53Z</time>
      </trkpt>
      <trkpt lat="9.001632" lon="-79.579302">
        <time>2026-08-25T10:37:54Z</time>
      </trkpt>
      <trkpt lat="9.001624" lon="-79.579327">
        <time>2026-08-25T10:37:55Z</time>
      </trkpt>
      <trkpt lat="9.001618" lon="-79.579352">
        <time>2026-08-25T10:37:56Z</time>
      </trkpt>
      <trkpt lat="9.001605" lon="-79.579377">
        <time>2026-08-25T10:37:57Z</time>
      </trkpt>
      <trkpt lat="9.001596" lon="-79.579406">
        <time>2026-08-25T10:37:58Z</time>
      </trkpt>
      <trkpt lat="9.001590" lon="-79.579432">
        <time>2026-08-25T10:37:59Z</time>
      </trkpt>
      <trkpt lat="9.001584" lon="-79.579460">
        <time>2026-08-25T10:38:00Z</time>
      </trkpt>
      <trkpt lat="9.001579" lon="-79.579493">
        <time>2026-08-25T10:38:01Z</time>
      </trkpt>
      <trkpt lat="9.001577" lon="-79.579526">
        <time>2026-08-25T10:38:02Z</time>
      </trkpt>
      <trkpt lat="9.001579" lon="-79.579558">
        <time>2026-08-25T10:38:03Z</time>
      </trkpt>
      <trkpt lat="9.001583" lon="-79.579589">
        <time>2026-08-25T10:38:04Z</time>
      </trkpt>
      <trkpt lat="9.001590" lon="-79.579622">
        <time>2026-08-25T10:38:05Z</time>
      </trkpt>
      <trkpt lat="9.001597" lon="-79.579655">
        <time>2026-08-25T10:38:06Z</time>
      </trkpt>
      <trkpt lat="9.001608" lon="-79.579683">
        <time>2026-08-25T10:38:07Z</time>
      </trkpt>
      <trkpt lat="9.001622" lon="-79.579713">
        <time>2026-08-25T10:38:08Z</time>
      </trkpt>
      <trkpt lat="9.001635" lon="-79.579741">
        <time>2026-08-25T10:38:09Z</time>
      </trkpt>
      <trkpt lat="9.001652" lon="-79.579769">
        <time>2026-08-25T10:38:10Z</time>
      </trkpt>
      <trkpt lat="9.001669" lon="-79.579793">
        <time>2026-08-25T10:38:11Z</time>
      </trkpt>
      <trkpt lat="9.001686" lon="-79.579819">
        <time>2026-08-25T10:38:12Z</time>
      </trkpt>
      <trkpt lat="9.001708" lon="-79.579845">
        <time>2026-08-25T10:38:13Z</time>
      </trkpt>
      <trkpt lat="9.001732" lon="-79.579863">
        <time>2026-08-25T10:38:14Z</time>
      </trkpt>
      <trkpt lat="9.001762" lon="-79.579873">
        <time>2026-08-25T10:38:15Z</time>
      </trkpt>
      <trkpt lat="9.001793" lon="-79.579877">
        <time>2026-08-25T10:38:16Z</time>
      </trkpt>
      <trkpt lat="9.001821" lon="-79.579876">
        <time>2026-08-25T10:38:17Z</time>
      </trkpt>
      <trkpt lat="9.001853" lon="-79.579871">
        <time>2026-08-25T10:38:18Z</time>
      </trkpt>
      <trkpt lat="9.001885" lon="-79.579864">
        <time>2026-08-25T10:38:19Z</time>
      </trkpt>
      <trkpt lat="9.001914" lon="-79.579855">
        <time>2026-08-25T10:38:20Z</time>
      </trkpt>
      <trkpt lat="9.001943" lon="-79.579847">
        <time>2026-08-25T10:38:21Z</time>
      </trkpt>
      <trkpt lat="9.001969" lon="-79.579839">
        <time>2026-08-25T10:38:22Z</time>
      </trkpt>
      <trkpt lat="9.001993" lon="-79.579827">
        <time>2026-08-25T10:38:23Z</time>
      </trkpt>
      <trkpt lat="9.002021" lon="-79.579818">
        <time>2026-08-25T10:38:24Z</time>
      </trkpt>
      <trkpt lat="9.002046" lon="-79.579813">
        <time>2026-08-25T10:38:25Z</time>
      </trkpt>
      <trkpt lat="9.002073" lon="-79.579808">
        <time>2026-08-25T10:38:26Z</time>
      </trkpt>
      <trkpt lat="9.002101" lon="-79.579804">
        <time>2026-08-25T10:38:27Z</time>
      </trkpt>
      <trkpt lat="9.002129" lon="-79.579800">
        <time>2026-08-25T10:38:28Z</time>
      </trkpt>
      <trkpt lat="9.002158" lon="-79.579798">
        <time>2026-08-25T10:38:29Z</time>
      </trkpt>
      <trkpt lat="9.002182" lon="-79.579797">
        <time>2026-08-25T10:38:30Z</time>
      </trkpt>
      <trkpt lat="9.002208" lon="-79.579797">
        <time>2026-08-25T10:38:31Z</time>
      </trkpt>
      <trkpt lat="9.002234" lon="-79.579801">
        <time>2026-08-25T10:38:32Z</time>
      </trkpt>
      <trkpt lat="9.002260" lon="-79.579808">
        <time>2026-08-25T10:38:33Z</time>
      </trkpt>
      <trkpt lat="9.002287" lon="-79.579817">
        <time>2026-08-25T10:38:34Z</time>
      </trkpt>
      <trkpt lat="9.002312" lon="-79.579827">
        <time>2026-08-25T10:38:35Z</time>
      </trkpt>
      <trkpt lat="9.002338" lon="-79.579836">
        <time>2026-08-25T10:38:36Z</time>
      </trkpt>
      <trkpt lat="9.002364" lon="-79.579845">
        <time>2026-08-25T10:38:37Z</time>
      </trkpt>
      <trkpt lat="9.002388" lon="-79.579851">
        <time>2026-08-25T10:38:38Z</time>
      </trkpt>
      <trkpt lat="9.002416" lon="-79.579855">
        <time>2026-08-25T10:38:39Z</time>
      </trkpt>
      <trkpt lat="9.002446" lon="-79.579852">
        <time>2026-08-25T10:38:40Z</time>
      </trkpt>
      <trkpt lat="9.002475" lon="-79.579849">
        <time>2026-08-25T10:38:41Z</time>
      </trkpt>
      <trkpt lat="9.002505" lon="-79.579844">
        <time>2026-08-25T10:38:42Z</time>
      </trkpt>
      <trkpt lat="9.002534" lon="-79.579837">
        <time>2026-08-25T10:38:43Z</time>
      </trkpt>
      <trkpt lat="9.002561" lon="-79.579830">
        <time>2026-08-25T10:38:44Z</time>
      </trkpt>
      <trkpt lat="9.002589" lon="-79.579825">
        <time>2026-08-25T10:38:45Z</time>
      </trkpt>
      <trkpt lat="9.002619" lon="-79.579818">
        <time>2026-08-25T10:38:46Z</time>
      </trkpt>
      <trkpt lat="9.002650" lon="-79.579807">
        <time>2026-08-25T10:38:47Z</time>
      </trkpt>
      <trkpt lat="9.002678" lon="-79.579789">
        <time>2026-08-25T10:38:48Z</time>
      </trkpt>
      <trkpt lat="9.002703" lon="-79.579765">
        <time>2026-08-25T10:38:49Z</time>
      </trkpt>
      <trkpt lat="9.002725" lon="-79.579740">
        <time>2026-08-25T10:38:50Z</time>
      </trkpt>
      <trkpt lat="9.002741" lon="-79.579719">
        <time>2026-08-25T10:38:51Z</time>
      </trkpt>
      <trkpt lat="9.002759" lon="-79.579693">
        <time>2026-08-25T10:38:52Z</time>
      </trkpt>
      <trkpt lat="9.002775" lon="-79.579673">
        <time>2026-08-25T10:38:53Z</time>
      </trkpt>
      <trkpt lat="9.002790" lon="-79.579649">
        <time>2026-08-25T10:38:54Z</time>
      </trkpt>
      <trkpt lat="9.002807" lon="-79.579625">
        <time>2026-08-25T10:38:55Z</time>
      </trkpt>
      <trkpt lat="9.002820" lon="-79.579601">
        <time>2026-08-25T10:38:56Z</time>
      </trkpt>
      <trkpt lat="9.002835" lon="-79.579576">
        <time>2026-08-25T10:38:57Z</time>
      </trkpt>
      <trkpt lat="9.002851" lon="-79.579554">
        <time>2026-08-25T10:38:58Z</time>
      </trkpt>
      <trkpt lat="9.002861" lon="-79.579531">
        <time>2026-08-25T10:38:59Z</time>
      </trkpt>
      <trkpt lat="9.002874" lon="-79.579508">
        <time>2026-08-25T10:39:00Z</time>
      </trkpt>
      <trkpt lat="9.002885" lon="-79.579486">
        <time>2026-08-25T10:39:01Z</time>
      </trkpt>
      <trkpt lat="9.002895" lon="-79.579460">
        <time>2026-08-25T10:39:02Z</time>
      </trkpt>
      <trkpt lat="9.002904" lon="-79.579434">
        <time>2026-08-25T10:39:03Z</time>
      </trkpt>
      <trkpt lat="9.002909" lon="-79.579409">
        <time>2026-08-25T10:39:04Z</time>
      </trkpt>
      <trkpt lat="9.002918" lon="-79.579380">
        <time>2026-08-25T10:39:05Z</time>
      </trkpt>
      <trkpt lat="9.002926" lon="-79.579356">
        <time>2026-08-25T10:39:06Z</time>
      </trkpt>
      <trkpt lat="9.002930" lon="-79.579328">
        <time>2026-08-25T10:39:07Z</time>
      </trkpt>
      <trkpt lat="9.002937" lon="-79.579302">
        <time>2026-08-25T10:39:08Z</time>
      </trkpt>
      <trkpt lat="9.002942" lon="-79.579279">
        <time>2026-08-25T10:39:09Z</time>
      </trkpt>
      <trkpt lat="9.002947" lon="-79.579250">
        <time>2026-08-25T10:39:10Z</time>
      </trkpt>
      <trkpt lat="9.002951" lon="-79.579226">
        <time>2026-08-25T10:39:11Z</time>
      </trkpt>
      <trkpt lat="9.002958" lon="-79.579197">
        <time>2026-08-25T10:39:12Z</time>
      </trkpt>
      <trkpt lat="9.002965" lon="-79.579166">
        <time>2026-08-25T10:39:13Z</time>
      </trkpt>
      <trkpt lat="9.002970" lon="-79.579138">
        <time>2026-08-25T10:39:14Z</time>
      </trkpt>
      <trkpt lat="9.002976" lon="-79.579108">
        <time>2026-08-25T10:39:15Z</time>
      </trkpt>
      <trkpt lat="9.002982" lon="-79.579081">
        <time>2026-08-25T10:39:16Z</time>
      </trkpt>
      <trkpt lat="9.002984" lon="-79.579055">
        <time>2026-08-25T10:39:17Z</time>
      </trkpt>
      <trkpt lat="9.002990" lon="-79.579024">
        <time>2026-08-25T10:39:18Z</time>
      </trkpt>
      <trkpt lat="9.002994" lon="-79.578996">
        <time>2026-08-25T10:39:19Z</time>
      </trkpt>
      <trkpt lat="9.002997" lon="-79.578965">
        <time>2026-08-25T10:39:20Z</time>
      </trkpt>
      <trkpt lat="9.003001" lon="-79.578936">
        <time>2026-08-25T10:39:21Z</time>
      </trkpt>
      <trkpt lat="9.003002" lon="-79.578903">
        <time>2026-08-25T10:39:22Z</time>
      </trkpt>
      <trkpt lat="9.003003" lon="-79.578875">
        <time>2026-08-25T10:39:23Z</time>
      </trkpt>
      <trkpt lat="9.002999" lon="-79.578847">
        <time>2026-08-25T10:39:24Z</time>
      </trkpt>
      <trkpt lat="9.002996" lon="-79.578819">
        <time>2026-08-25T10:39:25Z</time>
      </trkpt>
      <trkpt lat="9.002993" lon="-79.578793">
        <time>2026-08-25T10:39:26Z</time>
      </trkpt>
      <trkpt lat="9.002988" lon="-79.578762">
        <time>2026-08-25T10:39:27Z</time>
      </trkpt>
      <trkpt lat="9.002985" lon="-79.578736">
        <time>2026-08-25T10:39:28Z</time>
      </trkpt>
      <trkpt lat="9.002986" lon="-79.578709">
        <time>2026-08-25T10:39:29Z</time>
      </trkpt>
      <trkpt lat="9.002985" lon="-79.578679">
        <time>2026-08-25T10:39:30Z</time>
      </trkpt>
      <trkpt lat="9.002982" lon="-79.578652">
        <time>2026-08-25T10:39:31Z</time>
      </trkpt>
      <trkpt lat="9.002979" lon="-79.578625">
        <time>2026-08-25T10:39:32Z</time>
      </trkpt>
      <trkpt lat="9.002974" lon="-79.578594">
        <time>2026-08-25T10:39:33Z</time>
      </trkpt>
      <trkpt lat="9.002972" lon="-79.578565">
        <time>2026-08-25T10:39:34Z</time>
      </trkpt>
      <trkpt lat="9.002969" lon="-79.578536">
        <time>2026-08-25T10:39:35Z</time>
      </trkpt>
      <trkpt lat="9.002961" lon="-79.578510">
        <time>2026-08-25T10:39:36Z</time>
      </trkpt>
      <trkpt lat="9.002957" lon="-79.578482">
        <time>2026-08-25T10:39:37Z</time>
      </trkpt>
      <trkpt lat="9.002952" lon="-79.578456">
        <time>2026-08-25T10:39:38Z</time>
      </trkpt>
      <trkpt lat="9.002947" lon="-79.578430">
        <time>2026-08-25T10:39:39Z</time>
      </trkpt>
      <trkpt lat="9.002938" lon="-79.578401">
        <time>2026-08-25T10:39:40Z</time>
      </trkpt>
      <trkpt lat="9.002935" lon="-79.578373">
        <time>2026-08-25T10:39:41Z</time>
      </trkpt>
      <trkpt lat="9.002927" lon="-79.578342">
        <time>2026-08-25T10:39:42Z</time>
      </trkpt>
      <trkpt lat="9.002921" lon="-79.578316">
        <time>2026-08-25T10:39:43Z</time>
      </trkpt>
      <trkpt lat="9.002915" lon="-79.578286">
        <time>2026-08-25T10:39:44Z</time>
      </trkpt>
      <trkpt lat="9.002911" lon="-79.578259">
        <time>2026-08-25T10:39:45Z</time>
      </trkpt>
      <trkpt lat="9.002905" lon="-79.578232">
        <time>2026-08-25T10:39:46Z</time>
      </trkpt>
      <trkpt lat="9.002897" lon="-79.578203">
        <time>2026-08-25T10:39:47Z</time>
      </trkpt>
      <trkpt lat="9.002887" lon="-79.578178">
        <time>2026-08-25T10:39:48Z</time>
      </trkpt>
      <trkpt lat="9.002879" lon="-79.578152">
        <time>2026-08-25T10:39:49Z</time>
      </trkpt>
      <trkpt lat="9.002871" lon="-79.578127">
        <time>2026-08-25T10:39:50Z</time>
      </trkpt>
      <trkpt lat="9.002857" lon="-79.578103">
        <time>2026-08-25T10:39:51Z</time>
      </trkpt>
      <trkpt lat="9.002842" lon="-79.578076">
        <time>2026-08-25T10:39:52Z</time>
      </trkpt>
      <trkpt lat="9.002827" lon="-79.578049">
        <time>2026-08-25T10:39:53Z</time>
      </trkpt>
      <trkpt lat="9.002809" lon="-79.578022">
        <time>2026-08-25T10:39:54Z</time>
      </trkpt>
      <trkpt lat="9.002786" lon="-79.577996">
        <time>2026-08-25T10:39:55Z</time>
      </trkpt>
      <trkpt lat="9.002767" lon="-79.577972">
        <time>2026-08-25T10:39:56Z</time>
      </trkpt>
      <trkpt lat="9.002742" lon="-79.577947">
        <time>2026-08-25T10:39:57Z</time>
      </trkpt>
      <trkpt lat="9.002714" lon="-79.577927">
        <time>2026-08-25T10:39:58Z</time>
      </trkpt>
      <trkpt lat="9.002692" lon="-79.577905">
        <time>2026-08-25T10:39:59Z</time>
      </trkpt>
      <trkpt lat="9.002666" lon="-79.577884">
        <time>2026-08-25T10:40:00Z</time>
      </trkpt>
      <trkpt lat="9.002643" lon="-79.577866">
        <time>2026-08-25T10:40:01Z</time>
      </trkpt>
      <trkpt lat="9.002619" lon="-79.577846">
        <time>2026-08-25T10:40:02Z</time>
      </trkpt>
      <trkpt lat="9.002595" lon="-79.577826">
        <time>2026-08-25T10:40:03Z</time>
      </trkpt>
      <trkpt lat="9.002572" lon="-79.577807">
        <time>2026-08-25T10:40:04Z</time>
      </trkpt>
      <trkpt lat="9.002550" lon="-79.577788">
        <time>2026-08-25T10:40:05Z</time>
      </trkpt>
      <trkpt lat="9.002528" lon="-79.577769">
        <time>2026-08-25T10:40:06Z</time>
      </trkpt>
      <trkpt lat="9.002506" lon="-79.577750">
        <time>2026-08-25T10:40:07Z</time>
      </trkpt>
      <trkpt lat="9.002485" lon="-79.577733">
        <time>2026-08-25T10:40:08Z</time>
      </trkpt>
      <trkpt lat="9.002465" lon="-79.577715">
        <time>2026-08-25T10:40:09Z</time>
      </trkpt>
      <trkpt lat="9.002446" lon="-79.577697">
        <time>2026-08-25T10:40:10Z</time>
      </trkpt>
      <trkpt lat="9.002429" lon="-79.577679">
        <time>2026-08-25T10:40:11Z</time>
      </trkpt>
      <trkpt lat="9.002408" lon="-79.577662">
        <time>2026-08-25T10:40:12Z</time>
      </trkpt>
      <trkpt lat="9.002387" lon="-79.577642">
        <time>2026-08-25T10:40:13Z</time>
      </trkpt>
      <trkpt lat="9.002367" lon="-79.577625">
        <time>2026-08-25T10:40:14Z</time>
      </trkpt>
      <trkpt lat="9.002344" lon="-79.577607">
        <time>2026-08-25T10:40:15Z</time>
      </trkpt>
      <trkpt lat="9.002325" lon="-79.577591">
        <time>2026-08-25T10:40:16Z</time>
      </trkpt>
      <trkpt lat="9.002303" lon="-79.577573">
        <time>2026-08-25T10:40:17Z</time>
      </trkpt>
      <trkpt lat="9.002281" lon="-79.577555">
        <time>2026-08-25T10:40:18Z</time>
      </trkpt>
      <trkpt lat="9.002259" lon="-79.577535">
        <time>2026-08-25T10:40:19Z</time>
      </trkpt>
      <trkpt lat="9.002233" lon="-79.577520">
        <time>2026-08-25T10:40:20Z</time>
      </trkpt>
      <trkpt lat="9.002212" lon="-79.577507">
        <time>2026-08-25T10:40:21Z</time>
      </trkpt>
      <trkpt lat="9.002186" lon="-79.577490">
        <time>2026-08-25T10:40:22Z</time>
      </trkpt>
      <trkpt lat="9.002162" lon="-79.577472">
        <time>2026-08-25T10:40:23Z</time>
      </trkpt>
      <trkpt lat="9.002139" lon="-79.577459">
        <time>2026-08-25T10:40:24Z</time>
      </trkpt>
      <trkpt lat="9.002112" lon="-79.577445">
        <time>2026-08-25T10:40:25Z</time>
      </trkpt>
      <trkpt lat="9.002086" lon="-79.577430">
        <time>2026-08-25T10:40:26Z</time>
      </trkpt>
      <trkpt lat="9.002064" lon="-79.577415">
        <time>2026-08-25T10:40:27Z</time>
      </trkpt>
      <trkpt lat="9.002039" lon="-79.577400">
        <time>2026-08-25T10:40:28Z</time>
      </trkpt>
      <trkpt lat="9.002012" lon="-79.577384">
        <time>2026-08-25T10:40:29Z</time>
      </trkpt>
      <trkpt lat="9.001987" lon="-79.577366">
        <time>2026-08-25T10:40:30Z</time>
      </trkpt>
      <trkpt lat="9.001964" lon="-79.577349">
        <time>2026-08-25T10:40:31Z</time>
      </trkpt>
      <trkpt lat="9.001939" lon="-79.577335">
        <time>2026-08-25T10:40:32Z</time>
      </trkpt>
      <trkpt lat="9.001911" lon="-79.577315">
        <time>2026-08-25T10:40:33Z</time>
      </trkpt>
      <trkpt lat="9.001886" lon="-79.577298">
        <time>2026-08-25T10:40:34Z</time>
      </trkpt>
      <trkpt lat="9.001861" lon="-79.577284">
        <time>2026-08-25T10:40:35Z</time>
      </trkpt>
      <trkpt lat="9.001837" lon="-79.577269">
        <time>2026-08-25T10:40:36Z</time>
      </trkpt>
      <trkpt lat="9.001811" lon="-79.577253">
        <time>2026-08-25T10:40:37Z</time>
      </trkpt>
      <trkpt lat="9.001787" lon="-79.577238">
        <time>2026-08-25T10:40:38Z</time>
      </trkpt>
      <trkpt lat="9.001763" lon="-79.577228">
        <time>2026-08-25T10:40:39Z</time>
      </trkpt>
      <trkpt lat="9.001740" lon="-79.577217">
        <time>2026-08-25T10:40:40Z</time>
      </trkpt>
      <trkpt lat="9.001722" lon="-79.577208">
        <time>2026-08-25T10:40:41Z</time>
      </trkpt>
      <trkpt lat="9.001709" lon="-79.577200">
        <time>2026-08-25T10:40:42Z</time>
      </trkpt>
      <trkpt lat="9.001698" lon="-79.577196">
        <time>2026-08-25T10:40:43Z</time>
      </trkpt>
      <trkpt lat="9.001686" lon="-79.577189">
        <time>2026-08-25T10:40:44Z</time>
      </trkpt>
      <trkpt lat="9.001676" lon="-79.577183">
        <time>2026-08-25T10:40:45Z</time>
      </trkpt>
      <trkpt lat="9.001666" lon="-79.577176">
        <time>2026-08-25T10:40:46Z</time>
      </trkpt>
      <trkpt lat="9.001657" lon="-79.577170">
        <time>2026-08-25T10:40:47Z</time>
      </trkpt>
      <trkpt lat="9.001646" lon="-79.577163">
        <time>2026-08-25T10:40:48Z</time>
      </trkpt>
      <trkpt lat="9.001635" lon="-79.577154">
        <time>2026-08-25T10:40:49Z</time>
      </trkpt>
      <trkpt lat="9.001624" lon="-79.577145">
        <time>2026-08-25T10:40:50Z</time>
      </trkpt>
      <trkpt lat="9.001613" lon="-79.577138">
        <time>2026-08-25T10:40:51Z</time>
      </trkpt>
      <trkpt lat="9.001601" lon="-79.577134">
        <time>2026-08-25T10:40:52Z</time>
      </trkpt>
      <trkpt lat="9.001591" lon="-79.577128">
        <time>2026-08-25T10:40:53Z</time>
      </trkpt>
      <trkpt lat="9.001583" lon="-79.577123">
        <time>2026-08-25T10:40:54Z</time>
      </trkpt>
      <trkpt lat="9.001574" lon="-79.577119">
        <time>2026-08-25T10:40:55Z</time>
      </trkpt>
      <trkpt lat="9.001565" lon="-79.577111">
        <time>2026-08-25T10:40:56Z</time>
      </trkpt>
      <trkpt lat="9.001554" lon="-79.577104">
        <time>2026-08-25T10:40:57Z</time>
      </trkpt>
      <trkpt lat="9.001543" lon="-79.577100">
        <time>2026-08-25T10:40:58Z</time>
      </trkpt>
      <trkpt lat="9.001530" lon="-79.577095">
        <time>2026-08-25T10:40:59Z</time>
      </trkpt>
      <trkpt lat="9.001517" lon="-79.577089">
        <time>2026-08-25T10:41:00Z</time>
      </trkpt>
      <trkpt lat="9.001504" lon="-79.577078">
        <time>2026-08-25T10:41:01Z</time>
      </trkpt>
      <trkpt lat="9.001488" lon="-79.577075">
        <time>2026-08-25T10:41:02Z</time>
      </trkpt>
      <trkpt lat="9.001475" lon="-79.577068">
        <time>2026-08-25T10:41:03Z</time>
      </trkpt>
      <trkpt lat="9.001460" lon="-79.577061">
        <time>2026-08-25T10:41:04Z</time>
      </trkpt>
      <trkpt lat="9.001447" lon="-79.577056">
        <time>2026-08-25T10:41:05Z</time>
      </trkpt>
      <trkpt lat="9.001434" lon="-79.577049">
        <time>2026-08-25T10:41:06Z</time>
      </trkpt>
      <trkpt lat="9.001419" lon="-79.577041">
        <time>2026-08-25T10:41:07Z</time>
      </trkpt>
      <trkpt lat="9.001404" lon="-79.577037">
        <time>2026-08-25T10:41:08Z</time>
      </trkpt>
      <trkpt lat="9.001391" lon="-79.577033">
        <time>2026-08-25T10:41:09Z</time>
      </trkpt>
      <trkpt lat="9.001378" lon="-79.577028">
        <time>2026-08-25T10:41:10Z</time>
      </trkpt>
      <trkpt lat="9.001364" lon="-79.577024">
        <time>2026-08-25T10:41:11Z</time>
      </trkpt>
      <trkpt lat="9.001350" lon="-79.577018">
        <time>2026-08-25T10:41:12Z</time>
      </trkpt>
      <trkpt lat="9.001338" lon="-79.577014">
        <time>2026-08-25T10:41:13Z</time>
      </trkpt>
      <trkpt lat="9.001326" lon="-79.577009">
        <time>2026-08-25T10:41:14Z</time>
      </trkpt>
      <trkpt lat="9.001313" lon="-79.577004">
        <time>2026-08-25T10:41:15Z</time>
      </trkpt>
      <trkpt lat="9.001300" lon="-79.576999">
        <time>2026-08-25T10:41:16Z</time>
      </trkpt>
      <trkpt lat="9.001283" lon="-79.576995">
        <time>2026-08-25T10:41:17Z</time>
      </trkpt>
      <trkpt lat="9.001267" lon="-79.576992">
        <time>2026-08-25T10:41:18Z</time>
      </trkpt>
      <trkpt lat="9.001252" lon="-79.576987">
        <time>2026-08-25T10:41:19Z</time>
      </trkpt>
      <trkpt lat="9.001236" lon="-79.576984">
        <time>2026-08-25T10:41:20Z</time>
      </trkpt>
      <trkpt lat="9.001220" lon="-79.576983">
        <time>2026-08-25T10:41:21Z</time>
      </trkpt>
      <trkpt lat="9.001204" lon="-79.576979">
        <time>2026-08-25T10:41:22Z</time>
      </trkpt>
      <trkpt lat="9.001190" lon="-79.576972">
        <time>2026-08-25T10:41:23Z</time>
      </trkpt>
      <trkpt lat="9.001176" lon="-79.576969">
        <time>2026-08-25T10:41:24Z</time>
      </trkpt>
      <trkpt lat="9.001161" lon="-79.576967">
        <time>2026-08-25T10:41:25Z</time>
      </trkpt>
      <trkpt lat="9.001148" lon="-79.576965">
        <time>2026-08-25T10:41:26Z</time>
      </trkpt>
      <trkpt lat="9.001136" lon="-79.576960">
        <time>2026-08-25T10:41:27Z</time>
      </trkpt>
      <trkpt lat="9.001123" lon="-79.576956">
        <time>2026-08-25T10:41:28Z</time>
      </trkpt>
      <trkpt lat="9.001107" lon="-79.576953">
        <time>2026-08-25T10:41:29Z</time>
      </trkpt>
      <trkpt lat="9.001093" lon="-79.576953">
        <time>2026-08-25T10:41:30Z</time>
      </trkpt>
      <trkpt lat="9.001079" lon="-79.576951">
        <time>2026-08-25T10:41:31Z</time>
      </trkpt>
      <trkpt lat="9.001065" lon="-79.576949">
        <time>2026-08-25T10:41:32Z</time>
      </trkpt>
      <trkpt lat="9.001051" lon="-79.576947">
        <time>2026-08-25T10:41:33Z</time>
      </trkpt>
      <trkpt lat="9.001036" lon="-79.576944">
        <time>2026-08-25T10:41:34Z</time>
      </trkpt>
      <trkpt lat="9.001020" lon="-79.576941">
        <time>2026-08-25T10:41:35Z</time>
      </trkpt>
      <trkpt lat="9.001005" lon="-79.576941">
        <time>2026-08-25T10:41:36Z</time>
      </trkpt>
      <trkpt lat="9.000988" lon="-79.576940">
        <time>2026-08-25T10:41:37Z</time>
      </trkpt>
      <trkpt lat="9.000974" lon="-79.576937">
        <time>2026-08-25T10:41:38Z</time>
      </trkpt>
      <trkpt lat="9.000960" lon="-79.576936">
        <time>2026-08-25T10:41:39Z</time>
      </trkpt>
      <trkpt lat="9.000949" lon="-79.576935">
        <time>2026-08-25T10:41:40Z</time>
      </trkpt>
      <trkpt lat="9.000935" lon="-79.576935">
        <time>2026-08-25T10:41:41Z</time>
      </trkpt>
      <trkpt lat="9.000919" lon="-79.576936">
        <time>2026-08-25T10:41:42Z</time>
      </trkpt>
      <trkpt lat="9.000904" lon="-79.576937">
        <time>2026-08-25T10:41:43Z</time>
      </trkpt>
      <trkpt lat="9.000887" lon="-79.576937">
        <time>2026-08-25T10:41:44Z</time>
      </trkpt>
      <trkpt lat="9.000874" lon="-79.576936">
        <time>2026-08-25T10:41:45Z</time>
      </trkpt>
      <trkpt lat="9.000863" lon="-79.576932">
        <time>2026-08-25T10:41:46Z</time>
      </trkpt>
      <trkpt lat="9.000850" lon="-79.576931">
        <time>2026-08-25T10:41:47Z</time>
      </trkpt>
      <trkpt lat="9.000836" lon="-79.576932">
        <time>2026-08-25T10:41:48Z</time>
      </trkpt>
      <trkpt lat="9.000819" lon="-79.576933">
        <time>2026-08-25T10:41:49Z</time>
      </trkpt>
      <trkpt lat="9.000805" lon="-79.576934">
        <time>2026-08-25T10:41:50Z</time>
      </trkpt>
      <trkpt lat="9.000791" lon="-79.576936">
        <time>2026-08-25T10:41:51Z</time>
      </trkpt>
      <trkpt lat="9.000775" lon="-79.576940">
        <time>2026-08-25T10:41:52Z</time>
      </trkpt>
      <trkpt lat="9.000761" lon="-79.576939">
        <time>2026-08-25T10:41:53Z</time>
      </trkpt>
      <trkpt lat="9.000746" lon="-79.576938">
        <time>2026-08-25T10:41:54Z</time>
      </trkpt>
      <trkpt lat="9.000730" lon="-79.576938">
        <time>2026-08-25T10:41:55Z</time>
      </trkpt>
      <trkpt lat="9.000713" lon="-79.576938">
        <time>2026-08-25T10:41:56Z</time>
      </trkpt>
      <trkpt lat="9.000697" lon="-79.576938">
        <time>2026-08-25T10:41:57Z</time>
      </trkpt>
      <trkpt lat="9.000684" lon="-79.576939">
        <time>2026-08-25T10:41:58Z</time>
      </trkpt>
      <trkpt lat="9.000668" lon="-79.576940">
        <time>2026-08-25T10:41:59Z</time>
      </trkpt>
      <trkpt lat="9.000654" lon="-79.576941">
        <time>2026-08-25T10:42:00Z</time>
      </trkpt>
      <trkpt lat="9.000638" lon="-79.576942">
        <time>2026-08-25T10:42:01Z</time>
      </trkpt>
      <trkpt lat="9.000623" lon="-79.576944">
        <time>2026-08-25T10:42:02Z</time>
      </trkpt>
      <trkpt lat="9.000606" lon="-79.576945">
        <time>2026-08-25T10:42:03Z</time>
      </trkpt>
      <trkpt lat="9.000591" lon="-79.576945">
        <time>2026-08-25T10:42:04Z</time>
      </trkpt>
      <trkpt lat="9.000575" lon="-79.576951">
        <time>2026-08-25T10:42:05Z</time>
      </trkpt>
      <trkpt lat="9.000559" lon="-79.576955">
        <time>2026-08-25T10:42:06Z</time>
      </trkpt>
      <trkpt lat="9.000544" lon="-79.576960">
        <time>2026-08-25T10:42:07Z</time>
      </trkpt>
      <trkpt lat="9.000528" lon="-79.576968">
        <time>2026-08-25T10:42:08Z</time>
      </trkpt>
      <trkpt lat="9.000511" lon="-79.576974">
        <time>2026-08-25T10:42:09Z</time>
      </trkpt>
      <trkpt lat="9.000494" lon="-79.576981">
        <time>2026-08-25T10:42:10Z</time>
      </trkpt>
      <trkpt lat="9.000478" lon="-79.576989">
        <time>2026-08-25T10:42:11Z</time>
      </trkpt>
      <trkpt lat="9.000462" lon="-79.576994">
        <time>2026-08-25T10:42:12Z</time>
      </trkpt>
      <trkpt lat="9.000446" lon="-79.576998">
        <time>2026-08-25T10:42:13Z</time>
      </trkpt>
      <trkpt lat="9.000431" lon="-79.577005">
        <time>2026-08-25T10:42:14Z</time>
      </trkpt>
      <trkpt lat="9.000416" lon="-79.577011">
        <time>2026-08-25T10:42:15Z</time>
      </trkpt>
      <trkpt lat="9.000403" lon="-79.577016">
        <time>2026-08-25T10:42:16Z</time>
      </trkpt>
      <trkpt lat="9.000387" lon="-79.577022">
        <time>2026-08-25T10:42:17Z</time>
      </trkpt>
      <trkpt lat="9.000373" lon="-79.577028">
        <time>2026-08-25T10:42:18Z</time>
      </trkpt>
      <trkpt lat="9.000361" lon="-79.577034">
        <time>2026-08-25T10:42:19Z</time>
      </trkpt>
      <trkpt lat="9.000348" lon="-79.577041">
        <time>2026-08-25T10:42:20Z</time>
      </trkpt>
      <trkpt lat="9.000336" lon="-79.577046">
        <time>2026-08-25T10:42:21Z</time>
      </trkpt>
      <trkpt lat="9.000325" lon="-79.577052">
        <time>2026-08-25T10:42:22Z</time>
      </trkpt>
      <trkpt lat="9.000315" lon="-79.577058">
        <time>2026-08-25T10:42:23Z</time>
      </trkpt>
      <trkpt lat="9.000303" lon="-79.577063">
        <time>2026-08-25T10:42:24Z</time>
      </trkpt>
      <trkpt lat="9.000290" lon="-79.577069">
        <time>2026-08-25T10:42:25Z</time>
      </trkpt>
      <trkpt lat="9.000279" lon="-79.577077">
        <time>2026-08-25T10:42:26Z</time>
      </trkpt>
      <trkpt lat="9.000264" lon="-79.577084">
        <time>2026-08-25T10:42:27Z</time>
      </trkpt>
      <trkpt lat="9.000249" lon="-79.577090">
        <time>2026-08-25T10:42:28Z</time>
      </trkpt>
      <trkpt lat="9.000233" lon="-79.577097">
        <time>2026-08-25T10:42:29Z</time>
      </trkpt>
      <trkpt lat="9.000218" lon="-79.577106">
        <time>2026-08-25T10:42:30Z</time>
      </trkpt>
      <trkpt lat="9.000205" lon="-79.577112">
        <time>2026-08-25T10:42:31Z</time>
      </trkpt>
      <trkpt lat="9.000189" lon="-79.577118">
        <time>2026-08-25T10:42:32Z</time>
      </trkpt>
      <trkpt lat="9.000176" lon="-79.577122">
        <time>2026-08-25T10:42:33Z</time>
      </trkpt>
      <trkpt lat="9.000163" lon="-79.577128">
        <time>2026-08-25T10:42:34Z</time>
      </trkpt>
      <trkpt lat="9.000149" lon="-79.577138">
        <time>2026-08-25T10:42:35Z</time>
      </trkpt>
      <trkpt lat="9.000129" lon="-79.577148">
        <time>2026-08-25T10:42:36Z</time>
      </trkpt>
      <trkpt lat="9.000109" lon="-79.577159">
        <time>2026-08-25T10:42:37Z</time>
      </trkpt>
      <trkpt lat="9.000090" lon="-79.577175">
        <time>2026-08-25T10:42:38Z</time>
      </trkpt>
      <trkpt lat="9.000073" lon="-79.577190">
        <time>2026-08-25T10:42:39Z</time>
      </trkpt>
      <trkpt lat="9.000050" lon="-79.577205">
        <time>2026-08-25T10:42:40Z</time>
      </trkpt>
      <trkpt lat="9.000023" lon="-79.577218">
        <time>2026-08-25T10:42:41Z</time>
      </trkpt>
      <trkpt lat="8.999995" lon="-79.577230">
        <time>2026-08-25T10:42:42Z</time>
      </trkpt>
      <trkpt lat="8.999968" lon="-79.577244">
        <time>2026-08-25T10:42:43Z</time>
      </trkpt>
      <trkpt lat="8.999944" lon="-79.577259">
        <time>2026-08-25T10:42:44Z</time>
      </trkpt>
      <trkpt lat="8.999921" lon="-79.577275">
        <time>2026-08-25T10:42:45Z</time>
      </trkpt>
      <trkpt lat="8.999897" lon="-79.577293">
        <time>2026-08-25T10:42:46Z</time>
      </trkpt>
      <trkpt lat="8.999878" lon="-79.577309">
        <time>2026-08-25T10:42:47Z</time>
      </trkpt>
      <trkpt lat="8.999855" lon="-79.577326">
        <time>2026-08-25T10:42:48Z</time>
      </trkpt>
      <trkpt lat="8.999836" lon="-79.577340">
        <time>2026-08-25T10:42:49Z</time>
      </trkpt>
      <trkpt lat="8.999811" lon="-79.577359">
        <time>2026-08-25T10:42:50Z</time>
      </trkpt>
      <trkpt lat="8.999786" lon="-79.577378">
        <time>2026-08-25T10:42:51Z</time>
      </trkpt>
      <trkpt lat="8.999763" lon="-79.577393">
        <time>2026-08-25T10:42:52Z</time>
      </trkpt>
      <trkpt lat="8.999737" lon="-79.577411">
        <time>2026-08-25T10:42:53Z</time>
      </trkpt>
      <trkpt lat="8.999714" lon="-79.577431">
        <time>2026-08-25T10:42:54Z</time>
      </trkpt>
      <trkpt lat="8.999689" lon="-79.577448">
        <time>2026-08-25T10:42:55Z</time>
      </trkpt>
      <trkpt lat="8.999666" lon="-79.577462">
        <time>2026-08-25T10:42:56Z</time>
      </trkpt>
      <trkpt lat="8.999642" lon="-79.577481">
        <time>2026-08-25T10:42:57Z</time>
      </trkpt>
      <trkpt lat="8.999615" lon="-79.577497">
        <time>2026-08-25T10:42:58Z</time>
      </trkpt>
      <trkpt lat="8.999589" lon="-79.577508">
        <time>2026-08-25T10:42:59Z</time>
      </trkpt>
      <trkpt lat="8.999564" lon="-79.577525">
        <time>2026-08-25T10:43:00Z</time>
      </trkpt>
      <trkpt lat="8.999541" lon="-79.577543">
        <time>2026-08-25T10:43:01Z</time>
      </trkpt>
      <trkpt lat="8.999515" lon="-79.577560">
        <time>2026-08-25T10:43:02Z</time>
      </trkpt>
      <trkpt lat="8.999490" lon="-79.577575">
        <time>2026-08-25T10:43:03Z</time>
      </trkpt>
      <trkpt lat="8.999466" lon="-79.577591">
        <time>2026-08-25T10:43:04Z</time>
      </trkpt>
      <trkpt lat="8.999440" lon="-79.577606">
        <time>2026-08-25T10:43:05Z</time>
      </trkpt>
      <trkpt lat="8.999415" lon="-79.577621">
        <time>2026-08-25T10:43:06Z</time>
      </trkpt>
      <trkpt lat="8.999391" lon="-79.577638">
        <time>2026-08-25T10:43:07Z</time>
      </trkpt>
      <trkpt lat="8.999368" lon="-79.577654">
        <time>2026-08-25T10:43:08Z</time>
      </trkpt>
      <trkpt lat="8.999345" lon="-79.577672">
        <time>2026-08-25T10:43:09Z</time>
      </trkpt>
      <trkpt lat="8.999321" lon="-79.577686">
        <time>2026-08-25T10:43:10Z</time>
      </trkpt>
      <trkpt lat="8.999296" lon="-79.577702">
        <time>2026-08-25T10:43:11Z</time>
      </trkpt>
      <trkpt lat="8.999274" lon="-79.577718">
        <time>2026-08-25T10:43:12Z</time>
      </trkpt>
      <trkpt lat="8.999254" lon="-79.577737">
        <time>2026-08-25T10:43:13Z</time>
      </trkpt>
      <trkpt lat="8.999229" lon="-79.577755">
        <time>2026-08-25T10:43:14Z</time>
      </trkpt>
      <trkpt lat="8.999206" lon="-79.577771">
        <time>2026-08-25T10:43:15Z</time>
      </trkpt>
      <trkpt lat="8.999182" lon="-79.577789">
        <time>2026-08-25T10:43:16Z</time>
      </trkpt>
      <trkpt lat="8.999154" lon="-79.577807">
        <time>2026-08-25T10:43:17Z</time>
      </trkpt>
      <trkpt lat="8.999128" lon="-79.577824">
        <time>2026-08-25T10:43:18Z</time>
      </trkpt>
      <trkpt lat="8.999105" lon="-79.577841">
        <time>2026-08-25T10:43:19Z</time>
      </trkpt>
      <trkpt lat="8.999085" lon="-79.577859">
        <time>2026-08-25T10:43:20Z</time>
      </trkpt>
      <trkpt lat="8.999060" lon="-79.577875">
        <time>2026-08-25T10:43:21Z</time>
      </trkpt>
      <trkpt lat="8.999037" lon="-79.577892">
        <time>2026-08-25T10:43:22Z</time>
      </trkpt>
      <trkpt lat="8.999014" lon="-79.577910">
        <time>2026-08-25T10:43:23Z</time>
      </trkpt>
      <trkpt lat="8.998993" lon="-79.577926">
        <time>2026-08-25T10:43:24Z</time>
      </trkpt>
      <trkpt lat="8.998970" lon="-79.577946">
        <time>2026-08-25T10:43:25Z</time>
      </trkpt>
      <trkpt lat="8.998946" lon="-79.577965">
        <time>2026-08-25T10:43:26Z</time>
      </trkpt>
      <trkpt lat="8.998923" lon="-79.577985">
        <time>2026-08-25T10:43:27Z</time>
      </trkpt>
      <trkpt lat="8.998901" lon="-79.578004">
        <time>2026-08-25T10:43:28Z</time>
      </trkpt>
      <trkpt lat="8.998879" lon="-79.578022">
        <time>2026-08-25T10:43:29Z</time>
      </trkpt>
      <trkpt lat="8.998856" lon="-79.578041">
        <time>2026-08-25T10:43:30Z</time>
      </trkpt>
      <trkpt lat="8.998834" lon="-79.578060">
        <time>2026-08-25T10:43:31Z</time>
      </trkpt>
      <trkpt lat="8.998812" lon="-79.578079">
        <time>2026-08-25T10:43:32Z</time>
      </trkpt>
      <trkpt lat="8.998790" lon="-79.578099">
        <time>2026-08-25T10:43:33Z</time>
      </trkpt>
      <trkpt lat="8.998768" lon="-79.578116">
        <time>2026-08-25T10:43:34Z</time>
      </trkpt>
      <trkpt lat="8.998742" lon="-79.578134">
        <time>2026-08-25T10:43:35Z</time>
      </trkpt>
      <trkpt lat="8.998718" lon="-79.578155">
        <time>2026-08-25T10:43:36Z</time>
      </trkpt>
      <trkpt lat="8.998696" lon="-79.578176">
        <time>2026-08-25T10:43:37Z</time>
      </trkpt>
      <trkpt lat="8.998671" lon="-79.578196">
        <time>2026-08-25T10:43:38Z</time>
      </trkpt>
      <trkpt lat="8.998647" lon="-79.578213">
        <time>2026-08-25T10:43:39Z</time>
      </trkpt>
      <trkpt lat="8.998624" lon="-79.578234">
        <time>2026-08-25T10:43:40Z</time>
      </trkpt>
      <trkpt lat="8.998601" lon="-79.578252">
        <time>2026-08-25T10:43:41Z</time>
      </trkpt>
      <trkpt lat="8.998577" lon="-79.578268">
        <time>2026-08-25T10:43:42Z</time>
      </trkpt>
      <trkpt lat="8.998549" lon="-79.578281">
        <time>2026-08-25T10:43:43Z</time>
      </trkpt>
      <trkpt lat="8.998524" lon="-79.578295">
        <time>2026-08-25T10:43:44Z</time>
      </trkpt>
      <trkpt lat="8.998500" lon="-79.578311">
        <time>2026-08-25T10:43:45Z</time>
      </trkpt>
      <trkpt lat="8.998474" lon="-79.578323">
        <time>2026-08-25T10:43:46Z</time>
      </trkpt>
      <trkpt lat="8.998449" lon="-79.578335">
        <time>2026-08-25T10:43:47Z</time>
      </trkpt>
      <trkpt lat="8.998420" lon="-79.578347">
        <time>2026-08-25T10:43:48Z</time>
      </trkpt>
      <trkpt lat="8.998392" lon="-79.578353">
        <time>2026-08-25T10:43:49Z</time>
      </trkpt>
      <trkpt lat="8.998367" lon="-79.578361">
        <time>2026-08-25T10:43:50Z</time>
      </trkpt>
      <trkpt lat="8.998341" lon="-79.578368">
        <time>2026-08-25T10:43:51Z</time>
      </trkpt>
      <trkpt lat="8.998315" lon="-79.578372">
        <time>2026-08-25T10:43:52Z</time>
      </trkpt>
      <trkpt lat="8.998286" lon="-79.578379">
        <time>2026-08-25T10:43:53Z</time>
      </trkpt>
      <trkpt lat="8.998259" lon="-79.578383">
        <time>2026-08-25T10:43:54Z</time>
      </trkpt>
      <trkpt lat="8.998229" lon="-79.578389">
        <time>2026-08-25T10:43:55Z</time>
      </trkpt>
      <trkpt lat="8.998201" lon="-79.578396">
        <time>2026-08-25T10:43:56Z</time>
      </trkpt>
      <trkpt lat="8.998175" lon="-79.578402">
        <time>2026-08-25T10:43:57Z</time>
      </trkpt>
      <trkpt lat="8.998145" lon="-79.578405">
        <time>2026-08-25T10:43:58Z</time>
      </trkpt>
      <trkpt lat="8.998115" lon="-79.578407">
        <time>2026-08-25T10:43:59Z</time>
      </trkpt>
      <trkpt lat="8.998083" lon="-79.578409">
        <time>2026-08-25T10:44:00Z</time>
      </trkpt>
      <trkpt lat="8.998053" lon="-79.578413">
        <time>2026-08-25T10:44:01Z</time>
      </trkpt>
      <trkpt lat="8.998025" lon="-79.578416">
        <time>2026-08-25T10:44:02Z</time>
      </trkpt>
      <trkpt lat="8.997993" lon="-79.578425">
        <time>2026-08-25T10:44:03Z</time>
      </trkpt>
      <trkpt lat="8.997966" lon="-79.578438">
        <time>2026-08-25T10:44:04Z</time>
      </trkpt>
      <trkpt lat="8.997937" lon="-79.578459">
        <time>2026-08-25T10:44:05Z</time>
      </trkpt>
      <trkpt lat="8.997913" lon="-79.578481">
        <time>2026-08-25T10:44:06Z</time>
      </trkpt>
      <trkpt lat="8.997894" lon="-79.578510">
        <time>2026-08-25T10:44:07Z</time>
      </trkpt>
      <trkpt lat="8.997881" lon="-79.578543">
        <time>2026-08-25T10:44:08Z</time>
      </trkpt>
      <trkpt lat="8.997875" lon="-79.578579">
        <time>2026-08-25T10:44:09Z</time>
      </trkpt>
      <trkpt lat="8.997872" lon="-79.578617">
        <time>2026-08-25T10:44:10Z</time>
      </trkpt>
      <trkpt lat="8.997869" lon="-79.578650">
        <time>2026-08-25T10:44:11Z</time>
      </trkpt>
      <trkpt lat="8.997870" lon="-79.578684">
        <time>2026-08-25T10:44:12Z</time>
      </trkpt>
      <trkpt lat="8.997874" lon="-79.578717">
        <time>2026-08-25T10:44:13Z</time>
      </trkpt>
      <trkpt lat="8.997879" lon="-79.578743">
        <time>2026-08-25T10:44:14Z</time>
      </trkpt>
      <trkpt lat="8.997894" lon="-79.578746">
        <time>2026-08-25T10:44:15Z</time>
      </trkpt>
      <trkpt lat="8.997895" lon="-79.578739">
        <time>2026-08-25T10:44:16Z</time>
      </trkpt>
      <trkpt lat="8.997900" lon="-79.578728">
        <time>2026-08-25T10:44:17Z</time>
      </trkpt>
      <trkpt lat="8.997901" lon="-79.578718">
        <time>2026-08-25T10:44:18Z</time>
      </trkpt>
      <trkpt lat="8.997903" lon="-79.578706">
        <time>2026-08-25T10:44:19Z</time>
      </trkpt>
      <trkpt lat="8.997904" lon="-79.578694">
        <time>2026-08-25T10:44:20Z</time>
      </trkpt>
      <trkpt lat="8.997904" lon="-79.578683">
        <time>2026-08-25T10:44:21Z</time>
      </trkpt>
      <trkpt lat="8.997905" lon="-79.578672">
        <time>2026-08-25T10:44:22Z</time>
      </trkpt>
      <trkpt lat="8.997905" lon="-79.578660">
        <time>2026-08-25T10:44:23Z</time>
      </trkpt>
      <trkpt lat="8.997905" lon="-79.578647">
        <time>2026-08-25T10:44:24Z</time>
      </trkpt>
      <trkpt lat="8.997906" lon="-79.578632">
        <time>2026-08-25T10:44:25Z</time>
      </trkpt>
      <trkpt lat="8.997905" lon="-79.578618">
        <time>2026-08-25T10:44:26Z</time>
      </trkpt>
      <trkpt lat="8.997903" lon="-79.578603">
        <time>2026-08-25T10:44:27Z</time>
      </trkpt>
      <trkpt lat="8.997903" lon="-79.578587">
        <time>2026-08-25T10:44:28Z</time>
      </trkpt>
      <trkpt lat="8.997904" lon="-79.578575">
        <time>2026-08-25T10:44:29Z</time>
      </trkpt>
      <trkpt lat="8.997905" lon="-79.578565">
        <time>2026-08-25T10:44:30Z</time>
      </trkpt>
      <trkpt lat="8.997909" lon="-79.578553">
        <time>2026-08-25T10:44:31Z</time>
      </trkpt>
      <trkpt lat="8.997913" lon="-79.578541">
        <time>2026-08-25T10:44:32Z</time>
      </trkpt>
      <trkpt lat="8.997914" lon="-79.578529">
        <time>2026-08-25T10:44:33Z</time>
      </trkpt>
      <trkpt lat="8.997912" lon="-79.578511">
        <time>2026-08-25T10:44:34Z</time>
      </trkpt>
      <trkpt lat="8.997904" lon="-79.578495">
        <time>2026-08-25T10:44:35Z</time>
      </trkpt>
      <trkpt lat="8.997890" lon="-79.578486">
        <time>2026-08-25T10:44:36Z</time>
      </trkpt>
      <trkpt lat="8.997874" lon="-79.578483">
        <time>2026-08-25T10:44:37Z</time>
      </trkpt>
      <trkpt lat="8.997856" lon="-79.578485">
        <time>2026-08-25T10:44:38Z</time>
      </trkpt>
      <trkpt lat="8.997837" lon="-79.578488">
        <time>2026-08-25T10:44:39Z</time>
      </trkpt>
      <trkpt lat="8.997816" lon="-79.578492">
        <time>2026-08-25T10:44:40Z</time>
      </trkpt>
      <trkpt lat="8.997794" lon="-79.578498">
        <time>2026-08-25T10:44:41Z</time>
      </trkpt>
      <trkpt lat="8.997773" lon="-79.578501">
        <time>2026-08-25T10:44:42Z</time>
      </trkpt>
      <trkpt lat="8.997753" lon="-79.578499">
        <time>2026-08-25T10:44:43Z</time>
      </trkpt>
      <trkpt lat="8.997737" lon="-79.578496">
        <time>2026-08-25T10:44:44Z</time>
      </trkpt>
      <trkpt lat="8.997721" lon="-79.578484">
        <time>2026-08-25T10:44:45Z</time>
      </trkpt>
      <trkpt lat="8.997707" lon="-79.578468">
        <time>2026-08-25T10:44:46Z</time>
      </trkpt>
      <trkpt lat="8.997697" lon="-79.578454">
        <time>2026-08-25T10:44:47Z</time>
      </trkpt>
      <trkpt lat="8.997685" lon="-79.578438">
        <time>2026-08-25T10:44:48Z</time>
      </trkpt>
      <trkpt lat="8.997671" lon="-79.578423">
        <time>2026-08-25T10:44:49Z</time>
      </trkpt>
      <trkpt lat="8.997659" lon="-79.578408">
        <time>2026-08-25T10:44:50Z</time>
      </trkpt>
      <trkpt lat="8.997646" lon="-79.578393">
        <time>2026-08-25T10:44:51Z</time>
      </trkpt>
      <trkpt lat="8.997634" lon="-79.578379">
        <time>2026-08-25T10:44:52Z</time>
      </trkpt>
      <trkpt lat="8.997624" lon="-79.578364">
        <time>2026-08-25T10:44:53Z</time>
      </trkpt>
      <trkpt lat="8.997624" lon="-79.578350">
        <time>2026-08-25T10:44:54Z</time>
      </trkpt>
      <trkpt lat="8.997634" lon="-79.578334">
        <time>2026-08-25T10:44:55Z</time>
      </trkpt>
      <trkpt lat="8.997655" lon="-79.578325">
        <time>2026-08-25T10:44:56Z</time>
      </trkpt>
      <trkpt lat="8.997674" lon="-79.578312">
        <time>2026-08-25T10:44:57Z</time>
      </trkpt>
      <trkpt lat="8.997690" lon="-79.578301">
        <time>2026-08-25T10:44:58Z</time>
      </trkpt>
      <trkpt lat="8.997708" lon="-79.578287">
        <time>2026-08-25T10:44:59Z</time>
      </trkpt>
      <trkpt lat="8.997727" lon="-79.578273">
        <time>2026-08-25T10:45:00Z</time>
      </trkpt>
      <trkpt lat="8.997745" lon="-79.578262">
        <time>2026-08-25T10:45:01Z</time>
      </trkpt>
      <trkpt lat="8.997762" lon="-79.578250">
        <time>2026-08-25T10:45:02Z</time>
      </trkpt>
      <trkpt lat="8.997778" lon="-79.578238">
        <time>2026-08-25T10:45:03Z</time>
      </trkpt>
      <trkpt lat="8.997795" lon="-79.578225">
        <time>2026-08-25T10:45:04Z</time>
      </trkpt>
      <trkpt lat="8.997813" lon="-79.578211">
        <time>2026-08-25T10:45:05Z</time>
      </trkpt>
      <trkpt lat="8.997829" lon="-79.578197">
        <time>2026-08-25T10:45:06Z</time>
      </trkpt>
      <trkpt lat="8.997846" lon="-79.578186">
        <time>2026-08-25T10:45:07Z</time>
      </trkpt>
      <trkpt lat="8.997867" lon="-79.578177">
        <time>2026-08-25T10:45:08Z</time>
      </trkpt>
      <trkpt lat="8.997885" lon="-79.578167">
        <time>2026-08-25T10:45:09Z</time>
      </trkpt>
      <trkpt lat="8.997903" lon="-79.578155">
        <time>2026-08-25T10:45:10Z</time>
      </trkpt>
      <trkpt lat="8.997922" lon="-79.578140">
        <time>2026-08-25T10:45:11Z</time>
      </trkpt>
      <trkpt lat="8.997940" lon="-79.578130">
        <time>2026-08-25T10:45:12Z</time>
      </trkpt>
      <trkpt lat="8.997958" lon="-79.578118">
        <time>2026-08-25T10:45:13Z</time>
      </trkpt>
      <trkpt lat="8.997977" lon="-79.578100">
        <time>2026-08-25T10:45:14Z</time>
      </trkpt>
      <trkpt lat="8.997996" lon="-79.578087">
        <time>2026-08-25T10:45:15Z</time>
      </trkpt>
      <trkpt lat="8.998013" lon="-79.578077">
        <time>2026-08-25T10:45:16Z</time>
      </trkpt>
      <trkpt lat="8.998028" lon="-79.578061">
        <time>2026-08-25T10:45:17Z</time>
      </trkpt>
      <trkpt lat="8.998047" lon="-79.578047">
        <time>2026-08-25T10:45:18Z</time>
      </trkpt>
      <trkpt lat="8.998065" lon="-79.578036">
        <time>2026-08-25T10:45:19Z</time>
      </trkpt>
      <trkpt lat="8.998081" lon="-79.578025">
        <time>2026-08-25T10:45:20Z</time>
      </trkpt>
      <trkpt lat="8.998098" lon="-79.578014">
        <time>2026-08-25T10:45:21Z</time>
      </trkpt>
      <trkpt lat="8.998117" lon="-79.578002">
        <time>2026-08-25T10:45:22Z</time>
      </trkpt>
      <trkpt lat="8.998133" lon="-79.577991">
        <time>2026-08-25T10:45:23Z</time>
      </trkpt>
      <trkpt lat="8.998153" lon="-79.577977">
        <time>2026-08-25T10:45:24Z</time>
      </trkpt>
      <trkpt lat="8.998172" lon="-79.577966">
        <time>2026-08-25T10:45:25Z</time>
      </trkpt>
      <trkpt lat="8.998190" lon="-79.577952">
        <time>2026-08-25T10:45:26Z</time>
      </trkpt>
      <trkpt lat="8.998206" lon="-79.577940">
        <time>2026-08-25T10:45:27Z</time>
      </trkpt>
      <trkpt lat="8.998224" lon="-79.577930">
        <time>2026-08-25T10:45:28Z</time>
      </trkpt>
      <trkpt lat="8.998241" lon="-79.577917">
        <time>2026-08-25T10:45:29Z</time>
      </trkpt>
      <trkpt lat="8.998257" lon="-79.577906">
        <time>2026-08-25T10:45:30Z</time>
      </trkpt>
      <trkpt lat="8.998274" lon="-79.577895">
        <time>2026-08-25T10:45:31Z</time>
      </trkpt>
      <trkpt lat="8.998290" lon="-79.577884">
        <time>2026-08-25T10:45:32Z</time>
      </trkpt>
      <trkpt lat="8.998307" lon="-79.577867">
        <time>2026-08-25T10:45:33Z</time>
      </trkpt>
      <trkpt lat="8.998324" lon="-79.577854">
        <time>2026-08-25T10:45:34Z</time>
      </trkpt>
      <trkpt lat="8.998342" lon="-79.577845">
        <time>2026-08-25T10:45:35Z</time>
      </trkpt>
      <trkpt lat="8.998360" lon="-79.577831">
        <time>2026-08-25T10:45:36Z</time>
      </trkpt>
      <trkpt lat="8.998381" lon="-79.577816">
        <time>2026-08-25T10:45:37Z</time>
      </trkpt>
      <trkpt lat="8.998399" lon="-79.577803">
        <time>2026-08-25T10:45:38Z</time>
      </trkpt>
      <trkpt lat="8.998415" lon="-79.577789">
        <time>2026-08-25T10:45:39Z</time>
      </trkpt>
      <trkpt lat="8.998430" lon="-79.577775">
        <time>2026-08-25T10:45:40Z</time>
      </trkpt>
      <trkpt lat="8.998447" lon="-79.577763">
        <time>2026-08-25T10:45:41Z</time>
      </trkpt>
      <trkpt lat="8.998464" lon="-79.577751">
        <time>2026-08-25T10:45:42Z</time>
      </trkpt>
      <trkpt lat="8.998480" lon="-79.577743">
        <time>2026-08-25T10:45:43Z</time>
      </trkpt>
      <trkpt lat="8.998495" lon="-79.577732">
        <time>2026-08-25T10:45:44Z</time>
      </trkpt>
      <trkpt lat="8.998512" lon="-79.577720">
        <time>2026-08-25T10:45:45Z</time>
      </trkpt>
      <trkpt lat="8.998530" lon="-79.577710">
        <time>2026-08-25T10:45:46Z</time>
      </trkpt>
      <trkpt lat="8.998547" lon="-79.577702">
        <time>2026-08-25T10:45:47Z</time>
      </trkpt>
      <trkpt lat="8.998566" lon="-79.577692">
        <time>2026-08-25T10:45:48Z</time>
      </trkpt>
      <trkpt lat="8.998583" lon="-79.577677">
        <time>2026-08-25T10:45:49Z</time>
      </trkpt>
      <trkpt lat="8.998601" lon="-79.577665">
        <time>2026-08-25T10:45:50Z</time>
      </trkpt>
      <trkpt lat="8.998620" lon="-79.577654">
        <time>2026-08-25T10:45:51Z</time>
      </trkpt>
      <trkpt lat="8.998637" lon="-79.577640">
        <time>2026-08-25T10:45:52Z</time>
      </trkpt>
      <trkpt lat="8.998654" lon="-79.577629">
        <time>2026-08-25T10:45:53Z</time>
      </trkpt>
      <trkpt lat="8.998671" lon="-79.577615">
        <time>2026-08-25T10:45:54Z</time>
      </trkpt>
      <trkpt lat="8.998686" lon="-79.577602">
        <time>2026-08-25T10:45:55Z</time>
      </trkpt>
      <trkpt lat="8.998704" lon="-79.577591">
        <time>2026-08-25T10:45:56Z</time>
      </trkpt>
      <trkpt lat="8.998720" lon="-79.577579">
        <time>2026-08-25T10:45:57Z</time>
      </trkpt>
      <trkpt lat="8.998735" lon="-79.577566">
        <time>2026-08-25T10:45:58Z</time>
      </trkpt>
      <trkpt lat="8.998751" lon="-79.577555">
        <time>2026-08-25T10:45:59Z</time>
      </trkpt>
      <trkpt lat="8.998766" lon="-79.577541">
        <time>2026-08-25T10:46:00Z</time>
      </trkpt>
      <trkpt lat="8.998781" lon="-79.577526">
        <time>2026-08-25T10:46:01Z</time>
      </trkpt>
      <trkpt lat="8.998795" lon="-79.577513">
        <time>2026-08-25T10:46:02Z</time>
      </trkpt>
      <trkpt lat="8.998810" lon="-79.577500">
        <time>2026-08-25T10:46:03Z</time>
      </trkpt>
      <trkpt lat="8.998825" lon="-79.577489">
        <time>2026-08-25T10:46:04Z</time>
      </trkpt>
      <trkpt lat="8.998841" lon="-79.577478">
        <time>2026-08-25T10:46:05Z</time>
      </trkpt>
      <trkpt lat="8.998859" lon="-79.577464">
        <time>2026-08-25T10:46:06Z</time>
      </trkpt>
      <trkpt lat="8.998875" lon="-79.577455">
        <time>2026-08-25T10:46:07Z</time>
      </trkpt>
      <trkpt lat="8.998893" lon="-79.577445">
        <time>2026-08-25T10:46:08Z</time>
      </trkpt>
      <trkpt lat="8.998908" lon="-79.577434">
        <time>2026-08-25T10:46:09Z</time>
      </trkpt>
      <trkpt lat="8.998925" lon="-79.577421">
        <time>2026-08-25T10:46:10Z</time>
      </trkpt>
      <trkpt lat="8.998942" lon="-79.577410">
        <time>2026-08-25T10:46:11Z</time>
      </trkpt>
      <trkpt lat="8.998958" lon="-79.577399">
        <time>2026-08-25T10:46:12Z</time>
      </trkpt>
      <trkpt lat="8.998974" lon="-79.577387">
        <time>2026-08-25T10:46:13Z</time>
      </trkpt>
      <trkpt lat="8.998989" lon="-79.577375">
        <time>2026-08-25T10:46:14Z</time>
      </trkpt>
      <trkpt lat="8.999005" lon="-79.577361">
        <time>2026-08-25T10:46:15Z</time>
      </trkpt>
      <trkpt lat="8.999021" lon="-79.577349">
        <time>2026-08-25T10:46:16Z</time>
      </trkpt>
      <trkpt lat="8.999038" lon="-79.577338">
        <time>2026-08-25T10:46:17Z</time>
      </trkpt>
      <trkpt lat="8.999052" lon="-79.577328">
        <time>2026-08-25T10:46:18Z</time>
      </trkpt>
      <trkpt lat="8.999064" lon="-79.577314">
        <time>2026-08-25T10:46:19Z</time>
      </trkpt>
      <trkpt lat="8.999078" lon="-79.577301">
        <time>2026-08-25T10:46:20Z</time>
      </trkpt>
      <trkpt lat="8.999093" lon="-79.577290">
        <time>2026-08-25T10:46:21Z</time>
      </trkpt>
      <trkpt lat="8.999110" lon="-79.577274">
        <time>2026-08-25T10:46:22Z</time>
      </trkpt>
      <trkpt lat="8.999122" lon="-79.577264">
        <time>2026-08-25T10:46:23Z</time>
      </trkpt>
      <trkpt lat="8.999141" lon="-79.577252">
        <time>2026-08-25T10:46:24Z</time>
      </trkpt>
      <trkpt lat="8.999158" lon="-79.577241">
        <time>2026-08-25T10:46:25Z</time>
      </trkpt>
      <trkpt lat="8.999176" lon="-79.577230">
        <time>2026-08-25T10:46:26Z</time>
      </trkpt>
      <trkpt lat="8.999193" lon="-79.577217">
        <time>2026-08-25T10:46:27Z</time>
      </trkpt>
      <trkpt lat="8.999208" lon="-79.577204">
        <time>2026-08-25T10:46:28Z</time>
      </trkpt>
      <trkpt lat="8.999225" lon="-79.577193">
        <time>2026-08-25T10:46:29Z</time>
      </trkpt>
      <trkpt lat="8.999244" lon="-79.577180">
        <time>2026-08-25T10:46:30Z</time>
      </trkpt>
      <trkpt lat="8.999262" lon="-79.577165">
        <time>2026-08-25T10:46:31Z</time>
      </trkpt>
      <trkpt lat="8.999278" lon="-79.577155">
        <time>2026-08-25T10:46:32Z</time>
      </trkpt>
      <trkpt lat="8.999295" lon="-79.577142">
        <time>2026-08-25T10:46:33Z</time>
      </trkpt>
      <trkpt lat="8.999314" lon="-79.577128">
        <time>2026-08-25T10:46:34Z</time>
      </trkpt>
      <trkpt lat="8.999332" lon="-79.577118">
        <time>2026-08-25T10:46:35Z</time>
      </trkpt>
      <trkpt lat="8.999349" lon="-79.577105">
        <time>2026-08-25T10:46:36Z</time>
      </trkpt>
      <trkpt lat="8.999368" lon="-79.577092">
        <time>2026-08-25T10:46:37Z</time>
      </trkpt>
      <trkpt lat="8.999386" lon="-79.577084">
        <time>2026-08-25T10:46:38Z</time>
      </trkpt>
      <trkpt lat="8.999403" lon="-79.577071">
        <time>2026-08-25T10:46:39Z</time>
      </trkpt>
      <trkpt lat="8.999421" lon="-79.577059">
        <time>2026-08-25T10:46:40Z</time>
      </trkpt>
      <trkpt lat="8.999438" lon="-79.577049">
        <time>2026-08-25T10:46:41Z</time>
      </trkpt>
      <trkpt lat="8.999455" lon="-79.577038">
        <time>2026-08-25T10:46:42Z</time>
      </trkpt>
      <trkpt lat="8.999472" lon="-79.577024">
        <time>2026-08-25T10:46:43Z</time>
      </trkpt>
      <trkpt lat="8.999490" lon="-79.577011">
        <time>2026-08-25T10:46:44Z</time>
      </trkpt>
      <trkpt lat="8.999506" lon="-79.576997">
        <time>2026-08-25T10:46:45Z</time>
      </trkpt>
      <trkpt lat="8.999521" lon="-79.576983">
        <time>2026-08-25T10:46:46Z</time>
      </trkpt>
      <trkpt lat="8.999539" lon="-79.576969">
        <time>2026-08-25T10:46:47Z</time>
      </trkpt>
      <trkpt lat="8.999555" lon="-79.576957">
        <time>2026-08-25T10:46:48Z</time>
      </trkpt>
      <trkpt lat="8.999571" lon="-79.576945">
        <time>2026-08-25T10:46:49Z</time>
      </trkpt>
      <trkpt lat="8.999591" lon="-79.576929">
        <time>2026-08-25T10:46:50Z</time>
      </trkpt>
      <trkpt lat="8.999606" lon="-79.576918">
        <time>2026-08-25T10:46:51Z</time>
      </trkpt>
      <trkpt lat="8.999621" lon="-79.576904">
        <time>2026-08-25T10:46:52Z</time>
      </trkpt>
      <trkpt lat="8.999638" lon="-79.576891">
        <time>2026-08-25T10:46:53Z</time>
      </trkpt>
      <trkpt lat="8.999654" lon="-79.576879">
        <time>2026-08-25T10:46:54Z</time>
      </trkpt>
      <trkpt lat="8.999671" lon="-79.576867">
        <time>2026-08-25T10:46:55Z</time>
      </trkpt>
      <trkpt lat="8.999689" lon="-79.576852">
        <time>2026-08-25T10:46:56Z</time>
      </trkpt>
      <trkpt lat="8.999706" lon="-79.576836">
        <time>2026-08-25T10:46:57Z</time>
      </trkpt>
      <trkpt lat="8.999723" lon="-79.576826">
        <time>2026-08-25T10:46:58Z</time>
      </trkpt>
      <trkpt lat="8.999741" lon="-79.576812">
        <time>2026-08-25T10:46:59Z</time>
      </trkpt>
      <trkpt lat="8.999761" lon="-79.576798">
        <time>2026-08-25T10:47:00Z</time>
      </trkpt>
      <trkpt lat="8.999777" lon="-79.576786">
        <time>2026-08-25T10:47:01Z</time>
      </trkpt>
      <trkpt lat="8.999795" lon="-79.576776">
        <time>2026-08-25T10:47:02Z</time>
      </trkpt>
      <trkpt lat="8.999812" lon="-79.576765">
        <time>2026-08-25T10:47:03Z</time>
      </trkpt>
      <trkpt lat="8.999830" lon="-79.576754">
        <time>2026-08-25T10:47:04Z</time>
      </trkpt>
      <trkpt lat="8.999847" lon="-79.576745">
        <time>2026-08-25T10:47:05Z</time>
      </trkpt>
      <trkpt lat="8.999862" lon="-79.576736">
        <time>2026-08-25T10:47:06Z</time>
      </trkpt>
      <trkpt lat="8.999879" lon="-79.576725">
        <time>2026-08-25T10:47:07Z</time>
      </trkpt>
      <trkpt lat="8.999895" lon="-79.576714">
        <time>2026-08-25T10:47:08Z</time>
      </trkpt>
      <trkpt lat="8.999909" lon="-79.576701">
        <time>2026-08-25T10:47:09Z</time>
      </trkpt>
      <trkpt lat="8.999907" lon="-79.576681">
        <time>2026-08-25T10:47:10Z</time>
      </trkpt>
      <trkpt lat="8.999903" lon="-79.576660">
        <time>2026-08-25T10:47:11Z</time>
      </trkpt>
      <trkpt lat="8.999894" lon="-79.576637">
        <time>2026-08-25T10:47:12Z</time>
      </trkpt>
      <trkpt lat="8.999884" lon="-79.576617">
        <time>2026-08-25T10:47:13Z</time>
      </trkpt>
      <trkpt lat="8.999872" lon="-79.576598">
        <time>2026-08-25T10:47:14Z</time>
      </trkpt>
      <trkpt lat="8.999869" lon="-79.576581">
        <time>2026-08-25T10:47:15Z</time>
      </trkpt>
      <trkpt lat="8.999874" lon="-79.576572">
        <time>2026-08-25T10:47:16Z</time>
      </trkpt>
      <trkpt lat="8.999887" lon="-79.576561">
        <time>2026-08-25T10:47:17Z</time>
      </trkpt>
      <trkpt lat="8.999904" lon="-79.576549">
        <time>2026-08-25T10:47:18Z</time>
      </trkpt>
      <trkpt lat="8.999924" lon="-79.576542">
        <time>2026-08-25T10:47:19Z</time>
      </trkpt>
      <trkpt lat="8.999945" lon="-79.576530">
        <time>2026-08-25T10:47:20Z</time>
      </trkpt>
      <trkpt lat="8.999961" lon="-79.576516">
        <time>2026-08-25T10:47:21Z</time>
      </trkpt>
      <trkpt lat="8.999979" lon="-79.576504">
        <time>2026-08-25T10:47:22Z</time>
      </trkpt>
      <trkpt lat="8.999996" lon="-79.576492">
        <time>2026-08-25T10:47:23Z</time>
      </trkpt>
      <trkpt lat="9.000014" lon="-79.576479">
        <time>2026-08-25T10:47:24Z</time>
      </trkpt>
      <trkpt lat="9.000032" lon="-79.576466">
        <time>2026-08-25T10:47:25Z</time>
      </trkpt>
      <trkpt lat="9.000050" lon="-79.576453">
        <time>2026-08-25T10:47:26Z</time>
      </trkpt>
      <trkpt lat="9.000068" lon="-79.576439">
        <time>2026-08-25T10:47:27Z</time>
      </trkpt>
      <trkpt lat="9.000084" lon="-79.576422">
        <time>2026-08-25T10:47:28Z</time>
      </trkpt>
      <trkpt lat="9.000098" lon="-79.576410">
        <time>2026-08-25T10:47:29Z</time>
      </trkpt>
      <trkpt lat="9.000113" lon="-79.576398">
        <time>2026-08-25T10:47:30Z</time>
      </trkpt>
      <trkpt lat="9.000133" lon="-79.576382">
        <time>2026-08-25T10:47:31Z</time>
      </trkpt>
      <trkpt lat="9.000150" lon="-79.576367">
        <time>2026-08-25T10:47:32Z</time>
      </trkpt>
      <trkpt lat="9.000165" lon="-79.576353">
        <time>2026-08-25T10:47:33Z</time>
      </trkpt>
      <trkpt lat="9.000180" lon="-79.576336">
        <time>2026-08-25T10:47:34Z</time>
      </trkpt>
      <trkpt lat="9.000199" lon="-79.576321">
        <time>2026-08-25T10:47:35Z</time>
      </trkpt>
      <trkpt lat="9.000216" lon="-79.576305">
        <time>2026-08-25T10:47:36Z</time>
      </trkpt>
      <trkpt lat="9.000233" lon="-79.576288">
        <time>2026-08-25T10:47:37Z</time>
      </trkpt>
      <trkpt lat="9.000253" lon="-79.576276">
        <time>2026-08-25T10:47:38Z</time>
      </trkpt>
      <trkpt lat="9.000269" lon="-79.576259">
        <time>2026-08-25T10:47:39Z</time>
      </trkpt>
      <trkpt lat="9.000284" lon="-79.576241">
        <time>2026-08-25T10:47:40Z</time>
      </trkpt>
      <trkpt lat="9.000301" lon="-79.576225">
        <time>2026-08-25T10:47:41Z</time>
      </trkpt>
      <trkpt lat="9.000316" lon="-79.576211">
        <time>2026-08-25T10:47:42Z</time>
      </trkpt>
      <trkpt lat="9.000332" lon="-79.576197">
        <time>2026-08-25T10:47:43Z</time>
      </trkpt>
      <trkpt lat="9.000345" lon="-79.576178">
        <time>2026-08-25T10:47:44Z</time>
      </trkpt>
      <trkpt lat="9.000359" lon="-79.576160">
        <time>2026-08-25T10:47:45Z</time>
      </trkpt>
      <trkpt lat="9.000375" lon="-79.576140">
        <time>2026-08-25T10:47:46Z</time>
      </trkpt>
      <trkpt lat="9.000392" lon="-79.576122">
        <time>2026-08-25T10:47:47Z</time>
      </trkpt>
      <trkpt lat="9.000407" lon="-79.576105">
        <time>2026-08-25T10:47:48Z</time>
      </trkpt>
      <trkpt lat="9.000421" lon="-79.576087">
        <time>2026-08-25T10:47:49Z</time>
      </trkpt>
      <trkpt lat="9.000435" lon="-79.576068">
        <time>2026-08-25T10:47:50Z</time>
      </trkpt>
      <trkpt lat="9.000447" lon="-79.576049">
        <time>2026-08-25T10:47:51Z</time>
      </trkpt>
      <trkpt lat="9.000458" lon="-79.576026">
        <time>2026-08-25T10:47:52Z</time>
      </trkpt>
      <trkpt lat="9.000472" lon="-79.576009">
        <time>2026-08-25T10:47:53Z</time>
      </trkpt>
      <trkpt lat="9.000486" lon="-79.575990">
        <time>2026-08-25T10:47:54Z</time>
      </trkpt>
      <trkpt lat="9.000497" lon="-79.575968">
        <time>2026-08-25T10:47:55Z</time>
      </trkpt>
      <trkpt lat="9.000510" lon="-79.575948">
        <time>2026-08-25T10:47:56Z</time>
      </trkpt>
      <trkpt lat="9.000524" lon="-79.575929">
        <time>2026-08-25T10:47:57Z</time>
      </trkpt>
      <trkpt lat="9.000536" lon="-79.575908">
        <time>2026-08-25T10:47:58Z</time>
      </trkpt>
      <trkpt lat="9.000553" lon="-79.575891">
        <time>2026-08-25T10:47:59Z</time>
      </trkpt>
      <trkpt lat="9.000568" lon="-79.575874">
        <time>2026-08-25T10:48:00Z</time>
      </trkpt>
      <trkpt lat="9.000581" lon="-79.575858">
        <time>2026-08-25T10:48:01Z</time>
      </trkpt>
      <trkpt lat="9.000597" lon="-79.575838">
        <time>2026-08-25T10:48:02Z</time>
      </trkpt>
      <trkpt lat="9.000611" lon="-79.575820">
        <time>2026-08-25T10:48:03Z</time>
      </trkpt>
      <trkpt lat="9.000624" lon="-79.575802">
        <time>2026-08-25T10:48:04Z</time>
      </trkpt>
      <trkpt lat="9.000640" lon="-79.575784">
        <time>2026-08-25T10:48:05Z</time>
      </trkpt>
      <trkpt lat="9.000655" lon="-79.575767">
        <time>2026-08-25T10:48:06Z</time>
      </trkpt>
      <trkpt lat="9.000673" lon="-79.575752">
        <time>2026-08-25T10:48:07Z</time>
      </trkpt>
      <trkpt lat="9.000688" lon="-79.575732">
        <time>2026-08-25T10:48:08Z</time>
      </trkpt>
      <trkpt lat="9.000702" lon="-79.575715">
        <time>2026-08-25T10:48:09Z</time>
      </trkpt>
      <trkpt lat="9.000719" lon="-79.575701">
        <time>2026-08-25T10:48:10Z</time>
      </trkpt>
      <trkpt lat="9.000736" lon="-79.575684">
        <time>2026-08-25T10:48:11Z</time>
      </trkpt>
      <trkpt lat="9.000754" lon="-79.575670">
        <time>2026-08-25T10:48:12Z</time>
      </trkpt>
      <trkpt lat="9.000770" lon="-79.575657">
        <time>2026-08-25T10:48:13Z</time>
      </trkpt>
      <trkpt lat="9.000787" lon="-79.575640">
        <time>2026-08-25T10:48:14Z</time>
      </trkpt>
      <trkpt lat="9.000806" lon="-79.575626">
        <time>2026-08-25T10:48:15Z</time>
      </trkpt>
      <trkpt lat="9.000823" lon="-79.575613">
        <time>2026-08-25T10:48:16Z</time>
      </trkpt>
      <trkpt lat="9.000836" lon="-79.575604">
        <time>2026-08-25T10:48:17Z</time>
      </trkpt>
      <trkpt lat="9.000847" lon="-79.575595">
        <time>2026-08-25T10:48:18Z</time>
      </trkpt>
      <trkpt lat="9.000857" lon="-79.575588">
        <time>2026-08-25T10:48:19Z</time>
      </trkpt>
      <trkpt lat="9.000868" lon="-79.575581">
        <time>2026-08-25T10:48:20Z</time>
      </trkpt>
      <trkpt lat="9.000878" lon="-79.575577">
        <time>2026-08-25T10:48:21Z</time>
      </trkpt>
      <trkpt lat="9.000885" lon="-79.575574">
        <time>2026-08-25T10:48:22Z</time>
      </trkpt>
      <trkpt lat="9.000893" lon="-79.575570">
        <time>2026-08-25T10:48:23Z</time>
      </trkpt>
      <trkpt lat="9.000902" lon="-79.575563">
        <time>2026-08-25T10:48:24Z</time>
      </trkpt>
      <trkpt lat="9.000912" lon="-79.575557">
        <time>2026-08-25T10:48:25Z</time>
      </trkpt>
      <trkpt lat="9.000921" lon="-79.575549">
        <time>2026-08-25T10:48:26Z</time>
      </trkpt>
      <trkpt lat="9.000931" lon="-79.575541">
        <time>2026-08-25T10:48:27Z</time>
      </trkpt>
      <trkpt lat="9.000949" lon="-79.575533">
        <time>2026-08-25T10:48:28Z</time>
      </trkpt>
      <trkpt lat="9.000967" lon="-79.575521">
        <time>2026-08-25T10:48:29Z</time>
      </trkpt>
      <trkpt lat="9.000990" lon="-79.575506">
        <time>2026-08-25T10:48:30Z</time>
      </trkpt>
      <trkpt lat="9.001008" lon="-79.575495">
        <time>2026-08-25T10:48:31Z</time>
      </trkpt>
      <trkpt lat="9.001026" lon="-79.575484">
        <time>2026-08-25T10:48:32Z</time>
      </trkpt>
      <trkpt lat="9.001045" lon="-79.575471">
        <time>2026-08-25T10:48:33Z</time>
      </trkpt>
      <trkpt lat="9.001064" lon="-79.575460">
        <time>2026-08-25T10:48:34Z</time>
      </trkpt>
      <trkpt lat="9.001083" lon="-79.575449">
        <time>2026-08-25T10:48:35Z</time>
      </trkpt>
      <trkpt lat="9.001104" lon="-79.575430">
        <time>2026-08-25T10:48:36Z</time>
      </trkpt>
      <trkpt lat="9.001121" lon="-79.575419">
        <time>2026-08-25T10:48:37Z</time>
      </trkpt>
      <trkpt lat="9.001140" lon="-79.575405">
        <time>2026-08-25T10:48:38Z</time>
      </trkpt>
      <trkpt lat="9.001158" lon="-79.575388">
        <time>2026-08-25T10:48:39Z</time>
      </trkpt>
      <trkpt lat="9.001176" lon="-79.575373">
        <time>2026-08-25T10:48:40Z</time>
      </trkpt>
      <trkpt lat="9.001195" lon="-79.575363">
        <time>2026-08-25T10:48:41Z</time>
      </trkpt>
      <trkpt lat="9.001215" lon="-79.575346">
        <time>2026-08-25T10:48:42Z</time>
      </trkpt>
      <trkpt lat="9.001237" lon="-79.575329">
        <time>2026-08-25T10:48:43Z</time>
      </trkpt>
      <trkpt lat="9.001259" lon="-79.575312">
        <time>2026-08-25T10:48:44Z</time>
      </trkpt>
      <trkpt lat="9.001278" lon="-79.575294">
        <time>2026-08-25T10:48:45Z</time>
      </trkpt>
      <trkpt lat="9.001298" lon="-79.575279">
        <time>2026-08-25T10:48:46Z</time>
      </trkpt>
      <trkpt lat="9.001318" lon="-79.575266">
        <time>2026-08-25T10:48:47Z</time>
      </trkpt>
      <trkpt lat="9.001339" lon="-79.575249">
        <time>2026-08-25T10:48:48Z</time>
      </trkpt>
      <trkpt lat="9.001359" lon="-79.575233">
        <time>2026-08-25T10:48:49Z</time>
      </trkpt>
      <trkpt lat="9.001379" lon="-79.575215">
        <time>2026-08-25T10:48:50Z</time>
      </trkpt>
      <trkpt lat="9.001397" lon="-79.575198">
        <time>2026-08-25T10:48:51Z</time>
      </trkpt>
      <trkpt lat="9.001416" lon="-79.575180">
        <time>2026-08-25T10:48:52Z</time>
      </trkpt>
      <trkpt lat="9.001436" lon="-79.575166">
        <time>2026-08-25T10:48:53Z</time>
      </trkpt>
      <trkpt lat="9.001455" lon="-79.575153">
        <time>2026-08-25T10:48:54Z</time>
      </trkpt>
      <trkpt lat="9.001472" lon="-79.575141">
        <time>2026-08-25T10:48:55Z</time>
      </trkpt>
      <trkpt lat="9.001491" lon="-79.575127">
        <time>2026-08-25T10:48:56Z</time>
      </trkpt>
      <trkpt lat="9.001509" lon="-79.575112">
        <time>2026-08-25T10:48:57Z</time>
      </trkpt>
      <trkpt lat="9.001528" lon="-79.575101">
        <time>2026-08-25T10:48:58Z</time>
      </trkpt>
      <trkpt lat="9.001547" lon="-79.575090">
        <time>2026-08-25T10:48:59Z</time>
      </trkpt>
      <trkpt lat="9.001565" lon="-79.575077">
        <time>2026-08-25T10:49:00Z</time>
      </trkpt>
      <trkpt lat="9.001582" lon="-79.575062">
        <time>2026-08-25T10:49:01Z</time>
      </trkpt>
      <trkpt lat="9.001599" lon="-79.575047">
        <time>2026-08-25T10:49:02Z</time>
      </trkpt>
      <trkpt lat="9.001616" lon="-79.575030">
        <time>2026-08-25T10:49:03Z</time>
      </trkpt>
      <trkpt lat="9.001634" lon="-79.575016">
        <time>2026-08-25T10:49:04Z</time>
      </trkpt>
      <trkpt lat="9.001653" lon="-79.575003">
        <time>2026-08-25T10:49:05Z</time>
      </trkpt>
      <trkpt lat="9.001669" lon="-79.574989">
        <time>2026-08-25T10:49:06Z</time>
      </trkpt>
      <trkpt lat="9.001683" lon="-79.574972">
        <time>2026-08-25T10:49:07Z</time>
      </trkpt>
      <trkpt lat="9.001699" lon="-79.574957">
        <time>2026-08-25T10:49:08Z</time>
      </trkpt>
      <trkpt lat="9.001714" lon="-79.574942">
        <time>2026-08-25T10:49:09Z</time>
      </trkpt>
      <trkpt lat="9.001731" lon="-79.574926">
        <time>2026-08-25T10:49:10Z</time>
      </trkpt>
      <trkpt lat="9.001750" lon="-79.574911">
        <time>2026-08-25T10:49:11Z</time>
      </trkpt>
      <trkpt lat="9.001766" lon="-79.574898">
        <time>2026-08-25T10:49:12Z</time>
      </trkpt>
      <trkpt lat="9.001780" lon="-79.574884">
        <time>2026-08-25T10:49:13Z</time>
      </trkpt>
      <trkpt lat="9.001795" lon="-79.574873">
        <time>2026-08-25T10:49:14Z</time>
      </trkpt>
      <trkpt lat="9.001812" lon="-79.574860">
        <time>2026-08-25T10:49:15Z</time>
      </trkpt>
      <trkpt lat="9.001829" lon="-79.574845">
        <time>2026-08-25T10:49:16Z</time>
      </trkpt>
      <trkpt lat="9.001846" lon="-79.574830">
        <time>2026-08-25T10:49:17Z</time>
      </trkpt>
      <trkpt lat="9.001862" lon="-79.574819">
        <time>2026-08-25T10:49:18Z</time>
      </trkpt>
      <trkpt lat="9.001880" lon="-79.574805">
        <time>2026-08-25T10:49:19Z</time>
      </trkpt>
      <trkpt lat="9.001899" lon="-79.574792">
        <time>2026-08-25T10:49:20Z</time>
      </trkpt>
      <trkpt lat="9.001917" lon="-79.574779">
        <time>2026-08-25T10:49:21Z</time>
      </trkpt>
      <trkpt lat="9.001932" lon="-79.574760">
        <time>2026-08-25T10:49:22Z</time>
      </trkpt>
      <trkpt lat="9.001951" lon="-79.574743">
        <time>2026-08-25T10:49:23Z</time>
      </trkpt>
      <trkpt lat="9.001967" lon="-79.574728">
        <time>2026-08-25T10:49:24Z</time>
      </trkpt>
      <trkpt lat="9.001986" lon="-79.574713">
        <time>2026-08-25T10:49:25Z</time>
      </trkpt>
      <trkpt lat="9.002006" lon="-79.574696">
        <time>2026-08-25T10:49:26Z</time>
      </trkpt>
      <trkpt lat="9.002025" lon="-79.574683">
        <time>2026-08-25T10:49:27Z</time>
      </trkpt>
      <trkpt lat="9.002044" lon="-79.574670">
        <time>2026-08-25T10:49:28Z</time>
      </trkpt>
      <trkpt lat="9.002063" lon="-79.574655">
        <time>2026-08-25T10:49:29Z</time>
      </trkpt>
      <trkpt lat="9.002081" lon="-79.574645">
        <time>2026-08-25T10:49:30Z</time>
      </trkpt>
      <trkpt lat="9.002095" lon="-79.574632">
        <time>2026-08-25T10:49:31Z</time>
      </trkpt>
      <trkpt lat="9.002114" lon="-79.574619">
        <time>2026-08-25T10:49:32Z</time>
      </trkpt>
      <trkpt lat="9.002132" lon="-79.574609">
        <time>2026-08-25T10:49:33Z</time>
      </trkpt>
      <trkpt lat="9.002150" lon="-79.574596">
        <time>2026-08-25T10:49:34Z</time>
      </trkpt>
      <trkpt lat="9.002168" lon="-79.574578">
        <time>2026-08-25T10:49:35Z</time>
      </trkpt>
      <trkpt lat="9.002185" lon="-79.574564">
        <time>2026-08-25T10:49:36Z</time>
      </trkpt>
      <trkpt lat="9.002202" lon="-79.574551">
        <time>2026-08-25T10:49:37Z</time>
      </trkpt>
      <trkpt lat="9.002220" lon="-79.574536">
        <time>2026-08-25T10:49:38Z</time>
      </trkpt>
      <trkpt lat="9.002236" lon="-79.574522">
        <time>2026-08-25T10:49:39Z</time>
      </trkpt>
      <trkpt lat="9.002253" lon="-79.574508">
        <time>2026-08-25T10:49:40Z</time>
      </trkpt>
      <trkpt lat="9.002267" lon="-79.574493">
        <time>2026-08-25T10:49:41Z</time>
      </trkpt>
      <trkpt lat="9.002284" lon="-79.574477">
        <time>2026-08-25T10:49:42Z</time>
      </trkpt>
      <trkpt lat="9.002301" lon="-79.574463">
        <time>2026-08-25T10:49:43Z</time>
      </trkpt>
      <trkpt lat="9.002319" lon="-79.574448">
        <time>2026-08-25T10:49:44Z</time>
      </trkpt>
      <trkpt lat="9.002338" lon="-79.574437">
        <time>2026-08-25T10:49:45Z</time>
      </trkpt>
      <trkpt lat="9.002355" lon="-79.574425">
        <time>2026-08-25T10:49:46Z</time>
      </trkpt>
      <trkpt lat="9.002371" lon="-79.574410">
        <time>2026-08-25T10:49:47Z</time>
      </trkpt>
      <trkpt lat="9.002387" lon="-79.574396">
        <time>2026-08-25T10:49:48Z</time>
      </trkpt>
      <trkpt lat="9.002402" lon="-79.574384">
        <time>2026-08-25T10:49:49Z</time>
      </trkpt>
      <trkpt lat="9.002420" lon="-79.574370">
        <time>2026-08-25T10:49:50Z</time>
      </trkpt>
      <trkpt lat="9.002439" lon="-79.574354">
        <time>2026-08-25T10:49:51Z</time>
      </trkpt>
      <trkpt lat="9.002455" lon="-79.574340">
        <time>2026-08-25T10:49:52Z</time>
      </trkpt>
      <trkpt lat="9.002473" lon="-79.574324">
        <time>2026-08-25T10:49:53Z</time>
      </trkpt>
      <trkpt lat="9.002491" lon="-79.574310">
        <time>2026-08-25T10:49:54Z</time>
      </trkpt>
      <trkpt lat="9.002511" lon="-79.574297">
        <time>2026-08-25T10:49:55Z</time>
      </trkpt>
      <trkpt lat="9.002529" lon="-79.574283">
        <time>2026-08-25T10:49:56Z</time>
      </trkpt>
      <trkpt lat="9.002550" lon="-79.574272">
        <time>2026-08-25T10:49:57Z</time>
      </trkpt>
      <trkpt lat="9.002569" lon="-79.574258">
        <time>2026-08-25T10:49:58Z</time>
      </trkpt>
      <trkpt lat="9.002589" lon="-79.574242">
        <time>2026-08-25T10:49:59Z</time>
      </trkpt>
      <trkpt lat="9.002607" lon="-79.574227">
        <time>2026-08-25T10:50:00Z</time>
      </trkpt>
      <trkpt lat="9.002624" lon="-79.574217">
        <time>2026-08-25T10:50:01Z</time>
      </trkpt>
      <trkpt lat="9.002645" lon="-79.574204">
        <time>2026-08-25T10:50:02Z</time>
      </trkpt>
      <trkpt lat="9.002664" lon="-79.574191">
        <time>2026-08-25T10:50:03Z</time>
      </trkpt>
      <trkpt lat="9.002684" lon="-79.574179">
        <time>2026-08-25T10:50:04Z</time>
      </trkpt>
      <trkpt lat="9.002703" lon="-79.574167">
        <time>2026-08-25T10:50:05Z</time>
      </trkpt>
      <trkpt lat="9.002723" lon="-79.574155">
        <time>2026-08-25T10:50:06Z</time>
      </trkpt>
      <trkpt lat="9.002741" lon="-79.574143">
        <time>2026-08-25T10:50:07Z</time>
      </trkpt>
      <trkpt lat="9.002758" lon="-79.574128">
        <time>2026-08-25T10:50:08Z</time>
      </trkpt>
      <trkpt lat="9.002777" lon="-79.574113">
        <time>2026-08-25T10:50:09Z</time>
      </trkpt>
      <trkpt lat="9.002795" lon="-79.574102">
        <time>2026-08-25T10:50:10Z</time>
      </trkpt>
      <trkpt lat="9.002810" lon="-79.574086">
        <time>2026-08-25T10:50:11Z</time>
      </trkpt>
      <trkpt lat="9.002825" lon="-79.574072">
        <time>2026-08-25T10:50:12Z</time>
      </trkpt>
      <trkpt lat="9.002840" lon="-79.574058">
        <time>2026-08-25T10:50:13Z</time>
      </trkpt>
      <trkpt lat="9.002854" lon="-79.574045">
        <time>2026-08-25T10:50:14Z</time>
      </trkpt>
      <trkpt lat="9.002870" lon="-79.574028">
        <time>2026-08-25T10:50:15Z</time>
      </trkpt>
      <trkpt lat="9.002886" lon="-79.574013">
        <time>2026-08-25T10:50:16Z</time>
      </trkpt>
      <trkpt lat="9.002902" lon="-79.573999">
        <time>2026-08-25T10:50:17Z</time>
      </trkpt>
      <trkpt lat="9.002919" lon="-79.573983">
        <time>2026-08-25T10:50:18Z</time>
      </trkpt>
      <trkpt lat="9.002936" lon="-79.573971">
        <time>2026-08-25T10:50:19Z</time>
      </trkpt>
      <trkpt lat="9.002952" lon="-79.573956">
        <time>2026-08-25T10:50:20Z</time>
      </trkpt>
      <trkpt lat="9.002970" lon="-79.573941">
        <time>2026-08-25T10:50:21Z</time>
      </trkpt>
      <trkpt lat="9.002986" lon="-79.573930">
        <time>2026-08-25T10:50:22Z</time>
      </trkpt>
      <trkpt lat="9.003002" lon="-79.573920">
        <time>2026-08-25T10:50:23Z</time>
      </trkpt>
      <trkpt lat="9.003018" lon="-79.573906">
        <time>2026-08-25T10:50:24Z</time>
      </trkpt>
      <trkpt lat="9.003032" lon="-79.573890">
        <time>2026-08-25T10:50:25Z</time>
      </trkpt>
      <trkpt lat="9.003048" lon="-79.573878">
        <time>2026-08-25T10:50:26Z</time>
      </trkpt>
      <trkpt lat="9.003066" lon="-79.573867">
        <time>2026-08-25T10:50:27Z</time>
      </trkpt>
      <trkpt lat="9.003085" lon="-79.573858">
        <time>2026-08-25T10:50:28Z</time>
      </trkpt>
      <trkpt lat="9.003102" lon="-79.573850">
        <time>2026-08-25T10:50:29Z</time>
      </trkpt>
      <trkpt lat="9.003118" lon="-79.573838">
        <time>2026-08-25T10:50:30Z</time>
      </trkpt>
      <trkpt lat="9.003135" lon="-79.573821">
        <time>2026-08-25T10:50:31Z</time>
      </trkpt>
      <trkpt lat="9.003151" lon="-79.573805">
        <time>2026-08-25T10:50:32Z</time>
      </trkpt>
      <trkpt lat="9.003165" lon="-79.573793">
        <time>2026-08-25T10:50:33Z</time>
      </trkpt>
      <trkpt lat="9.003180" lon="-79.573778">
        <time>2026-08-25T10:50:34Z</time>
      </trkpt>
      <trkpt lat="9.003197" lon="-79.573761">
        <time>2026-08-25T10:50:35Z</time>
      </trkpt>
      <trkpt lat="9.003214" lon="-79.573747">
        <time>2026-08-25T10:50:36Z</time>
      </trkpt>
      <trkpt lat="9.003230" lon="-79.573729">
        <time>2026-08-25T10:50:37Z</time>
      </trkpt>
      <trkpt lat="9.003243" lon="-79.573706">
        <time>2026-08-25T10:50:38Z</time>
      </trkpt>
      <trkpt lat="9.003259" lon="-79.573688">
        <time>2026-08-25T10:50:39Z</time>
      </trkpt>
      <trkpt lat="9.003275" lon="-79.573674">
        <time>2026-08-25T10:50:40Z</time>
      </trkpt>
      <trkpt lat="9.003292" lon="-79.573661">
        <time>2026-08-25T10:50:41Z</time>
      </trkpt>
      <trkpt lat="9.003307" lon="-79.573648">
        <time>2026-08-25T10:50:42Z</time>
      </trkpt>
      <trkpt lat="9.003321" lon="-79.573636">
        <time>2026-08-25T10:50:43Z</time>
      </trkpt>
      <trkpt lat="9.003336" lon="-79.573624">
        <time>2026-08-25T10:50:44Z</time>
      </trkpt>
      <trkpt lat="9.003351" lon="-79.573611">
        <time>2026-08-25T10:50:45Z</time>
      </trkpt>
      <trkpt lat="9.003367" lon="-79.573598">
        <time>2026-08-25T10:50:46Z</time>
      </trkpt>
      <trkpt lat="9.003384" lon="-79.573585">
        <time>2026-08-25T10:50:47Z</time>
      </trkpt>
      <trkpt lat="9.003401" lon="-79.573571">
        <time>2026-08-25T10:50:48Z</time>
      </trkpt>
      <trkpt lat="9.003417" lon="-79.573560">
        <time>2026-08-25T10:50:49Z</time>
      </trkpt>
      <trkpt lat="9.003435" lon="-79.573548">
        <time>2026-08-25T10:50:50Z</time>
      </trkpt>
      <trkpt lat="9.003454" lon="-79.573537">
        <time>2026-08-25T10:50:51Z</time>
      </trkpt>
      <trkpt lat="9.003473" lon="-79.573530">
        <time>2026-08-25T10:50:52Z</time>
      </trkpt>
      <trkpt lat="9.003493" lon="-79.573522">
        <time>2026-08-25T10:50:53Z</time>
      </trkpt>
      <trkpt lat="9.003512" lon="-79.573512">
        <time>2026-08-25T10:50:54Z</time>
      </trkpt>
      <trkpt lat="9.003530" lon="-79.573498">
        <time>2026-08-25T10:50:55Z</time>
      </trkpt>
      <trkpt lat="9.003546" lon="-79.573484">
        <time>2026-08-25T10:50:56Z</time>
      </trkpt>
      <trkpt lat="9.003565" lon="-79.573472">
        <time>2026-08-25T10:50:57Z</time>
      </trkpt>
      <trkpt lat="9.003584" lon="-79.573461">
        <time>2026-08-25T10:50:58Z</time>
      </trkpt>
      <trkpt lat="9.003603" lon="-79.573449">
        <time>2026-08-25T10:50:59Z</time>
      </trkpt>
      <trkpt lat="9.003622" lon="-79.573436">
        <time>2026-08-25T10:51:00Z</time>
      </trkpt>
      <trkpt lat="9.003640" lon="-79.573423">
        <time>2026-08-25T10:51:01Z</time>
      </trkpt>
      <trkpt lat="9.003657" lon="-79.573409">
        <time>2026-08-25T10:51:02Z</time>
      </trkpt>
      <trkpt lat="9.003674" lon="-79.573396">
        <time>2026-08-25T10:51:03Z</time>
      </trkpt>
      <trkpt lat="9.003691" lon="-79.573380">
        <time>2026-08-25T10:51:04Z</time>
      </trkpt>
      <trkpt lat="9.003708" lon="-79.573367">
        <time>2026-08-25T10:51:05Z</time>
      </trkpt>
      <trkpt lat="9.003726" lon="-79.573350">
        <time>2026-08-25T10:51:06Z</time>
      </trkpt>
      <trkpt lat="9.003744" lon="-79.573335">
        <time>2026-08-25T10:51:07Z</time>
      </trkpt>
      <trkpt lat="9.003759" lon="-79.573321">
        <time>2026-08-25T10:51:08Z</time>
      </trkpt>
      <trkpt lat="9.003776" lon="-79.573307">
        <time>2026-08-25T10:51:09Z</time>
      </trkpt>
      <trkpt lat="9.003790" lon="-79.573292">
        <time>2026-08-25T10:51:10Z</time>
      </trkpt>
      <trkpt lat="9.003805" lon="-79.573280">
        <time>2026-08-25T10:51:11Z</time>
      </trkpt>
      <trkpt lat="9.003822" lon="-79.573266">
        <time>2026-08-25T10:51:12Z</time>
      </trkpt>
      <trkpt lat="9.003839" lon="-79.573249">
        <time>2026-08-25T10:51:13Z</time>
      </trkpt>
      <trkpt lat="9.003856" lon="-79.573234">
        <time>2026-08-25T10:51:14Z</time>
      </trkpt>
      <trkpt lat="9.003875" lon="-79.573221">
        <time>2026-08-25T10:51:15Z</time>
      </trkpt>
      <trkpt lat="9.003893" lon="-79.573208">
        <time>2026-08-25T10:51:16Z</time>
      </trkpt>
      <trkpt lat="9.003909" lon="-79.573194">
        <time>2026-08-25T10:51:17Z</time>
      </trkpt>
      <trkpt lat="9.003924" lon="-79.573179">
        <time>2026-08-25T10:51:18Z</time>
      </trkpt>
      <trkpt lat="9.003941" lon="-79.573162">
        <time>2026-08-25T10:51:19Z</time>
      </trkpt>
      <trkpt lat="9.003961" lon="-79.573149">
        <time>2026-08-25T10:51:20Z</time>
      </trkpt>
      <trkpt lat="9.003980" lon="-79.573134">
        <time>2026-08-25T10:51:21Z</time>
      </trkpt>
      <trkpt lat="9.003999" lon="-79.573119">
        <time>2026-08-25T10:51:22Z</time>
      </trkpt>
      <trkpt lat="9.004019" lon="-79.573106">
        <time>2026-08-25T10:51:23Z</time>
      </trkpt>
      <trkpt lat="9.004039" lon="-79.573093">
        <time>2026-08-25T10:51:24Z</time>
      </trkpt>
      <trkpt lat="9.004057" lon="-79.573077">
        <time>2026-08-25T10:51:25Z</time>
      </trkpt>
      <trkpt lat="9.004074" lon="-79.573065">
        <time>2026-08-25T10:51:26Z</time>
      </trkpt>
      <trkpt lat="9.004091" lon="-79.573052">
        <time>2026-08-25T10:51:27Z</time>
      </trkpt>
      <trkpt lat="9.004109" lon="-79.573038">
        <time>2026-08-25T10:51:28Z</time>
      </trkpt>
      <trkpt lat="9.004123" lon="-79.573021">
        <time>2026-08-25T10:51:29Z</time>
      </trkpt>
      <trkpt lat="9.004139" lon="-79.573007">
        <time>2026-08-25T10:51:30Z</time>
      </trkpt>
      <trkpt lat="9.004154" lon="-79.572991">
        <time>2026-08-25T10:51:31Z</time>
      </trkpt>
      <trkpt lat="9.004170" lon="-79.572974">
        <time>2026-08-25T10:51:32Z</time>
      </trkpt>
      <trkpt lat="9.004185" lon="-79.572960">
        <time>2026-08-25T10:51:33Z</time>
      </trkpt>
      <trkpt lat="9.004199" lon="-79.572944">
        <time>2026-08-25T10:51:34Z</time>
      </trkpt>
      <trkpt lat="9.004215" lon="-79.572928">
        <time>2026-08-25T10:51:35Z</time>
      </trkpt>
      <trkpt lat="9.004229" lon="-79.572915">
        <time>2026-08-25T10:51:36Z</time>
      </trkpt>
      <trkpt lat="9.004245" lon="-79.572900">
        <time>2026-08-25T10:51:37Z</time>
      </trkpt>
      <trkpt lat="9.004262" lon="-79.572884">
        <time>2026-08-25T10:51:38Z</time>
      </trkpt>
      <trkpt lat="9.004278" lon="-79.572871">
        <time>2026-08-25T10:51:39Z</time>
      </trkpt>
      <trkpt lat="9.004294" lon="-79.572851">
        <time>2026-08-25T10:51:40Z</time>
      </trkpt>
      <trkpt lat="9.004315" lon="-79.572837">
        <time>2026-08-25T10:51:41Z</time>
      </trkpt>
      <trkpt lat="9.004331" lon="-79.572821">
        <time>2026-08-25T10:51:42Z</time>
      </trkpt>
      <trkpt lat="9.004348" lon="-79.572804">
        <time>2026-08-25T10:51:43Z</time>
      </trkpt>
      <trkpt lat="9.004364" lon="-79.572785">
        <time>2026-08-25T10:51:44Z</time>
      </trkpt>
      <trkpt lat="9.004377" lon="-79.572768">
        <time>2026-08-25T10:51:45Z</time>
      </trkpt>
      <trkpt lat="9.004393" lon="-79.572753">
        <time>2026-08-25T10:51:46Z</time>
      </trkpt>
      <trkpt lat="9.004407" lon="-79.572735">
        <time>2026-08-25T10:51:47Z</time>
      </trkpt>
      <trkpt lat="9.004420" lon="-79.572717">
        <time>2026-08-25T10:51:48Z</time>
      </trkpt>
      <trkpt lat="9.004435" lon="-79.572700">
        <time>2026-08-25T10:51:49Z</time>
      </trkpt>
      <trkpt lat="9.004449" lon="-79.572681">
        <time>2026-08-25T10:51:50Z</time>
      </trkpt>
      <trkpt lat="9.004464" lon="-79.572663">
        <time>2026-08-25T10:51:51Z</time>
      </trkpt>
      <trkpt lat="9.004480" lon="-79.572643">
        <time>2026-08-25T10:51:52Z</time>
      </trkpt>
      <trkpt lat="9.004495" lon="-79.572624">
        <time>2026-08-25T10:51:53Z</time>
      </trkpt>
      <trkpt lat="9.004508" lon="-79.572606">
        <time>2026-08-25T10:51:54Z</time>
      </trkpt>
      <trkpt lat="9.004522" lon="-79.572589">
        <time>2026-08-25T10:51:55Z</time>
      </trkpt>
      <trkpt lat="9.004535" lon="-79.572571">
        <time>2026-08-25T10:51:56Z</time>
      </trkpt>
      <trkpt lat="9.004545" lon="-79.572553">
        <time>2026-08-25T10:51:57Z</time>
      </trkpt>
      <trkpt lat="9.004560" lon="-79.572536">
        <time>2026-08-25T10:51:58Z</time>
      </trkpt>
      <trkpt lat="9.004573" lon="-79.572519">
        <time>2026-08-25T10:51:59Z</time>
      </trkpt>
      <trkpt lat="9.004584" lon="-79.572498">
        <time>2026-08-25T10:52:00Z</time>
      </trkpt>
      <trkpt lat="9.004597" lon="-79.572479">
        <time>2026-08-25T10:52:01Z</time>
      </trkpt>
      <trkpt lat="9.004609" lon="-79.572457">
        <time>2026-08-25T10:52:02Z</time>
      </trkpt>
      <trkpt lat="9.004622" lon="-79.572434">
        <time>2026-08-25T10:52:03Z</time>
      </trkpt>
      <trkpt lat="9.004636" lon="-79.572414">
        <time>2026-08-25T10:52:04Z</time>
      </trkpt>
      <trkpt lat="9.004648" lon="-79.572396">
        <time>2026-08-25T10:52:05Z</time>
      </trkpt>
      <trkpt lat="9.004660" lon="-79.572373">
        <time>2026-08-25T10:52:06Z</time>
      </trkpt>
      <trkpt lat="9.004670" lon="-79.572354">
        <time>2026-08-25T10:52:07Z</time>
      </trkpt>
      <trkpt lat="9.004680" lon="-79.572333">
        <time>2026-08-25T10:52:08Z</time>
      </trkpt>
      <trkpt lat="9.004688" lon="-79.572306">
        <time>2026-08-25T10:52:09Z</time>
      </trkpt>
      <trkpt lat="9.004699" lon="-79.572284">
        <time>2026-08-25T10:52:10Z</time>
      </trkpt>
      <trkpt lat="9.004709" lon="-79.572263">
        <time>2026-08-25T10:52:11Z</time>
      </trkpt>
      <trkpt lat="9.004714" lon="-79.572240">
        <time>2026-08-25T10:52:12Z</time>
      </trkpt>
      <trkpt lat="9.004721" lon="-79.572219">
        <time>2026-08-25T10:52:13Z</time>
      </trkpt>
      <trkpt lat="9.004730" lon="-79.572198">
        <time>2026-08-25T10:52:14Z</time>
      </trkpt>
      <trkpt lat="9.004736" lon="-79.572178">
        <time>2026-08-25T10:52:15Z</time>
      </trkpt>
      <trkpt lat="9.004744" lon="-79.572158">
        <time>2026-08-25T10:52:16Z</time>
      </trkpt>
      <trkpt lat="9.004755" lon="-79.572140">
        <time>2026-08-25T10:52:17Z</time>
      </trkpt>
      <trkpt lat="9.004765" lon="-79.572117">
        <time>2026-08-25T10:52:18Z</time>
      </trkpt>
      <trkpt lat="9.004776" lon="-79.572096">
        <time>2026-08-25T10:52:19Z</time>
      </trkpt>
      <trkpt lat="9.004783" lon="-79.572075">
        <time>2026-08-25T10:52:20Z</time>
      </trkpt>
      <trkpt lat="9.004791" lon="-79.572054">
        <time>2026-08-25T10:52:21Z</time>
      </trkpt>
      <trkpt lat="9.004797" lon="-79.572032">
        <time>2026-08-25T10:52:22Z</time>
      </trkpt>
      <trkpt lat="9.004805" lon="-79.572009">
        <time>2026-08-25T10:52:23Z</time>
      </trkpt>
      <trkpt lat="9.004810" lon="-79.571986">
        <time>2026-08-25T10:52:24Z</time>
      </trkpt>
      <trkpt lat="9.004814" lon="-79.571962">
        <time>2026-08-25T10:52:25Z</time>
      </trkpt>
      <trkpt lat="9.004821" lon="-79.571940">
        <time>2026-08-25T10:52:26Z</time>
      </trkpt>
      <trkpt lat="9.004826" lon="-79.571917">
        <time>2026-08-25T10:52:27Z</time>
      </trkpt>
      <trkpt lat="9.004827" lon="-79.571890">
        <time>2026-08-25T10:52:28Z</time>
      </trkpt>
      <trkpt lat="9.004830" lon="-79.571866">
        <time>2026-08-25T10:52:29Z</time>
      </trkpt>
      <trkpt lat="9.004834" lon="-79.571844">
        <time>2026-08-25T10:52:30Z</time>
      </trkpt>
      <trkpt lat="9.004838" lon="-79.571820">
        <time>2026-08-25T10:52:31Z</time>
      </trkpt>
      <trkpt lat="9.004840" lon="-79.571798">
        <time>2026-08-25T10:52:32Z</time>
      </trkpt>
      <trkpt lat="9.004843" lon="-79.571777">
        <time>2026-08-25T10:52:33Z</time>
      </trkpt>
      <trkpt lat="9.004847" lon="-79.571752">
        <time>2026-08-25T10:52:34Z</time>
      </trkpt>
      <trkpt lat="9.004847" lon="-79.571730">
        <time>2026-08-25T10:52:35Z</time>
      </trkpt>
      <trkpt lat="9.004851" lon="-79.571708">
        <time>2026-08-25T10:52:36Z</time>
      </trkpt>
      <trkpt lat="9.004853" lon="-79.571684">
        <time>2026-08-25T10:52:37Z</time>
      </trkpt>
      <trkpt lat="9.004854" lon="-79.571660">
        <time>2026-08-25T10:52:38Z</time>
      </trkpt>
      <trkpt lat="9.004858" lon="-79.571638">
        <time>2026-08-25T10:52:39Z</time>
      </trkpt>
      <trkpt lat="9.004858" lon="-79.571615">
        <time>2026-08-25T10:52:40Z</time>
      </trkpt>
      <trkpt lat="9.004860" lon="-79.571589">
        <time>2026-08-25T10:52:41Z</time>
      </trkpt>
      <trkpt lat="9.004866" lon="-79.571567">
        <time>2026-08-25T10:52:42Z</time>
      </trkpt>
      <trkpt lat="9.004868" lon="-79.571546">
        <time>2026-08-25T10:52:43Z</time>
      </trkpt>
      <trkpt lat="9.004872" lon="-79.571522">
        <time>2026-08-25T10:52:44Z</time>
      </trkpt>
      <trkpt lat="9.004875" lon="-79.571502">
        <time>2026-08-25T10:52:45Z</time>
      </trkpt>
      <trkpt lat="9.004880" lon="-79.571483">
        <time>2026-08-25T10:52:46Z</time>
      </trkpt>
      <trkpt lat="9.004884" lon="-79.571468">
        <time>2026-08-25T10:52:47Z</time>
      </trkpt>
      <trkpt lat="9.004891" lon="-79.571458">
        <time>2026-08-25T10:52:48Z</time>
      </trkpt>
      <trkpt lat="9.004900" lon="-79.571438">
        <time>2026-08-25T10:52:49Z</time>
      </trkpt>
      <trkpt lat="9.004901" lon="-79.571416">
        <time>2026-08-25T10:52:50Z</time>
      </trkpt>
      <trkpt lat="9.004902" lon="-79.571394">
        <time>2026-08-25T10:52:51Z</time>
      </trkpt>
      <trkpt lat="9.004905" lon="-79.571373">
        <time>2026-08-25T10:52:52Z</time>
      </trkpt>
      <trkpt lat="9.004903" lon="-79.571350">
        <time>2026-08-25T10:52:53Z</time>
      </trkpt>
      <trkpt lat="9.004906" lon="-79.571326">
        <time>2026-08-25T10:52:54Z</time>
      </trkpt>
      <trkpt lat="9.004912" lon="-79.571301">
        <time>2026-08-25T10:52:55Z</time>
      </trkpt>
      <trkpt lat="9.004914" lon="-79.571278">
        <time>2026-08-25T10:52:56Z</time>
      </trkpt>
      <trkpt lat="9.004916" lon="-79.571256">
        <time>2026-08-25T10:52:57Z</time>
      </trkpt>
      <trkpt lat="9.004918" lon="-79.571232">
        <time>2026-08-25T10:52:58Z</time>
      </trkpt>
      <trkpt lat="9.004923" lon="-79.571208">
        <time>2026-08-25T10:52:59Z</time>
      </trkpt>
      <trkpt lat="9.004925" lon="-79.571185">
        <time>2026-08-25T10:53:00Z</time>
      </trkpt>
      <trkpt lat="9.004927" lon="-79.571161">
        <time>2026-08-25T10:53:01Z</time>
      </trkpt>
      <trkpt lat="9.004929" lon="-79.571137">
        <time>2026-08-25T10:53:02Z</time>
      </trkpt>
      <trkpt lat="9.004932" lon="-79.571116">
        <time>2026-08-25T10:53:03Z</time>
      </trkpt>
      <trkpt lat="9.004930" lon="-79.571093">
        <time>2026-08-25T10:53:04Z</time>
      </trkpt>
      <trkpt lat="9.004929" lon="-79.571071">
        <time>2026-08-25T10:53:05Z</time>
      </trkpt>
      <trkpt lat="9.004926" lon="-79.571051">
        <time>2026-08-25T10:53:06Z</time>
      </trkpt>
      <trkpt lat="9.004924" lon="-79.571037">
        <time>2026-08-25T10:53:07Z</time>
      </trkpt>
      <trkpt lat="9.004925" lon="-79.571026">
        <time>2026-08-25T10:53:08Z</time>
      </trkpt>
      <trkpt lat="9.004924" lon="-79.571010">
        <time>2026-08-25T10:53:09Z</time>
      </trkpt>
      <trkpt lat="9.004924" lon="-79.570998">
        <time>2026-08-25T10:53:10Z</time>
      </trkpt>
      <trkpt lat="9.004923" lon="-79.570984">
        <time>2026-08-25T10:53:11Z</time>
      </trkpt>
      <trkpt lat="9.004924" lon="-79.570965">
        <time>2026-08-25T10:53:12Z</time>
      </trkpt>
      <trkpt lat="9.004921" lon="-79.570947">
        <time>2026-08-25T10:53:13Z</time>
      </trkpt>
      <trkpt lat="9.004921" lon="-79.570924">
        <time>2026-08-25T10:53:14Z</time>
      </trkpt>
      <trkpt lat="9.004923" lon="-79.570903">
        <time>2026-08-25T10:53:15Z</time>
      </trkpt>
      <trkpt lat="9.004921" lon="-79.570883">
        <time>2026-08-25T10:53:16Z</time>
      </trkpt>
      <trkpt lat="9.004923" lon="-79.570863">
        <time>2026-08-25T10:53:17Z</time>
      </trkpt>
      <trkpt lat="9.004931" lon="-79.570844">
        <time>2026-08-25T10:53:18Z</time>
      </trkpt>
      <trkpt lat="9.004936" lon="-79.570825">
        <time>2026-08-25T10:53:19Z</time>
      </trkpt>
      <trkpt lat="9.004941" lon="-79.570806">
        <time>2026-08-25T10:53:20Z</time>
      </trkpt>
      <trkpt lat="9.004944" lon="-79.570786">
        <time>2026-08-25T10:53:21Z</time>
      </trkpt>
      <trkpt lat="9.004951" lon="-79.570767">
        <time>2026-08-25T10:53:22Z</time>
      </trkpt>
      <trkpt lat="9.004954" lon="-79.570748">
        <time>2026-08-25T10:53:23Z</time>
      </trkpt>
      <trkpt lat="9.004957" lon="-79.570728">
        <time>2026-08-25T10:53:24Z</time>
      </trkpt>
      <trkpt lat="9.004962" lon="-79.570708">
        <time>2026-08-25T10:53:25Z</time>
      </trkpt>
      <trkpt lat="9.004961" lon="-79.570688">
        <time>2026-08-25T10:53:26Z</time>
      </trkpt>
      <trkpt lat="9.004965" lon="-79.570666">
        <time>2026-08-25T10:53:27Z</time>
      </trkpt>
      <trkpt lat="9.004971" lon="-79.570648">
        <time>2026-08-25T10:53:28Z</time>
      </trkpt>
      <trkpt lat="9.004974" lon="-79.570633">
        <time>2026-08-25T10:53:29Z</time>
      </trkpt>
      <trkpt lat="9.004979" lon="-79.570615">
        <time>2026-08-25T10:53:30Z</time>
      </trkpt>
      <trkpt lat="9.004984" lon="-79.570596">
        <time>2026-08-25T10:53:31Z</time>
      </trkpt>
      <trkpt lat="9.004991" lon="-79.570579">
        <time>2026-08-25T10:53:32Z</time>
      </trkpt>
      <trkpt lat="9.004996" lon="-79.570560">
        <time>2026-08-25T10:53:33Z</time>
      </trkpt>
      <trkpt lat="9.005001" lon="-79.570539">
        <time>2026-08-25T10:53:34Z</time>
      </trkpt>
      <trkpt lat="9.005009" lon="-79.570524">
        <time>2026-08-25T10:53:35Z</time>
      </trkpt>
      <trkpt lat="9.005015" lon="-79.570508">
        <time>2026-08-25T10:53:36Z</time>
      </trkpt>
      <trkpt lat="9.005021" lon="-79.570497">
        <time>2026-08-25T10:53:37Z</time>
      </trkpt>
      <trkpt lat="9.005025" lon="-79.570483">
        <time>2026-08-25T10:53:38Z</time>
      </trkpt>
      <trkpt lat="9.005032" lon="-79.570466">
        <time>2026-08-25T10:53:39Z</time>
      </trkpt>
      <trkpt lat="9.005043" lon="-79.570446">
        <time>2026-08-25T10:53:40Z</time>
      </trkpt>
      <trkpt lat="9.005052" lon="-79.570428">
        <time>2026-08-25T10:53:41Z</time>
      </trkpt>
      <trkpt lat="9.005060" lon="-79.570408">
        <time>2026-08-25T10:53:42Z</time>
      </trkpt>
      <trkpt lat="9.005067" lon="-79.570386">
        <time>2026-08-25T10:53:43Z</time>
      </trkpt>
      <trkpt lat="9.005073" lon="-79.570367">
        <time>2026-08-25T10:53:44Z</time>
      </trkpt>
      <trkpt lat="9.005080" lon="-79.570350">
        <time>2026-08-25T10:53:45Z</time>
      </trkpt>
      <trkpt lat="9.005081" lon="-79.570328">
        <time>2026-08-25T10:53:46Z</time>
      </trkpt>
      <trkpt lat="9.005082" lon="-79.570308">
        <time>2026-08-25T10:53:47Z</time>
      </trkpt>
      <trkpt lat="9.005086" lon="-79.570289">
        <time>2026-08-25T10:53:48Z</time>
      </trkpt>
      <trkpt lat="9.005091" lon="-79.570270">
        <time>2026-08-25T10:53:49Z</time>
      </trkpt>
      <trkpt lat="9.005096" lon="-79.570251">
        <time>2026-08-25T10:53:50Z</time>
      </trkpt>
      <trkpt lat="9.005100" lon="-79.570233">
        <time>2026-08-25T10:53:51Z</time>
      </trkpt>
      <trkpt lat="9.005106" lon="-79.570217">
        <time>2026-08-25T10:53:52Z</time>
      </trkpt>
      <trkpt lat="9.005113" lon="-79.570197">
        <time>2026-08-25T10:53:53Z</time>
      </trkpt>
      <trkpt lat="9.005121" lon="-79.570175">
        <time>2026-08-25T10:53:54Z</time>
      </trkpt>
      <trkpt lat="9.005127" lon="-79.570157">
        <time>2026-08-25T10:53:55Z</time>
      </trkpt>
      <trkpt lat="9.005132" lon="-79.570136">
        <time>2026-08-25T10:53:56Z</time>
      </trkpt>
      <trkpt lat="9.005137" lon="-79.570114">
        <time>2026-08-25T10:53:57Z</time>
      </trkpt>
      <trkpt lat="9.005144" lon="-79.570094">
        <time>2026-08-25T10:53:58Z</time>
      </trkpt>
      <trkpt lat="9.005149" lon="-79.570073">
        <time>2026-08-25T10:53:59Z</time>
      </trkpt>
      <trkpt lat="9.005154" lon="-79.570053">
        <time>2026-08-25T10:54:00Z</time>
      </trkpt>
      <trkpt lat="9.005160" lon="-79.570035">
        <time>2026-08-25T10:54:01Z</time>
      </trkpt>
      <trkpt lat="9.005167" lon="-79.570017">
        <time>2026-08-25T10:54:02Z</time>
      </trkpt>
      <trkpt lat="9.005172" lon="-79.569998">
        <time>2026-08-25T10:54:03Z</time>
      </trkpt>
      <trkpt lat="9.005179" lon="-79.569979">
        <time>2026-08-25T10:54:04Z</time>
      </trkpt>
      <trkpt lat="9.005186" lon="-79.569961">
        <time>2026-08-25T10:54:05Z</time>
      </trkpt>
      <trkpt lat="9.005192" lon="-79.569940">
        <time>2026-08-25T10:54:06Z</time>
      </trkpt>
      <trkpt lat="9.005201" lon="-79.569920">
        <time>2026-08-25T10:54:07Z</time>
      </trkpt>
      <trkpt lat="9.005210" lon="-79.569903">
        <time>2026-08-25T10:54:08Z</time>
      </trkpt>
      <trkpt lat="9.005216" lon="-79.569887">
        <time>2026-08-25T10:54:09Z</time>
      </trkpt>
      <trkpt lat="9.005224" lon="-79.569869">
        <time>2026-08-25T10:54:10Z</time>
      </trkpt>
      <trkpt lat="9.005236" lon="-79.569852">
        <time>2026-08-25T10:54:11Z</time>
      </trkpt>
      <trkpt lat="9.005247" lon="-79.569836">
        <time>2026-08-25T10:54:12Z</time>
      </trkpt>
      <trkpt lat="9.005257" lon="-79.569818">
        <time>2026-08-25T10:54:13Z</time>
      </trkpt>
      <trkpt lat="9.005267" lon="-79.569802">
        <time>2026-08-25T10:54:14Z</time>
      </trkpt>
      <trkpt lat="9.005275" lon="-79.569783">
        <time>2026-08-25T10:54:15Z</time>
      </trkpt>
      <trkpt lat="9.005278" lon="-79.569766">
        <time>2026-08-25T10:54:16Z</time>
      </trkpt>
      <trkpt lat="9.005286" lon="-79.569746">
        <time>2026-08-25T10:54:17Z</time>
      </trkpt>
      <trkpt lat="9.005293" lon="-79.569729">
        <time>2026-08-25T10:54:18Z</time>
      </trkpt>
      <trkpt lat="9.005300" lon="-79.569710">
        <time>2026-08-25T10:54:19Z</time>
      </trkpt>
      <trkpt lat="9.005306" lon="-79.569691">
        <time>2026-08-25T10:54:20Z</time>
      </trkpt>
      <trkpt lat="9.005314" lon="-79.569674">
        <time>2026-08-25T10:54:21Z</time>
      </trkpt>
      <trkpt lat="9.005322" lon="-79.569656">
        <time>2026-08-25T10:54:22Z</time>
      </trkpt>
      <trkpt lat="9.005328" lon="-79.569637">
        <time>2026-08-25T10:54:23Z</time>
      </trkpt>
      <trkpt lat="9.005334" lon="-79.569617">
        <time>2026-08-25T10:54:24Z</time>
      </trkpt>
      <trkpt lat="9.005340" lon="-79.569598">
        <time>2026-08-25T10:54:25Z</time>
      </trkpt>
      <trkpt lat="9.005347" lon="-79.569579">
        <time>2026-08-25T10:54:26Z</time>
      </trkpt>
      <trkpt lat="9.005354" lon="-79.569560">
        <time>2026-08-25T10:54:27Z</time>
      </trkpt>
      <trkpt lat="9.005362" lon="-79.569540">
        <time>2026-08-25T10:54:28Z</time>
      </trkpt>
      <trkpt lat="9.005368" lon="-79.569520">
        <time>2026-08-25T10:54:29Z</time>
      </trkpt>
      <trkpt lat="9.005373" lon="-79.569500">
        <time>2026-08-25T10:54:30Z</time>
      </trkpt>
      <trkpt lat="9.005380" lon="-79.569480">
        <time>2026-08-25T10:54:31Z</time>
      </trkpt>
      <trkpt lat="9.005389" lon="-79.569460">
        <time>2026-08-25T10:54:32Z</time>
      </trkpt>
      <trkpt lat="9.005394" lon="-79.569442">
        <time>2026-08-25T10:54:33Z</time>
      </trkpt>
      <trkpt lat="9.005398" lon="-79.569423">
        <time>2026-08-25T10:54:34Z</time>
      </trkpt>
      <trkpt lat="9.005403" lon="-79.569403">
        <time>2026-08-25T10:54:35Z</time>
      </trkpt>
      <trkpt lat="9.005404" lon="-79.569383">
        <time>2026-08-25T10:54:36Z</time>
      </trkpt>
      <trkpt lat="9.005406" lon="-79.569362">
        <time>2026-08-25T10:54:37Z</time>
      </trkpt>
      <trkpt lat="9.005410" lon="-79.569341">
        <time>2026-08-25T10:54:38Z</time>
      </trkpt>
      <trkpt lat="9.005416" lon="-79.569321">
        <time>2026-08-25T10:54:39Z</time>
      </trkpt>
      <trkpt lat="9.005420" lon="-79.569299">
        <time>2026-08-25T10:54:40Z</time>
      </trkpt>
      <trkpt lat="9.005427" lon="-79.569278">
        <time>2026-08-25T10:54:41Z</time>
      </trkpt>
      <trkpt lat="9.005431" lon="-79.569260">
        <time>2026-08-25T10:54:42Z</time>
      </trkpt>
      <trkpt lat="9.005439" lon="-79.569242">
        <time>2026-08-25T10:54:43Z</time>
      </trkpt>
      <trkpt lat="9.005440" lon="-79.569219">
        <time>2026-08-25T10:54:44Z</time>
      </trkpt>
      <trkpt lat="9.005442" lon="-79.569198">
        <time>2026-08-25T10:54:45Z</time>
      </trkpt>
      <trkpt lat="9.005447" lon="-79.569175">
        <time>2026-08-25T10:54:46Z</time>
      </trkpt>
      <trkpt lat="9.005455" lon="-79.569154">
        <time>2026-08-25T10:54:47Z</time>
      </trkpt>
      <trkpt lat="9.005461" lon="-79.569136">
        <time>2026-08-25T10:54:48Z</time>
      </trkpt>
      <trkpt lat="9.005467" lon="-79.569116">
        <time>2026-08-25T10:54:49Z</time>
      </trkpt>
      <trkpt lat="9.005475" lon="-79.569094">
        <time>2026-08-25T10:54:50Z</time>
      </trkpt>
      <trkpt lat="9.005482" lon="-79.569073">
        <time>2026-08-25T10:54:51Z</time>
      </trkpt>
      <trkpt lat="9.005488" lon="-79.569053">
        <time>2026-08-25T10:54:52Z</time>
      </trkpt>
      <trkpt lat="9.005495" lon="-79.569032">
        <time>2026-08-25T10:54:53Z</time>
      </trkpt>
      <trkpt lat="9.005502" lon="-79.569012">
        <time>2026-08-25T10:54:54Z</time>
      </trkpt>
      <trkpt lat="9.005510" lon="-79.568995">
        <time>2026-08-25T10:54:55Z</time>
      </trkpt>
      <trkpt lat="9.005517" lon="-79.568977">
        <time>2026-08-25T10:54:56Z</time>
      </trkpt>
      <trkpt lat="9.005523" lon="-79.568960">
        <time>2026-08-25T10:54:57Z</time>
      </trkpt>
      <trkpt lat="9.005528" lon="-79.568942">
        <time>2026-08-25T10:54:58Z</time>
      </trkpt>
      <trkpt lat="9.005534" lon="-79.568922">
        <time>2026-08-25T10:54:59Z</time>
      </trkpt>
      <trkpt lat="9.005542" lon="-79.568901">
        <time>2026-08-25T10:55:00Z</time>
      </trkpt>
      <trkpt lat="9.005548" lon="-79.568883">
        <time>2026-08-25T10:55:01Z</time>
      </trkpt>
      <trkpt lat="9.005557" lon="-79.568864">
        <time>2026-08-25T10:55:02Z</time>
      </trkpt>
      <trkpt lat="9.005560" lon="-79.568844">
        <time>2026-08-25T10:55:03Z</time>
      </trkpt>
      <trkpt lat="9.005566" lon="-79.568824">
        <time>2026-08-25T10:55:04Z</time>
      </trkpt>
      <trkpt lat="9.005570" lon="-79.568803">
        <time>2026-08-25T10:55:05Z</time>
      </trkpt>
      <trkpt lat="9.005574" lon="-79.568784">
        <time>2026-08-25T10:55:06Z</time>
      </trkpt>
      <trkpt lat="9.005578" lon="-79.568764">
        <time>2026-08-25T10:55:07Z</time>
      </trkpt>
      <trkpt lat="9.005582" lon="-79.568745">
        <time>2026-08-25T10:55:08Z</time>
      </trkpt>
      <trkpt lat="9.005584" lon="-79.568730">
        <time>2026-08-25T10:55:09Z</time>
      </trkpt>
      <trkpt lat="9.005591" lon="-79.568711">
        <time>2026-08-25T10:55:10Z</time>
      </trkpt>
      <trkpt lat="9.005598" lon="-79.568691">
        <time>2026-08-25T10:55:11Z</time>
      </trkpt>
      <trkpt lat="9.005603" lon="-79.568670">
        <time>2026-08-25T10:55:12Z</time>
      </trkpt>
      <trkpt lat="9.005607" lon="-79.568655">
        <time>2026-08-25T10:55:13Z</time>
      </trkpt>
      <trkpt lat="9.005613" lon="-79.568636">
        <time>2026-08-25T10:55:14Z</time>
      </trkpt>
      <trkpt lat="9.005617" lon="-79.568613">
        <time>2026-08-25T10:55:15Z</time>
      </trkpt>
      <trkpt lat="9.005624" lon="-79.568594">
        <time>2026-08-25T10:55:16Z</time>
      </trkpt>
      <trkpt lat="9.005627" lon="-79.568575">
        <time>2026-08-25T10:55:17Z</time>
      </trkpt>
      <trkpt lat="9.005631" lon="-79.568550">
        <time>2026-08-25T10:55:18Z</time>
      </trkpt>
      <trkpt lat="9.005631" lon="-79.568530">
        <time>2026-08-25T10:55:19Z</time>
      </trkpt>
      <trkpt lat="9.005630" lon="-79.568509">
        <time>2026-08-25T10:55:20Z</time>
      </trkpt>
      <trkpt lat="9.005632" lon="-79.568488">
        <time>2026-08-25T10:55:21Z</time>
      </trkpt>
      <trkpt lat="9.005637" lon="-79.568470">
        <time>2026-08-25T10:55:22Z</time>
      </trkpt>
      <trkpt lat="9.005643" lon="-79.568452">
        <time>2026-08-25T10:55:23Z</time>
      </trkpt>
      <trkpt lat="9.005643" lon="-79.568432">
        <time>2026-08-25T10:55:24Z</time>
      </trkpt>
      <trkpt lat="9.005650" lon="-79.568415">
        <time>2026-08-25T10:55:25Z</time>
      </trkpt>
      <trkpt lat="9.005659" lon="-79.568401">
        <time>2026-08-25T10:55:26Z</time>
      </trkpt>
      <trkpt lat="9.005668" lon="-79.568384">
        <time>2026-08-25T10:55:27Z</time>
      </trkpt>
      <trkpt lat="9.005676" lon="-79.568367">
        <time>2026-08-25T10:55:28Z</time>
      </trkpt>
      <trkpt lat="9.005688" lon="-79.568350">
        <time>2026-08-25T10:55:29Z</time>
      </trkpt>
      <trkpt lat="9.005697" lon="-79.568333">
        <time>2026-08-25T10:55:30Z</time>
      </trkpt>
      <trkpt lat="9.005709" lon="-79.568316">
        <time>2026-08-25T10:55:31Z</time>
      </trkpt>
      <trkpt lat="9.005719" lon="-79.568301">
        <time>2026-08-25T10:55:32Z</time>
      </trkpt>
      <trkpt lat="9.005729" lon="-79.568286">
        <time>2026-08-25T10:55:33Z</time>
      </trkpt>
      <trkpt lat="9.005739" lon="-79.568269">
        <time>2026-08-25T10:55:34Z</time>
      </trkpt>
      <trkpt lat="9.005752" lon="-79.568256">
        <time>2026-08-25T10:55:35Z</time>
      </trkpt>
      <trkpt lat="9.005765" lon="-79.568242">
        <time>2026-08-25T10:55:36Z</time>
      </trkpt>
      <trkpt lat="9.005777" lon="-79.568227">
        <time>2026-08-25T10:55:37Z</time>
      </trkpt>
      <trkpt lat="9.005788" lon="-79.568208">
        <time>2026-08-25T10:55:38Z</time>
      </trkpt>
      <trkpt lat="9.005800" lon="-79.568189">
        <time>2026-08-25T10:55:39Z</time>
      </trkpt>
      <trkpt lat="9.005810" lon="-79.568171">
        <time>2026-08-25T10:55:40Z</time>
      </trkpt>
      <trkpt lat="9.005819" lon="-79.568151">
        <time>2026-08-25T10:55:41Z</time>
      </trkpt>
      <trkpt lat="9.005828" lon="-79.568135">
        <time>2026-08-25T10:55:42Z</time>
      </trkpt>
      <trkpt lat="9.005837" lon="-79.568117">
        <time>2026-08-25T10:55:43Z</time>
      </trkpt>
      <trkpt lat="9.005843" lon="-79.568100">
        <time>2026-08-25T10:55:44Z</time>
      </trkpt>
      <trkpt lat="9.005848" lon="-79.568080">
        <time>2026-08-25T10:55:45Z</time>
      </trkpt>
      <trkpt lat="9.005851" lon="-79.568061">
        <time>2026-08-25T10:55:46Z</time>
      </trkpt>
      <trkpt lat="9.005854" lon="-79.568044">
        <time>2026-08-25T10:55:47Z</time>
      </trkpt>
      <trkpt lat="9.005855" lon="-79.568024">
        <time>2026-08-25T10:55:48Z</time>
      </trkpt>
      <trkpt lat="9.005851" lon="-79.568004">
        <time>2026-08-25T10:55:49Z</time>
      </trkpt>
      <trkpt lat="9.005843" lon="-79.567985">
        <time>2026-08-25T10:55:50Z</time>
      </trkpt>
      <trkpt lat="9.005832" lon="-79.567964">
        <time>2026-08-25T10:55:51Z</time>
      </trkpt>
      <trkpt lat="9.005820" lon="-79.567946">
        <time>2026-08-25T10:55:52Z</time>
      </trkpt>
      <trkpt lat="9.005809" lon="-79.567931">
        <time>2026-08-25T10:55:53Z</time>
      </trkpt>
      <trkpt lat="9.005794" lon="-79.567915">
        <time>2026-08-25T10:55:54Z</time>
      </trkpt>
      <trkpt lat="9.005782" lon="-79.567897">
        <time>2026-08-25T10:55:55Z</time>
      </trkpt>
      <trkpt lat="9.005770" lon="-79.567881">
        <time>2026-08-25T10:55:56Z</time>
      </trkpt>
      <trkpt lat="9.005757" lon="-79.567865">
        <time>2026-08-25T10:55:57Z</time>
      </trkpt>
      <trkpt lat="9.005743" lon="-79.567849">
        <time>2026-08-25T10:55:58Z</time>
      </trkpt>
      <trkpt lat="9.005727" lon="-79.567834">
        <time>2026-08-25T10:55:59Z</time>
      </trkpt>
      <trkpt lat="9.005713" lon="-79.567818">
        <time>2026-08-25T10:56:00Z</time>
      </trkpt>
      <trkpt lat="9.005700" lon="-79.567803">
        <time>2026-08-25T10:56:01Z</time>
      </trkpt>
      <trkpt lat="9.005684" lon="-79.567787">
        <time>2026-08-25T10:56:02Z</time>
      </trkpt>
      <trkpt lat="9.005670" lon="-79.567771">
        <time>2026-08-25T10:56:03Z</time>
      </trkpt>
      <trkpt lat="9.005655" lon="-79.567755">
        <time>2026-08-25T10:56:04Z</time>
      </trkpt>
      <trkpt lat="9.005639" lon="-79.567739">
        <time>2026-08-25T10:56:05Z</time>
      </trkpt>
      <trkpt lat="9.005626" lon="-79.567721">
        <time>2026-08-25T10:56:06Z</time>
      </trkpt>
      <trkpt lat="9.005614" lon="-79.567704">
        <time>2026-08-25T10:56:07Z</time>
      </trkpt>
      <trkpt lat="9.005602" lon="-79.567688">
        <time>2026-08-25T10:56:08Z</time>
      </trkpt>
      <trkpt lat="9.005590" lon="-79.567668">
        <time>2026-08-25T10:56:09Z</time>
      </trkpt>
      <trkpt lat="9.005577" lon="-79.567649">
        <time>2026-08-25T10:56:10Z</time>
      </trkpt>
      <trkpt lat="9.005563" lon="-79.567631">
        <time>2026-08-25T10:56:11Z</time>
      </trkpt>
      <trkpt lat="9.005550" lon="-79.567614">
        <time>2026-08-25T10:56:12Z</time>
      </trkpt>
      <trkpt lat="9.005534" lon="-79.567596">
        <time>2026-08-25T10:56:13Z</time>
      </trkpt>
      <trkpt lat="9.005520" lon="-79.567578">
        <time>2026-08-25T10:56:14Z</time>
      </trkpt>
      <trkpt lat="9.005508" lon="-79.567560">
        <time>2026-08-25T10:56:15Z</time>
      </trkpt>
      <trkpt lat="9.005497" lon="-79.567542">
        <time>2026-08-25T10:56:16Z</time>
      </trkpt>
      <trkpt lat="9.005482" lon="-79.567523">
        <time>2026-08-25T10:56:17Z</time>
      </trkpt>
      <trkpt lat="9.005470" lon="-79.567503">
        <time>2026-08-25T10:56:18Z</time>
      </trkpt>
      <trkpt lat="9.005461" lon="-79.567485">
        <time>2026-08-25T10:56:19Z</time>
      </trkpt>
      <trkpt lat="9.005447" lon="-79.567464">
        <time>2026-08-25T10:56:20Z</time>
      </trkpt>
      <trkpt lat="9.005433" lon="-79.567443">
        <time>2026-08-25T10:56:21Z</time>
      </trkpt>
      <trkpt lat="9.005423" lon="-79.567426">
        <time>2026-08-25T10:56:22Z</time>
      </trkpt>
      <trkpt lat="9.005411" lon="-79.567410">
        <time>2026-08-25T10:56:23Z</time>
      </trkpt>
      <trkpt lat="9.005399" lon="-79.567390">
        <time>2026-08-25T10:56:24Z</time>
      </trkpt>
      <trkpt lat="9.005388" lon="-79.567370">
        <time>2026-08-25T10:56:25Z</time>
      </trkpt>
      <trkpt lat="9.005376" lon="-79.567352">
        <time>2026-08-25T10:56:26Z</time>
      </trkpt>
      <trkpt lat="9.005366" lon="-79.567334">
        <time>2026-08-25T10:56:27Z</time>
      </trkpt>
      <trkpt lat="9.005357" lon="-79.567314">
        <time>2026-08-25T10:56:28Z</time>
      </trkpt>
      <trkpt lat="9.005350" lon="-79.567293">
        <time>2026-08-25T10:56:29Z</time>
      </trkpt>
      <trkpt lat="9.005341" lon="-79.567273">
        <time>2026-08-25T10:56:30Z</time>
      </trkpt>
      <trkpt lat="9.005334" lon="-79.567255">
        <time>2026-08-25T10:56:31Z</time>
      </trkpt>
      <trkpt lat="9.005321" lon="-79.567235">
        <time>2026-08-25T10:56:32Z</time>
      </trkpt>
      <trkpt lat="9.005312" lon="-79.567215">
        <time>2026-08-25T10:56:33Z</time>
      </trkpt>
      <trkpt lat="9.005301" lon="-79.567195">
        <time>2026-08-25T10:56:34Z</time>
      </trkpt>
      <trkpt lat="9.005290" lon="-79.567174">
        <time>2026-08-25T10:56:35Z</time>
      </trkpt>
      <trkpt lat="9.005278" lon="-79.567154">
        <time>2026-08-25T10:56:36Z</time>
      </trkpt>
      <trkpt lat="9.005270" lon="-79.567134">
        <time>2026-08-25T10:56:37Z</time>
      </trkpt>
      <trkpt lat="9.005258" lon="-79.567112">
        <time>2026-08-25T10:56:38Z</time>
      </trkpt>
      <trkpt lat="9.005248" lon="-79.567090">
        <time>2026-08-25T10:56:39Z</time>
      </trkpt>
      <trkpt lat="9.005241" lon="-79.567069">
        <time>2026-08-25T10:56:40Z</time>
      </trkpt>
      <trkpt lat="9.005231" lon="-79.567048">
        <time>2026-08-25T10:56:41Z</time>
      </trkpt>
      <trkpt lat="9.005218" lon="-79.567027">
        <time>2026-08-25T10:56:42Z</time>
      </trkpt>
      <trkpt lat="9.005210" lon="-79.567006">
        <time>2026-08-25T10:56:43Z</time>
      </trkpt>
      <trkpt lat="9.005199" lon="-79.566986">
        <time>2026-08-25T10:56:44Z</time>
      </trkpt>
      <trkpt lat="9.005192" lon="-79.566964">
        <time>2026-08-25T10:56:45Z</time>
      </trkpt>
      <trkpt lat="9.005186" lon="-79.566943">
        <time>2026-08-25T10:56:46Z</time>
      </trkpt>
      <trkpt lat="9.005181" lon="-79.566921">
        <time>2026-08-25T10:56:47Z</time>
      </trkpt>
      <trkpt lat="9.005178" lon="-79.566898">
        <time>2026-08-25T10:56:48Z</time>
      </trkpt>
      <trkpt lat="9.005176" lon="-79.566876">
        <time>2026-08-25T10:56:49Z</time>
      </trkpt>
      <trkpt lat="9.005173" lon="-79.566856">
        <time>2026-08-25T10:56:50Z</time>
      </trkpt>
      <trkpt lat="9.005164" lon="-79.566836">
        <time>2026-08-25T10:56:51Z</time>
      </trkpt>
      <trkpt lat="9.005153" lon="-79.566816">
        <time>2026-08-25T10:56:52Z</time>
      </trkpt>
      <trkpt lat="9.005145" lon="-79.566798">
        <time>2026-08-25T10:56:53Z</time>
      </trkpt>
      <trkpt lat="9.005137" lon="-79.566777">
        <time>2026-08-25T10:56:54Z</time>
      </trkpt>
      <trkpt lat="9.005130" lon="-79.566757">
        <time>2026-08-25T10:56:55Z</time>
      </trkpt>
      <trkpt lat="9.005125" lon="-79.566740">
        <time>2026-08-25T10:56:56Z</time>
      </trkpt>
      <trkpt lat="9.005119" lon="-79.566720">
        <time>2026-08-25T10:56:57Z</time>
      </trkpt>
      <trkpt lat="9.005111" lon="-79.566700">
        <time>2026-08-25T10:56:58Z</time>
      </trkpt>
      <trkpt lat="9.005108" lon="-79.566682">
        <time>2026-08-25T10:56:59Z</time>
      </trkpt>
      <trkpt lat="9.005106" lon="-79.566660">
        <time>2026-08-25T10:57:00Z</time>
      </trkpt>
      <trkpt lat="9.005102" lon="-79.566638">
        <time>2026-08-25T10:57:01Z</time>
      </trkpt>
      <trkpt lat="9.005095" lon="-79.566617">
        <time>2026-08-25T10:57:02Z</time>
      </trkpt>
      <trkpt lat="9.005089" lon="-79.566598">
        <time>2026-08-25T10:57:03Z</time>
      </trkpt>
      <trkpt lat="9.005082" lon="-79.566580">
        <time>2026-08-25T10:57:04Z</time>
      </trkpt>
      <trkpt lat="9.005074" lon="-79.566560">
        <time>2026-08-25T10:57:05Z</time>
      </trkpt>
      <trkpt lat="9.005066" lon="-79.566542">
        <time>2026-08-25T10:57:06Z</time>
      </trkpt>
      <trkpt lat="9.005055" lon="-79.566522">
        <time>2026-08-25T10:57:07Z</time>
      </trkpt>
      <trkpt lat="9.005047" lon="-79.566500">
        <time>2026-08-25T10:57:08Z</time>
      </trkpt>
      <trkpt lat="9.005042" lon="-79.566481">
        <time>2026-08-25T10:57:09Z</time>
      </trkpt>
      <trkpt lat="9.005033" lon="-79.566459">
        <time>2026-08-25T10:57:10Z</time>
      </trkpt>
      <trkpt lat="9.005024" lon="-79.566437">
        <time>2026-08-25T10:57:11Z</time>
      </trkpt>
      <trkpt lat="9.005018" lon="-79.566417">
        <time>2026-08-25T10:57:12Z</time>
      </trkpt>
      <trkpt lat="9.005006" lon="-79.566395">
        <time>2026-08-25T10:57:13Z</time>
      </trkpt>
      <trkpt lat="9.004995" lon="-79.566374">
        <time>2026-08-25T10:57:14Z</time>
      </trkpt>
      <trkpt lat="9.004984" lon="-79.566351">
        <time>2026-08-25T10:57:15Z</time>
      </trkpt>
      <trkpt lat="9.004974" lon="-79.566331">
        <time>2026-08-25T10:57:16Z</time>
      </trkpt>
      <trkpt lat="9.004960" lon="-79.566312">
        <time>2026-08-25T10:57:17Z</time>
      </trkpt>
      <trkpt lat="9.004948" lon="-79.566289">
        <time>2026-08-25T10:57:18Z</time>
      </trkpt>
      <trkpt lat="9.004938" lon="-79.566266">
        <time>2026-08-25T10:57:19Z</time>
      </trkpt>
      <trkpt lat="9.004925" lon="-79.566245">
        <time>2026-08-25T10:57:20Z</time>
      </trkpt>
      <trkpt lat="9.004913" lon="-79.566224">
        <time>2026-08-25T10:57:21Z</time>
      </trkpt>
      <trkpt lat="9.004900" lon="-79.566203">
        <time>2026-08-25T10:57:22Z</time>
      </trkpt>
      <trkpt lat="9.004887" lon="-79.566183">
        <time>2026-08-25T10:57:23Z</time>
      </trkpt>
      <trkpt lat="9.004874" lon="-79.566165">
        <time>2026-08-25T10:57:24Z</time>
      </trkpt>
      <trkpt lat="9.004860" lon="-79.566145">
        <time>2026-08-25T10:57:25Z</time>
      </trkpt>
      <trkpt lat="9.004849" lon="-79.566125">
        <time>2026-08-25T10:57:26Z</time>
      </trkpt>
      <trkpt lat="9.004839" lon="-79.566100">
        <time>2026-08-25T10:57:27Z</time>
      </trkpt>
      <trkpt lat="9.004822" lon="-79.566079">
        <time>2026-08-25T10:57:28Z</time>
      </trkpt>
      <trkpt lat="9.004812" lon="-79.566063">
        <time>2026-08-25T10:57:29Z</time>
      </trkpt>
      <trkpt lat="9.004799" lon="-79.566045">
        <time>2026-08-25T10:57:30Z</time>
      </trkpt>
      <trkpt lat="9.004787" lon="-79.566027">
        <time>2026-08-25T10:57:31Z</time>
      </trkpt>
      <trkpt lat="9.004777" lon="-79.566010">
        <time>2026-08-25T10:57:32Z</time>
      </trkpt>
      <trkpt lat="9.004765" lon="-79.565996">
        <time>2026-08-25T10:57:33Z</time>
      </trkpt>
      <trkpt lat="9.004756" lon="-79.565985">
        <time>2026-08-25T10:57:34Z</time>
      </trkpt>
      <trkpt lat="9.004750" lon="-79.565974">
        <time>2026-08-25T10:57:35Z</time>
      </trkpt>
      <trkpt lat="9.004741" lon="-79.565959">
        <time>2026-08-25T10:57:36Z</time>
      </trkpt>
      <trkpt lat="9.004731" lon="-79.565945">
        <time>2026-08-25T10:57:37Z</time>
      </trkpt>
      <trkpt lat="9.004718" lon="-79.565927">
        <time>2026-08-25T10:57:38Z</time>
      </trkpt>
      <trkpt lat="9.004704" lon="-79.565907">
        <time>2026-08-25T10:57:39Z</time>
      </trkpt>
      <trkpt lat="9.004692" lon="-79.565885">
        <time>2026-08-25T10:57:40Z</time>
      </trkpt>
      <trkpt lat="9.004679" lon="-79.565865">
        <time>2026-08-25T10:57:41Z</time>
      </trkpt>
      <trkpt lat="9.004665" lon="-79.565842">
        <time>2026-08-25T10:57:42Z</time>
      </trkpt>
      <trkpt lat="9.004651" lon="-79.565820">
        <time>2026-08-25T10:57:43Z</time>
      </trkpt>
      <trkpt lat="9.004639" lon="-79.565800">
        <time>2026-08-25T10:57:44Z</time>
      </trkpt>
      <trkpt lat="9.004622" lon="-79.565781">
        <time>2026-08-25T10:57:45Z</time>
      </trkpt>
      <trkpt lat="9.004609" lon="-79.565758">
        <time>2026-08-25T10:57:46Z</time>
      </trkpt>
      <trkpt lat="9.004595" lon="-79.565735">
        <time>2026-08-25T10:57:47Z</time>
      </trkpt>
      <trkpt lat="9.004577" lon="-79.565715">
        <time>2026-08-25T10:57:48Z</time>
      </trkpt>
      <trkpt lat="9.004560" lon="-79.565693">
        <time>2026-08-25T10:57:49Z</time>
      </trkpt>
      <trkpt lat="9.004548" lon="-79.565674">
        <time>2026-08-25T10:57:50Z</time>
      </trkpt>
      <trkpt lat="9.004533" lon="-79.565655">
        <time>2026-08-25T10:57:51Z</time>
      </trkpt>
      <trkpt lat="9.004519" lon="-79.565636">
        <time>2026-08-25T10:57:52Z</time>
      </trkpt>
      <trkpt lat="9.004506" lon="-79.565618">
        <time>2026-08-25T10:57:53Z</time>
      </trkpt>
      <trkpt lat="9.004491" lon="-79.565598">
        <time>2026-08-25T10:57:54Z</time>
      </trkpt>
      <trkpt lat="9.004474" lon="-79.565579">
        <time>2026-08-25T10:57:55Z</time>
      </trkpt>
      <trkpt lat="9.004457" lon="-79.565559">
        <time>2026-08-25T10:57:56Z</time>
      </trkpt>
      <trkpt lat="9.004440" lon="-79.565540">
        <time>2026-08-25T10:57:57Z</time>
      </trkpt>
      <trkpt lat="9.004433" lon="-79.565526">
        <time>2026-08-25T10:57:58Z</time>
      </trkpt>
      <trkpt lat="9.004431" lon="-79.565520">
        <time>2026-08-25T10:57:59Z</time>
      </trkpt>
      <trkpt lat="9.004418" lon="-79.565512">
        <time>2026-08-25T10:58:00Z</time>
      </trkpt>
      <trkpt lat="9.004412" lon="-79.565503">
        <time>2026-08-25T10:58:01Z</time>
      </trkpt>
      <trkpt lat="9.004410" lon="-79.565492">
        <time>2026-08-25T10:58:02Z</time>
      </trkpt>
      <trkpt lat="9.004407" lon="-79.565479">
        <time>2026-08-25T10:58:03Z</time>
      </trkpt>
      <trkpt lat="9.004401" lon="-79.565464">
        <time>2026-08-25T10:58:04Z</time>
      </trkpt>
      <trkpt lat="9.004392" lon="-79.565449">
        <time>2026-08-25T10:58:05Z</time>
      </trkpt>
      <trkpt lat="9.004382" lon="-79.565434">
        <time>2026-08-25T10:58:06Z</time>
      </trkpt>
      <trkpt lat="9.004374" lon="-79.565420">
        <time>2026-08-25T10:58:07Z</time>
      </trkpt>
      <trkpt lat="9.004360" lon="-79.565403">
        <time>2026-08-25T10:58:08Z</time>
      </trkpt>
      <trkpt lat="9.004346" lon="-79.565387">
        <time>2026-08-25T10:58:09Z</time>
      </trkpt>
      <trkpt lat="9.004336" lon="-79.565368">
        <time>2026-08-25T10:58:10Z</time>
      </trkpt>
      <trkpt lat="9.004323" lon="-79.565349">
        <time>2026-08-25T10:58:11Z</time>
      </trkpt>
      <trkpt lat="9.004310" lon="-79.565331">
        <time>2026-08-25T10:58:12Z</time>
      </trkpt>
      <trkpt lat="9.004300" lon="-79.565314">
        <time>2026-08-25T10:58:13Z</time>
      </trkpt>
      <trkpt lat="9.004290" lon="-79.565293">
        <time>2026-08-25T10:58:14Z</time>
      </trkpt>
      <trkpt lat="9.004279" lon="-79.565274">
        <time>2026-08-25T10:58:15Z</time>
      </trkpt>
      <trkpt lat="9.004268" lon="-79.565256">
        <time>2026-08-25T10:58:16Z</time>
      </trkpt>
      <trkpt lat="9.004256" lon="-79.565237">
        <time>2026-08-25T10:58:17Z</time>
      </trkpt>
      <trkpt lat="9.004245" lon="-79.565217">
        <time>2026-08-25T10:58:18Z</time>
      </trkpt>
      <trkpt lat="9.004232" lon="-79.565199">
        <time>2026-08-25T10:58:19Z</time>
      </trkpt>
      <trkpt lat="9.004216" lon="-79.565182">
        <time>2026-08-25T10:58:20Z</time>
      </trkpt>
      <trkpt lat="9.004203" lon="-79.565164">
        <time>2026-08-25T10:58:21Z</time>
      </trkpt>
      <trkpt lat="9.004192" lon="-79.565146">
        <time>2026-08-25T10:58:22Z</time>
      </trkpt>
      <trkpt lat="9.004180" lon="-79.565125">
        <time>2026-08-25T10:58:23Z</time>
      </trkpt>
      <trkpt lat="9.004167" lon="-79.565105">
        <time>2026-08-25T10:58:24Z</time>
      </trkpt>
      <trkpt lat="9.004155" lon="-79.565086">
        <time>2026-08-25T10:58:25Z</time>
      </trkpt>
      <trkpt lat="9.004144" lon="-79.565062">
        <time>2026-08-25T10:58:26Z</time>
      </trkpt>
      <trkpt lat="9.004131" lon="-79.565043">
        <time>2026-08-25T10:58:27Z</time>
      </trkpt>
      <trkpt lat="9.004117" lon="-79.565026">
        <time>2026-08-25T10:58:28Z</time>
      </trkpt>
      <trkpt lat="9.004102" lon="-79.565003">
        <time>2026-08-25T10:58:29Z</time>
      </trkpt>
      <trkpt lat="9.004084" lon="-79.564977">
        <time>2026-08-25T10:58:30Z</time>
      </trkpt>
      <trkpt lat="9.004069" lon="-79.564953">
        <time>2026-08-25T10:58:31Z</time>
      </trkpt>
      <trkpt lat="9.004054" lon="-79.564934">
        <time>2026-08-25T10:58:32Z</time>
      </trkpt>
      <trkpt lat="9.004040" lon="-79.564914">
        <time>2026-08-25T10:58:33Z</time>
      </trkpt>
      <trkpt lat="9.004029" lon="-79.564893">
        <time>2026-08-25T10:58:34Z</time>
      </trkpt>
      <trkpt lat="9.004016" lon="-79.564870">
        <time>2026-08-25T10:58:35Z</time>
      </trkpt>
      <trkpt lat="9.004008" lon="-79.564850">
        <time>2026-08-25T10:58:36Z</time>
      </trkpt>
      <trkpt lat="9.003998" lon="-79.564829">
        <time>2026-08-25T10:58:37Z</time>
      </trkpt>
      <trkpt lat="9.003988" lon="-79.564807">
        <time>2026-08-25T10:58:38Z</time>
      </trkpt>
      <trkpt lat="9.003978" lon="-79.564785">
        <time>2026-08-25T10:58:39Z</time>
      </trkpt>
      <trkpt lat="9.003967" lon="-79.564761">
        <time>2026-08-25T10:58:40Z</time>
      </trkpt>
      <trkpt lat="9.003958" lon="-79.564740">
        <time>2026-08-25T10:58:41Z</time>
      </trkpt>
      <trkpt lat="9.003949" lon="-79.564717">
        <time>2026-08-25T10:58:42Z</time>
      </trkpt>
      <trkpt lat="9.003937" lon="-79.564696">
        <time>2026-08-25T10:58:43Z</time>
      </trkpt>
      <trkpt lat="9.003926" lon="-79.564674">
        <time>2026-08-25T10:58:44Z</time>
      </trkpt>
      <trkpt lat="9.003918" lon="-79.564652">
        <time>2026-08-25T10:58:45Z</time>
      </trkpt>
      <trkpt lat="9.003910" lon="-79.564629">
        <time>2026-08-25T10:58:46Z</time>
      </trkpt>
      <trkpt lat="9.003903" lon="-79.564607">
        <time>2026-08-25T10:58:47Z</time>
      </trkpt>
      <trkpt lat="9.003898" lon="-79.564586">
        <time>2026-08-25T10:58:48Z</time>
      </trkpt>
      <trkpt lat="9.003889" lon="-79.564562">
        <time>2026-08-25T10:58:49Z</time>
      </trkpt>
      <trkpt lat="9.003883" lon="-79.564540">
        <time>2026-08-25T10:58:50Z</time>
      </trkpt>
      <trkpt lat="9.003877" lon="-79.564518">
        <time>2026-08-25T10:58:51Z</time>
      </trkpt>
      <trkpt lat="9.003869" lon="-79.564492">
        <time>2026-08-25T10:58:52Z</time>
      </trkpt>
      <trkpt lat="9.003864" lon="-79.564470">
        <time>2026-08-25T10:58:53Z</time>
      </trkpt>
      <trkpt lat="9.003854" lon="-79.564448">
        <time>2026-08-25T10:58:54Z</time>
      </trkpt>
      <trkpt lat="9.003845" lon="-79.564423">
        <time>2026-08-25T10:58:55Z</time>
      </trkpt>
      <trkpt lat="9.003839" lon="-79.564399">
        <time>2026-08-25T10:58:56Z</time>
      </trkpt>
      <trkpt lat="9.003833" lon="-79.564374">
        <time>2026-08-25T10:58:57Z</time>
      </trkpt>
      <trkpt lat="9.003827" lon="-79.564350">
        <time>2026-08-25T10:58:58Z</time>
      </trkpt>
      <trkpt lat="9.003824" lon="-79.564330">
        <time>2026-08-25T10:58:59Z</time>
      </trkpt>
      <trkpt lat="9.003818" lon="-79.564305">
        <time>2026-08-25T10:59:00Z</time>
      </trkpt>
      <trkpt lat="9.003811" lon="-79.564283">
        <time>2026-08-25T10:59:01Z</time>
      </trkpt>
      <trkpt lat="9.003804" lon="-79.564261">
        <time>2026-08-25T10:59:02Z</time>
      </trkpt>
      <trkpt lat="9.003799" lon="-79.564237">
        <time>2026-08-25T10:59:03Z</time>
      </trkpt>
      <trkpt lat="9.003791" lon="-79.564214">
        <time>2026-08-25T10:59:04Z</time>
      </trkpt>
      <trkpt lat="9.003782" lon="-79.564190">
        <time>2026-08-25T10:59:05Z</time>
      </trkpt>
      <trkpt lat="9.003776" lon="-79.564169">
        <time>2026-08-25T10:59:06Z</time>
      </trkpt>
      <trkpt lat="9.003768" lon="-79.564144">
        <time>2026-08-25T10:59:07Z</time>
      </trkpt>
      <trkpt lat="9.003764" lon="-79.564121">
        <time>2026-08-25T10:59:08Z</time>
      </trkpt>
      <trkpt lat="9.003760" lon="-79.564098">
        <time>2026-08-25T10:59:09Z</time>
      </trkpt>
      <trkpt lat="9.003751" lon="-79.564075">
        <time>2026-08-25T10:59:10Z</time>
      </trkpt>
      <trkpt lat="9.003747" lon="-79.564052">
        <time>2026-08-25T10:59:11Z</time>
      </trkpt>
      <trkpt lat="9.003746" lon="-79.564027">
        <time>2026-08-25T10:59:12Z</time>
      </trkpt>
      <trkpt lat="9.003739" lon="-79.564003">
        <time>2026-08-25T10:59:13Z</time>
      </trkpt>
      <trkpt lat="9.003735" lon="-79.563980">
        <time>2026-08-25T10:59:14Z</time>
      </trkpt>
      <trkpt lat="9.003733" lon="-79.563957">
        <time>2026-08-25T10:59:15Z</time>
      </trkpt>
      <trkpt lat="9.003729" lon="-79.563934">
        <time>2026-08-25T10:59:16Z</time>
      </trkpt>
      <trkpt lat="9.003726" lon="-79.563913">
        <time>2026-08-25T10:59:17Z</time>
      </trkpt>
      <trkpt lat="9.003725" lon="-79.563889">
        <time>2026-08-25T10:59:18Z</time>
      </trkpt>
      <trkpt lat="9.003722" lon="-79.563866">
        <time>2026-08-25T10:59:19Z</time>
      </trkpt>
      <trkpt lat="9.003721" lon="-79.563842">
        <time>2026-08-25T10:59:20Z</time>
      </trkpt>
      <trkpt lat="9.003719" lon="-79.563818">
        <time>2026-08-25T10:59:21Z</time>
      </trkpt>
      <trkpt lat="9.003716" lon="-79.563795">
        <time>2026-08-25T10:59:22Z</time>
      </trkpt>
      <trkpt lat="9.003715" lon="-79.563773">
        <time>2026-08-25T10:59:23Z</time>
      </trkpt>
      <trkpt lat="9.003713" lon="-79.563748">
        <time>2026-08-25T10:59:24Z</time>
      </trkpt>
      <trkpt lat="9.003712" lon="-79.563726">
        <time>2026-08-25T10:59:25Z</time>
      </trkpt>
      <trkpt lat="9.003710" lon="-79.563702">
        <time>2026-08-25T10:59:26Z</time>
      </trkpt>
      <trkpt lat="9.003709" lon="-79.563677">
        <time>2026-08-25T10:59:27Z</time>
      </trkpt>
      <trkpt lat="9.003707" lon="-79.563656">
        <time>2026-08-25T10:59:28Z</time>
      </trkpt>
      <trkpt lat="9.003704" lon="-79.563634">
        <time>2026-08-25T10:59:29Z</time>
      </trkpt>
      <trkpt lat="9.003703" lon="-79.563607">
        <time>2026-08-25T10:59:30Z</time>
      </trkpt>
      <trkpt lat="9.003700" lon="-79.563584">
        <time>2026-08-25T10:59:31Z</time>
      </trkpt>
      <trkpt lat="9.003699" lon="-79.563560">
        <time>2026-08-25T10:59:32Z</time>
      </trkpt>
      <trkpt lat="9.003700" lon="-79.563534">
        <time>2026-08-25T10:59:33Z</time>
      </trkpt>
      <trkpt lat="9.003698" lon="-79.563510">
        <time>2026-08-25T10:59:34Z</time>
      </trkpt>
      <trkpt lat="9.003697" lon="-79.563490">
        <time>2026-08-25T10:59:35Z</time>
      </trkpt>
      <trkpt lat="9.003697" lon="-79.563464">
        <time>2026-08-25T10:59:36Z</time>
      </trkpt>
      <trkpt lat="9.003696" lon="-79.563437">
        <time>2026-08-25T10:59:37Z</time>
      </trkpt>
      <trkpt lat="9.003696" lon="-79.563412">
        <time>2026-08-25T10:59:38Z</time>
      </trkpt>
      <trkpt lat="9.003693" lon="-79.563391">
        <time>2026-08-25T10:59:39Z</time>
      </trkpt>
      <trkpt lat="9.003693" lon="-79.563366">
        <time>2026-08-25T10:59:40Z</time>
      </trkpt>
      <trkpt lat="9.003690" lon="-79.563344">
        <time>2026-08-25T10:59:41Z</time>
      </trkpt>
      <trkpt lat="9.003686" lon="-79.563324">
        <time>2026-08-25T10:59:42Z</time>
      </trkpt>
      <trkpt lat="9.003683" lon="-79.563305">
        <time>2026-08-25T10:59:43Z</time>
      </trkpt>
      <trkpt lat="9.003680" lon="-79.563286">
        <time>2026-08-25T10:59:44Z</time>
      </trkpt>
      <trkpt lat="9.003680" lon="-79.563269">
        <time>2026-08-25T10:59:45Z</time>
      </trkpt>
      <trkpt lat="9.003680" lon="-79.563251">
        <time>2026-08-25T10:59:46Z</time>
      </trkpt>
      <trkpt lat="9.003677" lon="-79.563232">
        <time>2026-08-25T10:59:47Z</time>
      </trkpt>
      <trkpt lat="9.003677" lon="-79.563214">
        <time>2026-08-25T10:59:48Z</time>
      </trkpt>
      <trkpt lat="9.003675" lon="-79.563195">
        <time>2026-08-25T10:59:49Z</time>
      </trkpt>
      <trkpt lat="9.003672" lon="-79.563175">
        <time>2026-08-25T10:59:50Z</time>
      </trkpt>
      <trkpt lat="9.003669" lon="-79.563154">
        <time>2026-08-25T10:59:51Z</time>
      </trkpt>
      <trkpt lat="9.003664" lon="-79.563134">
        <time>2026-08-25T10:59:52Z</time>
      </trkpt>
      <trkpt lat="9.003660" lon="-79.563115">
        <time>2026-08-25T10:59:53Z</time>
      </trkpt>
      <trkpt lat="9.003656" lon="-79.563096">
        <time>2026-08-25T10:59:54Z</time>
      </trkpt>
      <trkpt lat="9.003654" lon="-79.563076">
        <time>2026-08-25T10:59:55Z</time>
      </trkpt>
      <trkpt lat="9.003650" lon="-79.563056">
        <time>2026-08-25T10:59:56Z</time>
      </trkpt>
      <trkpt lat="9.003651" lon="-79.563038">
        <time>2026-08-25T10:59:57Z</time>
      </trkpt>
      <trkpt lat="9.003649" lon="-79.563017">
        <time>2026-08-25T10:59:58Z</time>
      </trkpt>
      <trkpt lat="9.003645" lon="-79.562997">
        <time>2026-08-25T10:59:59Z</time>
      </trkpt>
      <trkpt lat="9.003643" lon="-79.562977">
        <time>2026-08-25T11:00:00Z</time>
      </trkpt>
      <trkpt lat="9.003638" lon="-79.562956">
        <time>2026-08-25T11:00:01Z</time>
      </trkpt>
      <trkpt lat="9.003633" lon="-79.562935">
        <time>2026-08-25T11:00:02Z</time>
      </trkpt>
      <trkpt lat="9.003631" lon="-79.562915">
        <time>2026-08-25T11:00:03Z</time>
      </trkpt>
      <trkpt lat="9.003626" lon="-79.562896">
        <time>2026-08-25T11:00:04Z</time>
      </trkpt>
      <trkpt lat="9.003624" lon="-79.562874">
        <time>2026-08-25T11:00:05Z</time>
      </trkpt>
      <trkpt lat="9.003625" lon="-79.562856">
        <time>2026-08-25T11:00:06Z</time>
      </trkpt>
      <trkpt lat="9.003626" lon="-79.562835">
        <time>2026-08-25T11:00:07Z</time>
      </trkpt>
      <trkpt lat="9.003624" lon="-79.562813">
        <time>2026-08-25T11:00:08Z</time>
      </trkpt>
      <trkpt lat="9.003614" lon="-79.562794">
        <time>2026-08-25T11:00:09Z</time>
      </trkpt>
      <trkpt lat="9.003609" lon="-79.562773">
        <time>2026-08-25T11:00:10Z</time>
      </trkpt>
      <trkpt lat="9.003600" lon="-79.562751">
        <time>2026-08-25T11:00:11Z</time>
      </trkpt>
      <trkpt lat="9.003591" lon="-79.562730">
        <time>2026-08-25T11:00:12Z</time>
      </trkpt>
      <trkpt lat="9.003587" lon="-79.562710">
        <time>2026-08-25T11:00:13Z</time>
      </trkpt>
      <trkpt lat="9.003580" lon="-79.562686">
        <time>2026-08-25T11:00:14Z</time>
      </trkpt>
      <trkpt lat="9.003576" lon="-79.562666">
        <time>2026-08-25T11:00:15Z</time>
      </trkpt>
      <trkpt lat="9.003572" lon="-79.562645">
        <time>2026-08-25T11:00:16Z</time>
      </trkpt>
      <trkpt lat="9.003569" lon="-79.562622">
        <time>2026-08-25T11:00:17Z</time>
      </trkpt>
      <trkpt lat="9.003568" lon="-79.562600">
        <time>2026-08-25T11:00:18Z</time>
      </trkpt>
      <trkpt lat="9.003567" lon="-79.562579">
        <time>2026-08-25T11:00:19Z</time>
      </trkpt>
      <trkpt lat="9.003566" lon="-79.562558">
        <time>2026-08-25T11:00:20Z</time>
      </trkpt>
      <trkpt lat="9.003567" lon="-79.562537">
        <time>2026-08-25T11:00:21Z</time>
      </trkpt>
      <trkpt lat="9.003573" lon="-79.562517">
        <time>2026-08-25T11:00:22Z</time>
      </trkpt>
      <trkpt lat="9.003576" lon="-79.562498">
        <time>2026-08-25T11:00:23Z</time>
      </trkpt>
      <trkpt lat="9.003578" lon="-79.562476">
        <time>2026-08-25T11:00:24Z</time>
      </trkpt>
      <trkpt lat="9.003573" lon="-79.562454">
        <time>2026-08-25T11:00:25Z</time>
      </trkpt>
      <trkpt lat="9.003562" lon="-79.562432">
        <time>2026-08-25T11:00:26Z</time>
      </trkpt>
      <trkpt lat="9.003553" lon="-79.562409">
        <time>2026-08-25T11:00:27Z</time>
      </trkpt>
      <trkpt lat="9.003548" lon="-79.562388">
        <time>2026-08-25T11:00:28Z</time>
      </trkpt>
      <trkpt lat="9.003544" lon="-79.562365">
        <time>2026-08-25T11:00:29Z</time>
      </trkpt>
      <trkpt lat="9.003542" lon="-79.562342">
        <time>2026-08-25T11:00:30Z</time>
      </trkpt>
      <trkpt lat="9.003539" lon="-79.562320">
        <time>2026-08-25T11:00:31Z</time>
      </trkpt>
      <trkpt lat="9.003536" lon="-79.562298">
        <time>2026-08-25T11:00:32Z</time>
      </trkpt>
      <trkpt lat="9.003532" lon="-79.562273">
        <time>2026-08-25T11:00:33Z</time>
      </trkpt>
      <trkpt lat="9.003529" lon="-79.562250">
        <time>2026-08-25T11:00:34Z</time>
      </trkpt>
      <trkpt lat="9.003527" lon="-79.562224">
        <time>2026-08-25T11:00:35Z</time>
      </trkpt>
      <trkpt lat="9.003525" lon="-79.562200">
        <time>2026-08-25T11:00:36Z</time>
      </trkpt>
      <trkpt lat="9.003526" lon="-79.562179">
        <time>2026-08-25T11:00:37Z</time>
      </trkpt>
      <trkpt lat="9.003523" lon="-79.562155">
        <time>2026-08-25T11:00:38Z</time>
      </trkpt>
      <trkpt lat="9.003519" lon="-79.562129">
        <time>2026-08-25T11:00:39Z</time>
      </trkpt>
      <trkpt lat="9.003518" lon="-79.562108">
        <time>2026-08-25T11:00:40Z</time>
      </trkpt>
      <trkpt lat="9.003513" lon="-79.562084">
        <time>2026-08-25T11:00:41Z</time>
      </trkpt>
      <trkpt lat="9.003508" lon="-79.562060">
        <time>2026-08-25T11:00:42Z</time>
      </trkpt>
      <trkpt lat="9.003507" lon="-79.562039">
        <time>2026-08-25T11:00:43Z</time>
      </trkpt>
      <trkpt lat="9.003500" lon="-79.562014">
        <time>2026-08-25T11:00:44Z</time>
      </trkpt>
      <trkpt lat="9.003491" lon="-79.561988">
        <time>2026-08-25T11:00:45Z</time>
      </trkpt>
      <trkpt lat="9.003485" lon="-79.561967">
        <time>2026-08-25T11:00:46Z</time>
      </trkpt>
      <trkpt lat="9.003478" lon="-79.561943">
        <time>2026-08-25T11:00:47Z</time>
      </trkpt>
      <trkpt lat="9.003472" lon="-79.561920">
        <time>2026-08-25T11:00:48Z</time>
      </trkpt>
      <trkpt lat="9.003465" lon="-79.561898">
        <time>2026-08-25T11:00:49Z</time>
      </trkpt>
      <trkpt lat="9.003457" lon="-79.561876">
        <time>2026-08-25T11:00:50Z</time>
      </trkpt>
      <trkpt lat="9.003452" lon="-79.561855">
        <time>2026-08-25T11:00:51Z</time>
      </trkpt>
      <trkpt lat="9.003445" lon="-79.561832">
        <time>2026-08-25T11:00:52Z</time>
      </trkpt>
      <trkpt lat="9.003438" lon="-79.561809">
        <time>2026-08-25T11:00:53Z</time>
      </trkpt>
      <trkpt lat="9.003431" lon="-79.561788">
        <time>2026-08-25T11:00:54Z</time>
      </trkpt>
      <trkpt lat="9.003423" lon="-79.561765">
        <time>2026-08-25T11:00:55Z</time>
      </trkpt>
      <trkpt lat="9.003415" lon="-79.561742">
        <time>2026-08-25T11:00:56Z</time>
      </trkpt>
      <trkpt lat="9.003407" lon="-79.561718">
        <time>2026-08-25T11:00:57Z</time>
      </trkpt>
      <trkpt lat="9.003403" lon="-79.561693">
        <time>2026-08-25T11:00:58Z</time>
      </trkpt>
      <trkpt lat="9.003392" lon="-79.561672">
        <time>2026-08-25T11:00:59Z</time>
      </trkpt>
      <trkpt lat="9.003382" lon="-79.561650">
        <time>2026-08-25T11:01:00Z</time>
      </trkpt>
      <trkpt lat="9.003374" lon="-79.561628">
        <time>2026-08-25T11:01:01Z</time>
      </trkpt>
      <trkpt lat="9.003356" lon="-79.561605">
        <time>2026-08-25T11:01:02Z</time>
      </trkpt>
      <trkpt lat="9.003344" lon="-79.561581">
        <time>2026-08-25T11:01:03Z</time>
      </trkpt>
      <trkpt lat="9.003333" lon="-79.561560">
        <time>2026-08-25T11:01:04Z</time>
      </trkpt>
      <trkpt lat="9.003320" lon="-79.561541">
        <time>2026-08-25T11:01:05Z</time>
      </trkpt>
      <trkpt lat="9.003310" lon="-79.561520">
        <time>2026-08-25T11:01:06Z</time>
      </trkpt>
      <trkpt lat="9.003295" lon="-79.561498">
        <time>2026-08-25T11:01:07Z</time>
      </trkpt>
      <trkpt lat="9.003282" lon="-79.561480">
        <time>2026-08-25T11:01:08Z</time>
      </trkpt>
      <trkpt lat="9.003272" lon="-79.561460">
        <time>2026-08-25T11:01:09Z</time>
      </trkpt>
      <trkpt lat="9.003262" lon="-79.561440">
        <time>2026-08-25T11:01:10Z</time>
      </trkpt>
      <trkpt lat="9.003250" lon="-79.561420">
        <time>2026-08-25T11:01:11Z</time>
      </trkpt>
      <trkpt lat="9.003242" lon="-79.561400">
        <time>2026-08-25T11:01:12Z</time>
      </trkpt>
      <trkpt lat="9.003234" lon="-79.561378">
        <time>2026-08-25T11:01:13Z</time>
      </trkpt>
      <trkpt lat="9.003227" lon="-79.561356">
        <time>2026-08-25T11:01:14Z</time>
      </trkpt>
      <trkpt lat="9.003218" lon="-79.561334">
        <time>2026-08-25T11:01:15Z</time>
      </trkpt>
      <trkpt lat="9.003211" lon="-79.561312">
        <time>2026-08-25T11:01:16Z</time>
      </trkpt>
      <trkpt lat="9.003204" lon="-79.561288">
        <time>2026-08-25T11:01:17Z</time>
      </trkpt>
      <trkpt lat="9.003196" lon="-79.561265">
        <time>2026-08-25T11:01:18Z</time>
      </trkpt>
      <trkpt lat="9.003188" lon="-79.561239">
        <time>2026-08-25T11:01:19Z</time>
      </trkpt>
      <trkpt lat="9.003177" lon="-79.561217">
        <time>2026-08-25T11:01:20Z</time>
      </trkpt>
      <trkpt lat="9.003170" lon="-79.561193">
        <time>2026-08-25T11:01:21Z</time>
      </trkpt>
      <trkpt lat="9.003163" lon="-79.561169">
        <time>2026-08-25T11:01:22Z</time>
      </trkpt>
      <trkpt lat="9.003158" lon="-79.561145">
        <time>2026-08-25T11:01:23Z</time>
      </trkpt>
      <trkpt lat="9.003150" lon="-79.561122">
        <time>2026-08-25T11:01:24Z</time>
      </trkpt>
      <trkpt lat="9.003145" lon="-79.561100">
        <time>2026-08-25T11:01:25Z</time>
      </trkpt>
      <trkpt lat="9.003137" lon="-79.561080">
        <time>2026-08-25T11:01:26Z</time>
      </trkpt>
      <trkpt lat="9.003125" lon="-79.561059">
        <time>2026-08-25T11:01:27Z</time>
      </trkpt>
      <trkpt lat="9.003116" lon="-79.561039">
        <time>2026-08-25T11:01:28Z</time>
      </trkpt>
      <trkpt lat="9.003108" lon="-79.561020">
        <time>2026-08-25T11:01:29Z</time>
      </trkpt>
      <trkpt lat="9.003094" lon="-79.561000">
        <time>2026-08-25T11:01:30Z</time>
      </trkpt>
      <trkpt lat="9.003083" lon="-79.560982">
        <time>2026-08-25T11:01:31Z</time>
      </trkpt>
      <trkpt lat="9.003073" lon="-79.560963">
        <time>2026-08-25T11:01:32Z</time>
      </trkpt>
      <trkpt lat="9.003059" lon="-79.560946">
        <time>2026-08-25T11:01:33Z</time>
      </trkpt>
      <trkpt lat="9.003045" lon="-79.560930">
        <time>2026-08-25T11:01:34Z</time>
      </trkpt>
      <trkpt lat="9.003033" lon="-79.560915">
        <time>2026-08-25T11:01:35Z</time>
      </trkpt>
      <trkpt lat="9.003020" lon="-79.560898">
        <time>2026-08-25T11:01:36Z</time>
      </trkpt>
      <trkpt lat="9.003006" lon="-79.560880">
        <time>2026-08-25T11:01:37Z</time>
      </trkpt>
      <trkpt lat="9.002989" lon="-79.560863">
        <time>2026-08-25T11:01:38Z</time>
      </trkpt>
      <trkpt lat="9.002974" lon="-79.560845">
        <time>2026-08-25T11:01:39Z</time>
      </trkpt>
      <trkpt lat="9.002960" lon="-79.560829">
        <time>2026-08-25T11:01:40Z</time>
      </trkpt>
      <trkpt lat="9.002946" lon="-79.560810">
        <time>2026-08-25T11:01:41Z</time>
      </trkpt>
      <trkpt lat="9.002932" lon="-79.560796">
        <time>2026-08-25T11:01:42Z</time>
      </trkpt>
      <trkpt lat="9.002919" lon="-79.560780">
        <time>2026-08-25T11:01:43Z</time>
      </trkpt>
      <trkpt lat="9.002907" lon="-79.560765">
        <time>2026-08-25T11:01:44Z</time>
      </trkpt>
      <trkpt lat="9.002892" lon="-79.560750">
        <time>2026-08-25T11:01:45Z</time>
      </trkpt>
      <trkpt lat="9.002878" lon="-79.560734">
        <time>2026-08-25T11:01:46Z</time>
      </trkpt>
      <trkpt lat="9.002865" lon="-79.560717">
        <time>2026-08-25T11:01:47Z</time>
      </trkpt>
      <trkpt lat="9.002855" lon="-79.560700">
        <time>2026-08-25T11:01:48Z</time>
      </trkpt>
      <trkpt lat="9.002843" lon="-79.560685">
        <time>2026-08-25T11:01:49Z</time>
      </trkpt>
      <trkpt lat="9.002830" lon="-79.560670">
        <time>2026-08-25T11:01:50Z</time>
      </trkpt>
      <trkpt lat="9.002816" lon="-79.560656">
        <time>2026-08-25T11:01:51Z</time>
      </trkpt>
      <trkpt lat="9.002802" lon="-79.560641">
        <time>2026-08-25T11:01:52Z</time>
      </trkpt>
      <trkpt lat="9.002786" lon="-79.560626">
        <time>2026-08-25T11:01:53Z</time>
      </trkpt>
      <trkpt lat="9.002768" lon="-79.560611">
        <time>2026-08-25T11:01:54Z</time>
      </trkpt>
      <trkpt lat="9.002753" lon="-79.560597">
        <time>2026-08-25T11:01:55Z</time>
      </trkpt>
      <trkpt lat="9.002738" lon="-79.560583">
        <time>2026-08-25T11:01:56Z</time>
      </trkpt>
      <trkpt lat="9.002722" lon="-79.560569">
        <time>2026-08-25T11:01:57Z</time>
      </trkpt>
      <trkpt lat="9.002705" lon="-79.560555">
        <time>2026-08-25T11:01:58Z</time>
      </trkpt>
      <trkpt lat="9.002692" lon="-79.560543">
        <time>2026-08-25T11:01:59Z</time>
      </trkpt>
      <trkpt lat="9.002679" lon="-79.560533">
        <time>2026-08-25T11:02:00Z</time>
      </trkpt>
      <trkpt lat="9.002668" lon="-79.560523">
        <time>2026-08-25T11:02:01Z</time>
      </trkpt>
      <trkpt lat="9.002656" lon="-79.560515">
        <time>2026-08-25T11:02:02Z</time>
      </trkpt>
      <trkpt lat="9.002647" lon="-79.560504">
        <time>2026-08-25T11:02:03Z</time>
      </trkpt>
      <trkpt lat="9.002637" lon="-79.560494">
        <time>2026-08-25T11:02:04Z</time>
      </trkpt>
      <trkpt lat="9.002625" lon="-79.560484">
        <time>2026-08-25T11:02:05Z</time>
      </trkpt>
      <trkpt lat="9.002619" lon="-79.560472">
        <time>2026-08-25T11:02:06Z</time>
      </trkpt>
      <trkpt lat="9.002611" lon="-79.560459">
        <time>2026-08-25T11:02:07Z</time>
      </trkpt>
      <trkpt lat="9.002603" lon="-79.560449">
        <time>2026-08-25T11:02:08Z</time>
      </trkpt>
      <trkpt lat="9.002592" lon="-79.560438">
        <time>2026-08-25T11:02:09Z</time>
      </trkpt>
      <trkpt lat="9.002580" lon="-79.560427">
        <time>2026-08-25T11:02:10Z</time>
      </trkpt>
      <trkpt lat="9.002567" lon="-79.560413">
        <time>2026-08-25T11:02:11Z</time>
      </trkpt>
      <trkpt lat="9.002551" lon="-79.560399">
        <time>2026-08-25T11:02:12Z</time>
      </trkpt>
      <trkpt lat="9.002528" lon="-79.560388">
        <time>2026-08-25T11:02:13Z</time>
      </trkpt>
      <trkpt lat="9.002511" lon="-79.560374">
        <time>2026-08-25T11:02:14Z</time>
      </trkpt>
      <trkpt lat="9.002496" lon="-79.560362">
        <time>2026-08-25T11:02:15Z</time>
      </trkpt>
      <trkpt lat="9.002479" lon="-79.560347">
        <time>2026-08-25T11:02:16Z</time>
      </trkpt>
      <trkpt lat="9.002461" lon="-79.560334">
        <time>2026-08-25T11:02:17Z</time>
      </trkpt>
      <trkpt lat="9.002446" lon="-79.560320">
        <time>2026-08-25T11:02:18Z</time>
      </trkpt>
      <trkpt lat="9.002427" lon="-79.560303">
        <time>2026-08-25T11:02:19Z</time>
      </trkpt>
      <trkpt lat="9.002406" lon="-79.560290">
        <time>2026-08-25T11:02:20Z</time>
      </trkpt>
      <trkpt lat="9.002388" lon="-79.560277">
        <time>2026-08-25T11:02:21Z</time>
      </trkpt>
      <trkpt lat="9.002366" lon="-79.560267">
        <time>2026-08-25T11:02:22Z</time>
      </trkpt>
      <trkpt lat="9.002344" lon="-79.560257">
        <time>2026-08-25T11:02:23Z</time>
      </trkpt>
      <trkpt lat="9.002325" lon="-79.560246">
        <time>2026-08-25T11:02:24Z</time>
      </trkpt>
      <trkpt lat="9.002304" lon="-79.560237">
        <time>2026-08-25T11:02:25Z</time>
      </trkpt>
      <trkpt lat="9.002283" lon="-79.560224">
        <time>2026-08-25T11:02:26Z</time>
      </trkpt>
      <trkpt lat="9.002265" lon="-79.560214">
        <time>2026-08-25T11:02:27Z</time>
      </trkpt>
      <trkpt lat="9.002245" lon="-79.560204">
        <time>2026-08-25T11:02:28Z</time>
      </trkpt>
      <trkpt lat="9.002228" lon="-79.560193">
        <time>2026-08-25T11:02:29Z</time>
      </trkpt>
      <trkpt lat="9.002211" lon="-79.560181">
        <time>2026-08-25T11:02:30Z</time>
      </trkpt>
      <trkpt lat="9.002194" lon="-79.560171">
        <time>2026-08-25T11:02:31Z</time>
      </trkpt>
      <trkpt lat="9.002174" lon="-79.560157">
        <time>2026-08-25T11:02:32Z</time>
      </trkpt>
      <trkpt lat="9.002159" lon="-79.560145">
        <time>2026-08-25T11:02:33Z</time>
      </trkpt>
      <trkpt lat="9.002139" lon="-79.560132">
        <time>2026-08-25T11:02:34Z</time>
      </trkpt>
      <trkpt lat="9.002121" lon="-79.560120">
        <time>2026-08-25T11:02:35Z</time>
      </trkpt>
      <trkpt lat="9.002107" lon="-79.560106">
        <time>2026-08-25T11:02:36Z</time>
      </trkpt>
      <trkpt lat="9.002090" lon="-79.560092">
        <time>2026-08-25T11:02:37Z</time>
      </trkpt>
      <trkpt lat="9.002072" lon="-79.560077">
        <time>2026-08-25T11:02:38Z</time>
      </trkpt>
      <trkpt lat="9.002055" lon="-79.560065">
        <time>2026-08-25T11:02:39Z</time>
      </trkpt>
      <trkpt lat="9.002034" lon="-79.560057">
        <time>2026-08-25T11:02:40Z</time>
      </trkpt>
      <trkpt lat="9.002012" lon="-79.560049">
        <time>2026-08-25T11:02:41Z</time>
      </trkpt>
      <trkpt lat="9.001993" lon="-79.560039">
        <time>2026-08-25T11:02:42Z</time>
      </trkpt>
      <trkpt lat="9.001975" lon="-79.560029">
        <time>2026-08-25T11:02:43Z</time>
      </trkpt>
      <trkpt lat="9.001951" lon="-79.560021">
        <time>2026-08-25T11:02:44Z</time>
      </trkpt>
      <trkpt lat="9.001934" lon="-79.560009">
        <time>2026-08-25T11:02:45Z</time>
      </trkpt>
      <trkpt lat="9.001916" lon="-79.559998">
        <time>2026-08-25T11:02:46Z</time>
      </trkpt>
      <trkpt lat="9.001895" lon="-79.559986">
        <time>2026-08-25T11:02:47Z</time>
      </trkpt>
      <trkpt lat="9.001877" lon="-79.559975">
        <time>2026-08-25T11:02:48Z</time>
      </trkpt>
      <trkpt lat="9.001857" lon="-79.559964">
        <time>2026-08-25T11:02:49Z</time>
      </trkpt>
      <trkpt lat="9.001835" lon="-79.559956">
        <time>2026-08-25T11:02:50Z</time>
      </trkpt>
      <trkpt lat="9.001816" lon="-79.559949">
        <time>2026-08-25T11:02:51Z</time>
      </trkpt>
      <trkpt lat="9.001796" lon="-79.559940">
        <time>2026-08-25T11:02:52Z</time>
      </trkpt>
      <trkpt lat="9.001772" lon="-79.559932">
        <time>2026-08-25T11:02:53Z</time>
      </trkpt>
      <trkpt lat="9.001751" lon="-79.559924">
        <time>2026-08-25T11:02:54Z</time>
      </trkpt>
      <trkpt lat="9.001730" lon="-79.559913">
        <time>2026-08-25T11:02:55Z</time>
      </trkpt>
      <trkpt lat="9.001708" lon="-79.559904">
        <time>2026-08-25T11:02:56Z</time>
      </trkpt>
      <trkpt lat="9.001687" lon="-79.559894">
        <time>2026-08-25T11:02:57Z</time>
      </trkpt>
      <trkpt lat="9.001667" lon="-79.559886">
        <time>2026-08-25T11:02:58Z</time>
      </trkpt>
      <trkpt lat="9.001645" lon="-79.559876">
        <time>2026-08-25T11:02:59Z</time>
      </trkpt>
      <trkpt lat="9.001626" lon="-79.559870">
        <time>2026-08-25T11:03:00Z</time>
      </trkpt>
      <trkpt lat="9.001607" lon="-79.559863">
        <time>2026-08-25T11:03:01Z</time>
      </trkpt>
      <trkpt lat="9.001585" lon="-79.559854">
        <time>2026-08-25T11:03:02Z</time>
      </trkpt>
      <trkpt lat="9.001564" lon="-79.559845">
        <time>2026-08-25T11:03:03Z</time>
      </trkpt>
      <trkpt lat="9.001543" lon="-79.559837">
        <time>2026-08-25T11:03:04Z</time>
      </trkpt>
      <trkpt lat="9.001520" lon="-79.559831">
        <time>2026-08-25T11:03:05Z</time>
      </trkpt>
      <trkpt lat="9.001499" lon="-79.559825">
        <time>2026-08-25T11:03:06Z</time>
      </trkpt>
      <trkpt lat="9.001477" lon="-79.559818">
        <time>2026-08-25T11:03:07Z</time>
      </trkpt>
      <trkpt lat="9.001452" lon="-79.559810">
        <time>2026-08-25T11:03:08Z</time>
      </trkpt>
      <trkpt lat="9.001428" lon="-79.559805">
        <time>2026-08-25T11:03:09Z</time>
      </trkpt>
      <trkpt lat="9.001408" lon="-79.559800">
        <time>2026-08-25T11:03:10Z</time>
      </trkpt>
      <trkpt lat="9.001384" lon="-79.559793">
        <time>2026-08-25T11:03:11Z</time>
      </trkpt>
      <trkpt lat="9.001361" lon="-79.559787">
        <time>2026-08-25T11:03:12Z</time>
      </trkpt>
      <trkpt lat="9.001337" lon="-79.559779">
        <time>2026-08-25T11:03:13Z</time>
      </trkpt>
      <trkpt lat="9.001319" lon="-79.559769">
        <time>2026-08-25T11:03:14Z</time>
      </trkpt>
      <trkpt lat="9.001301" lon="-79.559762">
        <time>2026-08-25T11:03:15Z</time>
      </trkpt>
      <trkpt lat="9.001282" lon="-79.559756">
        <time>2026-08-25T11:03:16Z</time>
      </trkpt>
      <trkpt lat="9.001265" lon="-79.559752">
        <time>2026-08-25T11:03:17Z</time>
      </trkpt>
      <trkpt lat="9.001251" lon="-79.559748">
        <time>2026-08-25T11:03:18Z</time>
      </trkpt>
      <trkpt lat="9.001236" lon="-79.559742">
        <time>2026-08-25T11:03:19Z</time>
      </trkpt>
      <trkpt lat="9.001226" lon="-79.559736">
        <time>2026-08-25T11:03:20Z</time>
      </trkpt>
      <trkpt lat="9.001218" lon="-79.559738">
        <time>2026-08-25T11:03:21Z</time>
      </trkpt>
      <trkpt lat="9.001225" lon="-79.559742">
        <time>2026-08-25T11:03:22Z</time>
      </trkpt>
      <trkpt lat="9.001238" lon="-79.559744">
        <time>2026-08-25T11:03:23Z</time>
      </trkpt>
      <trkpt lat="9.001254" lon="-79.559747">
        <time>2026-08-25T11:03:24Z</time>
      </trkpt>
      <trkpt lat="9.001272" lon="-79.559754">
        <time>2026-08-25T11:03:25Z</time>
      </trkpt>
      <trkpt lat="9.001291" lon="-79.559760">
        <time>2026-08-25T11:03:26Z</time>
      </trkpt>
      <trkpt lat="9.001311" lon="-79.559766">
        <time>2026-08-25T11:03:27Z</time>
      </trkpt>
      <trkpt lat="9.001332" lon="-79.559773">
        <time>2026-08-25T11:03:28Z</time>
      </trkpt>
      <trkpt lat="9.001354" lon="-79.559780">
        <time>2026-08-25T11:03:29Z</time>
      </trkpt>
      <trkpt lat="9.001377" lon="-79.559787">
        <time>2026-08-25T11:03:30Z</time>
      </trkpt>
      <trkpt lat="9.001399" lon="-79.559796">
        <time>2026-08-25T11:03:31Z</time>
      </trkpt>
      <trkpt lat="9.001420" lon="-79.559804">
        <time>2026-08-25T11:03:32Z</time>
      </trkpt>
      <trkpt lat="9.001444" lon="-79.559813">
        <time>2026-08-25T11:03:33Z</time>
      </trkpt>
      <trkpt lat="9.001466" lon="-79.559824">
        <time>2026-08-25T11:03:34Z</time>
      </trkpt>
      <trkpt lat="9.001485" lon="-79.559837">
        <time>2026-08-25T11:03:35Z</time>
      </trkpt>
      <trkpt lat="9.001508" lon="-79.559847">
        <time>2026-08-25T11:03:36Z</time>
      </trkpt>
      <trkpt lat="9.001529" lon="-79.559857">
        <time>2026-08-25T11:03:37Z</time>
      </trkpt>
      <trkpt lat="9.001551" lon="-79.559867">
        <time>2026-08-25T11:03:38Z</time>
      </trkpt>
      <trkpt lat="9.001574" lon="-79.559875">
        <time>2026-08-25T11:03:39Z</time>
      </trkpt>
      <trkpt lat="9.001596" lon="-79.559883">
        <time>2026-08-25T11:03:40Z</time>
      </trkpt>
      <trkpt lat="9.001617" lon="-79.559894">
        <time>2026-08-25T11:03:41Z</time>
      </trkpt>
      <trkpt lat="9.001641" lon="-79.559906">
        <time>2026-08-25T11:03:42Z</time>
      </trkpt>
      <trkpt lat="9.001662" lon="-79.559917">
        <time>2026-08-25T11:03:43Z</time>
      </trkpt>
      <trkpt lat="9.001683" lon="-79.559928">
        <time>2026-08-25T11:03:44Z</time>
      </trkpt>
      <trkpt lat="9.001707" lon="-79.559938">
        <time>2026-08-25T11:03:45Z</time>
      </trkpt>
      <trkpt lat="9.001729" lon="-79.559948">
        <time>2026-08-25T11:03:46Z</time>
      </trkpt>
      <trkpt lat="9.001750" lon="-79.559958">
        <time>2026-08-25T11:03:47Z</time>
      </trkpt>
      <trkpt lat="9.001773" lon="-79.559967">
        <time>2026-08-25T11:03:48Z</time>
      </trkpt>
      <trkpt lat="9.001795" lon="-79.559976">
        <time>2026-08-25T11:03:49Z</time>
      </trkpt>
      <trkpt lat="9.001815" lon="-79.559985">
        <time>2026-08-25T11:03:50Z</time>
      </trkpt>
      <trkpt lat="9.001837" lon="-79.559993">
        <time>2026-08-25T11:03:51Z</time>
      </trkpt>
      <trkpt lat="9.001858" lon="-79.560003">
        <time>2026-08-25T11:03:52Z</time>
      </trkpt>
      <trkpt lat="9.001877" lon="-79.560016">
        <time>2026-08-25T11:03:53Z</time>
      </trkpt>
      <trkpt lat="9.001899" lon="-79.560025">
        <time>2026-08-25T11:03:54Z</time>
      </trkpt>
      <trkpt lat="9.001921" lon="-79.560034">
        <time>2026-08-25T11:03:55Z</time>
      </trkpt>
      <trkpt lat="9.001941" lon="-79.560044">
        <time>2026-08-25T11:03:56Z</time>
      </trkpt>
      <trkpt lat="9.001964" lon="-79.560052">
        <time>2026-08-25T11:03:57Z</time>
      </trkpt>
      <trkpt lat="9.001987" lon="-79.560062">
        <time>2026-08-25T11:03:58Z</time>
      </trkpt>
      <trkpt lat="9.002008" lon="-79.560071">
        <time>2026-08-25T11:03:59Z</time>
      </trkpt>
      <trkpt lat="9.002030" lon="-79.560081">
        <time>2026-08-25T11:04:00Z</time>
      </trkpt>
      <trkpt lat="9.002050" lon="-79.560093">
        <time>2026-08-25T11:04:01Z</time>
      </trkpt>
      <trkpt lat="9.002069" lon="-79.560104">
        <time>2026-08-25T11:04:02Z</time>
      </trkpt>
      <trkpt lat="9.002093" lon="-79.560114">
        <time>2026-08-25T11:04:03Z</time>
      </trkpt>
      <trkpt lat="9.002115" lon="-79.560126">
        <time>2026-08-25T11:04:04Z</time>
      </trkpt>
      <trkpt lat="9.002134" lon="-79.560139">
        <time>2026-08-25T11:04:05Z</time>
      </trkpt>
      <trkpt lat="9.002153" lon="-79.560153">
        <time>2026-08-25T11:04:06Z</time>
      </trkpt>
      <trkpt lat="9.002174" lon="-79.560161">
        <time>2026-08-25T11:04:07Z</time>
      </trkpt>
      <trkpt lat="9.002196" lon="-79.560169">
        <time>2026-08-25T11:04:08Z</time>
      </trkpt>
      <trkpt lat="9.002216" lon="-79.560178">
        <time>2026-08-25T11:04:09Z</time>
      </trkpt>
      <trkpt lat="9.002237" lon="-79.560189">
        <time>2026-08-25T11:04:10Z</time>
      </trkpt>
      <trkpt lat="9.002258" lon="-79.560198">
        <time>2026-08-25T11:04:11Z</time>
      </trkpt>
      <trkpt lat="9.002281" lon="-79.560208">
        <time>2026-08-25T11:04:12Z</time>
      </trkpt>
      <trkpt lat="9.002306" lon="-79.560219">
        <time>2026-08-25T11:04:13Z</time>
      </trkpt>
      <trkpt lat="9.002328" lon="-79.560233">
        <time>2026-08-25T11:04:14Z</time>
      </trkpt>
      <trkpt lat="9.002354" lon="-79.560251">
        <time>2026-08-25T11:04:15Z</time>
      </trkpt>
      <trkpt lat="9.002374" lon="-79.560270">
        <time>2026-08-25T11:04:16Z</time>
      </trkpt>
      <trkpt lat="9.002392" lon="-79.560286">
        <time>2026-08-25T11:04:17Z</time>
      </trkpt>
      <trkpt lat="9.002412" lon="-79.560300">
        <time>2026-08-25T11:04:18Z</time>
      </trkpt>
      <trkpt lat="9.002432" lon="-79.560312">
        <time>2026-08-25T11:04:19Z</time>
      </trkpt>
      <trkpt lat="9.002449" lon="-79.560326">
        <time>2026-08-25T11:04:20Z</time>
      </trkpt>
      <trkpt lat="9.002467" lon="-79.560342">
        <time>2026-08-25T11:04:21Z</time>
      </trkpt>
      <trkpt lat="9.002485" lon="-79.560357">
        <time>2026-08-25T11:04:22Z</time>
      </trkpt>
      <trkpt lat="9.002502" lon="-79.560370">
        <time>2026-08-25T11:04:23Z</time>
      </trkpt>
      <trkpt lat="9.002520" lon="-79.560386">
        <time>2026-08-25T11:04:24Z</time>
      </trkpt>
      <trkpt lat="9.002537" lon="-79.560402">
        <time>2026-08-25T11:04:25Z</time>
      </trkpt>
      <trkpt lat="9.002552" lon="-79.560418">
        <time>2026-08-25T11:04:26Z</time>
      </trkpt>
      <trkpt lat="9.002568" lon="-79.560434">
        <time>2026-08-25T11:04:27Z</time>
      </trkpt>
      <trkpt lat="9.002585" lon="-79.560450">
        <time>2026-08-25T11:04:28Z</time>
      </trkpt>
      <trkpt lat="9.002602" lon="-79.560466">
        <time>2026-08-25T11:04:29Z</time>
      </trkpt>
      <trkpt lat="9.002620" lon="-79.560482">
        <time>2026-08-25T11:04:30Z</time>
      </trkpt>
      <trkpt lat="9.002637" lon="-79.560500">
        <time>2026-08-25T11:04:31Z</time>
      </trkpt>
      <trkpt lat="9.002652" lon="-79.560516">
        <time>2026-08-25T11:04:32Z</time>
      </trkpt>
      <trkpt lat="9.002666" lon="-79.560535">
        <time>2026-08-25T11:04:33Z</time>
      </trkpt>
      <trkpt lat="9.002682" lon="-79.560552">
        <time>2026-08-25T11:04:34Z</time>
      </trkpt>
      <trkpt lat="9.002699" lon="-79.560566">
        <time>2026-08-25T11:04:35Z</time>
      </trkpt>
      <trkpt lat="9.002715" lon="-79.560584">
        <time>2026-08-25T11:04:36Z</time>
      </trkpt>
      <trkpt lat="9.002730" lon="-79.560601">
        <time>2026-08-25T11:04:37Z</time>
      </trkpt>
      <trkpt lat="9.002746" lon="-79.560620">
        <time>2026-08-25T11:04:38Z</time>
      </trkpt>
      <trkpt lat="9.002762" lon="-79.560640">
        <time>2026-08-25T11:04:39Z</time>
      </trkpt>
      <trkpt lat="9.002775" lon="-79.560659">
        <time>2026-08-25T11:04:40Z</time>
      </trkpt>
      <trkpt lat="9.002787" lon="-79.560678">
        <time>2026-08-25T11:04:41Z</time>
      </trkpt>
      <trkpt lat="9.002801" lon="-79.560698">
        <time>2026-08-25T11:04:42Z</time>
      </trkpt>
      <trkpt lat="9.002812" lon="-79.560720">
        <time>2026-08-25T11:04:43Z</time>
      </trkpt>
      <trkpt lat="9.002824" lon="-79.560739">
        <time>2026-08-25T11:04:44Z</time>
      </trkpt>
      <trkpt lat="9.002837" lon="-79.560758">
        <time>2026-08-25T11:04:45Z</time>
      </trkpt>
      <trkpt lat="9.002851" lon="-79.560776">
        <time>2026-08-25T11:04:46Z</time>
      </trkpt>
      <trkpt lat="9.002866" lon="-79.560791">
        <time>2026-08-25T11:04:47Z</time>
      </trkpt>
      <trkpt lat="9.002880" lon="-79.560809">
        <time>2026-08-25T11:04:48Z</time>
      </trkpt>
      <trkpt lat="9.002896" lon="-79.560829">
        <time>2026-08-25T11:04:49Z</time>
      </trkpt>
      <trkpt lat="9.002910" lon="-79.560848">
        <time>2026-08-25T11:04:50Z</time>
      </trkpt>
      <trkpt lat="9.002922" lon="-79.560866">
        <time>2026-08-25T11:04:51Z</time>
      </trkpt>
      <trkpt lat="9.002938" lon="-79.560884">
        <time>2026-08-25T11:04:52Z</time>
      </trkpt>
      <trkpt lat="9.002953" lon="-79.560901">
        <time>2026-08-25T11:04:53Z</time>
      </trkpt>
      <trkpt lat="9.002966" lon="-79.560918">
        <time>2026-08-25T11:04:54Z</time>
      </trkpt>
      <trkpt lat="9.002981" lon="-79.560936">
        <time>2026-08-25T11:04:55Z</time>
      </trkpt>
      <trkpt lat="9.002994" lon="-79.560953">
        <time>2026-08-25T11:04:56Z</time>
      </trkpt>
      <trkpt lat="9.003006" lon="-79.560971">
        <time>2026-08-25T11:04:57Z</time>
      </trkpt>
      <trkpt lat="9.003017" lon="-79.560991">
        <time>2026-08-25T11:04:58Z</time>
      </trkpt>
      <trkpt lat="9.003029" lon="-79.561010">
        <time>2026-08-25T11:04:59Z</time>
      </trkpt>
      <trkpt lat="9.003041" lon="-79.561028">
        <time>2026-08-25T11:05:00Z</time>
      </trkpt>
      <trkpt lat="9.003047" lon="-79.561049">
        <time>2026-08-25T11:05:01Z</time>
      </trkpt>
      <trkpt lat="9.003054" lon="-79.561070">
        <time>2026-08-25T11:05:02Z</time>
      </trkpt>
      <trkpt lat="9.003063" lon="-79.561089">
        <time>2026-08-25T11:05:03Z</time>
      </trkpt>
      <trkpt lat="9.003071" lon="-79.561109">
        <time>2026-08-25T11:05:04Z</time>
      </trkpt>
      <trkpt lat="9.003079" lon="-79.561129">
        <time>2026-08-25T11:05:05Z</time>
      </trkpt>
      <trkpt lat="9.003086" lon="-79.561150">
        <time>2026-08-25T11:05:06Z</time>
      </trkpt>
      <trkpt lat="9.003095" lon="-79.561172">
        <time>2026-08-25T11:05:07Z</time>
      </trkpt>
      <trkpt lat="9.003105" lon="-79.561194">
        <time>2026-08-25T11:05:08Z</time>
      </trkpt>
      <trkpt lat="9.003110" lon="-79.561216">
        <time>2026-08-25T11:05:09Z</time>
      </trkpt>
      <trkpt lat="9.003118" lon="-79.561239">
        <time>2026-08-25T11:05:10Z</time>
      </trkpt>
      <trkpt lat="9.003126" lon="-79.561260">
        <time>2026-08-25T11:05:11Z</time>
      </trkpt>
      <trkpt lat="9.003131" lon="-79.561281">
        <time>2026-08-25T11:05:12Z</time>
      </trkpt>
      <trkpt lat="9.003141" lon="-79.561304">
        <time>2026-08-25T11:05:13Z</time>
      </trkpt>
      <trkpt lat="9.003148" lon="-79.561327">
        <time>2026-08-25T11:05:14Z</time>
      </trkpt>
      <trkpt lat="9.003154" lon="-79.561347">
        <time>2026-08-25T11:05:15Z</time>
      </trkpt>
      <trkpt lat="9.003162" lon="-79.561369">
        <time>2026-08-25T11:05:16Z</time>
      </trkpt>
      <trkpt lat="9.003170" lon="-79.561391">
        <time>2026-08-25T11:05:17Z</time>
      </trkpt>
      <trkpt lat="9.003179" lon="-79.561412">
        <time>2026-08-25T11:05:18Z</time>
      </trkpt>
      <trkpt lat="9.003189" lon="-79.561433">
        <time>2026-08-25T11:05:19Z</time>
      </trkpt>
      <trkpt lat="9.003201" lon="-79.561456">
        <time>2026-08-25T11:05:20Z</time>
      </trkpt>
      <trkpt lat="9.003211" lon="-79.561472">
        <time>2026-08-25T11:05:21Z</time>
      </trkpt>
      <trkpt lat="9.003225" lon="-79.561489">
        <time>2026-08-25T11:05:22Z</time>
      </trkpt>
      <trkpt lat="9.003241" lon="-79.561509">
        <time>2026-08-25T11:05:23Z</time>
      </trkpt>
      <trkpt lat="9.003254" lon="-79.561529">
        <time>2026-08-25T11:05:24Z</time>
      </trkpt>
      <trkpt lat="9.003264" lon="-79.561547">
        <time>2026-08-25T11:05:25Z</time>
      </trkpt>
      <trkpt lat="9.003276" lon="-79.561563">
        <time>2026-08-25T11:05:26Z</time>
      </trkpt>
      <trkpt lat="9.003287" lon="-79.561582">
        <time>2026-08-25T11:05:27Z</time>
      </trkpt>
      <trkpt lat="9.003298" lon="-79.561599">
        <time>2026-08-25T11:05:28Z</time>
      </trkpt>
      <trkpt lat="9.003310" lon="-79.561616">
        <time>2026-08-25T11:05:29Z</time>
      </trkpt>
      <trkpt lat="9.003317" lon="-79.561634">
        <time>2026-08-25T11:05:30Z</time>
      </trkpt>
      <trkpt lat="9.003325" lon="-79.561651">
        <time>2026-08-25T11:05:31Z</time>
      </trkpt>
      <trkpt lat="9.003332" lon="-79.561669">
        <time>2026-08-25T11:05:32Z</time>
      </trkpt>
      <trkpt lat="9.003338" lon="-79.561690">
        <time>2026-08-25T11:05:33Z</time>
      </trkpt>
      <trkpt lat="9.003344" lon="-79.561710">
        <time>2026-08-25T11:05:34Z</time>
      </trkpt>
      <trkpt lat="9.003352" lon="-79.561730">
        <time>2026-08-25T11:05:35Z</time>
      </trkpt>
      <trkpt lat="9.003359" lon="-79.561749">
        <time>2026-08-25T11:05:36Z</time>
      </trkpt>
      <trkpt lat="9.003362" lon="-79.561769">
        <time>2026-08-25T11:05:37Z</time>
      </trkpt>
      <trkpt lat="9.003370" lon="-79.561789">
        <time>2026-08-25T11:05:38Z</time>
      </trkpt>
      <trkpt lat="9.003376" lon="-79.561811">
        <time>2026-08-25T11:05:39Z</time>
      </trkpt>
      <trkpt lat="9.003383" lon="-79.561829">
        <time>2026-08-25T11:05:40Z</time>
      </trkpt>
      <trkpt lat="9.003391" lon="-79.561847">
        <time>2026-08-25T11:05:41Z</time>
      </trkpt>
      <trkpt lat="9.003399" lon="-79.561867">
        <time>2026-08-25T11:05:42Z</time>
      </trkpt>
      <trkpt lat="9.003401" lon="-79.561889">
        <time>2026-08-25T11:05:43Z</time>
      </trkpt>
      <trkpt lat="9.003407" lon="-79.561911">
        <time>2026-08-25T11:05:44Z</time>
      </trkpt>
      <trkpt lat="9.003413" lon="-79.561933">
        <time>2026-08-25T11:05:45Z</time>
      </trkpt>
      <trkpt lat="9.003419" lon="-79.561952">
        <time>2026-08-25T11:05:46Z</time>
      </trkpt>
      <trkpt lat="9.003426" lon="-79.561973">
        <time>2026-08-25T11:05:47Z</time>
      </trkpt>
      <trkpt lat="9.003432" lon="-79.561993">
        <time>2026-08-25T11:05:48Z</time>
      </trkpt>
      <trkpt lat="9.003438" lon="-79.562014">
        <time>2026-08-25T11:05:49Z</time>
      </trkpt>
      <trkpt lat="9.003444" lon="-79.562035">
        <time>2026-08-25T11:05:50Z</time>
      </trkpt>
      <trkpt lat="9.003449" lon="-79.562055">
        <time>2026-08-25T11:05:51Z</time>
      </trkpt>
      <trkpt lat="9.003455" lon="-79.562075">
        <time>2026-08-25T11:05:52Z</time>
      </trkpt>
      <trkpt lat="9.003458" lon="-79.562098">
        <time>2026-08-25T11:05:53Z</time>
      </trkpt>
      <trkpt lat="9.003462" lon="-79.562119">
        <time>2026-08-25T11:05:54Z</time>
      </trkpt>
      <trkpt lat="9.003465" lon="-79.562140">
        <time>2026-08-25T11:05:55Z</time>
      </trkpt>
      <trkpt lat="9.003468" lon="-79.562161">
        <time>2026-08-25T11:05:56Z</time>
      </trkpt>
      <trkpt lat="9.003472" lon="-79.562185">
        <time>2026-08-25T11:05:57Z</time>
      </trkpt>
      <trkpt lat="9.003474" lon="-79.562206">
        <time>2026-08-25T11:05:58Z</time>
      </trkpt>
      <trkpt lat="9.003478" lon="-79.562230">
        <time>2026-08-25T11:05:59Z</time>
      </trkpt>
      <trkpt lat="9.003481" lon="-79.562255">
        <time>2026-08-25T11:06:00Z</time>
      </trkpt>
      <trkpt lat="9.003483" lon="-79.562281">
        <time>2026-08-25T11:06:01Z</time>
      </trkpt>
      <trkpt lat="9.003486" lon="-79.562310">
        <time>2026-08-25T11:06:02Z</time>
      </trkpt>
      <trkpt lat="9.003487" lon="-79.562334">
        <time>2026-08-25T11:06:03Z</time>
      </trkpt>
      <trkpt lat="9.003489" lon="-79.562354">
        <time>2026-08-25T11:06:04Z</time>
      </trkpt>
      <trkpt lat="9.003492" lon="-79.562377">
        <time>2026-08-25T11:06:05Z</time>
      </trkpt>
      <trkpt lat="9.003498" lon="-79.562403">
        <time>2026-08-25T11:06:06Z</time>
      </trkpt>
      <trkpt lat="9.003502" lon="-79.562427">
        <time>2026-08-25T11:06:07Z</time>
      </trkpt>
      <trkpt lat="9.003513" lon="-79.562446">
        <time>2026-08-25T11:06:08Z</time>
      </trkpt>
      <trkpt lat="9.003522" lon="-79.562462">
        <time>2026-08-25T11:06:09Z</time>
      </trkpt>
      <trkpt lat="9.003521" lon="-79.562481">
        <time>2026-08-25T11:06:10Z</time>
      </trkpt>
      <trkpt lat="9.003517" lon="-79.562502">
        <time>2026-08-25T11:06:11Z</time>
      </trkpt>
      <trkpt lat="9.003514" lon="-79.562523">
        <time>2026-08-25T11:06:12Z</time>
      </trkpt>
      <trkpt lat="9.003512" lon="-79.562543">
        <time>2026-08-25T11:06:13Z</time>
      </trkpt>
      <trkpt lat="9.003513" lon="-79.562563">
        <time>2026-08-25T11:06:14Z</time>
      </trkpt>
      <trkpt lat="9.003512" lon="-79.562583">
        <time>2026-08-25T11:06:15Z</time>
      </trkpt>
      <trkpt lat="9.003512" lon="-79.562605">
        <time>2026-08-25T11:06:16Z</time>
      </trkpt>
      <trkpt lat="9.003514" lon="-79.562627">
        <time>2026-08-25T11:06:17Z</time>
      </trkpt>
      <trkpt lat="9.003514" lon="-79.562650">
        <time>2026-08-25T11:06:18Z</time>
      </trkpt>
      <trkpt lat="9.003514" lon="-79.562673">
        <time>2026-08-25T11:06:19Z</time>
      </trkpt>
      <trkpt lat="9.003516" lon="-79.562700">
        <time>2026-08-25T11:06:20Z</time>
      </trkpt>
      <trkpt lat="9.003522" lon="-79.562725">
        <time>2026-08-25T11:06:21Z</time>
      </trkpt>
      <trkpt lat="9.003528" lon="-79.562747">
        <time>2026-08-25T11:06:22Z</time>
      </trkpt>
      <trkpt lat="9.003532" lon="-79.562770">
        <time>2026-08-25T11:06:23Z</time>
      </trkpt>
      <trkpt lat="9.003536" lon="-79.562793">
        <time>2026-08-25T11:06:24Z</time>
      </trkpt>
      <trkpt lat="9.003539" lon="-79.562814">
        <time>2026-08-25T11:06:25Z</time>
      </trkpt>
      <trkpt lat="9.003544" lon="-79.562836">
        <time>2026-08-25T11:06:26Z</time>
      </trkpt>
      <trkpt lat="9.003547" lon="-79.562857">
        <time>2026-08-25T11:06:27Z</time>
      </trkpt>
      <trkpt lat="9.003547" lon="-79.562880">
        <time>2026-08-25T11:06:28Z</time>
      </trkpt>
      <trkpt lat="9.003555" lon="-79.562904">
        <time>2026-08-25T11:06:29Z</time>
      </trkpt>
      <trkpt lat="9.003556" lon="-79.562931">
        <time>2026-08-25T11:06:30Z</time>
      </trkpt>
      <trkpt lat="9.003555" lon="-79.562957">
        <time>2026-08-25T11:06:31Z</time>
      </trkpt>
      <trkpt lat="9.003559" lon="-79.562986">
        <time>2026-08-25T11:06:32Z</time>
      </trkpt>
      <trkpt lat="9.003562" lon="-79.563012">
        <time>2026-08-25T11:06:33Z</time>
      </trkpt>
      <trkpt lat="9.003564" lon="-79.563036">
        <time>2026-08-25T11:06:34Z</time>
      </trkpt>
      <trkpt lat="9.003567" lon="-79.563061">
        <time>2026-08-25T11:06:35Z</time>
      </trkpt>
      <trkpt lat="9.003568" lon="-79.563085">
        <time>2026-08-25T11:06:36Z</time>
      </trkpt>
      <trkpt lat="9.003570" lon="-79.563110">
        <time>2026-08-25T11:06:37Z</time>
      </trkpt>
      <trkpt lat="9.003570" lon="-79.563136">
        <time>2026-08-25T11:06:38Z</time>
      </trkpt>
      <trkpt lat="9.003568" lon="-79.563162">
        <time>2026-08-25T11:06:39Z</time>
      </trkpt>
      <trkpt lat="9.003570" lon="-79.563184">
        <time>2026-08-25T11:06:40Z</time>
      </trkpt>
      <trkpt lat="9.003575" lon="-79.563207">
        <time>2026-08-25T11:06:41Z</time>
      </trkpt>
      <trkpt lat="9.003573" lon="-79.563230">
        <time>2026-08-25T11:06:42Z</time>
      </trkpt>
      <trkpt lat="9.003572" lon="-79.563255">
        <time>2026-08-25T11:06:43Z</time>
      </trkpt>
      <trkpt lat="9.003576" lon="-79.563279">
        <time>2026-08-25T11:06:44Z</time>
      </trkpt>
      <trkpt lat="9.003581" lon="-79.563301">
        <time>2026-08-25T11:06:45Z</time>
      </trkpt>
      <trkpt lat="9.003584" lon="-79.563325">
        <time>2026-08-25T11:06:46Z</time>
      </trkpt>
      <trkpt lat="9.003586" lon="-79.563353">
        <time>2026-08-25T11:06:47Z</time>
      </trkpt>
      <trkpt lat="9.003588" lon="-79.563380">
        <time>2026-08-25T11:06:48Z</time>
      </trkpt>
      <trkpt lat="9.003591" lon="-79.563406">
        <time>2026-08-25T11:06:49Z</time>
      </trkpt>
      <trkpt lat="9.003593" lon="-79.563434">
        <time>2026-08-25T11:06:50Z</time>
      </trkpt>
      <trkpt lat="9.003596" lon="-79.563458">
        <time>2026-08-25T11:06:51Z</time>
      </trkpt>
      <trkpt lat="9.003600" lon="-79.563486">
        <time>2026-08-25T11:06:52Z</time>
      </trkpt>
      <trkpt lat="9.003602" lon="-79.563513">
        <time>2026-08-25T11:06:53Z</time>
      </trkpt>
      <trkpt lat="9.003604" lon="-79.563536">
        <time>2026-08-25T11:06:54Z</time>
      </trkpt>
      <trkpt lat="9.003606" lon="-79.563561">
        <time>2026-08-25T11:06:55Z</time>
      </trkpt>
      <trkpt lat="9.003610" lon="-79.563587">
        <time>2026-08-25T11:06:56Z</time>
      </trkpt>
      <trkpt lat="9.003613" lon="-79.563612">
        <time>2026-08-25T11:06:57Z</time>
      </trkpt>
      <trkpt lat="9.003615" lon="-79.563643">
        <time>2026-08-25T11:06:58Z</time>
      </trkpt>
      <trkpt lat="9.003618" lon="-79.563668">
        <time>2026-08-25T11:06:59Z</time>
      </trkpt>
      <trkpt lat="9.003622" lon="-79.563691">
        <time>2026-08-25T11:07:00Z</time>
      </trkpt>
      <trkpt lat="9.003628" lon="-79.563715">
        <time>2026-08-25T11:07:01Z</time>
      </trkpt>
      <trkpt lat="9.003633" lon="-79.563739">
        <time>2026-08-25T11:07:02Z</time>
      </trkpt>
      <trkpt lat="9.003635" lon="-79.563762">
        <time>2026-08-25T11:07:03Z</time>
      </trkpt>
      <trkpt lat="9.003640" lon="-79.563786">
        <time>2026-08-25T11:07:04Z</time>
      </trkpt>
      <trkpt lat="9.003642" lon="-79.563808">
        <time>2026-08-25T11:07:05Z</time>
      </trkpt>
      <trkpt lat="9.003644" lon="-79.563829">
        <time>2026-08-25T11:07:06Z</time>
      </trkpt>
      <trkpt lat="9.003648" lon="-79.563854">
        <time>2026-08-25T11:07:07Z</time>
      </trkpt>
      <trkpt lat="9.003651" lon="-79.563878">
        <time>2026-08-25T11:07:08Z</time>
      </trkpt>
      <trkpt lat="9.003652" lon="-79.563901">
        <time>2026-08-25T11:07:09Z</time>
      </trkpt>
      <trkpt lat="9.003653" lon="-79.563924">
        <time>2026-08-25T11:07:10Z</time>
      </trkpt>
      <trkpt lat="9.003655" lon="-79.563947">
        <time>2026-08-25T11:07:11Z</time>
      </trkpt>
      <trkpt lat="9.003657" lon="-79.563968">
        <time>2026-08-25T11:07:12Z</time>
      </trkpt>
      <trkpt lat="9.003661" lon="-79.563992">
        <time>2026-08-25T11:07:13Z</time>
      </trkpt>
      <trkpt lat="9.003663" lon="-79.564015">
        <time>2026-08-25T11:07:14Z</time>
      </trkpt>
      <trkpt lat="9.003666" lon="-79.564037">
        <time>2026-08-25T11:07:15Z</time>
      </trkpt>
      <trkpt lat="9.003671" lon="-79.564063">
        <time>2026-08-25T11:07:16Z</time>
      </trkpt>
      <trkpt lat="9.003675" lon="-79.564086">
        <time>2026-08-25T11:07:17Z</time>
      </trkpt>
      <trkpt lat="9.003677" lon="-79.564108">
        <time>2026-08-25T11:07:18Z</time>
      </trkpt>
      <trkpt lat="9.003680" lon="-79.564133">
        <time>2026-08-25T11:07:19Z</time>
      </trkpt>
      <trkpt lat="9.003683" lon="-79.564157">
        <time>2026-08-25T11:07:20Z</time>
      </trkpt>
      <trkpt lat="9.003686" lon="-79.564181">
        <time>2026-08-25T11:07:21Z</time>
      </trkpt>
      <trkpt lat="9.003690" lon="-79.564203">
        <time>2026-08-25T11:07:22Z</time>
      </trkpt>
      <trkpt lat="9.003694" lon="-79.564226">
        <time>2026-08-25T11:07:23Z</time>
      </trkpt>
      <trkpt lat="9.003697" lon="-79.564248">
        <time>2026-08-25T11:07:24Z</time>
      </trkpt>
      <trkpt lat="9.003701" lon="-79.564272">
        <time>2026-08-25T11:07:25Z</time>
      </trkpt>
      <trkpt lat="9.003705" lon="-79.564295">
        <time>2026-08-25T11:07:26Z</time>
      </trkpt>
      <trkpt lat="9.003710" lon="-79.564315">
        <time>2026-08-25T11:07:27Z</time>
      </trkpt>
      <trkpt lat="9.003718" lon="-79.564338">
        <time>2026-08-25T11:07:28Z</time>
      </trkpt>
      <trkpt lat="9.003728" lon="-79.564358">
        <time>2026-08-25T11:07:29Z</time>
      </trkpt>
      <trkpt lat="9.003733" lon="-79.564380">
        <time>2026-08-25T11:07:30Z</time>
      </trkpt>
      <trkpt lat="9.003741" lon="-79.564403">
        <time>2026-08-25T11:07:31Z</time>
      </trkpt>
      <trkpt lat="9.003750" lon="-79.564427">
        <time>2026-08-25T11:07:32Z</time>
      </trkpt>
      <trkpt lat="9.003758" lon="-79.564448">
        <time>2026-08-25T11:07:33Z</time>
      </trkpt>
      <trkpt lat="9.003765" lon="-79.564471">
        <time>2026-08-25T11:07:34Z</time>
      </trkpt>
      <trkpt lat="9.003771" lon="-79.564492">
        <time>2026-08-25T11:07:35Z</time>
      </trkpt>
      <trkpt lat="9.003776" lon="-79.564513">
        <time>2026-08-25T11:07:36Z</time>
      </trkpt>
      <trkpt lat="9.003786" lon="-79.564535">
        <time>2026-08-25T11:07:37Z</time>
      </trkpt>
      <trkpt lat="9.003794" lon="-79.564555">
        <time>2026-08-25T11:07:38Z</time>
      </trkpt>
      <trkpt lat="9.003801" lon="-79.564574">
        <time>2026-08-25T11:07:39Z</time>
      </trkpt>
      <trkpt lat="9.003808" lon="-79.564596">
        <time>2026-08-25T11:07:40Z</time>
      </trkpt>
      <trkpt lat="9.003815" lon="-79.564619">
        <time>2026-08-25T11:07:41Z</time>
      </trkpt>
      <trkpt lat="9.003823" lon="-79.564640">
        <time>2026-08-25T11:07:42Z</time>
      </trkpt>
      <trkpt lat="9.003831" lon="-79.564663">
        <time>2026-08-25T11:07:43Z</time>
      </trkpt>
      <trkpt lat="9.003839" lon="-79.564683">
        <time>2026-08-25T11:07:44Z</time>
      </trkpt>
      <trkpt lat="9.003847" lon="-79.564704">
        <time>2026-08-25T11:07:45Z</time>
      </trkpt>
      <trkpt lat="9.003861" lon="-79.564727">
        <time>2026-08-25T11:07:46Z</time>
      </trkpt>
      <trkpt lat="9.003869" lon="-79.564748">
        <time>2026-08-25T11:07:47Z</time>
      </trkpt>
      <trkpt lat="9.003878" lon="-79.564770">
        <time>2026-08-25T11:07:48Z</time>
      </trkpt>
      <trkpt lat="9.003888" lon="-79.564792">
        <time>2026-08-25T11:07:49Z</time>
      </trkpt>
      <trkpt lat="9.003897" lon="-79.564814">
        <time>2026-08-25T11:07:50Z</time>
      </trkpt>
      <trkpt lat="9.003907" lon="-79.564835">
        <time>2026-08-25T11:07:51Z</time>
      </trkpt>
      <trkpt lat="9.003917" lon="-79.564857">
        <time>2026-08-25T11:07:52Z</time>
      </trkpt>
      <trkpt lat="9.003926" lon="-79.564878">
        <time>2026-08-25T11:07:53Z</time>
      </trkpt>
      <trkpt lat="9.003938" lon="-79.564899">
        <time>2026-08-25T11:07:54Z</time>
      </trkpt>
      <trkpt lat="9.003948" lon="-79.564921">
        <time>2026-08-25T11:07:55Z</time>
      </trkpt>
      <trkpt lat="9.003958" lon="-79.564941">
        <time>2026-08-25T11:07:56Z</time>
      </trkpt>
      <trkpt lat="9.003973" lon="-79.564961">
        <time>2026-08-25T11:07:57Z</time>
      </trkpt>
      <trkpt lat="9.003989" lon="-79.564982">
        <time>2026-08-25T11:07:58Z</time>
      </trkpt>
      <trkpt lat="9.004000" lon="-79.565003">
        <time>2026-08-25T11:07:59Z</time>
      </trkpt>
      <trkpt lat="9.004013" lon="-79.565023">
        <time>2026-08-25T11:08:00Z</time>
      </trkpt>
      <trkpt lat="9.004027" lon="-79.565044">
        <time>2026-08-25T11:08:01Z</time>
      </trkpt>
      <trkpt lat="9.004038" lon="-79.565065">
        <time>2026-08-25T11:08:02Z</time>
      </trkpt>
      <trkpt lat="9.004051" lon="-79.565086">
        <time>2026-08-25T11:08:03Z</time>
      </trkpt>
      <trkpt lat="9.004064" lon="-79.565109">
        <time>2026-08-25T11:08:04Z</time>
      </trkpt>
      <trkpt lat="9.004076" lon="-79.565130">
        <time>2026-08-25T11:08:05Z</time>
      </trkpt>
      <trkpt lat="9.004089" lon="-79.565150">
        <time>2026-08-25T11:08:06Z</time>
      </trkpt>
      <trkpt lat="9.004102" lon="-79.565171">
        <time>2026-08-25T11:08:07Z</time>
      </trkpt>
      <trkpt lat="9.004115" lon="-79.565190">
        <time>2026-08-25T11:08:08Z</time>
      </trkpt>
      <trkpt lat="9.004131" lon="-79.565209">
        <time>2026-08-25T11:08:09Z</time>
      </trkpt>
      <trkpt lat="9.004143" lon="-79.565230">
        <time>2026-08-25T11:08:10Z</time>
      </trkpt>
      <trkpt lat="9.004155" lon="-79.565251">
        <time>2026-08-25T11:08:11Z</time>
      </trkpt>
      <trkpt lat="9.004169" lon="-79.565273">
        <time>2026-08-25T11:08:12Z</time>
      </trkpt>
      <trkpt lat="9.004184" lon="-79.565293">
        <time>2026-08-25T11:08:13Z</time>
      </trkpt>
      <trkpt lat="9.004197" lon="-79.565314">
        <time>2026-08-25T11:08:14Z</time>
      </trkpt>
      <trkpt lat="9.004211" lon="-79.565335">
        <time>2026-08-25T11:08:15Z</time>
      </trkpt>
      <trkpt lat="9.004224" lon="-79.565354">
        <time>2026-08-25T11:08:16Z</time>
      </trkpt>
      <trkpt lat="9.004238" lon="-79.565376">
        <time>2026-08-25T11:08:17Z</time>
      </trkpt>
      <trkpt lat="9.004252" lon="-79.565393">
        <time>2026-08-25T11:08:18Z</time>
      </trkpt>
      <trkpt lat="9.004267" lon="-79.565414">
        <time>2026-08-25T11:08:19Z</time>
      </trkpt>
      <trkpt lat="9.004281" lon="-79.565433">
        <time>2026-08-25T11:08:20Z</time>
      </trkpt>
      <trkpt lat="9.004297" lon="-79.565453">
        <time>2026-08-25T11:08:21Z</time>
      </trkpt>
      <trkpt lat="9.004311" lon="-79.565472">
        <time>2026-08-25T11:08:22Z</time>
      </trkpt>
      <trkpt lat="9.004322" lon="-79.565494">
        <time>2026-08-25T11:08:23Z</time>
      </trkpt>
      <trkpt lat="9.004337" lon="-79.565511">
        <time>2026-08-25T11:08:24Z</time>
      </trkpt>
      <trkpt lat="9.004351" lon="-79.565529">
        <time>2026-08-25T11:08:25Z</time>
      </trkpt>
      <trkpt lat="9.004363" lon="-79.565546">
        <time>2026-08-25T11:08:26Z</time>
      </trkpt>
      <trkpt lat="9.004377" lon="-79.565563">
        <time>2026-08-25T11:08:27Z</time>
      </trkpt>
      <trkpt lat="9.004392" lon="-79.565580">
        <time>2026-08-25T11:08:28Z</time>
      </trkpt>
      <trkpt lat="9.004407" lon="-79.565594">
        <time>2026-08-25T11:08:29Z</time>
      </trkpt>
      <trkpt lat="9.004418" lon="-79.565611">
        <time>2026-08-25T11:08:30Z</time>
      </trkpt>
      <trkpt lat="9.004430" lon="-79.565629">
        <time>2026-08-25T11:08:31Z</time>
      </trkpt>
      <trkpt lat="9.004442" lon="-79.565646">
        <time>2026-08-25T11:08:32Z</time>
      </trkpt>
      <trkpt lat="9.004457" lon="-79.565664">
        <time>2026-08-25T11:08:33Z</time>
      </trkpt>
      <trkpt lat="9.004473" lon="-79.565681">
        <time>2026-08-25T11:08:34Z</time>
      </trkpt>
      <trkpt lat="9.004486" lon="-79.565697">
        <time>2026-08-25T11:08:35Z</time>
      </trkpt>
      <trkpt lat="9.004498" lon="-79.565713">
        <time>2026-08-25T11:08:36Z</time>
      </trkpt>
      <trkpt lat="9.004511" lon="-79.565731">
        <time>2026-08-25T11:08:37Z</time>
      </trkpt>
      <trkpt lat="9.004526" lon="-79.565747">
        <time>2026-08-25T11:08:38Z</time>
      </trkpt>
      <trkpt lat="9.004539" lon="-79.565762">
        <time>2026-08-25T11:08:39Z</time>
      </trkpt>
      <trkpt lat="9.004554" lon="-79.565781">
        <time>2026-08-25T11:08:40Z</time>
      </trkpt>
      <trkpt lat="9.004570" lon="-79.565796">
        <time>2026-08-25T11:08:41Z</time>
      </trkpt>
      <trkpt lat="9.004586" lon="-79.565810">
        <time>2026-08-25T11:08:42Z</time>
      </trkpt>
      <trkpt lat="9.004600" lon="-79.565827">
        <time>2026-08-25T11:08:43Z</time>
      </trkpt>
      <trkpt lat="9.004614" lon="-79.565843">
        <time>2026-08-25T11:08:44Z</time>
      </trkpt>
      <trkpt lat="9.004628" lon="-79.565861">
        <time>2026-08-25T11:08:45Z</time>
      </trkpt>
      <trkpt lat="9.004637" lon="-79.565880">
        <time>2026-08-25T11:08:46Z</time>
      </trkpt>
      <trkpt lat="9.004644" lon="-79.565902">
        <time>2026-08-25T11:08:47Z</time>
      </trkpt>
      <trkpt lat="9.004639" lon="-79.565923">
        <time>2026-08-25T11:08:48Z</time>
      </trkpt>
      <trkpt lat="9.004630" lon="-79.565942">
        <time>2026-08-25T11:08:49Z</time>
      </trkpt>
      <trkpt lat="9.004616" lon="-79.565959">
        <time>2026-08-25T11:08:50Z</time>
      </trkpt>
      <trkpt lat="9.004600" lon="-79.565972">
        <time>2026-08-25T11:08:51Z</time>
      </trkpt>
      <trkpt lat="9.004582" lon="-79.565985">
        <time>2026-08-25T11:08:52Z</time>
      </trkpt>
      <trkpt lat="9.004558" lon="-79.565990">
        <time>2026-08-25T11:08:53Z</time>
      </trkpt>
      <trkpt lat="9.004535" lon="-79.565991">
        <time>2026-08-25T11:08:54Z</time>
      </trkpt>
      <trkpt lat="9.004515" lon="-79.565991">
        <time>2026-08-25T11:08:55Z</time>
      </trkpt>
      <trkpt lat="9.004494" lon="-79.565996">
        <time>2026-08-25T11:08:56Z</time>
      </trkpt>
      <trkpt lat="9.004470" lon="-79.566001">
        <time>2026-08-25T11:08:57Z</time>
      </trkpt>
      <trkpt lat="9.004446" lon="-79.566005">
        <time>2026-08-25T11:08:58Z</time>
      </trkpt>
      <trkpt lat="9.004422" lon="-79.566008">
        <time>2026-08-25T11:08:59Z</time>
      </trkpt>
      <trkpt lat="9.004397" lon="-79.566011">
        <time>2026-08-25T11:09:00Z</time>
      </trkpt>
      <trkpt lat="9.004374" lon="-79.566014">
        <time>2026-08-25T11:09:01Z</time>
      </trkpt>
      <trkpt lat="9.004352" lon="-79.566018">
        <time>2026-08-25T11:09:02Z</time>
      </trkpt>
      <trkpt lat="9.004328" lon="-79.566021">
        <time>2026-08-25T11:09:03Z</time>
      </trkpt>
      <trkpt lat="9.004305" lon="-79.566024">
        <time>2026-08-25T11:09:04Z</time>
      </trkpt>
      <trkpt lat="9.004283" lon="-79.566026">
        <time>2026-08-25T11:09:05Z</time>
      </trkpt>
      <trkpt lat="9.004260" lon="-79.566026">
        <time>2026-08-25T11:09:06Z</time>
      </trkpt>
      <trkpt lat="9.004239" lon="-79.566031">
        <time>2026-08-25T11:09:07Z</time>
      </trkpt>
      <trkpt lat="9.004218" lon="-79.566030">
        <time>2026-08-25T11:09:08Z</time>
      </trkpt>
      <trkpt lat="9.004196" lon="-79.566031">
        <time>2026-08-25T11:09:09Z</time>
      </trkpt>
      <trkpt lat="9.004175" lon="-79.566033">
        <time>2026-08-25T11:09:10Z</time>
      </trkpt>
      <trkpt lat="9.004153" lon="-79.566030">
        <time>2026-08-25T11:09:11Z</time>
      </trkpt>
      <trkpt lat="9.004131" lon="-79.566028">
        <time>2026-08-25T11:09:12Z</time>
      </trkpt>
      <trkpt lat="9.004107" lon="-79.566029">
        <time>2026-08-25T11:09:13Z</time>
      </trkpt>
      <trkpt lat="9.004085" lon="-79.566029">
        <time>2026-08-25T11:09:14Z</time>
      </trkpt>
      <trkpt lat="9.004060" lon="-79.566028">
        <time>2026-08-25T11:09:15Z</time>
      </trkpt>
      <trkpt lat="9.004037" lon="-79.566028">
        <time>2026-08-25T11:09:16Z</time>
      </trkpt>
      <trkpt lat="9.004014" lon="-79.566033">
        <time>2026-08-25T11:09:17Z</time>
      </trkpt>
      <trkpt lat="9.003991" lon="-79.566035">
        <time>2026-08-25T11:09:18Z</time>
      </trkpt>
      <trkpt lat="9.003967" lon="-79.566034">
        <time>2026-08-25T11:09:19Z</time>
      </trkpt>
      <trkpt lat="9.003946" lon="-79.566033">
        <time>2026-08-25T11:09:20Z</time>
      </trkpt>
      <trkpt lat="9.003924" lon="-79.566031">
        <time>2026-08-25T11:09:21Z</time>
      </trkpt>
      <trkpt lat="9.003901" lon="-79.566031">
        <time>2026-08-25T11:09:22Z</time>
      </trkpt>
      <trkpt lat="9.003878" lon="-79.566031">
        <time>2026-08-25T11:09:23Z</time>
      </trkpt>
      <trkpt lat="9.003858" lon="-79.566028">
        <time>2026-08-25T11:09:24Z</time>
      </trkpt>
      <trkpt lat="9.003837" lon="-79.566027">
        <time>2026-08-25T11:09:25Z</time>
      </trkpt>
      <trkpt lat="9.003814" lon="-79.566027">
        <time>2026-08-25T11:09:26Z</time>
      </trkpt>
      <trkpt lat="9.003792" lon="-79.566023">
        <time>2026-08-25T11:09:27Z</time>
      </trkpt>
      <trkpt lat="9.003769" lon="-79.566020">
        <time>2026-08-25T11:09:28Z</time>
      </trkpt>
      <trkpt lat="9.003747" lon="-79.566020">
        <time>2026-08-25T11:09:29Z</time>
      </trkpt>
      <trkpt lat="9.003725" lon="-79.566014">
        <time>2026-08-25T11:09:30Z</time>
      </trkpt>
      <trkpt lat="9.003701" lon="-79.566009">
        <time>2026-08-25T11:09:31Z</time>
      </trkpt>
      <trkpt lat="9.003678" lon="-79.566005">
        <time>2026-08-25T11:09:32Z</time>
      </trkpt>
      <trkpt lat="9.003656" lon="-79.566001">
        <time>2026-08-25T11:09:33Z</time>
      </trkpt>
      <trkpt lat="9.003633" lon="-79.565997">
        <time>2026-08-25T11:09:34Z</time>
      </trkpt>
      <trkpt lat="9.003609" lon="-79.565994">
        <time>2026-08-25T11:09:35Z</time>
      </trkpt>
      <trkpt lat="9.003588" lon="-79.565992">
        <time>2026-08-25T11:09:36Z</time>
      </trkpt>
      <trkpt lat="9.003565" lon="-79.565986">
        <time>2026-08-25T11:09:37Z</time>
      </trkpt>
      <trkpt lat="9.003541" lon="-79.565982">
        <time>2026-08-25T11:09:38Z</time>
      </trkpt>
      <trkpt lat="9.003519" lon="-79.565979">
        <time>2026-08-25T11:09:39Z</time>
      </trkpt>
      <trkpt lat="9.003496" lon="-79.565974">
        <time>2026-08-25T11:09:40Z</time>
      </trkpt>
      <trkpt lat="9.003472" lon="-79.565971">
        <time>2026-08-25T11:09:41Z</time>
      </trkpt>
      <trkpt lat="9.003451" lon="-79.565968">
        <time>2026-08-25T11:09:42Z</time>
      </trkpt>
      <trkpt lat="9.003429" lon="-79.565962">
        <time>2026-08-25T11:09:43Z</time>
      </trkpt>
      <trkpt lat="9.003405" lon="-79.565958">
        <time>2026-08-25T11:09:44Z</time>
      </trkpt>
      <trkpt lat="9.003383" lon="-79.565953">
        <time>2026-08-25T11:09:45Z</time>
      </trkpt>
      <trkpt lat="9.003364" lon="-79.565948">
        <time>2026-08-25T11:09:46Z</time>
      </trkpt>
      <trkpt lat="9.003343" lon="-79.565945">
        <time>2026-08-25T11:09:47Z</time>
      </trkpt>
      <trkpt lat="9.003321" lon="-79.565941">
        <time>2026-08-25T11:09:48Z</time>
      </trkpt>
      <trkpt lat="9.003301" lon="-79.565937">
        <time>2026-08-25T11:09:49Z</time>
      </trkpt>
      <trkpt lat="9.003280" lon="-79.565930">
        <time>2026-08-25T11:09:50Z</time>
      </trkpt>
      <trkpt lat="9.003260" lon="-79.565926">
        <time>2026-08-25T11:09:51Z</time>
      </trkpt>
      <trkpt lat="9.003236" lon="-79.565921">
        <time>2026-08-25T11:09:52Z</time>
      </trkpt>
      <trkpt lat="9.003214" lon="-79.565915">
        <time>2026-08-25T11:09:53Z</time>
      </trkpt>
      <trkpt lat="9.003194" lon="-79.565908">
        <time>2026-08-25T11:09:54Z</time>
      </trkpt>
      <trkpt lat="9.003172" lon="-79.565903">
        <time>2026-08-25T11:09:55Z</time>
      </trkpt>
      <trkpt lat="9.003151" lon="-79.565897">
        <time>2026-08-25T11:09:56Z</time>
      </trkpt>
      <trkpt lat="9.003130" lon="-79.565893">
        <time>2026-08-25T11:09:57Z</time>
      </trkpt>
      <trkpt lat="9.003110" lon="-79.565889">
        <time>2026-08-25T11:09:58Z</time>
      </trkpt>
      <trkpt lat="9.003090" lon="-79.565887">
        <time>2026-08-25T11:09:59Z</time>
      </trkpt>
      <trkpt lat="9.003070" lon="-79.565881">
        <time>2026-08-25T11:10:00Z</time>
      </trkpt>
      <trkpt lat="9.003049" lon="-79.565872">
        <time>2026-08-25T11:10:01Z</time>
      </trkpt>
      <trkpt lat="9.003028" lon="-79.565867">
        <time>2026-08-25T11:10:02Z</time>
      </trkpt>
      <trkpt lat="9.003007" lon="-79.565863">
        <time>2026-08-25T11:10:03Z</time>
      </trkpt>
      <trkpt lat="9.002985" lon="-79.565859">
        <time>2026-08-25T11:10:04Z</time>
      </trkpt>
      <trkpt lat="9.002966" lon="-79.565859">
        <time>2026-08-25T11:10:05Z</time>
      </trkpt>
      <trkpt lat="9.002945" lon="-79.565854">
        <time>2026-08-25T11:10:06Z</time>
      </trkpt>
      <trkpt lat="9.002924" lon="-79.565850">
        <time>2026-08-25T11:10:07Z</time>
      </trkpt>
      <trkpt lat="9.002907" lon="-79.565845">
        <time>2026-08-25T11:10:08Z</time>
      </trkpt>
      <trkpt lat="9.002896" lon="-79.565838">
        <time>2026-08-25T11:10:09Z</time>
      </trkpt>
      <trkpt lat="9.002897" lon="-79.565830">
        <time>2026-08-25T11:10:10Z</time>
      </trkpt>
      <trkpt lat="9.002903" lon="-79.565826">
        <time>2026-08-25T11:10:11Z</time>
      </trkpt>
      <trkpt lat="9.002913" lon="-79.565824">
        <time>2026-08-25T11:10:12Z</time>
      </trkpt>
      <trkpt lat="9.002926" lon="-79.565827">
        <time>2026-08-25T11:10:13Z</time>
      </trkpt>
      <trkpt lat="9.002936" lon="-79.565837">
        <time>2026-08-25T11:10:14Z</time>
      </trkpt>
      <trkpt lat="9.002948" lon="-79.565844">
        <time>2026-08-25T11:10:15Z</time>
      </trkpt>
      <trkpt lat="9.002966" lon="-79.565854">
        <time>2026-08-25T11:10:16Z</time>
      </trkpt>
      <trkpt lat="9.002984" lon="-79.565864">
        <time>2026-08-25T11:10:17Z</time>
      </trkpt>
      <trkpt lat="9.002999" lon="-79.565873">
        <time>2026-08-25T11:10:18Z</time>
      </trkpt>
      <trkpt lat="9.003017" lon="-79.565880">
        <time>2026-08-25T11:10:19Z</time>
      </trkpt>
      <trkpt lat="9.003040" lon="-79.565888">
        <time>2026-08-25T11:10:20Z</time>
      </trkpt>
      <trkpt lat="9.003061" lon="-79.565896">
        <time>2026-08-25T11:10:21Z</time>
      </trkpt>
      <trkpt lat="9.003082" lon="-79.565908">
        <time>2026-08-25T11:10:22Z</time>
      </trkpt>
      <trkpt lat="9.003101" lon="-79.565917">
        <time>2026-08-25T11:10:23Z</time>
      </trkpt>
      <trkpt lat="9.003121" lon="-79.565927">
        <time>2026-08-25T11:10:24Z</time>
      </trkpt>
      <trkpt lat="9.003140" lon="-79.565937">
        <time>2026-08-25T11:10:25Z</time>
      </trkpt>
      <trkpt lat="9.003161" lon="-79.565943">
        <time>2026-08-25T11:10:26Z</time>
      </trkpt>
      <trkpt lat="9.003182" lon="-79.565947">
        <time>2026-08-25T11:10:27Z</time>
      </trkpt>
      <trkpt lat="9.003201" lon="-79.565954">
        <time>2026-08-25T11:10:28Z</time>
      </trkpt>
      <trkpt lat="9.003223" lon="-79.565961">
        <time>2026-08-25T11:10:29Z</time>
      </trkpt>
      <trkpt lat="9.003245" lon="-79.565966">
        <time>2026-08-25T11:10:30Z</time>
      </trkpt>
      <trkpt lat="9.003264" lon="-79.565972">
        <time>2026-08-25T11:10:31Z</time>
      </trkpt>
      <trkpt lat="9.003285" lon="-79.565979">
        <time>2026-08-25T11:10:32Z</time>
      </trkpt>
      <trkpt lat="9.003307" lon="-79.565986">
        <time>2026-08-25T11:10:33Z</time>
      </trkpt>
      <trkpt lat="9.003329" lon="-79.565992">
        <time>2026-08-25T11:10:34Z</time>
      </trkpt>
      <trkpt lat="9.003350" lon="-79.565998">
        <time>2026-08-25T11:10:35Z</time>
      </trkpt>
      <trkpt lat="9.003373" lon="-79.566001">
        <time>2026-08-25T11:10:36Z</time>
      </trkpt>
      <trkpt lat="9.003395" lon="-79.566008">
        <time>2026-08-25T11:10:37Z</time>
      </trkpt>
      <trkpt lat="9.003417" lon="-79.566015">
        <time>2026-08-25T11:10:38Z</time>
      </trkpt>
      <trkpt lat="9.003440" lon="-79.566020">
        <time>2026-08-25T11:10:39Z</time>
      </trkpt>
      <trkpt lat="9.003463" lon="-79.566022">
        <time>2026-08-25T11:10:40Z</time>
      </trkpt>
      <trkpt lat="9.003483" lon="-79.566026">
        <time>2026-08-25T11:10:41Z</time>
      </trkpt>
      <trkpt lat="9.003503" lon="-79.566033">
        <time>2026-08-25T11:10:42Z</time>
      </trkpt>
      <trkpt lat="9.003523" lon="-79.566041">
        <time>2026-08-25T11:10:43Z</time>
      </trkpt>
      <trkpt lat="9.003540" lon="-79.566049">
        <time>2026-08-25T11:10:44Z</time>
      </trkpt>
      <trkpt lat="9.003559" lon="-79.566058">
        <time>2026-08-25T11:10:45Z</time>
      </trkpt>
      <trkpt lat="9.003583" lon="-79.566065">
        <time>2026-08-25T11:10:46Z</time>
      </trkpt>
      <trkpt lat="9.003604" lon="-79.566072">
        <time>2026-08-25T11:10:47Z</time>
      </trkpt>
      <trkpt lat="9.003626" lon="-79.566080">
        <time>2026-08-25T11:10:48Z</time>
      </trkpt>
      <trkpt lat="9.003649" lon="-79.566086">
        <time>2026-08-25T11:10:49Z</time>
      </trkpt>
      <trkpt lat="9.003671" lon="-79.566092">
        <time>2026-08-25T11:10:50Z</time>
      </trkpt>
      <trkpt lat="9.003694" lon="-79.566097">
        <time>2026-08-25T11:10:51Z</time>
      </trkpt>
      <trkpt lat="9.003718" lon="-79.566101">
        <time>2026-08-25T11:10:52Z</time>
      </trkpt>
      <trkpt lat="9.003740" lon="-79.566104">
        <time>2026-08-25T11:10:53Z</time>
      </trkpt>
      <trkpt lat="9.003763" lon="-79.566108">
        <time>2026-08-25T11:10:54Z</time>
      </trkpt>
      <trkpt lat="9.003787" lon="-79.566110">
        <time>2026-08-25T11:10:55Z</time>
      </trkpt>
      <trkpt lat="9.003811" lon="-79.566113">
        <time>2026-08-25T11:10:56Z</time>
      </trkpt>
      <trkpt lat="9.003835" lon="-79.566113">
        <time>2026-08-25T11:10:57Z</time>
      </trkpt>
      <trkpt lat="9.003858" lon="-79.566115">
        <time>2026-08-25T11:10:58Z</time>
      </trkpt>
      <trkpt lat="9.003883" lon="-79.566116">
        <time>2026-08-25T11:10:59Z</time>
      </trkpt>
      <trkpt lat="9.003905" lon="-79.566118">
        <time>2026-08-25T11:11:00Z</time>
      </trkpt>
      <trkpt lat="9.003927" lon="-79.566119">
        <time>2026-08-25T11:11:01Z</time>
      </trkpt>
      <trkpt lat="9.003951" lon="-79.566117">
        <time>2026-08-25T11:11:02Z</time>
      </trkpt>
      <trkpt lat="9.003971" lon="-79.566113">
        <time>2026-08-25T11:11:03Z</time>
      </trkpt>
      <trkpt lat="9.003993" lon="-79.566111">
        <time>2026-08-25T11:11:04Z</time>
      </trkpt>
      <trkpt lat="9.004014" lon="-79.566108">
        <time>2026-08-25T11:11:05Z</time>
      </trkpt>
      <trkpt lat="9.004035" lon="-79.566105">
        <time>2026-08-25T11:11:06Z</time>
      </trkpt>
      <trkpt lat="9.004055" lon="-79.566103">
        <time>2026-08-25T11:11:07Z</time>
      </trkpt>
      <trkpt lat="9.004076" lon="-79.566100">
        <time>2026-08-25T11:11:08Z</time>
      </trkpt>
      <trkpt lat="9.004097" lon="-79.566098">
        <time>2026-08-25T11:11:09Z</time>
      </trkpt>
      <trkpt lat="9.004118" lon="-79.566098">
        <time>2026-08-25T11:11:10Z</time>
      </trkpt>
      <trkpt lat="9.004138" lon="-79.566095">
        <time>2026-08-25T11:11:11Z</time>
      </trkpt>
      <trkpt lat="9.004160" lon="-79.566094">
        <time>2026-08-25T11:11:12Z</time>
      </trkpt>
      <trkpt lat="9.004181" lon="-79.566094">
        <time>2026-08-25T11:11:13Z</time>
      </trkpt>
      <trkpt lat="9.004201" lon="-79.566094">
        <time>2026-08-25T11:11:14Z</time>
      </trkpt>
      <trkpt lat="9.004224" lon="-79.566093">
        <time>2026-08-25T11:11:15Z</time>
      </trkpt>
      <trkpt lat="9.004246" lon="-79.566091">
        <time>2026-08-25T11:11:16Z</time>
      </trkpt>
      <trkpt lat="9.004267" lon="-79.566088">
        <time>2026-08-25T11:11:17Z</time>
      </trkpt>
      <trkpt lat="9.004288" lon="-79.566085">
        <time>2026-08-25T11:11:18Z</time>
      </trkpt>
      <trkpt lat="9.004308" lon="-79.566083">
        <time>2026-08-25T11:11:19Z</time>
      </trkpt>
      <trkpt lat="9.004327" lon="-79.566082">
        <time>2026-08-25T11:11:20Z</time>
      </trkpt>
      <trkpt lat="9.004348" lon="-79.566080">
        <time>2026-08-25T11:11:21Z</time>
      </trkpt>
      <trkpt lat="9.004369" lon="-79.566077">
        <time>2026-08-25T11:11:22Z</time>
      </trkpt>
      <trkpt lat="9.004388" lon="-79.566074">
        <time>2026-08-25T11:11:23Z</time>
      </trkpt>
      <trkpt lat="9.004408" lon="-79.566072">
        <time>2026-08-25T11:11:24Z</time>
      </trkpt>
      <trkpt lat="9.004427" lon="-79.566069">
        <time>2026-08-25T11:11:25Z</time>
      </trkpt>
      <trkpt lat="9.004446" lon="-79.566066">
        <time>2026-08-25T11:11:26Z</time>
      </trkpt>
      <trkpt lat="9.004464" lon="-79.566062">
        <time>2026-08-25T11:11:27Z</time>
      </trkpt>
      <trkpt lat="9.004486" lon="-79.566058">
        <time>2026-08-25T11:11:28Z</time>
      </trkpt>
      <trkpt lat="9.004505" lon="-79.566054">
        <time>2026-08-25T11:11:29Z</time>
      </trkpt>
      <trkpt lat="9.004523" lon="-79.566050">
        <time>2026-08-25T11:11:30Z</time>
      </trkpt>
      <trkpt lat="9.004541" lon="-79.566043">
        <time>2026-08-25T11:11:31Z</time>
      </trkpt>
      <trkpt lat="9.004560" lon="-79.566037">
        <time>2026-08-25T11:11:32Z</time>
      </trkpt>
      <trkpt lat="9.004578" lon="-79.566032">
        <time>2026-08-25T11:11:33Z</time>
      </trkpt>
      <trkpt lat="9.004599" lon="-79.566025">
        <time>2026-08-25T11:11:34Z</time>
      </trkpt>
      <trkpt lat="9.004619" lon="-79.566020">
        <time>2026-08-25T11:11:35Z</time>
      </trkpt>
      <trkpt lat="9.004639" lon="-79.566016">
        <time>2026-08-25T11:11:36Z</time>
      </trkpt>
      <trkpt lat="9.004659" lon="-79.566014">
        <time>2026-08-25T11:11:37Z</time>
      </trkpt>
      <trkpt lat="9.004679" lon="-79.566011">
        <time>2026-08-25T11:11:38Z</time>
      </trkpt>
      <trkpt lat="9.004699" lon="-79.566010">
        <time>2026-08-25T11:11:39Z</time>
      </trkpt>
      <trkpt lat="9.004716" lon="-79.566014">
        <time>2026-08-25T11:11:40Z</time>
      </trkpt>
      <trkpt lat="9.004729" lon="-79.566018">
        <time>2026-08-25T11:11:41Z</time>
      </trkpt>
      <trkpt lat="9.004743" lon="-79.566027">
        <time>2026-08-25T11:11:42Z</time>
      </trkpt>
      <trkpt lat="9.004751" lon="-79.566039">
        <time>2026-08-25T11:11:43Z</time>
      </trkpt>
      <trkpt lat="9.004755" lon="-79.566055">
        <time>2026-08-25T11:11:44Z</time>
      </trkpt>
      <trkpt lat="9.004765" lon="-79.566073">
        <time>2026-08-25T11:11:45Z</time>
      </trkpt>
      <trkpt lat="9.004774" lon="-79.566089">
        <time>2026-08-25T11:11:46Z</time>
      </trkpt>
      <trkpt lat="9.004780" lon="-79.566107">
        <time>2026-08-25T11:11:47Z</time>
      </trkpt>
      <trkpt lat="9.004787" lon="-79.566125">
        <time>2026-08-25T11:11:48Z</time>
      </trkpt>
      <trkpt lat="9.004797" lon="-79.566141">
        <time>2026-08-25T11:11:49Z</time>
      </trkpt>
      <trkpt lat="9.004806" lon="-79.566159">
        <time>2026-08-25T11:11:50Z</time>
      </trkpt>
      <trkpt lat="9.004816" lon="-79.566176">
        <time>2026-08-25T11:11:51Z</time>
      </trkpt>
      <trkpt lat="9.004825" lon="-79.566194">
        <time>2026-08-25T11:11:52Z</time>
      </trkpt>
      <trkpt lat="9.004835" lon="-79.566212">
        <time>2026-08-25T11:11:53Z</time>
      </trkpt>
      <trkpt lat="9.004847" lon="-79.566231">
        <time>2026-08-25T11:11:54Z</time>
      </trkpt>
      <trkpt lat="9.004857" lon="-79.566250">
        <time>2026-08-25T11:11:55Z</time>
      </trkpt>
      <trkpt lat="9.004865" lon="-79.566269">
        <time>2026-08-25T11:11:56Z</time>
      </trkpt>
      <trkpt lat="9.004874" lon="-79.566287">
        <time>2026-08-25T11:11:57Z</time>
      </trkpt>
      <trkpt lat="9.004885" lon="-79.566305">
        <time>2026-08-25T11:11:58Z</time>
      </trkpt>
      <trkpt lat="9.004893" lon="-79.566325">
        <time>2026-08-25T11:11:59Z</time>
      </trkpt>
      <trkpt lat="9.004903" lon="-79.566344">
        <time>2026-08-25T11:12:00Z</time>
      </trkpt>
      <trkpt lat="9.004912" lon="-79.566363">
        <time>2026-08-25T11:12:01Z</time>
      </trkpt>
      <trkpt lat="9.004921" lon="-79.566382">
        <time>2026-08-25T11:12:02Z</time>
      </trkpt>
      <trkpt lat="9.004932" lon="-79.566400">
        <time>2026-08-25T11:12:03Z</time>
      </trkpt>
      <trkpt lat="9.004942" lon="-79.566417">
        <time>2026-08-25T11:12:04Z</time>
      </trkpt>
      <trkpt lat="9.004950" lon="-79.566435">
        <time>2026-08-25T11:12:05Z</time>
      </trkpt>
      <trkpt lat="9.004956" lon="-79.566451">
        <time>2026-08-25T11:12:06Z</time>
      </trkpt>
      <trkpt lat="9.004966" lon="-79.566468">
        <time>2026-08-25T11:12:07Z</time>
      </trkpt>
      <trkpt lat="9.004974" lon="-79.566486">
        <time>2026-08-25T11:12:08Z</time>
      </trkpt>
      <trkpt lat="9.004983" lon="-79.566504">
        <time>2026-08-25T11:12:09Z</time>
      </trkpt>
      <trkpt lat="9.004993" lon="-79.566521">
        <time>2026-08-25T11:12:10Z</time>
      </trkpt>
      <trkpt lat="9.005002" lon="-79.566540">
        <time>2026-08-25T11:12:11Z</time>
      </trkpt>
      <trkpt lat="9.005007" lon="-79.566557">
        <time>2026-08-25T11:12:12Z</time>
      </trkpt>
      <trkpt lat="9.005016" lon="-79.566575">
        <time>2026-08-25T11:12:13Z</time>
      </trkpt>
      <trkpt lat="9.005025" lon="-79.566592">
        <time>2026-08-25T11:12:14Z</time>
      </trkpt>
      <trkpt lat="9.005032" lon="-79.566609">
        <time>2026-08-25T11:12:15Z</time>
      </trkpt>
      <trkpt lat="9.005039" lon="-79.566627">
        <time>2026-08-25T11:12:16Z</time>
      </trkpt>
      <trkpt lat="9.005045" lon="-79.566647">
        <time>2026-08-25T11:12:17Z</time>
      </trkpt>
      <trkpt lat="9.005051" lon="-79.566667">
        <time>2026-08-25T11:12:18Z</time>
      </trkpt>
      <trkpt lat="9.005055" lon="-79.566688">
        <time>2026-08-25T11:12:19Z</time>
      </trkpt>
      <trkpt lat="9.005060" lon="-79.566709">
        <time>2026-08-25T11:12:20Z</time>
      </trkpt>
      <trkpt lat="9.005068" lon="-79.566731">
        <time>2026-08-25T11:12:21Z</time>
      </trkpt>
      <trkpt lat="9.005072" lon="-79.566751">
        <time>2026-08-25T11:12:22Z</time>
      </trkpt>
      <trkpt lat="9.005078" lon="-79.566772">
        <time>2026-08-25T11:12:23Z</time>
      </trkpt>
      <trkpt lat="9.005084" lon="-79.566792">
        <time>2026-08-25T11:12:24Z</time>
      </trkpt>
      <trkpt lat="9.005092" lon="-79.566809">
        <time>2026-08-25T11:12:25Z</time>
      </trkpt>
      <trkpt lat="9.005100" lon="-79.566825">
        <time>2026-08-25T11:12:26Z</time>
      </trkpt>
      <trkpt lat="9.005107" lon="-79.566843">
        <time>2026-08-25T11:12:27Z</time>
      </trkpt>
      <trkpt lat="9.005110" lon="-79.566863">
        <time>2026-08-25T11:12:28Z</time>
      </trkpt>
      <trkpt lat="9.005110" lon="-79.566882">
        <time>2026-08-25T11:12:29Z</time>
      </trkpt>
      <trkpt lat="9.005114" lon="-79.566906">
        <time>2026-08-25T11:12:30Z</time>
      </trkpt>
      <trkpt lat="9.005120" lon="-79.566929">
        <time>2026-08-25T11:12:31Z</time>
      </trkpt>
      <trkpt lat="9.005129" lon="-79.566954">
        <time>2026-08-25T11:12:32Z</time>
      </trkpt>
      <trkpt lat="9.005140" lon="-79.566976">
        <time>2026-08-25T11:12:33Z</time>
      </trkpt>
      <trkpt lat="9.005151" lon="-79.566999">
        <time>2026-08-25T11:12:34Z</time>
      </trkpt>
      <trkpt lat="9.005160" lon="-79.567023">
        <time>2026-08-25T11:12:35Z</time>
      </trkpt>
      <trkpt lat="9.005169" lon="-79.567044">
        <time>2026-08-25T11:12:36Z</time>
      </trkpt>
      <trkpt lat="9.005180" lon="-79.567065">
        <time>2026-08-25T11:12:37Z</time>
      </trkpt>
      <trkpt lat="9.005190" lon="-79.567086">
        <time>2026-08-25T11:12:38Z</time>
      </trkpt>
      <trkpt lat="9.005201" lon="-79.567106">
        <time>2026-08-25T11:12:39Z</time>
      </trkpt>
      <trkpt lat="9.005210" lon="-79.567126">
        <time>2026-08-25T11:12:40Z</time>
      </trkpt>
      <trkpt lat="9.005219" lon="-79.567143">
        <time>2026-08-25T11:12:41Z</time>
      </trkpt>
      <trkpt lat="9.005225" lon="-79.567163">
        <time>2026-08-25T11:12:42Z</time>
      </trkpt>
      <trkpt lat="9.005235" lon="-79.567185">
        <time>2026-08-25T11:12:43Z</time>
      </trkpt>
      <trkpt lat="9.005246" lon="-79.567203">
        <time>2026-08-25T11:12:44Z</time>
      </trkpt>
      <trkpt lat="9.005259" lon="-79.567220">
        <time>2026-08-25T11:12:45Z</time>
      </trkpt>
      <trkpt lat="9.005270" lon="-79.567237">
        <time>2026-08-25T11:12:46Z</time>
      </trkpt>
      <trkpt lat="9.005276" lon="-79.567255">
        <time>2026-08-25T11:12:47Z</time>
      </trkpt>
      <trkpt lat="9.005285" lon="-79.567275">
        <time>2026-08-25T11:12:48Z</time>
      </trkpt>
      <trkpt lat="9.005296" lon="-79.567295">
        <time>2026-08-25T11:12:49Z</time>
      </trkpt>
      <trkpt lat="9.005306" lon="-79.567314">
        <time>2026-08-25T11:12:50Z</time>
      </trkpt>
      <trkpt lat="9.005317" lon="-79.567333">
        <time>2026-08-25T11:12:51Z</time>
      </trkpt>
      <trkpt lat="9.005328" lon="-79.567351">
        <time>2026-08-25T11:12:52Z</time>
      </trkpt>
      <trkpt lat="9.005339" lon="-79.567371">
        <time>2026-08-25T11:12:53Z</time>
      </trkpt>
      <trkpt lat="9.005349" lon="-79.567390">
        <time>2026-08-25T11:12:54Z</time>
      </trkpt>
      <trkpt lat="9.005361" lon="-79.567408">
        <time>2026-08-25T11:12:55Z</time>
      </trkpt>
      <trkpt lat="9.005372" lon="-79.567426">
        <time>2026-08-25T11:12:56Z</time>
      </trkpt>
      <trkpt lat="9.005383" lon="-79.567444">
        <time>2026-08-25T11:12:57Z</time>
      </trkpt>
      <trkpt lat="9.005395" lon="-79.567461">
        <time>2026-08-25T11:12:58Z</time>
      </trkpt>
      <trkpt lat="9.005407" lon="-79.567479">
        <time>2026-08-25T11:12:59Z</time>
      </trkpt>
      <trkpt lat="9.005417" lon="-79.567498">
        <time>2026-08-25T11:13:00Z</time>
      </trkpt>
      <trkpt lat="9.005429" lon="-79.567514">
        <time>2026-08-25T11:13:01Z</time>
      </trkpt>
      <trkpt lat="9.005445" lon="-79.567532">
        <time>2026-08-25T11:13:02Z</time>
      </trkpt>
      <trkpt lat="9.005456" lon="-79.567550">
        <time>2026-08-25T11:13:03Z</time>
      </trkpt>
      <trkpt lat="9.005469" lon="-79.567567">
        <time>2026-08-25T11:13:04Z</time>
      </trkpt>
      <trkpt lat="9.005482" lon="-79.567584">
        <time>2026-08-25T11:13:05Z</time>
      </trkpt>
      <trkpt lat="9.005497" lon="-79.567603">
        <time>2026-08-25T11:13:06Z</time>
      </trkpt>
      <trkpt lat="9.005509" lon="-79.567620">
        <time>2026-08-25T11:13:07Z</time>
      </trkpt>
      <trkpt lat="9.005522" lon="-79.567638">
        <time>2026-08-25T11:13:08Z</time>
      </trkpt>
      <trkpt lat="9.005537" lon="-79.567657">
        <time>2026-08-25T11:13:09Z</time>
      </trkpt>
      <trkpt lat="9.005548" lon="-79.567675">
        <time>2026-08-25T11:13:10Z</time>
      </trkpt>
      <trkpt lat="9.005563" lon="-79.567693">
        <time>2026-08-25T11:13:11Z</time>
      </trkpt>
      <trkpt lat="9.005577" lon="-79.567712">
        <time>2026-08-25T11:13:12Z</time>
      </trkpt>
      <trkpt lat="9.005591" lon="-79.567730">
        <time>2026-08-25T11:13:13Z</time>
      </trkpt>
      <trkpt lat="9.005608" lon="-79.567749">
        <time>2026-08-25T11:13:14Z</time>
      </trkpt>
      <trkpt lat="9.005624" lon="-79.567767">
        <time>2026-08-25T11:13:15Z</time>
      </trkpt>
      <trkpt lat="9.005638" lon="-79.567784">
        <time>2026-08-25T11:13:16Z</time>
      </trkpt>
      <trkpt lat="9.005653" lon="-79.567802">
        <time>2026-08-25T11:13:17Z</time>
      </trkpt>
      <trkpt lat="9.005669" lon="-79.567818">
        <time>2026-08-25T11:13:18Z</time>
      </trkpt>
      <trkpt lat="9.005683" lon="-79.567833">
        <time>2026-08-25T11:13:19Z</time>
      </trkpt>
      <trkpt lat="9.005698" lon="-79.567848">
        <time>2026-08-25T11:13:20Z</time>
      </trkpt>
      <trkpt lat="9.005712" lon="-79.567863">
        <time>2026-08-25T11:13:21Z</time>
      </trkpt>
      <trkpt lat="9.005726" lon="-79.567881">
        <time>2026-08-25T11:13:22Z</time>
      </trkpt>
      <trkpt lat="9.005734" lon="-79.567895">
        <time>2026-08-25T11:13:23Z</time>
      </trkpt>
      <trkpt lat="9.005747" lon="-79.567912">
        <time>2026-08-25T11:13:24Z</time>
      </trkpt>
      <trkpt lat="9.005761" lon="-79.567925">
        <time>2026-08-25T11:13:25Z</time>
      </trkpt>
      <trkpt lat="9.005771" lon="-79.567939">
        <time>2026-08-25T11:13:26Z</time>
      </trkpt>
      <trkpt lat="9.005780" lon="-79.567953">
        <time>2026-08-25T11:13:27Z</time>
      </trkpt>
      <trkpt lat="9.005789" lon="-79.567971">
        <time>2026-08-25T11:13:28Z</time>
      </trkpt>
      <trkpt lat="9.005795" lon="-79.567989">
        <time>2026-08-25T11:13:29Z</time>
      </trkpt>
      <trkpt lat="9.005798" lon="-79.568009">
        <time>2026-08-25T11:13:30Z</time>
      </trkpt>
      <trkpt lat="9.005797" lon="-79.568028">
        <time>2026-08-25T11:13:31Z</time>
      </trkpt>
      <trkpt lat="9.005794" lon="-79.568050">
        <time>2026-08-25T11:13:32Z</time>
      </trkpt>
      <trkpt lat="9.005789" lon="-79.568070">
        <time>2026-08-25T11:13:33Z</time>
      </trkpt>
      <trkpt lat="9.005780" lon="-79.568088">
        <time>2026-08-25T11:13:34Z</time>
      </trkpt>
      <trkpt lat="9.005769" lon="-79.568106">
        <time>2026-08-25T11:13:35Z</time>
      </trkpt>
      <trkpt lat="9.005759" lon="-79.568127">
        <time>2026-08-25T11:13:36Z</time>
      </trkpt>
      <trkpt lat="9.005748" lon="-79.568145">
        <time>2026-08-25T11:13:37Z</time>
      </trkpt>
      <trkpt lat="9.005736" lon="-79.568166">
        <time>2026-08-25T11:13:38Z</time>
      </trkpt>
      <trkpt lat="9.005724" lon="-79.568187">
        <time>2026-08-25T11:13:39Z</time>
      </trkpt>
      <trkpt lat="9.005712" lon="-79.568205">
        <time>2026-08-25T11:13:40Z</time>
      </trkpt>
      <trkpt lat="9.005701" lon="-79.568223">
        <time>2026-08-25T11:13:41Z</time>
      </trkpt>
      <trkpt lat="9.005689" lon="-79.568246">
        <time>2026-08-25T11:13:42Z</time>
      </trkpt>
      <trkpt lat="9.005676" lon="-79.568267">
        <time>2026-08-25T11:13:43Z</time>
      </trkpt>
      <trkpt lat="9.005662" lon="-79.568286">
        <time>2026-08-25T11:13:44Z</time>
      </trkpt>
      <trkpt lat="9.005647" lon="-79.568307">
        <time>2026-08-25T11:13:45Z</time>
      </trkpt>
      <trkpt lat="9.005632" lon="-79.568327">
        <time>2026-08-25T11:13:46Z</time>
      </trkpt>
      <trkpt lat="9.005619" lon="-79.568344">
        <time>2026-08-25T11:13:47Z</time>
      </trkpt>
      <trkpt lat="9.005605" lon="-79.568364">
        <time>2026-08-25T11:13:48Z</time>
      </trkpt>
      <trkpt lat="9.005594" lon="-79.568386">
        <time>2026-08-25T11:13:49Z</time>
      </trkpt>
      <trkpt lat="9.005586" lon="-79.568407">
        <time>2026-08-25T11:13:50Z</time>
      </trkpt>
      <trkpt lat="9.005579" lon="-79.568427">
        <time>2026-08-25T11:13:51Z</time>
      </trkpt>
      <trkpt lat="9.005574" lon="-79.568451">
        <time>2026-08-25T11:13:52Z</time>
      </trkpt>
      <trkpt lat="9.005574" lon="-79.568473">
        <time>2026-08-25T11:13:53Z</time>
      </trkpt>
      <trkpt lat="9.005575" lon="-79.568495">
        <time>2026-08-25T11:13:54Z</time>
      </trkpt>
      <trkpt lat="9.005577" lon="-79.568518">
        <time>2026-08-25T11:13:55Z</time>
      </trkpt>
      <trkpt lat="9.005571" lon="-79.568541">
        <time>2026-08-25T11:13:56Z</time>
      </trkpt>
      <trkpt lat="9.005567" lon="-79.568562">
        <time>2026-08-25T11:13:57Z</time>
      </trkpt>
      <trkpt lat="9.005563" lon="-79.568587">
        <time>2026-08-25T11:13:58Z</time>
      </trkpt>
      <trkpt lat="9.005558" lon="-79.568609">
        <time>2026-08-25T11:13:59Z</time>
      </trkpt>
      <trkpt lat="9.005551" lon="-79.568629">
        <time>2026-08-25T11:14:00Z</time>
      </trkpt>
      <trkpt lat="9.005545" lon="-79.568650">
        <time>2026-08-25T11:14:01Z</time>
      </trkpt>
      <trkpt lat="9.005542" lon="-79.568674">
        <time>2026-08-25T11:14:02Z</time>
      </trkpt>
      <trkpt lat="9.005538" lon="-79.568696">
        <time>2026-08-25T11:14:03Z</time>
      </trkpt>
      <trkpt lat="9.005533" lon="-79.568717">
        <time>2026-08-25T11:14:04Z</time>
      </trkpt>
      <trkpt lat="9.005527" lon="-79.568739">
        <time>2026-08-25T11:14:05Z</time>
      </trkpt>
      <trkpt lat="9.005521" lon="-79.568759">
        <time>2026-08-25T11:14:06Z</time>
      </trkpt>
      <trkpt lat="9.005514" lon="-79.568781">
        <time>2026-08-25T11:14:07Z</time>
      </trkpt>
      <trkpt lat="9.005509" lon="-79.568805">
        <time>2026-08-25T11:14:08Z</time>
      </trkpt>
      <trkpt lat="9.005502" lon="-79.568828">
        <time>2026-08-25T11:14:09Z</time>
      </trkpt>
      <trkpt lat="9.005495" lon="-79.568850">
        <time>2026-08-25T11:14:10Z</time>
      </trkpt>
      <trkpt lat="9.005490" lon="-79.568870">
        <time>2026-08-25T11:14:11Z</time>
      </trkpt>
      <trkpt lat="9.005484" lon="-79.568891">
        <time>2026-08-25T11:14:12Z</time>
      </trkpt>
      <trkpt lat="9.005477" lon="-79.568912">
        <time>2026-08-25T11:14:13Z</time>
      </trkpt>
      <trkpt lat="9.005471" lon="-79.568934">
        <time>2026-08-25T11:14:14Z</time>
      </trkpt>
      <trkpt lat="9.005468" lon="-79.568956">
        <time>2026-08-25T11:14:15Z</time>
      </trkpt>
      <trkpt lat="9.005463" lon="-79.568974">
        <time>2026-08-25T11:14:16Z</time>
      </trkpt>
      <trkpt lat="9.005453" lon="-79.568995">
        <time>2026-08-25T11:14:17Z</time>
      </trkpt>
      <trkpt lat="9.005445" lon="-79.569017">
        <time>2026-08-25T11:14:18Z</time>
      </trkpt>
      <trkpt lat="9.005435" lon="-79.569038">
        <time>2026-08-25T11:14:19Z</time>
      </trkpt>
      <trkpt lat="9.005428" lon="-79.569058">
        <time>2026-08-25T11:14:20Z</time>
      </trkpt>
      <trkpt lat="9.005424" lon="-79.569081">
        <time>2026-08-25T11:14:21Z</time>
      </trkpt>
      <trkpt lat="9.005416" lon="-79.569101">
        <time>2026-08-25T11:14:22Z</time>
      </trkpt>
      <trkpt lat="9.005406" lon="-79.569120">
        <time>2026-08-25T11:14:23Z</time>
      </trkpt>
      <trkpt lat="9.005393" lon="-79.569140">
        <time>2026-08-25T11:14:24Z</time>
      </trkpt>
      <trkpt lat="9.005385" lon="-79.569162">
        <time>2026-08-25T11:14:25Z</time>
      </trkpt>
      <trkpt lat="9.005383" lon="-79.569184">
        <time>2026-08-25T11:14:26Z</time>
      </trkpt>
      <trkpt lat="9.005384" lon="-79.569208">
        <time>2026-08-25T11:14:27Z</time>
      </trkpt>
      <trkpt lat="9.005381" lon="-79.569231">
        <time>2026-08-25T11:14:28Z</time>
      </trkpt>
      <trkpt lat="9.005373" lon="-79.569250">
        <time>2026-08-25T11:14:29Z</time>
      </trkpt>
      <trkpt lat="9.005368" lon="-79.569269">
        <time>2026-08-25T11:14:30Z</time>
      </trkpt>
      <trkpt lat="9.005363" lon="-79.569290">
        <time>2026-08-25T11:14:31Z</time>
      </trkpt>
      <trkpt lat="9.005356" lon="-79.569310">
        <time>2026-08-25T11:14:32Z</time>
      </trkpt>
      <trkpt lat="9.005351" lon="-79.569332">
        <time>2026-08-25T11:14:33Z</time>
      </trkpt>
      <trkpt lat="9.005347" lon="-79.569353">
        <time>2026-08-25T11:14:34Z</time>
      </trkpt>
      <trkpt lat="9.005343" lon="-79.569375">
        <time>2026-08-25T11:14:35Z</time>
      </trkpt>
      <trkpt lat="9.005337" lon="-79.569397">
        <time>2026-08-25T11:14:36Z</time>
      </trkpt>
      <trkpt lat="9.005333" lon="-79.569419">
        <time>2026-08-25T11:14:37Z</time>
      </trkpt>
      <trkpt lat="9.005328" lon="-79.569440">
        <time>2026-08-25T11:14:38Z</time>
      </trkpt>
      <trkpt lat="9.005322" lon="-79.569458">
        <time>2026-08-25T11:14:39Z</time>
      </trkpt>
      <trkpt lat="9.005317" lon="-79.569477">
        <time>2026-08-25T11:14:40Z</time>
      </trkpt>
      <trkpt lat="9.005311" lon="-79.569497">
        <time>2026-08-25T11:14:41Z</time>
      </trkpt>
      <trkpt lat="9.005305" lon="-79.569514">
        <time>2026-08-25T11:14:42Z</time>
      </trkpt>
      <trkpt lat="9.005297" lon="-79.569534">
        <time>2026-08-25T11:14:43Z</time>
      </trkpt>
      <trkpt lat="9.005288" lon="-79.569554">
        <time>2026-08-25T11:14:44Z</time>
      </trkpt>
      <trkpt lat="9.005282" lon="-79.569574">
        <time>2026-08-25T11:14:45Z</time>
      </trkpt>
      <trkpt lat="9.005277" lon="-79.569595">
        <time>2026-08-25T11:14:46Z</time>
      </trkpt>
      <trkpt lat="9.005272" lon="-79.569617">
        <time>2026-08-25T11:14:47Z</time>
      </trkpt>
      <trkpt lat="9.005267" lon="-79.569638">
        <time>2026-08-25T11:14:48Z</time>
      </trkpt>
      <trkpt lat="9.005261" lon="-79.569658">
        <time>2026-08-25T11:14:49Z</time>
      </trkpt>
      <trkpt lat="9.005256" lon="-79.569678">
        <time>2026-08-25T11:14:50Z</time>
      </trkpt>
      <trkpt lat="9.005249" lon="-79.569700">
        <time>2026-08-25T11:14:51Z</time>
      </trkpt>
      <trkpt lat="9.005243" lon="-79.569723">
        <time>2026-08-25T11:14:52Z</time>
      </trkpt>
      <trkpt lat="9.005235" lon="-79.569746">
        <time>2026-08-25T11:14:53Z</time>
      </trkpt>
      <trkpt lat="9.005225" lon="-79.569766">
        <time>2026-08-25T11:14:54Z</time>
      </trkpt>
      <trkpt lat="9.005213" lon="-79.569784">
        <time>2026-08-25T11:14:55Z</time>
      </trkpt>
      <trkpt lat="9.005201" lon="-79.569803">
        <time>2026-08-25T11:14:56Z</time>
      </trkpt>
      <trkpt lat="9.005191" lon="-79.569826">
        <time>2026-08-25T11:14:57Z</time>
      </trkpt>
      <trkpt lat="9.005180" lon="-79.569845">
        <time>2026-08-25T11:14:58Z</time>
      </trkpt>
      <trkpt lat="9.005169" lon="-79.569865">
        <time>2026-08-25T11:14:59Z</time>
      </trkpt>
      <trkpt lat="9.005159" lon="-79.569887">
        <time>2026-08-25T11:15:00Z</time>
      </trkpt>
      <trkpt lat="9.005148" lon="-79.569910">
        <time>2026-08-25T11:15:01Z</time>
      </trkpt>
      <trkpt lat="9.005139" lon="-79.569929">
        <time>2026-08-25T11:15:02Z</time>
      </trkpt>
      <trkpt lat="9.005131" lon="-79.569951">
        <time>2026-08-25T11:15:03Z</time>
      </trkpt>
      <trkpt lat="9.005124" lon="-79.569975">
        <time>2026-08-25T11:15:04Z</time>
      </trkpt>
      <trkpt lat="9.005117" lon="-79.569996">
        <time>2026-08-25T11:15:05Z</time>
      </trkpt>
      <trkpt lat="9.005109" lon="-79.570020">
        <time>2026-08-25T11:15:06Z</time>
      </trkpt>
      <trkpt lat="9.005104" lon="-79.570042">
        <time>2026-08-25T11:15:07Z</time>
      </trkpt>
      <trkpt lat="9.005099" lon="-79.570063">
        <time>2026-08-25T11:15:08Z</time>
      </trkpt>
      <trkpt lat="9.005092" lon="-79.570083">
        <time>2026-08-25T11:15:09Z</time>
      </trkpt>
      <trkpt lat="9.005086" lon="-79.570106">
        <time>2026-08-25T11:15:10Z</time>
      </trkpt>
      <trkpt lat="9.005079" lon="-79.570127">
        <time>2026-08-25T11:15:11Z</time>
      </trkpt>
      <trkpt lat="9.005071" lon="-79.570148">
        <time>2026-08-25T11:15:12Z</time>
      </trkpt>
      <trkpt lat="9.005062" lon="-79.570169">
        <time>2026-08-25T11:15:13Z</time>
      </trkpt>
      <trkpt lat="9.005054" lon="-79.570189">
        <time>2026-08-25T11:15:14Z</time>
      </trkpt>
      <trkpt lat="9.005049" lon="-79.570208">
        <time>2026-08-25T11:15:15Z</time>
      </trkpt>
      <trkpt lat="9.005045" lon="-79.570229">
        <time>2026-08-25T11:15:16Z</time>
      </trkpt>
      <trkpt lat="9.005044" lon="-79.570253">
        <time>2026-08-25T11:15:17Z</time>
      </trkpt>
      <trkpt lat="9.005043" lon="-79.570277">
        <time>2026-08-25T11:15:18Z</time>
      </trkpt>
      <trkpt lat="9.005045" lon="-79.570301">
        <time>2026-08-25T11:15:19Z</time>
      </trkpt>
      <trkpt lat="9.005050" lon="-79.570323">
        <time>2026-08-25T11:15:20Z</time>
      </trkpt>
      <trkpt lat="9.005054" lon="-79.570347">
        <time>2026-08-25T11:15:21Z</time>
      </trkpt>
      <trkpt lat="9.005055" lon="-79.570373">
        <time>2026-08-25T11:15:22Z</time>
      </trkpt>
      <trkpt lat="9.005053" lon="-79.570392">
        <time>2026-08-25T11:15:23Z</time>
      </trkpt>
      <trkpt lat="9.005046" lon="-79.570414">
        <time>2026-08-25T11:15:24Z</time>
      </trkpt>
      <trkpt lat="9.005041" lon="-79.570435">
        <time>2026-08-25T11:15:25Z</time>
      </trkpt>
      <trkpt lat="9.005034" lon="-79.570449">
        <time>2026-08-25T11:15:26Z</time>
      </trkpt>
      <trkpt lat="9.005030" lon="-79.570458">
        <time>2026-08-25T11:15:27Z</time>
      </trkpt>
      <trkpt lat="9.005028" lon="-79.570470">
        <time>2026-08-25T11:15:28Z</time>
      </trkpt>
      <trkpt lat="9.005028" lon="-79.570480">
        <time>2026-08-25T11:15:29Z</time>
      </trkpt>
      <trkpt lat="9.005024" lon="-79.570491">
        <time>2026-08-25T11:15:30Z</time>
      </trkpt>
      <trkpt lat="9.005019" lon="-79.570497">
        <time>2026-08-25T11:15:31Z</time>
      </trkpt>
      <trkpt lat="9.005016" lon="-79.570499">
        <time>2026-08-25T11:15:32Z</time>
      </trkpt>
      <trkpt lat="9.005012" lon="-79.570495">
        <time>2026-08-25T11:15:33Z</time>
      </trkpt>
      <trkpt lat="9.005014" lon="-79.570488">
        <time>2026-08-25T11:15:34Z</time>
      </trkpt>
      <trkpt lat="9.005020" lon="-79.570481">
        <time>2026-08-25T11:15:35Z</time>
      </trkpt>
      <trkpt lat="9.005026" lon="-79.570474">
        <time>2026-08-25T11:15:36Z</time>
      </trkpt>
      <trkpt lat="9.005030" lon="-79.570468">
        <time>2026-08-25T11:15:37Z</time>
      </trkpt>
      <trkpt lat="9.005031" lon="-79.570459">
        <time>2026-08-25T11:15:38Z</time>
      </trkpt>
      <trkpt lat="9.005029" lon="-79.570446">
        <time>2026-08-25T11:15:39Z</time>
      </trkpt>
      <trkpt lat="9.005030" lon="-79.570433">
        <time>2026-08-25T11:15:40Z</time>
      </trkpt>
      <trkpt lat="9.005033" lon="-79.570421">
        <time>2026-08-25T11:15:41Z</time>
      </trkpt>
      <trkpt lat="9.005038" lon="-79.570413">
        <time>2026-08-25T11:15:42Z</time>
      </trkpt>
      <trkpt lat="9.005040" lon="-79.570408">
        <time>2026-08-25T11:15:43Z</time>
      </trkpt>
      <trkpt lat="9.005043" lon="-79.570398">
        <time>2026-08-25T11:15:44Z</time>
      </trkpt>
      <trkpt lat="9.005048" lon="-79.570387">
        <time>2026-08-25T11:15:45Z</time>
      </trkpt>
      <trkpt lat="9.005056" lon="-79.570376">
        <time>2026-08-25T11:15:46Z</time>
      </trkpt>
      <trkpt lat="9.005062" lon="-79.570366">
        <time>2026-08-25T11:15:47Z</time>
      </trkpt>
      <trkpt lat="9.005066" lon="-79.570359">
        <time>2026-08-25T11:15:48Z</time>
      </trkpt>
      <trkpt lat="9.005071" lon="-79.570349">
        <time>2026-08-25T11:15:49Z</time>
      </trkpt>
      <trkpt lat="9.005072" lon="-79.570336">
        <time>2026-08-25T11:15:50Z</time>
      </trkpt>
      <trkpt lat="9.005069" lon="-79.570321">
        <time>2026-08-25T11:15:51Z</time>
      </trkpt>
      <trkpt lat="9.005064" lon="-79.570314">
        <time>2026-08-25T11:15:52Z</time>
      </trkpt>
      <trkpt lat="9.005063" lon="-79.570304">
        <time>2026-08-25T11:15:53Z</time>
      </trkpt>
      <trkpt lat="9.005066" lon="-79.570294">
        <time>2026-08-25T11:15:54Z</time>
      </trkpt>
      <trkpt lat="9.005067" lon="-79.570280">
        <time>2026-08-25T11:15:55Z</time>
      </trkpt>
      <trkpt lat="9.005069" lon="-79.570265">
        <time>2026-08-25T11:15:56Z</time>
      </trkpt>
      <trkpt lat="9.005072" lon="-79.570253">
        <time>2026-08-25T11:15:57Z</time>
      </trkpt>
      <trkpt lat="9.005074" lon="-79.570245">
        <time>2026-08-25T11:15:58Z</time>
      </trkpt>
      <trkpt lat="9.005076" lon="-79.570238">
        <time>2026-08-25T11:15:59Z</time>
      </trkpt>
      <trkpt lat="9.005078" lon="-79.570228">
        <time>2026-08-25T11:16:00Z</time>
      </trkpt>
      <trkpt lat="9.005074" lon="-79.570222">
        <time>2026-08-25T11:16:01Z</time>
      </trkpt>
      <trkpt lat="9.005077" lon="-79.570222">
        <time>2026-08-25T11:16:02Z</time>
      </trkpt>
      <trkpt lat="9.005083" lon="-79.570218">
        <time>2026-08-25T11:16:03Z</time>
      </trkpt>
      <trkpt lat="9.005084" lon="-79.570212">
        <time>2026-08-25T11:16:04Z</time>
      </trkpt>
      <trkpt lat="9.005085" lon="-79.570206">
        <time>2026-08-25T11:16:05Z</time>
      </trkpt>
      <trkpt lat="9.005090" lon="-79.570193">
        <time>2026-08-25T11:16:06Z</time>
      </trkpt>
      <trkpt lat="9.005093" lon="-79.570181">
        <time>2026-08-25T11:16:07Z</time>
      </trkpt>
      <trkpt lat="9.005091" lon="-79.570177">
        <time>2026-08-25T11:16:08Z</time>
      </trkpt>
      <trkpt lat="9.005088" lon="-79.570177">
        <time>2026-08-25T11:16:09Z</time>
      </trkpt>
      <trkpt lat="9.005088" lon="-79.570177">
        <time>2026-08-25T11:16:10Z</time>
      </trkpt>
      <trkpt lat="9.005088" lon="-79.570177">
        <time>2026-08-25T11:16:11Z</time>
      </trkpt>
      <trkpt lat="9.005088" lon="-79.570177">
        <time>2026-08-25T11:16:12Z</time>
      </trkpt>
      <trkpt lat="9.005088" lon="-79.570177">
        <time>2026-08-25T11:16:13Z</time>
      </trkpt>
      <trkpt lat="9.005088" lon="-79.570177">
        <time>2026-08-25T11:16:14Z</time>
      </trkpt>
      <trkpt lat="9.005088" lon="-79.570177">
        <time>2026-08-25T11:16:15Z</time>
      </trkpt>
      <trkpt lat="9.005088" lon="-79.570177">
        <time>2026-08-25T11:16:16Z</time>
      </trkpt>
      <trkpt lat="9.005088" lon="-79.570177">
        <time>2026-08-25T11:16:17Z</time>
      </trkpt>
      <trkpt lat="9.005088" lon="-79.570177">
        <time>2026-08-25T11:16:18Z</time>
      </trkpt>
      <trkpt lat="9.005095" lon="-79.570169">
        <time>2026-08-25T11:16:19Z</time>
      </trkpt>
      <trkpt lat="9.005095" lon="-79.570163">
        <time>2026-08-25T11:16:20Z</time>
      </trkpt>
      <trkpt lat="9.005096" lon="-79.570156">
        <time>2026-08-25T11:16:21Z</time>
      </trkpt>
      <trkpt lat="9.005100" lon="-79.570144">
        <time>2026-08-25T11:16:22Z</time>
      </trkpt>
      <trkpt lat="9.005106" lon="-79.570131">
        <time>2026-08-25T11:16:23Z</time>
      </trkpt>
      <trkpt lat="9.005109" lon="-79.570118">
        <time>2026-08-25T11:16:24Z</time>
      </trkpt>
      <trkpt lat="9.005116" lon="-79.570107">
        <time>2026-08-25T11:16:25Z</time>
      </trkpt>
      <trkpt lat="9.005122" lon="-79.570092">
        <time>2026-08-25T11:16:26Z</time>
      </trkpt>
      <trkpt lat="9.005124" lon="-79.570075">
        <time>2026-08-25T11:16:27Z</time>
      </trkpt>
      <trkpt lat="9.005130" lon="-79.570058">
        <time>2026-08-25T11:16:28Z</time>
      </trkpt>
      <trkpt lat="9.005137" lon="-79.570042">
        <time>2026-08-25T11:16:29Z</time>
      </trkpt>
      <trkpt lat="9.005143" lon="-79.570025">
        <time>2026-08-25T11:16:30Z</time>
      </trkpt>
      <trkpt lat="9.005155" lon="-79.570006">
        <time>2026-08-25T11:16:31Z</time>
      </trkpt>
      <trkpt lat="9.005161" lon="-79.569988">
        <time>2026-08-25T11:16:32Z</time>
      </trkpt>
      <trkpt lat="9.005166" lon="-79.569970">
        <time>2026-08-25T11:16:33Z</time>
      </trkpt>
      <trkpt lat="9.005173" lon="-79.569953">
        <time>2026-08-25T11:16:34Z</time>
      </trkpt>
      <trkpt lat="9.005182" lon="-79.569936">
        <time>2026-08-25T11:16:35Z</time>
      </trkpt>
      <trkpt lat="9.005192" lon="-79.569916">
        <time>2026-08-25T11:16:36Z</time>
      </trkpt>
      <trkpt lat="9.005202" lon="-79.569896">
        <time>2026-08-25T11:16:37Z</time>
      </trkpt>
      <trkpt lat="9.005211" lon="-79.569880">
        <time>2026-08-25T11:16:38Z</time>
      </trkpt>
      <trkpt lat="9.005219" lon="-79.569860">
        <time>2026-08-25T11:16:39Z</time>
      </trkpt>
      <trkpt lat="9.005230" lon="-79.569839">
        <time>2026-08-25T11:16:40Z</time>
      </trkpt>
      <trkpt lat="9.005241" lon="-79.569823">
        <time>2026-08-25T11:16:41Z</time>
      </trkpt>
      <trkpt lat="9.005249" lon="-79.569808">
        <time>2026-08-25T11:16:42Z</time>
      </trkpt>
      <trkpt lat="9.005256" lon="-79.569789">
        <time>2026-08-25T11:16:43Z</time>
      </trkpt>
      <trkpt lat="9.005263" lon="-79.569770">
        <time>2026-08-25T11:16:44Z</time>
      </trkpt>
      <trkpt lat="9.005270" lon="-79.569752">
        <time>2026-08-25T11:16:45Z</time>
      </trkpt>
      <trkpt lat="9.005275" lon="-79.569731">
        <time>2026-08-25T11:16:46Z</time>
      </trkpt>
      <trkpt lat="9.005281" lon="-79.569714">
        <time>2026-08-25T11:16:47Z</time>
      </trkpt>
      <trkpt lat="9.005288" lon="-79.569694">
        <time>2026-08-25T11:16:48Z</time>
      </trkpt>
      <trkpt lat="9.005296" lon="-79.569673">
        <time>2026-08-25T11:16:49Z</time>
      </trkpt>
      <trkpt lat="9.005304" lon="-79.569651">
        <time>2026-08-25T11:16:50Z</time>
      </trkpt>
      <trkpt lat="9.005312" lon="-79.569630">
        <time>2026-08-25T11:16:51Z</time>
      </trkpt>
      <trkpt lat="9.005319" lon="-79.569609">
        <time>2026-08-25T11:16:52Z</time>
      </trkpt>
      <trkpt lat="9.005326" lon="-79.569590">
        <time>2026-08-25T11:16:53Z</time>
      </trkpt>
      <trkpt lat="9.005332" lon="-79.569574">
        <time>2026-08-25T11:16:54Z</time>
      </trkpt>
      <trkpt lat="9.005337" lon="-79.569557">
        <time>2026-08-25T11:16:55Z</time>
      </trkpt>
      <trkpt lat="9.005345" lon="-79.569538">
        <time>2026-08-25T11:16:56Z</time>
      </trkpt>
      <trkpt lat="9.005352" lon="-79.569518">
        <time>2026-08-25T11:16:57Z</time>
      </trkpt>
      <trkpt lat="9.005360" lon="-79.569499">
        <time>2026-08-25T11:16:58Z</time>
      </trkpt>
      <trkpt lat="9.005366" lon="-79.569479">
        <time>2026-08-25T11:16:59Z</time>
      </trkpt>
      <trkpt lat="9.005373" lon="-79.569461">
        <time>2026-08-25T11:17:00Z</time>
      </trkpt>
      <trkpt lat="9.005380" lon="-79.569440">
        <time>2026-08-25T11:17:01Z</time>
      </trkpt>
      <trkpt lat="9.005385" lon="-79.569420">
        <time>2026-08-25T11:17:02Z</time>
      </trkpt>
      <trkpt lat="9.005387" lon="-79.569400">
        <time>2026-08-25T11:17:03Z</time>
      </trkpt>
      <trkpt lat="9.005389" lon="-79.569379">
        <time>2026-08-25T11:17:04Z</time>
      </trkpt>
      <trkpt lat="9.005395" lon="-79.569357">
        <time>2026-08-25T11:17:05Z</time>
      </trkpt>
      <trkpt lat="9.005396" lon="-79.569337">
        <time>2026-08-25T11:17:06Z</time>
      </trkpt>
      <trkpt lat="9.005401" lon="-79.569318">
        <time>2026-08-25T11:17:07Z</time>
      </trkpt>
      <trkpt lat="9.005404" lon="-79.569297">
        <time>2026-08-25T11:17:08Z</time>
      </trkpt>
      <trkpt lat="9.005407" lon="-79.569281">
        <time>2026-08-25T11:17:09Z</time>
      </trkpt>
      <trkpt lat="9.005412" lon="-79.569264">
        <time>2026-08-25T11:17:10Z</time>
      </trkpt>
      <trkpt lat="9.005419" lon="-79.569245">
        <time>2026-08-25T11:17:11Z</time>
      </trkpt>
      <trkpt lat="9.005424" lon="-79.569226">
        <time>2026-08-25T11:17:12Z</time>
      </trkpt>
      <trkpt lat="9.005430" lon="-79.569208">
        <time>2026-08-25T11:17:13Z</time>
      </trkpt>
      <trkpt lat="9.005436" lon="-79.569186">
        <time>2026-08-25T11:17:14Z</time>
      </trkpt>
      <trkpt lat="9.005446" lon="-79.569165">
        <time>2026-08-25T11:17:15Z</time>
      </trkpt>
      <trkpt lat="9.005454" lon="-79.569148">
        <time>2026-08-25T11:17:16Z</time>
      </trkpt>
      <trkpt lat="9.005459" lon="-79.569127">
        <time>2026-08-25T11:17:17Z</time>
      </trkpt>
      <trkpt lat="9.005467" lon="-79.569106">
        <time>2026-08-25T11:17:18Z</time>
      </trkpt>
      <trkpt lat="9.005473" lon="-79.569087">
        <time>2026-08-25T11:17:19Z</time>
      </trkpt>
      <trkpt lat="9.005481" lon="-79.569065">
        <time>2026-08-25T11:17:20Z</time>
      </trkpt>
      <trkpt lat="9.005490" lon="-79.569044">
        <time>2026-08-25T11:17:21Z</time>
      </trkpt>
      <trkpt lat="9.005497" lon="-79.569024">
        <time>2026-08-25T11:17:22Z</time>
      </trkpt>
      <trkpt lat="9.005504" lon="-79.569002">
        <time>2026-08-25T11:17:23Z</time>
      </trkpt>
      <trkpt lat="9.005509" lon="-79.568978">
        <time>2026-08-25T11:17:24Z</time>
      </trkpt>
      <trkpt lat="9.005513" lon="-79.568961">
        <time>2026-08-25T11:17:25Z</time>
      </trkpt>
      <trkpt lat="9.005519" lon="-79.568942">
        <time>2026-08-25T11:17:26Z</time>
      </trkpt>
      <trkpt lat="9.005524" lon="-79.568923">
        <time>2026-08-25T11:17:27Z</time>
      </trkpt>
      <trkpt lat="9.005529" lon="-79.568904">
        <time>2026-08-25T11:17:28Z</time>
      </trkpt>
      <trkpt lat="9.005535" lon="-79.568885">
        <time>2026-08-25T11:17:29Z</time>
      </trkpt>
      <trkpt lat="9.005541" lon="-79.568864">
        <time>2026-08-25T11:17:30Z</time>
      </trkpt>
      <trkpt lat="9.005545" lon="-79.568844">
        <time>2026-08-25T11:17:31Z</time>
      </trkpt>
      <trkpt lat="9.005550" lon="-79.568824">
        <time>2026-08-25T11:17:32Z</time>
      </trkpt>
      <trkpt lat="9.005555" lon="-79.568803">
        <time>2026-08-25T11:17:33Z</time>
      </trkpt>
      <trkpt lat="9.005560" lon="-79.568782">
        <time>2026-08-25T11:17:34Z</time>
      </trkpt>
      <trkpt lat="9.005564" lon="-79.568762">
        <time>2026-08-25T11:17:35Z</time>
      </trkpt>
      <trkpt lat="9.005566" lon="-79.568742">
        <time>2026-08-25T11:17:36Z</time>
      </trkpt>
      <trkpt lat="9.005571" lon="-79.568720">
        <time>2026-08-25T11:17:37Z</time>
      </trkpt>
      <trkpt lat="9.005577" lon="-79.568700">
        <time>2026-08-25T11:17:38Z</time>
      </trkpt>
      <trkpt lat="9.005581" lon="-79.568680">
        <time>2026-08-25T11:17:39Z</time>
      </trkpt>
      <trkpt lat="9.005584" lon="-79.568659">
        <time>2026-08-25T11:17:40Z</time>
      </trkpt>
      <trkpt lat="9.005588" lon="-79.568642">
        <time>2026-08-25T11:17:41Z</time>
      </trkpt>
      <trkpt lat="9.005594" lon="-79.568624">
        <time>2026-08-25T11:17:42Z</time>
      </trkpt>
      <trkpt lat="9.005598" lon="-79.568606">
        <time>2026-08-25T11:17:43Z</time>
      </trkpt>
      <trkpt lat="9.005602" lon="-79.568586">
        <time>2026-08-25T11:17:44Z</time>
      </trkpt>
      <trkpt lat="9.005607" lon="-79.568567">
        <time>2026-08-25T11:17:45Z</time>
      </trkpt>
      <trkpt lat="9.005610" lon="-79.568548">
        <time>2026-08-25T11:17:46Z</time>
      </trkpt>
      <trkpt lat="9.005611" lon="-79.568527">
        <time>2026-08-25T11:17:47Z</time>
      </trkpt>
      <trkpt lat="9.005612" lon="-79.568507">
        <time>2026-08-25T11:17:48Z</time>
      </trkpt>
      <trkpt lat="9.005615" lon="-79.568487">
        <time>2026-08-25T11:17:49Z</time>
      </trkpt>
      <trkpt lat="9.005621" lon="-79.568467">
        <time>2026-08-25T11:17:50Z</time>
      </trkpt>
      <trkpt lat="9.005631" lon="-79.568450">
        <time>2026-08-25T11:17:51Z</time>
      </trkpt>
      <trkpt lat="9.005639" lon="-79.568431">
        <time>2026-08-25T11:17:52Z</time>
      </trkpt>
      <trkpt lat="9.005647" lon="-79.568414">
        <time>2026-08-25T11:17:53Z</time>
      </trkpt>
      <trkpt lat="9.005657" lon="-79.568396">
        <time>2026-08-25T11:17:54Z</time>
      </trkpt>
      <trkpt lat="9.005669" lon="-79.568380">
        <time>2026-08-25T11:17:55Z</time>
      </trkpt>
      <trkpt lat="9.005681" lon="-79.568364">
        <time>2026-08-25T11:17:56Z</time>
      </trkpt>
      <trkpt lat="9.005693" lon="-79.568347">
        <time>2026-08-25T11:17:57Z</time>
      </trkpt>
      <trkpt lat="9.005704" lon="-79.568331">
        <time>2026-08-25T11:17:58Z</time>
      </trkpt>
      <trkpt lat="9.005716" lon="-79.568313">
        <time>2026-08-25T11:17:59Z</time>
      </trkpt>
      <trkpt lat="9.005725" lon="-79.568296">
        <time>2026-08-25T11:18:00Z</time>
      </trkpt>
      <trkpt lat="9.005733" lon="-79.568281">
        <time>2026-08-25T11:18:01Z</time>
      </trkpt>
      <trkpt lat="9.005743" lon="-79.568266">
        <time>2026-08-25T11:18:02Z</time>
      </trkpt>
      <trkpt lat="9.005756" lon="-79.568246">
        <time>2026-08-25T11:18:03Z</time>
      </trkpt>
      <trkpt lat="9.005769" lon="-79.568229">
        <time>2026-08-25T11:18:04Z</time>
      </trkpt>
      <trkpt lat="9.005779" lon="-79.568213">
        <time>2026-08-25T11:18:05Z</time>
      </trkpt>
      <trkpt lat="9.005788" lon="-79.568194">
        <time>2026-08-25T11:18:06Z</time>
      </trkpt>
      <trkpt lat="9.005799" lon="-79.568174">
        <time>2026-08-25T11:18:07Z</time>
      </trkpt>
      <trkpt lat="9.005810" lon="-79.568157">
        <time>2026-08-25T11:18:08Z</time>
      </trkpt>
      <trkpt lat="9.005820" lon="-79.568140">
        <time>2026-08-25T11:18:09Z</time>
      </trkpt>
      <trkpt lat="9.005830" lon="-79.568122">
        <time>2026-08-25T11:18:10Z</time>
      </trkpt>
      <trkpt lat="9.005840" lon="-79.568104">
        <time>2026-08-25T11:18:11Z</time>
      </trkpt>
      <trkpt lat="9.005849" lon="-79.568080">
        <time>2026-08-25T11:18:12Z</time>
      </trkpt>
      <trkpt lat="9.005852" lon="-79.568060">
        <time>2026-08-25T11:18:13Z</time>
      </trkpt>
      <trkpt lat="9.005854" lon="-79.568040">
        <time>2026-08-25T11:18:14Z</time>
      </trkpt>
      <trkpt lat="9.005853" lon="-79.568019">
        <time>2026-08-25T11:18:15Z</time>
      </trkpt>
      <trkpt lat="9.005848" lon="-79.567997">
        <time>2026-08-25T11:18:16Z</time>
      </trkpt>
      <trkpt lat="9.005839" lon="-79.567976">
        <time>2026-08-25T11:18:17Z</time>
      </trkpt>
      <trkpt lat="9.005825" lon="-79.567958">
        <time>2026-08-25T11:18:18Z</time>
      </trkpt>
      <trkpt lat="9.005809" lon="-79.567939">
        <time>2026-08-25T11:18:19Z</time>
      </trkpt>
      <trkpt lat="9.005794" lon="-79.567918">
        <time>2026-08-25T11:18:20Z</time>
      </trkpt>
      <trkpt lat="9.005780" lon="-79.567895">
        <time>2026-08-25T11:18:21Z</time>
      </trkpt>
      <trkpt lat="9.005761" lon="-79.567873">
        <time>2026-08-25T11:18:22Z</time>
      </trkpt>
      <trkpt lat="9.005744" lon="-79.567855">
        <time>2026-08-25T11:18:23Z</time>
      </trkpt>
      <trkpt lat="9.005728" lon="-79.567836">
        <time>2026-08-25T11:18:24Z</time>
      </trkpt>
      <trkpt lat="9.005709" lon="-79.567816">
        <time>2026-08-25T11:18:25Z</time>
      </trkpt>
      <trkpt lat="9.005692" lon="-79.567798">
        <time>2026-08-25T11:18:26Z</time>
      </trkpt>
      <trkpt lat="9.005674" lon="-79.567779">
        <time>2026-08-25T11:18:27Z</time>
      </trkpt>
      <trkpt lat="9.005656" lon="-79.567760">
        <time>2026-08-25T11:18:28Z</time>
      </trkpt>
      <trkpt lat="9.005639" lon="-79.567742">
        <time>2026-08-25T11:18:29Z</time>
      </trkpt>
      <trkpt lat="9.005622" lon="-79.567723">
        <time>2026-08-25T11:18:30Z</time>
      </trkpt>
      <trkpt lat="9.005609" lon="-79.567704">
        <time>2026-08-25T11:18:31Z</time>
      </trkpt>
      <trkpt lat="9.005598" lon="-79.567686">
        <time>2026-08-25T11:18:32Z</time>
      </trkpt>
      <trkpt lat="9.005583" lon="-79.567669">
        <time>2026-08-25T11:18:33Z</time>
      </trkpt>
      <trkpt lat="9.005569" lon="-79.567649">
        <time>2026-08-25T11:18:34Z</time>
      </trkpt>
      <trkpt lat="9.005558" lon="-79.567632">
        <time>2026-08-25T11:18:35Z</time>
      </trkpt>
      <trkpt lat="9.005544" lon="-79.567616">
        <time>2026-08-25T11:18:36Z</time>
      </trkpt>
      <trkpt lat="9.005529" lon="-79.567598">
        <time>2026-08-25T11:18:37Z</time>
      </trkpt>
      <trkpt lat="9.005517" lon="-79.567581">
        <time>2026-08-25T11:18:38Z</time>
      </trkpt>
      <trkpt lat="9.005502" lon="-79.567563">
        <time>2026-08-25T11:18:39Z</time>
      </trkpt>
      <trkpt lat="9.005490" lon="-79.567545">
        <time>2026-08-25T11:18:40Z</time>
      </trkpt>
      <trkpt lat="9.005480" lon="-79.567527">
        <time>2026-08-25T11:18:41Z</time>
      </trkpt>
      <trkpt lat="9.005468" lon="-79.567507">
        <time>2026-08-25T11:18:42Z</time>
      </trkpt>
      <trkpt lat="9.005456" lon="-79.567488">
        <time>2026-08-25T11:18:43Z</time>
      </trkpt>
      <trkpt lat="9.005448" lon="-79.567469">
        <time>2026-08-25T11:18:44Z</time>
      </trkpt>
      <trkpt lat="9.005433" lon="-79.567449">
        <time>2026-08-25T11:18:45Z</time>
      </trkpt>
      <trkpt lat="9.005421" lon="-79.567428">
        <time>2026-08-25T11:18:46Z</time>
      </trkpt>
      <trkpt lat="9.005411" lon="-79.567410">
        <time>2026-08-25T11:18:47Z</time>
      </trkpt>
      <trkpt lat="9.005400" lon="-79.567389">
        <time>2026-08-25T11:18:48Z</time>
      </trkpt>
      <trkpt lat="9.005389" lon="-79.567369">
        <time>2026-08-25T11:18:49Z</time>
      </trkpt>
      <trkpt lat="9.005381" lon="-79.567351">
        <time>2026-08-25T11:18:50Z</time>
      </trkpt>
      <trkpt lat="9.005369" lon="-79.567332">
        <time>2026-08-25T11:18:51Z</time>
      </trkpt>
      <trkpt lat="9.005357" lon="-79.567309">
        <time>2026-08-25T11:18:52Z</time>
      </trkpt>
      <trkpt lat="9.005350" lon="-79.567289">
        <time>2026-08-25T11:18:53Z</time>
      </trkpt>
      <trkpt lat="9.005338" lon="-79.567265">
        <time>2026-08-25T11:18:54Z</time>
      </trkpt>
      <trkpt lat="9.005329" lon="-79.567242">
        <time>2026-08-25T11:18:55Z</time>
      </trkpt>
      <trkpt lat="9.005321" lon="-79.567219">
        <time>2026-08-25T11:18:56Z</time>
      </trkpt>
      <trkpt lat="9.005307" lon="-79.567197">
        <time>2026-08-25T11:18:57Z</time>
      </trkpt>
      <trkpt lat="9.005297" lon="-79.567175">
        <time>2026-08-25T11:18:58Z</time>
      </trkpt>
      <trkpt lat="9.005286" lon="-79.567154">
        <time>2026-08-25T11:18:59Z</time>
      </trkpt>
      <trkpt lat="9.005274" lon="-79.567130">
        <time>2026-08-25T11:19:00Z</time>
      </trkpt>
      <trkpt lat="9.005264" lon="-79.567109">
        <time>2026-08-25T11:19:01Z</time>
      </trkpt>
      <trkpt lat="9.005255" lon="-79.567088">
        <time>2026-08-25T11:19:02Z</time>
      </trkpt>
      <trkpt lat="9.005246" lon="-79.567065">
        <time>2026-08-25T11:19:03Z</time>
      </trkpt>
      <trkpt lat="9.005239" lon="-79.567044">
        <time>2026-08-25T11:19:04Z</time>
      </trkpt>
      <trkpt lat="9.005226" lon="-79.567022">
        <time>2026-08-25T11:19:05Z</time>
      </trkpt>
      <trkpt lat="9.005213" lon="-79.567002">
        <time>2026-08-25T11:19:06Z</time>
      </trkpt>
      <trkpt lat="9.005200" lon="-79.566983">
        <time>2026-08-25T11:19:07Z</time>
      </trkpt>
      <trkpt lat="9.005189" lon="-79.566962">
        <time>2026-08-25T11:19:08Z</time>
      </trkpt>
      <trkpt lat="9.005180" lon="-79.566940">
        <time>2026-08-25T11:19:09Z</time>
      </trkpt>
      <trkpt lat="9.005176" lon="-79.566919">
        <time>2026-08-25T11:19:10Z</time>
      </trkpt>
      <trkpt lat="9.005176" lon="-79.566895">
        <time>2026-08-25T11:19:11Z</time>
      </trkpt>
      <trkpt lat="9.005174" lon="-79.566874">
        <time>2026-08-25T11:19:12Z</time>
      </trkpt>
      <trkpt lat="9.005168" lon="-79.566852">
        <time>2026-08-25T11:19:13Z</time>
      </trkpt>
      <trkpt lat="9.005157" lon="-79.566832">
        <time>2026-08-25T11:19:14Z</time>
      </trkpt>
      <trkpt lat="9.005149" lon="-79.566811">
        <time>2026-08-25T11:19:15Z</time>
      </trkpt>
      <trkpt lat="9.005141" lon="-79.566789">
        <time>2026-08-25T11:19:16Z</time>
      </trkpt>
      <trkpt lat="9.005135" lon="-79.566766">
        <time>2026-08-25T11:19:17Z</time>
      </trkpt>
      <trkpt lat="9.005127" lon="-79.566743">
        <time>2026-08-25T11:19:18Z</time>
      </trkpt>
      <trkpt lat="9.005117" lon="-79.566718">
        <time>2026-08-25T11:19:19Z</time>
      </trkpt>
      <trkpt lat="9.005112" lon="-79.566695">
        <time>2026-08-25T11:19:20Z</time>
      </trkpt>
      <trkpt lat="9.005107" lon="-79.566674">
        <time>2026-08-25T11:19:21Z</time>
      </trkpt>
      <trkpt lat="9.005103" lon="-79.566651">
        <time>2026-08-25T11:19:22Z</time>
      </trkpt>
      <trkpt lat="9.005098" lon="-79.566627">
        <time>2026-08-25T11:19:23Z</time>
      </trkpt>
      <trkpt lat="9.005088" lon="-79.566604">
        <time>2026-08-25T11:19:24Z</time>
      </trkpt>
      <trkpt lat="9.005075" lon="-79.566584">
        <time>2026-08-25T11:19:25Z</time>
      </trkpt>
      <trkpt lat="9.005067" lon="-79.566561">
        <time>2026-08-25T11:19:26Z</time>
      </trkpt>
      <trkpt lat="9.005057" lon="-79.566539">
        <time>2026-08-25T11:19:27Z</time>
      </trkpt>
      <trkpt lat="9.005044" lon="-79.566516">
        <time>2026-08-25T11:19:28Z</time>
      </trkpt>
      <trkpt lat="9.005039" lon="-79.566492">
        <time>2026-08-25T11:19:29Z</time>
      </trkpt>
      <trkpt lat="9.005028" lon="-79.566468">
        <time>2026-08-25T11:19:30Z</time>
      </trkpt>
      <trkpt lat="9.005018" lon="-79.566447">
        <time>2026-08-25T11:19:31Z</time>
      </trkpt>
      <trkpt lat="9.005010" lon="-79.566426">
        <time>2026-08-25T11:19:32Z</time>
      </trkpt>
      <trkpt lat="9.004998" lon="-79.566402">
        <time>2026-08-25T11:19:33Z</time>
      </trkpt>
      <trkpt lat="9.004986" lon="-79.566381">
        <time>2026-08-25T11:19:34Z</time>
      </trkpt>
      <trkpt lat="9.004976" lon="-79.566362">
        <time>2026-08-25T11:19:35Z</time>
      </trkpt>
      <trkpt lat="9.004966" lon="-79.566343">
        <time>2026-08-25T11:19:36Z</time>
      </trkpt>
      <trkpt lat="9.004953" lon="-79.566323">
        <time>2026-08-25T11:19:37Z</time>
      </trkpt>
      <trkpt lat="9.004943" lon="-79.566303">
        <time>2026-08-25T11:19:38Z</time>
      </trkpt>
      <trkpt lat="9.004935" lon="-79.566283">
        <time>2026-08-25T11:19:39Z</time>
      </trkpt>
      <trkpt lat="9.004925" lon="-79.566262">
        <time>2026-08-25T11:19:40Z</time>
      </trkpt>
      <trkpt lat="9.004916" lon="-79.566241">
        <time>2026-08-25T11:19:41Z</time>
      </trkpt>
      <trkpt lat="9.004907" lon="-79.566220">
        <time>2026-08-25T11:19:42Z</time>
      </trkpt>
      <trkpt lat="9.004897" lon="-79.566198">
        <time>2026-08-25T11:19:43Z</time>
      </trkpt>
      <trkpt lat="9.004885" lon="-79.566178">
        <time>2026-08-25T11:19:44Z</time>
      </trkpt>
      <trkpt lat="9.004875" lon="-79.566157">
        <time>2026-08-25T11:19:45Z</time>
      </trkpt>
      <trkpt lat="9.004863" lon="-79.566136">
        <time>2026-08-25T11:19:46Z</time>
      </trkpt>
      <trkpt lat="9.004849" lon="-79.566115">
        <time>2026-08-25T11:19:47Z</time>
      </trkpt>
      <trkpt lat="9.004837" lon="-79.566095">
        <time>2026-08-25T11:19:48Z</time>
      </trkpt>
      <trkpt lat="9.004825" lon="-79.566076">
        <time>2026-08-25T11:19:49Z</time>
      </trkpt>
      <trkpt lat="9.004810" lon="-79.566055">
        <time>2026-08-25T11:19:50Z</time>
      </trkpt>
      <trkpt lat="9.004799" lon="-79.566034">
        <time>2026-08-25T11:19:51Z</time>
      </trkpt>
      <trkpt lat="9.004784" lon="-79.566014">
        <time>2026-08-25T11:19:52Z</time>
      </trkpt>
      <trkpt lat="9.004766" lon="-79.565995">
        <time>2026-08-25T11:19:53Z</time>
      </trkpt>
      <trkpt lat="9.004740" lon="-79.565981">
        <time>2026-08-25T11:19:54Z</time>
      </trkpt>
      <trkpt lat="9.004714" lon="-79.565974">
        <time>2026-08-25T11:19:55Z</time>
      </trkpt>
      <trkpt lat="9.004688" lon="-79.565974">
        <time>2026-08-25T11:19:56Z</time>
      </trkpt>
      <trkpt lat="9.004661" lon="-79.565974">
        <time>2026-08-25T11:19:57Z</time>
      </trkpt>
      <trkpt lat="9.004637" lon="-79.565967">
        <time>2026-08-25T11:19:58Z</time>
      </trkpt>
      <trkpt lat="9.004609" lon="-79.565963">
        <time>2026-08-25T11:19:59Z</time>
      </trkpt>
      <trkpt lat="9.004583" lon="-79.565963">
        <time>2026-08-25T11:20:00Z</time>
      </trkpt>
      <trkpt lat="9.004556" lon="-79.565957">
        <time>2026-08-25T11:20:01Z</time>
      </trkpt>
      <trkpt lat="9.004535" lon="-79.565956">
        <time>2026-08-25T11:20:02Z</time>
      </trkpt>
      <trkpt lat="9.004520" lon="-79.565958">
        <time>2026-08-25T11:20:03Z</time>
      </trkpt>
      <trkpt lat="9.004504" lon="-79.565963">
        <time>2026-08-25T11:20:04Z</time>
      </trkpt>
      <trkpt lat="9.004491" lon="-79.565965">
        <time>2026-08-25T11:20:05Z</time>
      </trkpt>
      <trkpt lat="9.004480" lon="-79.565968">
        <time>2026-08-25T11:20:06Z</time>
      </trkpt>
      <trkpt lat="9.004467" lon="-79.565972">
        <time>2026-08-25T11:20:07Z</time>
      </trkpt>
      <trkpt lat="9.004455" lon="-79.565974">
        <time>2026-08-25T11:20:08Z</time>
      </trkpt>
      <trkpt lat="9.004440" lon="-79.565976">
        <time>2026-08-25T11:20:09Z</time>
      </trkpt>
      <trkpt lat="9.004430" lon="-79.565980">
        <time>2026-08-25T11:20:10Z</time>
      </trkpt>
      <trkpt lat="9.004416" lon="-79.565981">
        <time>2026-08-25T11:20:11Z</time>
      </trkpt>
      <trkpt lat="9.004405" lon="-79.565986">
        <time>2026-08-25T11:20:12Z</time>
      </trkpt>
      <trkpt lat="9.004395" lon="-79.565986">
        <time>2026-08-25T11:20:13Z</time>
      </trkpt>
      <trkpt lat="9.004382" lon="-79.565989">
        <time>2026-08-25T11:20:14Z</time>
      </trkpt>
      <trkpt lat="9.004371" lon="-79.565990">
        <time>2026-08-25T11:20:15Z</time>
      </trkpt>
      <trkpt lat="9.004365" lon="-79.565993">
        <time>2026-08-25T11:20:16Z</time>
      </trkpt>
      <trkpt lat="9.004353" lon="-79.565994">
        <time>2026-08-25T11:20:17Z</time>
      </trkpt>
      <trkpt lat="9.004340" lon="-79.565997">
        <time>2026-08-25T11:20:18Z</time>
      </trkpt>
      <trkpt lat="9.004324" lon="-79.565996">
        <time>2026-08-25T11:20:19Z</time>
      </trkpt>
      <trkpt lat="9.004308" lon="-79.565997">
        <time>2026-08-25T11:20:20Z</time>
      </trkpt>
      <trkpt lat="9.004296" lon="-79.565997">
        <time>2026-08-25T11:20:21Z</time>
      </trkpt>
      <trkpt lat="9.004289" lon="-79.566000">
        <time>2026-08-25T11:20:22Z</time>
      </trkpt>
      <trkpt lat="9.004279" lon="-79.566003">
        <time>2026-08-25T11:20:23Z</time>
      </trkpt>
      <trkpt lat="9.004265" lon="-79.566005">
        <time>2026-08-25T11:20:24Z</time>
      </trkpt>
      <trkpt lat="9.004252" lon="-79.566005">
        <time>2026-08-25T11:20:25Z</time>
      </trkpt>
      <trkpt lat="9.004240" lon="-79.566005">
        <time>2026-08-25T11:20:26Z</time>
      </trkpt>
      <trkpt lat="9.004231" lon="-79.566006">
        <time>2026-08-25T11:20:27Z</time>
      </trkpt>
      <trkpt lat="9.004221" lon="-79.566009">
        <time>2026-08-25T11:20:28Z</time>
      </trkpt>
      <trkpt lat="9.004208" lon="-79.566012">
        <time>2026-08-25T11:20:29Z</time>
      </trkpt>
      <trkpt lat="9.004196" lon="-79.566014">
        <time>2026-08-25T11:20:30Z</time>
      </trkpt>
      <trkpt lat="9.004186" lon="-79.566014">
        <time>2026-08-25T11:20:31Z</time>
      </trkpt>
      <trkpt lat="9.004177" lon="-79.566015">
        <time>2026-08-25T11:20:32Z</time>
      </trkpt>
      <trkpt lat="9.004167" lon="-79.566018">
        <time>2026-08-25T11:20:33Z</time>
      </trkpt>
      <trkpt lat="9.004156" lon="-79.566021">
        <time>2026-08-25T11:20:34Z</time>
      </trkpt>
      <trkpt lat="9.004145" lon="-79.566024">
        <time>2026-08-25T11:20:35Z</time>
      </trkpt>
      <trkpt lat="9.004131" lon="-79.566023">
        <time>2026-08-25T11:20:36Z</time>
      </trkpt>
      <trkpt lat="9.004117" lon="-79.566023">
        <time>2026-08-25T11:20:37Z</time>
      </trkpt>
      <trkpt lat="9.004105" lon="-79.566022">
        <time>2026-08-25T11:20:38Z</time>
      </trkpt>
      <trkpt lat="9.004096" lon="-79.566024">
        <time>2026-08-25T11:20:39Z</time>
      </trkpt>
      <trkpt lat="9.004086" lon="-79.566025">
        <time>2026-08-25T11:20:40Z</time>
      </trkpt>
      <trkpt lat="9.004074" lon="-79.566025">
        <time>2026-08-25T11:20:41Z</time>
      </trkpt>
      <trkpt lat="9.004060" lon="-79.566026">
        <time>2026-08-25T11:20:42Z</time>
      </trkpt>
      <trkpt lat="9.004045" lon="-79.566027">
        <time>2026-08-25T11:20:43Z</time>
      </trkpt>
      <trkpt lat="9.004031" lon="-79.566028">
        <time>2026-08-25T11:20:44Z</time>
      </trkpt>
      <trkpt lat="9.004020" lon="-79.566031">
        <time>2026-08-25T11:20:45Z</time>
      </trkpt>
      <trkpt lat="9.004006" lon="-79.566031">
        <time>2026-08-25T11:20:46Z</time>
      </trkpt>
      <trkpt lat="9.003996" lon="-79.566034">
        <time>2026-08-25T11:20:47Z</time>
      </trkpt>
      <trkpt lat="9.003982" lon="-79.566037">
        <time>2026-08-25T11:20:48Z</time>
      </trkpt>
      <trkpt lat="9.003969" lon="-79.566042">
        <time>2026-08-25T11:20:49Z</time>
      </trkpt>
      <trkpt lat="9.003957" lon="-79.566045">
        <time>2026-08-25T11:20:50Z</time>
      </trkpt>
      <trkpt lat="9.003946" lon="-79.566049">
        <time>2026-08-25T11:20:51Z</time>
      </trkpt>
      <trkpt lat="9.003939" lon="-79.566049">
        <time>2026-08-25T11:20:52Z</time>
      </trkpt>
      <trkpt lat="9.003929" lon="-79.566049">
        <time>2026-08-25T11:20:53Z</time>
      </trkpt>
      <trkpt lat="9.003915" lon="-79.566047">
        <time>2026-08-25T11:20:54Z</time>
      </trkpt>
      <trkpt lat="9.003901" lon="-79.566047">
        <time>2026-08-25T11:20:55Z</time>
      </trkpt>
      <trkpt lat="9.003889" lon="-79.566050">
        <time>2026-08-25T11:20:56Z</time>
      </trkpt>
      <trkpt lat="9.003878" lon="-79.566050">
        <time>2026-08-25T11:20:57Z</time>
      </trkpt>
      <trkpt lat="9.003868" lon="-79.566047">
        <time>2026-08-25T11:20:58Z</time>
      </trkpt>
      <trkpt lat="9.003858" lon="-79.566046">
        <time>2026-08-25T11:20:59Z</time>
      </trkpt>
      <trkpt lat="9.003846" lon="-79.566046">
        <time>2026-08-25T11:21:00Z</time>
      </trkpt>
      <trkpt lat="9.003834" lon="-79.566042">
        <time>2026-08-25T11:21:01Z</time>
      </trkpt>
      <trkpt lat="9.003823" lon="-79.566038">
        <time>2026-08-25T11:21:02Z</time>
      </trkpt>
      <trkpt lat="9.003808" lon="-79.566037">
        <time>2026-08-25T11:21:03Z</time>
      </trkpt>
      <trkpt lat="9.003796" lon="-79.566036">
        <time>2026-08-25T11:21:04Z</time>
      </trkpt>
      <trkpt lat="9.003785" lon="-79.566034">
        <time>2026-08-25T11:21:05Z</time>
      </trkpt>
      <trkpt lat="9.003777" lon="-79.566034">
        <time>2026-08-25T11:21:06Z</time>
      </trkpt>
      <trkpt lat="9.003764" lon="-79.566034">
        <time>2026-08-25T11:21:07Z</time>
      </trkpt>
      <trkpt lat="9.003753" lon="-79.566034">
        <time>2026-08-25T11:21:08Z</time>
      </trkpt>
      <trkpt lat="9.003738" lon="-79.566037">
        <time>2026-08-25T11:21:09Z</time>
      </trkpt>
      <trkpt lat="9.003726" lon="-79.566038">
        <time>2026-08-25T11:21:10Z</time>
      </trkpt>
      <trkpt lat="9.003714" lon="-79.566039">
        <time>2026-08-25T11:21:11Z</time>
      </trkpt>
      <trkpt lat="9.003702" lon="-79.566040">
        <time>2026-08-25T11:21:12Z</time>
      </trkpt>
      <trkpt lat="9.003694" lon="-79.566040">
        <time>2026-08-25T11:21:13Z</time>
      </trkpt>
      <trkpt lat="9.003682" lon="-79.566037">
        <time>2026-08-25T11:21:14Z</time>
      </trkpt>
      <trkpt lat="9.003672" lon="-79.566039">
        <time>2026-08-25T11:21:15Z</time>
      </trkpt>
      <trkpt lat="9.003665" lon="-79.566042">
        <time>2026-08-25T11:21:16Z</time>
      </trkpt>
      <trkpt lat="9.003676" lon="-79.566048">
        <time>2026-08-25T11:21:17Z</time>
      </trkpt>
      <trkpt lat="9.003685" lon="-79.566053">
        <time>2026-08-25T11:21:18Z</time>
      </trkpt>
      <trkpt lat="9.003691" lon="-79.566057">
        <time>2026-08-25T11:21:19Z</time>
      </trkpt>
      <trkpt lat="9.003699" lon="-79.566061">
        <time>2026-08-25T11:21:20Z</time>
      </trkpt>
      <trkpt lat="9.003709" lon="-79.566066">
        <time>2026-08-25T11:21:21Z</time>
      </trkpt>
      <trkpt lat="9.003721" lon="-79.566068">
        <time>2026-08-25T11:21:22Z</time>
      </trkpt>
      <trkpt lat="9.003727" lon="-79.566068">
        <time>2026-08-25T11:21:23Z</time>
      </trkpt>
      <trkpt lat="9.003734" lon="-79.566069">
        <time>2026-08-25T11:21:24Z</time>
      </trkpt>
      <trkpt lat="9.003743" lon="-79.566071">
        <time>2026-08-25T11:21:25Z</time>
      </trkpt>
      <trkpt lat="9.003745" lon="-79.566070">
        <time>2026-08-25T11:21:26Z</time>
      </trkpt>
      <trkpt lat="9.003742" lon="-79.566064">
        <time>2026-08-25T11:21:27Z</time>
      </trkpt>
      <trkpt lat="9.003731" lon="-79.566056">
        <time>2026-08-25T11:21:28Z</time>
      </trkpt>
      <trkpt lat="9.003720" lon="-79.566049">
        <time>2026-08-25T11:21:29Z</time>
      </trkpt>
      <trkpt lat="9.003712" lon="-79.566046">
        <time>2026-08-25T11:21:30Z</time>
      </trkpt>
      <trkpt lat="9.003704" lon="-79.566044">
        <time>2026-08-25T11:21:31Z</time>
      </trkpt>
      <trkpt lat="9.003693" lon="-79.566044">
        <time>2026-08-25T11:21:32Z</time>
      </trkpt>
      <trkpt lat="9.003683" lon="-79.566043">
        <time>2026-08-25T11:21:33Z</time>
      </trkpt>
      <trkpt lat="9.003669" lon="-79.566043">
        <time>2026-08-25T11:21:34Z</time>
      </trkpt>
      <trkpt lat="9.003659" lon="-79.566041">
        <time>2026-08-25T11:21:35Z</time>
      </trkpt>
      <trkpt lat="9.003652" lon="-79.566041">
        <time>2026-08-25T11:21:36Z</time>
      </trkpt>
      <trkpt lat="9.003641" lon="-79.566039">
        <time>2026-08-25T11:21:37Z</time>
      </trkpt>
      <trkpt lat="9.003631" lon="-79.566038">
        <time>2026-08-25T11:21:38Z</time>
      </trkpt>
      <trkpt lat="9.003617" lon="-79.566038">
        <time>2026-08-25T11:21:39Z</time>
      </trkpt>
      <trkpt lat="9.003607" lon="-79.566036">
        <time>2026-08-25T11:21:40Z</time>
      </trkpt>
      <trkpt lat="9.003597" lon="-79.566037">
        <time>2026-08-25T11:21:41Z</time>
      </trkpt>
      <trkpt lat="9.003601" lon="-79.566035">
        <time>2026-08-25T11:21:42Z</time>
      </trkpt>
      <trkpt lat="9.003598" lon="-79.566033">
        <time>2026-08-25T11:21:43Z</time>
      </trkpt>
      <trkpt lat="9.003589" lon="-79.566034">
        <time>2026-08-25T11:21:44Z</time>
      </trkpt>
      <trkpt lat="9.003579" lon="-79.566032">
        <time>2026-08-25T11:21:45Z</time>
      </trkpt>
      <trkpt lat="9.003569" lon="-79.566027">
        <time>2026-08-25T11:21:46Z</time>
      </trkpt>
      <trkpt lat="9.003563" lon="-79.566030">
        <time>2026-08-25T11:21:47Z</time>
      </trkpt>
      <trkpt lat="9.003550" lon="-79.566028">
        <time>2026-08-25T11:21:48Z</time>
      </trkpt>
      <trkpt lat="9.003541" lon="-79.566022">
        <time>2026-08-25T11:21:49Z</time>
      </trkpt>
      <trkpt lat="9.003531" lon="-79.566017">
        <time>2026-08-25T11:21:50Z</time>
      </trkpt>
      <trkpt lat="9.003520" lon="-79.566017">
        <time>2026-08-25T11:21:51Z</time>
      </trkpt>
      <trkpt lat="9.003511" lon="-79.566013">
        <time>2026-08-25T11:21:52Z</time>
      </trkpt>
      <trkpt lat="9.003506" lon="-79.566005">
        <time>2026-08-25T11:21:53Z</time>
      </trkpt>
      <trkpt lat="9.003503" lon="-79.565997">
        <time>2026-08-25T11:21:54Z</time>
      </trkpt>
      <trkpt lat="9.003500" lon="-79.566002">
        <time>2026-08-25T11:21:55Z</time>
      </trkpt>
      <trkpt lat="9.003486" lon="-79.566002">
        <time>2026-08-25T11:21:56Z</time>
      </trkpt>
      <trkpt lat="9.003479" lon="-79.566000">
        <time>2026-08-25T11:21:57Z</time>
      </trkpt>
      <trkpt lat="9.003473" lon="-79.566000">
        <time>2026-08-25T11:21:58Z</time>
      </trkpt>
      <trkpt lat="9.003463" lon="-79.565999">
        <time>2026-08-25T11:21:59Z</time>
      </trkpt>
      <trkpt lat="9.003463" lon="-79.566001">
        <time>2026-08-25T11:22:00Z</time>
      </trkpt>
      <trkpt lat="9.003463" lon="-79.566002">
        <time>2026-08-25T11:22:01Z</time>
      </trkpt>
      <trkpt lat="9.003463" lon="-79.566002">
        <time>2026-08-25T11:22:02Z</time>
      </trkpt>
      <trkpt lat="9.003465" lon="-79.566005">
        <time>2026-08-25T11:22:03Z</time>
      </trkpt>
      <trkpt lat="9.003461" lon="-79.566003">
        <time>2026-08-25T11:22:04Z</time>
      </trkpt>
      <trkpt lat="9.003454" lon="-79.565997">
        <time>2026-08-25T11:22:05Z</time>
      </trkpt>
      <trkpt lat="9.003447" lon="-79.565994">
        <time>2026-08-25T11:22:06Z</time>
      </trkpt>
      <trkpt lat="9.003439" lon="-79.565990">
        <time>2026-08-25T11:22:07Z</time>
      </trkpt>
      <trkpt lat="9.003429" lon="-79.565988">
        <time>2026-08-25T11:22:08Z</time>
      </trkpt>
      <trkpt lat="9.003420" lon="-79.565990">
        <time>2026-08-25T11:22:09Z</time>
      </trkpt>
      <trkpt lat="9.003411" lon="-79.565985">
        <time>2026-08-25T11:22:10Z</time>
      </trkpt>
      <trkpt lat="9.003399" lon="-79.565984">
        <time>2026-08-25T11:22:11Z</time>
      </trkpt>
      <trkpt lat="9.003391" lon="-79.565986">
        <time>2026-08-25T11:22:12Z</time>
      </trkpt>
      <trkpt lat="9.003384" lon="-79.565985">
        <time>2026-08-25T11:22:13Z</time>
      </trkpt>
      <trkpt lat="9.003376" lon="-79.565979">
        <time>2026-08-25T11:22:14Z</time>
      </trkpt>
      <trkpt lat="9.003372" lon="-79.565975">
        <time>2026-08-25T11:22:15Z</time>
      </trkpt>
      <trkpt lat="9.003367" lon="-79.565977">
        <time>2026-08-25T11:22:16Z</time>
      </trkpt>
      <trkpt lat="9.003356" lon="-79.565973">
        <time>2026-08-25T11:22:17Z</time>
      </trkpt>
      <trkpt lat="9.003347" lon="-79.565971">
        <time>2026-08-25T11:22:18Z</time>
      </trkpt>
      <trkpt lat="9.003338" lon="-79.565972">
        <time>2026-08-25T11:22:19Z</time>
      </trkpt>
      <trkpt lat="9.003331" lon="-79.565972">
        <time>2026-08-25T11:22:20Z</time>
      </trkpt>
      <trkpt lat="9.003324" lon="-79.565969">
        <time>2026-08-25T11:22:21Z</time>
      </trkpt>
      <trkpt lat="9.003317" lon="-79.565967">
        <time>2026-08-25T11:22:22Z</time>
      </trkpt>
      <trkpt lat="9.003311" lon="-79.565969">
        <time>2026-08-25T11:22:23Z</time>
      </trkpt>
      <trkpt lat="9.003305" lon="-79.565970">
        <time>2026-08-25T11:22:24Z</time>
      </trkpt>
      <trkpt lat="9.003298" lon="-79.565965">
        <time>2026-08-25T11:22:25Z</time>
      </trkpt>
      <trkpt lat="9.003291" lon="-79.565956">
        <time>2026-08-25T11:22:26Z</time>
      </trkpt>
      <trkpt lat="9.003281" lon="-79.565957">
        <time>2026-08-25T11:22:27Z</time>
      </trkpt>
      <trkpt lat="9.003271" lon="-79.565955">
        <time>2026-08-25T11:22:28Z</time>
      </trkpt>
      <trkpt lat="9.003263" lon="-79.565952">
        <time>2026-08-25T11:22:29Z</time>
      </trkpt>
      <trkpt lat="9.003255" lon="-79.565949">
        <time>2026-08-25T11:22:30Z</time>
      </trkpt>
      <trkpt lat="9.003248" lon="-79.565948">
        <time>2026-08-25T11:22:31Z</time>
      </trkpt>
      <trkpt lat="9.003241" lon="-79.565946">
        <time>2026-08-25T11:22:32Z</time>
      </trkpt>
      <trkpt lat="9.003230" lon="-79.565946">
        <time>2026-08-25T11:22:33Z</time>
      </trkpt>
      <trkpt lat="9.003220" lon="-79.565946">
        <time>2026-08-25T11:22:34Z</time>
      </trkpt>
      <trkpt lat="9.003207" lon="-79.565944">
        <time>2026-08-25T11:22:35Z</time>
      </trkpt>
      <trkpt lat="9.003200" lon="-79.565945">
        <time>2026-08-25T11:22:36Z</time>
      </trkpt>
      <trkpt lat="9.003189" lon="-79.565940">
        <time>2026-08-25T11:22:37Z</time>
      </trkpt>
      <trkpt lat="9.003178" lon="-79.565938">
        <time>2026-08-25T11:22:38Z</time>
      </trkpt>
      <trkpt lat="9.003168" lon="-79.565938">
        <time>2026-08-25T11:22:39Z</time>
      </trkpt>
      <trkpt lat="9.003160" lon="-79.565940">
        <time>2026-08-25T11:22:40Z</time>
      </trkpt>
      <trkpt lat="9.003151" lon="-79.565938">
        <time>2026-08-25T11:22:41Z</time>
      </trkpt>
      <trkpt lat="9.003140" lon="-79.565934">
        <time>2026-08-25T11:22:42Z</time>
      </trkpt>
      <trkpt lat="9.003132" lon="-79.565931">
        <time>2026-08-25T11:22:43Z</time>
      </trkpt>
      <trkpt lat="9.003124" lon="-79.565931">
        <time>2026-08-25T11:22:44Z</time>
      </trkpt>
      <trkpt lat="9.003115" lon="-79.565928">
        <time>2026-08-25T11:22:45Z</time>
      </trkpt>
      <trkpt lat="9.003104" lon="-79.565923">
        <time>2026-08-25T11:22:46Z</time>
      </trkpt>
      <trkpt lat="9.003096" lon="-79.565918">
        <time>2026-08-25T11:22:47Z</time>
      </trkpt>
      <trkpt lat="9.003091" lon="-79.565915">
        <time>2026-08-25T11:22:48Z</time>
      </trkpt>
      <trkpt lat="9.003085" lon="-79.565914">
        <time>2026-08-25T11:22:49Z</time>
      </trkpt>
      <trkpt lat="9.003081" lon="-79.565908">
        <time>2026-08-25T11:22:50Z</time>
      </trkpt>
      <trkpt lat="9.003074" lon="-79.565908">
        <time>2026-08-25T11:22:51Z</time>
      </trkpt>
      <trkpt lat="9.003068" lon="-79.565906">
        <time>2026-08-25T11:22:52Z</time>
      </trkpt>
      <trkpt lat="9.003058" lon="-79.565900">
        <time>2026-08-25T11:22:53Z</time>
      </trkpt>
      <trkpt lat="9.003051" lon="-79.565893">
        <time>2026-08-25T11:22:54Z</time>
      </trkpt>
      <trkpt lat="9.003045" lon="-79.565889">
        <time>2026-08-25T11:22:55Z</time>
      </trkpt>
      <trkpt lat="9.003036" lon="-79.565886">
        <time>2026-08-25T11:22:56Z</time>
      </trkpt>
      <trkpt lat="9.003025" lon="-79.565884">
        <time>2026-08-25T11:22:57Z</time>
      </trkpt>
      <trkpt lat="9.003016" lon="-79.565879">
        <time>2026-08-25T11:22:58Z</time>
      </trkpt>
      <trkpt lat="9.003009" lon="-79.565876">
        <time>2026-08-25T11:22:59Z</time>
      </trkpt>
      <trkpt lat="9.003002" lon="-79.565873">
        <time>2026-08-25T11:23:00Z</time>
      </trkpt>
      <trkpt lat="9.002990" lon="-79.565871">
        <time>2026-08-25T11:23:01Z</time>
      </trkpt>
      <trkpt lat="9.002981" lon="-79.565870">
        <time>2026-08-25T11:23:02Z</time>
      </trkpt>
      <trkpt lat="9.002974" lon="-79.565868">
        <time>2026-08-25T11:23:03Z</time>
      </trkpt>
      <trkpt lat="9.002962" lon="-79.565864">
        <time>2026-08-25T11:23:04Z</time>
      </trkpt>
      <trkpt lat="9.002956" lon="-79.565859">
        <time>2026-08-25T11:23:05Z</time>
      </trkpt>
      <trkpt lat="9.002948" lon="-79.565857">
        <time>2026-08-25T11:23:06Z</time>
      </trkpt>
      <trkpt lat="9.002941" lon="-79.565854">
        <time>2026-08-25T11:23:07Z</time>
      </trkpt>
      <trkpt lat="9.002934" lon="-79.565850">
        <time>2026-08-25T11:23:08Z</time>
      </trkpt>
      <trkpt lat="9.002928" lon="-79.565846">
        <time>2026-08-25T11:23:09Z</time>
      </trkpt>
      <trkpt lat="9.002921" lon="-79.565845">
        <time>2026-08-25T11:23:10Z</time>
      </trkpt>
      <trkpt lat="9.002917" lon="-79.565842">
        <time>2026-08-25T11:23:11Z</time>
      </trkpt>
      <trkpt lat="9.002912" lon="-79.565842">
        <time>2026-08-25T11:23:12Z</time>
      </trkpt>
      <trkpt lat="9.002912" lon="-79.565841">
        <time>2026-08-25T11:23:13Z</time>
      </trkpt>
      <trkpt lat="9.002912" lon="-79.565841">
        <time>2026-08-25T11:23:14Z</time>
      </trkpt>
      <trkpt lat="9.002912" lon="-79.565841">
        <time>2026-08-25T11:23:15Z</time>
      </trkpt>
      <trkpt lat="9.002912" lon="-79.565841">
        <time>2026-08-25T11:23:16Z</time>
      </trkpt>
      <trkpt lat="9.002912" lon="-79.565841">
        <time>2026-08-25T11:23:17Z</time>
      </trkpt>
      <trkpt lat="9.002912" lon="-79.565841">
        <time>2026-08-25T11:23:18Z</time>
      </trkpt>
      <trkpt lat="9.002912" lon="-79.565841">
        <time>2026-08-25T11:23:19Z</time>
      </trkpt>
      <trkpt lat="9.002912" lon="-79.565841">
        <time>2026-08-25T11:23:20Z</time>
      </trkpt>
      <trkpt lat="9.002912" lon="-79.565841">
        <time>2026-08-25T11:23:21Z</time>
      </trkpt>
      <trkpt lat="9.002912" lon="-79.565841">
        <time>2026-08-25T11:23:22Z</time>
      </trkpt>
      <trkpt lat="9.002912" lon="-79.565841">
        <time>2026-08-25T11:23:23Z</time>
      </trkpt>
      <trkpt lat="9.002912" lon="-79.565841">
        <time>2026-08-25T11:23:24Z</time>
      </trkpt>
      <trkpt lat="9.002912" lon="-79.565841">
        <time>2026-08-25T11:23:25Z</time>
      </trkpt>
      <trkpt lat="9.002912" lon="-79.565841">
        <time>2026-08-25T11:23:26Z</time>
      </trkpt>
      <trkpt lat="9.002912" lon="-79.565841">
        <time>2026-08-25T11:23:27Z</time>
      </trkpt>
      <trkpt lat="9.002912" lon="-79.565841">
        <time>2026-08-25T11:23:28Z</time>
      </trkpt>
      <trkpt lat="9.002912" lon="-79.565841">
        <time>2026-08-25T11:23:29Z</time>
      </trkpt>
      <trkpt lat="9.002912" lon="-79.565841">
        <time>2026-08-25T11:23:30Z</time>
      </trkpt>
      <trkpt lat="9.002912" lon="-79.565841">
        <time>2026-08-25T11:23:31Z</time>
      </trkpt>
      <trkpt lat="9.002912" lon="-79.565841">
        <time>2026-08-25T11:23:32Z</time>
      </trkpt>
      <trkpt lat="9.002912" lon="-79.565841">
        <time>2026-08-25T11:23:33Z</time>
      </trkpt>
      <trkpt lat="9.002912" lon="-79.565841">
        <time>2026-08-25T11:23:34Z</time>
      </trkpt>
      <trkpt lat="9.002912" lon="-79.565841">
        <time>2026-08-25T11:23:35Z</time>
      </trkpt>
      <trkpt lat="9.002912" lon="-79.565841">
        <time>2026-08-25T11:23:36Z</time>
      </trkpt>
      <trkpt lat="9.002912" lon="-79.565841">
        <time>2026-08-25T11:23:37Z</time>
      </trkpt>
      <trkpt lat="9.002912" lon="-79.565841">
        <time>2026-08-25T11:23:38Z</time>
      </trkpt>
      <trkpt lat="9.002912" lon="-79.565841">
        <time>2026-08-25T11:23:39Z</time>
      </trkpt>
      <trkpt lat="9.002912" lon="-79.565841">
        <time>2026-08-25T11:23:40Z</time>
      </trkpt>
      <trkpt lat="9.002912" lon="-79.565841">
        <time>2026-08-25T11:23:41Z</time>
      </trkpt>
      <trkpt lat="9.002912" lon="-79.565841">
        <time>2026-08-25T11:23:42Z</time>
      </trkpt>
      <trkpt lat="9.002912" lon="-79.565841">
        <time>2026-08-25T11:23:43Z</time>
      </trkpt>
      <trkpt lat="9.002912" lon="-79.565841">
        <time>2026-08-25T11:23:44Z</time>
      </trkpt>
      <trkpt lat="9.002912" lon="-79.565841">
        <time>2026-08-25T11:23:45Z</time>
      </trkpt>
      <trkpt lat="9.002912" lon="-79.565841">
        <time>2026-08-25T11:23:46Z</time>
      </trkpt>
      <trkpt lat="9.002912" lon="-79.565841">
        <time>2026-08-25T11:23:47Z</time>
      </trkpt>
      <trkpt lat="9.002912" lon="-79.565841">
        <time>2026-08-25T11:23:48Z</time>
      </trkpt>
      <trkpt lat="9.002912" lon="-79.565841">
        <time>2026-08-25T11:23:49Z</time>
      </trkpt>
      <trkpt lat="9.002912" lon="-79.565841">
        <time>2026-08-25T11:23:50Z</time>
      </trkpt>
      <trkpt lat="9.002912" lon="-79.565841">
        <time>2026-08-25T11:23:51Z</time>
      </trkpt>
      <trkpt lat="9.002912" lon="-79.565841">
        <time>2026-08-25T11:23:52Z</time>
      </trkpt>
      <trkpt lat="9.002912" lon="-79.565841">
        <time>2026-08-25T11:23:53Z</time>
      </trkpt>
      <trkpt lat="9.002912" lon="-79.565841">
        <time>2026-08-25T11:23:54Z</time>
      </trkpt>
      <trkpt lat="9.002912" lon="-79.565841">
        <time>2026-08-25T11:23:55Z</time>
      </trkpt>
      <trkpt lat="9.002912" lon="-79.565841">
        <time>2026-08-25T11:23:56Z</time>
      </trkpt>
      <trkpt lat="9.002912" lon="-79.565841">
        <time>2026-08-25T11:23:57Z</time>
      </trkpt>
      <trkpt lat="9.002912" lon="-79.565841">
        <time>2026-08-25T11:23:58Z</time>
      </trkpt>
      <trkpt lat="9.002911" lon="-79.565836">
        <time>2026-08-25T11:23:59Z</time>
      </trkpt>
      <trkpt lat="9.002912" lon="-79.565841">
        <time>2026-08-25T11:24:00Z</time>
      </trkpt>
      <trkpt lat="9.002912" lon="-79.565841">
        <time>2026-08-25T11:24:01Z</time>
      </trkpt>
      <trkpt lat="9.002912" lon="-79.565841">
        <time>2026-08-25T11:24:02Z</time>
      </trkpt>
      <trkpt lat="9.002913" lon="-79.565838">
        <time>2026-08-25T11:24:03Z</time>
      </trkpt>
      <trkpt lat="9.002912" lon="-79.565840">
        <time>2026-08-25T11:24:04Z</time>
      </trkpt>
      <trkpt lat="9.002912" lon="-79.565841">
        <time>2026-08-25T11:24:05Z</time>
      </trkpt>
      <trkpt lat="9.002912" lon="-79.565841">
        <time>2026-08-25T11:24:06Z</time>
      </trkpt>
      <trkpt lat="9.002912" lon="-79.565841">
        <time>2026-08-25T11:24:07Z</time>
      </trkpt>
      <trkpt lat="9.002912" lon="-79.565841">
        <time>2026-08-25T11:24:08Z</time>
      </trkpt>
      <trkpt lat="9.002912" lon="-79.565841">
        <time>2026-08-25T11:24:09Z</time>
      </trkpt>
      <trkpt lat="9.002912" lon="-79.565841">
        <time>2026-08-25T11:24:10Z</time>
      </trkpt>
      <trkpt lat="9.002912" lon="-79.565841">
        <time>2026-08-25T11:24:11Z</time>
      </trkpt>
      <trkpt lat="9.002912" lon="-79.565841">
        <time>2026-08-25T11:24:12Z</time>
      </trkpt>
      <trkpt lat="9.002912" lon="-79.565841">
        <time>2026-08-25T11:24:13Z</time>
      </trkpt>
      <trkpt lat="9.002912" lon="-79.565841">
        <time>2026-08-25T11:24:14Z</time>
      </trkpt>
      <trkpt lat="9.002912" lon="-79.565841">
        <time>2026-08-25T11:24:15Z</time>
      </trkpt>
      <trkpt lat="9.002912" lon="-79.565841">
        <time>2026-08-25T11:24:16Z</time>
      </trkpt>
      <trkpt lat="9.002912" lon="-79.565841">
        <time>2026-08-25T11:24:17Z</time>
      </trkpt>
      <trkpt lat="9.002912" lon="-79.565841">
        <time>2026-08-25T11:24:18Z</time>
      </trkpt>
      <trkpt lat="9.002912" lon="-79.565841">
        <time>2026-08-25T11:24:19Z</time>
      </trkpt>
      <trkpt lat="9.002912" lon="-79.565841">
        <time>2026-08-25T11:24:20Z</time>
      </trkpt>
      <trkpt lat="9.002912" lon="-79.565841">
        <time>2026-08-25T11:24:21Z</time>
      </trkpt>
      <trkpt lat="9.002912" lon="-79.565841">
        <time>2026-08-25T11:24:22Z</time>
      </trkpt>
      <trkpt lat="9.002912" lon="-79.565841">
        <time>2026-08-25T11:24:23Z</time>
      </trkpt>
      <trkpt lat="9.002912" lon="-79.565841">
        <time>2026-08-25T11:24:24Z</time>
      </trkpt>
      <trkpt lat="9.002912" lon="-79.565841">
        <time>2026-08-25T11:24:25Z</time>
      </trkpt>
      <trkpt lat="9.002912" lon="-79.565841">
        <time>2026-08-25T11:24:26Z</time>
      </trkpt>
      <trkpt lat="9.002912" lon="-79.565841">
        <time>2026-08-25T11:24:27Z</time>
      </trkpt>
      <trkpt lat="9.002912" lon="-79.565841">
        <time>2026-08-25T11:24:28Z</time>
      </trkpt>
      <trkpt lat="9.002910" lon="-79.565842">
        <time>2026-08-25T11:24:29Z</time>
      </trkpt>
      <trkpt lat="9.002907" lon="-79.565842">
        <time>2026-08-25T11:24:30Z</time>
      </trkpt>
      <trkpt lat="9.002902" lon="-79.565839">
        <time>2026-08-25T11:24:31Z</time>
      </trkpt>
      <trkpt lat="9.002903" lon="-79.565836">
        <time>2026-08-25T11:24:32Z</time>
      </trkpt>
      <trkpt lat="9.002904" lon="-79.565836">
        <time>2026-08-25T11:24:33Z</time>
      </trkpt>
      <trkpt lat="9.002905" lon="-79.565835">
        <time>2026-08-25T11:24:34Z</time>
      </trkpt>
      <trkpt lat="9.002903" lon="-79.565834">
        <time>2026-08-25T11:24:35Z</time>
      </trkpt>
      <trkpt lat="9.002897" lon="-79.565836">
        <time>2026-08-25T11:24:36Z</time>
      </trkpt>
      <trkpt lat="9.002893" lon="-79.565830">
        <time>2026-08-25T11:24:37Z</time>
      </trkpt>
      <trkpt lat="9.002889" lon="-79.565829">
        <time>2026-08-25T11:24:38Z</time>
      </trkpt>
      <trkpt lat="9.002888" lon="-79.565834">
        <time>2026-08-25T11:24:39Z</time>
      </trkpt>
      <trkpt lat="9.002887" lon="-79.565824">
        <time>2026-08-25T11:24:40Z</time>
      </trkpt>
      <trkpt lat="9.002883" lon="-79.565822">
        <time>2026-08-25T11:24:41Z</time>
      </trkpt>
      <trkpt lat="9.002882" lon="-79.565827">
        <time>2026-08-25T11:24:42Z</time>
      </trkpt>
      <trkpt lat="9.002882" lon="-79.565827">
        <time>2026-08-25T11:24:43Z</time>
      </trkpt>
      <trkpt lat="9.002882" lon="-79.565827">
        <time>2026-08-25T11:24:44Z</time>
      </trkpt>
      <trkpt lat="9.002882" lon="-79.565827">
        <time>2026-08-25T11:24:45Z</time>
      </trkpt>
      <trkpt lat="9.002889" lon="-79.565827">
        <time>2026-08-25T11:24:46Z</time>
      </trkpt>
      <trkpt lat="9.002889" lon="-79.565826">
        <time>2026-08-25T11:24:47Z</time>
      </trkpt>
      <trkpt lat="9.002882" lon="-79.565827">
        <time>2026-08-25T11:24:48Z</time>
      </trkpt>
      <trkpt lat="9.002882" lon="-79.565827">
        <time>2026-08-25T11:24:49Z</time>
      </trkpt>
      <trkpt lat="9.002890" lon="-79.565829">
        <time>2026-08-25T11:24:50Z</time>
      </trkpt>
      <trkpt lat="9.002898" lon="-79.565836">
        <time>2026-08-25T11:24:51Z</time>
      </trkpt>
      <trkpt lat="9.002903" lon="-79.565838">
        <time>2026-08-25T11:24:52Z</time>
      </trkpt>
      <trkpt lat="9.002908" lon="-79.565832">
        <time>2026-08-25T11:24:53Z</time>
      </trkpt>
      <trkpt lat="9.002913" lon="-79.565828">
        <time>2026-08-25T11:24:54Z</time>
      </trkpt>
      <trkpt lat="9.002914" lon="-79.565827">
        <time>2026-08-25T11:24:55Z</time>
      </trkpt>
      <trkpt lat="9.002914" lon="-79.565827">
        <time>2026-08-25T11:24:56Z</time>
      </trkpt>
      <trkpt lat="9.002919" lon="-79.565826">
        <time>2026-08-25T11:24:57Z</time>
      </trkpt>
      <trkpt lat="9.002921" lon="-79.565825">
        <time>2026-08-25T11:24:58Z</time>
      </trkpt>
      <trkpt lat="9.002914" lon="-79.565823">
        <time>2026-08-25T11:24:59Z</time>
      </trkpt>
      <trkpt lat="9.002916" lon="-79.565826">
        <time>2026-08-25T11:25:00Z</time>
      </trkpt>
      <trkpt lat="9.002919" lon="-79.565822">
        <time>2026-08-25T11:25:01Z</time>
      </trkpt>
      <trkpt lat="9.002919" lon="-79.565817">
        <time>2026-08-25T11:25:02Z</time>
      </trkpt>
      <trkpt lat="9.002920" lon="-79.565816">
        <time>2026-08-25T11:25:03Z</time>
      </trkpt>
      <trkpt lat="9.002926" lon="-79.565813">
        <time>2026-08-25T11:25:04Z</time>
      </trkpt>
      <trkpt lat="9.002922" lon="-79.565815">
        <time>2026-08-25T11:25:05Z</time>
      </trkpt>
      <trkpt lat="9.002919" lon="-79.565818">
        <time>2026-08-25T11:25:06Z</time>
      </trkpt>
      <trkpt lat="9.002916" lon="-79.565817">
        <time>2026-08-25T11:25:07Z</time>
      </trkpt>
      <trkpt lat="9.002912" lon="-79.565814">
        <time>2026-08-25T11:25:08Z</time>
      </trkpt>
      <trkpt lat="9.002908" lon="-79.565813">
        <time>2026-08-25T11:25:09Z</time>
      </trkpt>
      <trkpt lat="9.002909" lon="-79.565813">
        <time>2026-08-25T11:25:10Z</time>
      </trkpt>
      <trkpt lat="9.002910" lon="-79.565816">
        <time>2026-08-25T11:25:11Z</time>
      </trkpt>
      <trkpt lat="9.002912" lon="-79.565818">
        <time>2026-08-25T11:25:12Z</time>
      </trkpt>
      <trkpt lat="9.002912" lon="-79.565816">
        <time>2026-08-25T11:25:13Z</time>
      </trkpt>
      <trkpt lat="9.002913" lon="-79.565816">
        <time>2026-08-25T11:25:14Z</time>
      </trkpt>
      <trkpt lat="9.002913" lon="-79.565816">
        <time>2026-08-25T11:25:15Z</time>
      </trkpt>
      <trkpt lat="9.002913" lon="-79.565816">
        <time>2026-08-25T11:25:16Z</time>
      </trkpt>
      <trkpt lat="9.002913" lon="-79.565816">
        <time>2026-08-25T11:25:17Z</time>
      </trkpt>
      <trkpt lat="9.002913" lon="-79.565816">
        <time>2026-08-25T11:25:18Z</time>
      </trkpt>
      <trkpt lat="9.002913" lon="-79.565816">
        <time>2026-08-25T11:25:19Z</time>
      </trkpt>
      <trkpt lat="9.002913" lon="-79.565816">
        <time>2026-08-25T11:25:20Z</time>
      </trkpt>
      <trkpt lat="9.002918" lon="-79.565816">
        <time>2026-08-25T11:25:21Z</time>
      </trkpt>
      <trkpt lat="9.002916" lon="-79.565815">
        <time>2026-08-25T11:25:22Z</time>
      </trkpt>
      <trkpt lat="9.002914" lon="-79.565816">
        <time>2026-08-25T11:25:23Z</time>
      </trkpt>
      <trkpt lat="9.002915" lon="-79.565818">
        <time>2026-08-25T11:25:24Z</time>
      </trkpt>
      <trkpt lat="9.002912" lon="-79.565817">
        <time>2026-08-25T11:25:25Z</time>
      </trkpt>
      <trkpt lat="9.002913" lon="-79.565816">
        <time>2026-08-25T11:25:26Z</time>
      </trkpt>
      <trkpt lat="9.002911" lon="-79.565816">
        <time>2026-08-25T11:25:27Z</time>
      </trkpt>
      <trkpt lat="9.002913" lon="-79.565816">
        <time>2026-08-25T11:25:28Z</time>
      </trkpt>
      <trkpt lat="9.002913" lon="-79.565816">
        <time>2026-08-25T11:25:29Z</time>
      </trkpt>
      <trkpt lat="9.002913" lon="-79.565816">
        <time>2026-08-25T11:25:30Z</time>
      </trkpt>
      <trkpt lat="9.002913" lon="-79.565816">
        <time>2026-08-25T11:25:31Z</time>
      </trkpt>
      <trkpt lat="9.002913" lon="-79.565816">
        <time>2026-08-25T11:25:32Z</time>
      </trkpt>
      <trkpt lat="9.002913" lon="-79.565816">
        <time>2026-08-25T11:25:33Z</time>
      </trkpt>
      <trkpt lat="9.002913" lon="-79.565816">
        <time>2026-08-25T11:25:34Z</time>
      </trkpt>
      <trkpt lat="9.002913" lon="-79.565816">
        <time>2026-08-25T11:25:35Z</time>
      </trkpt>
      <trkpt lat="9.002913" lon="-79.565816">
        <time>2026-08-25T11:25:36Z</time>
      </trkpt>
      <trkpt lat="9.002913" lon="-79.565816">
        <time>2026-08-25T11:25:37Z</time>
      </trkpt>
      <trkpt lat="9.002913" lon="-79.565816">
        <time>2026-08-25T11:25:38Z</time>
      </trkpt>
      <trkpt lat="9.002913" lon="-79.565816">
        <time>2026-08-25T11:25:39Z</time>
      </trkpt>
      <trkpt lat="9.002913" lon="-79.565816">
        <time>2026-08-25T11:25:40Z</time>
      </trkpt>
      <trkpt lat="9.002913" lon="-79.565816">
        <time>2026-08-25T11:25:41Z</time>
      </trkpt>
      <trkpt lat="9.002913" lon="-79.565816">
        <time>2026-08-25T11:25:42Z</time>
      </trkpt>
      <trkpt lat="9.002913" lon="-79.565816">
        <time>2026-08-25T11:25:43Z</time>
      </trkpt>
      <trkpt lat="9.002913" lon="-79.565816">
        <time>2026-08-25T11:25:44Z</time>
      </trkpt>
      <trkpt lat="9.002913" lon="-79.565816">
        <time>2026-08-25T11:25:45Z</time>
      </trkpt>
      <trkpt lat="9.002913" lon="-79.565816">
        <time>2026-08-25T11:25:46Z</time>
      </trkpt>
      <trkpt lat="9.002913" lon="-79.565816">
        <time>2026-08-25T11:25:47Z</time>
      </trkpt>
      <trkpt lat="9.002913" lon="-79.565816">
        <time>2026-08-25T11:25:48Z</time>
      </trkpt>
      <trkpt lat="9.002913" lon="-79.565816">
        <time>2026-08-25T11:25:49Z</time>
      </trkpt>
      <trkpt lat="9.002913" lon="-79.565816">
        <time>2026-08-25T11:25:50Z</time>
      </trkpt>
      <trkpt lat="9.002913" lon="-79.565816">
        <time>2026-08-25T11:25:51Z</time>
      </trkpt>
      <trkpt lat="9.002899" lon="-79.565815">
        <time>2026-08-25T11:25:52Z</time>
      </trkpt>
      <trkpt lat="9.002898" lon="-79.565815">
        <time>2026-08-25T11:25:53Z</time>
      </trkpt>
      <trkpt lat="9.002898" lon="-79.565815">
        <time>2026-08-25T11:25:54Z</time>
      </trkpt>
      <trkpt lat="9.002898" lon="-79.565815">
        <time>2026-08-25T11:25:55Z</time>
      </trkpt>
      <trkpt lat="9.002898" lon="-79.565815">
        <time>2026-08-25T11:25:56Z</time>
      </trkpt>
      <trkpt lat="9.002898" lon="-79.565815">
        <time>2026-08-25T11:25:57Z</time>
      </trkpt>
      <trkpt lat="9.002898" lon="-79.565815">
        <time>2026-08-25T11:25:58Z</time>
      </trkpt>
      <trkpt lat="9.002898" lon="-79.565815">
        <time>2026-08-25T11:25:59Z</time>
      </trkpt>
      <trkpt lat="9.002898" lon="-79.565815">
        <time>2026-08-25T11:26:00Z</time>
      </trkpt>
      <trkpt lat="9.001150" lon="-79.565911">
        <time>2026-08-25T11:30:01Z</time>
      </trkpt>
      <trkpt lat="9.001150" lon="-79.565911">
        <time>2026-08-25T11:30:02Z</time>
      </trkpt>
      <trkpt lat="9.001150" lon="-79.565912">
        <time>2026-08-25T11:30:03Z</time>
      </trkpt>
      <trkpt lat="9.001151" lon="-79.565912">
        <time>2026-08-25T11:30:04Z</time>
      </trkpt>
      <trkpt lat="9.001150" lon="-79.565911">
        <time>2026-08-25T11:30:05Z</time>
      </trkpt>
      <trkpt lat="9.001150" lon="-79.565911">
        <time>2026-08-25T11:30:06Z</time>
      </trkpt>
      <trkpt lat="9.001150" lon="-79.565911">
        <time>2026-08-25T11:30:07Z</time>
      </trkpt>
      <trkpt lat="9.001150" lon="-79.565911">
        <time>2026-08-25T11:30:08Z</time>
      </trkpt>
      <trkpt lat="9.001150" lon="-79.565911">
        <time>2026-08-25T11:30:09Z</time>
      </trkpt>
      <trkpt lat="9.001150" lon="-79.565911">
        <time>2026-08-25T11:30:10Z</time>
      </trkpt>
      <trkpt lat="9.001150" lon="-79.565911">
        <time>2026-08-25T11:30:11Z</time>
      </trkpt>
      <trkpt lat="9.001150" lon="-79.565911">
        <time>2026-08-25T11:30:12Z</time>
      </trkpt>
      <trkpt lat="9.001150" lon="-79.565911">
        <time>2026-08-25T11:30:13Z</time>
      </trkpt>
      <trkpt lat="9.001150" lon="-79.565911">
        <time>2026-08-25T11:30:14Z</time>
      </trkpt>
      <trkpt lat="9.001150" lon="-79.565911">
        <time>2026-08-25T11:30:15Z</time>
      </trkpt>
      <trkpt lat="9.001150" lon="-79.565911">
        <time>2026-08-25T11:30:16Z</time>
      </trkpt>
      <trkpt lat="9.001150" lon="-79.565911">
        <time>2026-08-25T11:30:17Z</time>
      </trkpt>
      <trkpt lat="9.001150" lon="-79.565911">
        <time>2026-08-25T11:30:18Z</time>
      </trkpt>
      <trkpt lat="9.001150" lon="-79.565911">
        <time>2026-08-25T11:30:19Z</time>
      </trkpt>
      <trkpt lat="9.001150" lon="-79.565911">
        <time>2026-08-25T11:30:20Z</time>
      </trkpt>
      <trkpt lat="9.001150" lon="-79.565911">
        <time>2026-08-25T11:30:21Z</time>
      </trkpt>
      <trkpt lat="9.001150" lon="-79.565911">
        <time>2026-08-25T11:30:22Z</time>
      </trkpt>
      <trkpt lat="9.001150" lon="-79.565911">
        <time>2026-08-25T11:30:23Z</time>
      </trkpt>
      <trkpt lat="9.001150" lon="-79.565911">
        <time>2026-08-25T11:30:24Z</time>
      </trkpt>
      <trkpt lat="9.001150" lon="-79.565911">
        <time>2026-08-25T11:30:25Z</time>
      </trkpt>
      <trkpt lat="9.001150" lon="-79.565911">
        <time>2026-08-25T11:30:26Z</time>
      </trkpt>
      <trkpt lat="9.001150" lon="-79.565911">
        <time>2026-08-25T11:30:27Z</time>
      </trkpt>
      <trkpt lat="9.001150" lon="-79.565911">
        <time>2026-08-25T11:30:28Z</time>
      </trkpt>
      <trkpt lat="9.001150" lon="-79.565911">
        <time>2026-08-25T11:30:29Z</time>
      </trkpt>
      <trkpt lat="9.001150" lon="-79.565911">
        <time>2026-08-25T11:30:30Z</time>
      </trkpt>
      <trkpt lat="9.001150" lon="-79.565911">
        <time>2026-08-25T11:30:31Z</time>
      </trkpt>
      <trkpt lat="9.001150" lon="-79.565911">
        <time>2026-08-25T11:30:32Z</time>
      </trkpt>
      <trkpt lat="9.001150" lon="-79.565911">
        <time>2026-08-25T11:30:33Z</time>
      </trkpt>
      <trkpt lat="9.001150" lon="-79.565911">
        <time>2026-08-25T11:30:34Z</time>
      </trkpt>
      <trkpt lat="9.001150" lon="-79.565911">
        <time>2026-08-25T11:30:35Z</time>
      </trkpt>
      <trkpt lat="9.001150" lon="-79.565911">
        <time>2026-08-25T11:30:36Z</time>
      </trkpt>
      <trkpt lat="9.001150" lon="-79.565911">
        <time>2026-08-25T11:30:37Z</time>
      </trkpt>
      <trkpt lat="9.001150" lon="-79.565911">
        <time>2026-08-25T11:30:38Z</time>
      </trkpt>
      <trkpt lat="9.001150" lon="-79.565911">
        <time>2026-08-25T11:30:39Z</time>
      </trkpt>
      <trkpt lat="9.001150" lon="-79.565911">
        <time>2026-08-25T11:30:40Z</time>
      </trkpt>
      <trkpt lat="9.001150" lon="-79.565911">
        <time>2026-08-25T11:30:41Z</time>
      </trkpt>
      <trkpt lat="9.001150" lon="-79.565911">
        <time>2026-08-25T11:30:42Z</time>
      </trkpt>
      <trkpt lat="9.001150" lon="-79.565911">
        <time>2026-08-25T11:30:43Z</time>
      </trkpt>
      <trkpt lat="9.001150" lon="-79.565911">
        <time>2026-08-25T11:30:44Z</time>
      </trkpt>
      <trkpt lat="9.001150" lon="-79.565911">
        <time>2026-08-25T11:30:45Z</time>
      </trkpt>
      <trkpt lat="9.001150" lon="-79.565911">
        <time>2026-08-25T11:30:46Z</time>
      </trkpt>
      <trkpt lat="9.001150" lon="-79.565911">
        <time>2026-08-25T11:30:47Z</time>
      </trkpt>
      <trkpt lat="9.001150" lon="-79.565911">
        <time>2026-08-25T11:30:48Z</time>
      </trkpt>
      <trkpt lat="9.001150" lon="-79.565911">
        <time>2026-08-25T11:30:49Z</time>
      </trkpt>
      <trkpt lat="9.001150" lon="-79.565911">
        <time>2026-08-25T11:30:50Z</time>
      </trkpt>
      <trkpt lat="9.001150" lon="-79.565911">
        <time>2026-08-25T11:30:51Z</time>
      </trkpt>
      <trkpt lat="9.001150" lon="-79.565911">
        <time>2026-08-25T11:30:52Z</time>
      </trkpt>
      <trkpt lat="9.001150" lon="-79.565911">
        <time>2026-08-25T11:30:53Z</time>
      </trkpt>
      <trkpt lat="9.001150" lon="-79.565911">
        <time>2026-08-25T11:30:54Z</time>
      </trkpt>
      <trkpt lat="9.001150" lon="-79.565911">
        <time>2026-08-25T11:30:55Z</time>
      </trkpt>
      <trkpt lat="9.001150" lon="-79.565911">
        <time>2026-08-25T11:30:56Z</time>
      </trkpt>
      <trkpt lat="9.001150" lon="-79.565911">
        <time>2026-08-25T11:30:57Z</time>
      </trkpt>
      <trkpt lat="9.001150" lon="-79.565911">
        <time>2026-08-25T11:30:58Z</time>
      </trkpt>
      <trkpt lat="9.001150" lon="-79.565911">
        <time>2026-08-25T11:30:59Z</time>
      </trkpt>
      <trkpt lat="9.001150" lon="-79.565911">
        <time>2026-08-25T11:31:00Z</time>
      </trkpt>
      <trkpt lat="9.001150" lon="-79.565911">
        <time>2026-08-25T11:31:01Z</time>
      </trkpt>
      <trkpt lat="9.001150" lon="-79.565911">
        <time>2026-08-25T11:31:02Z</time>
      </trkpt>
      <trkpt lat="9.001150" lon="-79.565911">
        <time>2026-08-25T11:31:03Z</time>
      </trkpt>
      <trkpt lat="9.001149" lon="-79.565913">
        <time>2026-08-25T11:31:04Z</time>
      </trkpt>
      <trkpt lat="9.001149" lon="-79.565912">
        <time>2026-08-25T11:31:05Z</time>
      </trkpt>
      <trkpt lat="9.001150" lon="-79.565910">
        <time>2026-08-25T11:31:06Z</time>
      </trkpt>
      <trkpt lat="9.001149" lon="-79.565910">
        <time>2026-08-25T11:31:07Z</time>
      </trkpt>
      <trkpt lat="9.001147" lon="-79.565910">
        <time>2026-08-25T11:31:08Z</time>
      </trkpt>
      <trkpt lat="9.001146" lon="-79.565913">
        <time>2026-08-25T11:31:09Z</time>
      </trkpt>
      <trkpt lat="9.001145" lon="-79.565915">
        <time>2026-08-25T11:31:10Z</time>
      </trkpt>
      <trkpt lat="9.001141" lon="-79.565915">
        <time>2026-08-25T11:31:11Z</time>
      </trkpt>
      <trkpt lat="9.001140" lon="-79.565916">
        <time>2026-08-25T11:31:12Z</time>
      </trkpt>
      <trkpt lat="9.001150" lon="-79.565911">
        <time>2026-08-25T11:31:13Z</time>
      </trkpt>
      <trkpt lat="9.001150" lon="-79.565911">
        <time>2026-08-25T11:31:14Z</time>
      </trkpt>
      <trkpt lat="9.001150" lon="-79.565911">
        <time>2026-08-25T11:31:15Z</time>
      </trkpt>
      <trkpt lat="9.001150" lon="-79.565911">
        <time>2026-08-25T11:31:16Z</time>
      </trkpt>
      <trkpt lat="9.001150" lon="-79.565911">
        <time>2026-08-25T11:31:17Z</time>
      </trkpt>
      <trkpt lat="9.001150" lon="-79.565911">
        <time>2026-08-25T11:31:18Z</time>
      </trkpt>
      <trkpt lat="9.001150" lon="-79.565911">
        <time>2026-08-25T11:31:19Z</time>
      </trkpt>
      <trkpt lat="9.001150" lon="-79.565911">
        <time>2026-08-25T11:31:20Z</time>
      </trkpt>
      <trkpt lat="9.001150" lon="-79.565911">
        <time>2026-08-25T11:31:21Z</time>
      </trkpt>
      <trkpt lat="9.001150" lon="-79.565911">
        <time>2026-08-25T11:31:22Z</time>
      </trkpt>
      <trkpt lat="9.001150" lon="-79.565911">
        <time>2026-08-25T11:31:23Z</time>
      </trkpt>
      <trkpt lat="9.001150" lon="-79.565911">
        <time>2026-08-25T11:31:24Z</time>
      </trkpt>
      <trkpt lat="9.001150" lon="-79.565911">
        <time>2026-08-25T11:31:25Z</time>
      </trkpt>
      <trkpt lat="9.001150" lon="-79.565911">
        <time>2026-08-25T11:31:26Z</time>
      </trkpt>
      <trkpt lat="9.001150" lon="-79.565911">
        <time>2026-08-25T11:31:27Z</time>
      </trkpt>
      <trkpt lat="9.001150" lon="-79.565911">
        <time>2026-08-25T11:31:28Z</time>
      </trkpt>
      <trkpt lat="9.001150" lon="-79.565911">
        <time>2026-08-25T11:31:29Z</time>
      </trkpt>
      <trkpt lat="9.001150" lon="-79.565911">
        <time>2026-08-25T11:31:30Z</time>
      </trkpt>
      <trkpt lat="9.001150" lon="-79.565911">
        <time>2026-08-25T11:31:31Z</time>
      </trkpt>
      <trkpt lat="9.001150" lon="-79.565911">
        <time>2026-08-25T11:31:32Z</time>
      </trkpt>
      <trkpt lat="9.001150" lon="-79.565911">
        <time>2026-08-25T11:31:33Z</time>
      </trkpt>
      <trkpt lat="9.001150" lon="-79.565911">
        <time>2026-08-25T11:31:34Z</time>
      </trkpt>
      <trkpt lat="9.001150" lon="-79.565911">
        <time>2026-08-25T11:31:35Z</time>
      </trkpt>
      <trkpt lat="9.001150" lon="-79.565911">
        <time>2026-08-25T11:31:36Z</time>
      </trkpt>
      <trkpt lat="9.001150" lon="-79.565911">
        <time>2026-08-25T11:31:37Z</time>
      </trkpt>
      <trkpt lat="9.001150" lon="-79.565911">
        <time>2026-08-25T11:31:38Z</time>
      </trkpt>
      <trkpt lat="9.001150" lon="-79.565911">
        <time>2026-08-25T11:31:39Z</time>
      </trkpt>
      <trkpt lat="9.001150" lon="-79.565911">
        <time>2026-08-25T11:31:40Z</time>
      </trkpt>
      <trkpt lat="9.001150" lon="-79.565911">
        <time>2026-08-25T11:31:41Z</time>
      </trkpt>
      <trkpt lat="9.001150" lon="-79.565911">
        <time>2026-08-25T11:31:42Z</time>
      </trkpt>
      <trkpt lat="9.001150" lon="-79.565911">
        <time>2026-08-25T11:31:43Z</time>
      </trkpt>
      <trkpt lat="9.001150" lon="-79.565911">
        <time>2026-08-25T11:31:44Z</time>
      </trkpt>
      <trkpt lat="9.001150" lon="-79.565911">
        <time>2026-08-25T11:31:45Z</time>
      </trkpt>
      <trkpt lat="9.001150" lon="-79.565911">
        <time>2026-08-25T11:31:46Z</time>
      </trkpt>
      <trkpt lat="9.001150" lon="-79.565911">
        <time>2026-08-25T11:31:47Z</time>
      </trkpt>
      <trkpt lat="9.001150" lon="-79.565911">
        <time>2026-08-25T11:31:48Z</time>
      </trkpt>
      <trkpt lat="9.001150" lon="-79.565911">
        <time>2026-08-25T11:31:49Z</time>
      </trkpt>
      <trkpt lat="9.001150" lon="-79.565911">
        <time>2026-08-25T11:31:50Z</time>
      </trkpt>
      <trkpt lat="9.001150" lon="-79.565911">
        <time>2026-08-25T11:31:51Z</time>
      </trkpt>
      <trkpt lat="9.001150" lon="-79.565911">
        <time>2026-08-25T11:31:52Z</time>
      </trkpt>
      <trkpt lat="9.001150" lon="-79.565911">
        <time>2026-08-25T11:31:53Z</time>
      </trkpt>
      <trkpt lat="9.001150" lon="-79.565911">
        <time>2026-08-25T11:31:54Z</time>
      </trkpt>
      <trkpt lat="9.001150" lon="-79.565911">
        <time>2026-08-25T11:31:55Z</time>
      </trkpt>
      <trkpt lat="9.001150" lon="-79.565911">
        <time>2026-08-25T11:31:56Z</time>
      </trkpt>
      <trkpt lat="9.001150" lon="-79.565911">
        <time>2026-08-25T11:31:57Z</time>
      </trkpt>
      <trkpt lat="9.001150" lon="-79.565911">
        <time>2026-08-25T11:31:58Z</time>
      </trkpt>
      <trkpt lat="9.001150" lon="-79.565911">
        <time>2026-08-25T11:31:59Z</time>
      </trkpt>
      <trkpt lat="9.001150" lon="-79.565911">
        <time>2026-08-25T11:32:00Z</time>
      </trkpt>
      <trkpt lat="9.001150" lon="-79.565911">
        <time>2026-08-25T11:32:01Z</time>
      </trkpt>
      <trkpt lat="9.001150" lon="-79.565911">
        <time>2026-08-25T11:32:02Z</time>
      </trkpt>
      <trkpt lat="9.001150" lon="-79.565911">
        <time>2026-08-25T11:32:03Z</time>
      </trkpt>
      <trkpt lat="9.001150" lon="-79.565911">
        <time>2026-08-25T11:32:04Z</time>
      </trkpt>
      <trkpt lat="9.001150" lon="-79.565911">
        <time>2026-08-25T11:32:05Z</time>
      </trkpt>
      <trkpt lat="9.001150" lon="-79.565911">
        <time>2026-08-25T11:32:06Z</time>
      </trkpt>
      <trkpt lat="9.001150" lon="-79.565911">
        <time>2026-08-25T11:32:07Z</time>
      </trkpt>
      <trkpt lat="9.001150" lon="-79.565911">
        <time>2026-08-25T11:32:08Z</time>
      </trkpt>
      <trkpt lat="9.001150" lon="-79.565911">
        <time>2026-08-25T11:32:09Z</time>
      </trkpt>
      <trkpt lat="9.001150" lon="-79.565911">
        <time>2026-08-25T11:32:10Z</time>
      </trkpt>
      <trkpt lat="9.001150" lon="-79.565911">
        <time>2026-08-25T11:32:11Z</time>
      </trkpt>
      <trkpt lat="9.001150" lon="-79.565911">
        <time>2026-08-25T11:32:12Z</time>
      </trkpt>
      <trkpt lat="9.001150" lon="-79.565911">
        <time>2026-08-25T11:32:13Z</time>
      </trkpt>
      <trkpt lat="9.001156" lon="-79.565927">
        <time>2026-08-25T11:32:14Z</time>
      </trkpt>
      <trkpt lat="9.001156" lon="-79.565930">
        <time>2026-08-25T11:32:15Z</time>
      </trkpt>
      <trkpt lat="9.001156" lon="-79.565930">
        <time>2026-08-25T11:32:16Z</time>
      </trkpt>
      <trkpt lat="9.001156" lon="-79.565930">
        <time>2026-08-25T11:32:17Z</time>
      </trkpt>
      <trkpt lat="9.001156" lon="-79.565930">
        <time>2026-08-25T11:32:18Z</time>
      </trkpt>
      <trkpt lat="9.001156" lon="-79.565930">
        <time>2026-08-25T11:32:19Z</time>
      </trkpt>
      <trkpt lat="9.001156" lon="-79.565930">
        <time>2026-08-25T11:32:20Z</time>
      </trkpt>
      <trkpt lat="9.001157" lon="-79.565931">
        <time>2026-08-25T11:32:21Z</time>
      </trkpt>
      <trkpt lat="9.001159" lon="-79.565931">
        <time>2026-08-25T11:32:22Z</time>
      </trkpt>
      <trkpt lat="9.001159" lon="-79.565930">
        <time>2026-08-25T11:32:23Z</time>
      </trkpt>
      <trkpt lat="9.001159" lon="-79.565930">
        <time>2026-08-25T11:32:24Z</time>
      </trkpt>
      <trkpt lat="9.001158" lon="-79.565930">
        <time>2026-08-25T11:32:25Z</time>
      </trkpt>
      <trkpt lat="9.001156" lon="-79.565931">
        <time>2026-08-25T11:32:26Z</time>
      </trkpt>
      <trkpt lat="9.001154" lon="-79.565931">
        <time>2026-08-25T11:32:27Z</time>
      </trkpt>
      <trkpt lat="9.001153" lon="-79.565932">
        <time>2026-08-25T11:32:28Z</time>
      </trkpt>
      <trkpt lat="9.001151" lon="-79.565934">
        <time>2026-08-25T11:32:29Z</time>
      </trkpt>
      <trkpt lat="9.001156" lon="-79.565930">
        <time>2026-08-25T11:32:30Z</time>
      </trkpt>
      <trkpt lat="9.001156" lon="-79.565930">
        <time>2026-08-25T11:32:31Z</time>
      </trkpt>
      <trkpt lat="9.001156" lon="-79.565930">
        <time>2026-08-25T11:32:32Z</time>
      </trkpt>
      <trkpt lat="9.001156" lon="-79.565930">
        <time>2026-08-25T11:32:33Z</time>
      </trkpt>
      <trkpt lat="9.001156" lon="-79.565930">
        <time>2026-08-25T11:32:34Z</time>
      </trkpt>
      <trkpt lat="9.001156" lon="-79.565930">
        <time>2026-08-25T11:32:35Z</time>
      </trkpt>
      <trkpt lat="9.001156" lon="-79.565930">
        <time>2026-08-25T11:32:36Z</time>
      </trkpt>
      <trkpt lat="9.001156" lon="-79.565930">
        <time>2026-08-25T11:32:37Z</time>
      </trkpt>
      <trkpt lat="9.001156" lon="-79.565930">
        <time>2026-08-25T11:32:38Z</time>
      </trkpt>
      <trkpt lat="9.001156" lon="-79.565930">
        <time>2026-08-25T11:32:39Z</time>
      </trkpt>
      <trkpt lat="9.001156" lon="-79.565930">
        <time>2026-08-25T11:32:40Z</time>
      </trkpt>
      <trkpt lat="9.001156" lon="-79.565930">
        <time>2026-08-25T11:32:41Z</time>
      </trkpt>
      <trkpt lat="9.001154" lon="-79.565939">
        <time>2026-08-25T11:32:42Z</time>
      </trkpt>
      <trkpt lat="9.001154" lon="-79.565939">
        <time>2026-08-25T11:32:43Z</time>
      </trkpt>
      <trkpt lat="9.001152" lon="-79.565939">
        <time>2026-08-25T11:32:44Z</time>
      </trkpt>
      <trkpt lat="9.001153" lon="-79.565941">
        <time>2026-08-25T11:32:45Z</time>
      </trkpt>
      <trkpt lat="9.001153" lon="-79.565945">
        <time>2026-08-25T11:32:46Z</time>
      </trkpt>
      <trkpt lat="9.001153" lon="-79.565946">
        <time>2026-08-25T11:32:47Z</time>
      </trkpt>
      <trkpt lat="9.001153" lon="-79.565950">
        <time>2026-08-25T11:32:48Z</time>
      </trkpt>
      <trkpt lat="9.001152" lon="-79.565951">
        <time>2026-08-25T11:32:49Z</time>
      </trkpt>
      <trkpt lat="9.001153" lon="-79.565949">
        <time>2026-08-25T11:32:50Z</time>
      </trkpt>
      <trkpt lat="9.001157" lon="-79.565947">
        <time>2026-08-25T11:32:51Z</time>
      </trkpt>
      <trkpt lat="9.001160" lon="-79.565946">
        <time>2026-08-25T11:32:52Z</time>
      </trkpt>
      <trkpt lat="9.001163" lon="-79.565946">
        <time>2026-08-25T11:32:53Z</time>
      </trkpt>
      <trkpt lat="9.001165" lon="-79.565945">
        <time>2026-08-25T11:32:54Z</time>
      </trkpt>
      <trkpt lat="9.001166" lon="-79.565945">
        <time>2026-08-25T11:32:55Z</time>
      </trkpt>
      <trkpt lat="9.001165" lon="-79.565945">
        <time>2026-08-25T11:32:56Z</time>
      </trkpt>
      <trkpt lat="9.001164" lon="-79.565943">
        <time>2026-08-25T11:32:57Z</time>
      </trkpt>
      <trkpt lat="9.001160" lon="-79.565942">
        <time>2026-08-25T11:32:58Z</time>
      </trkpt>
      <trkpt lat="9.001159" lon="-79.565940">
        <time>2026-08-25T11:32:59Z</time>
      </trkpt>
      <trkpt lat="9.001158" lon="-79.565940">
        <time>2026-08-25T11:33:00Z</time>
      </trkpt>
      <trkpt lat="9.001157" lon="-79.565938">
        <time>2026-08-25T11:33:01Z</time>
      </trkpt>
      <trkpt lat="9.001156" lon="-79.565937">
        <time>2026-08-25T11:33:02Z</time>
      </trkpt>
      <trkpt lat="9.001155" lon="-79.565935">
        <time>2026-08-25T11:33:03Z</time>
      </trkpt>
      <trkpt lat="9.001157" lon="-79.565935">
        <time>2026-08-25T11:33:04Z</time>
      </trkpt>
      <trkpt lat="9.001156" lon="-79.565934">
        <time>2026-08-25T11:33:05Z</time>
      </trkpt>
      <trkpt lat="9.001154" lon="-79.565931">
        <time>2026-08-25T11:33:06Z</time>
      </trkpt>
      <trkpt lat="9.001151" lon="-79.565927">
        <time>2026-08-25T11:33:07Z</time>
      </trkpt>
      <trkpt lat="9.001149" lon="-79.565923">
        <time>2026-08-25T11:33:08Z</time>
      </trkpt>
      <trkpt lat="9.001148" lon="-79.565919">
        <time>2026-08-25T11:33:09Z</time>
      </trkpt>
      <trkpt lat="9.001148" lon="-79.565919">
        <time>2026-08-25T11:33:10Z</time>
      </trkpt>
      <trkpt lat="9.001146" lon="-79.565920">
        <time>2026-08-25T11:33:11Z</time>
      </trkpt>
      <trkpt lat="9.001145" lon="-79.565919">
        <time>2026-08-25T11:33:12Z</time>
      </trkpt>
      <trkpt lat="9.001144" lon="-79.565917">
        <time>2026-08-25T11:33:13Z</time>
      </trkpt>
      <trkpt lat="9.001142" lon="-79.565916">
        <time>2026-08-25T11:33:14Z</time>
      </trkpt>
      <trkpt lat="9.001141" lon="-79.565915">
        <time>2026-08-25T11:33:15Z</time>
      </trkpt>
      <trkpt lat="9.001142" lon="-79.565914">
        <time>2026-08-25T11:33:16Z</time>
      </trkpt>
      <trkpt lat="9.001142" lon="-79.565911">
        <time>2026-08-25T11:33:17Z</time>
      </trkpt>
      <trkpt lat="9.001142" lon="-79.565906">
        <time>2026-08-25T11:33:18Z</time>
      </trkpt>
      <trkpt lat="9.001139" lon="-79.565905">
        <time>2026-08-25T11:33:19Z</time>
      </trkpt>
      <trkpt lat="9.001131" lon="-79.565899">
        <time>2026-08-25T11:33:20Z</time>
      </trkpt>
      <trkpt lat="9.001131" lon="-79.565900">
        <time>2026-08-25T11:33:21Z</time>
      </trkpt>
      <trkpt lat="9.001129" lon="-79.565895">
        <time>2026-08-25T11:33:22Z</time>
      </trkpt>
      <trkpt lat="9.001123" lon="-79.565893">
        <time>2026-08-25T11:33:23Z</time>
      </trkpt>
      <trkpt lat="9.001130" lon="-79.565899">
        <time>2026-08-25T11:33:24Z</time>
      </trkpt>
      <trkpt lat="9.001134" lon="-79.565903">
        <time>2026-08-25T11:33:25Z</time>
      </trkpt>
      <trkpt lat="9.001130" lon="-79.565901">
        <time>2026-08-25T11:33:26Z</time>
      </trkpt>
    </trkseg>
  </trk>
</gpx>
