<?xml version="1.0" encoding="UTF-8"?>
<gpx version="1.1" creator="FitFilter" xmlns="http://www.topografix.com/GPX/1/1" xmlns:xsi="http://www.w3.org/2001/XMLSchema-instance" xsi:schemaLocation="http://www.topografix.com/GPX/1/1 http://www.topografix.com/GPX/1/1/gpx.xsd">
  <metadata>
    <time>2026-09-09T10:46:38Z</time>
  </metadata>
  <trk>
    <name>Trail Running - 2026-09-09 10:46</name>
    <type>running</type>
    <trkseg>
      <trkpt lat="8.989954" lon="-79.530116">
        <time>2026-09-09T10:46:38Z</time>
      </trkpt>
      <trkpt lat="8.989965" lon="-79.530098">
        <time>2026-09-09T10:46:39Z</time>
      </trkpt>
      <trkpt lat="8.989972" lon="-79.530084">
        <time>2026-09-09T10:46:40Z</time>
      </trkpt>
      <trkpt lat="8.989982" lon="-79.530071">
        <time>2026-09-09T10:46:41Z</time>
      </trkpt>
      <trkpt lat="8.989991" lon="-79.530064">
        <time>2026-09-09T10:46:42Z</time>
      </trkpt>
      <trkpt lat="8.990001" lon="-79.530054">
        <time>2026-09-09T10:46:43Z</time>
      </trkpt>
      <trkpt lat="8.990010" lon="-79.530045">
        <time>2026-09-09T10:46:44Z</time>
      </trkpt>
      <trkpt lat="8.990020" lon="-79.530035">
        <time>2026-09-09T10:46:45Z</time>
      </trkpt>
      <trkpt lat="8.990023" lon="-79.530022">
        <time>2026-09-09T10:46:46Z</time>
      </trkpt>
      <trkpt lat="8.990025" lon="-79.530008">
        <time>2026-09-09T10:46:47Z</time>
      </trkpt>
      <trkpt lat="8.990027" lon="-79.529995">
        <time>2026-09-09T10:46:48Z</time>
      </trkpt>
      <trkpt lat="8.990032" lon="-79.529986">
        <time>2026-09-09T10:46:49Z</time>
      </trkpt>
      <trkpt lat="8.990036" lon="-79.529976">
        <time>2026-09-09T10:46:50Z</time>
      </trkpt>
      <trkpt lat="8.990040" lon="-79.529967">
        <time>2026-09-09T10:46:51Z</time>
      </trkpt>
      <trkpt lat="8.990048" lon="-79.529955">
        <time>2026-09-09T10:46:52Z</time>
      </trkpt>
      <trkpt lat="8.990052" lon="-79.529943">
        <time>2026-09-09T10:46:53Z</time>
      </trkpt>
      <trkpt lat="8.990061" lon="-79.529929">
        <time>2026-09-09T10:46:54Z</time>
      </trkpt>
      <trkpt lat="8.990066" lon="-79.529912">
        <time>2026-09-09T10:46:55Z</time>
      </trkpt>
      <trkpt lat="8.990057" lon="-79.529896">
        <time>2026-09-09T10:46:56Z</time>
      </trkpt>
      <trkpt lat="8.990046" lon="-79.529890">
        <time>2026-09-09T10:46:57Z</time>
      </trkpt>
      <trkpt lat="8.990045" lon="-79.529884">
        <time>2026-09-09T10:46:58Z</time>
      </trkpt>
      <trkpt lat="8.990051" lon="-79.529881">
        <time>2026-09-09T10:46:59Z</time>
      </trkpt>
      <trkpt lat="8.990062" lon="-79.529883">
        <time>2026-09-09T10:47:00Z</time>
      </trkpt>
      <trkpt lat="8.990070" lon="-79.529880">
        <time>2026-09-09T10:47:01Z</time>
      </trkpt>
      <trkpt lat="8.990081" lon="-79.529875">
        <time>2026-09-09T10:47:02Z</time>
      </trkpt>
      <trkpt lat="8.990091" lon="-79.529871">
        <time>2026-09-09T10:47:03Z</time>
      </trkpt>
      <trkpt lat="8.990105" lon="-79.529869">
        <time>2026-09-09T10:47:04Z</time>
      </trkpt>
      <trkpt lat="8.990114" lon="-79.529865">
        <time>2026-09-09T10:47:05Z</time>
      </trkpt>
      <trkpt lat="8.990119" lon="-79.529859">
        <time>2026-09-09T10:47:06Z</time>
      </trkpt>
      <trkpt lat="8.990132" lon="-79.529855">
        <time>2026-09-09T10:47:07Z</time>
      </trkpt>
      <trkpt lat="8.990141" lon="-79.529848">
        <time>2026-09-09T10:47:08Z</time>
      </trkpt>
      <trkpt lat="8.990155" lon="-79.529843">
        <time>2026-09-09T10:47:09Z</time>
      </trkpt>
      <trkpt lat="8.990175" lon="-79.529830">
        <time>2026-09-09T10:47:10Z</time>
      </trkpt>
      <trkpt lat="8.990186" lon="-79.529823">
        <time>2026-09-09T10:47:11Z</time>
      </trkpt>
      <trkpt lat="8.990200" lon="-79.529814">
        <time>2026-09-09T10:47:12Z</time>
      </trkpt>
      <trkpt lat="8.990217" lon="-79.529808">
        <time>2026-09-09T10:47:13Z</time>
      </trkpt>
      <trkpt lat="8.990232" lon="-79.529801">
        <time>2026-09-09T10:47:14Z</time>
      </trkpt>
      <trkpt lat="8.990245" lon="-79.529795">
        <time>2026-09-09T10:47:15Z</time>
      </trkpt>
      <trkpt lat="8.990258" lon="-79.529790">
        <time>2026-09-09T10:47:16Z</time>
      </trkpt>
      <trkpt lat="8.990276" lon="-79.529784">
        <time>2026-09-09T10:47:17Z</time>
      </trkpt>
      <trkpt lat="8.990296" lon="-79.529781">
        <time>2026-09-09T10:47:18Z</time>
      </trkpt>
      <trkpt lat="8.990317" lon="-79.529783">
        <time>2026-09-09T10:47:19Z</time>
      </trkpt>
      <trkpt lat="8.990342" lon="-79.529784">
        <time>2026-09-09T10:47:20Z</time>
      </trkpt>
      <trkpt lat="8.990363" lon="-79.529787">
        <time>2026-09-09T10:47:21Z</time>
      </trkpt>
      <trkpt lat="8.990387" lon="-79.529788">
        <time>2026-09-09T10:47:22Z</time>
      </trkpt>
      <trkpt lat="8.990410" lon="-79.529788">
        <time>2026-09-09T10:47:23Z</time>
      </trkpt>
      <trkpt lat="8.990433" lon="-79.529789">
        <time>2026-09-09T10:47:24Z</time>
      </trkpt>
      <trkpt lat="8.990453" lon="-79.529794">
        <time>2026-09-09T10:47:25Z</time>
      </trkpt>
      <trkpt lat="8.990468" lon="-79.529801">
        <time>2026-09-09T10:47:26Z</time>
      </trkpt>
      <trkpt lat="8.990485" lon="-79.529812">
        <time>2026-09-09T10:47:27Z</time>
      </trkpt>
      <trkpt lat="8.990500" lon="-79.529824">
        <time>2026-09-09T10:47:28Z</time>
      </trkpt>
      <trkpt lat="8.990512" lon="-79.529839">
        <time>2026-09-09T10:47:29Z</time>
      </trkpt>
      <trkpt lat="8.990519" lon="-79.529856">
        <time>2026-09-09T10:47:30Z</time>
      </trkpt>
      <trkpt lat="8.990524" lon="-79.529874">
        <time>2026-09-09T10:47:31Z</time>
      </trkpt>
      <trkpt lat="8.990527" lon="-79.529893">
        <time>2026-09-09T10:47:32Z</time>
      </trkpt>
      <trkpt lat="8.990533" lon="-79.529910">
        <time>2026-09-09T10:47:33Z</time>
      </trkpt>
      <trkpt lat="8.990531" lon="-79.529928">
        <time>2026-09-09T10:47:34Z</time>
      </trkpt>
      <trkpt lat="8.990533" lon="-79.529945">
        <time>2026-09-09T10:47:35Z</time>
      </trkpt>
      <trkpt lat="8.990537" lon="-79.529960">
        <time>2026-09-09T10:47:36Z</time>
      </trkpt>
      <trkpt lat="8.990543" lon="-79.529973">
        <time>2026-09-09T10:47:37Z</time>
      </trkpt>
      <trkpt lat="8.990546" lon="-79.529986">
        <time>2026-09-09T10:47:38Z</time>
      </trkpt>
      <trkpt lat="8.990550" lon="-79.530001">
        <time>2026-09-09T10:47:39Z</time>
      </trkpt>
      <trkpt lat="8.990556" lon="-79.530014">
        <time>2026-09-09T10:47:40Z</time>
      </trkpt>
      <trkpt lat="8.990558" lon="-79.530028">
        <time>2026-09-09T10:47:41Z</time>
      </trkpt>
      <trkpt lat="8.990562" lon="-79.530044">
        <time>2026-09-09T10:47:42Z</time>
      </trkpt>
      <trkpt lat="8.990564" lon="-79.530062">
        <time>2026-09-09T10:47:43Z</time>
      </trkpt>
      <trkpt lat="8.990570" lon="-79.530079">
        <time>2026-09-09T10:47:44Z</time>
      </trkpt>
      <trkpt lat="8.990575" lon="-79.530098">
        <time>2026-09-09T10:47:45Z</time>
      </trkpt>
      <trkpt lat="8.990579" lon="-79.530118">
        <time>2026-09-09T10:47:46Z</time>
      </trkpt>
      <trkpt lat="8.990584" lon="-79.530137">
        <time>2026-09-09T10:47:47Z</time>
      </trkpt>
      <trkpt lat="8.990590" lon="-79.530157">
        <time>2026-09-09T10:47:48Z</time>
      </trkpt>
      <trkpt lat="8.990596" lon="-79.530179">
        <time>2026-09-09T10:47:49Z</time>
      </trkpt>
      <trkpt lat="8.990601" lon="-79.530199">
        <time>2026-09-09T10:47:50Z</time>
      </trkpt>
      <trkpt lat="8.990608" lon="-79.530220">
        <time>2026-09-09T10:47:51Z</time>
      </trkpt>
      <trkpt lat="8.990612" lon="-79.530240">
        <time>2026-09-09T10:47:52Z</time>
      </trkpt>
      <trkpt lat="8.990615" lon="-79.530260">
        <time>2026-09-09T10:47:53Z</time>
      </trkpt>
      <trkpt lat="8.990618" lon="-79.530282">
        <time>2026-09-09T10:47:54Z</time>
      </trkpt>
      <trkpt lat="8.990622" lon="-79.530302">
        <time>2026-09-09T10:47:55Z</time>
      </trkpt>
      <trkpt lat="8.990627" lon="-79.530321">
        <time>2026-09-09T10:47:56Z</time>
      </trkpt>
      <trkpt lat="8.990635" lon="-79.530342">
        <time>2026-09-09T10:47:57Z</time>
      </trkpt>
      <trkpt lat="8.990638" lon="-79.530364">
        <time>2026-09-09T10:47:58Z</time>
      </trkpt>
      <trkpt lat="8.990641" lon="-79.530385">
        <time>2026-09-09T10:47:59Z</time>
      </trkpt>
      <trkpt lat="8.990645" lon="-79.530404">
        <time>2026-09-09T10:48:00Z</time>
      </trkpt>
      <trkpt lat="8.990650" lon="-79.530426">
        <time>2026-09-09T10:48:01Z</time>
      </trkpt>
      <trkpt lat="8.990652" lon="-79.530448">
        <time>2026-09-09T10:48:02Z</time>
      </trkpt>
      <trkpt lat="8.990652" lon="-79.530468">
        <time>2026-09-09T10:48:03Z</time>
      </trkpt>
      <trkpt lat="8.990654" lon="-79.530490">
        <time>2026-09-09T10:48:04Z</time>
      </trkpt>
      <trkpt lat="8.990657" lon="-79.530512">
        <time>2026-09-09T10:48:05Z</time>
      </trkpt>
      <trkpt lat="8.990660" lon="-79.530533">
        <time>2026-09-09T10:48:06Z</time>
      </trkpt>
      <trkpt lat="8.990662" lon="-79.530555">
        <time>2026-09-09T10:48:07Z</time>
      </trkpt>
      <trkpt lat="8.990662" lon="-79.530576">
        <time>2026-09-09T10:48:08Z</time>
      </trkpt>
      <trkpt lat="8.990663" lon="-79.530597">
        <time>2026-09-09T10:48:09Z</time>
      </trkpt>
      <trkpt lat="8.990667" lon="-79.530620">
        <time>2026-09-09T10:48:10Z</time>
      </trkpt>
      <trkpt lat="8.990668" lon="-79.530639">
        <time>2026-09-09T10:48:11Z</time>
      </trkpt>
      <trkpt lat="8.990670" lon="-79.530659">
        <time>2026-09-09T10:48:12Z</time>
      </trkpt>
      <trkpt lat="8.990673" lon="-79.530680">
        <time>2026-09-09T10:48:13Z</time>
      </trkpt>
      <trkpt lat="8.990674" lon="-79.530700">
        <time>2026-09-09T10:48:14Z</time>
      </trkpt>
      <trkpt lat="8.990676" lon="-79.530718">
        <time>2026-09-09T10:48:15Z</time>
      </trkpt>
      <trkpt lat="8.990677" lon="-79.530737">
        <time>2026-09-09T10:48:16Z</time>
      </trkpt>
      <trkpt lat="8.990682" lon="-79.530757">
        <time>2026-09-09T10:48:17Z</time>
      </trkpt>
      <trkpt lat="8.990689" lon="-79.530778">
        <time>2026-09-09T10:48:18Z</time>
      </trkpt>
      <trkpt lat="8.990696" lon="-79.530798">
        <time>2026-09-09T10:48:19Z</time>
      </trkpt>
      <trkpt lat="8.990703" lon="-79.530817">
        <time>2026-09-09T10:48:20Z</time>
      </trkpt>
      <trkpt lat="8.990710" lon="-79.530841">
        <time>2026-09-09T10:48:21Z</time>
      </trkpt>
      <trkpt lat="8.990717" lon="-79.530864">
        <time>2026-09-09T10:48:22Z</time>
      </trkpt>
      <trkpt lat="8.990723" lon="-79.530886">
        <time>2026-09-09T10:48:23Z</time>
      </trkpt>
      <trkpt lat="8.990730" lon="-79.530908">
        <time>2026-09-09T10:48:24Z</time>
      </trkpt>
      <trkpt lat="8.990740" lon="-79.530934">
        <time>2026-09-09T10:48:25Z</time>
      </trkpt>
      <trkpt lat="8.990748" lon="-79.530956">
        <time>2026-09-09T10:48:26Z</time>
      </trkpt>
      <trkpt lat="8.990757" lon="-79.530977">
        <time>2026-09-09T10:48:27Z</time>
      </trkpt>
      <trkpt lat="8.990768" lon="-79.530998">
        <time>2026-09-09T10:48:28Z</time>
      </trkpt>
      <trkpt lat="8.990787" lon="-79.531019">
        <time>2026-09-09T10:48:29Z</time>
      </trkpt>
      <trkpt lat="8.990807" lon="-79.531037">
        <time>2026-09-09T10:48:30Z</time>
      </trkpt>
      <trkpt lat="8.990826" lon="-79.531052">
        <time>2026-09-09T10:48:31Z</time>
      </trkpt>
      <trkpt lat="8.990847" lon="-79.531067">
        <time>2026-09-09T10:48:32Z</time>
      </trkpt>
      <trkpt lat="8.990864" lon="-79.531084">
        <time>2026-09-09T10:48:33Z</time>
      </trkpt>
      <trkpt lat="8.990881" lon="-79.531102">
        <time>2026-09-09T10:48:34Z</time>
      </trkpt>
      <trkpt lat="8.990899" lon="-79.531116">
        <time>2026-09-09T10:48:35Z</time>
      </trkpt>
      <trkpt lat="8.990922" lon="-79.531131">
        <time>2026-09-09T10:48:36Z</time>
      </trkpt>
      <trkpt lat="8.990943" lon="-79.531144">
        <time>2026-09-09T10:48:37Z</time>
      </trkpt>
      <trkpt lat="8.990960" lon="-79.531154">
        <time>2026-09-09T10:48:38Z</time>
      </trkpt>
      <trkpt lat="8.990978" lon="-79.531162">
        <time>2026-09-09T10:48:39Z</time>
      </trkpt>
      <trkpt lat="8.990989" lon="-79.531166">
        <time>2026-09-09T10:48:40Z</time>
      </trkpt>
      <trkpt lat="8.991001" lon="-79.531176">
        <time>2026-09-09T10:48:41Z</time>
      </trkpt>
      <trkpt lat="8.991014" lon="-79.531185">
        <time>2026-09-09T10:48:42Z</time>
      </trkpt>
      <trkpt lat="8.991035" lon="-79.531192">
        <time>2026-09-09T10:48:43Z</time>
      </trkpt>
      <trkpt lat="8.991053" lon="-79.531200">
        <time>2026-09-09T10:48:44Z</time>
      </trkpt>
      <trkpt lat="8.991067" lon="-79.531207">
        <time>2026-09-09T10:48:45Z</time>
      </trkpt>
      <trkpt lat="8.991075" lon="-79.531214">
        <time>2026-09-09T10:48:46Z</time>
      </trkpt>
      <trkpt lat="8.991088" lon="-79.531225">
        <time>2026-09-09T10:48:47Z</time>
      </trkpt>
      <trkpt lat="8.991109" lon="-79.531236">
        <time>2026-09-09T10:48:48Z</time>
      </trkpt>
      <trkpt lat="8.991130" lon="-79.531244">
        <time>2026-09-09T10:48:49Z</time>
      </trkpt>
      <trkpt lat="8.991150" lon="-79.531257">
        <time>2026-09-09T10:48:50Z</time>
      </trkpt>
      <trkpt lat="8.991173" lon="-79.531267">
        <time>2026-09-09T10:48:51Z</time>
      </trkpt>
      <trkpt lat="8.991195" lon="-79.531277">
        <time>2026-09-09T10:48:52Z</time>
      </trkpt>
      <trkpt lat="8.991215" lon="-79.531284">
        <time>2026-09-09T10:48:53Z</time>
      </trkpt>
      <trkpt lat="8.991233" lon="-79.531289">
        <time>2026-09-09T10:48:54Z</time>
      </trkpt>
      <trkpt lat="8.991251" lon="-79.531294">
        <time>2026-09-09T10:48:55Z</time>
      </trkpt>
      <trkpt lat="8.991268" lon="-79.531297">
        <time>2026-09-09T10:48:56Z</time>
      </trkpt>
      <trkpt lat="8.991281" lon="-79.531301">
        <time>2026-09-09T10:48:57Z</time>
      </trkpt>
      <trkpt lat="8.991300" lon="-79.531307">
        <time>2026-09-09T10:48:58Z</time>
      </trkpt>
      <trkpt lat="8.991315" lon="-79.531314">
        <time>2026-09-09T10:48:59Z</time>
      </trkpt>
      <trkpt lat="8.991328" lon="-79.531323">
        <time>2026-09-09T10:49:00Z</time>
      </trkpt>
      <trkpt lat="8.991344" lon="-79.531328">
        <time>2026-09-09T10:49:01Z</time>
      </trkpt>
      <trkpt lat="8.991362" lon="-79.531334">
        <time>2026-09-09T10:49:02Z</time>
      </trkpt>
      <trkpt lat="8.991377" lon="-79.531340">
        <time>2026-09-09T10:49:03Z</time>
      </trkpt>
      <trkpt lat="8.991389" lon="-79.531348">
        <time>2026-09-09T10:49:04Z</time>
      </trkpt>
      <trkpt lat="8.991404" lon="-79.531357">
        <time>2026-09-09T10:49:05Z</time>
      </trkpt>
      <trkpt lat="8.991417" lon="-79.531360">
        <time>2026-09-09T10:49:06Z</time>
      </trkpt>
      <trkpt lat="8.991432" lon="-79.531367">
        <time>2026-09-09T10:49:07Z</time>
      </trkpt>
      <trkpt lat="8.991448" lon="-79.531374">
        <time>2026-09-09T10:49:08Z</time>
      </trkpt>
      <trkpt lat="8.991461" lon="-79.531380">
        <time>2026-09-09T10:49:09Z</time>
      </trkpt>
      <trkpt lat="8.991476" lon="-79.531387">
        <time>2026-09-09T10:49:10Z</time>
      </trkpt>
      <trkpt lat="8.991492" lon="-79.531393">
        <time>2026-09-09T10:49:11Z</time>
      </trkpt>
      <trkpt lat="8.991507" lon="-79.531399">
        <time>2026-09-09T10:49:12Z</time>
      </trkpt>
      <trkpt lat="8.991520" lon="-79.531406">
        <time>2026-09-09T10:49:13Z</time>
      </trkpt>
      <trkpt lat="8.991536" lon="-79.531414">
        <time>2026-09-09T10:49:14Z</time>
      </trkpt>
      <trkpt lat="8.991551" lon="-79.531421">
        <time>2026-09-09T10:49:15Z</time>
      </trkpt>
      <trkpt lat="8.991569" lon="-79.531428">
        <time>2026-09-09T10:49:16Z</time>
      </trkpt>
      <trkpt lat="8.991585" lon="-79.531435">
        <time>2026-09-09T10:49:17Z</time>
      </trkpt>
      <trkpt lat="8.991602" lon="-79.531440">
        <time>2026-09-09T10:49:18Z</time>
      </trkpt>
      <trkpt lat="8.991617" lon="-79.531444">
        <time>2026-09-09T10:49:19Z</time>
      </trkpt>
      <trkpt lat="8.991629" lon="-79.531451">
        <time>2026-09-09T10:49:20Z</time>
      </trkpt>
      <trkpt lat="8.991644" lon="-79.531458">
        <time>2026-09-09T10:49:21Z</time>
      </trkpt>
      <trkpt lat="8.991656" lon="-79.531465">
        <time>2026-09-09T10:49:22Z</time>
      </trkpt>
      <trkpt lat="8.991670" lon="-79.531471">
        <time>2026-09-09T10:49:23Z</time>
      </trkpt>
      <trkpt lat="8.991685" lon="-79.531475">
        <time>2026-09-09T10:49:24Z</time>
      </trkpt>
      <trkpt lat="8.991699" lon="-79.531481">
        <time>2026-09-09T10:49:25Z</time>
      </trkpt>
      <trkpt lat="8.991714" lon="-79.531490">
        <time>2026-09-09T10:49:26Z</time>
      </trkpt>
      <trkpt lat="8.991731" lon="-79.531495">
        <time>2026-09-09T10:49:27Z</time>
      </trkpt>
      <trkpt lat="8.991746" lon="-79.531503">
        <time>2026-09-09T10:49:28Z</time>
      </trkpt>
      <trkpt lat="8.991761" lon="-79.531512">
        <time>2026-09-09T10:49:29Z</time>
      </trkpt>
      <trkpt lat="8.991774" lon="-79.531518">
        <time>2026-09-09T10:49:30Z</time>
      </trkpt>
      <trkpt lat="8.991789" lon="-79.531523">
        <time>2026-09-09T10:49:31Z</time>
      </trkpt>
      <trkpt lat="8.991804" lon="-79.531530">
        <time>2026-09-09T10:49:32Z</time>
      </trkpt>
      <trkpt lat="8.991819" lon="-79.531534">
        <time>2026-09-09T10:49:33Z</time>
      </trkpt>
      <trkpt lat="8.991832" lon="-79.531541">
        <time>2026-09-09T10:49:34Z</time>
      </trkpt>
      <trkpt lat="8.991848" lon="-79.531547">
        <time>2026-09-09T10:49:35Z</time>
      </trkpt>
      <trkpt lat="8.991864" lon="-79.531551">
        <time>2026-09-09T10:49:36Z</time>
      </trkpt>
      <trkpt lat="8.991880" lon="-79.531558">
        <time>2026-09-09T10:49:37Z</time>
      </trkpt>
      <trkpt lat="8.991894" lon="-79.531567">
        <time>2026-09-09T10:49:38Z</time>
      </trkpt>
      <trkpt lat="8.991910" lon="-79.531574">
        <time>2026-09-09T10:49:39Z</time>
      </trkpt>
      <trkpt lat="8.991928" lon="-79.531580">
        <time>2026-09-09T10:49:40Z</time>
      </trkpt>
      <trkpt lat="8.991942" lon="-79.531584">
        <time>2026-09-09T10:49:41Z</time>
      </trkpt>
      <trkpt lat="8.991958" lon="-79.531588">
        <time>2026-09-09T10:49:42Z</time>
      </trkpt>
      <trkpt lat="8.991974" lon="-79.531595">
        <time>2026-09-09T10:49:43Z</time>
      </trkpt>
      <trkpt lat="8.991990" lon="-79.531601">
        <time>2026-09-09T10:49:44Z</time>
      </trkpt>
      <trkpt lat="8.992006" lon="-79.531609">
        <time>2026-09-09T10:49:45Z</time>
      </trkpt>
      <trkpt lat="8.992022" lon="-79.531615">
        <time>2026-09-09T10:49:46Z</time>
      </trkpt>
      <trkpt lat="8.992036" lon="-79.531623">
        <time>2026-09-09T10:49:47Z</time>
      </trkpt>
      <trkpt lat="8.992052" lon="-79.531630">
        <time>2026-09-09T10:49:48Z</time>
      </trkpt>
      <trkpt lat="8.992065" lon="-79.531636">
        <time>2026-09-09T10:49:49Z</time>
      </trkpt>
      <trkpt lat="8.992079" lon="-79.531644">
        <time>2026-09-09T10:49:50Z</time>
      </trkpt>
      <trkpt lat="8.992094" lon="-79.531652">
        <time>2026-09-09T10:49:51Z</time>
      </trkpt>
      <trkpt lat="8.992111" lon="-79.531659">
        <time>2026-09-09T10:49:52Z</time>
      </trkpt>
      <trkpt lat="8.992124" lon="-79.531667">
        <time>2026-09-09T10:49:53Z</time>
      </trkpt>
      <trkpt lat="8.992139" lon="-79.531674">
        <time>2026-09-09T10:49:54Z</time>
      </trkpt>
      <trkpt lat="8.992154" lon="-79.531682">
        <time>2026-09-09T10:49:55Z</time>
      </trkpt>
      <trkpt lat="8.992168" lon="-79.531692">
        <time>2026-09-09T10:49:56Z</time>
      </trkpt>
      <trkpt lat="8.992183" lon="-79.531699">
        <time>2026-09-09T10:49:57Z</time>
      </trkpt>
      <trkpt lat="8.992200" lon="-79.531705">
        <time>2026-09-09T10:49:58Z</time>
      </trkpt>
      <trkpt lat="8.992216" lon="-79.531709">
        <time>2026-09-09T10:49:59Z</time>
      </trkpt>
      <trkpt lat="8.992230" lon="-79.531716">
        <time>2026-09-09T10:50:00Z</time>
      </trkpt>
      <trkpt lat="8.992244" lon="-79.531720">
        <time>2026-09-09T10:50:01Z</time>
      </trkpt>
      <trkpt lat="8.992258" lon="-79.531725">
        <time>2026-09-09T10:50:02Z</time>
      </trkpt>
      <trkpt lat="8.992273" lon="-79.531734">
        <time>2026-09-09T10:50:03Z</time>
      </trkpt>
      <trkpt lat="8.992288" lon="-79.531742">
        <time>2026-09-09T10:50:04Z</time>
      </trkpt>
      <trkpt lat="8.992306" lon="-79.531747">
        <time>2026-09-09T10:50:05Z</time>
      </trkpt>
      <trkpt lat="8.992322" lon="-79.531755">
        <time>2026-09-09T10:50:06Z</time>
      </trkpt>
      <trkpt lat="8.992341" lon="-79.531764">
        <time>2026-09-09T10:50:07Z</time>
      </trkpt>
      <trkpt lat="8.992357" lon="-79.531769">
        <time>2026-09-09T10:50:08Z</time>
      </trkpt>
      <trkpt lat="8.992371" lon="-79.531773">
        <time>2026-09-09T10:50:09Z</time>
      </trkpt>
      <trkpt lat="8.992385" lon="-79.531781">
        <time>2026-09-09T10:50:10Z</time>
      </trkpt>
      <trkpt lat="8.992400" lon="-79.531789">
        <time>2026-09-09T10:50:11Z</time>
      </trkpt>
      <trkpt lat="8.992416" lon="-79.531794">
        <time>2026-09-09T10:50:12Z</time>
      </trkpt>
      <trkpt lat="8.992433" lon="-79.531800">
        <time>2026-09-09T10:50:13Z</time>
      </trkpt>
      <trkpt lat="8.992450" lon="-79.531805">
        <time>2026-09-09T10:50:14Z</time>
      </trkpt>
      <trkpt lat="8.992465" lon="-79.531812">
        <time>2026-09-09T10:50:15Z</time>
      </trkpt>
      <trkpt lat="8.992482" lon="-79.531819">
        <time>2026-09-09T10:50:16Z</time>
      </trkpt>
      <trkpt lat="8.992497" lon="-79.531824">
        <time>2026-09-09T10:50:17Z</time>
      </trkpt>
      <trkpt lat="8.992510" lon="-79.531829">
        <time>2026-09-09T10:50:18Z</time>
      </trkpt>
      <trkpt lat="8.992522" lon="-79.531837">
        <time>2026-09-09T10:50:19Z</time>
      </trkpt>
      <trkpt lat="8.992535" lon="-79.531842">
        <time>2026-09-09T10:50:20Z</time>
      </trkpt>
      <trkpt lat="8.992548" lon="-79.531849">
        <time>2026-09-09T10:50:21Z</time>
      </trkpt>
      <trkpt lat="8.992561" lon="-79.531859">
        <time>2026-09-09T10:50:22Z</time>
      </trkpt>
      <trkpt lat="8.992575" lon="-79.531865">
        <time>2026-09-09T10:50:23Z</time>
      </trkpt>
      <trkpt lat="8.992588" lon="-79.531874">
        <time>2026-09-09T10:50:24Z</time>
      </trkpt>
      <trkpt lat="8.992601" lon="-79.531884">
        <time>2026-09-09T10:50:25Z</time>
      </trkpt>
      <trkpt lat="8.992615" lon="-79.531896">
        <time>2026-09-09T10:50:26Z</time>
      </trkpt>
      <trkpt lat="8.992627" lon="-79.531906">
        <time>2026-09-09T10:50:27Z</time>
      </trkpt>
      <trkpt lat="8.992642" lon="-79.531918">
        <time>2026-09-09T10:50:28Z</time>
      </trkpt>
      <trkpt lat="8.992658" lon="-79.531928">
        <time>2026-09-09T10:50:29Z</time>
      </trkpt>
      <trkpt lat="8.992670" lon="-79.531938">
        <time>2026-09-09T10:50:30Z</time>
      </trkpt>
      <trkpt lat="8.992685" lon="-79.531953">
        <time>2026-09-09T10:50:31Z</time>
      </trkpt>
      <trkpt lat="8.992699" lon="-79.531968">
        <time>2026-09-09T10:50:32Z</time>
      </trkpt>
      <trkpt lat="8.992713" lon="-79.531982">
        <time>2026-09-09T10:50:33Z</time>
      </trkpt>
      <trkpt lat="8.992725" lon="-79.531994">
        <time>2026-09-09T10:50:34Z</time>
      </trkpt>
      <trkpt lat="8.992737" lon="-79.532010">
        <time>2026-09-09T10:50:35Z</time>
      </trkpt>
      <trkpt lat="8.992748" lon="-79.532017">
        <time>2026-09-09T10:50:36Z</time>
      </trkpt>
      <trkpt lat="8.992761" lon="-79.532024">
        <time>2026-09-09T10:50:37Z</time>
      </trkpt>
      <trkpt lat="8.992772" lon="-79.532033">
        <time>2026-09-09T10:50:38Z</time>
      </trkpt>
      <trkpt lat="8.992782" lon="-79.532043">
        <time>2026-09-09T10:50:39Z</time>
      </trkpt>
      <trkpt lat="8.992791" lon="-79.532049">
        <time>2026-09-09T10:50:40Z</time>
      </trkpt>
      <trkpt lat="8.992804" lon="-79.532059">
        <time>2026-09-09T10:50:41Z</time>
      </trkpt>
      <trkpt lat="8.992819" lon="-79.532072">
        <time>2026-09-09T10:50:42Z</time>
      </trkpt>
      <trkpt lat="8.992837" lon="-79.532085">
        <time>2026-09-09T10:50:43Z</time>
      </trkpt>
      <trkpt lat="8.992853" lon="-79.532096">
        <time>2026-09-09T10:50:44Z</time>
      </trkpt>
      <trkpt lat="8.992868" lon="-79.532110">
        <time>2026-09-09T10:50:45Z</time>
      </trkpt>
      <trkpt lat="8.992886" lon="-79.532122">
        <time>2026-09-09T10:50:46Z</time>
      </trkpt>
      <trkpt lat="8.992905" lon="-79.532134">
        <time>2026-09-09T10:50:47Z</time>
      </trkpt>
      <trkpt lat="8.992922" lon="-79.532149">
        <time>2026-09-09T10:50:48Z</time>
      </trkpt>
      <trkpt lat="8.992944" lon="-79.532164">
        <time>2026-09-09T10:50:49Z</time>
      </trkpt>
      <trkpt lat="8.992963" lon="-79.532177">
        <time>2026-09-09T10:50:50Z</time>
      </trkpt>
      <trkpt lat="8.992981" lon="-79.532194">
        <time>2026-09-09T10:50:51Z</time>
      </trkpt>
      <trkpt lat="8.993000" lon="-79.532212">
        <time>2026-09-09T10:50:52Z</time>
      </trkpt>
      <trkpt lat="8.993019" lon="-79.532228">
        <time>2026-09-09T10:50:53Z</time>
      </trkpt>
      <trkpt lat="8.993035" lon="-79.532242">
        <time>2026-09-09T10:50:54Z</time>
      </trkpt>
      <trkpt lat="8.993049" lon="-79.532259">
        <time>2026-09-09T10:50:55Z</time>
      </trkpt>
      <trkpt lat="8.993062" lon="-79.532277">
        <time>2026-09-09T10:50:56Z</time>
      </trkpt>
      <trkpt lat="8.993076" lon="-79.532295">
        <time>2026-09-09T10:50:57Z</time>
      </trkpt>
      <trkpt lat="8.993091" lon="-79.532313">
        <time>2026-09-09T10:50:58Z</time>
      </trkpt>
      <trkpt lat="8.993102" lon="-79.532329">
        <time>2026-09-09T10:50:59Z</time>
      </trkpt>
      <trkpt lat="8.993112" lon="-79.532343">
        <time>2026-09-09T10:51:00Z</time>
      </trkpt>
      <trkpt lat="8.993121" lon="-79.532361">
        <time>2026-09-09T10:51:01Z</time>
      </trkpt>
      <trkpt lat="8.993134" lon="-79.532380">
        <time>2026-09-09T10:51:02Z</time>
      </trkpt>
      <trkpt lat="8.993141" lon="-79.532398">
        <time>2026-09-09T10:51:03Z</time>
      </trkpt>
      <trkpt lat="8.993147" lon="-79.532417">
        <time>2026-09-09T10:51:04Z</time>
      </trkpt>
      <trkpt lat="8.993154" lon="-79.532440">
        <time>2026-09-09T10:51:05Z</time>
      </trkpt>
      <trkpt lat="8.993160" lon="-79.532460">
        <time>2026-09-09T10:51:06Z</time>
      </trkpt>
      <trkpt lat="8.993165" lon="-79.532478">
        <time>2026-09-09T10:51:07Z</time>
      </trkpt>
      <trkpt lat="8.993172" lon="-79.532499">
        <time>2026-09-09T10:51:08Z</time>
      </trkpt>
      <trkpt lat="8.993178" lon="-79.532523">
        <time>2026-09-09T10:51:09Z</time>
      </trkpt>
      <trkpt lat="8.993181" lon="-79.532544">
        <time>2026-09-09T10:51:10Z</time>
      </trkpt>
      <trkpt lat="8.993186" lon="-79.532563">
        <time>2026-09-09T10:51:11Z</time>
      </trkpt>
      <trkpt lat="8.993192" lon="-79.532585">
        <time>2026-09-09T10:51:12Z</time>
      </trkpt>
      <trkpt lat="8.993202" lon="-79.532605">
        <time>2026-09-09T10:51:13Z</time>
      </trkpt>
      <trkpt lat="8.993209" lon="-79.532622">
        <time>2026-09-09T10:51:14Z</time>
      </trkpt>
      <trkpt lat="8.993218" lon="-79.532639">
        <time>2026-09-09T10:51:15Z</time>
      </trkpt>
      <trkpt lat="8.993227" lon="-79.532660">
        <time>2026-09-09T10:51:16Z</time>
      </trkpt>
      <trkpt lat="8.993234" lon="-79.532679">
        <time>2026-09-09T10:51:17Z</time>
      </trkpt>
      <trkpt lat="8.993239" lon="-79.532699">
        <time>2026-09-09T10:51:18Z</time>
      </trkpt>
      <trkpt lat="8.993244" lon="-79.532721">
        <time>2026-09-09T10:51:19Z</time>
      </trkpt>
      <trkpt lat="8.993248" lon="-79.532744">
        <time>2026-09-09T10:51:20Z</time>
      </trkpt>
      <trkpt lat="8.993250" lon="-79.532765">
        <time>2026-09-09T10:51:21Z</time>
      </trkpt>
      <trkpt lat="8.993251" lon="-79.532784">
        <time>2026-09-09T10:51:22Z</time>
      </trkpt>
      <trkpt lat="8.993255" lon="-79.532809">
        <time>2026-09-09T10:51:23Z</time>
      </trkpt>
      <trkpt lat="8.993252" lon="-79.532830">
        <time>2026-09-09T10:51:24Z</time>
      </trkpt>
      <trkpt lat="8.993250" lon="-79.532852">
        <time>2026-09-09T10:51:25Z</time>
      </trkpt>
      <trkpt lat="8.993248" lon="-79.532877">
        <time>2026-09-09T10:51:26Z</time>
      </trkpt>
      <trkpt lat="8.993244" lon="-79.532902">
        <time>2026-09-09T10:51:27Z</time>
      </trkpt>
      <trkpt lat="8.993240" lon="-79.532924">
        <time>2026-09-09T10:51:28Z</time>
      </trkpt>
      <trkpt lat="8.993235" lon="-79.532950">
        <time>2026-09-09T10:51:29Z</time>
      </trkpt>
      <trkpt lat="8.993230" lon="-79.532976">
        <time>2026-09-09T10:51:30Z</time>
      </trkpt>
      <trkpt lat="8.993223" lon="-79.533001">
        <time>2026-09-09T10:51:31Z</time>
      </trkpt>
      <trkpt lat="8.993219" lon="-79.533031">
        <time>2026-09-09T10:51:32Z</time>
      </trkpt>
      <trkpt lat="8.993212" lon="-79.533061">
        <time>2026-09-09T10:51:33Z</time>
      </trkpt>
      <trkpt lat="8.993206" lon="-79.533088">
        <time>2026-09-09T10:51:34Z</time>
      </trkpt>
      <trkpt lat="8.993201" lon="-79.533117">
        <time>2026-09-09T10:51:35Z</time>
      </trkpt>
      <trkpt lat="8.993195" lon="-79.533145">
        <time>2026-09-09T10:51:36Z</time>
      </trkpt>
      <trkpt lat="8.993185" lon="-79.533172">
        <time>2026-09-09T10:51:37Z</time>
      </trkpt>
      <trkpt lat="8.993175" lon="-79.533204">
        <time>2026-09-09T10:51:38Z</time>
      </trkpt>
      <trkpt lat="8.993166" lon="-79.533233">
        <time>2026-09-09T10:51:39Z</time>
      </trkpt>
      <trkpt lat="8.993157" lon="-79.533261">
        <time>2026-09-09T10:51:40Z</time>
      </trkpt>
      <trkpt lat="8.993148" lon="-79.533294">
        <time>2026-09-09T10:51:41Z</time>
      </trkpt>
      <trkpt lat="8.993142" lon="-79.533322">
        <time>2026-09-09T10:51:42Z</time>
      </trkpt>
      <trkpt lat="8.993136" lon="-79.533351">
        <time>2026-09-09T10:51:43Z</time>
      </trkpt>
      <trkpt lat="8.993126" lon="-79.533385">
        <time>2026-09-09T10:51:44Z</time>
      </trkpt>
      <trkpt lat="8.993115" lon="-79.533414">
        <time>2026-09-09T10:51:45Z</time>
      </trkpt>
      <trkpt lat="8.993106" lon="-79.533443">
        <time>2026-09-09T10:51:46Z</time>
      </trkpt>
      <trkpt lat="8.993096" lon="-79.533474">
        <time>2026-09-09T10:51:47Z</time>
      </trkpt>
      <trkpt lat="8.993085" lon="-79.533502">
        <time>2026-09-09T10:51:48Z</time>
      </trkpt>
      <trkpt lat="8.993075" lon="-79.533533">
        <time>2026-09-09T10:51:49Z</time>
      </trkpt>
      <trkpt lat="8.993065" lon="-79.533565">
        <time>2026-09-09T10:51:50Z</time>
      </trkpt>
      <trkpt lat="8.993056" lon="-79.533598">
        <time>2026-09-09T10:51:51Z</time>
      </trkpt>
      <trkpt lat="8.993045" lon="-79.533637">
        <time>2026-09-09T10:51:52Z</time>
      </trkpt>
      <trkpt lat="8.993039" lon="-79.533670">
        <time>2026-09-09T10:51:53Z</time>
      </trkpt>
      <trkpt lat="8.993032" lon="-79.533702">
        <time>2026-09-09T10:51:54Z</time>
      </trkpt>
      <trkpt lat="8.993025" lon="-79.533736">
        <time>2026-09-09T10:51:55Z</time>
      </trkpt>
      <trkpt lat="8.993018" lon="-79.533766">
        <time>2026-09-09T10:51:56Z</time>
      </trkpt>
      <trkpt lat="8.993011" lon="-79.533798">
        <time>2026-09-09T10:51:57Z</time>
      </trkpt>
      <trkpt lat="8.993003" lon="-79.533830">
        <time>2026-09-09T10:51:58Z</time>
      </trkpt>
      <trkpt lat="8.992998" lon="-79.533859">
        <time>2026-09-09T10:51:59Z</time>
      </trkpt>
      <trkpt lat="8.992992" lon="-79.533894">
        <time>2026-09-09T10:52:00Z</time>
      </trkpt>
      <trkpt lat="8.992986" lon="-79.533927">
        <time>2026-09-09T10:52:01Z</time>
      </trkpt>
      <trkpt lat="8.992980" lon="-79.533958">
        <time>2026-09-09T10:52:02Z</time>
      </trkpt>
      <trkpt lat="8.992980" lon="-79.533989">
        <time>2026-09-09T10:52:03Z</time>
      </trkpt>
      <trkpt lat="8.992981" lon="-79.534012">
        <time>2026-09-09T10:52:04Z</time>
      </trkpt>
      <trkpt lat="8.992984" lon="-79.534028">
        <time>2026-09-09T10:52:05Z</time>
      </trkpt>
      <trkpt lat="8.992989" lon="-79.534039">
        <time>2026-09-09T10:52:06Z</time>
      </trkpt>
      <trkpt lat="8.992990" lon="-79.534048">
        <time>2026-09-09T10:52:07Z</time>
      </trkpt>
      <trkpt lat="8.992990" lon="-79.534056">
        <time>2026-09-09T10:52:08Z</time>
      </trkpt>
      <trkpt lat="8.992992" lon="-79.534067">
        <time>2026-09-09T10:52:09Z</time>
      </trkpt>
      <trkpt lat="8.992995" lon="-79.534085">
        <time>2026-09-09T10:52:10Z</time>
      </trkpt>
      <trkpt lat="8.993001" lon="-79.534104">
        <time>2026-09-09T10:52:11Z</time>
      </trkpt>
      <trkpt lat="8.993009" lon="-79.534123">
        <time>2026-09-09T10:52:12Z</time>
      </trkpt>
      <trkpt lat="8.993018" lon="-79.534140">
        <time>2026-09-09T10:52:13Z</time>
      </trkpt>
      <trkpt lat="8.993025" lon="-79.534159">
        <time>2026-09-09T10:52:14Z</time>
      </trkpt>
      <trkpt lat="8.993026" lon="-79.534170">
        <time>2026-09-09T10:52:15Z</time>
      </trkpt>
      <trkpt lat="8.993026" lon="-79.534176">
        <time>2026-09-09T10:52:16Z</time>
      </trkpt>
      <trkpt lat="8.993030" lon="-79.534189">
        <time>2026-09-09T10:52:17Z</time>
      </trkpt>
      <trkpt lat="8.993036" lon="-79.534208">
        <time>2026-09-09T10:52:18Z</time>
      </trkpt>
      <trkpt lat="8.993038" lon="-79.534230">
        <time>2026-09-09T10:52:19Z</time>
      </trkpt>
      <trkpt lat="8.993043" lon="-79.534250">
        <time>2026-09-09T10:52:20Z</time>
      </trkpt>
      <trkpt lat="8.993053" lon="-79.534273">
        <time>2026-09-09T10:52:21Z</time>
      </trkpt>
      <trkpt lat="8.993063" lon="-79.534295">
        <time>2026-09-09T10:52:22Z</time>
      </trkpt>
      <trkpt lat="8.993074" lon="-79.534316">
        <time>2026-09-09T10:52:23Z</time>
      </trkpt>
      <trkpt lat="8.993086" lon="-79.534336">
        <time>2026-09-09T10:52:24Z</time>
      </trkpt>
      <trkpt lat="8.993097" lon="-79.534356">
        <time>2026-09-09T10:52:25Z</time>
      </trkpt>
      <trkpt lat="8.993109" lon="-79.534372">
        <time>2026-09-09T10:52:26Z</time>
      </trkpt>
      <trkpt lat="8.993116" lon="-79.534388">
        <time>2026-09-09T10:52:27Z</time>
      </trkpt>
      <trkpt lat="8.993118" lon="-79.534410">
        <time>2026-09-09T10:52:28Z</time>
      </trkpt>
      <trkpt lat="8.993116" lon="-79.534434">
        <time>2026-09-09T10:52:29Z</time>
      </trkpt>
      <trkpt lat="8.993115" lon="-79.534455">
        <time>2026-09-09T10:52:30Z</time>
      </trkpt>
      <trkpt lat="8.993113" lon="-79.534481">
        <time>2026-09-09T10:52:31Z</time>
      </trkpt>
      <trkpt lat="8.993114" lon="-79.534507">
        <time>2026-09-09T10:52:32Z</time>
      </trkpt>
      <trkpt lat="8.993117" lon="-79.534532">
        <time>2026-09-09T10:52:33Z</time>
      </trkpt>
      <trkpt lat="8.993116" lon="-79.534557">
        <time>2026-09-09T10:52:34Z</time>
      </trkpt>
      <trkpt lat="8.993116" lon="-79.534582">
        <time>2026-09-09T10:52:35Z</time>
      </trkpt>
      <trkpt lat="8.993118" lon="-79.534605">
        <time>2026-09-09T10:52:36Z</time>
      </trkpt>
      <trkpt lat="8.993123" lon="-79.534631">
        <time>2026-09-09T10:52:37Z</time>
      </trkpt>
      <trkpt lat="8.993125" lon="-79.534659">
        <time>2026-09-09T10:52:38Z</time>
      </trkpt>
      <trkpt lat="8.993127" lon="-79.534686">
        <time>2026-09-09T10:52:39Z</time>
      </trkpt>
      <trkpt lat="8.993126" lon="-79.534713">
        <time>2026-09-09T10:52:40Z</time>
      </trkpt>
      <trkpt lat="8.993126" lon="-79.534740">
        <time>2026-09-09T10:52:41Z</time>
      </trkpt>
      <trkpt lat="8.993126" lon="-79.534765">
        <time>2026-09-09T10:52:42Z</time>
      </trkpt>
      <trkpt lat="8.993125" lon="-79.534790">
        <time>2026-09-09T10:52:43Z</time>
      </trkpt>
      <trkpt lat="8.993127" lon="-79.534817">
        <time>2026-09-09T10:52:44Z</time>
      </trkpt>
      <trkpt lat="8.993129" lon="-79.534846">
        <time>2026-09-09T10:52:45Z</time>
      </trkpt>
      <trkpt lat="8.993128" lon="-79.534871">
        <time>2026-09-09T10:52:46Z</time>
      </trkpt>
      <trkpt lat="8.993131" lon="-79.534895">
        <time>2026-09-09T10:52:47Z</time>
      </trkpt>
      <trkpt lat="8.993135" lon="-79.534920">
        <time>2026-09-09T10:52:48Z</time>
      </trkpt>
      <trkpt lat="8.993135" lon="-79.534943">
        <time>2026-09-09T10:52:49Z</time>
      </trkpt>
      <trkpt lat="8.993134" lon="-79.534963">
        <time>2026-09-09T10:52:50Z</time>
      </trkpt>
      <trkpt lat="8.993138" lon="-79.534986">
        <time>2026-09-09T10:52:51Z</time>
      </trkpt>
      <trkpt lat="8.993141" lon="-79.535005">
        <time>2026-09-09T10:52:52Z</time>
      </trkpt>
      <trkpt lat="8.993143" lon="-79.535025">
        <time>2026-09-09T10:52:53Z</time>
      </trkpt>
      <trkpt lat="8.993145" lon="-79.535043">
        <time>2026-09-09T10:52:54Z</time>
      </trkpt>
      <trkpt lat="8.993146" lon="-79.535061">
        <time>2026-09-09T10:52:55Z</time>
      </trkpt>
      <trkpt lat="8.993149" lon="-79.535083">
        <time>2026-09-09T10:52:56Z</time>
      </trkpt>
      <trkpt lat="8.993154" lon="-79.535109">
        <time>2026-09-09T10:52:57Z</time>
      </trkpt>
      <trkpt lat="8.993158" lon="-79.535136">
        <time>2026-09-09T10:52:58Z</time>
      </trkpt>
      <trkpt lat="8.993160" lon="-79.535164">
        <time>2026-09-09T10:52:59Z</time>
      </trkpt>
      <trkpt lat="8.993162" lon="-79.535193">
        <time>2026-09-09T10:53:00Z</time>
      </trkpt>
      <trkpt lat="8.993165" lon="-79.535220">
        <time>2026-09-09T10:53:01Z</time>
      </trkpt>
      <trkpt lat="8.993167" lon="-79.535245">
        <time>2026-09-09T10:53:02Z</time>
      </trkpt>
      <trkpt lat="8.993170" lon="-79.535271">
        <time>2026-09-09T10:53:03Z</time>
      </trkpt>
      <trkpt lat="8.993177" lon="-79.535293">
        <time>2026-09-09T10:53:04Z</time>
      </trkpt>
      <trkpt lat="8.993181" lon="-79.535318">
        <time>2026-09-09T10:53:05Z</time>
      </trkpt>
      <trkpt lat="8.993184" lon="-79.535341">
        <time>2026-09-09T10:53:06Z</time>
      </trkpt>
      <trkpt lat="8.993188" lon="-79.535363">
        <time>2026-09-09T10:53:07Z</time>
      </trkpt>
      <trkpt lat="8.993188" lon="-79.535384">
        <time>2026-09-09T10:53:08Z</time>
      </trkpt>
      <trkpt lat="8.993190" lon="-79.535407">
        <time>2026-09-09T10:53:09Z</time>
      </trkpt>
      <trkpt lat="8.993194" lon="-79.535432">
        <time>2026-09-09T10:53:10Z</time>
      </trkpt>
      <trkpt lat="8.993195" lon="-79.535457">
        <time>2026-09-09T10:53:11Z</time>
      </trkpt>
      <trkpt lat="8.993197" lon="-79.535486">
        <time>2026-09-09T10:53:12Z</time>
      </trkpt>
      <trkpt lat="8.993197" lon="-79.535520">
        <time>2026-09-09T10:53:13Z</time>
      </trkpt>
      <trkpt lat="8.993195" lon="-79.535549">
        <time>2026-09-09T10:53:14Z</time>
      </trkpt>
      <trkpt lat="8.993192" lon="-79.535578">
        <time>2026-09-09T10:53:15Z</time>
      </trkpt>
      <trkpt lat="8.993192" lon="-79.535604">
        <time>2026-09-09T10:53:16Z</time>
      </trkpt>
      <trkpt lat="8.993191" lon="-79.535630">
        <time>2026-09-09T10:53:17Z</time>
      </trkpt>
      <trkpt lat="8.993194" lon="-79.535657">
        <time>2026-09-09T10:53:18Z</time>
      </trkpt>
      <trkpt lat="8.993199" lon="-79.535685">
        <time>2026-09-09T10:53:19Z</time>
      </trkpt>
      <trkpt lat="8.993200" lon="-79.535710">
        <time>2026-09-09T10:53:20Z</time>
      </trkpt>
      <trkpt lat="8.993202" lon="-79.535736">
        <time>2026-09-09T10:53:21Z</time>
      </trkpt>
      <trkpt lat="8.993208" lon="-79.535764">
        <time>2026-09-09T10:53:22Z</time>
      </trkpt>
      <trkpt lat="8.993207" lon="-79.535790">
        <time>2026-09-09T10:53:23Z</time>
      </trkpt>
      <trkpt lat="8.993204" lon="-79.535815">
        <time>2026-09-09T10:53:24Z</time>
      </trkpt>
      <trkpt lat="8.993204" lon="-79.535848">
        <time>2026-09-09T10:53:25Z</time>
      </trkpt>
      <trkpt lat="8.993207" lon="-79.535879">
        <time>2026-09-09T10:53:26Z</time>
      </trkpt>
      <trkpt lat="8.993210" lon="-79.535908">
        <time>2026-09-09T10:53:27Z</time>
      </trkpt>
      <trkpt lat="8.993211" lon="-79.535940">
        <time>2026-09-09T10:53:28Z</time>
      </trkpt>
      <trkpt lat="8.993215" lon="-79.535970">
        <time>2026-09-09T10:53:29Z</time>
      </trkpt>
      <trkpt lat="8.993218" lon="-79.535998">
        <time>2026-09-09T10:53:30Z</time>
      </trkpt>
      <trkpt lat="8.993221" lon="-79.536025">
        <time>2026-09-09T10:53:31Z</time>
      </trkpt>
      <trkpt lat="8.993225" lon="-79.536055">
        <time>2026-09-09T10:53:32Z</time>
      </trkpt>
      <trkpt lat="8.993228" lon="-79.536084">
        <time>2026-09-09T10:53:33Z</time>
      </trkpt>
      <trkpt lat="8.993233" lon="-79.536113">
        <time>2026-09-09T10:53:34Z</time>
      </trkpt>
      <trkpt lat="8.993234" lon="-79.536145">
        <time>2026-09-09T10:53:35Z</time>
      </trkpt>
      <trkpt lat="8.993237" lon="-79.536175">
        <time>2026-09-09T10:53:36Z</time>
      </trkpt>
      <trkpt lat="8.993243" lon="-79.536204">
        <time>2026-09-09T10:53:37Z</time>
      </trkpt>
      <trkpt lat="8.993248" lon="-79.536235">
        <time>2026-09-09T10:53:38Z</time>
      </trkpt>
      <trkpt lat="8.993249" lon="-79.536263">
        <time>2026-09-09T10:53:39Z</time>
      </trkpt>
      <trkpt lat="8.993251" lon="-79.536290">
        <time>2026-09-09T10:53:40Z</time>
      </trkpt>
      <trkpt lat="8.993253" lon="-79.536313">
        <time>2026-09-09T10:53:41Z</time>
      </trkpt>
      <trkpt lat="8.993253" lon="-79.536339">
        <time>2026-09-09T10:53:42Z</time>
      </trkpt>
      <trkpt lat="8.993251" lon="-79.536363">
        <time>2026-09-09T10:53:43Z</time>
      </trkpt>
      <trkpt lat="8.993248" lon="-79.536382">
        <time>2026-09-09T10:53:44Z</time>
      </trkpt>
      <trkpt lat="8.993242" lon="-79.536398">
        <time>2026-09-09T10:53:45Z</time>
      </trkpt>
      <trkpt lat="8.993235" lon="-79.536420">
        <time>2026-09-09T10:53:46Z</time>
      </trkpt>
      <trkpt lat="8.993229" lon="-79.536447">
        <time>2026-09-09T10:53:47Z</time>
      </trkpt>
      <trkpt lat="8.993228" lon="-79.536471">
        <time>2026-09-09T10:53:48Z</time>
      </trkpt>
      <trkpt lat="8.993226" lon="-79.536501">
        <time>2026-09-09T10:53:49Z</time>
      </trkpt>
      <trkpt lat="8.993226" lon="-79.536530">
        <time>2026-09-09T10:53:50Z</time>
      </trkpt>
      <trkpt lat="8.993228" lon="-79.536559">
        <time>2026-09-09T10:53:51Z</time>
      </trkpt>
      <trkpt lat="8.993227" lon="-79.536586">
        <time>2026-09-09T10:53:52Z</time>
      </trkpt>
      <trkpt lat="8.993229" lon="-79.536616">
        <time>2026-09-09T10:53:53Z</time>
      </trkpt>
      <trkpt lat="8.993230" lon="-79.536645">
        <time>2026-09-09T10:53:54Z</time>
      </trkpt>
      <trkpt lat="8.993231" lon="-79.536672">
        <time>2026-09-09T10:53:55Z</time>
      </trkpt>
      <trkpt lat="8.993225" lon="-79.536697">
        <time>2026-09-09T10:53:56Z</time>
      </trkpt>
      <trkpt lat="8.993222" lon="-79.536723">
        <time>2026-09-09T10:53:57Z</time>
      </trkpt>
      <trkpt lat="8.993221" lon="-79.536747">
        <time>2026-09-09T10:53:58Z</time>
      </trkpt>
      <trkpt lat="8.993222" lon="-79.536770">
        <time>2026-09-09T10:53:59Z</time>
      </trkpt>
      <trkpt lat="8.993222" lon="-79.536794">
        <time>2026-09-09T10:54:00Z</time>
      </trkpt>
      <trkpt lat="8.993221" lon="-79.536817">
        <time>2026-09-09T10:54:01Z</time>
      </trkpt>
      <trkpt lat="8.993220" lon="-79.536841">
        <time>2026-09-09T10:54:02Z</time>
      </trkpt>
      <trkpt lat="8.993220" lon="-79.536868">
        <time>2026-09-09T10:54:03Z</time>
      </trkpt>
      <trkpt lat="8.993221" lon="-79.536895">
        <time>2026-09-09T10:54:04Z</time>
      </trkpt>
      <trkpt lat="8.993218" lon="-79.536922">
        <time>2026-09-09T10:54:05Z</time>
      </trkpt>
      <trkpt lat="8.993215" lon="-79.536947">
        <time>2026-09-09T10:54:06Z</time>
      </trkpt>
      <trkpt lat="8.993215" lon="-79.536972">
        <time>2026-09-09T10:54:07Z</time>
      </trkpt>
      <trkpt lat="8.993212" lon="-79.537000">
        <time>2026-09-09T10:54:08Z</time>
      </trkpt>
      <trkpt lat="8.993211" lon="-79.537027">
        <time>2026-09-09T10:54:09Z</time>
      </trkpt>
      <trkpt lat="8.993209" lon="-79.537053">
        <time>2026-09-09T10:54:10Z</time>
      </trkpt>
      <trkpt lat="8.993205" lon="-79.537074">
        <time>2026-09-09T10:54:11Z</time>
      </trkpt>
      <trkpt lat="8.993203" lon="-79.537098">
        <time>2026-09-09T10:54:12Z</time>
      </trkpt>
      <trkpt lat="8.993202" lon="-79.537124">
        <time>2026-09-09T10:54:13Z</time>
      </trkpt>
      <trkpt lat="8.993197" lon="-79.537147">
        <time>2026-09-09T10:54:14Z</time>
      </trkpt>
      <trkpt lat="8.993190" lon="-79.537173">
        <time>2026-09-09T10:54:15Z</time>
      </trkpt>
      <trkpt lat="8.993183" lon="-79.537199">
        <time>2026-09-09T10:54:16Z</time>
      </trkpt>
      <trkpt lat="8.993176" lon="-79.537222">
        <time>2026-09-09T10:54:17Z</time>
      </trkpt>
      <trkpt lat="8.993166" lon="-79.537243">
        <time>2026-09-09T10:54:18Z</time>
      </trkpt>
      <trkpt lat="8.993156" lon="-79.537265">
        <time>2026-09-09T10:54:19Z</time>
      </trkpt>
      <trkpt lat="8.993146" lon="-79.537289">
        <time>2026-09-09T10:54:20Z</time>
      </trkpt>
      <trkpt lat="8.993134" lon="-79.537310">
        <time>2026-09-09T10:54:21Z</time>
      </trkpt>
      <trkpt lat="8.993122" lon="-79.537331">
        <time>2026-09-09T10:54:22Z</time>
      </trkpt>
      <trkpt lat="8.993108" lon="-79.537350">
        <time>2026-09-09T10:54:23Z</time>
      </trkpt>
      <trkpt lat="8.993095" lon="-79.537371">
        <time>2026-09-09T10:54:24Z</time>
      </trkpt>
      <trkpt lat="8.993083" lon="-79.537394">
        <time>2026-09-09T10:54:25Z</time>
      </trkpt>
      <trkpt lat="8.993071" lon="-79.537413">
        <time>2026-09-09T10:54:26Z</time>
      </trkpt>
      <trkpt lat="8.993057" lon="-79.537434">
        <time>2026-09-09T10:54:27Z</time>
      </trkpt>
      <trkpt lat="8.993042" lon="-79.537454">
        <time>2026-09-09T10:54:28Z</time>
      </trkpt>
      <trkpt lat="8.993027" lon="-79.537477">
        <time>2026-09-09T10:54:29Z</time>
      </trkpt>
      <trkpt lat="8.993012" lon="-79.537501">
        <time>2026-09-09T10:54:30Z</time>
      </trkpt>
      <trkpt lat="8.993001" lon="-79.537522">
        <time>2026-09-09T10:54:31Z</time>
      </trkpt>
      <trkpt lat="8.992989" lon="-79.537541">
        <time>2026-09-09T10:54:32Z</time>
      </trkpt>
      <trkpt lat="8.992977" lon="-79.537561">
        <time>2026-09-09T10:54:33Z</time>
      </trkpt>
      <trkpt lat="8.992963" lon="-79.537581">
        <time>2026-09-09T10:54:34Z</time>
      </trkpt>
      <trkpt lat="8.992946" lon="-79.537597">
        <time>2026-09-09T10:54:35Z</time>
      </trkpt>
      <trkpt lat="8.992928" lon="-79.537615">
        <time>2026-09-09T10:54:36Z</time>
      </trkpt>
      <trkpt lat="8.992915" lon="-79.537639">
        <time>2026-09-09T10:54:37Z</time>
      </trkpt>
      <trkpt lat="8.992903" lon="-79.537669">
        <time>2026-09-09T10:54:38Z</time>
      </trkpt>
      <trkpt lat="8.992890" lon="-79.537693">
        <time>2026-09-09T10:54:39Z</time>
      </trkpt>
      <trkpt lat="8.992880" lon="-79.537714">
        <time>2026-09-09T10:54:40Z</time>
      </trkpt>
      <trkpt lat="8.992868" lon="-79.537735">
        <time>2026-09-09T10:54:41Z</time>
      </trkpt>
      <trkpt lat="8.992856" lon="-79.537755">
        <time>2026-09-09T10:54:42Z</time>
      </trkpt>
      <trkpt lat="8.992844" lon="-79.537773">
        <time>2026-09-09T10:54:43Z</time>
      </trkpt>
      <trkpt lat="8.992831" lon="-79.537793">
        <time>2026-09-09T10:54:44Z</time>
      </trkpt>
      <trkpt lat="8.992814" lon="-79.537812">
        <time>2026-09-09T10:54:45Z</time>
      </trkpt>
      <trkpt lat="8.992796" lon="-79.537832">
        <time>2026-09-09T10:54:46Z</time>
      </trkpt>
      <trkpt lat="8.992775" lon="-79.537852">
        <time>2026-09-09T10:54:47Z</time>
      </trkpt>
      <trkpt lat="8.992757" lon="-79.537873">
        <time>2026-09-09T10:54:48Z</time>
      </trkpt>
      <trkpt lat="8.992737" lon="-79.537894">
        <time>2026-09-09T10:54:49Z</time>
      </trkpt>
      <trkpt lat="8.992715" lon="-79.537912">
        <time>2026-09-09T10:54:50Z</time>
      </trkpt>
      <trkpt lat="8.992695" lon="-79.537930">
        <time>2026-09-09T10:54:51Z</time>
      </trkpt>
      <trkpt lat="8.992675" lon="-79.537948">
        <time>2026-09-09T10:54:52Z</time>
      </trkpt>
      <trkpt lat="8.992655" lon="-79.537964">
        <time>2026-09-09T10:54:53Z</time>
      </trkpt>
      <trkpt lat="8.992638" lon="-79.537979">
        <time>2026-09-09T10:54:54Z</time>
      </trkpt>
      <trkpt lat="8.992619" lon="-79.537995">
        <time>2026-09-09T10:54:55Z</time>
      </trkpt>
      <trkpt lat="8.992599" lon="-79.538009">
        <time>2026-09-09T10:54:56Z</time>
      </trkpt>
      <trkpt lat="8.992578" lon="-79.538024">
        <time>2026-09-09T10:54:57Z</time>
      </trkpt>
      <trkpt lat="8.992557" lon="-79.538040">
        <time>2026-09-09T10:54:58Z</time>
      </trkpt>
      <trkpt lat="8.992536" lon="-79.538056">
        <time>2026-09-09T10:54:59Z</time>
      </trkpt>
      <trkpt lat="8.992518" lon="-79.538070">
        <time>2026-09-09T10:55:00Z</time>
      </trkpt>
      <trkpt lat="8.992499" lon="-79.538086">
        <time>2026-09-09T10:55:01Z</time>
      </trkpt>
      <trkpt lat="8.992475" lon="-79.538101">
        <time>2026-09-09T10:55:02Z</time>
      </trkpt>
      <trkpt lat="8.992455" lon="-79.538126">
        <time>2026-09-09T10:55:03Z</time>
      </trkpt>
      <trkpt lat="8.992438" lon="-79.538151">
        <time>2026-09-09T10:55:04Z</time>
      </trkpt>
      <trkpt lat="8.992422" lon="-79.538169">
        <time>2026-09-09T10:55:05Z</time>
      </trkpt>
      <trkpt lat="8.992406" lon="-79.538188">
        <time>2026-09-09T10:55:06Z</time>
      </trkpt>
      <trkpt lat="8.992390" lon="-79.538209">
        <time>2026-09-09T10:55:07Z</time>
      </trkpt>
      <trkpt lat="8.992368" lon="-79.538228">
        <time>2026-09-09T10:55:08Z</time>
      </trkpt>
      <trkpt lat="8.992349" lon="-79.538249">
        <time>2026-09-09T10:55:09Z</time>
      </trkpt>
      <trkpt lat="8.992333" lon="-79.538276">
        <time>2026-09-09T10:55:10Z</time>
      </trkpt>
      <trkpt lat="8.992324" lon="-79.538308">
        <time>2026-09-09T10:55:11Z</time>
      </trkpt>
      <trkpt lat="8.992322" lon="-79.538336">
        <time>2026-09-09T10:55:12Z</time>
      </trkpt>
      <trkpt lat="8.992322" lon="-79.538368">
        <time>2026-09-09T10:55:13Z</time>
      </trkpt>
      <trkpt lat="8.992326" lon="-79.538398">
        <time>2026-09-09T10:55:14Z</time>
      </trkpt>
      <trkpt lat="8.992332" lon="-79.538424">
        <time>2026-09-09T10:55:15Z</time>
      </trkpt>
      <trkpt lat="8.992344" lon="-79.538453">
        <time>2026-09-09T10:55:16Z</time>
      </trkpt>
      <trkpt lat="8.992359" lon="-79.538475">
        <time>2026-09-09T10:55:17Z</time>
      </trkpt>
      <trkpt lat="8.992377" lon="-79.538499">
        <time>2026-09-09T10:55:18Z</time>
      </trkpt>
      <trkpt lat="8.992393" lon="-79.538522">
        <time>2026-09-09T10:55:19Z</time>
      </trkpt>
      <trkpt lat="8.992408" lon="-79.538543">
        <time>2026-09-09T10:55:20Z</time>
      </trkpt>
      <trkpt lat="8.992427" lon="-79.538562">
        <time>2026-09-09T10:55:21Z</time>
      </trkpt>
      <trkpt lat="8.992445" lon="-79.538581">
        <time>2026-09-09T10:55:22Z</time>
      </trkpt>
      <trkpt lat="8.992460" lon="-79.538599">
        <time>2026-09-09T10:55:23Z</time>
      </trkpt>
      <trkpt lat="8.992477" lon="-79.538617">
        <time>2026-09-09T10:55:24Z</time>
      </trkpt>
      <trkpt lat="8.992495" lon="-79.538633">
        <time>2026-09-09T10:55:25Z</time>
      </trkpt>
      <trkpt lat="8.992515" lon="-79.538652">
        <time>2026-09-09T10:55:26Z</time>
      </trkpt>
      <trkpt lat="8.992535" lon="-79.538670">
        <time>2026-09-09T10:55:27Z</time>
      </trkpt>
      <trkpt lat="8.992553" lon="-79.538686">
        <time>2026-09-09T10:55:28Z</time>
      </trkpt>
      <trkpt lat="8.992571" lon="-79.538701">
        <time>2026-09-09T10:55:29Z</time>
      </trkpt>
      <trkpt lat="8.992590" lon="-79.538714">
        <time>2026-09-09T10:55:30Z</time>
      </trkpt>
      <trkpt lat="8.992609" lon="-79.538729">
        <time>2026-09-09T10:55:31Z</time>
      </trkpt>
      <trkpt lat="8.992628" lon="-79.538745">
        <time>2026-09-09T10:55:32Z</time>
      </trkpt>
      <trkpt lat="8.992643" lon="-79.538760">
        <time>2026-09-09T10:55:33Z</time>
      </trkpt>
      <trkpt lat="8.992662" lon="-79.538777">
        <time>2026-09-09T10:55:34Z</time>
      </trkpt>
      <trkpt lat="8.992682" lon="-79.538792">
        <time>2026-09-09T10:55:35Z</time>
      </trkpt>
      <trkpt lat="8.992703" lon="-79.538806">
        <time>2026-09-09T10:55:36Z</time>
      </trkpt>
      <trkpt lat="8.992724" lon="-79.538822">
        <time>2026-09-09T10:55:37Z</time>
      </trkpt>
      <trkpt lat="8.992747" lon="-79.538838">
        <time>2026-09-09T10:55:38Z</time>
      </trkpt>
      <trkpt lat="8.992770" lon="-79.538851">
        <time>2026-09-09T10:55:39Z</time>
      </trkpt>
      <trkpt lat="8.992795" lon="-79.538865">
        <time>2026-09-09T10:55:40Z</time>
      </trkpt>
      <trkpt lat="8.992824" lon="-79.538879">
        <time>2026-09-09T10:55:41Z</time>
      </trkpt>
      <trkpt lat="8.992849" lon="-79.538893">
        <time>2026-09-09T10:55:42Z</time>
      </trkpt>
      <trkpt lat="8.992869" lon="-79.538906">
        <time>2026-09-09T10:55:43Z</time>
      </trkpt>
      <trkpt lat="8.992887" lon="-79.538920">
        <time>2026-09-09T10:55:44Z</time>
      </trkpt>
      <trkpt lat="8.992906" lon="-79.538937">
        <time>2026-09-09T10:55:45Z</time>
      </trkpt>
      <trkpt lat="8.992923" lon="-79.538952">
        <time>2026-09-09T10:55:46Z</time>
      </trkpt>
      <trkpt lat="8.992947" lon="-79.538965">
        <time>2026-09-09T10:55:47Z</time>
      </trkpt>
      <trkpt lat="8.992966" lon="-79.538978">
        <time>2026-09-09T10:55:48Z</time>
      </trkpt>
      <trkpt lat="8.992987" lon="-79.538993">
        <time>2026-09-09T10:55:49Z</time>
      </trkpt>
      <trkpt lat="8.993010" lon="-79.539010">
        <time>2026-09-09T10:55:50Z</time>
      </trkpt>
      <trkpt lat="8.993032" lon="-79.539023">
        <time>2026-09-09T10:55:51Z</time>
      </trkpt>
      <trkpt lat="8.993055" lon="-79.539033">
        <time>2026-09-09T10:55:52Z</time>
      </trkpt>
      <trkpt lat="8.993078" lon="-79.539045">
        <time>2026-09-09T10:55:53Z</time>
      </trkpt>
      <trkpt lat="8.993102" lon="-79.539058">
        <time>2026-09-09T10:55:54Z</time>
      </trkpt>
      <trkpt lat="8.993129" lon="-79.539071">
        <time>2026-09-09T10:55:55Z</time>
      </trkpt>
      <trkpt lat="8.993153" lon="-79.539081">
        <time>2026-09-09T10:55:56Z</time>
      </trkpt>
      <trkpt lat="8.993175" lon="-79.539090">
        <time>2026-09-09T10:55:57Z</time>
      </trkpt>
      <trkpt lat="8.993195" lon="-79.539101">
        <time>2026-09-09T10:55:58Z</time>
      </trkpt>
      <trkpt lat="8.993217" lon="-79.539115">
        <time>2026-09-09T10:55:59Z</time>
      </trkpt>
      <trkpt lat="8.993241" lon="-79.539127">
        <time>2026-09-09T10:56:00Z</time>
      </trkpt>
      <trkpt lat="8.993264" lon="-79.539138">
        <time>2026-09-09T10:56:01Z</time>
      </trkpt>
      <trkpt lat="8.993289" lon="-79.539150">
        <time>2026-09-09T10:56:02Z</time>
      </trkpt>
      <trkpt lat="8.993315" lon="-79.539161">
        <time>2026-09-09T10:56:03Z</time>
      </trkpt>
      <trkpt lat="8.993340" lon="-79.539172">
        <time>2026-09-09T10:56:04Z</time>
      </trkpt>
      <trkpt lat="8.993368" lon="-79.539183">
        <time>2026-09-09T10:56:05Z</time>
      </trkpt>
      <trkpt lat="8.993392" lon="-79.539193">
        <time>2026-09-09T10:56:06Z</time>
      </trkpt>
      <trkpt lat="8.993417" lon="-79.539205">
        <time>2026-09-09T10:56:07Z</time>
      </trkpt>
      <trkpt lat="8.993441" lon="-79.539216">
        <time>2026-09-09T10:56:08Z</time>
      </trkpt>
      <trkpt lat="8.993468" lon="-79.539226">
        <time>2026-09-09T10:56:09Z</time>
      </trkpt>
      <trkpt lat="8.993492" lon="-79.539236">
        <time>2026-09-09T10:56:10Z</time>
      </trkpt>
      <trkpt lat="8.993516" lon="-79.539243">
        <time>2026-09-09T10:56:11Z</time>
      </trkpt>
      <trkpt lat="8.993541" lon="-79.539251">
        <time>2026-09-09T10:56:12Z</time>
      </trkpt>
      <trkpt lat="8.993570" lon="-79.539260">
        <time>2026-09-09T10:56:13Z</time>
      </trkpt>
      <trkpt lat="8.993593" lon="-79.539266">
        <time>2026-09-09T10:56:14Z</time>
      </trkpt>
      <trkpt lat="8.993618" lon="-79.539273">
        <time>2026-09-09T10:56:15Z</time>
      </trkpt>
      <trkpt lat="8.993642" lon="-79.539280">
        <time>2026-09-09T10:56:16Z</time>
      </trkpt>
      <trkpt lat="8.993666" lon="-79.539286">
        <time>2026-09-09T10:56:17Z</time>
      </trkpt>
      <trkpt lat="8.993692" lon="-79.539290">
        <time>2026-09-09T10:56:18Z</time>
      </trkpt>
      <trkpt lat="8.993715" lon="-79.539299">
        <time>2026-09-09T10:56:19Z</time>
      </trkpt>
      <trkpt lat="8.993741" lon="-79.539308">
        <time>2026-09-09T10:56:20Z</time>
      </trkpt>
      <trkpt lat="8.993766" lon="-79.539313">
        <time>2026-09-09T10:56:21Z</time>
      </trkpt>
      <trkpt lat="8.993791" lon="-79.539320">
        <time>2026-09-09T10:56:22Z</time>
      </trkpt>
      <trkpt lat="8.993816" lon="-79.539325">
        <time>2026-09-09T10:56:23Z</time>
      </trkpt>
      <trkpt lat="8.993843" lon="-79.539331">
        <time>2026-09-09T10:56:24Z</time>
      </trkpt>
      <trkpt lat="8.993865" lon="-79.539336">
        <time>2026-09-09T10:56:25Z</time>
      </trkpt>
      <trkpt lat="8.993887" lon="-79.539341">
        <time>2026-09-09T10:56:26Z</time>
      </trkpt>
      <trkpt lat="8.993910" lon="-79.539344">
        <time>2026-09-09T10:56:27Z</time>
      </trkpt>
      <trkpt lat="8.993933" lon="-79.539347">
        <time>2026-09-09T10:56:28Z</time>
      </trkpt>
      <trkpt lat="8.993957" lon="-79.539349">
        <time>2026-09-09T10:56:29Z</time>
      </trkpt>
      <trkpt lat="8.993981" lon="-79.539353">
        <time>2026-09-09T10:56:30Z</time>
      </trkpt>
      <trkpt lat="8.994006" lon="-79.539358">
        <time>2026-09-09T10:56:31Z</time>
      </trkpt>
      <trkpt lat="8.994030" lon="-79.539363">
        <time>2026-09-09T10:56:32Z</time>
      </trkpt>
      <trkpt lat="8.994054" lon="-79.539366">
        <time>2026-09-09T10:56:33Z</time>
      </trkpt>
      <trkpt lat="8.994080" lon="-79.539370">
        <time>2026-09-09T10:56:34Z</time>
      </trkpt>
      <trkpt lat="8.994101" lon="-79.539376">
        <time>2026-09-09T10:56:35Z</time>
      </trkpt>
      <trkpt lat="8.994124" lon="-79.539378">
        <time>2026-09-09T10:56:36Z</time>
      </trkpt>
      <trkpt lat="8.994149" lon="-79.539381">
        <time>2026-09-09T10:56:37Z</time>
      </trkpt>
      <trkpt lat="8.994175" lon="-79.539382">
        <time>2026-09-09T10:56:38Z</time>
      </trkpt>
      <trkpt lat="8.994199" lon="-79.539383">
        <time>2026-09-09T10:56:39Z</time>
      </trkpt>
      <trkpt lat="8.994218" lon="-79.539383">
        <time>2026-09-09T10:56:40Z</time>
      </trkpt>
      <trkpt lat="8.994239" lon="-79.539385">
        <time>2026-09-09T10:56:41Z</time>
      </trkpt>
      <trkpt lat="8.994263" lon="-79.539386">
        <time>2026-09-09T10:56:42Z</time>
      </trkpt>
      <trkpt lat="8.994288" lon="-79.539387">
        <time>2026-09-09T10:56:43Z</time>
      </trkpt>
      <trkpt lat="8.994314" lon="-79.539388">
        <time>2026-09-09T10:56:44Z</time>
      </trkpt>
      <trkpt lat="8.994337" lon="-79.539390">
        <time>2026-09-09T10:56:45Z</time>
      </trkpt>
      <trkpt lat="8.994365" lon="-79.539393">
        <time>2026-09-09T10:56:46Z</time>
      </trkpt>
      <trkpt lat="8.994394" lon="-79.539396">
        <time>2026-09-09T10:56:47Z</time>
      </trkpt>
      <trkpt lat="8.994422" lon="-79.539396">
        <time>2026-09-09T10:56:48Z</time>
      </trkpt>
      <trkpt lat="8.994451" lon="-79.539396">
        <time>2026-09-09T10:56:49Z</time>
      </trkpt>
      <trkpt lat="8.994479" lon="-79.539398">
        <time>2026-09-09T10:56:50Z</time>
      </trkpt>
      <trkpt lat="8.994506" lon="-79.539400">
        <time>2026-09-09T10:56:51Z</time>
      </trkpt>
      <trkpt lat="8.994533" lon="-79.539397">
        <time>2026-09-09T10:56:52Z</time>
      </trkpt>
      <trkpt lat="8.994559" lon="-79.539396">
        <time>2026-09-09T10:56:53Z</time>
      </trkpt>
      <trkpt lat="8.994581" lon="-79.539399">
        <time>2026-09-09T10:56:54Z</time>
      </trkpt>
      <trkpt lat="8.994603" lon="-79.539399">
        <time>2026-09-09T10:56:55Z</time>
      </trkpt>
      <trkpt lat="8.994622" lon="-79.539400">
        <time>2026-09-09T10:56:56Z</time>
      </trkpt>
      <trkpt lat="8.994644" lon="-79.539403">
        <time>2026-09-09T10:56:57Z</time>
      </trkpt>
      <trkpt lat="8.994667" lon="-79.539403">
        <time>2026-09-09T10:56:58Z</time>
      </trkpt>
      <trkpt lat="8.994690" lon="-79.539402">
        <time>2026-09-09T10:56:59Z</time>
      </trkpt>
      <trkpt lat="8.994714" lon="-79.539401">
        <time>2026-09-09T10:57:00Z</time>
      </trkpt>
      <trkpt lat="8.994738" lon="-79.539401">
        <time>2026-09-09T10:57:01Z</time>
      </trkpt>
      <trkpt lat="8.994762" lon="-79.539402">
        <time>2026-09-09T10:57:02Z</time>
      </trkpt>
      <trkpt lat="8.994787" lon="-79.539403">
        <time>2026-09-09T10:57:03Z</time>
      </trkpt>
      <trkpt lat="8.994810" lon="-79.539403">
        <time>2026-09-09T10:57:04Z</time>
      </trkpt>
      <trkpt lat="8.994832" lon="-79.539403">
        <time>2026-09-09T10:57:05Z</time>
      </trkpt>
      <trkpt lat="8.994858" lon="-79.539403">
        <time>2026-09-09T10:57:06Z</time>
      </trkpt>
      <trkpt lat="8.994883" lon="-79.539405">
        <time>2026-09-09T10:57:07Z</time>
      </trkpt>
      <trkpt lat="8.994907" lon="-79.539406">
        <time>2026-09-09T10:57:08Z</time>
      </trkpt>
      <trkpt lat="8.994932" lon="-79.539405">
        <time>2026-09-09T10:57:09Z</time>
      </trkpt>
      <trkpt lat="8.994955" lon="-79.539404">
        <time>2026-09-09T10:57:10Z</time>
      </trkpt>
      <trkpt lat="8.994981" lon="-79.539403">
        <time>2026-09-09T10:57:11Z</time>
      </trkpt>
      <trkpt lat="8.995006" lon="-79.539404">
        <time>2026-09-09T10:57:12Z</time>
      </trkpt>
      <trkpt lat="8.995031" lon="-79.539405">
        <time>2026-09-09T10:57:13Z</time>
      </trkpt>
      <trkpt lat="8.995055" lon="-79.539406">
        <time>2026-09-09T10:57:14Z</time>
      </trkpt>
      <trkpt lat="8.995080" lon="-79.539407">
        <time>2026-09-09T10:57:15Z</time>
      </trkpt>
      <trkpt lat="8.995105" lon="-79.539404">
        <time>2026-09-09T10:57:16Z</time>
      </trkpt>
      <trkpt lat="8.995129" lon="-79.539403">
        <time>2026-09-09T10:57:17Z</time>
      </trkpt>
      <trkpt lat="8.995153" lon="-79.539402">
        <time>2026-09-09T10:57:18Z</time>
      </trkpt>
      <trkpt lat="8.995178" lon="-79.539401">
        <time>2026-09-09T10:57:19Z</time>
      </trkpt>
      <trkpt lat="8.995200" lon="-79.539400">
        <time>2026-09-09T10:57:20Z</time>
      </trkpt>
      <trkpt lat="8.995222" lon="-79.539397">
        <time>2026-09-09T10:57:21Z</time>
      </trkpt>
      <trkpt lat="8.995250" lon="-79.539393">
        <time>2026-09-09T10:57:22Z</time>
      </trkpt>
      <trkpt lat="8.995273" lon="-79.539393">
        <time>2026-09-09T10:57:23Z</time>
      </trkpt>
      <trkpt lat="8.995296" lon="-79.539392">
        <time>2026-09-09T10:57:24Z</time>
      </trkpt>
      <trkpt lat="8.995324" lon="-79.539394">
        <time>2026-09-09T10:57:25Z</time>
      </trkpt>
      <trkpt lat="8.995351" lon="-79.539397">
        <time>2026-09-09T10:57:26Z</time>
      </trkpt>
      <trkpt lat="8.995376" lon="-79.539397">
        <time>2026-09-09T10:57:27Z</time>
      </trkpt>
      <trkpt lat="8.995404" lon="-79.539396">
        <time>2026-09-09T10:57:28Z</time>
      </trkpt>
      <trkpt lat="8.995428" lon="-79.539398">
        <time>2026-09-09T10:57:29Z</time>
      </trkpt>
      <trkpt lat="8.995454" lon="-79.539402">
        <time>2026-09-09T10:57:30Z</time>
      </trkpt>
      <trkpt lat="8.995475" lon="-79.539407">
        <time>2026-09-09T10:57:31Z</time>
      </trkpt>
      <trkpt lat="8.995499" lon="-79.539411">
        <time>2026-09-09T10:57:32Z</time>
      </trkpt>
      <trkpt lat="8.995522" lon="-79.539414">
        <time>2026-09-09T10:57:33Z</time>
      </trkpt>
      <trkpt lat="8.995547" lon="-79.539416">
        <time>2026-09-09T10:57:34Z</time>
      </trkpt>
      <trkpt lat="8.995574" lon="-79.539416">
        <time>2026-09-09T10:57:35Z</time>
      </trkpt>
      <trkpt lat="8.995599" lon="-79.539417">
        <time>2026-09-09T10:57:36Z</time>
      </trkpt>
      <trkpt lat="8.995622" lon="-79.539419">
        <time>2026-09-09T10:57:37Z</time>
      </trkpt>
      <trkpt lat="8.995649" lon="-79.539421">
        <time>2026-09-09T10:57:38Z</time>
      </trkpt>
      <trkpt lat="8.995672" lon="-79.539422">
        <time>2026-09-09T10:57:39Z</time>
      </trkpt>
      <trkpt lat="8.995698" lon="-79.539420">
        <time>2026-09-09T10:57:40Z</time>
      </trkpt>
      <trkpt lat="8.995724" lon="-79.539419">
        <time>2026-09-09T10:57:41Z</time>
      </trkpt>
      <trkpt lat="8.995748" lon="-79.539419">
        <time>2026-09-09T10:57:42Z</time>
      </trkpt>
      <trkpt lat="8.995771" lon="-79.539421">
        <time>2026-09-09T10:57:43Z</time>
      </trkpt>
      <trkpt lat="8.995798" lon="-79.539422">
        <time>2026-09-09T10:57:44Z</time>
      </trkpt>
      <trkpt lat="8.995821" lon="-79.539422">
        <time>2026-09-09T10:57:45Z</time>
      </trkpt>
      <trkpt lat="8.995846" lon="-79.539423">
        <time>2026-09-09T10:57:46Z</time>
      </trkpt>
      <trkpt lat="8.995872" lon="-79.539424">
        <time>2026-09-09T10:57:47Z</time>
      </trkpt>
      <trkpt lat="8.995898" lon="-79.539426">
        <time>2026-09-09T10:57:48Z</time>
      </trkpt>
      <trkpt lat="8.995924" lon="-79.539427">
        <time>2026-09-09T10:57:49Z</time>
      </trkpt>
      <trkpt lat="8.995949" lon="-79.539429">
        <time>2026-09-09T10:57:50Z</time>
      </trkpt>
      <trkpt lat="8.995976" lon="-79.539429">
        <time>2026-09-09T10:57:51Z</time>
      </trkpt>
      <trkpt lat="8.996001" lon="-79.539429">
        <time>2026-09-09T10:57:52Z</time>
      </trkpt>
      <trkpt lat="8.996024" lon="-79.539429">
        <time>2026-09-09T10:57:53Z</time>
      </trkpt>
      <trkpt lat="8.996050" lon="-79.539435">
        <time>2026-09-09T10:57:54Z</time>
      </trkpt>
      <trkpt lat="8.996077" lon="-79.539441">
        <time>2026-09-09T10:57:55Z</time>
      </trkpt>
      <trkpt lat="8.996102" lon="-79.539444">
        <time>2026-09-09T10:57:56Z</time>
      </trkpt>
      <trkpt lat="8.996129" lon="-79.539445">
        <time>2026-09-09T10:57:57Z</time>
      </trkpt>
      <trkpt lat="8.996154" lon="-79.539450">
        <time>2026-09-09T10:57:58Z</time>
      </trkpt>
      <trkpt lat="8.996180" lon="-79.539455">
        <time>2026-09-09T10:57:59Z</time>
      </trkpt>
      <trkpt lat="8.996205" lon="-79.539459">
        <time>2026-09-09T10:58:00Z</time>
      </trkpt>
      <trkpt lat="8.996235" lon="-79.539462">
        <time>2026-09-09T10:58:01Z</time>
      </trkpt>
      <trkpt lat="8.996259" lon="-79.539461">
        <time>2026-09-09T10:58:02Z</time>
      </trkpt>
      <trkpt lat="8.996287" lon="-79.539459">
        <time>2026-09-09T10:58:03Z</time>
      </trkpt>
      <trkpt lat="8.996315" lon="-79.539454">
        <time>2026-09-09T10:58:04Z</time>
      </trkpt>
      <trkpt lat="8.996340" lon="-79.539451">
        <time>2026-09-09T10:58:05Z</time>
      </trkpt>
      <trkpt lat="8.996366" lon="-79.539454">
        <time>2026-09-09T10:58:06Z</time>
      </trkpt>
      <trkpt lat="8.996393" lon="-79.539455">
        <time>2026-09-09T10:58:07Z</time>
      </trkpt>
      <trkpt lat="8.996419" lon="-79.539453">
        <time>2026-09-09T10:58:08Z</time>
      </trkpt>
      <trkpt lat="8.996444" lon="-79.539450">
        <time>2026-09-09T10:58:09Z</time>
      </trkpt>
      <trkpt lat="8.996468" lon="-79.539450">
        <time>2026-09-09T10:58:10Z</time>
      </trkpt>
      <trkpt lat="8.996491" lon="-79.539447">
        <time>2026-09-09T10:58:11Z</time>
      </trkpt>
      <trkpt lat="8.996518" lon="-79.539445">
        <time>2026-09-09T10:58:12Z</time>
      </trkpt>
      <trkpt lat="8.996543" lon="-79.539443">
        <time>2026-09-09T10:58:13Z</time>
      </trkpt>
      <trkpt lat="8.996567" lon="-79.539441">
        <time>2026-09-09T10:58:14Z</time>
      </trkpt>
      <trkpt lat="8.996588" lon="-79.539443">
        <time>2026-09-09T10:58:15Z</time>
      </trkpt>
      <trkpt lat="8.996604" lon="-79.539454">
        <time>2026-09-09T10:58:16Z</time>
      </trkpt>
      <trkpt lat="8.996615" lon="-79.539474">
        <time>2026-09-09T10:58:17Z</time>
      </trkpt>
      <trkpt lat="8.996616" lon="-79.539502">
        <time>2026-09-09T10:58:18Z</time>
      </trkpt>
      <trkpt lat="8.996613" lon="-79.539532">
        <time>2026-09-09T10:58:19Z</time>
      </trkpt>
      <trkpt lat="8.996615" lon="-79.539552">
        <time>2026-09-09T10:58:20Z</time>
      </trkpt>
      <trkpt lat="8.996620" lon="-79.539576">
        <time>2026-09-09T10:58:21Z</time>
      </trkpt>
      <trkpt lat="8.996620" lon="-79.539602">
        <time>2026-09-09T10:58:22Z</time>
      </trkpt>
      <trkpt lat="8.996620" lon="-79.539628">
        <time>2026-09-09T10:58:23Z</time>
      </trkpt>
      <trkpt lat="8.996621" lon="-79.539652">
        <time>2026-09-09T10:58:24Z</time>
      </trkpt>
      <trkpt lat="8.996620" lon="-79.539680">
        <time>2026-09-09T10:58:25Z</time>
      </trkpt>
      <trkpt lat="8.996619" lon="-79.539705">
        <time>2026-09-09T10:58:26Z</time>
      </trkpt>
      <trkpt lat="8.996618" lon="-79.539727">
        <time>2026-09-09T10:58:27Z</time>
      </trkpt>
      <trkpt lat="8.996620" lon="-79.539753">
        <time>2026-09-09T10:58:28Z</time>
      </trkpt>
      <trkpt lat="8.996621" lon="-79.539777">
        <time>2026-09-09T10:58:29Z</time>
      </trkpt>
      <trkpt lat="8.996621" lon="-79.539799">
        <time>2026-09-09T10:58:30Z</time>
      </trkpt>
      <trkpt lat="8.996622" lon="-79.539826">
        <time>2026-09-09T10:58:31Z</time>
      </trkpt>
      <trkpt lat="8.996623" lon="-79.539850">
        <time>2026-09-09T10:58:32Z</time>
      </trkpt>
      <trkpt lat="8.996626" lon="-79.539873">
        <time>2026-09-09T10:58:33Z</time>
      </trkpt>
      <trkpt lat="8.996626" lon="-79.539899">
        <time>2026-09-09T10:58:34Z</time>
      </trkpt>
      <trkpt lat="8.996624" lon="-79.539922">
        <time>2026-09-09T10:58:35Z</time>
      </trkpt>
      <trkpt lat="8.996621" lon="-79.539945">
        <time>2026-09-09T10:58:36Z</time>
      </trkpt>
      <trkpt lat="8.996616" lon="-79.539969">
        <time>2026-09-09T10:58:37Z</time>
      </trkpt>
      <trkpt lat="8.996614" lon="-79.539990">
        <time>2026-09-09T10:58:38Z</time>
      </trkpt>
      <trkpt lat="8.996612" lon="-79.540014">
        <time>2026-09-09T10:58:39Z</time>
      </trkpt>
      <trkpt lat="8.996610" lon="-79.540040">
        <time>2026-09-09T10:58:40Z</time>
      </trkpt>
      <trkpt lat="8.996604" lon="-79.540065">
        <time>2026-09-09T10:58:41Z</time>
      </trkpt>
      <trkpt lat="8.996597" lon="-79.540091">
        <time>2026-09-09T10:58:42Z</time>
      </trkpt>
      <trkpt lat="8.996590" lon="-79.540115">
        <time>2026-09-09T10:58:43Z</time>
      </trkpt>
      <trkpt lat="8.996584" lon="-79.540141">
        <time>2026-09-09T10:58:44Z</time>
      </trkpt>
      <trkpt lat="8.996577" lon="-79.540167">
        <time>2026-09-09T10:58:45Z</time>
      </trkpt>
      <trkpt lat="8.996569" lon="-79.540187">
        <time>2026-09-09T10:58:46Z</time>
      </trkpt>
      <trkpt lat="8.996561" lon="-79.540209">
        <time>2026-09-09T10:58:47Z</time>
      </trkpt>
      <trkpt lat="8.996551" lon="-79.540233">
        <time>2026-09-09T10:58:48Z</time>
      </trkpt>
      <trkpt lat="8.996543" lon="-79.540253">
        <time>2026-09-09T10:58:49Z</time>
      </trkpt>
      <trkpt lat="8.996532" lon="-79.540276">
        <time>2026-09-09T10:58:50Z</time>
      </trkpt>
      <trkpt lat="8.996519" lon="-79.540299">
        <time>2026-09-09T10:58:51Z</time>
      </trkpt>
      <trkpt lat="8.996507" lon="-79.540318">
        <time>2026-09-09T10:58:52Z</time>
      </trkpt>
      <trkpt lat="8.996491" lon="-79.540340">
        <time>2026-09-09T10:58:53Z</time>
      </trkpt>
      <trkpt lat="8.996476" lon="-79.540357">
        <time>2026-09-09T10:58:54Z</time>
      </trkpt>
      <trkpt lat="8.996459" lon="-79.540373">
        <time>2026-09-09T10:58:55Z</time>
      </trkpt>
      <trkpt lat="8.996441" lon="-79.540394">
        <time>2026-09-09T10:58:56Z</time>
      </trkpt>
      <trkpt lat="8.996422" lon="-79.540408">
        <time>2026-09-09T10:58:57Z</time>
      </trkpt>
      <trkpt lat="8.996404" lon="-79.540422">
        <time>2026-09-09T10:58:58Z</time>
      </trkpt>
      <trkpt lat="8.996400" lon="-79.540425">
        <time>2026-09-09T10:58:59Z</time>
      </trkpt>
      <trkpt lat="8.996399" lon="-79.540422">
        <time>2026-09-09T10:59:00Z</time>
      </trkpt>
      <trkpt lat="8.996401" lon="-79.540418">
        <time>2026-09-09T10:59:01Z</time>
      </trkpt>
      <trkpt lat="8.996398" lon="-79.540420">
        <time>2026-09-09T10:59:02Z</time>
      </trkpt>
      <trkpt lat="8.996388" lon="-79.540429">
        <time>2026-09-09T10:59:03Z</time>
      </trkpt>
      <trkpt lat="8.996375" lon="-79.540439">
        <time>2026-09-09T10:59:04Z</time>
      </trkpt>
      <trkpt lat="8.996360" lon="-79.540453">
        <time>2026-09-09T10:59:05Z</time>
      </trkpt>
      <trkpt lat="8.996343" lon="-79.540471">
        <time>2026-09-09T10:59:06Z</time>
      </trkpt>
      <trkpt lat="8.996328" lon="-79.540486">
        <time>2026-09-09T10:59:07Z</time>
      </trkpt>
      <trkpt lat="8.996310" lon="-79.540500">
        <time>2026-09-09T10:59:08Z</time>
      </trkpt>
      <trkpt lat="8.996288" lon="-79.540515">
        <time>2026-09-09T10:59:09Z</time>
      </trkpt>
      <trkpt lat="8.996269" lon="-79.540530">
        <time>2026-09-09T10:59:10Z</time>
      </trkpt>
      <trkpt lat="8.996248" lon="-79.540545">
        <time>2026-09-09T10:59:11Z</time>
      </trkpt>
      <trkpt lat="8.996228" lon="-79.540559">
        <time>2026-09-09T10:59:12Z</time>
      </trkpt>
      <trkpt lat="8.996208" lon="-79.540573">
        <time>2026-09-09T10:59:13Z</time>
      </trkpt>
      <trkpt lat="8.996185" lon="-79.540590">
        <time>2026-09-09T10:59:14Z</time>
      </trkpt>
      <trkpt lat="8.996165" lon="-79.540604">
        <time>2026-09-09T10:59:15Z</time>
      </trkpt>
      <trkpt lat="8.996143" lon="-79.540618">
        <time>2026-09-09T10:59:16Z</time>
      </trkpt>
      <trkpt lat="8.996122" lon="-79.540633">
        <time>2026-09-09T10:59:17Z</time>
      </trkpt>
      <trkpt lat="8.996102" lon="-79.540647">
        <time>2026-09-09T10:59:18Z</time>
      </trkpt>
      <trkpt lat="8.996077" lon="-79.540661">
        <time>2026-09-09T10:59:19Z</time>
      </trkpt>
      <trkpt lat="8.996055" lon="-79.540674">
        <time>2026-09-09T10:59:20Z</time>
      </trkpt>
      <trkpt lat="8.996034" lon="-79.540685">
        <time>2026-09-09T10:59:21Z</time>
      </trkpt>
      <trkpt lat="8.996008" lon="-79.540694">
        <time>2026-09-09T10:59:22Z</time>
      </trkpt>
      <trkpt lat="8.995986" lon="-79.540704">
        <time>2026-09-09T10:59:23Z</time>
      </trkpt>
      <trkpt lat="8.995961" lon="-79.540714">
        <time>2026-09-09T10:59:24Z</time>
      </trkpt>
      <trkpt lat="8.995934" lon="-79.540723">
        <time>2026-09-09T10:59:25Z</time>
      </trkpt>
      <trkpt lat="8.995908" lon="-79.540727">
        <time>2026-09-09T10:59:26Z</time>
      </trkpt>
      <trkpt lat="8.995882" lon="-79.540735">
        <time>2026-09-09T10:59:27Z</time>
      </trkpt>
      <trkpt lat="8.995861" lon="-79.540748">
        <time>2026-09-09T10:59:28Z</time>
      </trkpt>
      <trkpt lat="8.995839" lon="-79.540762">
        <time>2026-09-09T10:59:29Z</time>
      </trkpt>
      <trkpt lat="8.995819" lon="-79.540779">
        <time>2026-09-09T10:59:30Z</time>
      </trkpt>
      <trkpt lat="8.995799" lon="-79.540796">
        <time>2026-09-09T10:59:31Z</time>
      </trkpt>
      <trkpt lat="8.995776" lon="-79.540811">
        <time>2026-09-09T10:59:32Z</time>
      </trkpt>
      <trkpt lat="8.995755" lon="-79.540827">
        <time>2026-09-09T10:59:33Z</time>
      </trkpt>
      <trkpt lat="8.995734" lon="-79.540841">
        <time>2026-09-09T10:59:34Z</time>
      </trkpt>
      <trkpt lat="8.995711" lon="-79.540855">
        <time>2026-09-09T10:59:35Z</time>
      </trkpt>
      <trkpt lat="8.995691" lon="-79.540865">
        <time>2026-09-09T10:59:36Z</time>
      </trkpt>
      <trkpt lat="8.995671" lon="-79.540876">
        <time>2026-09-09T10:59:37Z</time>
      </trkpt>
      <trkpt lat="8.995652" lon="-79.540887">
        <time>2026-09-09T10:59:38Z</time>
      </trkpt>
      <trkpt lat="8.995630" lon="-79.540894">
        <time>2026-09-09T10:59:39Z</time>
      </trkpt>
      <trkpt lat="8.995610" lon="-79.540900">
        <time>2026-09-09T10:59:40Z</time>
      </trkpt>
      <trkpt lat="8.995589" lon="-79.540904">
        <time>2026-09-09T10:59:41Z</time>
      </trkpt>
      <trkpt lat="8.995566" lon="-79.540906">
        <time>2026-09-09T10:59:42Z</time>
      </trkpt>
      <trkpt lat="8.995542" lon="-79.540906">
        <time>2026-09-09T10:59:43Z</time>
      </trkpt>
      <trkpt lat="8.995520" lon="-79.540903">
        <time>2026-09-09T10:59:44Z</time>
      </trkpt>
      <trkpt lat="8.995499" lon="-79.540897">
        <time>2026-09-09T10:59:45Z</time>
      </trkpt>
      <trkpt lat="8.995477" lon="-79.540891">
        <time>2026-09-09T10:59:46Z</time>
      </trkpt>
      <trkpt lat="8.995454" lon="-79.540888">
        <time>2026-09-09T10:59:47Z</time>
      </trkpt>
      <trkpt lat="8.995432" lon="-79.540883">
        <time>2026-09-09T10:59:48Z</time>
      </trkpt>
      <trkpt lat="8.995410" lon="-79.540879">
        <time>2026-09-09T10:59:49Z</time>
      </trkpt>
      <trkpt lat="8.995385" lon="-79.540876">
        <time>2026-09-09T10:59:50Z</time>
      </trkpt>
      <trkpt lat="8.995361" lon="-79.540875">
        <time>2026-09-09T10:59:51Z</time>
      </trkpt>
      <trkpt lat="8.995336" lon="-79.540872">
        <time>2026-09-09T10:59:52Z</time>
      </trkpt>
      <trkpt lat="8.995310" lon="-79.540866">
        <time>2026-09-09T10:59:53Z</time>
      </trkpt>
      <trkpt lat="8.995288" lon="-79.540863">
        <time>2026-09-09T10:59:54Z</time>
      </trkpt>
      <trkpt lat="8.995264" lon="-79.540860">
        <time>2026-09-09T10:59:55Z</time>
      </trkpt>
      <trkpt lat="8.995240" lon="-79.540858">
        <time>2026-09-09T10:59:56Z</time>
      </trkpt>
      <trkpt lat="8.995216" lon="-79.540855">
        <time>2026-09-09T10:59:57Z</time>
      </trkpt>
      <trkpt lat="8.995191" lon="-79.540849">
        <time>2026-09-09T10:59:58Z</time>
      </trkpt>
      <trkpt lat="8.995165" lon="-79.540846">
        <time>2026-09-09T10:59:59Z</time>
      </trkpt>
      <trkpt lat="8.995137" lon="-79.540842">
        <time>2026-09-09T11:00:00Z</time>
      </trkpt>
      <trkpt lat="8.995110" lon="-79.540843">
        <time>2026-09-09T11:00:01Z</time>
      </trkpt>
      <trkpt lat="8.995079" lon="-79.540845">
        <time>2026-09-09T11:00:02Z</time>
      </trkpt>
      <trkpt lat="8.995052" lon="-79.540843">
        <time>2026-09-09T11:00:03Z</time>
      </trkpt>
      <trkpt lat="8.995024" lon="-79.540838">
        <time>2026-09-09T11:00:04Z</time>
      </trkpt>
      <trkpt lat="8.994998" lon="-79.540837">
        <time>2026-09-09T11:00:05Z</time>
      </trkpt>
      <trkpt lat="8.994974" lon="-79.540837">
        <time>2026-09-09T11:00:06Z</time>
      </trkpt>
      <trkpt lat="8.994948" lon="-79.540834">
        <time>2026-09-09T11:00:07Z</time>
      </trkpt>
      <trkpt lat="8.994922" lon="-79.540833">
        <time>2026-09-09T11:00:08Z</time>
      </trkpt>
      <trkpt lat="8.994897" lon="-79.540831">
        <time>2026-09-09T11:00:09Z</time>
      </trkpt>
      <trkpt lat="8.994870" lon="-79.540827">
        <time>2026-09-09T11:00:10Z</time>
      </trkpt>
      <trkpt lat="8.994846" lon="-79.540827">
        <time>2026-09-09T11:00:11Z</time>
      </trkpt>
      <trkpt lat="8.994818" lon="-79.540824">
        <time>2026-09-09T11:00:12Z</time>
      </trkpt>
      <trkpt lat="8.994789" lon="-79.540820">
        <time>2026-09-09T11:00:13Z</time>
      </trkpt>
      <trkpt lat="8.994763" lon="-79.540816">
        <time>2026-09-09T11:00:14Z</time>
      </trkpt>
      <trkpt lat="8.994735" lon="-79.540809">
        <time>2026-09-09T11:00:15Z</time>
      </trkpt>
      <trkpt lat="8.994710" lon="-79.540805">
        <time>2026-09-09T11:00:16Z</time>
      </trkpt>
      <trkpt lat="8.994683" lon="-79.540803">
        <time>2026-09-09T11:00:17Z</time>
      </trkpt>
      <trkpt lat="8.994657" lon="-79.540801">
        <time>2026-09-09T11:00:18Z</time>
      </trkpt>
      <trkpt lat="8.994631" lon="-79.540796">
        <time>2026-09-09T11:00:19Z</time>
      </trkpt>
      <trkpt lat="8.994601" lon="-79.540790">
        <time>2026-09-09T11:00:20Z</time>
      </trkpt>
      <trkpt lat="8.994577" lon="-79.540788">
        <time>2026-09-09T11:00:21Z</time>
      </trkpt>
      <trkpt lat="8.994552" lon="-79.540783">
        <time>2026-09-09T11:00:22Z</time>
      </trkpt>
      <trkpt lat="8.994528" lon="-79.540778">
        <time>2026-09-09T11:00:23Z</time>
      </trkpt>
      <trkpt lat="8.994502" lon="-79.540776">
        <time>2026-09-09T11:00:24Z</time>
      </trkpt>
      <trkpt lat="8.994475" lon="-79.540771">
        <time>2026-09-09T11:00:25Z</time>
      </trkpt>
      <trkpt lat="8.994450" lon="-79.540768">
        <time>2026-09-09T11:00:26Z</time>
      </trkpt>
      <trkpt lat="8.994422" lon="-79.540762">
        <time>2026-09-09T11:00:27Z</time>
      </trkpt>
      <trkpt lat="8.994395" lon="-79.540755">
        <time>2026-09-09T11:00:28Z</time>
      </trkpt>
      <trkpt lat="8.994369" lon="-79.540754">
        <time>2026-09-09T11:00:29Z</time>
      </trkpt>
      <trkpt lat="8.994340" lon="-79.540750">
        <time>2026-09-09T11:00:30Z</time>
      </trkpt>
      <trkpt lat="8.994313" lon="-79.540744">
        <time>2026-09-09T11:00:31Z</time>
      </trkpt>
      <trkpt lat="8.994285" lon="-79.540737">
        <time>2026-09-09T11:00:32Z</time>
      </trkpt>
      <trkpt lat="8.994259" lon="-79.540731">
        <time>2026-09-09T11:00:33Z</time>
      </trkpt>
      <trkpt lat="8.994234" lon="-79.540726">
        <time>2026-09-09T11:00:34Z</time>
      </trkpt>
      <trkpt lat="8.994209" lon="-79.540719">
        <time>2026-09-09T11:00:35Z</time>
      </trkpt>
      <trkpt lat="8.994183" lon="-79.540711">
        <time>2026-09-09T11:00:36Z</time>
      </trkpt>
      <trkpt lat="8.994158" lon="-79.540705">
        <time>2026-09-09T11:00:37Z</time>
      </trkpt>
      <trkpt lat="8.994131" lon="-79.540699">
        <time>2026-09-09T11:00:38Z</time>
      </trkpt>
      <trkpt lat="8.994107" lon="-79.540696">
        <time>2026-09-09T11:00:39Z</time>
      </trkpt>
      <trkpt lat="8.994080" lon="-79.540691">
        <time>2026-09-09T11:00:40Z</time>
      </trkpt>
      <trkpt lat="8.994057" lon="-79.540686">
        <time>2026-09-09T11:00:41Z</time>
      </trkpt>
      <trkpt lat="8.994029" lon="-79.540682">
        <time>2026-09-09T11:00:42Z</time>
      </trkpt>
      <trkpt lat="8.994002" lon="-79.540676">
        <time>2026-09-09T11:00:43Z</time>
      </trkpt>
      <trkpt lat="8.993975" lon="-79.540672">
        <time>2026-09-09T11:00:44Z</time>
      </trkpt>
      <trkpt lat="8.993945" lon="-79.540671">
        <time>2026-09-09T11:00:45Z</time>
      </trkpt>
      <trkpt lat="8.993920" lon="-79.540667">
        <time>2026-09-09T11:00:46Z</time>
      </trkpt>
      <trkpt lat="8.993889" lon="-79.540666">
        <time>2026-09-09T11:00:47Z</time>
      </trkpt>
      <trkpt lat="8.993863" lon="-79.540665">
        <time>2026-09-09T11:00:48Z</time>
      </trkpt>
      <trkpt lat="8.993836" lon="-79.540661">
        <time>2026-09-09T11:00:49Z</time>
      </trkpt>
      <trkpt lat="8.993807" lon="-79.540659">
        <time>2026-09-09T11:00:50Z</time>
      </trkpt>
      <trkpt lat="8.993783" lon="-79.540662">
        <time>2026-09-09T11:00:51Z</time>
      </trkpt>
      <trkpt lat="8.993756" lon="-79.540665">
        <time>2026-09-09T11:00:52Z</time>
      </trkpt>
      <trkpt lat="8.993731" lon="-79.540665">
        <time>2026-09-09T11:00:53Z</time>
      </trkpt>
      <trkpt lat="8.993706" lon="-79.540667">
        <time>2026-09-09T11:00:54Z</time>
      </trkpt>
      <trkpt lat="8.993680" lon="-79.540670">
        <time>2026-09-09T11:00:55Z</time>
      </trkpt>
      <trkpt lat="8.993655" lon="-79.540671">
        <time>2026-09-09T11:00:56Z</time>
      </trkpt>
      <trkpt lat="8.993629" lon="-79.540674">
        <time>2026-09-09T11:00:57Z</time>
      </trkpt>
      <trkpt lat="8.993602" lon="-79.540675">
        <time>2026-09-09T11:00:58Z</time>
      </trkpt>
      <trkpt lat="8.993576" lon="-79.540678">
        <time>2026-09-09T11:00:59Z</time>
      </trkpt>
      <trkpt lat="8.993550" lon="-79.540686">
        <time>2026-09-09T11:01:00Z</time>
      </trkpt>
      <trkpt lat="8.993524" lon="-79.540690">
        <time>2026-09-09T11:01:01Z</time>
      </trkpt>
      <trkpt lat="8.993497" lon="-79.540692">
        <time>2026-09-09T11:01:02Z</time>
      </trkpt>
      <trkpt lat="8.993470" lon="-79.540698">
        <time>2026-09-09T11:01:03Z</time>
      </trkpt>
      <trkpt lat="8.993447" lon="-79.540706">
        <time>2026-09-09T11:01:04Z</time>
      </trkpt>
      <trkpt lat="8.993420" lon="-79.540710">
        <time>2026-09-09T11:01:05Z</time>
      </trkpt>
      <trkpt lat="8.993393" lon="-79.540716">
        <time>2026-09-09T11:01:06Z</time>
      </trkpt>
      <trkpt lat="8.993367" lon="-79.540724">
        <time>2026-09-09T11:01:07Z</time>
      </trkpt>
      <trkpt lat="8.993342" lon="-79.540733">
        <time>2026-09-09T11:01:08Z</time>
      </trkpt>
      <trkpt lat="8.993318" lon="-79.540743">
        <time>2026-09-09T11:01:09Z</time>
      </trkpt>
      <trkpt lat="8.993290" lon="-79.540754">
        <time>2026-09-09T11:01:10Z</time>
      </trkpt>
      <trkpt lat="8.993265" lon="-79.540766">
        <time>2026-09-09T11:01:11Z</time>
      </trkpt>
      <trkpt lat="8.993242" lon="-79.540777">
        <time>2026-09-09T11:01:12Z</time>
      </trkpt>
      <trkpt lat="8.993214" lon="-79.540790">
        <time>2026-09-09T11:01:13Z</time>
      </trkpt>
      <trkpt lat="8.993186" lon="-79.540799">
        <time>2026-09-09T11:01:14Z</time>
      </trkpt>
      <trkpt lat="8.993161" lon="-79.540814">
        <time>2026-09-09T11:01:15Z</time>
      </trkpt>
      <trkpt lat="8.993139" lon="-79.540831">
        <time>2026-09-09T11:01:16Z</time>
      </trkpt>
      <trkpt lat="8.993115" lon="-79.540845">
        <time>2026-09-09T11:01:17Z</time>
      </trkpt>
      <trkpt lat="8.993091" lon="-79.540860">
        <time>2026-09-09T11:01:18Z</time>
      </trkpt>
      <trkpt lat="8.993068" lon="-79.540876">
        <time>2026-09-09T11:01:19Z</time>
      </trkpt>
      <trkpt lat="8.993044" lon="-79.540892">
        <time>2026-09-09T11:01:20Z</time>
      </trkpt>
      <trkpt lat="8.993021" lon="-79.540910">
        <time>2026-09-09T11:01:21Z</time>
      </trkpt>
      <trkpt lat="8.992997" lon="-79.540927">
        <time>2026-09-09T11:01:22Z</time>
      </trkpt>
      <trkpt lat="8.992975" lon="-79.540946">
        <time>2026-09-09T11:01:23Z</time>
      </trkpt>
      <trkpt lat="8.992952" lon="-79.540963">
        <time>2026-09-09T11:01:24Z</time>
      </trkpt>
      <trkpt lat="8.992930" lon="-79.540985">
        <time>2026-09-09T11:01:25Z</time>
      </trkpt>
      <trkpt lat="8.992911" lon="-79.541004">
        <time>2026-09-09T11:01:26Z</time>
      </trkpt>
      <trkpt lat="8.992892" lon="-79.541019">
        <time>2026-09-09T11:01:27Z</time>
      </trkpt>
      <trkpt lat="8.992871" lon="-79.541040">
        <time>2026-09-09T11:01:28Z</time>
      </trkpt>
      <trkpt lat="8.992854" lon="-79.541059">
        <time>2026-09-09T11:01:29Z</time>
      </trkpt>
      <trkpt lat="8.992837" lon="-79.541078">
        <time>2026-09-09T11:01:30Z</time>
      </trkpt>
      <trkpt lat="8.992828" lon="-79.541099">
        <time>2026-09-09T11:01:31Z</time>
      </trkpt>
      <trkpt lat="8.992825" lon="-79.541118">
        <time>2026-09-09T11:01:32Z</time>
      </trkpt>
      <trkpt lat="8.992824" lon="-79.541133">
        <time>2026-09-09T11:01:33Z</time>
      </trkpt>
      <trkpt lat="8.992825" lon="-79.541149">
        <time>2026-09-09T11:01:34Z</time>
      </trkpt>
      <trkpt lat="8.992825" lon="-79.541163">
        <time>2026-09-09T11:01:35Z</time>
      </trkpt>
      <trkpt lat="8.992829" lon="-79.541176">
        <time>2026-09-09T11:01:36Z</time>
      </trkpt>
      <trkpt lat="8.992838" lon="-79.541190">
        <time>2026-09-09T11:01:37Z</time>
      </trkpt>
      <trkpt lat="8.992846" lon="-79.541203">
        <time>2026-09-09T11:01:38Z</time>
      </trkpt>
      <trkpt lat="8.992849" lon="-79.541212">
        <time>2026-09-09T11:01:39Z</time>
      </trkpt>
      <trkpt lat="8.992854" lon="-79.541222">
        <time>2026-09-09T11:01:40Z</time>
      </trkpt>
      <trkpt lat="8.992863" lon="-79.541231">
        <time>2026-09-09T11:01:41Z</time>
      </trkpt>
      <trkpt lat="8.992871" lon="-79.541238">
        <time>2026-09-09T11:01:42Z</time>
      </trkpt>
      <trkpt lat="8.992878" lon="-79.541244">
        <time>2026-09-09T11:01:43Z</time>
      </trkpt>
      <trkpt lat="8.992883" lon="-79.541252">
        <time>2026-09-09T11:01:44Z</time>
      </trkpt>
      <trkpt lat="8.992891" lon="-79.541264">
        <time>2026-09-09T11:01:45Z</time>
      </trkpt>
      <trkpt lat="8.992896" lon="-79.541276">
        <time>2026-09-09T11:01:46Z</time>
      </trkpt>
      <trkpt lat="8.992902" lon="-79.541286">
        <time>2026-09-09T11:01:47Z</time>
      </trkpt>
      <trkpt lat="8.992906" lon="-79.541293">
        <time>2026-09-09T11:01:48Z</time>
      </trkpt>
      <trkpt lat="8.992906" lon="-79.541301">
        <time>2026-09-09T11:01:49Z</time>
      </trkpt>
      <trkpt lat="8.992912" lon="-79.541310">
        <time>2026-09-09T11:01:50Z</time>
      </trkpt>
      <trkpt lat="8.992920" lon="-79.541321">
        <time>2026-09-09T11:01:51Z</time>
      </trkpt>
      <trkpt lat="8.992929" lon="-79.541331">
        <time>2026-09-09T11:01:52Z</time>
      </trkpt>
      <trkpt lat="8.992936" lon="-79.541339">
        <time>2026-09-09T11:01:53Z</time>
      </trkpt>
      <trkpt lat="8.992946" lon="-79.541345">
        <time>2026-09-09T11:01:54Z</time>
      </trkpt>
      <trkpt lat="8.992951" lon="-79.541357">
        <time>2026-09-09T11:01:55Z</time>
      </trkpt>
      <trkpt lat="8.992959" lon="-79.541369">
        <time>2026-09-09T11:01:56Z</time>
      </trkpt>
      <trkpt lat="8.992965" lon="-79.541380">
        <time>2026-09-09T11:01:57Z</time>
      </trkpt>
      <trkpt lat="8.992968" lon="-79.541392">
        <time>2026-09-09T11:01:58Z</time>
      </trkpt>
      <trkpt lat="8.992976" lon="-79.541406">
        <time>2026-09-09T11:01:59Z</time>
      </trkpt>
      <trkpt lat="8.992985" lon="-79.541419">
        <time>2026-09-09T11:02:00Z</time>
      </trkpt>
      <trkpt lat="8.992996" lon="-79.541433">
        <time>2026-09-09T11:02:01Z</time>
      </trkpt>
      <trkpt lat="8.993006" lon="-79.541449">
        <time>2026-09-09T11:02:02Z</time>
      </trkpt>
      <trkpt lat="8.993014" lon="-79.541460">
        <time>2026-09-09T11:02:03Z</time>
      </trkpt>
      <trkpt lat="8.993023" lon="-79.541472">
        <time>2026-09-09T11:02:04Z</time>
      </trkpt>
      <trkpt lat="8.993033" lon="-79.541487">
        <time>2026-09-09T11:02:05Z</time>
      </trkpt>
      <trkpt lat="8.993043" lon="-79.541499">
        <time>2026-09-09T11:02:06Z</time>
      </trkpt>
      <trkpt lat="8.993052" lon="-79.541512">
        <time>2026-09-09T11:02:07Z</time>
      </trkpt>
      <trkpt lat="8.993059" lon="-79.541524">
        <time>2026-09-09T11:02:08Z</time>
      </trkpt>
      <trkpt lat="8.993069" lon="-79.541535">
        <time>2026-09-09T11:02:09Z</time>
      </trkpt>
      <trkpt lat="8.993079" lon="-79.541547">
        <time>2026-09-09T11:02:10Z</time>
      </trkpt>
      <trkpt lat="8.993085" lon="-79.541560">
        <time>2026-09-09T11:02:11Z</time>
      </trkpt>
      <trkpt lat="8.993091" lon="-79.541573">
        <time>2026-09-09T11:02:12Z</time>
      </trkpt>
      <trkpt lat="8.993101" lon="-79.541584">
        <time>2026-09-09T11:02:13Z</time>
      </trkpt>
      <trkpt lat="8.993109" lon="-79.541595">
        <time>2026-09-09T11:02:14Z</time>
      </trkpt>
      <trkpt lat="8.993114" lon="-79.541607">
        <time>2026-09-09T11:02:15Z</time>
      </trkpt>
      <trkpt lat="8.993122" lon="-79.541618">
        <time>2026-09-09T11:02:16Z</time>
      </trkpt>
      <trkpt lat="8.993128" lon="-79.541629">
        <time>2026-09-09T11:02:17Z</time>
      </trkpt>
      <trkpt lat="8.993136" lon="-79.541641">
        <time>2026-09-09T11:02:18Z</time>
      </trkpt>
      <trkpt lat="8.993145" lon="-79.541650">
        <time>2026-09-09T11:02:19Z</time>
      </trkpt>
      <trkpt lat="8.993152" lon="-79.541662">
        <time>2026-09-09T11:02:20Z</time>
      </trkpt>
      <trkpt lat="8.993160" lon="-79.541672">
        <time>2026-09-09T11:02:21Z</time>
      </trkpt>
      <trkpt lat="8.993167" lon="-79.541683">
        <time>2026-09-09T11:02:22Z</time>
      </trkpt>
      <trkpt lat="8.993175" lon="-79.541694">
        <time>2026-09-09T11:02:23Z</time>
      </trkpt>
      <trkpt lat="8.993186" lon="-79.541707">
        <time>2026-09-09T11:02:24Z</time>
      </trkpt>
      <trkpt lat="8.993200" lon="-79.541720">
        <time>2026-09-09T11:02:25Z</time>
      </trkpt>
      <trkpt lat="8.993210" lon="-79.541728">
        <time>2026-09-09T11:02:26Z</time>
      </trkpt>
      <trkpt lat="8.993222" lon="-79.541737">
        <time>2026-09-09T11:02:27Z</time>
      </trkpt>
      <trkpt lat="8.993236" lon="-79.541747">
        <time>2026-09-09T11:02:28Z</time>
      </trkpt>
      <trkpt lat="8.993251" lon="-79.541758">
        <time>2026-09-09T11:02:29Z</time>
      </trkpt>
      <trkpt lat="8.993267" lon="-79.541770">
        <time>2026-09-09T11:02:30Z</time>
      </trkpt>
      <trkpt lat="8.993283" lon="-79.541779">
        <time>2026-09-09T11:02:31Z</time>
      </trkpt>
      <trkpt lat="8.993299" lon="-79.541787">
        <time>2026-09-09T11:02:32Z</time>
      </trkpt>
      <trkpt lat="8.993317" lon="-79.541797">
        <time>2026-09-09T11:02:33Z</time>
      </trkpt>
      <trkpt lat="8.993338" lon="-79.541806">
        <time>2026-09-09T11:02:34Z</time>
      </trkpt>
      <trkpt lat="8.993360" lon="-79.541814">
        <time>2026-09-09T11:02:35Z</time>
      </trkpt>
      <trkpt lat="8.993379" lon="-79.541822">
        <time>2026-09-09T11:02:36Z</time>
      </trkpt>
      <trkpt lat="8.993400" lon="-79.541830">
        <time>2026-09-09T11:02:37Z</time>
      </trkpt>
      <trkpt lat="8.993422" lon="-79.541837">
        <time>2026-09-09T11:02:38Z</time>
      </trkpt>
      <trkpt lat="8.993442" lon="-79.541842">
        <time>2026-09-09T11:02:39Z</time>
      </trkpt>
      <trkpt lat="8.993463" lon="-79.541848">
        <time>2026-09-09T11:02:40Z</time>
      </trkpt>
      <trkpt lat="8.993483" lon="-79.541855">
        <time>2026-09-09T11:02:41Z</time>
      </trkpt>
      <trkpt lat="8.993501" lon="-79.541863">
        <time>2026-09-09T11:02:42Z</time>
      </trkpt>
      <trkpt lat="8.993522" lon="-79.541870">
        <time>2026-09-09T11:02:43Z</time>
      </trkpt>
      <trkpt lat="8.993542" lon="-79.541876">
        <time>2026-09-09T11:02:44Z</time>
      </trkpt>
      <trkpt lat="8.993560" lon="-79.541882">
        <time>2026-09-09T11:02:45Z</time>
      </trkpt>
      <trkpt lat="8.993576" lon="-79.541892">
        <time>2026-09-09T11:02:46Z</time>
      </trkpt>
      <trkpt lat="8.993595" lon="-79.541902">
        <time>2026-09-09T11:02:47Z</time>
      </trkpt>
      <trkpt lat="8.993616" lon="-79.541910">
        <time>2026-09-09T11:02:48Z</time>
      </trkpt>
      <trkpt lat="8.993635" lon="-79.541918">
        <time>2026-09-09T11:02:49Z</time>
      </trkpt>
      <trkpt lat="8.993655" lon="-79.541928">
        <time>2026-09-09T11:02:50Z</time>
      </trkpt>
      <trkpt lat="8.993678" lon="-79.541938">
        <time>2026-09-09T11:02:51Z</time>
      </trkpt>
      <trkpt lat="8.993696" lon="-79.541947">
        <time>2026-09-09T11:02:52Z</time>
      </trkpt>
      <trkpt lat="8.993716" lon="-79.541957">
        <time>2026-09-09T11:02:53Z</time>
      </trkpt>
      <trkpt lat="8.993737" lon="-79.541967">
        <time>2026-09-09T11:02:54Z</time>
      </trkpt>
      <trkpt lat="8.993757" lon="-79.541977">
        <time>2026-09-09T11:02:55Z</time>
      </trkpt>
      <trkpt lat="8.993781" lon="-79.541986">
        <time>2026-09-09T11:02:56Z</time>
      </trkpt>
      <trkpt lat="8.993803" lon="-79.541992">
        <time>2026-09-09T11:02:57Z</time>
      </trkpt>
      <trkpt lat="8.993821" lon="-79.542001">
        <time>2026-09-09T11:02:58Z</time>
      </trkpt>
      <trkpt lat="8.993840" lon="-79.542010">
        <time>2026-09-09T11:02:59Z</time>
      </trkpt>
      <trkpt lat="8.993862" lon="-79.542016">
        <time>2026-09-09T11:03:00Z</time>
      </trkpt>
      <trkpt lat="8.993883" lon="-79.542023">
        <time>2026-09-09T11:03:01Z</time>
      </trkpt>
      <trkpt lat="8.993901" lon="-79.542031">
        <time>2026-09-09T11:03:02Z</time>
      </trkpt>
      <trkpt lat="8.993921" lon="-79.542039">
        <time>2026-09-09T11:03:03Z</time>
      </trkpt>
      <trkpt lat="8.993938" lon="-79.542048">
        <time>2026-09-09T11:03:04Z</time>
      </trkpt>
      <trkpt lat="8.993955" lon="-79.542056">
        <time>2026-09-09T11:03:05Z</time>
      </trkpt>
      <trkpt lat="8.993974" lon="-79.542066">
        <time>2026-09-09T11:03:06Z</time>
      </trkpt>
      <trkpt lat="8.993993" lon="-79.542075">
        <time>2026-09-09T11:03:07Z</time>
      </trkpt>
      <trkpt lat="8.994013" lon="-79.542083">
        <time>2026-09-09T11:03:08Z</time>
      </trkpt>
      <trkpt lat="8.994030" lon="-79.542088">
        <time>2026-09-09T11:03:09Z</time>
      </trkpt>
      <trkpt lat="8.994049" lon="-79.542095">
        <time>2026-09-09T11:03:10Z</time>
      </trkpt>
      <trkpt lat="8.994064" lon="-79.542105">
        <time>2026-09-09T11:03:11Z</time>
      </trkpt>
      <trkpt lat="8.994081" lon="-79.542113">
        <time>2026-09-09T11:03:12Z</time>
      </trkpt>
      <trkpt lat="8.994099" lon="-79.542119">
        <time>2026-09-09T11:03:13Z</time>
      </trkpt>
      <trkpt lat="8.994115" lon="-79.542125">
        <time>2026-09-09T11:03:14Z</time>
      </trkpt>
      <trkpt lat="8.994131" lon="-79.542131">
        <time>2026-09-09T11:03:15Z</time>
      </trkpt>
      <trkpt lat="8.994147" lon="-79.542139">
        <time>2026-09-09T11:03:16Z</time>
      </trkpt>
      <trkpt lat="8.994161" lon="-79.542147">
        <time>2026-09-09T11:03:17Z</time>
      </trkpt>
      <trkpt lat="8.994175" lon="-79.542153">
        <time>2026-09-09T11:03:18Z</time>
      </trkpt>
      <trkpt lat="8.994188" lon="-79.542160">
        <time>2026-09-09T11:03:19Z</time>
      </trkpt>
      <trkpt lat="8.994202" lon="-79.542163">
        <time>2026-09-09T11:03:20Z</time>
      </trkpt>
      <trkpt lat="8.994224" lon="-79.542164">
        <time>2026-09-09T11:03:21Z</time>
      </trkpt>
      <trkpt lat="8.994240" lon="-79.542169">
        <time>2026-09-09T11:03:22Z</time>
      </trkpt>
      <trkpt lat="8.994254" lon="-79.542175">
        <time>2026-09-09T11:03:23Z</time>
      </trkpt>
      <trkpt lat="8.994267" lon="-79.542179">
        <time>2026-09-09T11:03:24Z</time>
      </trkpt>
      <trkpt lat="8.994286" lon="-79.542182">
        <time>2026-09-09T11:03:25Z</time>
      </trkpt>
      <trkpt lat="8.994304" lon="-79.542185">
        <time>2026-09-09T11:03:26Z</time>
      </trkpt>
      <trkpt lat="8.994321" lon="-79.542187">
        <time>2026-09-09T11:03:27Z</time>
      </trkpt>
      <trkpt lat="8.994336" lon="-79.542190">
        <time>2026-09-09T11:03:28Z</time>
      </trkpt>
      <trkpt lat="8.994351" lon="-79.542192">
        <time>2026-09-09T11:03:29Z</time>
      </trkpt>
      <trkpt lat="8.994369" lon="-79.542193">
        <time>2026-09-09T11:03:30Z</time>
      </trkpt>
      <trkpt lat="8.994387" lon="-79.542194">
        <time>2026-09-09T11:03:31Z</time>
      </trkpt>
      <trkpt lat="8.994402" lon="-79.542197">
        <time>2026-09-09T11:03:32Z</time>
      </trkpt>
      <trkpt lat="8.994417" lon="-79.542202">
        <time>2026-09-09T11:03:33Z</time>
      </trkpt>
      <trkpt lat="8.994435" lon="-79.542206">
        <time>2026-09-09T11:03:34Z</time>
      </trkpt>
      <trkpt lat="8.994454" lon="-79.542210">
        <time>2026-09-09T11:03:35Z</time>
      </trkpt>
      <trkpt lat="8.994470" lon="-79.542214">
        <time>2026-09-09T11:03:36Z</time>
      </trkpt>
      <trkpt lat="8.994487" lon="-79.542220">
        <time>2026-09-09T11:03:37Z</time>
      </trkpt>
      <trkpt lat="8.994506" lon="-79.542223">
        <time>2026-09-09T11:03:38Z</time>
      </trkpt>
      <trkpt lat="8.994522" lon="-79.542224">
        <time>2026-09-09T11:03:39Z</time>
      </trkpt>
      <trkpt lat="8.994538" lon="-79.542229">
        <time>2026-09-09T11:03:40Z</time>
      </trkpt>
      <trkpt lat="8.994557" lon="-79.542233">
        <time>2026-09-09T11:03:41Z</time>
      </trkpt>
      <trkpt lat="8.994579" lon="-79.542235">
        <time>2026-09-09T11:03:42Z</time>
      </trkpt>
      <trkpt lat="8.994600" lon="-79.542239">
        <time>2026-09-09T11:03:43Z</time>
      </trkpt>
      <trkpt lat="8.994620" lon="-79.542243">
        <time>2026-09-09T11:03:44Z</time>
      </trkpt>
      <trkpt lat="8.994639" lon="-79.542246">
        <time>2026-09-09T11:03:45Z</time>
      </trkpt>
      <trkpt lat="8.994658" lon="-79.542249">
        <time>2026-09-09T11:03:46Z</time>
      </trkpt>
      <trkpt lat="8.994676" lon="-79.542253">
        <time>2026-09-09T11:03:47Z</time>
      </trkpt>
      <trkpt lat="8.994694" lon="-79.542259">
        <time>2026-09-09T11:03:48Z</time>
      </trkpt>
      <trkpt lat="8.994710" lon="-79.542263">
        <time>2026-09-09T11:03:49Z</time>
      </trkpt>
      <trkpt lat="8.994727" lon="-79.542267">
        <time>2026-09-09T11:03:50Z</time>
      </trkpt>
      <trkpt lat="8.994746" lon="-79.542272">
        <time>2026-09-09T11:03:51Z</time>
      </trkpt>
      <trkpt lat="8.994760" lon="-79.542277">
        <time>2026-09-09T11:03:52Z</time>
      </trkpt>
      <trkpt lat="8.994774" lon="-79.542281">
        <time>2026-09-09T11:03:53Z</time>
      </trkpt>
      <trkpt lat="8.994794" lon="-79.542282">
        <time>2026-09-09T11:03:54Z</time>
      </trkpt>
      <trkpt lat="8.994813" lon="-79.542285">
        <time>2026-09-09T11:03:55Z</time>
      </trkpt>
      <trkpt lat="8.994830" lon="-79.542287">
        <time>2026-09-09T11:03:56Z</time>
      </trkpt>
      <trkpt lat="8.994847" lon="-79.542290">
        <time>2026-09-09T11:03:57Z</time>
      </trkpt>
      <trkpt lat="8.994868" lon="-79.542291">
        <time>2026-09-09T11:03:58Z</time>
      </trkpt>
      <trkpt lat="8.994885" lon="-79.542291">
        <time>2026-09-09T11:03:59Z</time>
      </trkpt>
      <trkpt lat="8.994902" lon="-79.542294">
        <time>2026-09-09T11:04:00Z</time>
      </trkpt>
      <trkpt lat="8.994919" lon="-79.542296">
        <time>2026-09-09T11:04:01Z</time>
      </trkpt>
      <trkpt lat="8.994939" lon="-79.542297">
        <time>2026-09-09T11:04:02Z</time>
      </trkpt>
      <trkpt lat="8.994957" lon="-79.542297">
        <time>2026-09-09T11:04:03Z</time>
      </trkpt>
      <trkpt lat="8.994971" lon="-79.542299">
        <time>2026-09-09T11:04:04Z</time>
      </trkpt>
      <trkpt lat="8.994987" lon="-79.542302">
        <time>2026-09-09T11:04:05Z</time>
      </trkpt>
      <trkpt lat="8.995005" lon="-79.542305">
        <time>2026-09-09T11:04:06Z</time>
      </trkpt>
      <trkpt lat="8.995023" lon="-79.542309">
        <time>2026-09-09T11:04:07Z</time>
      </trkpt>
      <trkpt lat="8.995041" lon="-79.542312">
        <time>2026-09-09T11:04:08Z</time>
      </trkpt>
      <trkpt lat="8.995054" lon="-79.542318">
        <time>2026-09-09T11:04:09Z</time>
      </trkpt>
      <trkpt lat="8.995061" lon="-79.542329">
        <time>2026-09-09T11:04:10Z</time>
      </trkpt>
      <trkpt lat="8.995065" lon="-79.542341">
        <time>2026-09-09T11:04:11Z</time>
      </trkpt>
      <trkpt lat="8.995066" lon="-79.542352">
        <time>2026-09-09T11:04:12Z</time>
      </trkpt>
      <trkpt lat="8.995068" lon="-79.542363">
        <time>2026-09-09T11:04:13Z</time>
      </trkpt>
      <trkpt lat="8.995069" lon="-79.542374">
        <time>2026-09-09T11:04:14Z</time>
      </trkpt>
      <trkpt lat="8.995063" lon="-79.542386">
        <time>2026-09-09T11:04:15Z</time>
      </trkpt>
      <trkpt lat="8.995062" lon="-79.542398">
        <time>2026-09-09T11:04:16Z</time>
      </trkpt>
      <trkpt lat="8.995058" lon="-79.542412">
        <time>2026-09-09T11:04:17Z</time>
      </trkpt>
      <trkpt lat="8.995052" lon="-79.542422">
        <time>2026-09-09T11:04:18Z</time>
      </trkpt>
      <trkpt lat="8.995044" lon="-79.542432">
        <time>2026-09-09T11:04:19Z</time>
      </trkpt>
      <trkpt lat="8.995036" lon="-79.542442">
        <time>2026-09-09T11:04:20Z</time>
      </trkpt>
      <trkpt lat="8.995027" lon="-79.542453">
        <time>2026-09-09T11:04:21Z</time>
      </trkpt>
      <trkpt lat="8.995019" lon="-79.542462">
        <time>2026-09-09T11:04:22Z</time>
      </trkpt>
      <trkpt lat="8.995010" lon="-79.542472">
        <time>2026-09-09T11:04:23Z</time>
      </trkpt>
      <trkpt lat="8.995004" lon="-79.542480">
        <time>2026-09-09T11:04:24Z</time>
      </trkpt>
      <trkpt lat="8.994999" lon="-79.542492">
        <time>2026-09-09T11:04:25Z</time>
      </trkpt>
      <trkpt lat="8.994993" lon="-79.542501">
        <time>2026-09-09T11:04:26Z</time>
      </trkpt>
      <trkpt lat="8.994983" lon="-79.542509">
        <time>2026-09-09T11:04:27Z</time>
      </trkpt>
      <trkpt lat="8.994969" lon="-79.542514">
        <time>2026-09-09T11:04:28Z</time>
      </trkpt>
      <trkpt lat="8.994959" lon="-79.542522">
        <time>2026-09-09T11:04:29Z</time>
      </trkpt>
      <trkpt lat="8.994948" lon="-79.542532">
        <time>2026-09-09T11:04:30Z</time>
      </trkpt>
      <trkpt lat="8.994938" lon="-79.542544">
        <time>2026-09-09T11:04:31Z</time>
      </trkpt>
      <trkpt lat="8.994931" lon="-79.542557">
        <time>2026-09-09T11:04:32Z</time>
      </trkpt>
      <trkpt lat="8.994924" lon="-79.542566">
        <time>2026-09-09T11:04:33Z</time>
      </trkpt>
      <trkpt lat="8.994916" lon="-79.542573">
        <time>2026-09-09T11:04:34Z</time>
      </trkpt>
      <trkpt lat="8.994905" lon="-79.542583">
        <time>2026-09-09T11:04:35Z</time>
      </trkpt>
      <trkpt lat="8.994896" lon="-79.542593">
        <time>2026-09-09T11:04:36Z</time>
      </trkpt>
      <trkpt lat="8.994886" lon="-79.542602">
        <time>2026-09-09T11:04:37Z</time>
      </trkpt>
      <trkpt lat="8.994877" lon="-79.542612">
        <time>2026-09-09T11:04:38Z</time>
      </trkpt>
      <trkpt lat="8.994865" lon="-79.542623">
        <time>2026-09-09T11:04:39Z</time>
      </trkpt>
      <trkpt lat="8.994853" lon="-79.542635">
        <time>2026-09-09T11:04:40Z</time>
      </trkpt>
      <trkpt lat="8.994840" lon="-79.542642">
        <time>2026-09-09T11:04:41Z</time>
      </trkpt>
      <trkpt lat="8.994826" lon="-79.542654">
        <time>2026-09-09T11:04:42Z</time>
      </trkpt>
      <trkpt lat="8.994811" lon="-79.542665">
        <time>2026-09-09T11:04:43Z</time>
      </trkpt>
      <trkpt lat="8.994795" lon="-79.542677">
        <time>2026-09-09T11:04:44Z</time>
      </trkpt>
      <trkpt lat="8.994780" lon="-79.542685">
        <time>2026-09-09T11:04:45Z</time>
      </trkpt>
      <trkpt lat="8.994766" lon="-79.542694">
        <time>2026-09-09T11:04:46Z</time>
      </trkpt>
      <trkpt lat="8.994749" lon="-79.542704">
        <time>2026-09-09T11:04:47Z</time>
      </trkpt>
      <trkpt lat="8.994732" lon="-79.542713">
        <time>2026-09-09T11:04:48Z</time>
      </trkpt>
      <trkpt lat="8.994714" lon="-79.542720">
        <time>2026-09-09T11:04:49Z</time>
      </trkpt>
      <trkpt lat="8.994697" lon="-79.542727">
        <time>2026-09-09T11:04:50Z</time>
      </trkpt>
      <trkpt lat="8.994681" lon="-79.542734">
        <time>2026-09-09T11:04:51Z</time>
      </trkpt>
      <trkpt lat="8.994663" lon="-79.542744">
        <time>2026-09-09T11:04:52Z</time>
      </trkpt>
      <trkpt lat="8.994645" lon="-79.542751">
        <time>2026-09-09T11:04:53Z</time>
      </trkpt>
      <trkpt lat="8.994630" lon="-79.542763">
        <time>2026-09-09T11:04:54Z</time>
      </trkpt>
      <trkpt lat="8.994614" lon="-79.542776">
        <time>2026-09-09T11:04:55Z</time>
      </trkpt>
      <trkpt lat="8.994599" lon="-79.542785">
        <time>2026-09-09T11:04:56Z</time>
      </trkpt>
      <trkpt lat="8.994584" lon="-79.542793">
        <time>2026-09-09T11:04:57Z</time>
      </trkpt>
      <trkpt lat="8.994569" lon="-79.542801">
        <time>2026-09-09T11:04:58Z</time>
      </trkpt>
      <trkpt lat="8.994554" lon="-79.542812">
        <time>2026-09-09T11:04:59Z</time>
      </trkpt>
      <trkpt lat="8.994539" lon="-79.542824">
        <time>2026-09-09T11:05:00Z</time>
      </trkpt>
      <trkpt lat="8.994524" lon="-79.542835">
        <time>2026-09-09T11:05:01Z</time>
      </trkpt>
      <trkpt lat="8.994509" lon="-79.542849">
        <time>2026-09-09T11:05:02Z</time>
      </trkpt>
      <trkpt lat="8.994495" lon="-79.542865">
        <time>2026-09-09T11:05:03Z</time>
      </trkpt>
      <trkpt lat="8.994482" lon="-79.542878">
        <time>2026-09-09T11:05:04Z</time>
      </trkpt>
      <trkpt lat="8.994471" lon="-79.542892">
        <time>2026-09-09T11:05:05Z</time>
      </trkpt>
      <trkpt lat="8.994462" lon="-79.542905">
        <time>2026-09-09T11:05:06Z</time>
      </trkpt>
      <trkpt lat="8.994451" lon="-79.542921">
        <time>2026-09-09T11:05:07Z</time>
      </trkpt>
      <trkpt lat="8.994438" lon="-79.542936">
        <time>2026-09-09T11:05:08Z</time>
      </trkpt>
      <trkpt lat="8.994425" lon="-79.542948">
        <time>2026-09-09T11:05:09Z</time>
      </trkpt>
      <trkpt lat="8.994414" lon="-79.542961">
        <time>2026-09-09T11:05:10Z</time>
      </trkpt>
      <trkpt lat="8.994403" lon="-79.542974">
        <time>2026-09-09T11:05:11Z</time>
      </trkpt>
      <trkpt lat="8.994390" lon="-79.542986">
        <time>2026-09-09T11:05:12Z</time>
      </trkpt>
      <trkpt lat="8.994375" lon="-79.543001">
        <time>2026-09-09T11:05:13Z</time>
      </trkpt>
      <trkpt lat="8.994362" lon="-79.543017">
        <time>2026-09-09T11:05:14Z</time>
      </trkpt>
      <trkpt lat="8.994349" lon="-79.543033">
        <time>2026-09-09T11:05:15Z</time>
      </trkpt>
      <trkpt lat="8.994337" lon="-79.543049">
        <time>2026-09-09T11:05:16Z</time>
      </trkpt>
      <trkpt lat="8.994323" lon="-79.543066">
        <time>2026-09-09T11:05:17Z</time>
      </trkpt>
      <trkpt lat="8.994310" lon="-79.543082">
        <time>2026-09-09T11:05:18Z</time>
      </trkpt>
      <trkpt lat="8.994297" lon="-79.543095">
        <time>2026-09-09T11:05:19Z</time>
      </trkpt>
      <trkpt lat="8.994284" lon="-79.543105">
        <time>2026-09-09T11:05:20Z</time>
      </trkpt>
      <trkpt lat="8.994271" lon="-79.543118">
        <time>2026-09-09T11:05:21Z</time>
      </trkpt>
      <trkpt lat="8.994258" lon="-79.543134">
        <time>2026-09-09T11:05:22Z</time>
      </trkpt>
      <trkpt lat="8.994245" lon="-79.543149">
        <time>2026-09-09T11:05:23Z</time>
      </trkpt>
      <trkpt lat="8.994235" lon="-79.543165">
        <time>2026-09-09T11:05:24Z</time>
      </trkpt>
      <trkpt lat="8.994222" lon="-79.543177">
        <time>2026-09-09T11:05:25Z</time>
      </trkpt>
      <trkpt lat="8.994209" lon="-79.543192">
        <time>2026-09-09T11:05:26Z</time>
      </trkpt>
      <trkpt lat="8.994197" lon="-79.543210">
        <time>2026-09-09T11:05:27Z</time>
      </trkpt>
      <trkpt lat="8.994183" lon="-79.543227">
        <time>2026-09-09T11:05:28Z</time>
      </trkpt>
      <trkpt lat="8.994168" lon="-79.543241">
        <time>2026-09-09T11:05:29Z</time>
      </trkpt>
      <trkpt lat="8.994154" lon="-79.543252">
        <time>2026-09-09T11:05:30Z</time>
      </trkpt>
      <trkpt lat="8.994139" lon="-79.543263">
        <time>2026-09-09T11:05:31Z</time>
      </trkpt>
      <trkpt lat="8.994121" lon="-79.543274">
        <time>2026-09-09T11:05:32Z</time>
      </trkpt>
      <trkpt lat="8.994106" lon="-79.543285">
        <time>2026-09-09T11:05:33Z</time>
      </trkpt>
      <trkpt lat="8.994090" lon="-79.543297">
        <time>2026-09-09T11:05:34Z</time>
      </trkpt>
      <trkpt lat="8.994072" lon="-79.543308">
        <time>2026-09-09T11:05:35Z</time>
      </trkpt>
      <trkpt lat="8.994055" lon="-79.543320">
        <time>2026-09-09T11:05:36Z</time>
      </trkpt>
      <trkpt lat="8.994038" lon="-79.543331">
        <time>2026-09-09T11:05:37Z</time>
      </trkpt>
      <trkpt lat="8.994020" lon="-79.543339">
        <time>2026-09-09T11:05:38Z</time>
      </trkpt>
      <trkpt lat="8.993999" lon="-79.543348">
        <time>2026-09-09T11:05:39Z</time>
      </trkpt>
      <trkpt lat="8.993981" lon="-79.543356">
        <time>2026-09-09T11:05:40Z</time>
      </trkpt>
      <trkpt lat="8.993961" lon="-79.543365">
        <time>2026-09-09T11:05:41Z</time>
      </trkpt>
      <trkpt lat="8.993940" lon="-79.543372">
        <time>2026-09-09T11:05:42Z</time>
      </trkpt>
      <trkpt lat="8.993916" lon="-79.543385">
        <time>2026-09-09T11:05:43Z</time>
      </trkpt>
      <trkpt lat="8.993894" lon="-79.543394">
        <time>2026-09-09T11:05:44Z</time>
      </trkpt>
      <trkpt lat="8.993873" lon="-79.543400">
        <time>2026-09-09T11:05:45Z</time>
      </trkpt>
      <trkpt lat="8.993847" lon="-79.543404">
        <time>2026-09-09T11:05:46Z</time>
      </trkpt>
      <trkpt lat="8.993821" lon="-79.543411">
        <time>2026-09-09T11:05:47Z</time>
      </trkpt>
      <trkpt lat="8.993798" lon="-79.543417">
        <time>2026-09-09T11:05:48Z</time>
      </trkpt>
      <trkpt lat="8.993777" lon="-79.543422">
        <time>2026-09-09T11:05:49Z</time>
      </trkpt>
      <trkpt lat="8.993754" lon="-79.543428">
        <time>2026-09-09T11:05:50Z</time>
      </trkpt>
      <trkpt lat="8.993731" lon="-79.543432">
        <time>2026-09-09T11:05:51Z</time>
      </trkpt>
      <trkpt lat="8.993711" lon="-79.543437">
        <time>2026-09-09T11:05:52Z</time>
      </trkpt>
      <trkpt lat="8.993693" lon="-79.543441">
        <time>2026-09-09T11:05:53Z</time>
      </trkpt>
      <trkpt lat="8.993673" lon="-79.543447">
        <time>2026-09-09T11:05:54Z</time>
      </trkpt>
      <trkpt lat="8.993652" lon="-79.543454">
        <time>2026-09-09T11:05:55Z</time>
      </trkpt>
      <trkpt lat="8.993631" lon="-79.543461">
        <time>2026-09-09T11:05:56Z</time>
      </trkpt>
      <trkpt lat="8.993618" lon="-79.543459">
        <time>2026-09-09T11:05:57Z</time>
      </trkpt>
      <trkpt lat="8.993606" lon="-79.543460">
        <time>2026-09-09T11:05:58Z</time>
      </trkpt>
      <trkpt lat="8.993591" lon="-79.543463">
        <time>2026-09-09T11:05:59Z</time>
      </trkpt>
      <trkpt lat="8.993576" lon="-79.543466">
        <time>2026-09-09T11:06:00Z</time>
      </trkpt>
      <trkpt lat="8.993561" lon="-79.543471">
        <time>2026-09-09T11:06:01Z</time>
      </trkpt>
      <trkpt lat="8.993547" lon="-79.543474">
        <time>2026-09-09T11:06:02Z</time>
      </trkpt>
      <trkpt lat="8.993532" lon="-79.543479">
        <time>2026-09-09T11:06:03Z</time>
      </trkpt>
      <trkpt lat="8.993515" lon="-79.543487">
        <time>2026-09-09T11:06:04Z</time>
      </trkpt>
      <trkpt lat="8.993497" lon="-79.543495">
        <time>2026-09-09T11:06:05Z</time>
      </trkpt>
      <trkpt lat="8.993479" lon="-79.543501">
        <time>2026-09-09T11:06:06Z</time>
      </trkpt>
      <trkpt lat="8.993464" lon="-79.543509">
        <time>2026-09-09T11:06:07Z</time>
      </trkpt>
      <trkpt lat="8.993450" lon="-79.543513">
        <time>2026-09-09T11:06:08Z</time>
      </trkpt>
      <trkpt lat="8.993436" lon="-79.543517">
        <time>2026-09-09T11:06:09Z</time>
      </trkpt>
      <trkpt lat="8.993419" lon="-79.543523">
        <time>2026-09-09T11:06:10Z</time>
      </trkpt>
      <trkpt lat="8.993401" lon="-79.543526">
        <time>2026-09-09T11:06:11Z</time>
      </trkpt>
      <trkpt lat="8.993385" lon="-79.543529">
        <time>2026-09-09T11:06:12Z</time>
      </trkpt>
      <trkpt lat="8.993372" lon="-79.543533">
        <time>2026-09-09T11:06:13Z</time>
      </trkpt>
      <trkpt lat="8.993358" lon="-79.543536">
        <time>2026-09-09T11:06:14Z</time>
      </trkpt>
      <trkpt lat="8.993345" lon="-79.543539">
        <time>2026-09-09T11:06:15Z</time>
      </trkpt>
      <trkpt lat="8.993333" lon="-79.543547">
        <time>2026-09-09T11:06:16Z</time>
      </trkpt>
      <trkpt lat="8.993324" lon="-79.543550">
        <time>2026-09-09T11:06:17Z</time>
      </trkpt>
      <trkpt lat="8.993313" lon="-79.543556">
        <time>2026-09-09T11:06:18Z</time>
      </trkpt>
      <trkpt lat="8.993304" lon="-79.543562">
        <time>2026-09-09T11:06:19Z</time>
      </trkpt>
      <trkpt lat="8.993299" lon="-79.543568">
        <time>2026-09-09T11:06:20Z</time>
      </trkpt>
      <trkpt lat="8.993296" lon="-79.543569">
        <time>2026-09-09T11:06:21Z</time>
      </trkpt>
      <trkpt lat="8.993293" lon="-79.543572">
        <time>2026-09-09T11:06:22Z</time>
      </trkpt>
      <trkpt lat="8.993294" lon="-79.543574">
        <time>2026-09-09T11:06:23Z</time>
      </trkpt>
      <trkpt lat="8.993297" lon="-79.543573">
        <time>2026-09-09T11:06:24Z</time>
      </trkpt>
      <trkpt lat="8.993302" lon="-79.543578">
        <time>2026-09-09T11:06:25Z</time>
      </trkpt>
      <trkpt lat="8.993310" lon="-79.543582">
        <time>2026-09-09T11:06:26Z</time>
      </trkpt>
      <trkpt lat="8.993319" lon="-79.543587">
        <time>2026-09-09T11:06:27Z</time>
      </trkpt>
      <trkpt lat="8.993329" lon="-79.543587">
        <time>2026-09-09T11:06:28Z</time>
      </trkpt>
      <trkpt lat="8.993339" lon="-79.543587">
        <time>2026-09-09T11:06:29Z</time>
      </trkpt>
      <trkpt lat="8.993353" lon="-79.543586">
        <time>2026-09-09T11:06:30Z</time>
      </trkpt>
      <trkpt lat="8.993370" lon="-79.543588">
        <time>2026-09-09T11:06:31Z</time>
      </trkpt>
      <trkpt lat="8.993386" lon="-79.543588">
        <time>2026-09-09T11:06:32Z</time>
      </trkpt>
      <trkpt lat="8.993402" lon="-79.543587">
        <time>2026-09-09T11:06:33Z</time>
      </trkpt>
      <trkpt lat="8.993415" lon="-79.543586">
        <time>2026-09-09T11:06:34Z</time>
      </trkpt>
      <trkpt lat="8.993432" lon="-79.543583">
        <time>2026-09-09T11:06:35Z</time>
      </trkpt>
      <trkpt lat="8.993450" lon="-79.543581">
        <time>2026-09-09T11:06:36Z</time>
      </trkpt>
      <trkpt lat="8.993466" lon="-79.543578">
        <time>2026-09-09T11:06:37Z</time>
      </trkpt>
      <trkpt lat="8.993481" lon="-79.543577">
        <time>2026-09-09T11:06:38Z</time>
      </trkpt>
      <trkpt lat="8.993500" lon="-79.543573">
        <time>2026-09-09T11:06:39Z</time>
      </trkpt>
      <trkpt lat="8.993518" lon="-79.543568">
        <time>2026-09-09T11:06:40Z</time>
      </trkpt>
      <trkpt lat="8.993531" lon="-79.543555">
        <time>2026-09-09T11:06:41Z</time>
      </trkpt>
      <trkpt lat="8.993546" lon="-79.543550">
        <time>2026-09-09T11:06:42Z</time>
      </trkpt>
      <trkpt lat="8.993558" lon="-79.543547">
        <time>2026-09-09T11:06:43Z</time>
      </trkpt>
      <trkpt lat="8.993569" lon="-79.543543">
        <time>2026-09-09T11:06:44Z</time>
      </trkpt>
      <trkpt lat="8.993581" lon="-79.543537">
        <time>2026-09-09T11:06:45Z</time>
      </trkpt>
      <trkpt lat="8.993595" lon="-79.543532">
        <time>2026-09-09T11:06:46Z</time>
      </trkpt>
      <trkpt lat="8.993610" lon="-79.543527">
        <time>2026-09-09T11:06:47Z</time>
      </trkpt>
      <trkpt lat="8.993624" lon="-79.543523">
        <time>2026-09-09T11:06:48Z</time>
      </trkpt>
      <trkpt lat="8.993640" lon="-79.543520">
        <time>2026-09-09T11:06:49Z</time>
      </trkpt>
      <trkpt lat="8.993655" lon="-79.543513">
        <time>2026-09-09T11:06:50Z</time>
      </trkpt>
      <trkpt lat="8.993670" lon="-79.543508">
        <time>2026-09-09T11:06:51Z</time>
      </trkpt>
      <trkpt lat="8.993682" lon="-79.543506">
        <time>2026-09-09T11:06:52Z</time>
      </trkpt>
      <trkpt lat="8.993701" lon="-79.543502">
        <time>2026-09-09T11:06:53Z</time>
      </trkpt>
      <trkpt lat="8.993718" lon="-79.543498">
        <time>2026-09-09T11:06:54Z</time>
      </trkpt>
      <trkpt lat="8.993734" lon="-79.543496">
        <time>2026-09-09T11:06:55Z</time>
      </trkpt>
      <trkpt lat="8.993748" lon="-79.543491">
        <time>2026-09-09T11:06:56Z</time>
      </trkpt>
      <trkpt lat="8.993758" lon="-79.543487">
        <time>2026-09-09T11:06:57Z</time>
      </trkpt>
      <trkpt lat="8.993774" lon="-79.543483">
        <time>2026-09-09T11:06:58Z</time>
      </trkpt>
      <trkpt lat="8.993794" lon="-79.543475">
        <time>2026-09-09T11:06:59Z</time>
      </trkpt>
      <trkpt lat="8.993811" lon="-79.543470">
        <time>2026-09-09T11:07:00Z</time>
      </trkpt>
      <trkpt lat="8.993828" lon="-79.543463">
        <time>2026-09-09T11:07:01Z</time>
      </trkpt>
      <trkpt lat="8.993847" lon="-79.543457">
        <time>2026-09-09T11:07:02Z</time>
      </trkpt>
      <trkpt lat="8.993865" lon="-79.543451">
        <time>2026-09-09T11:07:03Z</time>
      </trkpt>
      <trkpt lat="8.993882" lon="-79.543445">
        <time>2026-09-09T11:07:04Z</time>
      </trkpt>
      <trkpt lat="8.993895" lon="-79.543440">
        <time>2026-09-09T11:07:05Z</time>
      </trkpt>
      <trkpt lat="8.993909" lon="-79.543433">
        <time>2026-09-09T11:07:06Z</time>
      </trkpt>
      <trkpt lat="8.993925" lon="-79.543423">
        <time>2026-09-09T11:07:07Z</time>
      </trkpt>
      <trkpt lat="8.993938" lon="-79.543414">
        <time>2026-09-09T11:07:08Z</time>
      </trkpt>
      <trkpt lat="8.993952" lon="-79.543404">
        <time>2026-09-09T11:07:09Z</time>
      </trkpt>
      <trkpt lat="8.993967" lon="-79.543394">
        <time>2026-09-09T11:07:10Z</time>
      </trkpt>
      <trkpt lat="8.993982" lon="-79.543383">
        <time>2026-09-09T11:07:11Z</time>
      </trkpt>
      <trkpt lat="8.993996" lon="-79.543373">
        <time>2026-09-09T11:07:12Z</time>
      </trkpt>
      <trkpt lat="8.994007" lon="-79.543363">
        <time>2026-09-09T11:07:13Z</time>
      </trkpt>
      <trkpt lat="8.994020" lon="-79.543353">
        <time>2026-09-09T11:07:14Z</time>
      </trkpt>
      <trkpt lat="8.994035" lon="-79.543341">
        <time>2026-09-09T11:07:15Z</time>
      </trkpt>
      <trkpt lat="8.994047" lon="-79.543332">
        <time>2026-09-09T11:07:16Z</time>
      </trkpt>
      <trkpt lat="8.994057" lon="-79.543324">
        <time>2026-09-09T11:07:17Z</time>
      </trkpt>
      <trkpt lat="8.994069" lon="-79.543316">
        <time>2026-09-09T11:07:18Z</time>
      </trkpt>
      <trkpt lat="8.994082" lon="-79.543307">
        <time>2026-09-09T11:07:19Z</time>
      </trkpt>
      <trkpt lat="8.994097" lon="-79.543300">
        <time>2026-09-09T11:07:20Z</time>
      </trkpt>
      <trkpt lat="8.994111" lon="-79.543294">
        <time>2026-09-09T11:07:21Z</time>
      </trkpt>
      <trkpt lat="8.994123" lon="-79.543290">
        <time>2026-09-09T11:07:22Z</time>
      </trkpt>
      <trkpt lat="8.994133" lon="-79.543289">
        <time>2026-09-09T11:07:23Z</time>
      </trkpt>
      <trkpt lat="8.994148" lon="-79.543291">
        <time>2026-09-09T11:07:24Z</time>
      </trkpt>
      <trkpt lat="8.994157" lon="-79.543295">
        <time>2026-09-09T11:07:25Z</time>
      </trkpt>
      <trkpt lat="8.994167" lon="-79.543301">
        <time>2026-09-09T11:07:26Z</time>
      </trkpt>
      <trkpt lat="8.994177" lon="-79.543309">
        <time>2026-09-09T11:07:27Z</time>
      </trkpt>
      <trkpt lat="8.994185" lon="-79.543317">
        <time>2026-09-09T11:07:28Z</time>
      </trkpt>
      <trkpt lat="8.994194" lon="-79.543331">
        <time>2026-09-09T11:07:29Z</time>
      </trkpt>
      <trkpt lat="8.994201" lon="-79.543345">
        <time>2026-09-09T11:07:30Z</time>
      </trkpt>
      <trkpt lat="8.994204" lon="-79.543356">
        <time>2026-09-09T11:07:31Z</time>
      </trkpt>
      <trkpt lat="8.994206" lon="-79.543373">
        <time>2026-09-09T11:07:32Z</time>
      </trkpt>
      <trkpt lat="8.994206" lon="-79.543391">
        <time>2026-09-09T11:07:33Z</time>
      </trkpt>
      <trkpt lat="8.994202" lon="-79.543408">
        <time>2026-09-09T11:07:34Z</time>
      </trkpt>
      <trkpt lat="8.994199" lon="-79.543427">
        <time>2026-09-09T11:07:35Z</time>
      </trkpt>
      <trkpt lat="8.994197" lon="-79.543445">
        <time>2026-09-09T11:07:36Z</time>
      </trkpt>
      <trkpt lat="8.994191" lon="-79.543462">
        <time>2026-09-09T11:07:37Z</time>
      </trkpt>
      <trkpt lat="8.994186" lon="-79.543478">
        <time>2026-09-09T11:07:38Z</time>
      </trkpt>
      <trkpt lat="8.994179" lon="-79.543494">
        <time>2026-09-09T11:07:39Z</time>
      </trkpt>
      <trkpt lat="8.994171" lon="-79.543508">
        <time>2026-09-09T11:07:40Z</time>
      </trkpt>
      <trkpt lat="8.994163" lon="-79.543522">
        <time>2026-09-09T11:07:41Z</time>
      </trkpt>
      <trkpt lat="8.994156" lon="-79.543536">
        <time>2026-09-09T11:07:42Z</time>
      </trkpt>
      <trkpt lat="8.994148" lon="-79.543550">
        <time>2026-09-09T11:07:43Z</time>
      </trkpt>
      <trkpt lat="8.994136" lon="-79.543563">
        <time>2026-09-09T11:07:44Z</time>
      </trkpt>
      <trkpt lat="8.994128" lon="-79.543577">
        <time>2026-09-09T11:07:45Z</time>
      </trkpt>
      <trkpt lat="8.994118" lon="-79.543591">
        <time>2026-09-09T11:07:46Z</time>
      </trkpt>
      <trkpt lat="8.994111" lon="-79.543604">
        <time>2026-09-09T11:07:47Z</time>
      </trkpt>
      <trkpt lat="8.994105" lon="-79.543616">
        <time>2026-09-09T11:07:48Z</time>
      </trkpt>
      <trkpt lat="8.994099" lon="-79.543630">
        <time>2026-09-09T11:07:49Z</time>
      </trkpt>
      <trkpt lat="8.994093" lon="-79.543648">
        <time>2026-09-09T11:07:50Z</time>
      </trkpt>
      <trkpt lat="8.994087" lon="-79.543662">
        <time>2026-09-09T11:07:51Z</time>
      </trkpt>
      <trkpt lat="8.994083" lon="-79.543674">
        <time>2026-09-09T11:07:52Z</time>
      </trkpt>
      <trkpt lat="8.994076" lon="-79.543688">
        <time>2026-09-09T11:07:53Z</time>
      </trkpt>
      <trkpt lat="8.994070" lon="-79.543705">
        <time>2026-09-09T11:07:54Z</time>
      </trkpt>
      <trkpt lat="8.994063" lon="-79.543719">
        <time>2026-09-09T11:07:55Z</time>
      </trkpt>
      <trkpt lat="8.994058" lon="-79.543732">
        <time>2026-09-09T11:07:56Z</time>
      </trkpt>
      <trkpt lat="8.994052" lon="-79.543745">
        <time>2026-09-09T11:07:57Z</time>
      </trkpt>
      <trkpt lat="8.994049" lon="-79.543759">
        <time>2026-09-09T11:07:58Z</time>
      </trkpt>
      <trkpt lat="8.994046" lon="-79.543773">
        <time>2026-09-09T11:07:59Z</time>
      </trkpt>
      <trkpt lat="8.994042" lon="-79.543786">
        <time>2026-09-09T11:08:00Z</time>
      </trkpt>
      <trkpt lat="8.994041" lon="-79.543797">
        <time>2026-09-09T11:08:01Z</time>
      </trkpt>
      <trkpt lat="8.994040" lon="-79.543814">
        <time>2026-09-09T11:08:02Z</time>
      </trkpt>
      <trkpt lat="8.994040" lon="-79.543834">
        <time>2026-09-09T11:08:03Z</time>
      </trkpt>
      <trkpt lat="8.994041" lon="-79.543850">
        <time>2026-09-09T11:08:04Z</time>
      </trkpt>
      <trkpt lat="8.994043" lon="-79.543866">
        <time>2026-09-09T11:08:05Z</time>
      </trkpt>
      <trkpt lat="8.994046" lon="-79.543882">
        <time>2026-09-09T11:08:06Z</time>
      </trkpt>
      <trkpt lat="8.994049" lon="-79.543898">
        <time>2026-09-09T11:08:07Z</time>
      </trkpt>
      <trkpt lat="8.994054" lon="-79.543917">
        <time>2026-09-09T11:08:08Z</time>
      </trkpt>
      <trkpt lat="8.994059" lon="-79.543935">
        <time>2026-09-09T11:08:09Z</time>
      </trkpt>
      <trkpt lat="8.994065" lon="-79.543951">
        <time>2026-09-09T11:08:10Z</time>
      </trkpt>
      <trkpt lat="8.994072" lon="-79.543965">
        <time>2026-09-09T11:08:11Z</time>
      </trkpt>
      <trkpt lat="8.994079" lon="-79.543977">
        <time>2026-09-09T11:08:12Z</time>
      </trkpt>
      <trkpt lat="8.994088" lon="-79.543991">
        <time>2026-09-09T11:08:13Z</time>
      </trkpt>
      <trkpt lat="8.994097" lon="-79.544003">
        <time>2026-09-09T11:08:14Z</time>
      </trkpt>
      <trkpt lat="8.994103" lon="-79.544012">
        <time>2026-09-09T11:08:15Z</time>
      </trkpt>
      <trkpt lat="8.994113" lon="-79.544020">
        <time>2026-09-09T11:08:16Z</time>
      </trkpt>
      <trkpt lat="8.994126" lon="-79.544031">
        <time>2026-09-09T11:08:17Z</time>
      </trkpt>
      <trkpt lat="8.994137" lon="-79.544042">
        <time>2026-09-09T11:08:18Z</time>
      </trkpt>
      <trkpt lat="8.994149" lon="-79.544053">
        <time>2026-09-09T11:08:19Z</time>
      </trkpt>
      <trkpt lat="8.994159" lon="-79.544063">
        <time>2026-09-09T11:08:20Z</time>
      </trkpt>
      <trkpt lat="8.994170" lon="-79.544073">
        <time>2026-09-09T11:08:21Z</time>
      </trkpt>
      <trkpt lat="8.994184" lon="-79.544081">
        <time>2026-09-09T11:08:22Z</time>
      </trkpt>
      <trkpt lat="8.994198" lon="-79.544089">
        <time>2026-09-09T11:08:23Z</time>
      </trkpt>
      <trkpt lat="8.994212" lon="-79.544094">
        <time>2026-09-09T11:08:24Z</time>
      </trkpt>
      <trkpt lat="8.994229" lon="-79.544099">
        <time>2026-09-09T11:08:25Z</time>
      </trkpt>
      <trkpt lat="8.994245" lon="-79.544104">
        <time>2026-09-09T11:08:26Z</time>
      </trkpt>
      <trkpt lat="8.994262" lon="-79.544109">
        <time>2026-09-09T11:08:27Z</time>
      </trkpt>
      <trkpt lat="8.994279" lon="-79.544113">
        <time>2026-09-09T11:08:28Z</time>
      </trkpt>
      <trkpt lat="8.994298" lon="-79.544118">
        <time>2026-09-09T11:08:29Z</time>
      </trkpt>
      <trkpt lat="8.994317" lon="-79.544123">
        <time>2026-09-09T11:08:30Z</time>
      </trkpt>
      <trkpt lat="8.994334" lon="-79.544127">
        <time>2026-09-09T11:08:31Z</time>
      </trkpt>
      <trkpt lat="8.994350" lon="-79.544130">
        <time>2026-09-09T11:08:32Z</time>
      </trkpt>
      <trkpt lat="8.994365" lon="-79.544132">
        <time>2026-09-09T11:08:33Z</time>
      </trkpt>
      <trkpt lat="8.994382" lon="-79.544133">
        <time>2026-09-09T11:08:34Z</time>
      </trkpt>
      <trkpt lat="8.994400" lon="-79.544133">
        <time>2026-09-09T11:08:35Z</time>
      </trkpt>
      <trkpt lat="8.994421" lon="-79.544133">
        <time>2026-09-09T11:08:36Z</time>
      </trkpt>
      <trkpt lat="8.994437" lon="-79.544133">
        <time>2026-09-09T11:08:37Z</time>
      </trkpt>
      <trkpt lat="8.994454" lon="-79.544132">
        <time>2026-09-09T11:08:38Z</time>
      </trkpt>
      <trkpt lat="8.994469" lon="-79.544132">
        <time>2026-09-09T11:08:39Z</time>
      </trkpt>
      <trkpt lat="8.994485" lon="-79.544133">
        <time>2026-09-09T11:08:40Z</time>
      </trkpt>
      <trkpt lat="8.994500" lon="-79.544132">
        <time>2026-09-09T11:08:41Z</time>
      </trkpt>
      <trkpt lat="8.994511" lon="-79.544131">
        <time>2026-09-09T11:08:42Z</time>
      </trkpt>
      <trkpt lat="8.994526" lon="-79.544132">
        <time>2026-09-09T11:08:43Z</time>
      </trkpt>
      <trkpt lat="8.994539" lon="-79.544132">
        <time>2026-09-09T11:08:44Z</time>
      </trkpt>
      <trkpt lat="8.994552" lon="-79.544134">
        <time>2026-09-09T11:08:45Z</time>
      </trkpt>
      <trkpt lat="8.994564" lon="-79.544136">
        <time>2026-09-09T11:08:46Z</time>
      </trkpt>
      <trkpt lat="8.994573" lon="-79.544138">
        <time>2026-09-09T11:08:47Z</time>
      </trkpt>
      <trkpt lat="8.994582" lon="-79.544140">
        <time>2026-09-09T11:08:48Z</time>
      </trkpt>
      <trkpt lat="8.994591" lon="-79.544144">
        <time>2026-09-09T11:08:49Z</time>
      </trkpt>
      <trkpt lat="8.994599" lon="-79.544151">
        <time>2026-09-09T11:08:50Z</time>
      </trkpt>
      <trkpt lat="8.994609" lon="-79.544159">
        <time>2026-09-09T11:08:51Z</time>
      </trkpt>
      <trkpt lat="8.994625" lon="-79.544161">
        <time>2026-09-09T11:08:52Z</time>
      </trkpt>
      <trkpt lat="8.994634" lon="-79.544166">
        <time>2026-09-09T11:08:53Z</time>
      </trkpt>
      <trkpt lat="8.994643" lon="-79.544171">
        <time>2026-09-09T11:08:54Z</time>
      </trkpt>
      <trkpt lat="8.994654" lon="-79.544179">
        <time>2026-09-09T11:08:55Z</time>
      </trkpt>
      <trkpt lat="8.994666" lon="-79.544190">
        <time>2026-09-09T11:08:56Z</time>
      </trkpt>
      <trkpt lat="8.994675" lon="-79.544199">
        <time>2026-09-09T11:08:57Z</time>
      </trkpt>
      <trkpt lat="8.994682" lon="-79.544205">
        <time>2026-09-09T11:08:58Z</time>
      </trkpt>
      <trkpt lat="8.994689" lon="-79.544211">
        <time>2026-09-09T11:08:59Z</time>
      </trkpt>
      <trkpt lat="8.994697" lon="-79.544221">
        <time>2026-09-09T11:09:00Z</time>
      </trkpt>
      <trkpt lat="8.994705" lon="-79.544227">
        <time>2026-09-09T11:09:01Z</time>
      </trkpt>
      <trkpt lat="8.994713" lon="-79.544237">
        <time>2026-09-09T11:09:02Z</time>
      </trkpt>
      <trkpt lat="8.994719" lon="-79.544247">
        <time>2026-09-09T11:09:03Z</time>
      </trkpt>
      <trkpt lat="8.994725" lon="-79.544258">
        <time>2026-09-09T11:09:04Z</time>
      </trkpt>
      <trkpt lat="8.994732" lon="-79.544269">
        <time>2026-09-09T11:09:05Z</time>
      </trkpt>
      <trkpt lat="8.994741" lon="-79.544281">
        <time>2026-09-09T11:09:06Z</time>
      </trkpt>
      <trkpt lat="8.994751" lon="-79.544292">
        <time>2026-09-09T11:09:07Z</time>
      </trkpt>
      <trkpt lat="8.994760" lon="-79.544302">
        <time>2026-09-09T11:09:08Z</time>
      </trkpt>
      <trkpt lat="8.994768" lon="-79.544316">
        <time>2026-09-09T11:09:09Z</time>
      </trkpt>
      <trkpt lat="8.994778" lon="-79.544332">
        <time>2026-09-09T11:09:10Z</time>
      </trkpt>
      <trkpt lat="8.994792" lon="-79.544347">
        <time>2026-09-09T11:09:11Z</time>
      </trkpt>
      <trkpt lat="8.994802" lon="-79.544361">
        <time>2026-09-09T11:09:12Z</time>
      </trkpt>
      <trkpt lat="8.994810" lon="-79.544376">
        <time>2026-09-09T11:09:13Z</time>
      </trkpt>
      <trkpt lat="8.994819" lon="-79.544391">
        <time>2026-09-09T11:09:14Z</time>
      </trkpt>
      <trkpt lat="8.994832" lon="-79.544404">
        <time>2026-09-09T11:09:15Z</time>
      </trkpt>
      <trkpt lat="8.994842" lon="-79.544419">
        <time>2026-09-09T11:09:16Z</time>
      </trkpt>
      <trkpt lat="8.994852" lon="-79.544430">
        <time>2026-09-09T11:09:17Z</time>
      </trkpt>
      <trkpt lat="8.994863" lon="-79.544442">
        <time>2026-09-09T11:09:18Z</time>
      </trkpt>
      <trkpt lat="8.994873" lon="-79.544454">
        <time>2026-09-09T11:09:19Z</time>
      </trkpt>
      <trkpt lat="8.994881" lon="-79.544468">
        <time>2026-09-09T11:09:20Z</time>
      </trkpt>
      <trkpt lat="8.994888" lon="-79.544482">
        <time>2026-09-09T11:09:21Z</time>
      </trkpt>
      <trkpt lat="8.994898" lon="-79.544493">
        <time>2026-09-09T11:09:22Z</time>
      </trkpt>
      <trkpt lat="8.994904" lon="-79.544504">
        <time>2026-09-09T11:09:23Z</time>
      </trkpt>
      <trkpt lat="8.994910" lon="-79.544514">
        <time>2026-09-09T11:09:24Z</time>
      </trkpt>
      <trkpt lat="8.994916" lon="-79.544524">
        <time>2026-09-09T11:09:25Z</time>
      </trkpt>
      <trkpt lat="8.994925" lon="-79.544532">
        <time>2026-09-09T11:09:26Z</time>
      </trkpt>
      <trkpt lat="8.994933" lon="-79.544546">
        <time>2026-09-09T11:09:27Z</time>
      </trkpt>
      <trkpt lat="8.994940" lon="-79.544558">
        <time>2026-09-09T11:09:28Z</time>
      </trkpt>
      <trkpt lat="8.994947" lon="-79.544567">
        <time>2026-09-09T11:09:29Z</time>
      </trkpt>
      <trkpt lat="8.994952" lon="-79.544577">
        <time>2026-09-09T11:09:30Z</time>
      </trkpt>
      <trkpt lat="8.994961" lon="-79.544589">
        <time>2026-09-09T11:09:31Z</time>
      </trkpt>
      <trkpt lat="8.994968" lon="-79.544602">
        <time>2026-09-09T11:09:32Z</time>
      </trkpt>
      <trkpt lat="8.994975" lon="-79.544616">
        <time>2026-09-09T11:09:33Z</time>
      </trkpt>
      <trkpt lat="8.994988" lon="-79.544630">
        <time>2026-09-09T11:09:34Z</time>
      </trkpt>
      <trkpt lat="8.994999" lon="-79.544647">
        <time>2026-09-09T11:09:35Z</time>
      </trkpt>
      <trkpt lat="8.995006" lon="-79.544663">
        <time>2026-09-09T11:09:36Z</time>
      </trkpt>
      <trkpt lat="8.995015" lon="-79.544677">
        <time>2026-09-09T11:09:37Z</time>
      </trkpt>
      <trkpt lat="8.995024" lon="-79.544694">
        <time>2026-09-09T11:09:38Z</time>
      </trkpt>
      <trkpt lat="8.995033" lon="-79.544710">
        <time>2026-09-09T11:09:39Z</time>
      </trkpt>
      <trkpt lat="8.995039" lon="-79.544723">
        <time>2026-09-09T11:09:40Z</time>
      </trkpt>
      <trkpt lat="8.995046" lon="-79.544739">
        <time>2026-09-09T11:09:41Z</time>
      </trkpt>
      <trkpt lat="8.995055" lon="-79.544756">
        <time>2026-09-09T11:09:42Z</time>
      </trkpt>
      <trkpt lat="8.995062" lon="-79.544773">
        <time>2026-09-09T11:09:43Z</time>
      </trkpt>
      <trkpt lat="8.995069" lon="-79.544787">
        <time>2026-09-09T11:09:44Z</time>
      </trkpt>
      <trkpt lat="8.995077" lon="-79.544800">
        <time>2026-09-09T11:09:45Z</time>
      </trkpt>
      <trkpt lat="8.995086" lon="-79.544814">
        <time>2026-09-09T11:09:46Z</time>
      </trkpt>
      <trkpt lat="8.995092" lon="-79.544831">
        <time>2026-09-09T11:09:47Z</time>
      </trkpt>
      <trkpt lat="8.995100" lon="-79.544843">
        <time>2026-09-09T11:09:48Z</time>
      </trkpt>
      <trkpt lat="8.995107" lon="-79.544855">
        <time>2026-09-09T11:09:49Z</time>
      </trkpt>
      <trkpt lat="8.995115" lon="-79.544865">
        <time>2026-09-09T11:09:50Z</time>
      </trkpt>
      <trkpt lat="8.995127" lon="-79.544875">
        <time>2026-09-09T11:09:51Z</time>
      </trkpt>
      <trkpt lat="8.995141" lon="-79.544885">
        <time>2026-09-09T11:09:52Z</time>
      </trkpt>
      <trkpt lat="8.995154" lon="-79.544891">
        <time>2026-09-09T11:09:53Z</time>
      </trkpt>
      <trkpt lat="8.995169" lon="-79.544899">
        <time>2026-09-09T11:09:54Z</time>
      </trkpt>
      <trkpt lat="8.995185" lon="-79.544906">
        <time>2026-09-09T11:09:55Z</time>
      </trkpt>
      <trkpt lat="8.995202" lon="-79.544909">
        <time>2026-09-09T11:09:56Z</time>
      </trkpt>
      <trkpt lat="8.995219" lon="-79.544913">
        <time>2026-09-09T11:09:57Z</time>
      </trkpt>
      <trkpt lat="8.995238" lon="-79.544916">
        <time>2026-09-09T11:09:58Z</time>
      </trkpt>
      <trkpt lat="8.995256" lon="-79.544920">
        <time>2026-09-09T11:09:59Z</time>
      </trkpt>
      <trkpt lat="8.995274" lon="-79.544924">
        <time>2026-09-09T11:10:00Z</time>
      </trkpt>
      <trkpt lat="8.995290" lon="-79.544927">
        <time>2026-09-09T11:10:01Z</time>
      </trkpt>
      <trkpt lat="8.995308" lon="-79.544930">
        <time>2026-09-09T11:10:02Z</time>
      </trkpt>
      <trkpt lat="8.995326" lon="-79.544934">
        <time>2026-09-09T11:10:03Z</time>
      </trkpt>
      <trkpt lat="8.995343" lon="-79.544936">
        <time>2026-09-09T11:10:04Z</time>
      </trkpt>
      <trkpt lat="8.995361" lon="-79.544938">
        <time>2026-09-09T11:10:05Z</time>
      </trkpt>
      <trkpt lat="8.995380" lon="-79.544942">
        <time>2026-09-09T11:10:06Z</time>
      </trkpt>
      <trkpt lat="8.995397" lon="-79.544938">
        <time>2026-09-09T11:10:07Z</time>
      </trkpt>
      <trkpt lat="8.995414" lon="-79.544936">
        <time>2026-09-09T11:10:08Z</time>
      </trkpt>
      <trkpt lat="8.995431" lon="-79.544936">
        <time>2026-09-09T11:10:09Z</time>
      </trkpt>
      <trkpt lat="8.995450" lon="-79.544938">
        <time>2026-09-09T11:10:10Z</time>
      </trkpt>
      <trkpt lat="8.995468" lon="-79.544941">
        <time>2026-09-09T11:10:11Z</time>
      </trkpt>
      <trkpt lat="8.995485" lon="-79.544943">
        <time>2026-09-09T11:10:12Z</time>
      </trkpt>
      <trkpt lat="8.995502" lon="-79.544945">
        <time>2026-09-09T11:10:13Z</time>
      </trkpt>
      <trkpt lat="8.995520" lon="-79.544949">
        <time>2026-09-09T11:10:14Z</time>
      </trkpt>
      <trkpt lat="8.995536" lon="-79.544951">
        <time>2026-09-09T11:10:15Z</time>
      </trkpt>
      <trkpt lat="8.995550" lon="-79.544954">
        <time>2026-09-09T11:10:16Z</time>
      </trkpt>
      <trkpt lat="8.995566" lon="-79.544957">
        <time>2026-09-09T11:10:17Z</time>
      </trkpt>
      <trkpt lat="8.995581" lon="-79.544960">
        <time>2026-09-09T11:10:18Z</time>
      </trkpt>
      <trkpt lat="8.995597" lon="-79.544965">
        <time>2026-09-09T11:10:19Z</time>
      </trkpt>
      <trkpt lat="8.995612" lon="-79.544971">
        <time>2026-09-09T11:10:20Z</time>
      </trkpt>
      <trkpt lat="8.995625" lon="-79.544978">
        <time>2026-09-09T11:10:21Z</time>
      </trkpt>
      <trkpt lat="8.995639" lon="-79.544981">
        <time>2026-09-09T11:10:22Z</time>
      </trkpt>
      <trkpt lat="8.995652" lon="-79.544983">
        <time>2026-09-09T11:10:23Z</time>
      </trkpt>
      <trkpt lat="8.995666" lon="-79.544990">
        <time>2026-09-09T11:10:24Z</time>
      </trkpt>
      <trkpt lat="8.995681" lon="-79.544996">
        <time>2026-09-09T11:10:25Z</time>
      </trkpt>
      <trkpt lat="8.995695" lon="-79.545000">
        <time>2026-09-09T11:10:26Z</time>
      </trkpt>
      <trkpt lat="8.995707" lon="-79.545007">
        <time>2026-09-09T11:10:27Z</time>
      </trkpt>
      <trkpt lat="8.995718" lon="-79.545015">
        <time>2026-09-09T11:10:28Z</time>
      </trkpt>
      <trkpt lat="8.995732" lon="-79.545030">
        <time>2026-09-09T11:10:29Z</time>
      </trkpt>
      <trkpt lat="8.995744" lon="-79.545040">
        <time>2026-09-09T11:10:30Z</time>
      </trkpt>
      <trkpt lat="8.995755" lon="-79.545050">
        <time>2026-09-09T11:10:31Z</time>
      </trkpt>
      <trkpt lat="8.995767" lon="-79.545060">
        <time>2026-09-09T11:10:32Z</time>
      </trkpt>
      <trkpt lat="8.995778" lon="-79.545069">
        <time>2026-09-09T11:10:33Z</time>
      </trkpt>
      <trkpt lat="8.995788" lon="-79.545078">
        <time>2026-09-09T11:10:34Z</time>
      </trkpt>
      <trkpt lat="8.995798" lon="-79.545087">
        <time>2026-09-09T11:10:35Z</time>
      </trkpt>
      <trkpt lat="8.995809" lon="-79.545100">
        <time>2026-09-09T11:10:36Z</time>
      </trkpt>
      <trkpt lat="8.995819" lon="-79.545115">
        <time>2026-09-09T11:10:37Z</time>
      </trkpt>
      <trkpt lat="8.995827" lon="-79.545127">
        <time>2026-09-09T11:10:38Z</time>
      </trkpt>
      <trkpt lat="8.995838" lon="-79.545143">
        <time>2026-09-09T11:10:39Z</time>
      </trkpt>
      <trkpt lat="8.995848" lon="-79.545158">
        <time>2026-09-09T11:10:40Z</time>
      </trkpt>
      <trkpt lat="8.995858" lon="-79.545173">
        <time>2026-09-09T11:10:41Z</time>
      </trkpt>
      <trkpt lat="8.995866" lon="-79.545189">
        <time>2026-09-09T11:10:42Z</time>
      </trkpt>
      <trkpt lat="8.995872" lon="-79.545205">
        <time>2026-09-09T11:10:43Z</time>
      </trkpt>
      <trkpt lat="8.995878" lon="-79.545225">
        <time>2026-09-09T11:10:44Z</time>
      </trkpt>
      <trkpt lat="8.995885" lon="-79.545244">
        <time>2026-09-09T11:10:45Z</time>
      </trkpt>
      <trkpt lat="8.995890" lon="-79.545262">
        <time>2026-09-09T11:10:46Z</time>
      </trkpt>
      <trkpt lat="8.995897" lon="-79.545280">
        <time>2026-09-09T11:10:47Z</time>
      </trkpt>
      <trkpt lat="8.995903" lon="-79.545299">
        <time>2026-09-09T11:10:48Z</time>
      </trkpt>
      <trkpt lat="8.995908" lon="-79.545321">
        <time>2026-09-09T11:10:49Z</time>
      </trkpt>
      <trkpt lat="8.995911" lon="-79.545344">
        <time>2026-09-09T11:10:50Z</time>
      </trkpt>
      <trkpt lat="8.995913" lon="-79.545365">
        <time>2026-09-09T11:10:51Z</time>
      </trkpt>
      <trkpt lat="8.995913" lon="-79.545387">
        <time>2026-09-09T11:10:52Z</time>
      </trkpt>
      <trkpt lat="8.995911" lon="-79.545409">
        <time>2026-09-09T11:10:53Z</time>
      </trkpt>
      <trkpt lat="8.995909" lon="-79.545431">
        <time>2026-09-09T11:10:54Z</time>
      </trkpt>
      <trkpt lat="8.995906" lon="-79.545449">
        <time>2026-09-09T11:10:55Z</time>
      </trkpt>
      <trkpt lat="8.995904" lon="-79.545470">
        <time>2026-09-09T11:10:56Z</time>
      </trkpt>
      <trkpt lat="8.995901" lon="-79.545492">
        <time>2026-09-09T11:10:57Z</time>
      </trkpt>
      <trkpt lat="8.995899" lon="-79.545513">
        <time>2026-09-09T11:10:58Z</time>
      </trkpt>
      <trkpt lat="8.995895" lon="-79.545533">
        <time>2026-09-09T11:10:59Z</time>
      </trkpt>
      <trkpt lat="8.995888" lon="-79.545556">
        <time>2026-09-09T11:11:00Z</time>
      </trkpt>
      <trkpt lat="8.995880" lon="-79.545579">
        <time>2026-09-09T11:11:01Z</time>
      </trkpt>
      <trkpt lat="8.995871" lon="-79.545601">
        <time>2026-09-09T11:11:02Z</time>
      </trkpt>
      <trkpt lat="8.995864" lon="-79.545625">
        <time>2026-09-09T11:11:03Z</time>
      </trkpt>
      <trkpt lat="8.995854" lon="-79.545651">
        <time>2026-09-09T11:11:04Z</time>
      </trkpt>
      <trkpt lat="8.995846" lon="-79.545675">
        <time>2026-09-09T11:11:05Z</time>
      </trkpt>
      <trkpt lat="8.995837" lon="-79.545696">
        <time>2026-09-09T11:11:06Z</time>
      </trkpt>
      <trkpt lat="8.995828" lon="-79.545717">
        <time>2026-09-09T11:11:07Z</time>
      </trkpt>
      <trkpt lat="8.995818" lon="-79.545739">
        <time>2026-09-09T11:11:08Z</time>
      </trkpt>
      <trkpt lat="8.995807" lon="-79.545761">
        <time>2026-09-09T11:11:09Z</time>
      </trkpt>
      <trkpt lat="8.995794" lon="-79.545782">
        <time>2026-09-09T11:11:10Z</time>
      </trkpt>
      <trkpt lat="8.995782" lon="-79.545804">
        <time>2026-09-09T11:11:11Z</time>
      </trkpt>
      <trkpt lat="8.995768" lon="-79.545828">
        <time>2026-09-09T11:11:12Z</time>
      </trkpt>
      <trkpt lat="8.995755" lon="-79.545853">
        <time>2026-09-09T11:11:13Z</time>
      </trkpt>
      <trkpt lat="8.995745" lon="-79.545874">
        <time>2026-09-09T11:11:14Z</time>
      </trkpt>
      <trkpt lat="8.995736" lon="-79.545896">
        <time>2026-09-09T11:11:15Z</time>
      </trkpt>
      <trkpt lat="8.995723" lon="-79.545923">
        <time>2026-09-09T11:11:16Z</time>
      </trkpt>
      <trkpt lat="8.995713" lon="-79.545948">
        <time>2026-09-09T11:11:17Z</time>
      </trkpt>
      <trkpt lat="8.995702" lon="-79.545972">
        <time>2026-09-09T11:11:18Z</time>
      </trkpt>
      <trkpt lat="8.995690" lon="-79.545996">
        <time>2026-09-09T11:11:19Z</time>
      </trkpt>
      <trkpt lat="8.995680" lon="-79.546018">
        <time>2026-09-09T11:11:20Z</time>
      </trkpt>
      <trkpt lat="8.995669" lon="-79.546039">
        <time>2026-09-09T11:11:21Z</time>
      </trkpt>
      <trkpt lat="8.995656" lon="-79.546060">
        <time>2026-09-09T11:11:22Z</time>
      </trkpt>
      <trkpt lat="8.995644" lon="-79.546080">
        <time>2026-09-09T11:11:23Z</time>
      </trkpt>
      <trkpt lat="8.995633" lon="-79.546100">
        <time>2026-09-09T11:11:24Z</time>
      </trkpt>
      <trkpt lat="8.995623" lon="-79.546123">
        <time>2026-09-09T11:11:25Z</time>
      </trkpt>
      <trkpt lat="8.995612" lon="-79.546144">
        <time>2026-09-09T11:11:26Z</time>
      </trkpt>
      <trkpt lat="8.995598" lon="-79.546166">
        <time>2026-09-09T11:11:27Z</time>
      </trkpt>
      <trkpt lat="8.995590" lon="-79.546186">
        <time>2026-09-09T11:11:28Z</time>
      </trkpt>
      <trkpt lat="8.995581" lon="-79.546203">
        <time>2026-09-09T11:11:29Z</time>
      </trkpt>
      <trkpt lat="8.995572" lon="-79.546219">
        <time>2026-09-09T11:11:30Z</time>
      </trkpt>
      <trkpt lat="8.995563" lon="-79.546239">
        <time>2026-09-09T11:11:31Z</time>
      </trkpt>
      <trkpt lat="8.995555" lon="-79.546257">
        <time>2026-09-09T11:11:32Z</time>
      </trkpt>
      <trkpt lat="8.995547" lon="-79.546276">
        <time>2026-09-09T11:11:33Z</time>
      </trkpt>
      <trkpt lat="8.995538" lon="-79.546295">
        <time>2026-09-09T11:11:34Z</time>
      </trkpt>
      <trkpt lat="8.995529" lon="-79.546316">
        <time>2026-09-09T11:11:35Z</time>
      </trkpt>
      <trkpt lat="8.995520" lon="-79.546336">
        <time>2026-09-09T11:11:36Z</time>
      </trkpt>
      <trkpt lat="8.995512" lon="-79.546358">
        <time>2026-09-09T11:11:37Z</time>
      </trkpt>
      <trkpt lat="8.995505" lon="-79.546378">
        <time>2026-09-09T11:11:38Z</time>
      </trkpt>
      <trkpt lat="8.995498" lon="-79.546399">
        <time>2026-09-09T11:11:39Z</time>
      </trkpt>
      <trkpt lat="8.995492" lon="-79.546421">
        <time>2026-09-09T11:11:40Z</time>
      </trkpt>
      <trkpt lat="8.995485" lon="-79.546442">
        <time>2026-09-09T11:11:41Z</time>
      </trkpt>
      <trkpt lat="8.995479" lon="-79.546457">
        <time>2026-09-09T11:11:42Z</time>
      </trkpt>
      <trkpt lat="8.995471" lon="-79.546477">
        <time>2026-09-09T11:11:43Z</time>
      </trkpt>
      <trkpt lat="8.995466" lon="-79.546496">
        <time>2026-09-09T11:11:44Z</time>
      </trkpt>
      <trkpt lat="8.995460" lon="-79.546514">
        <time>2026-09-09T11:11:45Z</time>
      </trkpt>
      <trkpt lat="8.995453" lon="-79.546532">
        <time>2026-09-09T11:11:46Z</time>
      </trkpt>
      <trkpt lat="8.995443" lon="-79.546548">
        <time>2026-09-09T11:11:47Z</time>
      </trkpt>
      <trkpt lat="8.995434" lon="-79.546565">
        <time>2026-09-09T11:11:48Z</time>
      </trkpt>
      <trkpt lat="8.995421" lon="-79.546580">
        <time>2026-09-09T11:11:49Z</time>
      </trkpt>
      <trkpt lat="8.995408" lon="-79.546597">
        <time>2026-09-09T11:11:50Z</time>
      </trkpt>
      <trkpt lat="8.995395" lon="-79.546614">
        <time>2026-09-09T11:11:51Z</time>
      </trkpt>
      <trkpt lat="8.995383" lon="-79.546631">
        <time>2026-09-09T11:11:52Z</time>
      </trkpt>
      <trkpt lat="8.995370" lon="-79.546647">
        <time>2026-09-09T11:11:53Z</time>
      </trkpt>
      <trkpt lat="8.995356" lon="-79.546662">
        <time>2026-09-09T11:11:54Z</time>
      </trkpt>
      <trkpt lat="8.995341" lon="-79.546677">
        <time>2026-09-09T11:11:55Z</time>
      </trkpt>
      <trkpt lat="8.995323" lon="-79.546695">
        <time>2026-09-09T11:11:56Z</time>
      </trkpt>
      <trkpt lat="8.995309" lon="-79.546712">
        <time>2026-09-09T11:11:57Z</time>
      </trkpt>
      <trkpt lat="8.995292" lon="-79.546729">
        <time>2026-09-09T11:11:58Z</time>
      </trkpt>
      <trkpt lat="8.995274" lon="-79.546747">
        <time>2026-09-09T11:11:59Z</time>
      </trkpt>
      <trkpt lat="8.995258" lon="-79.546765">
        <time>2026-09-09T11:12:00Z</time>
      </trkpt>
      <trkpt lat="8.995243" lon="-79.546780">
        <time>2026-09-09T11:12:01Z</time>
      </trkpt>
      <trkpt lat="8.995224" lon="-79.546794">
        <time>2026-09-09T11:12:02Z</time>
      </trkpt>
      <trkpt lat="8.995206" lon="-79.546805">
        <time>2026-09-09T11:12:03Z</time>
      </trkpt>
      <trkpt lat="8.995190" lon="-79.546820">
        <time>2026-09-09T11:12:04Z</time>
      </trkpt>
      <trkpt lat="8.995175" lon="-79.546836">
        <time>2026-09-09T11:12:05Z</time>
      </trkpt>
      <trkpt lat="8.995158" lon="-79.546849">
        <time>2026-09-09T11:12:06Z</time>
      </trkpt>
      <trkpt lat="8.995143" lon="-79.546867">
        <time>2026-09-09T11:12:07Z</time>
      </trkpt>
      <trkpt lat="8.995130" lon="-79.546883">
        <time>2026-09-09T11:12:08Z</time>
      </trkpt>
      <trkpt lat="8.995118" lon="-79.546902">
        <time>2026-09-09T11:12:09Z</time>
      </trkpt>
      <trkpt lat="8.995103" lon="-79.546924">
        <time>2026-09-09T11:12:10Z</time>
      </trkpt>
      <trkpt lat="8.995092" lon="-79.546947">
        <time>2026-09-09T11:12:11Z</time>
      </trkpt>
      <trkpt lat="8.995082" lon="-79.546969">
        <time>2026-09-09T11:12:12Z</time>
      </trkpt>
      <trkpt lat="8.995071" lon="-79.546994">
        <time>2026-09-09T11:12:13Z</time>
      </trkpt>
      <trkpt lat="8.995064" lon="-79.547019">
        <time>2026-09-09T11:12:14Z</time>
      </trkpt>
      <trkpt lat="8.995058" lon="-79.547046">
        <time>2026-09-09T11:12:15Z</time>
      </trkpt>
      <trkpt lat="8.995054" lon="-79.547071">
        <time>2026-09-09T11:12:16Z</time>
      </trkpt>
      <trkpt lat="8.995053" lon="-79.547094">
        <time>2026-09-09T11:12:17Z</time>
      </trkpt>
      <trkpt lat="8.995050" lon="-79.547115">
        <time>2026-09-09T11:12:18Z</time>
      </trkpt>
      <trkpt lat="8.995049" lon="-79.547138">
        <time>2026-09-09T11:12:19Z</time>
      </trkpt>
      <trkpt lat="8.995050" lon="-79.547161">
        <time>2026-09-09T11:12:20Z</time>
      </trkpt>
      <trkpt lat="8.995051" lon="-79.547187">
        <time>2026-09-09T11:12:21Z</time>
      </trkpt>
      <trkpt lat="8.995052" lon="-79.547213">
        <time>2026-09-09T11:12:22Z</time>
      </trkpt>
      <trkpt lat="8.995052" lon="-79.547236">
        <time>2026-09-09T11:12:23Z</time>
      </trkpt>
      <trkpt lat="8.995051" lon="-79.547262">
        <time>2026-09-09T11:12:24Z</time>
      </trkpt>
      <trkpt lat="8.995055" lon="-79.547290">
        <time>2026-09-09T11:12:25Z</time>
      </trkpt>
      <trkpt lat="8.995059" lon="-79.547317">
        <time>2026-09-09T11:12:26Z</time>
      </trkpt>
      <trkpt lat="8.995060" lon="-79.547343">
        <time>2026-09-09T11:12:27Z</time>
      </trkpt>
      <trkpt lat="8.995062" lon="-79.547374">
        <time>2026-09-09T11:12:28Z</time>
      </trkpt>
      <trkpt lat="8.995065" lon="-79.547402">
        <time>2026-09-09T11:12:29Z</time>
      </trkpt>
      <trkpt lat="8.995069" lon="-79.547431">
        <time>2026-09-09T11:12:30Z</time>
      </trkpt>
      <trkpt lat="8.995074" lon="-79.547460">
        <time>2026-09-09T11:12:31Z</time>
      </trkpt>
      <trkpt lat="8.995079" lon="-79.547487">
        <time>2026-09-09T11:12:32Z</time>
      </trkpt>
      <trkpt lat="8.995083" lon="-79.547515">
        <time>2026-09-09T11:12:33Z</time>
      </trkpt>
      <trkpt lat="8.995086" lon="-79.547541">
        <time>2026-09-09T11:12:34Z</time>
      </trkpt>
      <trkpt lat="8.995087" lon="-79.547567">
        <time>2026-09-09T11:12:35Z</time>
      </trkpt>
      <trkpt lat="8.995089" lon="-79.547594">
        <time>2026-09-09T11:12:36Z</time>
      </trkpt>
      <trkpt lat="8.995090" lon="-79.547620">
        <time>2026-09-09T11:12:37Z</time>
      </trkpt>
      <trkpt lat="8.995091" lon="-79.547645">
        <time>2026-09-09T11:12:38Z</time>
      </trkpt>
      <trkpt lat="8.995092" lon="-79.547668">
        <time>2026-09-09T11:12:39Z</time>
      </trkpt>
      <trkpt lat="8.995094" lon="-79.547692">
        <time>2026-09-09T11:12:40Z</time>
      </trkpt>
      <trkpt lat="8.995095" lon="-79.547714">
        <time>2026-09-09T11:12:41Z</time>
      </trkpt>
      <trkpt lat="8.995098" lon="-79.547738">
        <time>2026-09-09T11:12:42Z</time>
      </trkpt>
      <trkpt lat="8.995098" lon="-79.547762">
        <time>2026-09-09T11:12:43Z</time>
      </trkpt>
      <trkpt lat="8.995095" lon="-79.547784">
        <time>2026-09-09T11:12:44Z</time>
      </trkpt>
      <trkpt lat="8.995091" lon="-79.547805">
        <time>2026-09-09T11:12:45Z</time>
      </trkpt>
      <trkpt lat="8.995085" lon="-79.547827">
        <time>2026-09-09T11:12:46Z</time>
      </trkpt>
      <trkpt lat="8.995077" lon="-79.547849">
        <time>2026-09-09T11:12:47Z</time>
      </trkpt>
      <trkpt lat="8.995069" lon="-79.547869">
        <time>2026-09-09T11:12:48Z</time>
      </trkpt>
      <trkpt lat="8.995060" lon="-79.547889">
        <time>2026-09-09T11:12:49Z</time>
      </trkpt>
      <trkpt lat="8.995052" lon="-79.547911">
        <time>2026-09-09T11:12:50Z</time>
      </trkpt>
      <trkpt lat="8.995040" lon="-79.547933">
        <time>2026-09-09T11:12:51Z</time>
      </trkpt>
      <trkpt lat="8.995026" lon="-79.547954">
        <time>2026-09-09T11:12:52Z</time>
      </trkpt>
      <trkpt lat="8.995015" lon="-79.547976">
        <time>2026-09-09T11:12:53Z</time>
      </trkpt>
      <trkpt lat="8.995005" lon="-79.547995">
        <time>2026-09-09T11:12:54Z</time>
      </trkpt>
      <trkpt lat="8.994995" lon="-79.548014">
        <time>2026-09-09T11:12:55Z</time>
      </trkpt>
      <trkpt lat="8.994982" lon="-79.548029">
        <time>2026-09-09T11:12:56Z</time>
      </trkpt>
      <trkpt lat="8.994968" lon="-79.548043">
        <time>2026-09-09T11:12:57Z</time>
      </trkpt>
      <trkpt lat="8.994957" lon="-79.548058">
        <time>2026-09-09T11:12:58Z</time>
      </trkpt>
      <trkpt lat="8.994948" lon="-79.548073">
        <time>2026-09-09T11:12:59Z</time>
      </trkpt>
      <trkpt lat="8.994936" lon="-79.548089">
        <time>2026-09-09T11:13:00Z</time>
      </trkpt>
      <trkpt lat="8.994926" lon="-79.548102">
        <time>2026-09-09T11:13:01Z</time>
      </trkpt>
      <trkpt lat="8.994914" lon="-79.548117">
        <time>2026-09-09T11:13:02Z</time>
      </trkpt>
      <trkpt lat="8.994903" lon="-79.548133">
        <time>2026-09-09T11:13:03Z</time>
      </trkpt>
      <trkpt lat="8.994889" lon="-79.548146">
        <time>2026-09-09T11:13:04Z</time>
      </trkpt>
      <trkpt lat="8.994875" lon="-79.548161">
        <time>2026-09-09T11:13:05Z</time>
      </trkpt>
      <trkpt lat="8.994867" lon="-79.548178">
        <time>2026-09-09T11:13:06Z</time>
      </trkpt>
      <trkpt lat="8.994858" lon="-79.548191">
        <time>2026-09-09T11:13:07Z</time>
      </trkpt>
      <trkpt lat="8.994849" lon="-79.548204">
        <time>2026-09-09T11:13:08Z</time>
      </trkpt>
      <trkpt lat="8.994841" lon="-79.548220">
        <time>2026-09-09T11:13:09Z</time>
      </trkpt>
      <trkpt lat="8.994840" lon="-79.548237">
        <time>2026-09-09T11:13:10Z</time>
      </trkpt>
      <trkpt lat="8.994834" lon="-79.548253">
        <time>2026-09-09T11:13:11Z</time>
      </trkpt>
      <trkpt lat="8.994829" lon="-79.548270">
        <time>2026-09-09T11:13:12Z</time>
      </trkpt>
      <trkpt lat="8.994821" lon="-79.548285">
        <time>2026-09-09T11:13:13Z</time>
      </trkpt>
      <trkpt lat="8.994814" lon="-79.548301">
        <time>2026-09-09T11:13:14Z</time>
      </trkpt>
      <trkpt lat="8.994809" lon="-79.548318">
        <time>2026-09-09T11:13:15Z</time>
      </trkpt>
      <trkpt lat="8.994799" lon="-79.548332">
        <time>2026-09-09T11:13:16Z</time>
      </trkpt>
      <trkpt lat="8.994791" lon="-79.548345">
        <time>2026-09-09T11:13:17Z</time>
      </trkpt>
      <trkpt lat="8.994781" lon="-79.548358">
        <time>2026-09-09T11:13:18Z</time>
      </trkpt>
      <trkpt lat="8.994773" lon="-79.548371">
        <time>2026-09-09T11:13:19Z</time>
      </trkpt>
      <trkpt lat="8.994768" lon="-79.548387">
        <time>2026-09-09T11:13:20Z</time>
      </trkpt>
      <trkpt lat="8.994765" lon="-79.548403">
        <time>2026-09-09T11:13:21Z</time>
      </trkpt>
      <trkpt lat="8.994762" lon="-79.548420">
        <time>2026-09-09T11:13:22Z</time>
      </trkpt>
      <trkpt lat="8.994760" lon="-79.548436">
        <time>2026-09-09T11:13:23Z</time>
      </trkpt>
      <trkpt lat="8.994759" lon="-79.548452">
        <time>2026-09-09T11:13:24Z</time>
      </trkpt>
      <trkpt lat="8.994758" lon="-79.548470">
        <time>2026-09-09T11:13:25Z</time>
      </trkpt>
      <trkpt lat="8.994760" lon="-79.548488">
        <time>2026-09-09T11:13:26Z</time>
      </trkpt>
      <trkpt lat="8.994761" lon="-79.548503">
        <time>2026-09-09T11:13:27Z</time>
      </trkpt>
      <trkpt lat="8.994763" lon="-79.548519">
        <time>2026-09-09T11:13:28Z</time>
      </trkpt>
      <trkpt lat="8.994766" lon="-79.548536">
        <time>2026-09-09T11:13:29Z</time>
      </trkpt>
      <trkpt lat="8.994769" lon="-79.548550">
        <time>2026-09-09T11:13:30Z</time>
      </trkpt>
      <trkpt lat="8.994770" lon="-79.548564">
        <time>2026-09-09T11:13:31Z</time>
      </trkpt>
      <trkpt lat="8.994772" lon="-79.548576">
        <time>2026-09-09T11:13:32Z</time>
      </trkpt>
      <trkpt lat="8.994773" lon="-79.548590">
        <time>2026-09-09T11:13:33Z</time>
      </trkpt>
      <trkpt lat="8.994773" lon="-79.548604">
        <time>2026-09-09T11:13:34Z</time>
      </trkpt>
      <trkpt lat="8.994774" lon="-79.548619">
        <time>2026-09-09T11:13:35Z</time>
      </trkpt>
      <trkpt lat="8.994775" lon="-79.548634">
        <time>2026-09-09T11:13:36Z</time>
      </trkpt>
      <trkpt lat="8.994777" lon="-79.548649">
        <time>2026-09-09T11:13:37Z</time>
      </trkpt>
      <trkpt lat="8.994780" lon="-79.548666">
        <time>2026-09-09T11:13:38Z</time>
      </trkpt>
      <trkpt lat="8.994783" lon="-79.548683">
        <time>2026-09-09T11:13:39Z</time>
      </trkpt>
      <trkpt lat="8.994786" lon="-79.548698">
        <time>2026-09-09T11:13:40Z</time>
      </trkpt>
      <trkpt lat="8.994790" lon="-79.548714">
        <time>2026-09-09T11:13:41Z</time>
      </trkpt>
      <trkpt lat="8.994795" lon="-79.548729">
        <time>2026-09-09T11:13:42Z</time>
      </trkpt>
      <trkpt lat="8.994800" lon="-79.548744">
        <time>2026-09-09T11:13:43Z</time>
      </trkpt>
      <trkpt lat="8.994808" lon="-79.548760">
        <time>2026-09-09T11:13:44Z</time>
      </trkpt>
      <trkpt lat="8.994807" lon="-79.548772">
        <time>2026-09-09T11:13:45Z</time>
      </trkpt>
      <trkpt lat="8.994811" lon="-79.548788">
        <time>2026-09-09T11:13:46Z</time>
      </trkpt>
      <trkpt lat="8.994814" lon="-79.548804">
        <time>2026-09-09T11:13:47Z</time>
      </trkpt>
      <trkpt lat="8.994816" lon="-79.548813">
        <time>2026-09-09T11:13:48Z</time>
      </trkpt>
      <trkpt lat="8.994818" lon="-79.548822">
        <time>2026-09-09T11:13:49Z</time>
      </trkpt>
      <trkpt lat="8.994821" lon="-79.548835">
        <time>2026-09-09T11:13:50Z</time>
      </trkpt>
      <trkpt lat="8.994824" lon="-79.548848">
        <time>2026-09-09T11:13:51Z</time>
      </trkpt>
      <trkpt lat="8.994826" lon="-79.548860">
        <time>2026-09-09T11:13:52Z</time>
      </trkpt>
      <trkpt lat="8.994828" lon="-79.548871">
        <time>2026-09-09T11:13:53Z</time>
      </trkpt>
      <trkpt lat="8.994832" lon="-79.548885">
        <time>2026-09-09T11:13:54Z</time>
      </trkpt>
      <trkpt lat="8.994836" lon="-79.548896">
        <time>2026-09-09T11:13:55Z</time>
      </trkpt>
      <trkpt lat="8.994840" lon="-79.548913">
        <time>2026-09-09T11:13:56Z</time>
      </trkpt>
      <trkpt lat="8.994844" lon="-79.548927">
        <time>2026-09-09T11:13:57Z</time>
      </trkpt>
      <trkpt lat="8.994847" lon="-79.548937">
        <time>2026-09-09T11:13:58Z</time>
      </trkpt>
      <trkpt lat="8.994850" lon="-79.548946">
        <time>2026-09-09T11:13:59Z</time>
      </trkpt>
      <trkpt lat="8.994856" lon="-79.548959">
        <time>2026-09-09T11:14:00Z</time>
      </trkpt>
      <trkpt lat="8.994861" lon="-79.548973">
        <time>2026-09-09T11:14:01Z</time>
      </trkpt>
      <trkpt lat="8.994866" lon="-79.548986">
        <time>2026-09-09T11:14:02Z</time>
      </trkpt>
      <trkpt lat="8.994870" lon="-79.548996">
        <time>2026-09-09T11:14:03Z</time>
      </trkpt>
      <trkpt lat="8.994875" lon="-79.549007">
        <time>2026-09-09T11:14:04Z</time>
      </trkpt>
      <trkpt lat="8.994880" lon="-79.549019">
        <time>2026-09-09T11:14:05Z</time>
      </trkpt>
      <trkpt lat="8.994884" lon="-79.549032">
        <time>2026-09-09T11:14:06Z</time>
      </trkpt>
      <trkpt lat="8.994888" lon="-79.549050">
        <time>2026-09-09T11:14:07Z</time>
      </trkpt>
      <trkpt lat="8.994892" lon="-79.549061">
        <time>2026-09-09T11:14:08Z</time>
      </trkpt>
      <trkpt lat="8.994893" lon="-79.549069">
        <time>2026-09-09T11:14:09Z</time>
      </trkpt>
      <trkpt lat="8.994897" lon="-79.549079">
        <time>2026-09-09T11:14:10Z</time>
      </trkpt>
      <trkpt lat="8.994904" lon="-79.549092">
        <time>2026-09-09T11:14:11Z</time>
      </trkpt>
      <trkpt lat="8.994910" lon="-79.549102">
        <time>2026-09-09T11:14:12Z</time>
      </trkpt>
      <trkpt lat="8.994912" lon="-79.549109">
        <time>2026-09-09T11:14:13Z</time>
      </trkpt>
      <trkpt lat="8.994915" lon="-79.549120">
        <time>2026-09-09T11:14:14Z</time>
      </trkpt>
      <trkpt lat="8.994919" lon="-79.549130">
        <time>2026-09-09T11:14:15Z</time>
      </trkpt>
      <trkpt lat="8.994926" lon="-79.549142">
        <time>2026-09-09T11:14:16Z</time>
      </trkpt>
      <trkpt lat="8.994933" lon="-79.549151">
        <time>2026-09-09T11:14:17Z</time>
      </trkpt>
      <trkpt lat="8.994938" lon="-79.549159">
        <time>2026-09-09T11:14:18Z</time>
      </trkpt>
      <trkpt lat="8.994943" lon="-79.549167">
        <time>2026-09-09T11:14:19Z</time>
      </trkpt>
      <trkpt lat="8.994948" lon="-79.549175">
        <time>2026-09-09T11:14:20Z</time>
      </trkpt>
      <trkpt lat="8.994956" lon="-79.549187">
        <time>2026-09-09T11:14:21Z</time>
      </trkpt>
      <trkpt lat="8.994962" lon="-79.549198">
        <time>2026-09-09T11:14:22Z</time>
      </trkpt>
      <trkpt lat="8.994968" lon="-79.549208">
        <time>2026-09-09T11:14:23Z</time>
      </trkpt>
      <trkpt lat="8.994973" lon="-79.549216">
        <time>2026-09-09T11:14:24Z</time>
      </trkpt>
      <trkpt lat="8.994977" lon="-79.549228">
        <time>2026-09-09T11:14:25Z</time>
      </trkpt>
      <trkpt lat="8.994981" lon="-79.549241">
        <time>2026-09-09T11:14:26Z</time>
      </trkpt>
      <trkpt lat="8.994992" lon="-79.549256">
        <time>2026-09-09T11:14:27Z</time>
      </trkpt>
      <trkpt lat="8.995001" lon="-79.549268">
        <time>2026-09-09T11:14:28Z</time>
      </trkpt>
      <trkpt lat="8.995009" lon="-79.549279">
        <time>2026-09-09T11:14:29Z</time>
      </trkpt>
      <trkpt lat="8.995017" lon="-79.549288">
        <time>2026-09-09T11:14:30Z</time>
      </trkpt>
      <trkpt lat="8.995024" lon="-79.549299">
        <time>2026-09-09T11:14:31Z</time>
      </trkpt>
      <trkpt lat="8.995031" lon="-79.549310">
        <time>2026-09-09T11:14:32Z</time>
      </trkpt>
      <trkpt lat="8.995039" lon="-79.549323">
        <time>2026-09-09T11:14:33Z</time>
      </trkpt>
      <trkpt lat="8.995046" lon="-79.549336">
        <time>2026-09-09T11:14:34Z</time>
      </trkpt>
      <trkpt lat="8.995051" lon="-79.549345">
        <time>2026-09-09T11:14:35Z</time>
      </trkpt>
      <trkpt lat="8.995058" lon="-79.549354">
        <time>2026-09-09T11:14:36Z</time>
      </trkpt>
      <trkpt lat="8.995067" lon="-79.549365">
        <time>2026-09-09T11:14:37Z</time>
      </trkpt>
      <trkpt lat="8.995078" lon="-79.549374">
        <time>2026-09-09T11:14:38Z</time>
      </trkpt>
      <trkpt lat="8.995090" lon="-79.549383">
        <time>2026-09-09T11:14:39Z</time>
      </trkpt>
      <trkpt lat="8.995099" lon="-79.549391">
        <time>2026-09-09T11:14:40Z</time>
      </trkpt>
      <trkpt lat="8.995109" lon="-79.549401">
        <time>2026-09-09T11:14:41Z</time>
      </trkpt>
      <trkpt lat="8.995118" lon="-79.549410">
        <time>2026-09-09T11:14:42Z</time>
      </trkpt>
      <trkpt lat="8.995125" lon="-79.549421">
        <time>2026-09-09T11:14:43Z</time>
      </trkpt>
      <trkpt lat="8.995134" lon="-79.549429">
        <time>2026-09-09T11:14:44Z</time>
      </trkpt>
      <trkpt lat="8.995142" lon="-79.549437">
        <time>2026-09-09T11:14:45Z</time>
      </trkpt>
      <trkpt lat="8.995154" lon="-79.549444">
        <time>2026-09-09T11:14:46Z</time>
      </trkpt>
      <trkpt lat="8.995166" lon="-79.549448">
        <time>2026-09-09T11:14:47Z</time>
      </trkpt>
      <trkpt lat="8.995178" lon="-79.549448">
        <time>2026-09-09T11:14:48Z</time>
      </trkpt>
      <trkpt lat="8.995189" lon="-79.549447">
        <time>2026-09-09T11:14:49Z</time>
      </trkpt>
      <trkpt lat="8.995198" lon="-79.549446">
        <time>2026-09-09T11:14:50Z</time>
      </trkpt>
      <trkpt lat="8.995208" lon="-79.549446">
        <time>2026-09-09T11:14:51Z</time>
      </trkpt>
      <trkpt lat="8.995220" lon="-79.549446">
        <time>2026-09-09T11:14:52Z</time>
      </trkpt>
      <trkpt lat="8.995232" lon="-79.549445">
        <time>2026-09-09T11:14:53Z</time>
      </trkpt>
      <trkpt lat="8.995246" lon="-79.549445">
        <time>2026-09-09T11:14:54Z</time>
      </trkpt>
      <trkpt lat="8.995262" lon="-79.549443">
        <time>2026-09-09T11:14:55Z</time>
      </trkpt>
      <trkpt lat="8.995275" lon="-79.549443">
        <time>2026-09-09T11:14:56Z</time>
      </trkpt>
      <trkpt lat="8.995291" lon="-79.549443">
        <time>2026-09-09T11:14:57Z</time>
      </trkpt>
      <trkpt lat="8.995305" lon="-79.549442">
        <time>2026-09-09T11:14:58Z</time>
      </trkpt>
      <trkpt lat="8.995322" lon="-79.549442">
        <time>2026-09-09T11:14:59Z</time>
      </trkpt>
      <trkpt lat="8.995336" lon="-79.549442">
        <time>2026-09-09T11:15:00Z</time>
      </trkpt>
      <trkpt lat="8.995349" lon="-79.549439">
        <time>2026-09-09T11:15:01Z</time>
      </trkpt>
      <trkpt lat="8.995364" lon="-79.549434">
        <time>2026-09-09T11:15:02Z</time>
      </trkpt>
      <trkpt lat="8.995374" lon="-79.549425">
        <time>2026-09-09T11:15:03Z</time>
      </trkpt>
      <trkpt lat="8.995378" lon="-79.549410">
        <time>2026-09-09T11:15:04Z</time>
      </trkpt>
      <trkpt lat="8.995377" lon="-79.549400">
        <time>2026-09-09T11:15:05Z</time>
      </trkpt>
      <trkpt lat="8.995368" lon="-79.549392">
        <time>2026-09-09T11:15:06Z</time>
      </trkpt>
      <trkpt lat="8.995358" lon="-79.549385">
        <time>2026-09-09T11:15:07Z</time>
      </trkpt>
      <trkpt lat="8.995348" lon="-79.549376">
        <time>2026-09-09T11:15:08Z</time>
      </trkpt>
      <trkpt lat="8.995340" lon="-79.549371">
        <time>2026-09-09T11:15:09Z</time>
      </trkpt>
      <trkpt lat="8.995330" lon="-79.549366">
        <time>2026-09-09T11:15:10Z</time>
      </trkpt>
      <trkpt lat="8.995321" lon="-79.549360">
        <time>2026-09-09T11:15:11Z</time>
      </trkpt>
      <trkpt lat="8.995308" lon="-79.549353">
        <time>2026-09-09T11:15:12Z</time>
      </trkpt>
      <trkpt lat="8.995295" lon="-79.549345">
        <time>2026-09-09T11:15:13Z</time>
      </trkpt>
      <trkpt lat="8.995285" lon="-79.549336">
        <time>2026-09-09T11:15:14Z</time>
      </trkpt>
      <trkpt lat="8.995277" lon="-79.549328">
        <time>2026-09-09T11:15:15Z</time>
      </trkpt>
      <trkpt lat="8.995270" lon="-79.549319">
        <time>2026-09-09T11:15:16Z</time>
      </trkpt>
      <trkpt lat="8.995265" lon="-79.549310">
        <time>2026-09-09T11:15:17Z</time>
      </trkpt>
      <trkpt lat="8.995261" lon="-79.549301">
        <time>2026-09-09T11:15:18Z</time>
      </trkpt>
      <trkpt lat="8.995256" lon="-79.549291">
        <time>2026-09-09T11:15:19Z</time>
      </trkpt>
      <trkpt lat="8.995252" lon="-79.549280">
        <time>2026-09-09T11:15:20Z</time>
      </trkpt>
      <trkpt lat="8.995249" lon="-79.549267">
        <time>2026-09-09T11:15:21Z</time>
      </trkpt>
      <trkpt lat="8.995248" lon="-79.549255">
        <time>2026-09-09T11:15:22Z</time>
      </trkpt>
      <trkpt lat="8.995248" lon="-79.549239">
        <time>2026-09-09T11:15:23Z</time>
      </trkpt>
      <trkpt lat="8.995247" lon="-79.549220">
        <time>2026-09-09T11:15:24Z</time>
      </trkpt>
      <trkpt lat="8.995246" lon="-79.549206">
        <time>2026-09-09T11:15:25Z</time>
      </trkpt>
      <trkpt lat="8.995246" lon="-79.549191">
        <time>2026-09-09T11:15:26Z</time>
      </trkpt>
      <trkpt lat="8.995247" lon="-79.549175">
        <time>2026-09-09T11:15:27Z</time>
      </trkpt>
      <trkpt lat="8.995249" lon="-79.549158">
        <time>2026-09-09T11:15:28Z</time>
      </trkpt>
      <trkpt lat="8.995252" lon="-79.549143">
        <time>2026-09-09T11:15:29Z</time>
      </trkpt>
      <trkpt lat="8.995256" lon="-79.549128">
        <time>2026-09-09T11:15:30Z</time>
      </trkpt>
      <trkpt lat="8.995260" lon="-79.549113">
        <time>2026-09-09T11:15:31Z</time>
      </trkpt>
      <trkpt lat="8.995263" lon="-79.549099">
        <time>2026-09-09T11:15:32Z</time>
      </trkpt>
      <trkpt lat="8.995268" lon="-79.549086">
        <time>2026-09-09T11:15:33Z</time>
      </trkpt>
      <trkpt lat="8.995274" lon="-79.549074">
        <time>2026-09-09T11:15:34Z</time>
      </trkpt>
      <trkpt lat="8.995281" lon="-79.549060">
        <time>2026-09-09T11:15:35Z</time>
      </trkpt>
      <trkpt lat="8.995288" lon="-79.549049">
        <time>2026-09-09T11:15:36Z</time>
      </trkpt>
      <trkpt lat="8.995295" lon="-79.549041">
        <time>2026-09-09T11:15:37Z</time>
      </trkpt>
      <trkpt lat="8.995304" lon="-79.549034">
        <time>2026-09-09T11:15:38Z</time>
      </trkpt>
      <trkpt lat="8.995313" lon="-79.549022">
        <time>2026-09-09T11:15:39Z</time>
      </trkpt>
      <trkpt lat="8.995320" lon="-79.549016">
        <time>2026-09-09T11:15:40Z</time>
      </trkpt>
      <trkpt lat="8.995328" lon="-79.549008">
        <time>2026-09-09T11:15:41Z</time>
      </trkpt>
      <trkpt lat="8.995334" lon="-79.549001">
        <time>2026-09-09T11:15:42Z</time>
      </trkpt>
      <trkpt lat="8.995340" lon="-79.548995">
        <time>2026-09-09T11:15:43Z</time>
      </trkpt>
      <trkpt lat="8.995347" lon="-79.548982">
        <time>2026-09-09T11:15:44Z</time>
      </trkpt>
      <trkpt lat="8.995352" lon="-79.548970">
        <time>2026-09-09T11:15:45Z</time>
      </trkpt>
      <trkpt lat="8.995357" lon="-79.548959">
        <time>2026-09-09T11:15:46Z</time>
      </trkpt>
      <trkpt lat="8.995363" lon="-79.548949">
        <time>2026-09-09T11:15:47Z</time>
      </trkpt>
      <trkpt lat="8.995371" lon="-79.548941">
        <time>2026-09-09T11:15:48Z</time>
      </trkpt>
      <trkpt lat="8.995376" lon="-79.548931">
        <time>2026-09-09T11:15:49Z</time>
      </trkpt>
      <trkpt lat="8.995376" lon="-79.548916">
        <time>2026-09-09T11:15:50Z</time>
      </trkpt>
      <trkpt lat="8.995383" lon="-79.548903">
        <time>2026-09-09T11:15:51Z</time>
      </trkpt>
      <trkpt lat="8.995394" lon="-79.548889">
        <time>2026-09-09T11:15:52Z</time>
      </trkpt>
      <trkpt lat="8.995406" lon="-79.548878">
        <time>2026-09-09T11:15:53Z</time>
      </trkpt>
      <trkpt lat="8.995415" lon="-79.548867">
        <time>2026-09-09T11:15:54Z</time>
      </trkpt>
      <trkpt lat="8.995427" lon="-79.548858">
        <time>2026-09-09T11:15:55Z</time>
      </trkpt>
      <trkpt lat="8.995437" lon="-79.548861">
        <time>2026-09-09T11:15:56Z</time>
      </trkpt>
      <trkpt lat="8.995450" lon="-79.548866">
        <time>2026-09-09T11:15:57Z</time>
      </trkpt>
      <trkpt lat="8.995460" lon="-79.548877">
        <time>2026-09-09T11:15:58Z</time>
      </trkpt>
      <trkpt lat="8.995467" lon="-79.548890">
        <time>2026-09-09T11:15:59Z</time>
      </trkpt>
      <trkpt lat="8.995471" lon="-79.548905">
        <time>2026-09-09T11:16:00Z</time>
      </trkpt>
      <trkpt lat="8.995473" lon="-79.548919">
        <time>2026-09-09T11:16:01Z</time>
      </trkpt>
      <trkpt lat="8.995474" lon="-79.548933">
        <time>2026-09-09T11:16:02Z</time>
      </trkpt>
      <trkpt lat="8.995477" lon="-79.548950">
        <time>2026-09-09T11:16:03Z</time>
      </trkpt>
      <trkpt lat="8.995480" lon="-79.548965">
        <time>2026-09-09T11:16:04Z</time>
      </trkpt>
      <trkpt lat="8.995482" lon="-79.548978">
        <time>2026-09-09T11:16:05Z</time>
      </trkpt>
      <trkpt lat="8.995483" lon="-79.548994">
        <time>2026-09-09T11:16:06Z</time>
      </trkpt>
      <trkpt lat="8.995487" lon="-79.549011">
        <time>2026-09-09T11:16:07Z</time>
      </trkpt>
      <trkpt lat="8.995491" lon="-79.549025">
        <time>2026-09-09T11:16:08Z</time>
      </trkpt>
      <trkpt lat="8.995494" lon="-79.549038">
        <time>2026-09-09T11:16:09Z</time>
      </trkpt>
      <trkpt lat="8.995494" lon="-79.549051">
        <time>2026-09-09T11:16:10Z</time>
      </trkpt>
      <trkpt lat="8.995492" lon="-79.549066">
        <time>2026-09-09T11:16:11Z</time>
      </trkpt>
      <trkpt lat="8.995496" lon="-79.549081">
        <time>2026-09-09T11:16:12Z</time>
      </trkpt>
      <trkpt lat="8.995499" lon="-79.549098">
        <time>2026-09-09T11:16:13Z</time>
      </trkpt>
      <trkpt lat="8.995502" lon="-79.549115">
        <time>2026-09-09T11:16:14Z</time>
      </trkpt>
      <trkpt lat="8.995503" lon="-79.549133">
        <time>2026-09-09T11:16:15Z</time>
      </trkpt>
      <trkpt lat="8.995507" lon="-79.549153">
        <time>2026-09-09T11:16:16Z</time>
      </trkpt>
      <trkpt lat="8.995508" lon="-79.549170">
        <time>2026-09-09T11:16:17Z</time>
      </trkpt>
      <trkpt lat="8.995511" lon="-79.549190">
        <time>2026-09-09T11:16:18Z</time>
      </trkpt>
      <trkpt lat="8.995510" lon="-79.549205">
        <time>2026-09-09T11:16:19Z</time>
      </trkpt>
      <trkpt lat="8.995503" lon="-79.549221">
        <time>2026-09-09T11:16:20Z</time>
      </trkpt>
      <trkpt lat="8.995494" lon="-79.549235">
        <time>2026-09-09T11:16:21Z</time>
      </trkpt>
      <trkpt lat="8.995485" lon="-79.549247">
        <time>2026-09-09T11:16:22Z</time>
      </trkpt>
      <trkpt lat="8.995469" lon="-79.549257">
        <time>2026-09-09T11:16:23Z</time>
      </trkpt>
      <trkpt lat="8.995451" lon="-79.549264">
        <time>2026-09-09T11:16:24Z</time>
      </trkpt>
      <trkpt lat="8.995435" lon="-79.549269">
        <time>2026-09-09T11:16:25Z</time>
      </trkpt>
      <trkpt lat="8.995420" lon="-79.549272">
        <time>2026-09-09T11:16:26Z</time>
      </trkpt>
      <trkpt lat="8.995405" lon="-79.549269">
        <time>2026-09-09T11:16:27Z</time>
      </trkpt>
      <trkpt lat="8.995388" lon="-79.549262">
        <time>2026-09-09T11:16:28Z</time>
      </trkpt>
      <trkpt lat="8.995373" lon="-79.549251">
        <time>2026-09-09T11:16:29Z</time>
      </trkpt>
      <trkpt lat="8.995361" lon="-79.549235">
        <time>2026-09-09T11:16:30Z</time>
      </trkpt>
      <trkpt lat="8.995355" lon="-79.549222">
        <time>2026-09-09T11:16:31Z</time>
      </trkpt>
      <trkpt lat="8.995348" lon="-79.549205">
        <time>2026-09-09T11:16:32Z</time>
      </trkpt>
      <trkpt lat="8.995346" lon="-79.549189">
        <time>2026-09-09T11:16:33Z</time>
      </trkpt>
      <trkpt lat="8.995344" lon="-79.549174">
        <time>2026-09-09T11:16:34Z</time>
      </trkpt>
      <trkpt lat="8.995347" lon="-79.549155">
        <time>2026-09-09T11:16:35Z</time>
      </trkpt>
      <trkpt lat="8.995347" lon="-79.549134">
        <time>2026-09-09T11:16:36Z</time>
      </trkpt>
      <trkpt lat="8.995347" lon="-79.549114">
        <time>2026-09-09T11:16:37Z</time>
      </trkpt>
      <trkpt lat="8.995351" lon="-79.549096">
        <time>2026-09-09T11:16:38Z</time>
      </trkpt>
      <trkpt lat="8.995362" lon="-79.549081">
        <time>2026-09-09T11:16:39Z</time>
      </trkpt>
      <trkpt lat="8.995377" lon="-79.549069">
        <time>2026-09-09T11:16:40Z</time>
      </trkpt>
      <trkpt lat="8.995395" lon="-79.549061">
        <time>2026-09-09T11:16:41Z</time>
      </trkpt>
      <trkpt lat="8.995413" lon="-79.549061">
        <time>2026-09-09T11:16:42Z</time>
      </trkpt>
      <trkpt lat="8.995429" lon="-79.549067">
        <time>2026-09-09T11:16:43Z</time>
      </trkpt>
      <trkpt lat="8.995440" lon="-79.549077">
        <time>2026-09-09T11:16:44Z</time>
      </trkpt>
      <trkpt lat="8.995447" lon="-79.549086">
        <time>2026-09-09T11:16:45Z</time>
      </trkpt>
      <trkpt lat="8.995454" lon="-79.549094">
        <time>2026-09-09T11:16:46Z</time>
      </trkpt>
      <trkpt lat="8.995465" lon="-79.549102">
        <time>2026-09-09T11:16:47Z</time>
      </trkpt>
      <trkpt lat="8.995472" lon="-79.549109">
        <time>2026-09-09T11:16:48Z</time>
      </trkpt>
      <trkpt lat="8.995478" lon="-79.549117">
        <time>2026-09-09T11:16:49Z</time>
      </trkpt>
      <trkpt lat="8.995482" lon="-79.549125">
        <time>2026-09-09T11:16:50Z</time>
      </trkpt>
      <trkpt lat="8.995490" lon="-79.549133">
        <time>2026-09-09T11:16:51Z</time>
      </trkpt>
      <trkpt lat="8.995492" lon="-79.549132">
        <time>2026-09-09T11:16:52Z</time>
      </trkpt>
      <trkpt lat="8.995493" lon="-79.549130">
        <time>2026-09-09T11:16:53Z</time>
      </trkpt>
      <trkpt lat="8.995496" lon="-79.549129">
        <time>2026-09-09T11:16:54Z</time>
      </trkpt>
      <trkpt lat="8.995497" lon="-79.549129">
        <time>2026-09-09T11:16:55Z</time>
      </trkpt>
      <trkpt lat="8.995498" lon="-79.549132">
        <time>2026-09-09T11:16:56Z</time>
      </trkpt>
      <trkpt lat="8.995498" lon="-79.549132">
        <time>2026-09-09T11:16:57Z</time>
      </trkpt>
      <trkpt lat="8.995498" lon="-79.549132">
        <time>2026-09-09T11:16:58Z</time>
      </trkpt>
      <trkpt lat="8.995498" lon="-79.549132">
        <time>2026-09-09T11:16:59Z</time>
      </trkpt>
      <trkpt lat="8.995497" lon="-79.549132">
        <time>2026-09-09T11:17:00Z</time>
      </trkpt>
      <trkpt lat="8.995498" lon="-79.549132">
        <time>2026-09-09T11:17:01Z</time>
      </trkpt>
      <trkpt lat="8.995498" lon="-79.549132">
        <time>2026-09-09T11:17:02Z</time>
      </trkpt>
      <trkpt lat="8.995498" lon="-79.549132">
        <time>2026-09-09T11:17:03Z</time>
      </trkpt>
      <trkpt lat="8.995498" lon="-79.549132">
        <time>2026-09-09T11:17:04Z</time>
      </trkpt>
      <trkpt lat="8.995498" lon="-79.549132">
        <time>2026-09-09T11:17:05Z</time>
      </trkpt>
      <trkpt lat="8.995498" lon="-79.549132">
        <time>2026-09-09T11:17:06Z</time>
      </trkpt>
      <trkpt lat="8.995498" lon="-79.549132">
        <time>2026-09-09T11:17:07Z</time>
      </trkpt>
      <trkpt lat="8.995498" lon="-79.549132">
        <time>2026-09-09T11:17:08Z</time>
      </trkpt>
      <trkpt lat="8.995498" lon="-79.549132">
        <time>2026-09-09T11:17:09Z</time>
      </trkpt>
      <trkpt lat="8.995498" lon="-79.549132">
        <time>2026-09-09T11:17:10Z</time>
      </trkpt>
      <trkpt lat="8.995498" lon="-79.549132">
        <time>2026-09-09T11:17:11Z</time>
      </trkpt>
      <trkpt lat="8.995498" lon="-79.549132">
        <time>2026-09-09T11:17:12Z</time>
      </trkpt>
      <trkpt lat="8.995498" lon="-79.549132">
        <time>2026-09-09T11:17:13Z</time>
      </trkpt>
      <trkpt lat="8.995498" lon="-79.549132">
        <time>2026-09-09T11:17:14Z</time>
      </trkpt>
      <trkpt lat="8.995498" lon="-79.549132">
        <time>2026-09-09T11:17:15Z</time>
      </trkpt>
      <trkpt lat="8.995498" lon="-79.549132">
        <time>2026-09-09T11:17:16Z</time>
      </trkpt>
      <trkpt lat="8.995498" lon="-79.549132">
        <time>2026-09-09T11:17:17Z</time>
      </trkpt>
      <trkpt lat="8.995498" lon="-79.549132">
        <time>2026-09-09T11:17:18Z</time>
      </trkpt>
      <trkpt lat="8.995498" lon="-79.549132">
        <time>2026-09-09T11:17:19Z</time>
      </trkpt>
      <trkpt lat="8.995498" lon="-79.549132">
        <time>2026-09-09T11:17:20Z</time>
      </trkpt>
      <trkpt lat="8.995498" lon="-79.549132">
        <time>2026-09-09T11:17:21Z</time>
      </trkpt>
      <trkpt lat="8.995498" lon="-79.549132">
        <time>2026-09-09T11:17:22Z</time>
      </trkpt>
      <trkpt lat="8.995498" lon="-79.549132">
        <time>2026-09-09T11:17:23Z</time>
      </trkpt>
      <trkpt lat="8.995498" lon="-79.549132">
        <time>2026-09-09T11:17:24Z</time>
      </trkpt>
      <trkpt lat="8.995498" lon="-79.549132">
        <time>2026-09-09T11:17:25Z</time>
      </trkpt>
      <trkpt lat="8.995498" lon="-79.549132">
        <time>2026-09-09T11:17:26Z</time>
      </trkpt>
      <trkpt lat="8.995498" lon="-79.549132">
        <time>2026-09-09T11:17:27Z</time>
      </trkpt>
      <trkpt lat="8.995498" lon="-79.549132">
        <time>2026-09-09T11:17:28Z</time>
      </trkpt>
      <trkpt lat="8.995498" lon="-79.549132">
        <time>2026-09-09T11:17:29Z</time>
      </trkpt>
      <trkpt lat="8.995498" lon="-79.549132">
        <time>2026-09-09T11:17:30Z</time>
      </trkpt>
      <trkpt lat="8.995498" lon="-79.549132">
        <time>2026-09-09T11:17:31Z</time>
      </trkpt>
      <trkpt lat="8.995498" lon="-79.549132">
        <time>2026-09-09T11:17:32Z</time>
      </trkpt>
      <trkpt lat="8.995498" lon="-79.549132">
        <time>2026-09-09T11:17:33Z</time>
      </trkpt>
      <trkpt lat="8.995498" lon="-79.549132">
        <time>2026-09-09T11:17:34Z</time>
      </trkpt>
      <trkpt lat="8.995498" lon="-79.549132">
        <time>2026-09-09T11:17:35Z</time>
      </trkpt>
      <trkpt lat="8.995498" lon="-79.549132">
        <time>2026-09-09T11:17:36Z</time>
      </trkpt>
      <trkpt lat="8.995498" lon="-79.549132">
        <time>2026-09-09T11:17:37Z</time>
      </trkpt>
      <trkpt lat="8.995498" lon="-79.549132">
        <time>2026-09-09T11:17:38Z</time>
      </trkpt>
      <trkpt lat="8.995498" lon="-79.549132">
        <time>2026-09-09T11:17:39Z</time>
      </trkpt>
      <trkpt lat="8.995498" lon="-79.549132">
        <time>2026-09-09T11:17:40Z</time>
      </trkpt>
      <trkpt lat="8.995498" lon="-79.549132">
        <time>2026-09-09T11:17:41Z</time>
      </trkpt>
      <trkpt lat="8.995498" lon="-79.549132">
        <time>2026-09-09T11:17:42Z</time>
      </trkpt>
      <trkpt lat="8.995498" lon="-79.549132">
        <time>2026-09-09T11:17:43Z</time>
      </trkpt>
      <trkpt lat="8.995498" lon="-79.549132">
        <time>2026-09-09T11:17:44Z</time>
      </trkpt>
      <trkpt lat="8.995498" lon="-79.549132">
        <time>2026-09-09T11:17:45Z</time>
      </trkpt>
      <trkpt lat="8.995498" lon="-79.549132">
        <time>2026-09-09T11:17:46Z</time>
      </trkpt>
      <trkpt lat="8.995498" lon="-79.549132">
        <time>2026-09-09T11:17:47Z</time>
      </trkpt>
      <trkpt lat="8.995498" lon="-79.549132">
        <time>2026-09-09T11:17:48Z</time>
      </trkpt>
      <trkpt lat="8.995498" lon="-79.549132">
        <time>2026-09-09T11:17:49Z</time>
      </trkpt>
      <trkpt lat="8.995498" lon="-79.549132">
        <time>2026-09-09T11:17:50Z</time>
      </trkpt>
      <trkpt lat="8.995498" lon="-79.549132">
        <time>2026-09-09T11:17:51Z</time>
      </trkpt>
      <trkpt lat="8.995498" lon="-79.549132">
        <time>2026-09-09T11:17:52Z</time>
      </trkpt>
      <trkpt lat="8.995498" lon="-79.549132">
        <time>2026-09-09T11:17:53Z</time>
      </trkpt>
      <trkpt lat="8.995498" lon="-79.549132">
        <time>2026-09-09T11:17:54Z</time>
      </trkpt>
      <trkpt lat="8.995498" lon="-79.549132">
        <time>2026-09-09T11:17:55Z</time>
      </trkpt>
      <trkpt lat="8.995498" lon="-79.549132">
        <time>2026-09-09T11:17:56Z</time>
      </trkpt>
      <trkpt lat="8.995498" lon="-79.549132">
        <time>2026-09-09T11:17:57Z</time>
      </trkpt>
      <trkpt lat="8.995498" lon="-79.549132">
        <time>2026-09-09T11:17:58Z</time>
      </trkpt>
      <trkpt lat="8.995498" lon="-79.549132">
        <time>2026-09-09T11:17:59Z</time>
      </trkpt>
      <trkpt lat="8.995498" lon="-79.549132">
        <time>2026-09-09T11:18:00Z</time>
      </trkpt>
      <trkpt lat="8.995498" lon="-79.549132">
        <time>2026-09-09T11:18:01Z</time>
      </trkpt>
      <trkpt lat="8.995498" lon="-79.549132">
        <time>2026-09-09T11:18:02Z</time>
      </trkpt>
      <trkpt lat="8.995498" lon="-79.549132">
        <time>2026-09-09T11:18:03Z</time>
      </trkpt>
      <trkpt lat="8.995498" lon="-79.549132">
        <time>2026-09-09T11:18:04Z</time>
      </trkpt>
      <trkpt lat="8.995498" lon="-79.549132">
        <time>2026-09-09T11:18:05Z</time>
      </trkpt>
      <trkpt lat="8.995498" lon="-79.549132">
        <time>2026-09-09T11:18:06Z</time>
      </trkpt>
      <trkpt lat="8.995498" lon="-79.549132">
        <time>2026-09-09T11:18:07Z</time>
      </trkpt>
      <trkpt lat="8.995498" lon="-79.549132">
        <time>2026-09-09T11:18:08Z</time>
      </trkpt>
      <trkpt lat="8.995498" lon="-79.549132">
        <time>2026-09-09T11:18:09Z</time>
      </trkpt>
      <trkpt lat="8.995498" lon="-79.549132">
        <time>2026-09-09T11:18:10Z</time>
      </trkpt>
      <trkpt lat="8.995498" lon="-79.549132">
        <time>2026-09-09T11:18:11Z</time>
      </trkpt>
      <trkpt lat="8.995498" lon="-79.549132">
        <time>2026-09-09T11:18:12Z</time>
      </trkpt>
      <trkpt lat="8.995498" lon="-79.549132">
        <time>2026-09-09T11:18:13Z</time>
      </trkpt>
      <trkpt lat="8.995498" lon="-79.549132">
        <time>2026-09-09T11:18:14Z</time>
      </trkpt>
      <trkpt lat="8.995498" lon="-79.549132">
        <time>2026-09-09T11:18:15Z</time>
      </trkpt>
      <trkpt lat="8.995498" lon="-79.549132">
        <time>2026-09-09T11:18:16Z</time>
      </trkpt>
      <trkpt lat="8.995498" lon="-79.549132">
        <time>2026-09-09T11:18:17Z</time>
      </trkpt>
      <trkpt lat="8.995498" lon="-79.549132">
        <time>2026-09-09T11:18:18Z</time>
      </trkpt>
      <trkpt lat="8.995498" lon="-79.549132">
        <time>2026-09-09T11:18:19Z</time>
      </trkpt>
      <trkpt lat="8.995504" lon="-79.549137">
        <time>2026-09-09T11:18:20Z</time>
      </trkpt>
      <trkpt lat="8.995505" lon="-79.549147">
        <time>2026-09-09T11:18:21Z</time>
      </trkpt>
      <trkpt lat="8.995504" lon="-79.549158">
        <time>2026-09-09T11:18:22Z</time>
      </trkpt>
      <trkpt lat="8.995502" lon="-79.549168">
        <time>2026-09-09T11:18:23Z</time>
      </trkpt>
      <trkpt lat="8.995500" lon="-79.549177">
        <time>2026-09-09T11:18:24Z</time>
      </trkpt>
      <trkpt lat="8.995502" lon="-79.549185">
        <time>2026-09-09T11:18:25Z</time>
      </trkpt>
      <trkpt lat="8.995502" lon="-79.549193">
        <time>2026-09-09T11:18:26Z</time>
      </trkpt>
      <trkpt lat="8.995501" lon="-79.549204">
        <time>2026-09-09T11:18:27Z</time>
      </trkpt>
      <trkpt lat="8.995500" lon="-79.549215">
        <time>2026-09-09T11:18:28Z</time>
      </trkpt>
      <trkpt lat="8.995501" lon="-79.549227">
        <time>2026-09-09T11:18:29Z</time>
      </trkpt>
      <trkpt lat="8.995501" lon="-79.549239">
        <time>2026-09-09T11:18:30Z</time>
      </trkpt>
      <trkpt lat="8.995504" lon="-79.549254">
        <time>2026-09-09T11:18:31Z</time>
      </trkpt>
      <trkpt lat="8.995507" lon="-79.549261">
        <time>2026-09-09T11:18:32Z</time>
      </trkpt>
      <trkpt lat="8.995510" lon="-79.549268">
        <time>2026-09-09T11:18:33Z</time>
      </trkpt>
      <trkpt lat="8.995514" lon="-79.549272">
        <time>2026-09-09T11:18:34Z</time>
      </trkpt>
      <trkpt lat="8.995518" lon="-79.549278">
        <time>2026-09-09T11:18:35Z</time>
      </trkpt>
      <trkpt lat="8.995522" lon="-79.549285">
        <time>2026-09-09T11:18:36Z</time>
      </trkpt>
      <trkpt lat="8.995532" lon="-79.549291">
        <time>2026-09-09T11:18:37Z</time>
      </trkpt>
      <trkpt lat="8.995535" lon="-79.549295">
        <time>2026-09-09T11:18:38Z</time>
      </trkpt>
      <trkpt lat="8.995541" lon="-79.549299">
        <time>2026-09-09T11:18:39Z</time>
      </trkpt>
      <trkpt lat="8.995547" lon="-79.549303">
        <time>2026-09-09T11:18:40Z</time>
      </trkpt>
      <trkpt lat="8.995553" lon="-79.549308">
        <time>2026-09-09T11:18:41Z</time>
      </trkpt>
      <trkpt lat="8.995559" lon="-79.549313">
        <time>2026-09-09T11:18:42Z</time>
      </trkpt>
      <trkpt lat="8.995563" lon="-79.549318">
        <time>2026-09-09T11:18:43Z</time>
      </trkpt>
      <trkpt lat="8.995566" lon="-79.549324">
        <time>2026-09-09T11:18:44Z</time>
      </trkpt>
      <trkpt lat="8.995570" lon="-79.549329">
        <time>2026-09-09T11:18:45Z</time>
      </trkpt>
      <trkpt lat="8.995575" lon="-79.549335">
        <time>2026-09-09T11:18:46Z</time>
      </trkpt>
      <trkpt lat="8.995580" lon="-79.549341">
        <time>2026-09-09T11:18:47Z</time>
      </trkpt>
      <trkpt lat="8.995584" lon="-79.549346">
        <time>2026-09-09T11:18:48Z</time>
      </trkpt>
      <trkpt lat="8.995590" lon="-79.549354">
        <time>2026-09-09T11:18:49Z</time>
      </trkpt>
      <trkpt lat="8.995599" lon="-79.549362">
        <time>2026-09-09T11:18:50Z</time>
      </trkpt>
      <trkpt lat="8.995610" lon="-79.549368">
        <time>2026-09-09T11:18:51Z</time>
      </trkpt>
      <trkpt lat="8.995620" lon="-79.549374">
        <time>2026-09-09T11:18:52Z</time>
      </trkpt>
      <trkpt lat="8.995633" lon="-79.549381">
        <time>2026-09-09T11:18:53Z</time>
      </trkpt>
      <trkpt lat="8.995652" lon="-79.549395">
        <time>2026-09-09T11:18:54Z</time>
      </trkpt>
      <trkpt lat="8.995668" lon="-79.549408">
        <time>2026-09-09T11:18:55Z</time>
      </trkpt>
      <trkpt lat="8.995685" lon="-79.549420">
        <time>2026-09-09T11:18:56Z</time>
      </trkpt>
      <trkpt lat="8.995701" lon="-79.549430">
        <time>2026-09-09T11:18:57Z</time>
      </trkpt>
      <trkpt lat="8.995716" lon="-79.549435">
        <time>2026-09-09T11:18:58Z</time>
      </trkpt>
      <trkpt lat="8.995729" lon="-79.549438">
        <time>2026-09-09T11:18:59Z</time>
      </trkpt>
      <trkpt lat="8.995739" lon="-79.549442">
        <time>2026-09-09T11:19:00Z</time>
      </trkpt>
      <trkpt lat="8.995747" lon="-79.549448">
        <time>2026-09-09T11:19:01Z</time>
      </trkpt>
      <trkpt lat="8.995753" lon="-79.549457">
        <time>2026-09-09T11:19:02Z</time>
      </trkpt>
      <trkpt lat="8.995757" lon="-79.549463">
        <time>2026-09-09T11:19:03Z</time>
      </trkpt>
      <trkpt lat="8.995761" lon="-79.549469">
        <time>2026-09-09T11:19:04Z</time>
      </trkpt>
      <trkpt lat="8.995765" lon="-79.549477">
        <time>2026-09-09T11:19:05Z</time>
      </trkpt>
      <trkpt lat="8.995770" lon="-79.549485">
        <time>2026-09-09T11:19:06Z</time>
      </trkpt>
      <trkpt lat="8.995776" lon="-79.549496">
        <time>2026-09-09T11:19:07Z</time>
      </trkpt>
      <trkpt lat="8.995782" lon="-79.549507">
        <time>2026-09-09T11:19:08Z</time>
      </trkpt>
      <trkpt lat="8.995791" lon="-79.549518">
        <time>2026-09-09T11:19:09Z</time>
      </trkpt>
      <trkpt lat="8.995803" lon="-79.549526">
        <time>2026-09-09T11:19:10Z</time>
      </trkpt>
      <trkpt lat="8.995811" lon="-79.549534">
        <time>2026-09-09T11:19:11Z</time>
      </trkpt>
      <trkpt lat="8.995811" lon="-79.549543">
        <time>2026-09-09T11:19:12Z</time>
      </trkpt>
      <trkpt lat="8.995811" lon="-79.549555">
        <time>2026-09-09T11:19:13Z</time>
      </trkpt>
      <trkpt lat="8.995807" lon="-79.549567">
        <time>2026-09-09T11:19:14Z</time>
      </trkpt>
      <trkpt lat="8.995801" lon="-79.549577">
        <time>2026-09-09T11:19:15Z</time>
      </trkpt>
      <trkpt lat="8.995791" lon="-79.549583">
        <time>2026-09-09T11:19:16Z</time>
      </trkpt>
      <trkpt lat="8.995777" lon="-79.549582">
        <time>2026-09-09T11:19:17Z</time>
      </trkpt>
      <trkpt lat="8.995766" lon="-79.549576">
        <time>2026-09-09T11:19:18Z</time>
      </trkpt>
      <trkpt lat="8.995757" lon="-79.549573">
        <time>2026-09-09T11:19:19Z</time>
      </trkpt>
      <trkpt lat="8.995749" lon="-79.549562">
        <time>2026-09-09T11:19:20Z</time>
      </trkpt>
      <trkpt lat="8.995740" lon="-79.549555">
        <time>2026-09-09T11:19:21Z</time>
      </trkpt>
      <trkpt lat="8.995731" lon="-79.549545">
        <time>2026-09-09T11:19:22Z</time>
      </trkpt>
      <trkpt lat="8.995723" lon="-79.549538">
        <time>2026-09-09T11:19:23Z</time>
      </trkpt>
      <trkpt lat="8.995711" lon="-79.549525">
        <time>2026-09-09T11:19:24Z</time>
      </trkpt>
      <trkpt lat="8.995700" lon="-79.549516">
        <time>2026-09-09T11:19:25Z</time>
      </trkpt>
      <trkpt lat="8.995689" lon="-79.549508">
        <time>2026-09-09T11:19:26Z</time>
      </trkpt>
      <trkpt lat="8.995677" lon="-79.549497">
        <time>2026-09-09T11:19:27Z</time>
      </trkpt>
      <trkpt lat="8.995665" lon="-79.549488">
        <time>2026-09-09T11:19:28Z</time>
      </trkpt>
      <trkpt lat="8.995653" lon="-79.549477">
        <time>2026-09-09T11:19:29Z</time>
      </trkpt>
      <trkpt lat="8.995641" lon="-79.549469">
        <time>2026-09-09T11:19:30Z</time>
      </trkpt>
      <trkpt lat="8.995627" lon="-79.549461">
        <time>2026-09-09T11:19:31Z</time>
      </trkpt>
      <trkpt lat="8.995613" lon="-79.549454">
        <time>2026-09-09T11:19:32Z</time>
      </trkpt>
      <trkpt lat="8.995599" lon="-79.549448">
        <time>2026-09-09T11:19:33Z</time>
      </trkpt>
      <trkpt lat="8.995584" lon="-79.549440">
        <time>2026-09-09T11:19:34Z</time>
      </trkpt>
      <trkpt lat="8.995568" lon="-79.549433">
        <time>2026-09-09T11:19:35Z</time>
      </trkpt>
      <trkpt lat="8.995555" lon="-79.549430">
        <time>2026-09-09T11:19:36Z</time>
      </trkpt>
      <trkpt lat="8.995542" lon="-79.549429">
        <time>2026-09-09T11:19:37Z</time>
      </trkpt>
      <trkpt lat="8.995528" lon="-79.549427">
        <time>2026-09-09T11:19:38Z</time>
      </trkpt>
      <trkpt lat="8.995513" lon="-79.549427">
        <time>2026-09-09T11:19:39Z</time>
      </trkpt>
      <trkpt lat="8.995500" lon="-79.549425">
        <time>2026-09-09T11:19:40Z</time>
      </trkpt>
      <trkpt lat="8.995484" lon="-79.549426">
        <time>2026-09-09T11:19:41Z</time>
      </trkpt>
      <trkpt lat="8.995468" lon="-79.549428">
        <time>2026-09-09T11:19:42Z</time>
      </trkpt>
      <trkpt lat="8.995451" lon="-79.549431">
        <time>2026-09-09T11:19:43Z</time>
      </trkpt>
      <trkpt lat="8.995435" lon="-79.549435">
        <time>2026-09-09T11:19:44Z</time>
      </trkpt>
      <trkpt lat="8.995421" lon="-79.549439">
        <time>2026-09-09T11:19:45Z</time>
      </trkpt>
      <trkpt lat="8.995406" lon="-79.549442">
        <time>2026-09-09T11:19:46Z</time>
      </trkpt>
      <trkpt lat="8.995394" lon="-79.549447">
        <time>2026-09-09T11:19:47Z</time>
      </trkpt>
      <trkpt lat="8.995383" lon="-79.549452">
        <time>2026-09-09T11:19:48Z</time>
      </trkpt>
      <trkpt lat="8.995370" lon="-79.549456">
        <time>2026-09-09T11:19:49Z</time>
      </trkpt>
      <trkpt lat="8.995354" lon="-79.549458">
        <time>2026-09-09T11:19:50Z</time>
      </trkpt>
      <trkpt lat="8.995338" lon="-79.549457">
        <time>2026-09-09T11:19:51Z</time>
      </trkpt>
      <trkpt lat="8.995321" lon="-79.549458">
        <time>2026-09-09T11:19:52Z</time>
      </trkpt>
      <trkpt lat="8.995305" lon="-79.549460">
        <time>2026-09-09T11:19:53Z</time>
      </trkpt>
      <trkpt lat="8.995288" lon="-79.549460">
        <time>2026-09-09T11:19:54Z</time>
      </trkpt>
      <trkpt lat="8.995274" lon="-79.549457">
        <time>2026-09-09T11:19:55Z</time>
      </trkpt>
      <trkpt lat="8.995256" lon="-79.549452">
        <time>2026-09-09T11:19:56Z</time>
      </trkpt>
      <trkpt lat="8.995240" lon="-79.549441">
        <time>2026-09-09T11:19:57Z</time>
      </trkpt>
      <trkpt lat="8.995227" lon="-79.549435">
        <time>2026-09-09T11:19:58Z</time>
      </trkpt>
      <trkpt lat="8.995212" lon="-79.549426">
        <time>2026-09-09T11:19:59Z</time>
      </trkpt>
      <trkpt lat="8.995193" lon="-79.549412">
        <time>2026-09-09T11:20:00Z</time>
      </trkpt>
      <trkpt lat="8.995178" lon="-79.549401">
        <time>2026-09-09T11:20:01Z</time>
      </trkpt>
      <trkpt lat="8.995165" lon="-79.549389">
        <time>2026-09-09T11:20:02Z</time>
      </trkpt>
      <trkpt lat="8.995151" lon="-79.549378">
        <time>2026-09-09T11:20:03Z</time>
      </trkpt>
      <trkpt lat="8.995139" lon="-79.549366">
        <time>2026-09-09T11:20:04Z</time>
      </trkpt>
      <trkpt lat="8.995126" lon="-79.549354">
        <time>2026-09-09T11:20:05Z</time>
      </trkpt>
      <trkpt lat="8.995110" lon="-79.549336">
        <time>2026-09-09T11:20:06Z</time>
      </trkpt>
      <trkpt lat="8.995096" lon="-79.549320">
        <time>2026-09-09T11:20:07Z</time>
      </trkpt>
      <trkpt lat="8.995082" lon="-79.549303">
        <time>2026-09-09T11:20:08Z</time>
      </trkpt>
      <trkpt lat="8.995068" lon="-79.549286">
        <time>2026-09-09T11:20:09Z</time>
      </trkpt>
      <trkpt lat="8.995055" lon="-79.549265">
        <time>2026-09-09T11:20:10Z</time>
      </trkpt>
      <trkpt lat="8.995044" lon="-79.549247">
        <time>2026-09-09T11:20:11Z</time>
      </trkpt>
      <trkpt lat="8.995031" lon="-79.549228">
        <time>2026-09-09T11:20:12Z</time>
      </trkpt>
      <trkpt lat="8.995020" lon="-79.549209">
        <time>2026-09-09T11:20:13Z</time>
      </trkpt>
      <trkpt lat="8.995009" lon="-79.549188">
        <time>2026-09-09T11:20:14Z</time>
      </trkpt>
      <trkpt lat="8.994999" lon="-79.549169">
        <time>2026-09-09T11:20:15Z</time>
      </trkpt>
      <trkpt lat="8.994991" lon="-79.549149">
        <time>2026-09-09T11:20:16Z</time>
      </trkpt>
      <trkpt lat="8.994980" lon="-79.549126">
        <time>2026-09-09T11:20:17Z</time>
      </trkpt>
      <trkpt lat="8.994971" lon="-79.549102">
        <time>2026-09-09T11:20:18Z</time>
      </trkpt>
      <trkpt lat="8.994960" lon="-79.549079">
        <time>2026-09-09T11:20:19Z</time>
      </trkpt>
      <trkpt lat="8.994951" lon="-79.549056">
        <time>2026-09-09T11:20:20Z</time>
      </trkpt>
      <trkpt lat="8.994944" lon="-79.549032">
        <time>2026-09-09T11:20:21Z</time>
      </trkpt>
      <trkpt lat="8.994937" lon="-79.549007">
        <time>2026-09-09T11:20:22Z</time>
      </trkpt>
      <trkpt lat="8.994930" lon="-79.548982">
        <time>2026-09-09T11:20:23Z</time>
      </trkpt>
      <trkpt lat="8.994918" lon="-79.548959">
        <time>2026-09-09T11:20:24Z</time>
      </trkpt>
      <trkpt lat="8.994909" lon="-79.548935">
        <time>2026-09-09T11:20:25Z</time>
      </trkpt>
      <trkpt lat="8.994901" lon="-79.548908">
        <time>2026-09-09T11:20:26Z</time>
      </trkpt>
      <trkpt lat="8.994893" lon="-79.548882">
        <time>2026-09-09T11:20:27Z</time>
      </trkpt>
      <trkpt lat="8.994881" lon="-79.548854">
        <time>2026-09-09T11:20:28Z</time>
      </trkpt>
      <trkpt lat="8.994873" lon="-79.548824">
        <time>2026-09-09T11:20:29Z</time>
      </trkpt>
      <trkpt lat="8.994866" lon="-79.548798">
        <time>2026-09-09T11:20:30Z</time>
      </trkpt>
      <trkpt lat="8.994858" lon="-79.548774">
        <time>2026-09-09T11:20:31Z</time>
      </trkpt>
      <trkpt lat="8.994850" lon="-79.548750">
        <time>2026-09-09T11:20:32Z</time>
      </trkpt>
      <trkpt lat="8.994843" lon="-79.548725">
        <time>2026-09-09T11:20:33Z</time>
      </trkpt>
      <trkpt lat="8.994837" lon="-79.548697">
        <time>2026-09-09T11:20:34Z</time>
      </trkpt>
      <trkpt lat="8.994829" lon="-79.548671">
        <time>2026-09-09T11:20:35Z</time>
      </trkpt>
      <trkpt lat="8.994821" lon="-79.548645">
        <time>2026-09-09T11:20:36Z</time>
      </trkpt>
      <trkpt lat="8.994818" lon="-79.548620">
        <time>2026-09-09T11:20:37Z</time>
      </trkpt>
      <trkpt lat="8.994812" lon="-79.548592">
        <time>2026-09-09T11:20:38Z</time>
      </trkpt>
      <trkpt lat="8.994808" lon="-79.548566">
        <time>2026-09-09T11:20:39Z</time>
      </trkpt>
      <trkpt lat="8.994803" lon="-79.548537">
        <time>2026-09-09T11:20:40Z</time>
      </trkpt>
      <trkpt lat="8.994790" lon="-79.548512">
        <time>2026-09-09T11:20:41Z</time>
      </trkpt>
      <trkpt lat="8.994772" lon="-79.548494">
        <time>2026-09-09T11:20:42Z</time>
      </trkpt>
      <trkpt lat="8.994746" lon="-79.548496">
        <time>2026-09-09T11:20:43Z</time>
      </trkpt>
      <trkpt lat="8.994722" lon="-79.548508">
        <time>2026-09-09T11:20:44Z</time>
      </trkpt>
      <trkpt lat="8.994702" lon="-79.548525">
        <time>2026-09-09T11:20:45Z</time>
      </trkpt>
      <trkpt lat="8.994683" lon="-79.548548">
        <time>2026-09-09T11:20:46Z</time>
      </trkpt>
      <trkpt lat="8.994664" lon="-79.548575">
        <time>2026-09-09T11:20:47Z</time>
      </trkpt>
      <trkpt lat="8.994649" lon="-79.548599">
        <time>2026-09-09T11:20:48Z</time>
      </trkpt>
      <trkpt lat="8.994632" lon="-79.548619">
        <time>2026-09-09T11:20:49Z</time>
      </trkpt>
      <trkpt lat="8.994613" lon="-79.548636">
        <time>2026-09-09T11:20:50Z</time>
      </trkpt>
      <trkpt lat="8.994595" lon="-79.548659">
        <time>2026-09-09T11:20:51Z</time>
      </trkpt>
      <trkpt lat="8.994581" lon="-79.548682">
        <time>2026-09-09T11:20:52Z</time>
      </trkpt>
      <trkpt lat="8.994564" lon="-79.548704">
        <time>2026-09-09T11:20:53Z</time>
      </trkpt>
      <trkpt lat="8.994547" lon="-79.548728">
        <time>2026-09-09T11:20:54Z</time>
      </trkpt>
      <trkpt lat="8.994530" lon="-79.548751">
        <time>2026-09-09T11:20:55Z</time>
      </trkpt>
      <trkpt lat="8.994514" lon="-79.548779">
        <time>2026-09-09T11:20:56Z</time>
      </trkpt>
      <trkpt lat="8.994503" lon="-79.548816">
        <time>2026-09-09T11:20:57Z</time>
      </trkpt>
      <trkpt lat="8.994500" lon="-79.548851">
        <time>2026-09-09T11:20:58Z</time>
      </trkpt>
      <trkpt lat="8.994496" lon="-79.548878">
        <time>2026-09-09T11:20:59Z</time>
      </trkpt>
      <trkpt lat="8.994486" lon="-79.548907">
        <time>2026-09-09T11:21:00Z</time>
      </trkpt>
      <trkpt lat="8.994479" lon="-79.548935">
        <time>2026-09-09T11:21:01Z</time>
      </trkpt>
      <trkpt lat="8.994472" lon="-79.548966">
        <time>2026-09-09T11:21:02Z</time>
      </trkpt>
      <trkpt lat="8.994466" lon="-79.548995">
        <time>2026-09-09T11:21:03Z</time>
      </trkpt>
      <trkpt lat="8.994460" lon="-79.549022">
        <time>2026-09-09T11:21:04Z</time>
      </trkpt>
      <trkpt lat="8.994452" lon="-79.549047">
        <time>2026-09-09T11:21:05Z</time>
      </trkpt>
      <trkpt lat="8.994442" lon="-79.549071">
        <time>2026-09-09T11:21:06Z</time>
      </trkpt>
      <trkpt lat="8.994435" lon="-79.549094">
        <time>2026-09-09T11:21:07Z</time>
      </trkpt>
      <trkpt lat="8.994427" lon="-79.549115">
        <time>2026-09-09T11:21:08Z</time>
      </trkpt>
      <trkpt lat="8.994416" lon="-79.549136">
        <time>2026-09-09T11:21:09Z</time>
      </trkpt>
      <trkpt lat="8.994406" lon="-79.549154">
        <time>2026-09-09T11:21:10Z</time>
      </trkpt>
      <trkpt lat="8.994394" lon="-79.549168">
        <time>2026-09-09T11:21:11Z</time>
      </trkpt>
      <trkpt lat="8.994375" lon="-79.549178">
        <time>2026-09-09T11:21:12Z</time>
      </trkpt>
      <trkpt lat="8.994359" lon="-79.549188">
        <time>2026-09-09T11:21:13Z</time>
      </trkpt>
      <trkpt lat="8.994339" lon="-79.549198">
        <time>2026-09-09T11:21:14Z</time>
      </trkpt>
      <trkpt lat="8.994317" lon="-79.549203">
        <time>2026-09-09T11:21:15Z</time>
      </trkpt>
      <trkpt lat="8.994294" lon="-79.549212">
        <time>2026-09-09T11:21:16Z</time>
      </trkpt>
      <trkpt lat="8.994270" lon="-79.549220">
        <time>2026-09-09T11:21:17Z</time>
      </trkpt>
      <trkpt lat="8.994243" lon="-79.549229">
        <time>2026-09-09T11:21:18Z</time>
      </trkpt>
      <trkpt lat="8.994218" lon="-79.549241">
        <time>2026-09-09T11:21:19Z</time>
      </trkpt>
      <trkpt lat="8.994194" lon="-79.549255">
        <time>2026-09-09T11:21:20Z</time>
      </trkpt>
      <trkpt lat="8.994172" lon="-79.549273">
        <time>2026-09-09T11:21:21Z</time>
      </trkpt>
      <trkpt lat="8.994151" lon="-79.549296">
        <time>2026-09-09T11:21:22Z</time>
      </trkpt>
      <trkpt lat="8.994131" lon="-79.549317">
        <time>2026-09-09T11:21:23Z</time>
      </trkpt>
      <trkpt lat="8.994112" lon="-79.549340">
        <time>2026-09-09T11:21:24Z</time>
      </trkpt>
      <trkpt lat="8.994099" lon="-79.549362">
        <time>2026-09-09T11:21:25Z</time>
      </trkpt>
      <trkpt lat="8.994087" lon="-79.549386">
        <time>2026-09-09T11:21:26Z</time>
      </trkpt>
      <trkpt lat="8.994073" lon="-79.549406">
        <time>2026-09-09T11:21:27Z</time>
      </trkpt>
      <trkpt lat="8.994058" lon="-79.549427">
        <time>2026-09-09T11:21:28Z</time>
      </trkpt>
      <trkpt lat="8.994049" lon="-79.549443">
        <time>2026-09-09T11:21:29Z</time>
      </trkpt>
      <trkpt lat="8.994037" lon="-79.549465">
        <time>2026-09-09T11:21:30Z</time>
      </trkpt>
      <trkpt lat="8.994027" lon="-79.549486">
        <time>2026-09-09T11:21:31Z</time>
      </trkpt>
      <trkpt lat="8.994016" lon="-79.549506">
        <time>2026-09-09T11:21:32Z</time>
      </trkpt>
      <trkpt lat="8.994002" lon="-79.549525">
        <time>2026-09-09T11:21:33Z</time>
      </trkpt>
      <trkpt lat="8.993989" lon="-79.549540">
        <time>2026-09-09T11:21:34Z</time>
      </trkpt>
      <trkpt lat="8.993975" lon="-79.549553">
        <time>2026-09-09T11:21:35Z</time>
      </trkpt>
      <trkpt lat="8.993957" lon="-79.549567">
        <time>2026-09-09T11:21:36Z</time>
      </trkpt>
      <trkpt lat="8.993941" lon="-79.549581">
        <time>2026-09-09T11:21:37Z</time>
      </trkpt>
      <trkpt lat="8.993925" lon="-79.549592">
        <time>2026-09-09T11:21:38Z</time>
      </trkpt>
      <trkpt lat="8.993907" lon="-79.549601">
        <time>2026-09-09T11:21:39Z</time>
      </trkpt>
      <trkpt lat="8.993888" lon="-79.549610">
        <time>2026-09-09T11:21:40Z</time>
      </trkpt>
      <trkpt lat="8.993866" lon="-79.549619">
        <time>2026-09-09T11:21:41Z</time>
      </trkpt>
      <trkpt lat="8.993844" lon="-79.549628">
        <time>2026-09-09T11:21:42Z</time>
      </trkpt>
      <trkpt lat="8.993825" lon="-79.549638">
        <time>2026-09-09T11:21:43Z</time>
      </trkpt>
      <trkpt lat="8.993804" lon="-79.549649">
        <time>2026-09-09T11:21:44Z</time>
      </trkpt>
      <trkpt lat="8.993781" lon="-79.549663">
        <time>2026-09-09T11:21:45Z</time>
      </trkpt>
      <trkpt lat="8.993759" lon="-79.549674">
        <time>2026-09-09T11:21:46Z</time>
      </trkpt>
      <trkpt lat="8.993734" lon="-79.549685">
        <time>2026-09-09T11:21:47Z</time>
      </trkpt>
      <trkpt lat="8.993711" lon="-79.549701">
        <time>2026-09-09T11:21:48Z</time>
      </trkpt>
      <trkpt lat="8.993691" lon="-79.549713">
        <time>2026-09-09T11:21:49Z</time>
      </trkpt>
      <trkpt lat="8.993672" lon="-79.549720">
        <time>2026-09-09T11:21:50Z</time>
      </trkpt>
      <trkpt lat="8.993652" lon="-79.549724">
        <time>2026-09-09T11:21:51Z</time>
      </trkpt>
      <trkpt lat="8.993633" lon="-79.549723">
        <time>2026-09-09T11:21:52Z</time>
      </trkpt>
      <trkpt lat="8.993612" lon="-79.549721">
        <time>2026-09-09T11:21:53Z</time>
      </trkpt>
      <trkpt lat="8.993593" lon="-79.549716">
        <time>2026-09-09T11:21:54Z</time>
      </trkpt>
      <trkpt lat="8.993572" lon="-79.549706">
        <time>2026-09-09T11:21:55Z</time>
      </trkpt>
      <trkpt lat="8.993550" lon="-79.549690">
        <time>2026-09-09T11:21:56Z</time>
      </trkpt>
      <trkpt lat="8.993529" lon="-79.549668">
        <time>2026-09-09T11:21:57Z</time>
      </trkpt>
      <trkpt lat="8.993510" lon="-79.549649">
        <time>2026-09-09T11:21:58Z</time>
      </trkpt>
      <trkpt lat="8.993495" lon="-79.549631">
        <time>2026-09-09T11:21:59Z</time>
      </trkpt>
      <trkpt lat="8.993480" lon="-79.549612">
        <time>2026-09-09T11:22:00Z</time>
      </trkpt>
      <trkpt lat="8.993466" lon="-79.549592">
        <time>2026-09-09T11:22:01Z</time>
      </trkpt>
      <trkpt lat="8.993452" lon="-79.549570">
        <time>2026-09-09T11:22:02Z</time>
      </trkpt>
      <trkpt lat="8.993437" lon="-79.549548">
        <time>2026-09-09T11:22:03Z</time>
      </trkpt>
      <trkpt lat="8.993419" lon="-79.549525">
        <time>2026-09-09T11:22:04Z</time>
      </trkpt>
      <trkpt lat="8.993402" lon="-79.549504">
        <time>2026-09-09T11:22:05Z</time>
      </trkpt>
      <trkpt lat="8.993386" lon="-79.549484">
        <time>2026-09-09T11:22:06Z</time>
      </trkpt>
      <trkpt lat="8.993368" lon="-79.549463">
        <time>2026-09-09T11:22:07Z</time>
      </trkpt>
      <trkpt lat="8.993351" lon="-79.549440">
        <time>2026-09-09T11:22:08Z</time>
      </trkpt>
      <trkpt lat="8.993335" lon="-79.549417">
        <time>2026-09-09T11:22:09Z</time>
      </trkpt>
      <trkpt lat="8.993320" lon="-79.549395">
        <time>2026-09-09T11:22:10Z</time>
      </trkpt>
      <trkpt lat="8.993297" lon="-79.549383">
        <time>2026-09-09T11:22:11Z</time>
      </trkpt>
      <trkpt lat="8.993277" lon="-79.549366">
        <time>2026-09-09T11:22:12Z</time>
      </trkpt>
      <trkpt lat="8.993256" lon="-79.549353">
        <time>2026-09-09T11:22:13Z</time>
      </trkpt>
      <trkpt lat="8.993238" lon="-79.549338">
        <time>2026-09-09T11:22:14Z</time>
      </trkpt>
      <trkpt lat="8.993222" lon="-79.549322">
        <time>2026-09-09T11:22:15Z</time>
      </trkpt>
      <trkpt lat="8.993210" lon="-79.549302">
        <time>2026-09-09T11:22:16Z</time>
      </trkpt>
      <trkpt lat="8.993205" lon="-79.549279">
        <time>2026-09-09T11:22:17Z</time>
      </trkpt>
      <trkpt lat="8.993208" lon="-79.549256">
        <time>2026-09-09T11:22:18Z</time>
      </trkpt>
      <trkpt lat="8.993207" lon="-79.549233">
        <time>2026-09-09T11:22:19Z</time>
      </trkpt>
      <trkpt lat="8.993204" lon="-79.549211">
        <time>2026-09-09T11:22:20Z</time>
      </trkpt>
      <trkpt lat="8.993197" lon="-79.549187">
        <time>2026-09-09T11:22:21Z</time>
      </trkpt>
      <trkpt lat="8.993187" lon="-79.549167">
        <time>2026-09-09T11:22:22Z</time>
      </trkpt>
      <trkpt lat="8.993174" lon="-79.549152">
        <time>2026-09-09T11:22:23Z</time>
      </trkpt>
      <trkpt lat="8.993154" lon="-79.549137">
        <time>2026-09-09T11:22:24Z</time>
      </trkpt>
      <trkpt lat="8.993134" lon="-79.549127">
        <time>2026-09-09T11:22:25Z</time>
      </trkpt>
      <trkpt lat="8.993115" lon="-79.549117">
        <time>2026-09-09T11:22:26Z</time>
      </trkpt>
      <trkpt lat="8.993095" lon="-79.549106">
        <time>2026-09-09T11:22:27Z</time>
      </trkpt>
      <trkpt lat="8.993076" lon="-79.549093">
        <time>2026-09-09T11:22:28Z</time>
      </trkpt>
      <trkpt lat="8.993058" lon="-79.549079">
        <time>2026-09-09T11:22:29Z</time>
      </trkpt>
      <trkpt lat="8.993039" lon="-79.549064">
        <time>2026-09-09T11:22:30Z</time>
      </trkpt>
      <trkpt lat="8.993017" lon="-79.549050">
        <time>2026-09-09T11:22:31Z</time>
      </trkpt>
      <trkpt lat="8.992998" lon="-79.549038">
        <time>2026-09-09T11:22:32Z</time>
      </trkpt>
      <trkpt lat="8.992978" lon="-79.549028">
        <time>2026-09-09T11:22:33Z</time>
      </trkpt>
      <trkpt lat="8.992957" lon="-79.549015">
        <time>2026-09-09T11:22:34Z</time>
      </trkpt>
      <trkpt lat="8.992938" lon="-79.549006">
        <time>2026-09-09T11:22:35Z</time>
      </trkpt>
      <trkpt lat="8.992917" lon="-79.548999">
        <time>2026-09-09T11:22:36Z</time>
      </trkpt>
      <trkpt lat="8.992895" lon="-79.548997">
        <time>2026-09-09T11:22:37Z</time>
      </trkpt>
      <trkpt lat="8.992875" lon="-79.548994">
        <time>2026-09-09T11:22:38Z</time>
      </trkpt>
      <trkpt lat="8.992854" lon="-79.548990">
        <time>2026-09-09T11:22:39Z</time>
      </trkpt>
      <trkpt lat="8.992834" lon="-79.548985">
        <time>2026-09-09T11:22:40Z</time>
      </trkpt>
      <trkpt lat="8.992818" lon="-79.548979">
        <time>2026-09-09T11:22:41Z</time>
      </trkpt>
      <trkpt lat="8.992801" lon="-79.548970">
        <time>2026-09-09T11:22:42Z</time>
      </trkpt>
      <trkpt lat="8.992786" lon="-79.548959">
        <time>2026-09-09T11:22:43Z</time>
      </trkpt>
      <trkpt lat="8.992774" lon="-79.548946">
        <time>2026-09-09T11:22:44Z</time>
      </trkpt>
      <trkpt lat="8.992763" lon="-79.548932">
        <time>2026-09-09T11:22:45Z</time>
      </trkpt>
      <trkpt lat="8.992752" lon="-79.548918">
        <time>2026-09-09T11:22:46Z</time>
      </trkpt>
      <trkpt lat="8.992745" lon="-79.548901">
        <time>2026-09-09T11:22:47Z</time>
      </trkpt>
      <trkpt lat="8.992737" lon="-79.548887">
        <time>2026-09-09T11:22:48Z</time>
      </trkpt>
      <trkpt lat="8.992726" lon="-79.548872">
        <time>2026-09-09T11:22:49Z</time>
      </trkpt>
      <trkpt lat="8.992718" lon="-79.548856">
        <time>2026-09-09T11:22:50Z</time>
      </trkpt>
      <trkpt lat="8.992715" lon="-79.548840">
        <time>2026-09-09T11:22:51Z</time>
      </trkpt>
      <trkpt lat="8.992707" lon="-79.548822">
        <time>2026-09-09T11:22:52Z</time>
      </trkpt>
      <trkpt lat="8.992701" lon="-79.548805">
        <time>2026-09-09T11:22:53Z</time>
      </trkpt>
      <trkpt lat="8.992705" lon="-79.548786">
        <time>2026-09-09T11:22:54Z</time>
      </trkpt>
      <trkpt lat="8.992701" lon="-79.548769">
        <time>2026-09-09T11:22:55Z</time>
      </trkpt>
      <trkpt lat="8.992697" lon="-79.548751">
        <time>2026-09-09T11:22:56Z</time>
      </trkpt>
      <trkpt lat="8.992692" lon="-79.548732">
        <time>2026-09-09T11:22:57Z</time>
      </trkpt>
      <trkpt lat="8.992687" lon="-79.548719">
        <time>2026-09-09T11:22:58Z</time>
      </trkpt>
      <trkpt lat="8.992683" lon="-79.548703">
        <time>2026-09-09T11:22:59Z</time>
      </trkpt>
      <trkpt lat="8.992677" lon="-79.548690">
        <time>2026-09-09T11:23:00Z</time>
      </trkpt>
      <trkpt lat="8.992669" lon="-79.548674">
        <time>2026-09-09T11:23:01Z</time>
      </trkpt>
      <trkpt lat="8.992663" lon="-79.548662">
        <time>2026-09-09T11:23:02Z</time>
      </trkpt>
      <trkpt lat="8.992655" lon="-79.548648">
        <time>2026-09-09T11:23:03Z</time>
      </trkpt>
      <trkpt lat="8.992651" lon="-79.548635">
        <time>2026-09-09T11:23:04Z</time>
      </trkpt>
      <trkpt lat="8.992643" lon="-79.548620">
        <time>2026-09-09T11:23:05Z</time>
      </trkpt>
      <trkpt lat="8.992637" lon="-79.548608">
        <time>2026-09-09T11:23:06Z</time>
      </trkpt>
      <trkpt lat="8.992629" lon="-79.548593">
        <time>2026-09-09T11:23:07Z</time>
      </trkpt>
      <trkpt lat="8.992619" lon="-79.548578">
        <time>2026-09-09T11:23:08Z</time>
      </trkpt>
      <trkpt lat="8.992611" lon="-79.548560">
        <time>2026-09-09T11:23:09Z</time>
      </trkpt>
      <trkpt lat="8.992601" lon="-79.548545">
        <time>2026-09-09T11:23:10Z</time>
      </trkpt>
      <trkpt lat="8.992590" lon="-79.548529">
        <time>2026-09-09T11:23:11Z</time>
      </trkpt>
      <trkpt lat="8.992577" lon="-79.548514">
        <time>2026-09-09T11:23:12Z</time>
      </trkpt>
      <trkpt lat="8.992562" lon="-79.548499">
        <time>2026-09-09T11:23:13Z</time>
      </trkpt>
      <trkpt lat="8.992548" lon="-79.548485">
        <time>2026-09-09T11:23:14Z</time>
      </trkpt>
      <trkpt lat="8.992529" lon="-79.548473">
        <time>2026-09-09T11:23:15Z</time>
      </trkpt>
      <trkpt lat="8.992514" lon="-79.548460">
        <time>2026-09-09T11:23:16Z</time>
      </trkpt>
      <trkpt lat="8.992502" lon="-79.548447">
        <time>2026-09-09T11:23:17Z</time>
      </trkpt>
      <trkpt lat="8.992494" lon="-79.548431">
        <time>2026-09-09T11:23:18Z</time>
      </trkpt>
      <trkpt lat="8.992483" lon="-79.548415">
        <time>2026-09-09T11:23:19Z</time>
      </trkpt>
      <trkpt lat="8.992473" lon="-79.548401">
        <time>2026-09-09T11:23:20Z</time>
      </trkpt>
      <trkpt lat="8.992465" lon="-79.548388">
        <time>2026-09-09T11:23:21Z</time>
      </trkpt>
      <trkpt lat="8.992453" lon="-79.548373">
        <time>2026-09-09T11:23:22Z</time>
      </trkpt>
      <trkpt lat="8.992444" lon="-79.548357">
        <time>2026-09-09T11:23:23Z</time>
      </trkpt>
      <trkpt lat="8.992432" lon="-79.548339">
        <time>2026-09-09T11:23:24Z</time>
      </trkpt>
      <trkpt lat="8.992422" lon="-79.548323">
        <time>2026-09-09T11:23:25Z</time>
      </trkpt>
      <trkpt lat="8.992409" lon="-79.548305">
        <time>2026-09-09T11:23:26Z</time>
      </trkpt>
      <trkpt lat="8.992396" lon="-79.548289">
        <time>2026-09-09T11:23:27Z</time>
      </trkpt>
      <trkpt lat="8.992381" lon="-79.548273">
        <time>2026-09-09T11:23:28Z</time>
      </trkpt>
      <trkpt lat="8.992368" lon="-79.548258">
        <time>2026-09-09T11:23:29Z</time>
      </trkpt>
      <trkpt lat="8.992356" lon="-79.548243">
        <time>2026-09-09T11:23:30Z</time>
      </trkpt>
      <trkpt lat="8.992345" lon="-79.548225">
        <time>2026-09-09T11:23:31Z</time>
      </trkpt>
      <trkpt lat="8.992334" lon="-79.548205">
        <time>2026-09-09T11:23:32Z</time>
      </trkpt>
      <trkpt lat="8.992326" lon="-79.548186">
        <time>2026-09-09T11:23:33Z</time>
      </trkpt>
      <trkpt lat="8.992319" lon="-79.548169">
        <time>2026-09-09T11:23:34Z</time>
      </trkpt>
      <trkpt lat="8.992311" lon="-79.548150">
        <time>2026-09-09T11:23:35Z</time>
      </trkpt>
      <trkpt lat="8.992304" lon="-79.548132">
        <time>2026-09-09T11:23:36Z</time>
      </trkpt>
      <trkpt lat="8.992292" lon="-79.548118">
        <time>2026-09-09T11:23:37Z</time>
      </trkpt>
      <trkpt lat="8.992281" lon="-79.548104">
        <time>2026-09-09T11:23:38Z</time>
      </trkpt>
      <trkpt lat="8.992259" lon="-79.548097">
        <time>2026-09-09T11:23:39Z</time>
      </trkpt>
      <trkpt lat="8.992235" lon="-79.548096">
        <time>2026-09-09T11:23:40Z</time>
      </trkpt>
      <trkpt lat="8.992204" lon="-79.548098">
        <time>2026-09-09T11:23:41Z</time>
      </trkpt>
      <trkpt lat="8.992179" lon="-79.548093">
        <time>2026-09-09T11:23:42Z</time>
      </trkpt>
      <trkpt lat="8.992155" lon="-79.548085">
        <time>2026-09-09T11:23:43Z</time>
      </trkpt>
      <trkpt lat="8.992131" lon="-79.548080">
        <time>2026-09-09T11:23:44Z</time>
      </trkpt>
      <trkpt lat="8.992112" lon="-79.548072">
        <time>2026-09-09T11:23:45Z</time>
      </trkpt>
      <trkpt lat="8.992104" lon="-79.548059">
        <time>2026-09-09T11:23:46Z</time>
      </trkpt>
      <trkpt lat="8.992096" lon="-79.548044">
        <time>2026-09-09T11:23:47Z</time>
      </trkpt>
      <trkpt lat="8.992088" lon="-79.548026">
        <time>2026-09-09T11:23:48Z</time>
      </trkpt>
      <trkpt lat="8.992077" lon="-79.548008">
        <time>2026-09-09T11:23:49Z</time>
      </trkpt>
      <trkpt lat="8.992065" lon="-79.547988">
        <time>2026-09-09T11:23:50Z</time>
      </trkpt>
      <trkpt lat="8.992050" lon="-79.547971">
        <time>2026-09-09T11:23:51Z</time>
      </trkpt>
      <trkpt lat="8.992032" lon="-79.547955">
        <time>2026-09-09T11:23:52Z</time>
      </trkpt>
      <trkpt lat="8.992016" lon="-79.547941">
        <time>2026-09-09T11:23:53Z</time>
      </trkpt>
      <trkpt lat="8.991999" lon="-79.547926">
        <time>2026-09-09T11:23:54Z</time>
      </trkpt>
      <trkpt lat="8.991984" lon="-79.547911">
        <time>2026-09-09T11:23:55Z</time>
      </trkpt>
      <trkpt lat="8.991973" lon="-79.547896">
        <time>2026-09-09T11:23:56Z</time>
      </trkpt>
      <trkpt lat="8.991967" lon="-79.547876">
        <time>2026-09-09T11:23:57Z</time>
      </trkpt>
      <trkpt lat="8.991962" lon="-79.547856">
        <time>2026-09-09T11:23:58Z</time>
      </trkpt>
      <trkpt lat="8.991956" lon="-79.547834">
        <time>2026-09-09T11:23:59Z</time>
      </trkpt>
      <trkpt lat="8.991952" lon="-79.547812">
        <time>2026-09-09T11:24:00Z</time>
      </trkpt>
      <trkpt lat="8.991945" lon="-79.547791">
        <time>2026-09-09T11:24:01Z</time>
      </trkpt>
      <trkpt lat="8.991933" lon="-79.547772">
        <time>2026-09-09T11:24:02Z</time>
      </trkpt>
      <trkpt lat="8.991918" lon="-79.547755">
        <time>2026-09-09T11:24:03Z</time>
      </trkpt>
      <trkpt lat="8.991902" lon="-79.547742">
        <time>2026-09-09T11:24:04Z</time>
      </trkpt>
      <trkpt lat="8.991885" lon="-79.547728">
        <time>2026-09-09T11:24:05Z</time>
      </trkpt>
      <trkpt lat="8.991864" lon="-79.547714">
        <time>2026-09-09T11:24:06Z</time>
      </trkpt>
      <trkpt lat="8.991848" lon="-79.547700">
        <time>2026-09-09T11:24:07Z</time>
      </trkpt>
      <trkpt lat="8.991833" lon="-79.547688">
        <time>2026-09-09T11:24:08Z</time>
      </trkpt>
      <trkpt lat="8.991817" lon="-79.547675">
        <time>2026-09-09T11:24:09Z</time>
      </trkpt>
      <trkpt lat="8.991800" lon="-79.547660">
        <time>2026-09-09T11:24:10Z</time>
      </trkpt>
      <trkpt lat="8.991785" lon="-79.547646">
        <time>2026-09-09T11:24:11Z</time>
      </trkpt>
      <trkpt lat="8.991771" lon="-79.547632">
        <time>2026-09-09T11:24:12Z</time>
      </trkpt>
      <trkpt lat="8.991757" lon="-79.547617">
        <time>2026-09-09T11:24:13Z</time>
      </trkpt>
      <trkpt lat="8.991741" lon="-79.547602">
        <time>2026-09-09T11:24:14Z</time>
      </trkpt>
      <trkpt lat="8.991727" lon="-79.547587">
        <time>2026-09-09T11:24:15Z</time>
      </trkpt>
      <trkpt lat="8.991716" lon="-79.547567">
        <time>2026-09-09T11:24:16Z</time>
      </trkpt>
      <trkpt lat="8.991704" lon="-79.547543">
        <time>2026-09-09T11:24:17Z</time>
      </trkpt>
      <trkpt lat="8.991690" lon="-79.547521">
        <time>2026-09-09T11:24:18Z</time>
      </trkpt>
      <trkpt lat="8.991676" lon="-79.547502">
        <time>2026-09-09T11:24:19Z</time>
      </trkpt>
      <trkpt lat="8.991660" lon="-79.547483">
        <time>2026-09-09T11:24:20Z</time>
      </trkpt>
      <trkpt lat="8.991638" lon="-79.547471">
        <time>2026-09-09T11:24:21Z</time>
      </trkpt>
      <trkpt lat="8.991615" lon="-79.547463">
        <time>2026-09-09T11:24:22Z</time>
      </trkpt>
      <trkpt lat="8.991594" lon="-79.547452">
        <time>2026-09-09T11:24:23Z</time>
      </trkpt>
      <trkpt lat="8.991576" lon="-79.547445">
        <time>2026-09-09T11:24:24Z</time>
      </trkpt>
      <trkpt lat="8.991559" lon="-79.547436">
        <time>2026-09-09T11:24:25Z</time>
      </trkpt>
      <trkpt lat="8.991541" lon="-79.547425">
        <time>2026-09-09T11:24:26Z</time>
      </trkpt>
      <trkpt lat="8.991522" lon="-79.547414">
        <time>2026-09-09T11:24:27Z</time>
      </trkpt>
      <trkpt lat="8.991503" lon="-79.547402">
        <time>2026-09-09T11:24:28Z</time>
      </trkpt>
      <trkpt lat="8.991486" lon="-79.547392">
        <time>2026-09-09T11:24:29Z</time>
      </trkpt>
      <trkpt lat="8.991471" lon="-79.547379">
        <time>2026-09-09T11:24:30Z</time>
      </trkpt>
      <trkpt lat="8.991456" lon="-79.547366">
        <time>2026-09-09T11:24:31Z</time>
      </trkpt>
      <trkpt lat="8.991443" lon="-79.547351">
        <time>2026-09-09T11:24:32Z</time>
      </trkpt>
      <trkpt lat="8.991433" lon="-79.547332">
        <time>2026-09-09T11:24:33Z</time>
      </trkpt>
      <trkpt lat="8.991427" lon="-79.547311">
        <time>2026-09-09T11:24:34Z</time>
      </trkpt>
      <trkpt lat="8.991425" lon="-79.547287">
        <time>2026-09-09T11:24:35Z</time>
      </trkpt>
      <trkpt lat="8.991421" lon="-79.547267">
        <time>2026-09-09T11:24:36Z</time>
      </trkpt>
      <trkpt lat="8.991415" lon="-79.547244">
        <time>2026-09-09T11:24:37Z</time>
      </trkpt>
      <trkpt lat="8.991407" lon="-79.547219">
        <time>2026-09-09T11:24:38Z</time>
      </trkpt>
      <trkpt lat="8.991399" lon="-79.547195">
        <time>2026-09-09T11:24:39Z</time>
      </trkpt>
      <trkpt lat="8.991391" lon="-79.547171">
        <time>2026-09-09T11:24:40Z</time>
      </trkpt>
      <trkpt lat="8.991379" lon="-79.547146">
        <time>2026-09-09T11:24:41Z</time>
      </trkpt>
      <trkpt lat="8.991364" lon="-79.547121">
        <time>2026-09-09T11:24:42Z</time>
      </trkpt>
      <trkpt lat="8.991349" lon="-79.547099">
        <time>2026-09-09T11:24:43Z</time>
      </trkpt>
      <trkpt lat="8.991331" lon="-79.547080">
        <time>2026-09-09T11:24:44Z</time>
      </trkpt>
      <trkpt lat="8.991316" lon="-79.547059">
        <time>2026-09-09T11:24:45Z</time>
      </trkpt>
      <trkpt lat="8.991300" lon="-79.547039">
        <time>2026-09-09T11:24:46Z</time>
      </trkpt>
      <trkpt lat="8.991281" lon="-79.547019">
        <time>2026-09-09T11:24:47Z</time>
      </trkpt>
      <trkpt lat="8.991265" lon="-79.547002">
        <time>2026-09-09T11:24:48Z</time>
      </trkpt>
      <trkpt lat="8.991250" lon="-79.546985">
        <time>2026-09-09T11:24:49Z</time>
      </trkpt>
      <trkpt lat="8.991237" lon="-79.546966">
        <time>2026-09-09T11:24:50Z</time>
      </trkpt>
      <trkpt lat="8.991226" lon="-79.546948">
        <time>2026-09-09T11:24:51Z</time>
      </trkpt>
      <trkpt lat="8.991220" lon="-79.546931">
        <time>2026-09-09T11:24:52Z</time>
      </trkpt>
      <trkpt lat="8.991218" lon="-79.546914">
        <time>2026-09-09T11:24:53Z</time>
      </trkpt>
      <trkpt lat="8.991225" lon="-79.546896">
        <time>2026-09-09T11:24:54Z</time>
      </trkpt>
      <trkpt lat="8.991233" lon="-79.546877">
        <time>2026-09-09T11:24:55Z</time>
      </trkpt>
      <trkpt lat="8.991233" lon="-79.546858">
        <time>2026-09-09T11:24:56Z</time>
      </trkpt>
      <trkpt lat="8.991223" lon="-79.546837">
        <time>2026-09-09T11:24:57Z</time>
      </trkpt>
      <trkpt lat="8.991216" lon="-79.546816">
        <time>2026-09-09T11:24:58Z</time>
      </trkpt>
      <trkpt lat="8.991211" lon="-79.546795">
        <time>2026-09-09T11:24:59Z</time>
      </trkpt>
      <trkpt lat="8.991201" lon="-79.546776">
        <time>2026-09-09T11:25:00Z</time>
      </trkpt>
      <trkpt lat="8.991187" lon="-79.546758">
        <time>2026-09-09T11:25:01Z</time>
      </trkpt>
      <trkpt lat="8.991177" lon="-79.546741">
        <time>2026-09-09T11:25:02Z</time>
      </trkpt>
      <trkpt lat="8.991163" lon="-79.546723">
        <time>2026-09-09T11:25:03Z</time>
      </trkpt>
      <trkpt lat="8.991149" lon="-79.546704">
        <time>2026-09-09T11:25:04Z</time>
      </trkpt>
      <trkpt lat="8.991136" lon="-79.546683">
        <time>2026-09-09T11:25:05Z</time>
      </trkpt>
      <trkpt lat="8.991125" lon="-79.546662">
        <time>2026-09-09T11:25:06Z</time>
      </trkpt>
      <trkpt lat="8.991112" lon="-79.546644">
        <time>2026-09-09T11:25:07Z</time>
      </trkpt>
      <trkpt lat="8.991098" lon="-79.546627">
        <time>2026-09-09T11:25:08Z</time>
      </trkpt>
      <trkpt lat="8.991085" lon="-79.546611">
        <time>2026-09-09T11:25:09Z</time>
      </trkpt>
      <trkpt lat="8.991072" lon="-79.546591">
        <time>2026-09-09T11:25:10Z</time>
      </trkpt>
      <trkpt lat="8.991057" lon="-79.546574">
        <time>2026-09-09T11:25:11Z</time>
      </trkpt>
      <trkpt lat="8.991043" lon="-79.546556">
        <time>2026-09-09T11:25:12Z</time>
      </trkpt>
      <trkpt lat="8.991025" lon="-79.546550">
        <time>2026-09-09T11:25:13Z</time>
      </trkpt>
      <trkpt lat="8.991008" lon="-79.546538">
        <time>2026-09-09T11:25:14Z</time>
      </trkpt>
      <trkpt lat="8.990995" lon="-79.546523">
        <time>2026-09-09T11:25:15Z</time>
      </trkpt>
      <trkpt lat="8.990990" lon="-79.546508">
        <time>2026-09-09T11:25:16Z</time>
      </trkpt>
      <trkpt lat="8.990990" lon="-79.546489">
        <time>2026-09-09T11:25:17Z</time>
      </trkpt>
      <trkpt lat="8.990987" lon="-79.546472">
        <time>2026-09-09T11:25:18Z</time>
      </trkpt>
      <trkpt lat="8.990983" lon="-79.546450">
        <time>2026-09-09T11:25:19Z</time>
      </trkpt>
      <trkpt lat="8.990981" lon="-79.546427">
        <time>2026-09-09T11:25:20Z</time>
      </trkpt>
      <trkpt lat="8.990975" lon="-79.546405">
        <time>2026-09-09T11:25:21Z</time>
      </trkpt>
      <trkpt lat="8.990961" lon="-79.546385">
        <time>2026-09-09T11:25:22Z</time>
      </trkpt>
      <trkpt lat="8.990942" lon="-79.546372">
        <time>2026-09-09T11:25:23Z</time>
      </trkpt>
      <trkpt lat="8.990916" lon="-79.546360">
        <time>2026-09-09T11:25:24Z</time>
      </trkpt>
      <trkpt lat="8.990890" lon="-79.546349">
        <time>2026-09-09T11:25:25Z</time>
      </trkpt>
      <trkpt lat="8.990861" lon="-79.546343">
        <time>2026-09-09T11:25:26Z</time>
      </trkpt>
      <trkpt lat="8.990833" lon="-79.546339">
        <time>2026-09-09T11:25:27Z</time>
      </trkpt>
      <trkpt lat="8.990808" lon="-79.546332">
        <time>2026-09-09T11:25:28Z</time>
      </trkpt>
      <trkpt lat="8.990787" lon="-79.546317">
        <time>2026-09-09T11:25:29Z</time>
      </trkpt>
      <trkpt lat="8.990769" lon="-79.546300">
        <time>2026-09-09T11:25:30Z</time>
      </trkpt>
      <trkpt lat="8.990758" lon="-79.546285">
        <time>2026-09-09T11:25:31Z</time>
      </trkpt>
      <trkpt lat="8.990746" lon="-79.546267">
        <time>2026-09-09T11:25:32Z</time>
      </trkpt>
      <trkpt lat="8.990733" lon="-79.546248">
        <time>2026-09-09T11:25:33Z</time>
      </trkpt>
      <trkpt lat="8.990720" lon="-79.546229">
        <time>2026-09-09T11:25:34Z</time>
      </trkpt>
      <trkpt lat="8.990708" lon="-79.546213">
        <time>2026-09-09T11:25:35Z</time>
      </trkpt>
      <trkpt lat="8.990695" lon="-79.546196">
        <time>2026-09-09T11:25:36Z</time>
      </trkpt>
      <trkpt lat="8.990683" lon="-79.546178">
        <time>2026-09-09T11:25:37Z</time>
      </trkpt>
      <trkpt lat="8.990668" lon="-79.546160">
        <time>2026-09-09T11:25:38Z</time>
      </trkpt>
      <trkpt lat="8.990649" lon="-79.546143">
        <time>2026-09-09T11:25:39Z</time>
      </trkpt>
      <trkpt lat="8.990631" lon="-79.546127">
        <time>2026-09-09T11:25:40Z</time>
      </trkpt>
      <trkpt lat="8.990613" lon="-79.546112">
        <time>2026-09-09T11:25:41Z</time>
      </trkpt>
      <trkpt lat="8.990597" lon="-79.546097">
        <time>2026-09-09T11:25:42Z</time>
      </trkpt>
      <trkpt lat="8.990583" lon="-79.546080">
        <time>2026-09-09T11:25:43Z</time>
      </trkpt>
      <trkpt lat="8.990568" lon="-79.546064">
        <time>2026-09-09T11:25:44Z</time>
      </trkpt>
      <trkpt lat="8.990556" lon="-79.546047">
        <time>2026-09-09T11:25:45Z</time>
      </trkpt>
      <trkpt lat="8.990542" lon="-79.546032">
        <time>2026-09-09T11:25:46Z</time>
      </trkpt>
      <trkpt lat="8.990529" lon="-79.546013">
        <time>2026-09-09T11:25:47Z</time>
      </trkpt>
      <trkpt lat="8.990518" lon="-79.545994">
        <time>2026-09-09T11:25:48Z</time>
      </trkpt>
      <trkpt lat="8.990510" lon="-79.545976">
        <time>2026-09-09T11:25:49Z</time>
      </trkpt>
      <trkpt lat="8.990498" lon="-79.545957">
        <time>2026-09-09T11:25:50Z</time>
      </trkpt>
      <trkpt lat="8.990484" lon="-79.545939">
        <time>2026-09-09T11:25:51Z</time>
      </trkpt>
      <trkpt lat="8.990470" lon="-79.545922">
        <time>2026-09-09T11:25:52Z</time>
      </trkpt>
      <trkpt lat="8.990456" lon="-79.545905">
        <time>2026-09-09T11:25:53Z</time>
      </trkpt>
      <trkpt lat="8.990436" lon="-79.545888">
        <time>2026-09-09T11:25:54Z</time>
      </trkpt>
      <trkpt lat="8.990417" lon="-79.545872">
        <time>2026-09-09T11:25:55Z</time>
      </trkpt>
      <trkpt lat="8.990399" lon="-79.545859">
        <time>2026-09-09T11:25:56Z</time>
      </trkpt>
      <trkpt lat="8.990380" lon="-79.545846">
        <time>2026-09-09T11:25:57Z</time>
      </trkpt>
      <trkpt lat="8.990365" lon="-79.545832">
        <time>2026-09-09T11:25:58Z</time>
      </trkpt>
      <trkpt lat="8.990350" lon="-79.545815">
        <time>2026-09-09T11:25:59Z</time>
      </trkpt>
      <trkpt lat="8.990342" lon="-79.545799">
        <time>2026-09-09T11:26:00Z</time>
      </trkpt>
      <trkpt lat="8.990333" lon="-79.545779">
        <time>2026-09-09T11:26:01Z</time>
      </trkpt>
      <trkpt lat="8.990324" lon="-79.545759">
        <time>2026-09-09T11:26:02Z</time>
      </trkpt>
      <trkpt lat="8.990317" lon="-79.545740">
        <time>2026-09-09T11:26:03Z</time>
      </trkpt>
      <trkpt lat="8.990312" lon="-79.545723">
        <time>2026-09-09T11:26:04Z</time>
      </trkpt>
      <trkpt lat="8.990310" lon="-79.545705">
        <time>2026-09-09T11:26:05Z</time>
      </trkpt>
      <trkpt lat="8.990308" lon="-79.545684">
        <time>2026-09-09T11:26:06Z</time>
      </trkpt>
      <trkpt lat="8.990307" lon="-79.545665">
        <time>2026-09-09T11:26:07Z</time>
      </trkpt>
      <trkpt lat="8.990306" lon="-79.545646">
        <time>2026-09-09T11:26:08Z</time>
      </trkpt>
      <trkpt lat="8.990305" lon="-79.545630">
        <time>2026-09-09T11:26:09Z</time>
      </trkpt>
      <trkpt lat="8.990306" lon="-79.545608">
        <time>2026-09-09T11:26:10Z</time>
      </trkpt>
      <trkpt lat="8.990309" lon="-79.545594">
        <time>2026-09-09T11:26:11Z</time>
      </trkpt>
      <trkpt lat="8.990318" lon="-79.545581">
        <time>2026-09-09T11:26:12Z</time>
      </trkpt>
      <trkpt lat="8.990330" lon="-79.545563">
        <time>2026-09-09T11:26:13Z</time>
      </trkpt>
      <trkpt lat="8.990343" lon="-79.545542">
        <time>2026-09-09T11:26:14Z</time>
      </trkpt>
      <trkpt lat="8.990355" lon="-79.545518">
        <time>2026-09-09T11:26:15Z</time>
      </trkpt>
      <trkpt lat="8.990366" lon="-79.545493">
        <time>2026-09-09T11:26:16Z</time>
      </trkpt>
      <trkpt lat="8.990372" lon="-79.545466">
        <time>2026-09-09T11:26:17Z</time>
      </trkpt>
      <trkpt lat="8.990371" lon="-79.545444">
        <time>2026-09-09T11:26:18Z</time>
      </trkpt>
      <trkpt lat="8.990357" lon="-79.545424">
        <time>2026-09-09T11:26:19Z</time>
      </trkpt>
      <trkpt lat="8.990344" lon="-79.545403">
        <time>2026-09-09T11:26:20Z</time>
      </trkpt>
      <trkpt lat="8.990335" lon="-79.545385">
        <time>2026-09-09T11:26:21Z</time>
      </trkpt>
      <trkpt lat="8.990337" lon="-79.545365">
        <time>2026-09-09T11:26:22Z</time>
      </trkpt>
      <trkpt lat="8.990349" lon="-79.545346">
        <time>2026-09-09T11:26:23Z</time>
      </trkpt>
      <trkpt lat="8.990364" lon="-79.545329">
        <time>2026-09-09T11:26:24Z</time>
      </trkpt>
      <trkpt lat="8.990380" lon="-79.545319">
        <time>2026-09-09T11:26:25Z</time>
      </trkpt>
      <trkpt lat="8.990399" lon="-79.545303">
        <time>2026-09-09T11:26:26Z</time>
      </trkpt>
      <trkpt lat="8.990417" lon="-79.545286">
        <time>2026-09-09T11:26:27Z</time>
      </trkpt>
      <trkpt lat="8.990435" lon="-79.545272">
        <time>2026-09-09T11:26:28Z</time>
      </trkpt>
      <trkpt lat="8.990453" lon="-79.545261">
        <time>2026-09-09T11:26:29Z</time>
      </trkpt>
      <trkpt lat="8.990474" lon="-79.545247">
        <time>2026-09-09T11:26:30Z</time>
      </trkpt>
      <trkpt lat="8.990495" lon="-79.545232">
        <time>2026-09-09T11:26:31Z</time>
      </trkpt>
      <trkpt lat="8.990518" lon="-79.545221">
        <time>2026-09-09T11:26:32Z</time>
      </trkpt>
      <trkpt lat="8.990542" lon="-79.545208">
        <time>2026-09-09T11:26:33Z</time>
      </trkpt>
      <trkpt lat="8.990567" lon="-79.545195">
        <time>2026-09-09T11:26:34Z</time>
      </trkpt>
      <trkpt lat="8.990590" lon="-79.545181">
        <time>2026-09-09T11:26:35Z</time>
      </trkpt>
      <trkpt lat="8.990611" lon="-79.545166">
        <time>2026-09-09T11:26:36Z</time>
      </trkpt>
      <trkpt lat="8.990630" lon="-79.545146">
        <time>2026-09-09T11:26:37Z</time>
      </trkpt>
      <trkpt lat="8.990647" lon="-79.545125">
        <time>2026-09-09T11:26:38Z</time>
      </trkpt>
      <trkpt lat="8.990661" lon="-79.545103">
        <time>2026-09-09T11:26:39Z</time>
      </trkpt>
      <trkpt lat="8.990673" lon="-79.545079">
        <time>2026-09-09T11:26:40Z</time>
      </trkpt>
      <trkpt lat="8.990686" lon="-79.545055">
        <time>2026-09-09T11:26:41Z</time>
      </trkpt>
      <trkpt lat="8.990701" lon="-79.545033">
        <time>2026-09-09T11:26:42Z</time>
      </trkpt>
      <trkpt lat="8.990714" lon="-79.545011">
        <time>2026-09-09T11:26:43Z</time>
      </trkpt>
      <trkpt lat="8.990725" lon="-79.544986">
        <time>2026-09-09T11:26:44Z</time>
      </trkpt>
      <trkpt lat="8.990736" lon="-79.544956">
        <time>2026-09-09T11:26:45Z</time>
      </trkpt>
      <trkpt lat="8.990745" lon="-79.544933">
        <time>2026-09-09T11:26:46Z</time>
      </trkpt>
      <trkpt lat="8.990753" lon="-79.544910">
        <time>2026-09-09T11:26:47Z</time>
      </trkpt>
      <trkpt lat="8.990760" lon="-79.544884">
        <time>2026-09-09T11:26:48Z</time>
      </trkpt>
      <trkpt lat="8.990764" lon="-79.544859">
        <time>2026-09-09T11:26:49Z</time>
      </trkpt>
      <trkpt lat="8.990769" lon="-79.544835">
        <time>2026-09-09T11:26:50Z</time>
      </trkpt>
      <trkpt lat="8.990782" lon="-79.544816">
        <time>2026-09-09T11:26:51Z</time>
      </trkpt>
      <trkpt lat="8.990798" lon="-79.544806">
        <time>2026-09-09T11:26:52Z</time>
      </trkpt>
      <trkpt lat="8.990819" lon="-79.544798">
        <time>2026-09-09T11:26:53Z</time>
      </trkpt>
      <trkpt lat="8.990842" lon="-79.544789">
        <time>2026-09-09T11:26:54Z</time>
      </trkpt>
      <trkpt lat="8.990860" lon="-79.544777">
        <time>2026-09-09T11:26:55Z</time>
      </trkpt>
      <trkpt lat="8.990877" lon="-79.544758">
        <time>2026-09-09T11:26:56Z</time>
      </trkpt>
      <trkpt lat="8.990896" lon="-79.544741">
        <time>2026-09-09T11:26:57Z</time>
      </trkpt>
      <trkpt lat="8.990916" lon="-79.544730">
        <time>2026-09-09T11:26:58Z</time>
      </trkpt>
      <trkpt lat="8.990938" lon="-79.544719">
        <time>2026-09-09T11:26:59Z</time>
      </trkpt>
      <trkpt lat="8.990958" lon="-79.544706">
        <time>2026-09-09T11:27:00Z</time>
      </trkpt>
      <trkpt lat="8.990976" lon="-79.544693">
        <time>2026-09-09T11:27:01Z</time>
      </trkpt>
      <trkpt lat="8.990995" lon="-79.544682">
        <time>2026-09-09T11:27:02Z</time>
      </trkpt>
      <trkpt lat="8.991016" lon="-79.544671">
        <time>2026-09-09T11:27:03Z</time>
      </trkpt>
      <trkpt lat="8.991037" lon="-79.544659">
        <time>2026-09-09T11:27:04Z</time>
      </trkpt>
      <trkpt lat="8.991060" lon="-79.544644">
        <time>2026-09-09T11:27:05Z</time>
      </trkpt>
      <trkpt lat="8.991081" lon="-79.544630">
        <time>2026-09-09T11:27:06Z</time>
      </trkpt>
      <trkpt lat="8.991101" lon="-79.544617">
        <time>2026-09-09T11:27:07Z</time>
      </trkpt>
      <trkpt lat="8.991122" lon="-79.544604">
        <time>2026-09-09T11:27:08Z</time>
      </trkpt>
      <trkpt lat="8.991142" lon="-79.544593">
        <time>2026-09-09T11:27:09Z</time>
      </trkpt>
      <trkpt lat="8.991163" lon="-79.544580">
        <time>2026-09-09T11:27:10Z</time>
      </trkpt>
      <trkpt lat="8.991186" lon="-79.544562">
        <time>2026-09-09T11:27:11Z</time>
      </trkpt>
      <trkpt lat="8.991206" lon="-79.544544">
        <time>2026-09-09T11:27:12Z</time>
      </trkpt>
      <trkpt lat="8.991227" lon="-79.544529">
        <time>2026-09-09T11:27:13Z</time>
      </trkpt>
      <trkpt lat="8.991254" lon="-79.544514">
        <time>2026-09-09T11:27:14Z</time>
      </trkpt>
      <trkpt lat="8.991275" lon="-79.544500">
        <time>2026-09-09T11:27:15Z</time>
      </trkpt>
      <trkpt lat="8.991298" lon="-79.544483">
        <time>2026-09-09T11:27:16Z</time>
      </trkpt>
      <trkpt lat="8.991321" lon="-79.544467">
        <time>2026-09-09T11:27:17Z</time>
      </trkpt>
      <trkpt lat="8.991343" lon="-79.544454">
        <time>2026-09-09T11:27:18Z</time>
      </trkpt>
      <trkpt lat="8.991367" lon="-79.544440">
        <time>2026-09-09T11:27:19Z</time>
      </trkpt>
      <trkpt lat="8.991390" lon="-79.544427">
        <time>2026-09-09T11:27:20Z</time>
      </trkpt>
      <trkpt lat="8.991411" lon="-79.544415">
        <time>2026-09-09T11:27:21Z</time>
      </trkpt>
      <trkpt lat="8.991432" lon="-79.544401">
        <time>2026-09-09T11:27:22Z</time>
      </trkpt>
      <trkpt lat="8.991452" lon="-79.544386">
        <time>2026-09-09T11:27:23Z</time>
      </trkpt>
      <trkpt lat="8.991471" lon="-79.544372">
        <time>2026-09-09T11:27:24Z</time>
      </trkpt>
      <trkpt lat="8.991489" lon="-79.544356">
        <time>2026-09-09T11:27:25Z</time>
      </trkpt>
      <trkpt lat="8.991507" lon="-79.544341">
        <time>2026-09-09T11:27:26Z</time>
      </trkpt>
      <trkpt lat="8.991525" lon="-79.544326">
        <time>2026-09-09T11:27:27Z</time>
      </trkpt>
      <trkpt lat="8.991542" lon="-79.544310">
        <time>2026-09-09T11:27:28Z</time>
      </trkpt>
      <trkpt lat="8.991557" lon="-79.544289">
        <time>2026-09-09T11:27:29Z</time>
      </trkpt>
      <trkpt lat="8.991568" lon="-79.544267">
        <time>2026-09-09T11:27:30Z</time>
      </trkpt>
      <trkpt lat="8.991573" lon="-79.544241">
        <time>2026-09-09T11:27:31Z</time>
      </trkpt>
      <trkpt lat="8.991570" lon="-79.544213">
        <time>2026-09-09T11:27:32Z</time>
      </trkpt>
      <trkpt lat="8.991559" lon="-79.544191">
        <time>2026-09-09T11:27:33Z</time>
      </trkpt>
      <trkpt lat="8.991527" lon="-79.544181">
        <time>2026-09-09T11:27:34Z</time>
      </trkpt>
      <trkpt lat="8.991501" lon="-79.544176">
        <time>2026-09-09T11:27:35Z</time>
      </trkpt>
      <trkpt lat="8.991476" lon="-79.544179">
        <time>2026-09-09T11:27:36Z</time>
      </trkpt>
      <trkpt lat="8.991455" lon="-79.544186">
        <time>2026-09-09T11:27:37Z</time>
      </trkpt>
      <trkpt lat="8.991430" lon="-79.544194">
        <time>2026-09-09T11:27:38Z</time>
      </trkpt>
      <trkpt lat="8.991407" lon="-79.544205">
        <time>2026-09-09T11:27:39Z</time>
      </trkpt>
      <trkpt lat="8.991385" lon="-79.544214">
        <time>2026-09-09T11:27:40Z</time>
      </trkpt>
      <trkpt lat="8.991363" lon="-79.544223">
        <time>2026-09-09T11:27:41Z</time>
      </trkpt>
      <trkpt lat="8.991343" lon="-79.544236">
        <time>2026-09-09T11:27:42Z</time>
      </trkpt>
      <trkpt lat="8.991324" lon="-79.544250">
        <time>2026-09-09T11:27:43Z</time>
      </trkpt>
      <trkpt lat="8.991304" lon="-79.544264">
        <time>2026-09-09T11:27:44Z</time>
      </trkpt>
      <trkpt lat="8.991282" lon="-79.544278">
        <time>2026-09-09T11:27:45Z</time>
      </trkpt>
      <trkpt lat="8.991263" lon="-79.544292">
        <time>2026-09-09T11:27:46Z</time>
      </trkpt>
      <trkpt lat="8.991244" lon="-79.544307">
        <time>2026-09-09T11:27:47Z</time>
      </trkpt>
      <trkpt lat="8.991226" lon="-79.544321">
        <time>2026-09-09T11:27:48Z</time>
      </trkpt>
      <trkpt lat="8.991209" lon="-79.544339">
        <time>2026-09-09T11:27:49Z</time>
      </trkpt>
      <trkpt lat="8.991193" lon="-79.544361">
        <time>2026-09-09T11:27:50Z</time>
      </trkpt>
      <trkpt lat="8.991179" lon="-79.544383">
        <time>2026-09-09T11:27:51Z</time>
      </trkpt>
      <trkpt lat="8.991160" lon="-79.544399">
        <time>2026-09-09T11:27:52Z</time>
      </trkpt>
      <trkpt lat="8.991142" lon="-79.544411">
        <time>2026-09-09T11:27:53Z</time>
      </trkpt>
      <trkpt lat="8.991122" lon="-79.544421">
        <time>2026-09-09T11:27:54Z</time>
      </trkpt>
      <trkpt lat="8.991100" lon="-79.544429">
        <time>2026-09-09T11:27:55Z</time>
      </trkpt>
      <trkpt lat="8.991081" lon="-79.544434">
        <time>2026-09-09T11:27:56Z</time>
      </trkpt>
      <trkpt lat="8.991060" lon="-79.544442">
        <time>2026-09-09T11:27:57Z</time>
      </trkpt>
      <trkpt lat="8.991038" lon="-79.544453">
        <time>2026-09-09T11:27:58Z</time>
      </trkpt>
      <trkpt lat="8.991018" lon="-79.544460">
        <time>2026-09-09T11:27:59Z</time>
      </trkpt>
      <trkpt lat="8.990999" lon="-79.544469">
        <time>2026-09-09T11:28:00Z</time>
      </trkpt>
      <trkpt lat="8.990976" lon="-79.544478">
        <time>2026-09-09T11:28:01Z</time>
      </trkpt>
      <trkpt lat="8.990956" lon="-79.544484">
        <time>2026-09-09T11:28:02Z</time>
      </trkpt>
      <trkpt lat="8.990933" lon="-79.544484">
        <time>2026-09-09T11:28:03Z</time>
      </trkpt>
      <trkpt lat="8.990910" lon="-79.544482">
        <time>2026-09-09T11:28:04Z</time>
      </trkpt>
      <trkpt lat="8.990885" lon="-79.544480">
        <time>2026-09-09T11:28:05Z</time>
      </trkpt>
      <trkpt lat="8.990859" lon="-79.544480">
        <time>2026-09-09T11:28:06Z</time>
      </trkpt>
      <trkpt lat="8.990837" lon="-79.544494">
        <time>2026-09-09T11:28:07Z</time>
      </trkpt>
      <trkpt lat="8.990814" lon="-79.544505">
        <time>2026-09-09T11:28:08Z</time>
      </trkpt>
      <trkpt lat="8.990792" lon="-79.544515">
        <time>2026-09-09T11:28:09Z</time>
      </trkpt>
      <trkpt lat="8.990767" lon="-79.544526">
        <time>2026-09-09T11:28:10Z</time>
      </trkpt>
      <trkpt lat="8.990744" lon="-79.544535">
        <time>2026-09-09T11:28:11Z</time>
      </trkpt>
      <trkpt lat="8.990722" lon="-79.544542">
        <time>2026-09-09T11:28:12Z</time>
      </trkpt>
      <trkpt lat="8.990700" lon="-79.544553">
        <time>2026-09-09T11:28:13Z</time>
      </trkpt>
      <trkpt lat="8.990680" lon="-79.544563">
        <time>2026-09-09T11:28:14Z</time>
      </trkpt>
      <trkpt lat="8.990656" lon="-79.544574">
        <time>2026-09-09T11:28:15Z</time>
      </trkpt>
      <trkpt lat="8.990634" lon="-79.544585">
        <time>2026-09-09T11:28:16Z</time>
      </trkpt>
      <trkpt lat="8.990613" lon="-79.544590">
        <time>2026-09-09T11:28:17Z</time>
      </trkpt>
      <trkpt lat="8.990591" lon="-79.544594">
        <time>2026-09-09T11:28:18Z</time>
      </trkpt>
      <trkpt lat="8.990567" lon="-79.544593">
        <time>2026-09-09T11:28:19Z</time>
      </trkpt>
      <trkpt lat="8.990544" lon="-79.544597">
        <time>2026-09-09T11:28:20Z</time>
      </trkpt>
      <trkpt lat="8.990523" lon="-79.544608">
        <time>2026-09-09T11:28:21Z</time>
      </trkpt>
      <trkpt lat="8.990503" lon="-79.544623">
        <time>2026-09-09T11:28:22Z</time>
      </trkpt>
      <trkpt lat="8.990483" lon="-79.544640">
        <time>2026-09-09T11:28:23Z</time>
      </trkpt>
      <trkpt lat="8.990464" lon="-79.544656">
        <time>2026-09-09T11:28:24Z</time>
      </trkpt>
      <trkpt lat="8.990445" lon="-79.544675">
        <time>2026-09-09T11:28:25Z</time>
      </trkpt>
      <trkpt lat="8.990428" lon="-79.544694">
        <time>2026-09-09T11:28:26Z</time>
      </trkpt>
      <trkpt lat="8.990409" lon="-79.544711">
        <time>2026-09-09T11:28:27Z</time>
      </trkpt>
      <trkpt lat="8.990389" lon="-79.544724">
        <time>2026-09-09T11:28:28Z</time>
      </trkpt>
      <trkpt lat="8.990366" lon="-79.544730">
        <time>2026-09-09T11:28:29Z</time>
      </trkpt>
      <trkpt lat="8.990346" lon="-79.544735">
        <time>2026-09-09T11:28:30Z</time>
      </trkpt>
      <trkpt lat="8.990325" lon="-79.544730">
        <time>2026-09-09T11:28:31Z</time>
      </trkpt>
      <trkpt lat="8.990299" lon="-79.544721">
        <time>2026-09-09T11:28:32Z</time>
      </trkpt>
      <trkpt lat="8.990273" lon="-79.544716">
        <time>2026-09-09T11:28:33Z</time>
      </trkpt>
      <trkpt lat="8.990248" lon="-79.544711">
        <time>2026-09-09T11:28:34Z</time>
      </trkpt>
      <trkpt lat="8.990222" lon="-79.544705">
        <time>2026-09-09T11:28:35Z</time>
      </trkpt>
      <trkpt lat="8.990196" lon="-79.544703">
        <time>2026-09-09T11:28:36Z</time>
      </trkpt>
      <trkpt lat="8.990169" lon="-79.544706">
        <time>2026-09-09T11:28:37Z</time>
      </trkpt>
      <trkpt lat="8.990141" lon="-79.544710">
        <time>2026-09-09T11:28:38Z</time>
      </trkpt>
      <trkpt lat="8.990119" lon="-79.544710">
        <time>2026-09-09T11:28:39Z</time>
      </trkpt>
      <trkpt lat="8.990097" lon="-79.544714">
        <time>2026-09-09T11:28:40Z</time>
      </trkpt>
      <trkpt lat="8.990075" lon="-79.544724">
        <time>2026-09-09T11:28:41Z</time>
      </trkpt>
      <trkpt lat="8.990055" lon="-79.544733">
        <time>2026-09-09T11:28:42Z</time>
      </trkpt>
      <trkpt lat="8.990034" lon="-79.544747">
        <time>2026-09-09T11:28:43Z</time>
      </trkpt>
      <trkpt lat="8.990011" lon="-79.544762">
        <time>2026-09-09T11:28:44Z</time>
      </trkpt>
      <trkpt lat="8.989990" lon="-79.544776">
        <time>2026-09-09T11:28:45Z</time>
      </trkpt>
      <trkpt lat="8.989969" lon="-79.544792">
        <time>2026-09-09T11:28:46Z</time>
      </trkpt>
      <trkpt lat="8.989949" lon="-79.544806">
        <time>2026-09-09T11:28:47Z</time>
      </trkpt>
      <trkpt lat="8.989930" lon="-79.544821">
        <time>2026-09-09T11:28:48Z</time>
      </trkpt>
      <trkpt lat="8.989910" lon="-79.544837">
        <time>2026-09-09T11:28:49Z</time>
      </trkpt>
      <trkpt lat="8.989893" lon="-79.544854">
        <time>2026-09-09T11:28:50Z</time>
      </trkpt>
      <trkpt lat="8.989875" lon="-79.544873">
        <time>2026-09-09T11:28:51Z</time>
      </trkpt>
      <trkpt lat="8.989858" lon="-79.544889">
        <time>2026-09-09T11:28:52Z</time>
      </trkpt>
      <trkpt lat="8.989840" lon="-79.544904">
        <time>2026-09-09T11:28:53Z</time>
      </trkpt>
      <trkpt lat="8.989822" lon="-79.544918">
        <time>2026-09-09T11:28:54Z</time>
      </trkpt>
      <trkpt lat="8.989804" lon="-79.544927">
        <time>2026-09-09T11:28:55Z</time>
      </trkpt>
      <trkpt lat="8.989782" lon="-79.544936">
        <time>2026-09-09T11:28:56Z</time>
      </trkpt>
      <trkpt lat="8.989762" lon="-79.544947">
        <time>2026-09-09T11:28:57Z</time>
      </trkpt>
      <trkpt lat="8.989742" lon="-79.544957">
        <time>2026-09-09T11:28:58Z</time>
      </trkpt>
      <trkpt lat="8.989718" lon="-79.544968">
        <time>2026-09-09T11:28:59Z</time>
      </trkpt>
      <trkpt lat="8.989699" lon="-79.544978">
        <time>2026-09-09T11:29:00Z</time>
      </trkpt>
      <trkpt lat="8.989677" lon="-79.544991">
        <time>2026-09-09T11:29:01Z</time>
      </trkpt>
      <trkpt lat="8.989656" lon="-79.545003">
        <time>2026-09-09T11:29:02Z</time>
      </trkpt>
      <trkpt lat="8.989633" lon="-79.545014">
        <time>2026-09-09T11:29:03Z</time>
      </trkpt>
      <trkpt lat="8.989611" lon="-79.545026">
        <time>2026-09-09T11:29:04Z</time>
      </trkpt>
      <trkpt lat="8.989587" lon="-79.545037">
        <time>2026-09-09T11:29:05Z</time>
      </trkpt>
      <trkpt lat="8.989562" lon="-79.545046">
        <time>2026-09-09T11:29:06Z</time>
      </trkpt>
      <trkpt lat="8.989537" lon="-79.545055">
        <time>2026-09-09T11:29:07Z</time>
      </trkpt>
      <trkpt lat="8.989512" lon="-79.545061">
        <time>2026-09-09T11:29:08Z</time>
      </trkpt>
      <trkpt lat="8.989487" lon="-79.545066">
        <time>2026-09-09T11:29:09Z</time>
      </trkpt>
      <trkpt lat="8.989464" lon="-79.545073">
        <time>2026-09-09T11:29:10Z</time>
      </trkpt>
      <trkpt lat="8.989439" lon="-79.545079">
        <time>2026-09-09T11:29:11Z</time>
      </trkpt>
      <trkpt lat="8.989413" lon="-79.545085">
        <time>2026-09-09T11:29:12Z</time>
      </trkpt>
      <trkpt lat="8.989385" lon="-79.545094">
        <time>2026-09-09T11:29:13Z</time>
      </trkpt>
      <trkpt lat="8.989361" lon="-79.545104">
        <time>2026-09-09T11:29:14Z</time>
      </trkpt>
      <trkpt lat="8.989335" lon="-79.545114">
        <time>2026-09-09T11:29:15Z</time>
      </trkpt>
      <trkpt lat="8.989313" lon="-79.545127">
        <time>2026-09-09T11:29:16Z</time>
      </trkpt>
      <trkpt lat="8.989291" lon="-79.545136">
        <time>2026-09-09T11:29:17Z</time>
      </trkpt>
      <trkpt lat="8.989271" lon="-79.545145">
        <time>2026-09-09T11:29:18Z</time>
      </trkpt>
      <trkpt lat="8.989249" lon="-79.545151">
        <time>2026-09-09T11:29:19Z</time>
      </trkpt>
      <trkpt lat="8.989228" lon="-79.545154">
        <time>2026-09-09T11:29:20Z</time>
      </trkpt>
      <trkpt lat="8.989206" lon="-79.545152">
        <time>2026-09-09T11:29:21Z</time>
      </trkpt>
      <trkpt lat="8.989182" lon="-79.545144">
        <time>2026-09-09T11:29:22Z</time>
      </trkpt>
      <trkpt lat="8.989160" lon="-79.545135">
        <time>2026-09-09T11:29:23Z</time>
      </trkpt>
      <trkpt lat="8.989140" lon="-79.545117">
        <time>2026-09-09T11:29:24Z</time>
      </trkpt>
      <trkpt lat="8.989117" lon="-79.545100">
        <time>2026-09-09T11:29:25Z</time>
      </trkpt>
      <trkpt lat="8.989097" lon="-79.545086">
        <time>2026-09-09T11:29:26Z</time>
      </trkpt>
      <trkpt lat="8.989076" lon="-79.545073">
        <time>2026-09-09T11:29:27Z</time>
      </trkpt>
      <trkpt lat="8.989055" lon="-79.545064">
        <time>2026-09-09T11:29:28Z</time>
      </trkpt>
      <trkpt lat="8.989031" lon="-79.545058">
        <time>2026-09-09T11:29:29Z</time>
      </trkpt>
      <trkpt lat="8.989008" lon="-79.545055">
        <time>2026-09-09T11:29:30Z</time>
      </trkpt>
      <trkpt lat="8.988983" lon="-79.545055">
        <time>2026-09-09T11:29:31Z</time>
      </trkpt>
      <trkpt lat="8.988957" lon="-79.545056">
        <time>2026-09-09T11:29:32Z</time>
      </trkpt>
      <trkpt lat="8.988934" lon="-79.545056">
        <time>2026-09-09T11:29:33Z</time>
      </trkpt>
      <trkpt lat="8.988910" lon="-79.545057">
        <time>2026-09-09T11:29:34Z</time>
      </trkpt>
      <trkpt lat="8.988887" lon="-79.545067">
        <time>2026-09-09T11:29:35Z</time>
      </trkpt>
      <trkpt lat="8.988868" lon="-79.545081">
        <time>2026-09-09T11:29:36Z</time>
      </trkpt>
      <trkpt lat="8.988852" lon="-79.545094">
        <time>2026-09-09T11:29:37Z</time>
      </trkpt>
      <trkpt lat="8.988833" lon="-79.545108">
        <time>2026-09-09T11:29:38Z</time>
      </trkpt>
      <trkpt lat="8.988812" lon="-79.545118">
        <time>2026-09-09T11:29:39Z</time>
      </trkpt>
      <trkpt lat="8.988794" lon="-79.545130">
        <time>2026-09-09T11:29:40Z</time>
      </trkpt>
      <trkpt lat="8.988772" lon="-79.545141">
        <time>2026-09-09T11:29:41Z</time>
      </trkpt>
      <trkpt lat="8.988752" lon="-79.545150">
        <time>2026-09-09T11:29:42Z</time>
      </trkpt>
      <trkpt lat="8.988729" lon="-79.545158">
        <time>2026-09-09T11:29:43Z</time>
      </trkpt>
      <trkpt lat="8.988704" lon="-79.545166">
        <time>2026-09-09T11:29:44Z</time>
      </trkpt>
      <trkpt lat="8.988678" lon="-79.545166">
        <time>2026-09-09T11:29:45Z</time>
      </trkpt>
      <trkpt lat="8.988656" lon="-79.545164">
        <time>2026-09-09T11:29:46Z</time>
      </trkpt>
      <trkpt lat="8.988631" lon="-79.545155">
        <time>2026-09-09T11:29:47Z</time>
      </trkpt>
      <trkpt lat="8.988608" lon="-79.545149">
        <time>2026-09-09T11:29:48Z</time>
      </trkpt>
      <trkpt lat="8.988583" lon="-79.545147">
        <time>2026-09-09T11:29:49Z</time>
      </trkpt>
      <trkpt lat="8.988557" lon="-79.545159">
        <time>2026-09-09T11:29:50Z</time>
      </trkpt>
      <trkpt lat="8.988535" lon="-79.545170">
        <time>2026-09-09T11:29:51Z</time>
      </trkpt>
      <trkpt lat="8.988512" lon="-79.545180">
        <time>2026-09-09T11:29:52Z</time>
      </trkpt>
      <trkpt lat="8.988489" lon="-79.545191">
        <time>2026-09-09T11:29:53Z</time>
      </trkpt>
      <trkpt lat="8.988470" lon="-79.545203">
        <time>2026-09-09T11:29:54Z</time>
      </trkpt>
      <trkpt lat="8.988452" lon="-79.545214">
        <time>2026-09-09T11:29:55Z</time>
      </trkpt>
      <trkpt lat="8.988432" lon="-79.545230">
        <time>2026-09-09T11:29:56Z</time>
      </trkpt>
      <trkpt lat="8.988413" lon="-79.545245">
        <time>2026-09-09T11:29:57Z</time>
      </trkpt>
      <trkpt lat="8.988394" lon="-79.545259">
        <time>2026-09-09T11:29:58Z</time>
      </trkpt>
      <trkpt lat="8.988373" lon="-79.545272">
        <time>2026-09-09T11:29:59Z</time>
      </trkpt>
      <trkpt lat="8.988352" lon="-79.545283">
        <time>2026-09-09T11:30:00Z</time>
      </trkpt>
      <trkpt lat="8.988331" lon="-79.545295">
        <time>2026-09-09T11:30:01Z</time>
      </trkpt>
      <trkpt lat="8.988308" lon="-79.545309">
        <time>2026-09-09T11:30:02Z</time>
      </trkpt>
      <trkpt lat="8.988284" lon="-79.545319">
        <time>2026-09-09T11:30:03Z</time>
      </trkpt>
      <trkpt lat="8.988261" lon="-79.545331">
        <time>2026-09-09T11:30:04Z</time>
      </trkpt>
      <trkpt lat="8.988235" lon="-79.545348">
        <time>2026-09-09T11:30:05Z</time>
      </trkpt>
      <trkpt lat="8.988212" lon="-79.545359">
        <time>2026-09-09T11:30:06Z</time>
      </trkpt>
      <trkpt lat="8.988190" lon="-79.545373">
        <time>2026-09-09T11:30:07Z</time>
      </trkpt>
      <trkpt lat="8.988165" lon="-79.545385">
        <time>2026-09-09T11:30:08Z</time>
      </trkpt>
      <trkpt lat="8.988143" lon="-79.545396">
        <time>2026-09-09T11:30:09Z</time>
      </trkpt>
      <trkpt lat="8.988120" lon="-79.545407">
        <time>2026-09-09T11:30:10Z</time>
      </trkpt>
      <trkpt lat="8.988095" lon="-79.545421">
        <time>2026-09-09T11:30:11Z</time>
      </trkpt>
      <trkpt lat="8.988073" lon="-79.545431">
        <time>2026-09-09T11:30:12Z</time>
      </trkpt>
      <trkpt lat="8.988050" lon="-79.545442">
        <time>2026-09-09T11:30:13Z</time>
      </trkpt>
      <trkpt lat="8.988026" lon="-79.545452">
        <time>2026-09-09T11:30:14Z</time>
      </trkpt>
      <trkpt lat="8.988006" lon="-79.545465">
        <time>2026-09-09T11:30:15Z</time>
      </trkpt>
      <trkpt lat="8.987984" lon="-79.545478">
        <time>2026-09-09T11:30:16Z</time>
      </trkpt>
      <trkpt lat="8.987959" lon="-79.545490">
        <time>2026-09-09T11:30:17Z</time>
      </trkpt>
      <trkpt lat="8.987937" lon="-79.545500">
        <time>2026-09-09T11:30:18Z</time>
      </trkpt>
      <trkpt lat="8.987913" lon="-79.545513">
        <time>2026-09-09T11:30:19Z</time>
      </trkpt>
      <trkpt lat="8.987890" lon="-79.545528">
        <time>2026-09-09T11:30:20Z</time>
      </trkpt>
      <trkpt lat="8.987867" lon="-79.545540">
        <time>2026-09-09T11:30:21Z</time>
      </trkpt>
      <trkpt lat="8.987843" lon="-79.545552">
        <time>2026-09-09T11:30:22Z</time>
      </trkpt>
      <trkpt lat="8.987823" lon="-79.545568">
        <time>2026-09-09T11:30:23Z</time>
      </trkpt>
      <trkpt lat="8.987801" lon="-79.545582">
        <time>2026-09-09T11:30:24Z</time>
      </trkpt>
      <trkpt lat="8.987778" lon="-79.545593">
        <time>2026-09-09T11:30:25Z</time>
      </trkpt>
      <trkpt lat="8.987756" lon="-79.545605">
        <time>2026-09-09T11:30:26Z</time>
      </trkpt>
      <trkpt lat="8.987734" lon="-79.545619">
        <time>2026-09-09T11:30:27Z</time>
      </trkpt>
      <trkpt lat="8.987710" lon="-79.545632">
        <time>2026-09-09T11:30:28Z</time>
      </trkpt>
      <trkpt lat="8.987687" lon="-79.545647">
        <time>2026-09-09T11:30:29Z</time>
      </trkpt>
      <trkpt lat="8.987664" lon="-79.545662">
        <time>2026-09-09T11:30:30Z</time>
      </trkpt>
      <trkpt lat="8.987642" lon="-79.545676">
        <time>2026-09-09T11:30:31Z</time>
      </trkpt>
      <trkpt lat="8.987618" lon="-79.545691">
        <time>2026-09-09T11:30:32Z</time>
      </trkpt>
      <trkpt lat="8.987593" lon="-79.545706">
        <time>2026-09-09T11:30:33Z</time>
      </trkpt>
      <trkpt lat="8.987570" lon="-79.545718">
        <time>2026-09-09T11:30:34Z</time>
      </trkpt>
      <trkpt lat="8.987547" lon="-79.545731">
        <time>2026-09-09T11:30:35Z</time>
      </trkpt>
      <trkpt lat="8.987524" lon="-79.545748">
        <time>2026-09-09T11:30:36Z</time>
      </trkpt>
      <trkpt lat="8.987501" lon="-79.545763">
        <time>2026-09-09T11:30:37Z</time>
      </trkpt>
      <trkpt lat="8.987478" lon="-79.545781">
        <time>2026-09-09T11:30:38Z</time>
      </trkpt>
      <trkpt lat="8.987456" lon="-79.545800">
        <time>2026-09-09T11:30:39Z</time>
      </trkpt>
      <trkpt lat="8.987436" lon="-79.545816">
        <time>2026-09-09T11:30:40Z</time>
      </trkpt>
      <trkpt lat="8.987415" lon="-79.545835">
        <time>2026-09-09T11:30:41Z</time>
      </trkpt>
      <trkpt lat="8.987395" lon="-79.545857">
        <time>2026-09-09T11:30:42Z</time>
      </trkpt>
      <trkpt lat="8.987376" lon="-79.545872">
        <time>2026-09-09T11:30:43Z</time>
      </trkpt>
      <trkpt lat="8.987357" lon="-79.545888">
        <time>2026-09-09T11:30:44Z</time>
      </trkpt>
      <trkpt lat="8.987341" lon="-79.545905">
        <time>2026-09-09T11:30:45Z</time>
      </trkpt>
      <trkpt lat="8.987325" lon="-79.545921">
        <time>2026-09-09T11:30:46Z</time>
      </trkpt>
      <trkpt lat="8.987305" lon="-79.545937">
        <time>2026-09-09T11:30:47Z</time>
      </trkpt>
      <trkpt lat="8.987284" lon="-79.545951">
        <time>2026-09-09T11:30:48Z</time>
      </trkpt>
      <trkpt lat="8.987266" lon="-79.545967">
        <time>2026-09-09T11:30:49Z</time>
      </trkpt>
      <trkpt lat="8.987249" lon="-79.545981">
        <time>2026-09-09T11:30:50Z</time>
      </trkpt>
      <trkpt lat="8.987233" lon="-79.545997">
        <time>2026-09-09T11:30:51Z</time>
      </trkpt>
      <trkpt lat="8.987216" lon="-79.546014">
        <time>2026-09-09T11:30:52Z</time>
      </trkpt>
      <trkpt lat="8.987199" lon="-79.546031">
        <time>2026-09-09T11:30:53Z</time>
      </trkpt>
      <trkpt lat="8.987183" lon="-79.546048">
        <time>2026-09-09T11:30:54Z</time>
      </trkpt>
      <trkpt lat="8.987166" lon="-79.546061">
        <time>2026-09-09T11:30:55Z</time>
      </trkpt>
      <trkpt lat="8.987147" lon="-79.546074">
        <time>2026-09-09T11:30:56Z</time>
      </trkpt>
      <trkpt lat="8.987129" lon="-79.546085">
        <time>2026-09-09T11:30:57Z</time>
      </trkpt>
      <trkpt lat="8.987107" lon="-79.546090">
        <time>2026-09-09T11:30:58Z</time>
      </trkpt>
      <trkpt lat="8.987085" lon="-79.546091">
        <time>2026-09-09T11:30:59Z</time>
      </trkpt>
      <trkpt lat="8.987061" lon="-79.546086">
        <time>2026-09-09T11:31:00Z</time>
      </trkpt>
      <trkpt lat="8.987037" lon="-79.546085">
        <time>2026-09-09T11:31:01Z</time>
      </trkpt>
      <trkpt lat="8.987014" lon="-79.546092">
        <time>2026-09-09T11:31:02Z</time>
      </trkpt>
      <trkpt lat="8.986992" lon="-79.546102">
        <time>2026-09-09T11:31:03Z</time>
      </trkpt>
      <trkpt lat="8.986971" lon="-79.546114">
        <time>2026-09-09T11:31:04Z</time>
      </trkpt>
      <trkpt lat="8.986948" lon="-79.546128">
        <time>2026-09-09T11:31:05Z</time>
      </trkpt>
      <trkpt lat="8.986927" lon="-79.546145">
        <time>2026-09-09T11:31:06Z</time>
      </trkpt>
      <trkpt lat="8.986907" lon="-79.546160">
        <time>2026-09-09T11:31:07Z</time>
      </trkpt>
      <trkpt lat="8.986889" lon="-79.546179">
        <time>2026-09-09T11:31:08Z</time>
      </trkpt>
      <trkpt lat="8.986874" lon="-79.546201">
        <time>2026-09-09T11:31:09Z</time>
      </trkpt>
      <trkpt lat="8.986863" lon="-79.546228">
        <time>2026-09-09T11:31:10Z</time>
      </trkpt>
      <trkpt lat="8.986850" lon="-79.546253">
        <time>2026-09-09T11:31:11Z</time>
      </trkpt>
      <trkpt lat="8.986839" lon="-79.546277">
        <time>2026-09-09T11:31:12Z</time>
      </trkpt>
      <trkpt lat="8.986828" lon="-79.546299">
        <time>2026-09-09T11:31:13Z</time>
      </trkpt>
      <trkpt lat="8.986816" lon="-79.546317">
        <time>2026-09-09T11:31:14Z</time>
      </trkpt>
      <trkpt lat="8.986804" lon="-79.546334">
        <time>2026-09-09T11:31:15Z</time>
      </trkpt>
      <trkpt lat="8.986785" lon="-79.546348">
        <time>2026-09-09T11:31:16Z</time>
      </trkpt>
      <trkpt lat="8.986762" lon="-79.546359">
        <time>2026-09-09T11:31:17Z</time>
      </trkpt>
      <trkpt lat="8.986737" lon="-79.546369">
        <time>2026-09-09T11:31:18Z</time>
      </trkpt>
      <trkpt lat="8.986712" lon="-79.546377">
        <time>2026-09-09T11:31:19Z</time>
      </trkpt>
      <trkpt lat="8.986689" lon="-79.546385">
        <time>2026-09-09T11:31:20Z</time>
      </trkpt>
      <trkpt lat="8.986668" lon="-79.546395">
        <time>2026-09-09T11:31:21Z</time>
      </trkpt>
      <trkpt lat="8.986645" lon="-79.546405">
        <time>2026-09-09T11:31:22Z</time>
      </trkpt>
      <trkpt lat="8.986622" lon="-79.546412">
        <time>2026-09-09T11:31:23Z</time>
      </trkpt>
      <trkpt lat="8.986598" lon="-79.546421">
        <time>2026-09-09T11:31:24Z</time>
      </trkpt>
      <trkpt lat="8.986573" lon="-79.546432">
        <time>2026-09-09T11:31:25Z</time>
      </trkpt>
      <trkpt lat="8.986553" lon="-79.546446">
        <time>2026-09-09T11:31:26Z</time>
      </trkpt>
      <trkpt lat="8.986537" lon="-79.546464">
        <time>2026-09-09T11:31:27Z</time>
      </trkpt>
      <trkpt lat="8.986524" lon="-79.546486">
        <time>2026-09-09T11:31:28Z</time>
      </trkpt>
      <trkpt lat="8.986510" lon="-79.546506">
        <time>2026-09-09T11:31:29Z</time>
      </trkpt>
      <trkpt lat="8.986494" lon="-79.546524">
        <time>2026-09-09T11:31:30Z</time>
      </trkpt>
      <trkpt lat="8.986478" lon="-79.546542">
        <time>2026-09-09T11:31:31Z</time>
      </trkpt>
      <trkpt lat="8.986464" lon="-79.546558">
        <time>2026-09-09T11:31:32Z</time>
      </trkpt>
      <trkpt lat="8.986448" lon="-79.546572">
        <time>2026-09-09T11:31:33Z</time>
      </trkpt>
      <trkpt lat="8.986427" lon="-79.546587">
        <time>2026-09-09T11:31:34Z</time>
      </trkpt>
      <trkpt lat="8.986407" lon="-79.546603">
        <time>2026-09-09T11:31:35Z</time>
      </trkpt>
      <trkpt lat="8.986388" lon="-79.546620">
        <time>2026-09-09T11:31:36Z</time>
      </trkpt>
      <trkpt lat="8.986370" lon="-79.546639">
        <time>2026-09-09T11:31:37Z</time>
      </trkpt>
      <trkpt lat="8.986355" lon="-79.546662">
        <time>2026-09-09T11:31:38Z</time>
      </trkpt>
      <trkpt lat="8.986352" lon="-79.546696">
        <time>2026-09-09T11:31:39Z</time>
      </trkpt>
      <trkpt lat="8.986355" lon="-79.546723">
        <time>2026-09-09T11:31:40Z</time>
      </trkpt>
      <trkpt lat="8.986357" lon="-79.546749">
        <time>2026-09-09T11:31:41Z</time>
      </trkpt>
      <trkpt lat="8.986360" lon="-79.546778">
        <time>2026-09-09T11:31:42Z</time>
      </trkpt>
      <trkpt lat="8.986359" lon="-79.546802">
        <time>2026-09-09T11:31:43Z</time>
      </trkpt>
      <trkpt lat="8.986357" lon="-79.546829">
        <time>2026-09-09T11:31:44Z</time>
      </trkpt>
      <trkpt lat="8.986354" lon="-79.546853">
        <time>2026-09-09T11:31:45Z</time>
      </trkpt>
      <trkpt lat="8.986350" lon="-79.546876">
        <time>2026-09-09T11:31:46Z</time>
      </trkpt>
      <trkpt lat="8.986343" lon="-79.546900">
        <time>2026-09-09T11:31:47Z</time>
      </trkpt>
      <trkpt lat="8.986337" lon="-79.546922">
        <time>2026-09-09T11:31:48Z</time>
      </trkpt>
      <trkpt lat="8.986332" lon="-79.546944">
        <time>2026-09-09T11:31:49Z</time>
      </trkpt>
      <trkpt lat="8.986328" lon="-79.546966">
        <time>2026-09-09T11:31:50Z</time>
      </trkpt>
      <trkpt lat="8.986326" lon="-79.546989">
        <time>2026-09-09T11:31:51Z</time>
      </trkpt>
      <trkpt lat="8.986325" lon="-79.547016">
        <time>2026-09-09T11:31:52Z</time>
      </trkpt>
      <trkpt lat="8.986323" lon="-79.547038">
        <time>2026-09-09T11:31:53Z</time>
      </trkpt>
      <trkpt lat="8.986317" lon="-79.547062">
        <time>2026-09-09T11:31:54Z</time>
      </trkpt>
      <trkpt lat="8.986304" lon="-79.547081">
        <time>2026-09-09T11:31:55Z</time>
      </trkpt>
      <trkpt lat="8.986285" lon="-79.547097">
        <time>2026-09-09T11:31:56Z</time>
      </trkpt>
      <trkpt lat="8.986267" lon="-79.547110">
        <time>2026-09-09T11:31:57Z</time>
      </trkpt>
      <trkpt lat="8.986244" lon="-79.547123">
        <time>2026-09-09T11:31:58Z</time>
      </trkpt>
      <trkpt lat="8.986226" lon="-79.547137">
        <time>2026-09-09T11:31:59Z</time>
      </trkpt>
      <trkpt lat="8.986207" lon="-79.547151">
        <time>2026-09-09T11:32:00Z</time>
      </trkpt>
      <trkpt lat="8.986188" lon="-79.547167">
        <time>2026-09-09T11:32:01Z</time>
      </trkpt>
      <trkpt lat="8.986170" lon="-79.547180">
        <time>2026-09-09T11:32:02Z</time>
      </trkpt>
      <trkpt lat="8.986150" lon="-79.547194">
        <time>2026-09-09T11:32:03Z</time>
      </trkpt>
      <trkpt lat="8.986128" lon="-79.547207">
        <time>2026-09-09T11:32:04Z</time>
      </trkpt>
      <trkpt lat="8.986111" lon="-79.547220">
        <time>2026-09-09T11:32:05Z</time>
      </trkpt>
      <trkpt lat="8.986089" lon="-79.547233">
        <time>2026-09-09T11:32:06Z</time>
      </trkpt>
      <trkpt lat="8.986072" lon="-79.547247">
        <time>2026-09-09T11:32:07Z</time>
      </trkpt>
      <trkpt lat="8.986054" lon="-79.547261">
        <time>2026-09-09T11:32:08Z</time>
      </trkpt>
      <trkpt lat="8.986033" lon="-79.547276">
        <time>2026-09-09T11:32:09Z</time>
      </trkpt>
      <trkpt lat="8.986013" lon="-79.547291">
        <time>2026-09-09T11:32:10Z</time>
      </trkpt>
      <trkpt lat="8.985993" lon="-79.547303">
        <time>2026-09-09T11:32:11Z</time>
      </trkpt>
      <trkpt lat="8.985973" lon="-79.547317">
        <time>2026-09-09T11:32:12Z</time>
      </trkpt>
      <trkpt lat="8.985953" lon="-79.547329">
        <time>2026-09-09T11:32:13Z</time>
      </trkpt>
      <trkpt lat="8.985935" lon="-79.547342">
        <time>2026-09-09T11:32:14Z</time>
      </trkpt>
      <trkpt lat="8.985918" lon="-79.547357">
        <time>2026-09-09T11:32:15Z</time>
      </trkpt>
      <trkpt lat="8.985906" lon="-79.547367">
        <time>2026-09-09T11:32:16Z</time>
      </trkpt>
      <trkpt lat="8.985894" lon="-79.547375">
        <time>2026-09-09T11:32:17Z</time>
      </trkpt>
      <trkpt lat="8.985880" lon="-79.547384">
        <time>2026-09-09T11:32:18Z</time>
      </trkpt>
      <trkpt lat="8.985871" lon="-79.547393">
        <time>2026-09-09T11:32:19Z</time>
      </trkpt>
      <trkpt lat="8.985861" lon="-79.547403">
        <time>2026-09-09T11:32:20Z</time>
      </trkpt>
      <trkpt lat="8.985852" lon="-79.547415">
        <time>2026-09-09T11:32:21Z</time>
      </trkpt>
      <trkpt lat="8.985847" lon="-79.547428">
        <time>2026-09-09T11:32:22Z</time>
      </trkpt>
      <trkpt lat="8.985845" lon="-79.547445">
        <time>2026-09-09T11:32:23Z</time>
      </trkpt>
      <trkpt lat="8.985845" lon="-79.547463">
        <time>2026-09-09T11:32:24Z</time>
      </trkpt>
      <trkpt lat="8.985845" lon="-79.547478">
        <time>2026-09-09T11:32:25Z</time>
      </trkpt>
      <trkpt lat="8.985847" lon="-79.547493">
        <time>2026-09-09T11:32:26Z</time>
      </trkpt>
      <trkpt lat="8.985850" lon="-79.547506">
        <time>2026-09-09T11:32:27Z</time>
      </trkpt>
      <trkpt lat="8.985852" lon="-79.547519">
        <time>2026-09-09T11:32:28Z</time>
      </trkpt>
      <trkpt lat="8.985854" lon="-79.547531">
        <time>2026-09-09T11:32:29Z</time>
      </trkpt>
      <trkpt lat="8.985860" lon="-79.547542">
        <time>2026-09-09T11:32:30Z</time>
      </trkpt>
      <trkpt lat="8.985863" lon="-79.547550">
        <time>2026-09-09T11:32:31Z</time>
      </trkpt>
      <trkpt lat="8.985866" lon="-79.547559">
        <time>2026-09-09T11:32:32Z</time>
      </trkpt>
      <trkpt lat="8.985871" lon="-79.547566">
        <time>2026-09-09T11:32:33Z</time>
      </trkpt>
      <trkpt lat="8.985874" lon="-79.547576">
        <time>2026-09-09T11:32:34Z</time>
      </trkpt>
      <trkpt lat="8.985877" lon="-79.547585">
        <time>2026-09-09T11:32:35Z</time>
      </trkpt>
      <trkpt lat="8.985883" lon="-79.547596">
        <time>2026-09-09T11:32:36Z</time>
      </trkpt>
      <trkpt lat="8.985890" lon="-79.547603">
        <time>2026-09-09T11:32:37Z</time>
      </trkpt>
      <trkpt lat="8.985900" lon="-79.547605">
        <time>2026-09-09T11:32:38Z</time>
      </trkpt>
      <trkpt lat="8.985913" lon="-79.547610">
        <time>2026-09-09T11:32:39Z</time>
      </trkpt>
      <trkpt lat="8.985924" lon="-79.547615">
        <time>2026-09-09T11:32:40Z</time>
      </trkpt>
      <trkpt lat="8.985934" lon="-79.547620">
        <time>2026-09-09T11:32:41Z</time>
      </trkpt>
      <trkpt lat="8.985945" lon="-79.547624">
        <time>2026-09-09T11:32:42Z</time>
      </trkpt>
      <trkpt lat="8.985958" lon="-79.547629">
        <time>2026-09-09T11:32:43Z</time>
      </trkpt>
      <trkpt lat="8.985969" lon="-79.547634">
        <time>2026-09-09T11:32:44Z</time>
      </trkpt>
      <trkpt lat="8.985983" lon="-79.547640">
        <time>2026-09-09T11:32:45Z</time>
      </trkpt>
      <trkpt lat="8.985994" lon="-79.547646">
        <time>2026-09-09T11:32:46Z</time>
      </trkpt>
      <trkpt lat="8.986007" lon="-79.547652">
        <time>2026-09-09T11:32:47Z</time>
      </trkpt>
      <trkpt lat="8.986020" lon="-79.547659">
        <time>2026-09-09T11:32:48Z</time>
      </trkpt>
      <trkpt lat="8.986031" lon="-79.547665">
        <time>2026-09-09T11:32:49Z</time>
      </trkpt>
      <trkpt lat="8.986039" lon="-79.547671">
        <time>2026-09-09T11:32:50Z</time>
      </trkpt>
      <trkpt lat="8.986045" lon="-79.547674">
        <time>2026-09-09T11:32:51Z</time>
      </trkpt>
      <trkpt lat="8.986052" lon="-79.547679">
        <time>2026-09-09T11:32:52Z</time>
      </trkpt>
      <trkpt lat="8.986059" lon="-79.547684">
        <time>2026-09-09T11:32:53Z</time>
      </trkpt>
      <trkpt lat="8.986064" lon="-79.547691">
        <time>2026-09-09T11:32:54Z</time>
      </trkpt>
      <trkpt lat="8.986072" lon="-79.547696">
        <time>2026-09-09T11:32:55Z</time>
      </trkpt>
      <trkpt lat="8.986083" lon="-79.547701">
        <time>2026-09-09T11:32:56Z</time>
      </trkpt>
      <trkpt lat="8.986094" lon="-79.547701">
        <time>2026-09-09T11:32:57Z</time>
      </trkpt>
      <trkpt lat="8.986108" lon="-79.547704">
        <time>2026-09-09T11:32:58Z</time>
      </trkpt>
      <trkpt lat="8.986126" lon="-79.547705">
        <time>2026-09-09T11:32:59Z</time>
      </trkpt>
      <trkpt lat="8.986143" lon="-79.547708">
        <time>2026-09-09T11:33:00Z</time>
      </trkpt>
      <trkpt lat="8.986161" lon="-79.547711">
        <time>2026-09-09T11:33:01Z</time>
      </trkpt>
      <trkpt lat="8.986175" lon="-79.547713">
        <time>2026-09-09T11:33:02Z</time>
      </trkpt>
      <trkpt lat="8.986186" lon="-79.547715">
        <time>2026-09-09T11:33:03Z</time>
      </trkpt>
      <trkpt lat="8.986197" lon="-79.547718">
        <time>2026-09-09T11:33:04Z</time>
      </trkpt>
      <trkpt lat="8.986205" lon="-79.547721">
        <time>2026-09-09T11:33:05Z</time>
      </trkpt>
      <trkpt lat="8.986215" lon="-79.547726">
        <time>2026-09-09T11:33:06Z</time>
      </trkpt>
      <trkpt lat="8.986222" lon="-79.547731">
        <time>2026-09-09T11:33:07Z</time>
      </trkpt>
      <trkpt lat="8.986234" lon="-79.547734">
        <time>2026-09-09T11:33:08Z</time>
      </trkpt>
      <trkpt lat="8.986245" lon="-79.547739">
        <time>2026-09-09T11:33:09Z</time>
      </trkpt>
      <trkpt lat="8.986254" lon="-79.547743">
        <time>2026-09-09T11:33:10Z</time>
      </trkpt>
      <trkpt lat="8.986261" lon="-79.547748">
        <time>2026-09-09T11:33:11Z</time>
      </trkpt>
      <trkpt lat="8.986269" lon="-79.547751">
        <time>2026-09-09T11:33:12Z</time>
      </trkpt>
      <trkpt lat="8.986275" lon="-79.547756">
        <time>2026-09-09T11:33:13Z</time>
      </trkpt>
      <trkpt lat="8.986283" lon="-79.547761">
        <time>2026-09-09T11:33:14Z</time>
      </trkpt>
      <trkpt lat="8.986289" lon="-79.547762">
        <time>2026-09-09T11:33:15Z</time>
      </trkpt>
      <trkpt lat="8.986294" lon="-79.547764">
        <time>2026-09-09T11:33:16Z</time>
      </trkpt>
      <trkpt lat="8.986297" lon="-79.547766">
        <time>2026-09-09T11:33:17Z</time>
      </trkpt>
      <trkpt lat="8.986305" lon="-79.547772">
        <time>2026-09-09T11:33:18Z</time>
      </trkpt>
      <trkpt lat="8.986310" lon="-79.547777">
        <time>2026-09-09T11:33:19Z</time>
      </trkpt>
      <trkpt lat="8.986317" lon="-79.547782">
        <time>2026-09-09T11:33:20Z</time>
      </trkpt>
      <trkpt lat="8.986325" lon="-79.547787">
        <time>2026-09-09T11:33:21Z</time>
      </trkpt>
      <trkpt lat="8.986332" lon="-79.547791">
        <time>2026-09-09T11:33:22Z</time>
      </trkpt>
      <trkpt lat="8.986339" lon="-79.547792">
        <time>2026-09-09T11:33:23Z</time>
      </trkpt>
      <trkpt lat="8.986350" lon="-79.547798">
        <time>2026-09-09T11:33:24Z</time>
      </trkpt>
      <trkpt lat="8.986357" lon="-79.547799">
        <time>2026-09-09T11:33:25Z</time>
      </trkpt>
      <trkpt lat="8.986366" lon="-79.547806">
        <time>2026-09-09T11:33:26Z</time>
      </trkpt>
      <trkpt lat="8.986376" lon="-79.547809">
        <time>2026-09-09T11:33:27Z</time>
      </trkpt>
      <trkpt lat="8.986384" lon="-79.547814">
        <time>2026-09-09T11:33:28Z</time>
      </trkpt>
      <trkpt lat="8.986391" lon="-79.547818">
        <time>2026-09-09T11:33:29Z</time>
      </trkpt>
      <trkpt lat="8.986396" lon="-79.547819">
        <time>2026-09-09T11:33:30Z</time>
      </trkpt>
      <trkpt lat="8.986405" lon="-79.547823">
        <time>2026-09-09T11:33:31Z</time>
      </trkpt>
      <trkpt lat="8.986418" lon="-79.547830">
        <time>2026-09-09T11:33:32Z</time>
      </trkpt>
      <trkpt lat="8.986424" lon="-79.547834">
        <time>2026-09-09T11:33:33Z</time>
      </trkpt>
      <trkpt lat="8.986432" lon="-79.547838">
        <time>2026-09-09T11:33:34Z</time>
      </trkpt>
      <trkpt lat="8.986437" lon="-79.547841">
        <time>2026-09-09T11:33:35Z</time>
      </trkpt>
      <trkpt lat="8.986443" lon="-79.547843">
        <time>2026-09-09T11:33:36Z</time>
      </trkpt>
      <trkpt lat="8.986453" lon="-79.547845">
        <time>2026-09-09T11:33:37Z</time>
      </trkpt>
      <trkpt lat="8.986462" lon="-79.547846">
        <time>2026-09-09T11:33:38Z</time>
      </trkpt>
      <trkpt lat="8.986470" lon="-79.547848">
        <time>2026-09-09T11:33:39Z</time>
      </trkpt>
      <trkpt lat="8.986479" lon="-79.547845">
        <time>2026-09-09T11:33:40Z</time>
      </trkpt>
      <trkpt lat="8.986492" lon="-79.547842">
        <time>2026-09-09T11:33:41Z</time>
      </trkpt>
      <trkpt lat="8.986504" lon="-79.547840">
        <time>2026-09-09T11:33:42Z</time>
      </trkpt>
      <trkpt lat="8.986516" lon="-79.547840">
        <time>2026-09-09T11:33:43Z</time>
      </trkpt>
      <trkpt lat="8.986528" lon="-79.547843">
        <time>2026-09-09T11:33:44Z</time>
      </trkpt>
      <trkpt lat="8.986538" lon="-79.547843">
        <time>2026-09-09T11:33:45Z</time>
      </trkpt>
      <trkpt lat="8.986549" lon="-79.547844">
        <time>2026-09-09T11:33:46Z</time>
      </trkpt>
      <trkpt lat="8.986558" lon="-79.547846">
        <time>2026-09-09T11:33:47Z</time>
      </trkpt>
      <trkpt lat="8.986568" lon="-79.547847">
        <time>2026-09-09T11:33:48Z</time>
      </trkpt>
      <trkpt lat="8.986578" lon="-79.547849">
        <time>2026-09-09T11:33:49Z</time>
      </trkpt>
      <trkpt lat="8.986589" lon="-79.547849">
        <time>2026-09-09T11:33:50Z</time>
      </trkpt>
      <trkpt lat="8.986603" lon="-79.547850">
        <time>2026-09-09T11:33:51Z</time>
      </trkpt>
      <trkpt lat="8.986616" lon="-79.547852">
        <time>2026-09-09T11:33:52Z</time>
      </trkpt>
      <trkpt lat="8.986628" lon="-79.547853">
        <time>2026-09-09T11:33:53Z</time>
      </trkpt>
      <trkpt lat="8.986638" lon="-79.547855">
        <time>2026-09-09T11:33:54Z</time>
      </trkpt>
      <trkpt lat="8.986648" lon="-79.547855">
        <time>2026-09-09T11:33:55Z</time>
      </trkpt>
      <trkpt lat="8.986658" lon="-79.547854">
        <time>2026-09-09T11:33:56Z</time>
      </trkpt>
      <trkpt lat="8.986669" lon="-79.547850">
        <time>2026-09-09T11:33:57Z</time>
      </trkpt>
      <trkpt lat="8.986683" lon="-79.547850">
        <time>2026-09-09T11:33:58Z</time>
      </trkpt>
      <trkpt lat="8.986692" lon="-79.547849">
        <time>2026-09-09T11:33:59Z</time>
      </trkpt>
      <trkpt lat="8.986702" lon="-79.547847">
        <time>2026-09-09T11:34:00Z</time>
      </trkpt>
      <trkpt lat="8.986711" lon="-79.547845">
        <time>2026-09-09T11:34:01Z</time>
      </trkpt>
      <trkpt lat="8.986720" lon="-79.547842">
        <time>2026-09-09T11:34:02Z</time>
      </trkpt>
      <trkpt lat="8.986727" lon="-79.547841">
        <time>2026-09-09T11:34:03Z</time>
      </trkpt>
      <trkpt lat="8.986736" lon="-79.547841">
        <time>2026-09-09T11:34:04Z</time>
      </trkpt>
      <trkpt lat="8.986747" lon="-79.547843">
        <time>2026-09-09T11:34:05Z</time>
      </trkpt>
      <trkpt lat="8.986757" lon="-79.547842">
        <time>2026-09-09T11:34:06Z</time>
      </trkpt>
      <trkpt lat="8.986769" lon="-79.547839">
        <time>2026-09-09T11:34:07Z</time>
      </trkpt>
      <trkpt lat="8.986779" lon="-79.547838">
        <time>2026-09-09T11:34:08Z</time>
      </trkpt>
      <trkpt lat="8.986789" lon="-79.547838">
        <time>2026-09-09T11:34:09Z</time>
      </trkpt>
      <trkpt lat="8.986800" lon="-79.547839">
        <time>2026-09-09T11:34:10Z</time>
      </trkpt>
      <trkpt lat="8.986810" lon="-79.547838">
        <time>2026-09-09T11:34:11Z</time>
      </trkpt>
      <trkpt lat="8.986818" lon="-79.547835">
        <time>2026-09-09T11:34:12Z</time>
      </trkpt>
      <trkpt lat="8.986825" lon="-79.547834">
        <time>2026-09-09T11:34:13Z</time>
      </trkpt>
      <trkpt lat="8.986835" lon="-79.547831">
        <time>2026-09-09T11:34:14Z</time>
      </trkpt>
      <trkpt lat="8.986845" lon="-79.547829">
        <time>2026-09-09T11:34:15Z</time>
      </trkpt>
      <trkpt lat="8.986856" lon="-79.547830">
        <time>2026-09-09T11:34:16Z</time>
      </trkpt>
      <trkpt lat="8.986865" lon="-79.547829">
        <time>2026-09-09T11:34:17Z</time>
      </trkpt>
      <trkpt lat="8.986872" lon="-79.547830">
        <time>2026-09-09T11:34:18Z</time>
      </trkpt>
      <trkpt lat="8.986881" lon="-79.547830">
        <time>2026-09-09T11:34:19Z</time>
      </trkpt>
      <trkpt lat="8.986895" lon="-79.547833">
        <time>2026-09-09T11:34:20Z</time>
      </trkpt>
      <trkpt lat="8.986908" lon="-79.547839">
        <time>2026-09-09T11:34:21Z</time>
      </trkpt>
      <trkpt lat="8.986918" lon="-79.547844">
        <time>2026-09-09T11:34:22Z</time>
      </trkpt>
      <trkpt lat="8.986928" lon="-79.547847">
        <time>2026-09-09T11:34:23Z</time>
      </trkpt>
      <trkpt lat="8.986936" lon="-79.547850">
        <time>2026-09-09T11:34:24Z</time>
      </trkpt>
      <trkpt lat="8.986943" lon="-79.547851">
        <time>2026-09-09T11:34:25Z</time>
      </trkpt>
      <trkpt lat="8.986953" lon="-79.547854">
        <time>2026-09-09T11:34:26Z</time>
      </trkpt>
      <trkpt lat="8.986959" lon="-79.547854">
        <time>2026-09-09T11:34:27Z</time>
      </trkpt>
      <trkpt lat="8.986968" lon="-79.547857">
        <time>2026-09-09T11:34:28Z</time>
      </trkpt>
      <trkpt lat="8.986975" lon="-79.547863">
        <time>2026-09-09T11:34:29Z</time>
      </trkpt>
      <trkpt lat="8.986984" lon="-79.547865">
        <time>2026-09-09T11:34:30Z</time>
      </trkpt>
      <trkpt lat="8.986991" lon="-79.547866">
        <time>2026-09-09T11:34:31Z</time>
      </trkpt>
      <trkpt lat="8.986997" lon="-79.547866">
        <time>2026-09-09T11:34:32Z</time>
      </trkpt>
      <trkpt lat="8.987007" lon="-79.547867">
        <time>2026-09-09T11:34:33Z</time>
      </trkpt>
      <trkpt lat="8.987013" lon="-79.547869">
        <time>2026-09-09T11:34:34Z</time>
      </trkpt>
      <trkpt lat="8.987015" lon="-79.547872">
        <time>2026-09-09T11:34:35Z</time>
      </trkpt>
      <trkpt lat="8.987019" lon="-79.547876">
        <time>2026-09-09T11:34:36Z</time>
      </trkpt>
      <trkpt lat="8.987029" lon="-79.547879">
        <time>2026-09-09T11:34:37Z</time>
      </trkpt>
      <trkpt lat="8.987033" lon="-79.547882">
        <time>2026-09-09T11:34:38Z</time>
      </trkpt>
      <trkpt lat="8.987041" lon="-79.547883">
        <time>2026-09-09T11:34:39Z</time>
      </trkpt>
      <trkpt lat="8.987049" lon="-79.547882">
        <time>2026-09-09T11:34:40Z</time>
      </trkpt>
      <trkpt lat="8.987058" lon="-79.547883">
        <time>2026-09-09T11:34:41Z</time>
      </trkpt>
      <trkpt lat="8.987064" lon="-79.547884">
        <time>2026-09-09T11:34:42Z</time>
      </trkpt>
      <trkpt lat="8.987073" lon="-79.547880">
        <time>2026-09-09T11:34:43Z</time>
      </trkpt>
      <trkpt lat="8.987081" lon="-79.547876">
        <time>2026-09-09T11:34:44Z</time>
      </trkpt>
      <trkpt lat="8.987088" lon="-79.547873">
        <time>2026-09-09T11:34:45Z</time>
      </trkpt>
      <trkpt lat="8.987095" lon="-79.547870">
        <time>2026-09-09T11:34:46Z</time>
      </trkpt>
      <trkpt lat="8.987100" lon="-79.547867">
        <time>2026-09-09T11:34:47Z</time>
      </trkpt>
      <trkpt lat="8.987106" lon="-79.547863">
        <time>2026-09-09T11:34:48Z</time>
      </trkpt>
      <trkpt lat="8.987113" lon="-79.547857">
        <time>2026-09-09T11:34:49Z</time>
      </trkpt>
      <trkpt lat="8.987119" lon="-79.547852">
        <time>2026-09-09T11:34:50Z</time>
      </trkpt>
      <trkpt lat="8.987125" lon="-79.547845">
        <time>2026-09-09T11:34:51Z</time>
      </trkpt>
      <trkpt lat="8.987127" lon="-79.547839">
        <time>2026-09-09T11:34:52Z</time>
      </trkpt>
      <trkpt lat="8.987134" lon="-79.547833">
        <time>2026-09-09T11:34:53Z</time>
      </trkpt>
      <trkpt lat="8.987139" lon="-79.547826">
        <time>2026-09-09T11:34:54Z</time>
      </trkpt>
      <trkpt lat="8.987146" lon="-79.547819">
        <time>2026-09-09T11:34:55Z</time>
      </trkpt>
      <trkpt lat="8.987154" lon="-79.547812">
        <time>2026-09-09T11:34:56Z</time>
      </trkpt>
      <trkpt lat="8.987161" lon="-79.547805">
        <time>2026-09-09T11:34:57Z</time>
      </trkpt>
      <trkpt lat="8.987168" lon="-79.547798">
        <time>2026-09-09T11:34:58Z</time>
      </trkpt>
      <trkpt lat="8.987175" lon="-79.547791">
        <time>2026-09-09T11:34:59Z</time>
      </trkpt>
      <trkpt lat="8.987182" lon="-79.547784">
        <time>2026-09-09T11:35:00Z</time>
      </trkpt>
      <trkpt lat="8.987190" lon="-79.547780">
        <time>2026-09-09T11:35:01Z</time>
      </trkpt>
      <trkpt lat="8.987199" lon="-79.547779">
        <time>2026-09-09T11:35:02Z</time>
      </trkpt>
      <trkpt lat="8.987208" lon="-79.547775">
        <time>2026-09-09T11:35:03Z</time>
      </trkpt>
      <trkpt lat="8.987216" lon="-79.547771">
        <time>2026-09-09T11:35:04Z</time>
      </trkpt>
      <trkpt lat="8.987229" lon="-79.547768">
        <time>2026-09-09T11:35:05Z</time>
      </trkpt>
      <trkpt lat="8.987242" lon="-79.547763">
        <time>2026-09-09T11:35:06Z</time>
      </trkpt>
      <trkpt lat="8.987253" lon="-79.547757">
        <time>2026-09-09T11:35:07Z</time>
      </trkpt>
      <trkpt lat="8.987261" lon="-79.547752">
        <time>2026-09-09T11:35:08Z</time>
      </trkpt>
      <trkpt lat="8.987269" lon="-79.547748">
        <time>2026-09-09T11:35:09Z</time>
      </trkpt>
      <trkpt lat="8.987278" lon="-79.547743">
        <time>2026-09-09T11:35:10Z</time>
      </trkpt>
      <trkpt lat="8.987288" lon="-79.547738">
        <time>2026-09-09T11:35:11Z</time>
      </trkpt>
      <trkpt lat="8.987297" lon="-79.547736">
        <time>2026-09-09T11:35:12Z</time>
      </trkpt>
      <trkpt lat="8.987304" lon="-79.547733">
        <time>2026-09-09T11:35:13Z</time>
      </trkpt>
      <trkpt lat="8.987310" lon="-79.547731">
        <time>2026-09-09T11:35:14Z</time>
      </trkpt>
      <trkpt lat="8.987320" lon="-79.547726">
        <time>2026-09-09T11:35:15Z</time>
      </trkpt>
      <trkpt lat="8.987326" lon="-79.547723">
        <time>2026-09-09T11:35:16Z</time>
      </trkpt>
      <trkpt lat="8.987330" lon="-79.547721">
        <time>2026-09-09T11:35:17Z</time>
      </trkpt>
      <trkpt lat="8.987338" lon="-79.547720">
        <time>2026-09-09T11:35:18Z</time>
      </trkpt>
      <trkpt lat="8.987346" lon="-79.547719">
        <time>2026-09-09T11:35:19Z</time>
      </trkpt>
      <trkpt lat="8.987355" lon="-79.547715">
        <time>2026-09-09T11:35:20Z</time>
      </trkpt>
      <trkpt lat="8.987362" lon="-79.547714">
        <time>2026-09-09T11:35:21Z</time>
      </trkpt>
      <trkpt lat="8.987369" lon="-79.547715">
        <time>2026-09-09T11:35:22Z</time>
      </trkpt>
      <trkpt lat="8.987376" lon="-79.547713">
        <time>2026-09-09T11:35:23Z</time>
      </trkpt>
      <trkpt lat="8.987385" lon="-79.547712">
        <time>2026-09-09T11:35:24Z</time>
      </trkpt>
      <trkpt lat="8.987391" lon="-79.547711">
        <time>2026-09-09T11:35:25Z</time>
      </trkpt>
      <trkpt lat="8.987395" lon="-79.547710">
        <time>2026-09-09T11:35:26Z</time>
      </trkpt>
      <trkpt lat="8.987404" lon="-79.547706">
        <time>2026-09-09T11:35:27Z</time>
      </trkpt>
      <trkpt lat="8.987410" lon="-79.547703">
        <time>2026-09-09T11:35:28Z</time>
      </trkpt>
      <trkpt lat="8.987417" lon="-79.547704">
        <time>2026-09-09T11:35:29Z</time>
      </trkpt>
      <trkpt lat="8.987423" lon="-79.547703">
        <time>2026-09-09T11:35:30Z</time>
      </trkpt>
      <trkpt lat="8.987433" lon="-79.547708">
        <time>2026-09-09T11:35:31Z</time>
      </trkpt>
      <trkpt lat="8.987443" lon="-79.547709">
        <time>2026-09-09T11:35:32Z</time>
      </trkpt>
      <trkpt lat="8.987449" lon="-79.547710">
        <time>2026-09-09T11:35:33Z</time>
      </trkpt>
      <trkpt lat="8.987455" lon="-79.547710">
        <time>2026-09-09T11:35:34Z</time>
      </trkpt>
      <trkpt lat="8.987462" lon="-79.547708">
        <time>2026-09-09T11:35:35Z</time>
      </trkpt>
      <trkpt lat="8.987467" lon="-79.547708">
        <time>2026-09-09T11:35:36Z</time>
      </trkpt>
      <trkpt lat="8.987476" lon="-79.547708">
        <time>2026-09-09T11:35:37Z</time>
      </trkpt>
      <trkpt lat="8.987480" lon="-79.547701">
        <time>2026-09-09T11:35:38Z</time>
      </trkpt>
      <trkpt lat="8.987486" lon="-79.547696">
        <time>2026-09-09T11:35:39Z</time>
      </trkpt>
      <trkpt lat="8.987497" lon="-79.547694">
        <time>2026-09-09T11:35:40Z</time>
      </trkpt>
      <trkpt lat="8.987503" lon="-79.547693">
        <time>2026-09-09T11:35:41Z</time>
      </trkpt>
      <trkpt lat="8.987511" lon="-79.547691">
        <time>2026-09-09T11:35:42Z</time>
      </trkpt>
      <trkpt lat="8.987516" lon="-79.547689">
        <time>2026-09-09T11:35:43Z</time>
      </trkpt>
      <trkpt lat="8.987526" lon="-79.547687">
        <time>2026-09-09T11:35:44Z</time>
      </trkpt>
      <trkpt lat="8.987538" lon="-79.547685">
        <time>2026-09-09T11:35:45Z</time>
      </trkpt>
      <trkpt lat="8.987549" lon="-79.547683">
        <time>2026-09-09T11:35:46Z</time>
      </trkpt>
      <trkpt lat="8.987558" lon="-79.547682">
        <time>2026-09-09T11:35:47Z</time>
      </trkpt>
      <trkpt lat="8.987570" lon="-79.547682">
        <time>2026-09-09T11:35:48Z</time>
      </trkpt>
      <trkpt lat="8.987584" lon="-79.547683">
        <time>2026-09-09T11:35:49Z</time>
      </trkpt>
      <trkpt lat="8.987592" lon="-79.547684">
        <time>2026-09-09T11:35:50Z</time>
      </trkpt>
      <trkpt lat="8.987599" lon="-79.547684">
        <time>2026-09-09T11:35:51Z</time>
      </trkpt>
      <trkpt lat="8.987608" lon="-79.547682">
        <time>2026-09-09T11:35:52Z</time>
      </trkpt>
      <trkpt lat="8.987617" lon="-79.547681">
        <time>2026-09-09T11:35:53Z</time>
      </trkpt>
      <trkpt lat="8.987630" lon="-79.547677">
        <time>2026-09-09T11:35:54Z</time>
      </trkpt>
      <trkpt lat="8.987641" lon="-79.547671">
        <time>2026-09-09T11:35:55Z</time>
      </trkpt>
      <trkpt lat="8.987656" lon="-79.547667">
        <time>2026-09-09T11:35:56Z</time>
      </trkpt>
      <trkpt lat="8.987670" lon="-79.547662">
        <time>2026-09-09T11:35:57Z</time>
      </trkpt>
      <trkpt lat="8.987684" lon="-79.547660">
        <time>2026-09-09T11:35:58Z</time>
      </trkpt>
      <trkpt lat="8.987698" lon="-79.547658">
        <time>2026-09-09T11:35:59Z</time>
      </trkpt>
      <trkpt lat="8.987708" lon="-79.547655">
        <time>2026-09-09T11:36:00Z</time>
      </trkpt>
      <trkpt lat="8.987718" lon="-79.547655">
        <time>2026-09-09T11:36:01Z</time>
      </trkpt>
      <trkpt lat="8.987727" lon="-79.547658">
        <time>2026-09-09T11:36:02Z</time>
      </trkpt>
      <trkpt lat="8.987739" lon="-79.547662">
        <time>2026-09-09T11:36:03Z</time>
      </trkpt>
      <trkpt lat="8.987747" lon="-79.547663">
        <time>2026-09-09T11:36:04Z</time>
      </trkpt>
      <trkpt lat="8.987754" lon="-79.547667">
        <time>2026-09-09T11:36:05Z</time>
      </trkpt>
      <trkpt lat="8.987762" lon="-79.547669">
        <time>2026-09-09T11:36:06Z</time>
      </trkpt>
      <trkpt lat="8.987770" lon="-79.547673">
        <time>2026-09-09T11:36:07Z</time>
      </trkpt>
      <trkpt lat="8.987775" lon="-79.547675">
        <time>2026-09-09T11:36:08Z</time>
      </trkpt>
      <trkpt lat="8.987779" lon="-79.547678">
        <time>2026-09-09T11:36:09Z</time>
      </trkpt>
      <trkpt lat="8.987786" lon="-79.547682">
        <time>2026-09-09T11:36:10Z</time>
      </trkpt>
      <trkpt lat="8.987795" lon="-79.547679">
        <time>2026-09-09T11:36:11Z</time>
      </trkpt>
      <trkpt lat="8.987809" lon="-79.547681">
        <time>2026-09-09T11:36:12Z</time>
      </trkpt>
      <trkpt lat="8.987818" lon="-79.547683">
        <time>2026-09-09T11:36:13Z</time>
      </trkpt>
      <trkpt lat="8.987827" lon="-79.547684">
        <time>2026-09-09T11:36:14Z</time>
      </trkpt>
      <trkpt lat="8.987836" lon="-79.547683">
        <time>2026-09-09T11:36:15Z</time>
      </trkpt>
      <trkpt lat="8.987848" lon="-79.547680">
        <time>2026-09-09T11:36:16Z</time>
      </trkpt>
      <trkpt lat="8.987859" lon="-79.547681">
        <time>2026-09-09T11:36:17Z</time>
      </trkpt>
      <trkpt lat="8.987870" lon="-79.547683">
        <time>2026-09-09T11:36:18Z</time>
      </trkpt>
      <trkpt lat="8.987876" lon="-79.547685">
        <time>2026-09-09T11:36:19Z</time>
      </trkpt>
      <trkpt lat="8.987887" lon="-79.547692">
        <time>2026-09-09T11:36:20Z</time>
      </trkpt>
      <trkpt lat="8.987896" lon="-79.547692">
        <time>2026-09-09T11:36:21Z</time>
      </trkpt>
      <trkpt lat="8.987906" lon="-79.547691">
        <time>2026-09-09T11:36:22Z</time>
      </trkpt>
      <trkpt lat="8.987914" lon="-79.547690">
        <time>2026-09-09T11:36:23Z</time>
      </trkpt>
      <trkpt lat="8.987924" lon="-79.547689">
        <time>2026-09-09T11:36:24Z</time>
      </trkpt>
      <trkpt lat="8.987936" lon="-79.547685">
        <time>2026-09-09T11:36:25Z</time>
      </trkpt>
      <trkpt lat="8.987947" lon="-79.547682">
        <time>2026-09-09T11:36:26Z</time>
      </trkpt>
      <trkpt lat="8.987960" lon="-79.547678">
        <time>2026-09-09T11:36:27Z</time>
      </trkpt>
      <trkpt lat="8.987972" lon="-79.547677">
        <time>2026-09-09T11:36:28Z</time>
      </trkpt>
      <trkpt lat="8.987979" lon="-79.547677">
        <time>2026-09-09T11:36:29Z</time>
      </trkpt>
      <trkpt lat="8.987986" lon="-79.547675">
        <time>2026-09-09T11:36:30Z</time>
      </trkpt>
      <trkpt lat="8.987995" lon="-79.547674">
        <time>2026-09-09T11:36:31Z</time>
      </trkpt>
      <trkpt lat="8.988002" lon="-79.547671">
        <time>2026-09-09T11:36:32Z</time>
      </trkpt>
      <trkpt lat="8.988007" lon="-79.547668">
        <time>2026-09-09T11:36:33Z</time>
      </trkpt>
      <trkpt lat="8.988014" lon="-79.547668">
        <time>2026-09-09T11:36:34Z</time>
      </trkpt>
      <trkpt lat="8.988022" lon="-79.547665">
        <time>2026-09-09T11:36:35Z</time>
      </trkpt>
      <trkpt lat="8.988035" lon="-79.547663">
        <time>2026-09-09T11:36:36Z</time>
      </trkpt>
      <trkpt lat="8.988044" lon="-79.547664">
        <time>2026-09-09T11:36:37Z</time>
      </trkpt>
      <trkpt lat="8.988054" lon="-79.547664">
        <time>2026-09-09T11:36:38Z</time>
      </trkpt>
      <trkpt lat="8.988068" lon="-79.547663">
        <time>2026-09-09T11:36:39Z</time>
      </trkpt>
      <trkpt lat="8.988080" lon="-79.547661">
        <time>2026-09-09T11:36:40Z</time>
      </trkpt>
      <trkpt lat="8.988092" lon="-79.547659">
        <time>2026-09-09T11:36:41Z</time>
      </trkpt>
      <trkpt lat="8.988104" lon="-79.547657">
        <time>2026-09-09T11:36:42Z</time>
      </trkpt>
      <trkpt lat="8.988113" lon="-79.547656">
        <time>2026-09-09T11:36:43Z</time>
      </trkpt>
      <trkpt lat="8.988123" lon="-79.547655">
        <time>2026-09-09T11:36:44Z</time>
      </trkpt>
      <trkpt lat="8.988128" lon="-79.547653">
        <time>2026-09-09T11:36:45Z</time>
      </trkpt>
      <trkpt lat="8.988137" lon="-79.547653">
        <time>2026-09-09T11:36:46Z</time>
      </trkpt>
      <trkpt lat="8.988148" lon="-79.547653">
        <time>2026-09-09T11:36:47Z</time>
      </trkpt>
      <trkpt lat="8.988157" lon="-79.547653">
        <time>2026-09-09T11:36:48Z</time>
      </trkpt>
      <trkpt lat="8.988166" lon="-79.547652">
        <time>2026-09-09T11:36:49Z</time>
      </trkpt>
      <trkpt lat="8.988174" lon="-79.547653">
        <time>2026-09-09T11:36:50Z</time>
      </trkpt>
      <trkpt lat="8.988185" lon="-79.547656">
        <time>2026-09-09T11:36:51Z</time>
      </trkpt>
      <trkpt lat="8.988196" lon="-79.547656">
        <time>2026-09-09T11:36:52Z</time>
      </trkpt>
      <trkpt lat="8.988201" lon="-79.547650">
        <time>2026-09-09T11:36:53Z</time>
      </trkpt>
      <trkpt lat="8.988208" lon="-79.547648">
        <time>2026-09-09T11:36:54Z</time>
      </trkpt>
      <trkpt lat="8.988215" lon="-79.547645">
        <time>2026-09-09T11:36:55Z</time>
      </trkpt>
      <trkpt lat="8.988223" lon="-79.547643">
        <time>2026-09-09T11:36:56Z</time>
      </trkpt>
      <trkpt lat="8.988230" lon="-79.547638">
        <time>2026-09-09T11:36:57Z</time>
      </trkpt>
      <trkpt lat="8.988235" lon="-79.547637">
        <time>2026-09-09T11:36:58Z</time>
      </trkpt>
      <trkpt lat="8.988248" lon="-79.547632">
        <time>2026-09-09T11:36:59Z</time>
      </trkpt>
      <trkpt lat="8.988260" lon="-79.547631">
        <time>2026-09-09T11:37:00Z</time>
      </trkpt>
      <trkpt lat="8.988270" lon="-79.547628">
        <time>2026-09-09T11:37:01Z</time>
      </trkpt>
      <trkpt lat="8.988280" lon="-79.547628">
        <time>2026-09-09T11:37:02Z</time>
      </trkpt>
      <trkpt lat="8.988288" lon="-79.547629">
        <time>2026-09-09T11:37:03Z</time>
      </trkpt>
      <trkpt lat="8.988299" lon="-79.547631">
        <time>2026-09-09T11:37:04Z</time>
      </trkpt>
      <trkpt lat="8.988310" lon="-79.547633">
        <time>2026-09-09T11:37:05Z</time>
      </trkpt>
      <trkpt lat="8.988321" lon="-79.547632">
        <time>2026-09-09T11:37:06Z</time>
      </trkpt>
      <trkpt lat="8.988334" lon="-79.547634">
        <time>2026-09-09T11:37:07Z</time>
      </trkpt>
      <trkpt lat="8.988339" lon="-79.547635">
        <time>2026-09-09T11:37:08Z</time>
      </trkpt>
      <trkpt lat="8.988348" lon="-79.547637">
        <time>2026-09-09T11:37:09Z</time>
      </trkpt>
      <trkpt lat="8.988360" lon="-79.547636">
        <time>2026-09-09T11:37:10Z</time>
      </trkpt>
      <trkpt lat="8.988370" lon="-79.547636">
        <time>2026-09-09T11:37:11Z</time>
      </trkpt>
      <trkpt lat="8.988382" lon="-79.547635">
        <time>2026-09-09T11:37:12Z</time>
      </trkpt>
      <trkpt lat="8.988390" lon="-79.547631">
        <time>2026-09-09T11:37:13Z</time>
      </trkpt>
      <trkpt lat="8.988404" lon="-79.547627">
        <time>2026-09-09T11:37:14Z</time>
      </trkpt>
      <trkpt lat="8.988417" lon="-79.547624">
        <time>2026-09-09T11:37:15Z</time>
      </trkpt>
      <trkpt lat="8.988427" lon="-79.547620">
        <time>2026-09-09T11:37:16Z</time>
      </trkpt>
      <trkpt lat="8.988439" lon="-79.547612">
        <time>2026-09-09T11:37:17Z</time>
      </trkpt>
      <trkpt lat="8.988441" lon="-79.547598">
        <time>2026-09-09T11:37:18Z</time>
      </trkpt>
      <trkpt lat="8.988439" lon="-79.547585">
        <time>2026-09-09T11:37:19Z</time>
      </trkpt>
      <trkpt lat="8.988439" lon="-79.547570">
        <time>2026-09-09T11:37:20Z</time>
      </trkpt>
      <trkpt lat="8.988442" lon="-79.547553">
        <time>2026-09-09T11:37:21Z</time>
      </trkpt>
      <trkpt lat="8.988446" lon="-79.547538">
        <time>2026-09-09T11:37:22Z</time>
      </trkpt>
      <trkpt lat="8.988448" lon="-79.547524">
        <time>2026-09-09T11:37:23Z</time>
      </trkpt>
      <trkpt lat="8.988450" lon="-79.547506">
        <time>2026-09-09T11:37:24Z</time>
      </trkpt>
      <trkpt lat="8.988450" lon="-79.547488">
        <time>2026-09-09T11:37:25Z</time>
      </trkpt>
      <trkpt lat="8.988446" lon="-79.547471">
        <time>2026-09-09T11:37:26Z</time>
      </trkpt>
      <trkpt lat="8.988444" lon="-79.547456">
        <time>2026-09-09T11:37:27Z</time>
      </trkpt>
      <trkpt lat="8.988439" lon="-79.547437">
        <time>2026-09-09T11:37:28Z</time>
      </trkpt>
      <trkpt lat="8.988437" lon="-79.547416">
        <time>2026-09-09T11:37:29Z</time>
      </trkpt>
      <trkpt lat="8.988440" lon="-79.547396">
        <time>2026-09-09T11:37:30Z</time>
      </trkpt>
      <trkpt lat="8.988447" lon="-79.547378">
        <time>2026-09-09T11:37:31Z</time>
      </trkpt>
      <trkpt lat="8.988458" lon="-79.547355">
        <time>2026-09-09T11:37:32Z</time>
      </trkpt>
      <trkpt lat="8.988468" lon="-79.547337">
        <time>2026-09-09T11:37:33Z</time>
      </trkpt>
      <trkpt lat="8.988481" lon="-79.547321">
        <time>2026-09-09T11:37:34Z</time>
      </trkpt>
      <trkpt lat="8.988497" lon="-79.547304">
        <time>2026-09-09T11:37:35Z</time>
      </trkpt>
      <trkpt lat="8.988513" lon="-79.547290">
        <time>2026-09-09T11:37:36Z</time>
      </trkpt>
      <trkpt lat="8.988527" lon="-79.547275">
        <time>2026-09-09T11:37:37Z</time>
      </trkpt>
      <trkpt lat="8.988539" lon="-79.547261">
        <time>2026-09-09T11:37:38Z</time>
      </trkpt>
      <trkpt lat="8.988545" lon="-79.547249">
        <time>2026-09-09T11:37:39Z</time>
      </trkpt>
      <trkpt lat="8.988548" lon="-79.547238">
        <time>2026-09-09T11:37:40Z</time>
      </trkpt>
      <trkpt lat="8.988546" lon="-79.547225">
        <time>2026-09-09T11:37:41Z</time>
      </trkpt>
      <trkpt lat="8.988543" lon="-79.547213">
        <time>2026-09-09T11:37:42Z</time>
      </trkpt>
      <trkpt lat="8.988540" lon="-79.547199">
        <time>2026-09-09T11:37:43Z</time>
      </trkpt>
      <trkpt lat="8.988539" lon="-79.547184">
        <time>2026-09-09T11:37:44Z</time>
      </trkpt>
      <trkpt lat="8.988538" lon="-79.547169">
        <time>2026-09-09T11:37:45Z</time>
      </trkpt>
      <trkpt lat="8.988539" lon="-79.547153">
        <time>2026-09-09T11:37:46Z</time>
      </trkpt>
      <trkpt lat="8.988539" lon="-79.547133">
        <time>2026-09-09T11:37:47Z</time>
      </trkpt>
      <trkpt lat="8.988542" lon="-79.547108">
        <time>2026-09-09T11:37:48Z</time>
      </trkpt>
      <trkpt lat="8.988544" lon="-79.547084">
        <time>2026-09-09T11:37:49Z</time>
      </trkpt>
      <trkpt lat="8.988550" lon="-79.547064">
        <time>2026-09-09T11:37:50Z</time>
      </trkpt>
      <trkpt lat="8.988561" lon="-79.547042">
        <time>2026-09-09T11:37:51Z</time>
      </trkpt>
      <trkpt lat="8.988573" lon="-79.547018">
        <time>2026-09-09T11:37:52Z</time>
      </trkpt>
      <trkpt lat="8.988587" lon="-79.546998">
        <time>2026-09-09T11:37:53Z</time>
      </trkpt>
      <trkpt lat="8.988600" lon="-79.546981">
        <time>2026-09-09T11:37:54Z</time>
      </trkpt>
      <trkpt lat="8.988616" lon="-79.546964">
        <time>2026-09-09T11:37:55Z</time>
      </trkpt>
      <trkpt lat="8.988632" lon="-79.546953">
        <time>2026-09-09T11:37:56Z</time>
      </trkpt>
      <trkpt lat="8.988650" lon="-79.546940">
        <time>2026-09-09T11:37:57Z</time>
      </trkpt>
      <trkpt lat="8.988669" lon="-79.546929">
        <time>2026-09-09T11:37:58Z</time>
      </trkpt>
      <trkpt lat="8.988689" lon="-79.546919">
        <time>2026-09-09T11:37:59Z</time>
      </trkpt>
      <trkpt lat="8.988710" lon="-79.546913">
        <time>2026-09-09T11:38:00Z</time>
      </trkpt>
      <trkpt lat="8.988732" lon="-79.546907">
        <time>2026-09-09T11:38:01Z</time>
      </trkpt>
      <trkpt lat="8.988753" lon="-79.546899">
        <time>2026-09-09T11:38:02Z</time>
      </trkpt>
      <trkpt lat="8.988773" lon="-79.546889">
        <time>2026-09-09T11:38:03Z</time>
      </trkpt>
      <trkpt lat="8.988791" lon="-79.546875">
        <time>2026-09-09T11:38:04Z</time>
      </trkpt>
      <trkpt lat="8.988811" lon="-79.546864">
        <time>2026-09-09T11:38:05Z</time>
      </trkpt>
      <trkpt lat="8.988831" lon="-79.546859">
        <time>2026-09-09T11:38:06Z</time>
      </trkpt>
      <trkpt lat="8.988850" lon="-79.546855">
        <time>2026-09-09T11:38:07Z</time>
      </trkpt>
      <trkpt lat="8.988872" lon="-79.546852">
        <time>2026-09-09T11:38:08Z</time>
      </trkpt>
      <trkpt lat="8.988890" lon="-79.546849">
        <time>2026-09-09T11:38:09Z</time>
      </trkpt>
      <trkpt lat="8.988909" lon="-79.546843">
        <time>2026-09-09T11:38:10Z</time>
      </trkpt>
      <trkpt lat="8.988927" lon="-79.546832">
        <time>2026-09-09T11:38:11Z</time>
      </trkpt>
      <trkpt lat="8.988941" lon="-79.546816">
        <time>2026-09-09T11:38:12Z</time>
      </trkpt>
      <trkpt lat="8.988959" lon="-79.546803">
        <time>2026-09-09T11:38:13Z</time>
      </trkpt>
      <trkpt lat="8.988966" lon="-79.546784">
        <time>2026-09-09T11:38:14Z</time>
      </trkpt>
      <trkpt lat="8.988975" lon="-79.546761">
        <time>2026-09-09T11:38:15Z</time>
      </trkpt>
      <trkpt lat="8.988985" lon="-79.546748">
        <time>2026-09-09T11:38:16Z</time>
      </trkpt>
      <trkpt lat="8.988993" lon="-79.546731">
        <time>2026-09-09T11:38:17Z</time>
      </trkpt>
      <trkpt lat="8.988998" lon="-79.546713">
        <time>2026-09-09T11:38:18Z</time>
      </trkpt>
      <trkpt lat="8.989003" lon="-79.546700">
        <time>2026-09-09T11:38:19Z</time>
      </trkpt>
      <trkpt lat="8.989010" lon="-79.546686">
        <time>2026-09-09T11:38:20Z</time>
      </trkpt>
      <trkpt lat="8.989020" lon="-79.546676">
        <time>2026-09-09T11:38:21Z</time>
      </trkpt>
      <trkpt lat="8.989031" lon="-79.546669">
        <time>2026-09-09T11:38:22Z</time>
      </trkpt>
      <trkpt lat="8.989042" lon="-79.546661">
        <time>2026-09-09T11:38:23Z</time>
      </trkpt>
      <trkpt lat="8.989046" lon="-79.546655">
        <time>2026-09-09T11:38:24Z</time>
      </trkpt>
      <trkpt lat="8.989051" lon="-79.546646">
        <time>2026-09-09T11:38:25Z</time>
      </trkpt>
      <trkpt lat="8.989052" lon="-79.546638">
        <time>2026-09-09T11:38:26Z</time>
      </trkpt>
      <trkpt lat="8.989054" lon="-79.546632">
        <time>2026-09-09T11:38:27Z</time>
      </trkpt>
      <trkpt lat="8.989051" lon="-79.546627">
        <time>2026-09-09T11:38:28Z</time>
      </trkpt>
      <trkpt lat="8.989049" lon="-79.546627">
        <time>2026-09-09T11:38:29Z</time>
      </trkpt>
      <trkpt lat="8.989046" lon="-79.546627">
        <time>2026-09-09T11:38:30Z</time>
      </trkpt>
      <trkpt lat="8.989049" lon="-79.546627">
        <time>2026-09-09T11:38:31Z</time>
      </trkpt>
      <trkpt lat="8.989052" lon="-79.546626">
        <time>2026-09-09T11:38:32Z</time>
      </trkpt>
      <trkpt lat="8.989053" lon="-79.546624">
        <time>2026-09-09T11:38:33Z</time>
      </trkpt>
      <trkpt lat="8.989054" lon="-79.546625">
        <time>2026-09-09T11:38:34Z</time>
      </trkpt>
      <trkpt lat="8.989055" lon="-79.546629">
        <time>2026-09-09T11:38:35Z</time>
      </trkpt>
      <trkpt lat="8.989056" lon="-79.546630">
        <time>2026-09-09T11:38:36Z</time>
      </trkpt>
      <trkpt lat="8.989057" lon="-79.546632">
        <time>2026-09-09T11:38:37Z</time>
      </trkpt>
      <trkpt lat="8.989061" lon="-79.546630">
        <time>2026-09-09T11:38:38Z</time>
      </trkpt>
      <trkpt lat="8.989066" lon="-79.546625">
        <time>2026-09-09T11:38:39Z</time>
      </trkpt>
      <trkpt lat="8.989071" lon="-79.546621">
        <time>2026-09-09T11:38:40Z</time>
      </trkpt>
      <trkpt lat="8.989075" lon="-79.546626">
        <time>2026-09-09T11:38:41Z</time>
      </trkpt>
      <trkpt lat="8.989082" lon="-79.546624">
        <time>2026-09-09T11:38:42Z</time>
      </trkpt>
      <trkpt lat="8.989092" lon="-79.546620">
        <time>2026-09-09T11:38:43Z</time>
      </trkpt>
      <trkpt lat="8.989105" lon="-79.546618">
        <time>2026-09-09T11:38:44Z</time>
      </trkpt>
      <trkpt lat="8.989117" lon="-79.546616">
        <time>2026-09-09T11:38:45Z</time>
      </trkpt>
      <trkpt lat="8.989126" lon="-79.546613">
        <time>2026-09-09T11:38:46Z</time>
      </trkpt>
      <trkpt lat="8.989135" lon="-79.546611">
        <time>2026-09-09T11:38:47Z</time>
      </trkpt>
      <trkpt lat="8.989143" lon="-79.546609">
        <time>2026-09-09T11:38:48Z</time>
      </trkpt>
      <trkpt lat="8.989149" lon="-79.546605">
        <time>2026-09-09T11:38:49Z</time>
      </trkpt>
      <trkpt lat="8.989155" lon="-79.546599">
        <time>2026-09-09T11:38:50Z</time>
      </trkpt>
      <trkpt lat="8.989165" lon="-79.546593">
        <time>2026-09-09T11:38:51Z</time>
      </trkpt>
      <trkpt lat="8.989169" lon="-79.546587">
        <time>2026-09-09T11:38:52Z</time>
      </trkpt>
      <trkpt lat="8.989175" lon="-79.546575">
        <time>2026-09-09T11:38:53Z</time>
      </trkpt>
      <trkpt lat="8.989181" lon="-79.546565">
        <time>2026-09-09T11:38:54Z</time>
      </trkpt>
      <trkpt lat="8.989187" lon="-79.546557">
        <time>2026-09-09T11:38:55Z</time>
      </trkpt>
      <trkpt lat="8.989197" lon="-79.546549">
        <time>2026-09-09T11:38:56Z</time>
      </trkpt>
      <trkpt lat="8.989208" lon="-79.546550">
        <time>2026-09-09T11:38:57Z</time>
      </trkpt>
      <trkpt lat="8.989215" lon="-79.546554">
        <time>2026-09-09T11:38:58Z</time>
      </trkpt>
      <trkpt lat="8.989220" lon="-79.546556">
        <time>2026-09-09T11:38:59Z</time>
      </trkpt>
      <trkpt lat="8.989227" lon="-79.546558">
        <time>2026-09-09T11:39:00Z</time>
      </trkpt>
      <trkpt lat="8.989239" lon="-79.546558">
        <time>2026-09-09T11:39:01Z</time>
      </trkpt>
      <trkpt lat="8.989248" lon="-79.546559">
        <time>2026-09-09T11:39:02Z</time>
      </trkpt>
      <trkpt lat="8.989259" lon="-79.546562">
        <time>2026-09-09T11:39:03Z</time>
      </trkpt>
      <trkpt lat="8.989270" lon="-79.546567">
        <time>2026-09-09T11:39:04Z</time>
      </trkpt>
      <trkpt lat="8.989278" lon="-79.546571">
        <time>2026-09-09T11:39:05Z</time>
      </trkpt>
      <trkpt lat="8.989285" lon="-79.546577">
        <time>2026-09-09T11:39:06Z</time>
      </trkpt>
      <trkpt lat="8.989295" lon="-79.546582">
        <time>2026-09-09T11:39:07Z</time>
      </trkpt>
      <trkpt lat="8.989305" lon="-79.546587">
        <time>2026-09-09T11:39:08Z</time>
      </trkpt>
      <trkpt lat="8.989316" lon="-79.546589">
        <time>2026-09-09T11:39:09Z</time>
      </trkpt>
      <trkpt lat="8.989330" lon="-79.546591">
        <time>2026-09-09T11:39:10Z</time>
      </trkpt>
      <trkpt lat="8.989343" lon="-79.546594">
        <time>2026-09-09T11:39:11Z</time>
      </trkpt>
      <trkpt lat="8.989355" lon="-79.546595">
        <time>2026-09-09T11:39:12Z</time>
      </trkpt>
      <trkpt lat="8.989374" lon="-79.546592">
        <time>2026-09-09T11:39:13Z</time>
      </trkpt>
      <trkpt lat="8.989385" lon="-79.546584">
        <time>2026-09-09T11:39:14Z</time>
      </trkpt>
      <trkpt lat="8.989386" lon="-79.546570">
        <time>2026-09-09T11:39:15Z</time>
      </trkpt>
      <trkpt lat="8.989391" lon="-79.546560">
        <time>2026-09-09T11:39:16Z</time>
      </trkpt>
      <trkpt lat="8.989402" lon="-79.546561">
        <time>2026-09-09T11:39:17Z</time>
      </trkpt>
      <trkpt lat="8.989416" lon="-79.546557">
        <time>2026-09-09T11:39:18Z</time>
      </trkpt>
      <trkpt lat="8.989426" lon="-79.546554">
        <time>2026-09-09T11:39:19Z</time>
      </trkpt>
      <trkpt lat="8.989435" lon="-79.546550">
        <time>2026-09-09T11:39:20Z</time>
      </trkpt>
      <trkpt lat="8.989442" lon="-79.546546">
        <time>2026-09-09T11:39:21Z</time>
      </trkpt>
      <trkpt lat="8.989450" lon="-79.546542">
        <time>2026-09-09T11:39:22Z</time>
      </trkpt>
      <trkpt lat="8.989459" lon="-79.546538">
        <time>2026-09-09T11:39:23Z</time>
      </trkpt>
      <trkpt lat="8.989467" lon="-79.546536">
        <time>2026-09-09T11:39:24Z</time>
      </trkpt>
      <trkpt lat="8.989475" lon="-79.546536">
        <time>2026-09-09T11:39:25Z</time>
      </trkpt>
      <trkpt lat="8.989491" lon="-79.546536">
        <time>2026-09-09T11:39:26Z</time>
      </trkpt>
      <trkpt lat="8.989504" lon="-79.546534">
        <time>2026-09-09T11:39:27Z</time>
      </trkpt>
      <trkpt lat="8.989516" lon="-79.546537">
        <time>2026-09-09T11:39:28Z</time>
      </trkpt>
      <trkpt lat="8.989526" lon="-79.546544">
        <time>2026-09-09T11:39:29Z</time>
      </trkpt>
      <trkpt lat="8.989538" lon="-79.546559">
        <time>2026-09-09T11:39:30Z</time>
      </trkpt>
      <trkpt lat="8.989553" lon="-79.546569">
        <time>2026-09-09T11:39:31Z</time>
      </trkpt>
      <trkpt lat="8.989570" lon="-79.546577">
        <time>2026-09-09T11:39:32Z</time>
      </trkpt>
      <trkpt lat="8.989588" lon="-79.546582">
        <time>2026-09-09T11:39:33Z</time>
      </trkpt>
      <trkpt lat="8.989608" lon="-79.546584">
        <time>2026-09-09T11:39:34Z</time>
      </trkpt>
      <trkpt lat="8.989631" lon="-79.546580">
        <time>2026-09-09T11:39:35Z</time>
      </trkpt>
      <trkpt lat="8.989656" lon="-79.546571">
        <time>2026-09-09T11:39:36Z</time>
      </trkpt>
      <trkpt lat="8.989679" lon="-79.546564">
        <time>2026-09-09T11:39:37Z</time>
      </trkpt>
      <trkpt lat="8.989702" lon="-79.546561">
        <time>2026-09-09T11:39:38Z</time>
      </trkpt>
      <trkpt lat="8.989727" lon="-79.546546">
        <time>2026-09-09T11:39:39Z</time>
      </trkpt>
      <trkpt lat="8.989747" lon="-79.546527">
        <time>2026-09-09T11:39:40Z</time>
      </trkpt>
      <trkpt lat="8.989764" lon="-79.546505">
        <time>2026-09-09T11:39:41Z</time>
      </trkpt>
      <trkpt lat="8.989770" lon="-79.546476">
        <time>2026-09-09T11:39:42Z</time>
      </trkpt>
      <trkpt lat="8.989768" lon="-79.546446">
        <time>2026-09-09T11:39:43Z</time>
      </trkpt>
      <trkpt lat="8.989760" lon="-79.546416">
        <time>2026-09-09T11:39:44Z</time>
      </trkpt>
      <trkpt lat="8.989750" lon="-79.546392">
        <time>2026-09-09T11:39:45Z</time>
      </trkpt>
      <trkpt lat="8.989741" lon="-79.546368">
        <time>2026-09-09T11:39:46Z</time>
      </trkpt>
      <trkpt lat="8.989730" lon="-79.546344">
        <time>2026-09-09T11:39:47Z</time>
      </trkpt>
      <trkpt lat="8.989716" lon="-79.546321">
        <time>2026-09-09T11:39:48Z</time>
      </trkpt>
      <trkpt lat="8.989702" lon="-79.546300">
        <time>2026-09-09T11:39:49Z</time>
      </trkpt>
      <trkpt lat="8.989686" lon="-79.546282">
        <time>2026-09-09T11:39:50Z</time>
      </trkpt>
      <trkpt lat="8.989671" lon="-79.546264">
        <time>2026-09-09T11:39:51Z</time>
      </trkpt>
      <trkpt lat="8.989657" lon="-79.546247">
        <time>2026-09-09T11:39:52Z</time>
      </trkpt>
      <trkpt lat="8.989643" lon="-79.546232">
        <time>2026-09-09T11:39:53Z</time>
      </trkpt>
      <trkpt lat="8.989631" lon="-79.546216">
        <time>2026-09-09T11:39:54Z</time>
      </trkpt>
      <trkpt lat="8.989622" lon="-79.546202">
        <time>2026-09-09T11:39:55Z</time>
      </trkpt>
      <trkpt lat="8.989609" lon="-79.546194">
        <time>2026-09-09T11:39:56Z</time>
      </trkpt>
      <trkpt lat="8.989599" lon="-79.546181">
        <time>2026-09-09T11:39:57Z</time>
      </trkpt>
      <trkpt lat="8.989590" lon="-79.546165">
        <time>2026-09-09T11:39:58Z</time>
      </trkpt>
      <trkpt lat="8.989578" lon="-79.546148">
        <time>2026-09-09T11:39:59Z</time>
      </trkpt>
      <trkpt lat="8.989567" lon="-79.546133">
        <time>2026-09-09T11:40:00Z</time>
      </trkpt>
      <trkpt lat="8.989550" lon="-79.546114">
        <time>2026-09-09T11:40:01Z</time>
      </trkpt>
      <trkpt lat="8.989536" lon="-79.546095">
        <time>2026-09-09T11:40:02Z</time>
      </trkpt>
      <trkpt lat="8.989524" lon="-79.546078">
        <time>2026-09-09T11:40:03Z</time>
      </trkpt>
      <trkpt lat="8.989513" lon="-79.546061">
        <time>2026-09-09T11:40:04Z</time>
      </trkpt>
      <trkpt lat="8.989501" lon="-79.546043">
        <time>2026-09-09T11:40:05Z</time>
      </trkpt>
      <trkpt lat="8.989489" lon="-79.546025">
        <time>2026-09-09T11:40:06Z</time>
      </trkpt>
      <trkpt lat="8.989472" lon="-79.546007">
        <time>2026-09-09T11:40:07Z</time>
      </trkpt>
      <trkpt lat="8.989454" lon="-79.545988">
        <time>2026-09-09T11:40:08Z</time>
      </trkpt>
      <trkpt lat="8.989437" lon="-79.545976">
        <time>2026-09-09T11:40:09Z</time>
      </trkpt>
      <trkpt lat="8.989417" lon="-79.545966">
        <time>2026-09-09T11:40:10Z</time>
      </trkpt>
      <trkpt lat="8.989397" lon="-79.545959">
        <time>2026-09-09T11:40:11Z</time>
      </trkpt>
      <trkpt lat="8.989379" lon="-79.545952">
        <time>2026-09-09T11:40:12Z</time>
      </trkpt>
      <trkpt lat="8.989366" lon="-79.545944">
        <time>2026-09-09T11:40:13Z</time>
      </trkpt>
      <trkpt lat="8.989356" lon="-79.545936">
        <time>2026-09-09T11:40:14Z</time>
      </trkpt>
      <trkpt lat="8.989350" lon="-79.545927">
        <time>2026-09-09T11:40:15Z</time>
      </trkpt>
      <trkpt lat="8.989343" lon="-79.545916">
        <time>2026-09-09T11:40:16Z</time>
      </trkpt>
      <trkpt lat="8.989334" lon="-79.545901">
        <time>2026-09-09T11:40:17Z</time>
      </trkpt>
      <trkpt lat="8.989320" lon="-79.545891">
        <time>2026-09-09T11:40:18Z</time>
      </trkpt>
      <trkpt lat="8.989307" lon="-79.545878">
        <time>2026-09-09T11:40:19Z</time>
      </trkpt>
      <trkpt lat="8.989291" lon="-79.545864">
        <time>2026-09-09T11:40:20Z</time>
      </trkpt>
      <trkpt lat="8.989276" lon="-79.545850">
        <time>2026-09-09T11:40:21Z</time>
      </trkpt>
      <trkpt lat="8.989260" lon="-79.545836">
        <time>2026-09-09T11:40:22Z</time>
      </trkpt>
      <trkpt lat="8.989244" lon="-79.545822">
        <time>2026-09-09T11:40:23Z</time>
      </trkpt>
      <trkpt lat="8.989232" lon="-79.545812">
        <time>2026-09-09T11:40:24Z</time>
      </trkpt>
      <trkpt lat="8.989219" lon="-79.545804">
        <time>2026-09-09T11:40:25Z</time>
      </trkpt>
      <trkpt lat="8.989206" lon="-79.545795">
        <time>2026-09-09T11:40:26Z</time>
      </trkpt>
      <trkpt lat="8.989193" lon="-79.545788">
        <time>2026-09-09T11:40:27Z</time>
      </trkpt>
      <trkpt lat="8.989181" lon="-79.545777">
        <time>2026-09-09T11:40:28Z</time>
      </trkpt>
      <trkpt lat="8.989173" lon="-79.545763">
        <time>2026-09-09T11:40:29Z</time>
      </trkpt>
      <trkpt lat="8.989163" lon="-79.545747">
        <time>2026-09-09T11:40:30Z</time>
      </trkpt>
      <trkpt lat="8.989155" lon="-79.545728">
        <time>2026-09-09T11:40:31Z</time>
      </trkpt>
      <trkpt lat="8.989153" lon="-79.545703">
        <time>2026-09-09T11:40:32Z</time>
      </trkpt>
      <trkpt lat="8.989148" lon="-79.545683">
        <time>2026-09-09T11:40:33Z</time>
      </trkpt>
      <trkpt lat="8.989143" lon="-79.545666">
        <time>2026-09-09T11:40:34Z</time>
      </trkpt>
      <trkpt lat="8.989136" lon="-79.545652">
        <time>2026-09-09T11:40:35Z</time>
      </trkpt>
      <trkpt lat="8.989128" lon="-79.545638">
        <time>2026-09-09T11:40:36Z</time>
      </trkpt>
      <trkpt lat="8.989120" lon="-79.545627">
        <time>2026-09-09T11:40:37Z</time>
      </trkpt>
      <trkpt lat="8.989111" lon="-79.545619">
        <time>2026-09-09T11:40:38Z</time>
      </trkpt>
      <trkpt lat="8.989104" lon="-79.545610">
        <time>2026-09-09T11:40:39Z</time>
      </trkpt>
      <trkpt lat="8.989098" lon="-79.545600">
        <time>2026-09-09T11:40:40Z</time>
      </trkpt>
      <trkpt lat="8.989091" lon="-79.545589">
        <time>2026-09-09T11:40:41Z</time>
      </trkpt>
      <trkpt lat="8.989085" lon="-79.545578">
        <time>2026-09-09T11:40:42Z</time>
      </trkpt>
      <trkpt lat="8.989080" lon="-79.545565">
        <time>2026-09-09T11:40:43Z</time>
      </trkpt>
      <trkpt lat="8.989077" lon="-79.545553">
        <time>2026-09-09T11:40:44Z</time>
      </trkpt>
      <trkpt lat="8.989075" lon="-79.545537">
        <time>2026-09-09T11:40:45Z</time>
      </trkpt>
      <trkpt lat="8.989072" lon="-79.545521">
        <time>2026-09-09T11:40:46Z</time>
      </trkpt>
      <trkpt lat="8.989066" lon="-79.545507">
        <time>2026-09-09T11:40:47Z</time>
      </trkpt>
      <trkpt lat="8.989052" lon="-79.545505">
        <time>2026-09-09T11:40:48Z</time>
      </trkpt>
      <trkpt lat="8.989036" lon="-79.545514">
        <time>2026-09-09T11:40:49Z</time>
      </trkpt>
      <trkpt lat="8.989018" lon="-79.545522">
        <time>2026-09-09T11:40:50Z</time>
      </trkpt>
      <trkpt lat="8.989001" lon="-79.545531">
        <time>2026-09-09T11:40:51Z</time>
      </trkpt>
      <trkpt lat="8.988983" lon="-79.545539">
        <time>2026-09-09T11:40:52Z</time>
      </trkpt>
      <trkpt lat="8.988963" lon="-79.545549">
        <time>2026-09-09T11:40:53Z</time>
      </trkpt>
      <trkpt lat="8.988946" lon="-79.545561">
        <time>2026-09-09T11:40:54Z</time>
      </trkpt>
      <trkpt lat="8.988931" lon="-79.545571">
        <time>2026-09-09T11:40:55Z</time>
      </trkpt>
      <trkpt lat="8.988922" lon="-79.545576">
        <time>2026-09-09T11:40:56Z</time>
      </trkpt>
      <trkpt lat="8.988914" lon="-79.545573">
        <time>2026-09-09T11:40:57Z</time>
      </trkpt>
      <trkpt lat="8.988906" lon="-79.545566">
        <time>2026-09-09T11:40:58Z</time>
      </trkpt>
      <trkpt lat="8.988899" lon="-79.545558">
        <time>2026-09-09T11:40:59Z</time>
      </trkpt>
      <trkpt lat="8.988892" lon="-79.545549">
        <time>2026-09-09T11:41:00Z</time>
      </trkpt>
      <trkpt lat="8.988883" lon="-79.545542">
        <time>2026-09-09T11:41:01Z</time>
      </trkpt>
      <trkpt lat="8.988873" lon="-79.545535">
        <time>2026-09-09T11:41:02Z</time>
      </trkpt>
      <trkpt lat="8.988860" lon="-79.545526">
        <time>2026-09-09T11:41:03Z</time>
      </trkpt>
      <trkpt lat="8.988847" lon="-79.545519">
        <time>2026-09-09T11:41:04Z</time>
      </trkpt>
      <trkpt lat="8.988835" lon="-79.545506">
        <time>2026-09-09T11:41:05Z</time>
      </trkpt>
      <trkpt lat="8.988822" lon="-79.545489">
        <time>2026-09-09T11:41:06Z</time>
      </trkpt>
      <trkpt lat="8.988813" lon="-79.545474">
        <time>2026-09-09T11:41:07Z</time>
      </trkpt>
      <trkpt lat="8.988805" lon="-79.545459">
        <time>2026-09-09T11:41:08Z</time>
      </trkpt>
      <trkpt lat="8.988799" lon="-79.545438">
        <time>2026-09-09T11:41:09Z</time>
      </trkpt>
      <trkpt lat="8.988797" lon="-79.545418">
        <time>2026-09-09T11:41:10Z</time>
      </trkpt>
      <trkpt lat="8.988791" lon="-79.545399">
        <time>2026-09-09T11:41:11Z</time>
      </trkpt>
      <trkpt lat="8.988789" lon="-79.545376">
        <time>2026-09-09T11:41:12Z</time>
      </trkpt>
      <trkpt lat="8.988785" lon="-79.545353">
        <time>2026-09-09T11:41:13Z</time>
      </trkpt>
      <trkpt lat="8.988781" lon="-79.545331">
        <time>2026-09-09T11:41:14Z</time>
      </trkpt>
      <trkpt lat="8.988775" lon="-79.545308">
        <time>2026-09-09T11:41:15Z</time>
      </trkpt>
      <trkpt lat="8.988767" lon="-79.545283">
        <time>2026-09-09T11:41:16Z</time>
      </trkpt>
      <trkpt lat="8.988758" lon="-79.545259">
        <time>2026-09-09T11:41:17Z</time>
      </trkpt>
      <trkpt lat="8.988748" lon="-79.545235">
        <time>2026-09-09T11:41:18Z</time>
      </trkpt>
      <trkpt lat="8.988736" lon="-79.545211">
        <time>2026-09-09T11:41:19Z</time>
      </trkpt>
      <trkpt lat="8.988720" lon="-79.545189">
        <time>2026-09-09T11:41:20Z</time>
      </trkpt>
      <trkpt lat="8.988701" lon="-79.545170">
        <time>2026-09-09T11:41:21Z</time>
      </trkpt>
      <trkpt lat="8.988679" lon="-79.545159">
        <time>2026-09-09T11:41:22Z</time>
      </trkpt>
      <trkpt lat="8.988654" lon="-79.545152">
        <time>2026-09-09T11:41:23Z</time>
      </trkpt>
      <trkpt lat="8.988631" lon="-79.545147">
        <time>2026-09-09T11:41:24Z</time>
      </trkpt>
      <trkpt lat="8.988607" lon="-79.545144">
        <time>2026-09-09T11:41:25Z</time>
      </trkpt>
      <trkpt lat="8.988583" lon="-79.545147">
        <time>2026-09-09T11:41:26Z</time>
      </trkpt>
      <trkpt lat="8.988560" lon="-79.545155">
        <time>2026-09-09T11:41:27Z</time>
      </trkpt>
      <trkpt lat="8.988542" lon="-79.545164">
        <time>2026-09-09T11:41:28Z</time>
      </trkpt>
      <trkpt lat="8.988524" lon="-79.545174">
        <time>2026-09-09T11:41:29Z</time>
      </trkpt>
      <trkpt lat="8.988511" lon="-79.545183">
        <time>2026-09-09T11:41:30Z</time>
      </trkpt>
      <trkpt lat="8.988499" lon="-79.545193">
        <time>2026-09-09T11:41:31Z</time>
      </trkpt>
      <trkpt lat="8.988490" lon="-79.545199">
        <time>2026-09-09T11:41:32Z</time>
      </trkpt>
      <trkpt lat="8.988496" lon="-79.545206">
        <time>2026-09-09T11:41:33Z</time>
      </trkpt>
      <trkpt lat="8.988504" lon="-79.545208">
        <time>2026-09-09T11:41:34Z</time>
      </trkpt>
      <trkpt lat="8.988511" lon="-79.545204">
        <time>2026-09-09T11:41:35Z</time>
      </trkpt>
      <trkpt lat="8.988521" lon="-79.545199">
        <time>2026-09-09T11:41:36Z</time>
      </trkpt>
      <trkpt lat="8.988532" lon="-79.545195">
        <time>2026-09-09T11:41:37Z</time>
      </trkpt>
      <trkpt lat="8.988546" lon="-79.545190">
        <time>2026-09-09T11:41:38Z</time>
      </trkpt>
      <trkpt lat="8.988554" lon="-79.545186">
        <time>2026-09-09T11:41:39Z</time>
      </trkpt>
      <trkpt lat="8.988565" lon="-79.545183">
        <time>2026-09-09T11:41:40Z</time>
      </trkpt>
      <trkpt lat="8.988577" lon="-79.545181">
        <time>2026-09-09T11:41:41Z</time>
      </trkpt>
      <trkpt lat="8.988588" lon="-79.545180">
        <time>2026-09-09T11:41:42Z</time>
      </trkpt>
      <trkpt lat="8.988605" lon="-79.545181">
        <time>2026-09-09T11:41:43Z</time>
      </trkpt>
      <trkpt lat="8.988618" lon="-79.545186">
        <time>2026-09-09T11:41:44Z</time>
      </trkpt>
      <trkpt lat="8.988628" lon="-79.545190">
        <time>2026-09-09T11:41:45Z</time>
      </trkpt>
      <trkpt lat="8.988638" lon="-79.545195">
        <time>2026-09-09T11:41:46Z</time>
      </trkpt>
      <trkpt lat="8.988648" lon="-79.545200">
        <time>2026-09-09T11:41:47Z</time>
      </trkpt>
      <trkpt lat="8.988655" lon="-79.545207">
        <time>2026-09-09T11:41:48Z</time>
      </trkpt>
      <trkpt lat="8.988664" lon="-79.545213">
        <time>2026-09-09T11:41:49Z</time>
      </trkpt>
      <trkpt lat="8.988671" lon="-79.545220">
        <time>2026-09-09T11:41:50Z</time>
      </trkpt>
      <trkpt lat="8.988679" lon="-79.545231">
        <time>2026-09-09T11:41:51Z</time>
      </trkpt>
      <trkpt lat="8.988685" lon="-79.545240">
        <time>2026-09-09T11:41:52Z</time>
      </trkpt>
      <trkpt lat="8.988689" lon="-79.545248">
        <time>2026-09-09T11:41:53Z</time>
      </trkpt>
      <trkpt lat="8.988694" lon="-79.545260">
        <time>2026-09-09T11:41:54Z</time>
      </trkpt>
      <trkpt lat="8.988698" lon="-79.545274">
        <time>2026-09-09T11:41:55Z</time>
      </trkpt>
      <trkpt lat="8.988703" lon="-79.545290">
        <time>2026-09-09T11:41:56Z</time>
      </trkpt>
      <trkpt lat="8.988707" lon="-79.545305">
        <time>2026-09-09T11:41:57Z</time>
      </trkpt>
      <trkpt lat="8.988710" lon="-79.545317">
        <time>2026-09-09T11:41:58Z</time>
      </trkpt>
      <trkpt lat="8.988714" lon="-79.545331">
        <time>2026-09-09T11:41:59Z</time>
      </trkpt>
      <trkpt lat="8.988716" lon="-79.545339">
        <time>2026-09-09T11:42:00Z</time>
      </trkpt>
      <trkpt lat="8.988718" lon="-79.545350">
        <time>2026-09-09T11:42:01Z</time>
      </trkpt>
      <trkpt lat="8.988721" lon="-79.545361">
        <time>2026-09-09T11:42:02Z</time>
      </trkpt>
      <trkpt lat="8.988723" lon="-79.545373">
        <time>2026-09-09T11:42:03Z</time>
      </trkpt>
      <trkpt lat="8.988723" lon="-79.545386">
        <time>2026-09-09T11:42:04Z</time>
      </trkpt>
      <trkpt lat="8.988726" lon="-79.545400">
        <time>2026-09-09T11:42:05Z</time>
      </trkpt>
      <trkpt lat="8.988728" lon="-79.545413">
        <time>2026-09-09T11:42:06Z</time>
      </trkpt>
      <trkpt lat="8.988731" lon="-79.545429">
        <time>2026-09-09T11:42:07Z</time>
      </trkpt>
      <trkpt lat="8.988734" lon="-79.545442">
        <time>2026-09-09T11:42:08Z</time>
      </trkpt>
      <trkpt lat="8.988737" lon="-79.545455">
        <time>2026-09-09T11:42:09Z</time>
      </trkpt>
      <trkpt lat="8.988742" lon="-79.545469">
        <time>2026-09-09T11:42:10Z</time>
      </trkpt>
      <trkpt lat="8.988748" lon="-79.545479">
        <time>2026-09-09T11:42:11Z</time>
      </trkpt>
      <trkpt lat="8.988757" lon="-79.545485">
        <time>2026-09-09T11:42:12Z</time>
      </trkpt>
      <trkpt lat="8.988764" lon="-79.545490">
        <time>2026-09-09T11:42:13Z</time>
      </trkpt>
      <trkpt lat="8.988772" lon="-79.545497">
        <time>2026-09-09T11:42:14Z</time>
      </trkpt>
      <trkpt lat="8.988780" lon="-79.545505">
        <time>2026-09-09T11:42:15Z</time>
      </trkpt>
      <trkpt lat="8.988790" lon="-79.545514">
        <time>2026-09-09T11:42:16Z</time>
      </trkpt>
      <trkpt lat="8.988800" lon="-79.545523">
        <time>2026-09-09T11:42:17Z</time>
      </trkpt>
      <trkpt lat="8.988809" lon="-79.545529">
        <time>2026-09-09T11:42:18Z</time>
      </trkpt>
      <trkpt lat="8.988820" lon="-79.545535">
        <time>2026-09-09T11:42:19Z</time>
      </trkpt>
      <trkpt lat="8.988832" lon="-79.545544">
        <time>2026-09-09T11:42:20Z</time>
      </trkpt>
      <trkpt lat="8.988842" lon="-79.545551">
        <time>2026-09-09T11:42:21Z</time>
      </trkpt>
      <trkpt lat="8.988851" lon="-79.545559">
        <time>2026-09-09T11:42:22Z</time>
      </trkpt>
      <trkpt lat="8.988861" lon="-79.545565">
        <time>2026-09-09T11:42:23Z</time>
      </trkpt>
      <trkpt lat="8.988869" lon="-79.545570">
        <time>2026-09-09T11:42:24Z</time>
      </trkpt>
      <trkpt lat="8.988879" lon="-79.545575">
        <time>2026-09-09T11:42:25Z</time>
      </trkpt>
      <trkpt lat="8.988887" lon="-79.545581">
        <time>2026-09-09T11:42:26Z</time>
      </trkpt>
      <trkpt lat="8.988897" lon="-79.545588">
        <time>2026-09-09T11:42:27Z</time>
      </trkpt>
      <trkpt lat="8.988908" lon="-79.545591">
        <time>2026-09-09T11:42:28Z</time>
      </trkpt>
      <trkpt lat="8.988922" lon="-79.545595">
        <time>2026-09-09T11:42:29Z</time>
      </trkpt>
      <trkpt lat="8.988934" lon="-79.545594">
        <time>2026-09-09T11:42:30Z</time>
      </trkpt>
      <trkpt lat="8.988945" lon="-79.545591">
        <time>2026-09-09T11:42:31Z</time>
      </trkpt>
      <trkpt lat="8.988950" lon="-79.545588">
        <time>2026-09-09T11:42:32Z</time>
      </trkpt>
      <trkpt lat="8.988959" lon="-79.545583">
        <time>2026-09-09T11:42:33Z</time>
      </trkpt>
      <trkpt lat="8.988971" lon="-79.545578">
        <time>2026-09-09T11:42:34Z</time>
      </trkpt>
      <trkpt lat="8.988980" lon="-79.545575">
        <time>2026-09-09T11:42:35Z</time>
      </trkpt>
      <trkpt lat="8.988989" lon="-79.545571">
        <time>2026-09-09T11:42:36Z</time>
      </trkpt>
      <trkpt lat="8.988999" lon="-79.545566">
        <time>2026-09-09T11:42:37Z</time>
      </trkpt>
      <trkpt lat="8.989009" lon="-79.545562">
        <time>2026-09-09T11:42:38Z</time>
      </trkpt>
      <trkpt lat="8.989013" lon="-79.545559">
        <time>2026-09-09T11:42:39Z</time>
      </trkpt>
      <trkpt lat="8.989019" lon="-79.545553">
        <time>2026-09-09T11:42:40Z</time>
      </trkpt>
      <trkpt lat="8.989026" lon="-79.545545">
        <time>2026-09-09T11:42:41Z</time>
      </trkpt>
      <trkpt lat="8.989034" lon="-79.545541">
        <time>2026-09-09T11:42:42Z</time>
      </trkpt>
      <trkpt lat="8.989041" lon="-79.545543">
        <time>2026-09-09T11:42:43Z</time>
      </trkpt>
      <trkpt lat="8.989045" lon="-79.545547">
        <time>2026-09-09T11:42:44Z</time>
      </trkpt>
      <trkpt lat="8.989048" lon="-79.545555">
        <time>2026-09-09T11:42:45Z</time>
      </trkpt>
      <trkpt lat="8.989050" lon="-79.545565">
        <time>2026-09-09T11:42:46Z</time>
      </trkpt>
      <trkpt lat="8.989049" lon="-79.545572">
        <time>2026-09-09T11:42:47Z</time>
      </trkpt>
      <trkpt lat="8.989049" lon="-79.545576">
        <time>2026-09-09T11:42:48Z</time>
      </trkpt>
      <trkpt lat="8.989051" lon="-79.545588">
        <time>2026-09-09T11:42:49Z</time>
      </trkpt>
      <trkpt lat="8.989052" lon="-79.545592">
        <time>2026-09-09T11:42:50Z</time>
      </trkpt>
      <trkpt lat="8.989053" lon="-79.545597">
        <time>2026-09-09T11:42:51Z</time>
      </trkpt>
      <trkpt lat="8.989055" lon="-79.545606">
        <time>2026-09-09T11:42:52Z</time>
      </trkpt>
      <trkpt lat="8.989057" lon="-79.545609">
        <time>2026-09-09T11:42:53Z</time>
      </trkpt>
      <trkpt lat="8.989059" lon="-79.545617">
        <time>2026-09-09T11:42:54Z</time>
      </trkpt>
      <trkpt lat="8.989059" lon="-79.545623">
        <time>2026-09-09T11:42:55Z</time>
      </trkpt>
      <trkpt lat="8.989062" lon="-79.545631">
        <time>2026-09-09T11:42:56Z</time>
      </trkpt>
      <trkpt lat="8.989065" lon="-79.545633">
        <time>2026-09-09T11:42:57Z</time>
      </trkpt>
      <trkpt lat="8.989068" lon="-79.545638">
        <time>2026-09-09T11:42:58Z</time>
      </trkpt>
      <trkpt lat="8.989071" lon="-79.545641">
        <time>2026-09-09T11:42:59Z</time>
      </trkpt>
      <trkpt lat="8.989076" lon="-79.545649">
        <time>2026-09-09T11:43:00Z</time>
      </trkpt>
      <trkpt lat="8.989080" lon="-79.545652">
        <time>2026-09-09T11:43:01Z</time>
      </trkpt>
      <trkpt lat="8.989085" lon="-79.545658">
        <time>2026-09-09T11:43:02Z</time>
      </trkpt>
      <trkpt lat="8.989087" lon="-79.545664">
        <time>2026-09-09T11:43:03Z</time>
      </trkpt>
      <trkpt lat="8.989092" lon="-79.545672">
        <time>2026-09-09T11:43:04Z</time>
      </trkpt>
      <trkpt lat="8.989094" lon="-79.545679">
        <time>2026-09-09T11:43:05Z</time>
      </trkpt>
      <trkpt lat="8.989095" lon="-79.545688">
        <time>2026-09-09T11:43:06Z</time>
      </trkpt>
      <trkpt lat="8.989098" lon="-79.545701">
        <time>2026-09-09T11:43:07Z</time>
      </trkpt>
      <trkpt lat="8.989100" lon="-79.545715">
        <time>2026-09-09T11:43:08Z</time>
      </trkpt>
      <trkpt lat="8.989102" lon="-79.545730">
        <time>2026-09-09T11:43:09Z</time>
      </trkpt>
      <trkpt lat="8.989105" lon="-79.545740">
        <time>2026-09-09T11:43:10Z</time>
      </trkpt>
      <trkpt lat="8.989108" lon="-79.545758">
        <time>2026-09-09T11:43:11Z</time>
      </trkpt>
      <trkpt lat="8.989112" lon="-79.545770">
        <time>2026-09-09T11:43:12Z</time>
      </trkpt>
      <trkpt lat="8.989118" lon="-79.545779">
        <time>2026-09-09T11:43:13Z</time>
      </trkpt>
      <trkpt lat="8.989122" lon="-79.545788">
        <time>2026-09-09T11:43:14Z</time>
      </trkpt>
      <trkpt lat="8.989129" lon="-79.545797">
        <time>2026-09-09T11:43:15Z</time>
      </trkpt>
      <trkpt lat="8.989137" lon="-79.545803">
        <time>2026-09-09T11:43:16Z</time>
      </trkpt>
      <trkpt lat="8.989145" lon="-79.545810">
        <time>2026-09-09T11:43:17Z</time>
      </trkpt>
      <trkpt lat="8.989156" lon="-79.545818">
        <time>2026-09-09T11:43:18Z</time>
      </trkpt>
      <trkpt lat="8.989163" lon="-79.545825">
        <time>2026-09-09T11:43:19Z</time>
      </trkpt>
      <trkpt lat="8.989172" lon="-79.545833">
        <time>2026-09-09T11:43:20Z</time>
      </trkpt>
      <trkpt lat="8.989183" lon="-79.545842">
        <time>2026-09-09T11:43:21Z</time>
      </trkpt>
      <trkpt lat="8.989194" lon="-79.545851">
        <time>2026-09-09T11:43:22Z</time>
      </trkpt>
      <trkpt lat="8.989203" lon="-79.545860">
        <time>2026-09-09T11:43:23Z</time>
      </trkpt>
      <trkpt lat="8.989213" lon="-79.545866">
        <time>2026-09-09T11:43:24Z</time>
      </trkpt>
      <trkpt lat="8.989224" lon="-79.545874">
        <time>2026-09-09T11:43:25Z</time>
      </trkpt>
      <trkpt lat="8.989238" lon="-79.545883">
        <time>2026-09-09T11:43:26Z</time>
      </trkpt>
      <trkpt lat="8.989252" lon="-79.545897">
        <time>2026-09-09T11:43:27Z</time>
      </trkpt>
      <trkpt lat="8.989260" lon="-79.545909">
        <time>2026-09-09T11:43:28Z</time>
      </trkpt>
      <trkpt lat="8.989267" lon="-79.545922">
        <time>2026-09-09T11:43:29Z</time>
      </trkpt>
      <trkpt lat="8.989279" lon="-79.545935">
        <time>2026-09-09T11:43:30Z</time>
      </trkpt>
      <trkpt lat="8.989291" lon="-79.545946">
        <time>2026-09-09T11:43:31Z</time>
      </trkpt>
      <trkpt lat="8.989304" lon="-79.545954">
        <time>2026-09-09T11:43:32Z</time>
      </trkpt>
      <trkpt lat="8.989319" lon="-79.545965">
        <time>2026-09-09T11:43:33Z</time>
      </trkpt>
      <trkpt lat="8.989331" lon="-79.545971">
        <time>2026-09-09T11:43:34Z</time>
      </trkpt>
      <trkpt lat="8.989345" lon="-79.545975">
        <time>2026-09-09T11:43:35Z</time>
      </trkpt>
      <trkpt lat="8.989361" lon="-79.545980">
        <time>2026-09-09T11:43:36Z</time>
      </trkpt>
      <trkpt lat="8.989378" lon="-79.545990">
        <time>2026-09-09T11:43:37Z</time>
      </trkpt>
      <trkpt lat="8.989391" lon="-79.546002">
        <time>2026-09-09T11:43:38Z</time>
      </trkpt>
      <trkpt lat="8.989403" lon="-79.546015">
        <time>2026-09-09T11:43:39Z</time>
      </trkpt>
      <trkpt lat="8.989416" lon="-79.546028">
        <time>2026-09-09T11:43:40Z</time>
      </trkpt>
      <trkpt lat="8.989427" lon="-79.546041">
        <time>2026-09-09T11:43:41Z</time>
      </trkpt>
      <trkpt lat="8.989435" lon="-79.546056">
        <time>2026-09-09T11:43:42Z</time>
      </trkpt>
      <trkpt lat="8.989441" lon="-79.546067">
        <time>2026-09-09T11:43:43Z</time>
      </trkpt>
      <trkpt lat="8.989449" lon="-79.546079">
        <time>2026-09-09T11:43:44Z</time>
      </trkpt>
      <trkpt lat="8.989457" lon="-79.546091">
        <time>2026-09-09T11:43:45Z</time>
      </trkpt>
      <trkpt lat="8.989465" lon="-79.546101">
        <time>2026-09-09T11:43:46Z</time>
      </trkpt>
      <trkpt lat="8.989473" lon="-79.546112">
        <time>2026-09-09T11:43:47Z</time>
      </trkpt>
      <trkpt lat="8.989478" lon="-79.546127">
        <time>2026-09-09T11:43:48Z</time>
      </trkpt>
      <trkpt lat="8.989486" lon="-79.546149">
        <time>2026-09-09T11:43:49Z</time>
      </trkpt>
      <trkpt lat="8.989490" lon="-79.546173">
        <time>2026-09-09T11:43:50Z</time>
      </trkpt>
      <trkpt lat="8.989502" lon="-79.546192">
        <time>2026-09-09T11:43:51Z</time>
      </trkpt>
      <trkpt lat="8.989513" lon="-79.546213">
        <time>2026-09-09T11:43:52Z</time>
      </trkpt>
      <trkpt lat="8.989525" lon="-79.546228">
        <time>2026-09-09T11:43:53Z</time>
      </trkpt>
      <trkpt lat="8.989535" lon="-79.546241">
        <time>2026-09-09T11:43:54Z</time>
      </trkpt>
      <trkpt lat="8.989546" lon="-79.546252">
        <time>2026-09-09T11:43:55Z</time>
      </trkpt>
      <trkpt lat="8.989557" lon="-79.546261">
        <time>2026-09-09T11:43:56Z</time>
      </trkpt>
      <trkpt lat="8.989573" lon="-79.546275">
        <time>2026-09-09T11:43:57Z</time>
      </trkpt>
      <trkpt lat="8.989590" lon="-79.546293">
        <time>2026-09-09T11:43:58Z</time>
      </trkpt>
      <trkpt lat="8.989607" lon="-79.546310">
        <time>2026-09-09T11:43:59Z</time>
      </trkpt>
      <trkpt lat="8.989622" lon="-79.546330">
        <time>2026-09-09T11:44:00Z</time>
      </trkpt>
      <trkpt lat="8.989636" lon="-79.546345">
        <time>2026-09-09T11:44:01Z</time>
      </trkpt>
      <trkpt lat="8.989649" lon="-79.546358">
        <time>2026-09-09T11:44:02Z</time>
      </trkpt>
      <trkpt lat="8.989664" lon="-79.546370">
        <time>2026-09-09T11:44:03Z</time>
      </trkpt>
      <trkpt lat="8.989675" lon="-79.546378">
        <time>2026-09-09T11:44:04Z</time>
      </trkpt>
      <trkpt lat="8.989687" lon="-79.546390">
        <time>2026-09-09T11:44:05Z</time>
      </trkpt>
      <trkpt lat="8.989692" lon="-79.546408">
        <time>2026-09-09T11:44:06Z</time>
      </trkpt>
      <trkpt lat="8.989694" lon="-79.546425">
        <time>2026-09-09T11:44:07Z</time>
      </trkpt>
      <trkpt lat="8.989691" lon="-79.546437">
        <time>2026-09-09T11:44:08Z</time>
      </trkpt>
      <trkpt lat="8.989688" lon="-79.546448">
        <time>2026-09-09T11:44:09Z</time>
      </trkpt>
      <trkpt lat="8.989684" lon="-79.546462">
        <time>2026-09-09T11:44:10Z</time>
      </trkpt>
      <trkpt lat="8.989677" lon="-79.546470">
        <time>2026-09-09T11:44:11Z</time>
      </trkpt>
      <trkpt lat="8.989671" lon="-79.546478">
        <time>2026-09-09T11:44:12Z</time>
      </trkpt>
      <trkpt lat="8.989664" lon="-79.546485">
        <time>2026-09-09T11:44:13Z</time>
      </trkpt>
      <trkpt lat="8.989655" lon="-79.546501">
        <time>2026-09-09T11:44:14Z</time>
      </trkpt>
      <trkpt lat="8.989646" lon="-79.546514">
        <time>2026-09-09T11:44:15Z</time>
      </trkpt>
      <trkpt lat="8.989640" lon="-79.546521">
        <time>2026-09-09T11:44:16Z</time>
      </trkpt>
      <trkpt lat="8.989634" lon="-79.546526">
        <time>2026-09-09T11:44:17Z</time>
      </trkpt>
      <trkpt lat="8.989626" lon="-79.546527">
        <time>2026-09-09T11:44:18Z</time>
      </trkpt>
      <trkpt lat="8.989617" lon="-79.546528">
        <time>2026-09-09T11:44:19Z</time>
      </trkpt>
      <trkpt lat="8.989609" lon="-79.546528">
        <time>2026-09-09T11:44:20Z</time>
      </trkpt>
      <trkpt lat="8.989603" lon="-79.546523">
        <time>2026-09-09T11:44:21Z</time>
      </trkpt>
      <trkpt lat="8.989593" lon="-79.546517">
        <time>2026-09-09T11:44:22Z</time>
      </trkpt>
      <trkpt lat="8.989581" lon="-79.546512">
        <time>2026-09-09T11:44:23Z</time>
      </trkpt>
      <trkpt lat="8.989581" lon="-79.546499">
        <time>2026-09-09T11:44:24Z</time>
      </trkpt>
      <trkpt lat="8.989570" lon="-79.546493">
        <time>2026-09-09T11:44:25Z</time>
      </trkpt>
      <trkpt lat="8.989562" lon="-79.546487">
        <time>2026-09-09T11:44:26Z</time>
      </trkpt>
      <trkpt lat="8.989554" lon="-79.546484">
        <time>2026-09-09T11:44:27Z</time>
      </trkpt>
      <trkpt lat="8.989545" lon="-79.546483">
        <time>2026-09-09T11:44:28Z</time>
      </trkpt>
      <trkpt lat="8.989536" lon="-79.546480">
        <time>2026-09-09T11:44:29Z</time>
      </trkpt>
      <trkpt lat="8.989525" lon="-79.546479">
        <time>2026-09-09T11:44:30Z</time>
      </trkpt>
      <trkpt lat="8.989516" lon="-79.546477">
        <time>2026-09-09T11:44:31Z</time>
      </trkpt>
      <trkpt lat="8.989505" lon="-79.546477">
        <time>2026-09-09T11:44:32Z</time>
      </trkpt>
      <trkpt lat="8.989496" lon="-79.546479">
        <time>2026-09-09T11:44:33Z</time>
      </trkpt>
      <trkpt lat="8.989486" lon="-79.546479">
        <time>2026-09-09T11:44:34Z</time>
      </trkpt>
      <trkpt lat="8.989478" lon="-79.546480">
        <time>2026-09-09T11:44:35Z</time>
      </trkpt>
      <trkpt lat="8.989469" lon="-79.546482">
        <time>2026-09-09T11:44:36Z</time>
      </trkpt>
      <trkpt lat="8.989462" lon="-79.546487">
        <time>2026-09-09T11:44:37Z</time>
      </trkpt>
      <trkpt lat="8.989455" lon="-79.546488">
        <time>2026-09-09T11:44:38Z</time>
      </trkpt>
      <trkpt lat="8.989445" lon="-79.546492">
        <time>2026-09-09T11:44:39Z</time>
      </trkpt>
      <trkpt lat="8.989435" lon="-79.546497">
        <time>2026-09-09T11:44:40Z</time>
      </trkpt>
      <trkpt lat="8.989429" lon="-79.546500">
        <time>2026-09-09T11:44:41Z</time>
      </trkpt>
      <trkpt lat="8.989424" lon="-79.546502">
        <time>2026-09-09T11:44:42Z</time>
      </trkpt>
      <trkpt lat="8.989417" lon="-79.546505">
        <time>2026-09-09T11:44:43Z</time>
      </trkpt>
      <trkpt lat="8.989410" lon="-79.546510">
        <time>2026-09-09T11:44:44Z</time>
      </trkpt>
      <trkpt lat="8.989402" lon="-79.546516">
        <time>2026-09-09T11:44:45Z</time>
      </trkpt>
      <trkpt lat="8.989395" lon="-79.546522">
        <time>2026-09-09T11:44:46Z</time>
      </trkpt>
      <trkpt lat="8.989381" lon="-79.546533">
        <time>2026-09-09T11:44:47Z</time>
      </trkpt>
      <trkpt lat="8.989371" lon="-79.546543">
        <time>2026-09-09T11:44:48Z</time>
      </trkpt>
      <trkpt lat="8.989360" lon="-79.546553">
        <time>2026-09-09T11:44:49Z</time>
      </trkpt>
      <trkpt lat="8.989354" lon="-79.546560">
        <time>2026-09-09T11:44:50Z</time>
      </trkpt>
      <trkpt lat="8.989346" lon="-79.546563">
        <time>2026-09-09T11:44:51Z</time>
      </trkpt>
      <trkpt lat="8.989342" lon="-79.546567">
        <time>2026-09-09T11:44:52Z</time>
      </trkpt>
      <trkpt lat="8.989335" lon="-79.546565">
        <time>2026-09-09T11:44:53Z</time>
      </trkpt>
      <trkpt lat="8.989330" lon="-79.546563">
        <time>2026-09-09T11:44:54Z</time>
      </trkpt>
      <trkpt lat="8.989328" lon="-79.546563">
        <time>2026-09-09T11:44:55Z</time>
      </trkpt>
      <trkpt lat="8.989322" lon="-79.546563">
        <time>2026-09-09T11:44:56Z</time>
      </trkpt>
      <trkpt lat="8.989316" lon="-79.546561">
        <time>2026-09-09T11:44:57Z</time>
      </trkpt>
      <trkpt lat="8.989313" lon="-79.546560">
        <time>2026-09-09T11:44:58Z</time>
      </trkpt>
      <trkpt lat="8.989306" lon="-79.546558">
        <time>2026-09-09T11:44:59Z</time>
      </trkpt>
      <trkpt lat="8.989303" lon="-79.546553">
        <time>2026-09-09T11:45:00Z</time>
      </trkpt>
      <trkpt lat="8.989302" lon="-79.546550">
        <time>2026-09-09T11:45:01Z</time>
      </trkpt>
      <trkpt lat="8.989296" lon="-79.546550">
        <time>2026-09-09T11:45:02Z</time>
      </trkpt>
      <trkpt lat="8.989289" lon="-79.546546">
        <time>2026-09-09T11:45:03Z</time>
      </trkpt>
      <trkpt lat="8.989284" lon="-79.546542">
        <time>2026-09-09T11:45:04Z</time>
      </trkpt>
      <trkpt lat="8.989275" lon="-79.546539">
        <time>2026-09-09T11:45:05Z</time>
      </trkpt>
      <trkpt lat="8.989266" lon="-79.546538">
        <time>2026-09-09T11:45:06Z</time>
      </trkpt>
      <trkpt lat="8.989257" lon="-79.546536">
        <time>2026-09-09T11:45:07Z</time>
      </trkpt>
      <trkpt lat="8.989247" lon="-79.546533">
        <time>2026-09-09T11:45:08Z</time>
      </trkpt>
      <trkpt lat="8.989232" lon="-79.546531">
        <time>2026-09-09T11:45:09Z</time>
      </trkpt>
      <trkpt lat="8.989226" lon="-79.546529">
        <time>2026-09-09T11:45:10Z</time>
      </trkpt>
      <trkpt lat="8.989223" lon="-79.546527">
        <time>2026-09-09T11:45:11Z</time>
      </trkpt>
      <trkpt lat="8.989221" lon="-79.546525">
        <time>2026-09-09T11:45:12Z</time>
      </trkpt>
      <trkpt lat="8.989215" lon="-79.546524">
        <time>2026-09-09T11:45:13Z</time>
      </trkpt>
      <trkpt lat="8.989211" lon="-79.546522">
        <time>2026-09-09T11:45:14Z</time>
      </trkpt>
      <trkpt lat="8.989206" lon="-79.546518">
        <time>2026-09-09T11:45:15Z</time>
      </trkpt>
      <trkpt lat="8.989202" lon="-79.546516">
        <time>2026-09-09T11:45:16Z</time>
      </trkpt>
      <trkpt lat="8.989200" lon="-79.546520">
        <time>2026-09-09T11:45:17Z</time>
      </trkpt>
      <trkpt lat="8.989198" lon="-79.546526">
        <time>2026-09-09T11:45:18Z</time>
      </trkpt>
      <trkpt lat="8.989196" lon="-79.546535">
        <time>2026-09-09T11:45:19Z</time>
      </trkpt>
      <trkpt lat="8.989194" lon="-79.546544">
        <time>2026-09-09T11:45:20Z</time>
      </trkpt>
      <trkpt lat="8.989191" lon="-79.546557">
        <time>2026-09-09T11:45:21Z</time>
      </trkpt>
      <trkpt lat="8.989188" lon="-79.546563">
        <time>2026-09-09T11:45:22Z</time>
      </trkpt>
      <trkpt lat="8.989184" lon="-79.546567">
        <time>2026-09-09T11:45:23Z</time>
      </trkpt>
      <trkpt lat="8.989180" lon="-79.546574">
        <time>2026-09-09T11:45:24Z</time>
      </trkpt>
      <trkpt lat="8.989174" lon="-79.546579">
        <time>2026-09-09T11:45:25Z</time>
      </trkpt>
      <trkpt lat="8.989169" lon="-79.546582">
        <time>2026-09-09T11:45:26Z</time>
      </trkpt>
      <trkpt lat="8.989158" lon="-79.546586">
        <time>2026-09-09T11:45:27Z</time>
      </trkpt>
      <trkpt lat="8.989150" lon="-79.546585">
        <time>2026-09-09T11:45:28Z</time>
      </trkpt>
      <trkpt lat="8.989140" lon="-79.546590">
        <time>2026-09-09T11:45:29Z</time>
      </trkpt>
      <trkpt lat="8.989125" lon="-79.546594">
        <time>2026-09-09T11:45:30Z</time>
      </trkpt>
      <trkpt lat="8.989112" lon="-79.546596">
        <time>2026-09-09T11:45:31Z</time>
      </trkpt>
      <trkpt lat="8.989098" lon="-79.546602">
        <time>2026-09-09T11:45:32Z</time>
      </trkpt>
      <trkpt lat="8.989087" lon="-79.546609">
        <time>2026-09-09T11:45:33Z</time>
      </trkpt>
      <trkpt lat="8.989078" lon="-79.546616">
        <time>2026-09-09T11:45:34Z</time>
      </trkpt>
      <trkpt lat="8.989069" lon="-79.546625">
        <time>2026-09-09T11:45:35Z</time>
      </trkpt>
      <trkpt lat="8.989064" lon="-79.546634">
        <time>2026-09-09T11:45:36Z</time>
      </trkpt>
      <trkpt lat="8.989056" lon="-79.546644">
        <time>2026-09-09T11:45:37Z</time>
      </trkpt>
      <trkpt lat="8.989045" lon="-79.546653">
        <time>2026-09-09T11:45:38Z</time>
      </trkpt>
      <trkpt lat="8.989032" lon="-79.546662">
        <time>2026-09-09T11:45:39Z</time>
      </trkpt>
      <trkpt lat="8.989021" lon="-79.546673">
        <time>2026-09-09T11:45:40Z</time>
      </trkpt>
      <trkpt lat="8.989012" lon="-79.546685">
        <time>2026-09-09T11:45:41Z</time>
      </trkpt>
      <trkpt lat="8.989006" lon="-79.546698">
        <time>2026-09-09T11:45:42Z</time>
      </trkpt>
      <trkpt lat="8.989003" lon="-79.546712">
        <time>2026-09-09T11:45:43Z</time>
      </trkpt>
      <trkpt lat="8.989001" lon="-79.546727">
        <time>2026-09-09T11:45:44Z</time>
      </trkpt>
      <trkpt lat="8.988997" lon="-79.546742">
        <time>2026-09-09T11:45:45Z</time>
      </trkpt>
      <trkpt lat="8.988994" lon="-79.546763">
        <time>2026-09-09T11:45:46Z</time>
      </trkpt>
      <trkpt lat="8.988987" lon="-79.546778">
        <time>2026-09-09T11:45:47Z</time>
      </trkpt>
      <trkpt lat="8.988977" lon="-79.546792">
        <time>2026-09-09T11:45:48Z</time>
      </trkpt>
      <trkpt lat="8.988966" lon="-79.546804">
        <time>2026-09-09T11:45:49Z</time>
      </trkpt>
      <trkpt lat="8.988956" lon="-79.546815">
        <time>2026-09-09T11:45:50Z</time>
      </trkpt>
      <trkpt lat="8.988944" lon="-79.546823">
        <time>2026-09-09T11:45:51Z</time>
      </trkpt>
      <trkpt lat="8.988928" lon="-79.546831">
        <time>2026-09-09T11:45:52Z</time>
      </trkpt>
      <trkpt lat="8.988913" lon="-79.546834">
        <time>2026-09-09T11:45:53Z</time>
      </trkpt>
      <trkpt lat="8.988890" lon="-79.546837">
        <time>2026-09-09T11:45:54Z</time>
      </trkpt>
      <trkpt lat="8.988865" lon="-79.546843">
        <time>2026-09-09T11:45:55Z</time>
      </trkpt>
      <trkpt lat="8.988847" lon="-79.546852">
        <time>2026-09-09T11:45:56Z</time>
      </trkpt>
      <trkpt lat="8.988827" lon="-79.546861">
        <time>2026-09-09T11:45:57Z</time>
      </trkpt>
      <trkpt lat="8.988807" lon="-79.546872">
        <time>2026-09-09T11:45:58Z</time>
      </trkpt>
      <trkpt lat="8.988789" lon="-79.546879">
        <time>2026-09-09T11:45:59Z</time>
      </trkpt>
      <trkpt lat="8.988770" lon="-79.546885">
        <time>2026-09-09T11:46:00Z</time>
      </trkpt>
      <trkpt lat="8.988748" lon="-79.546892">
        <time>2026-09-09T11:46:01Z</time>
      </trkpt>
      <trkpt lat="8.988723" lon="-79.546897">
        <time>2026-09-09T11:46:02Z</time>
      </trkpt>
      <trkpt lat="8.988701" lon="-79.546904">
        <time>2026-09-09T11:46:03Z</time>
      </trkpt>
      <trkpt lat="8.988680" lon="-79.546912">
        <time>2026-09-09T11:46:04Z</time>
      </trkpt>
      <trkpt lat="8.988663" lon="-79.546923">
        <time>2026-09-09T11:46:05Z</time>
      </trkpt>
      <trkpt lat="8.988645" lon="-79.546934">
        <time>2026-09-09T11:46:06Z</time>
      </trkpt>
      <trkpt lat="8.988628" lon="-79.546945">
        <time>2026-09-09T11:46:07Z</time>
      </trkpt>
      <trkpt lat="8.988612" lon="-79.546958">
        <time>2026-09-09T11:46:08Z</time>
      </trkpt>
      <trkpt lat="8.988599" lon="-79.546974">
        <time>2026-09-09T11:46:09Z</time>
      </trkpt>
      <trkpt lat="8.988592" lon="-79.546995">
        <time>2026-09-09T11:46:10Z</time>
      </trkpt>
      <trkpt lat="8.988586" lon="-79.547015">
        <time>2026-09-09T11:46:11Z</time>
      </trkpt>
      <trkpt lat="8.988578" lon="-79.547032">
        <time>2026-09-09T11:46:12Z</time>
      </trkpt>
      <trkpt lat="8.988571" lon="-79.547049">
        <time>2026-09-09T11:46:13Z</time>
      </trkpt>
      <trkpt lat="8.988564" lon="-79.547066">
        <time>2026-09-09T11:46:14Z</time>
      </trkpt>
      <trkpt lat="8.988562" lon="-79.547083">
        <time>2026-09-09T11:46:15Z</time>
      </trkpt>
      <trkpt lat="8.988559" lon="-79.547100">
        <time>2026-09-09T11:46:16Z</time>
      </trkpt>
      <trkpt lat="8.988556" lon="-79.547116">
        <time>2026-09-09T11:46:17Z</time>
      </trkpt>
      <trkpt lat="8.988552" lon="-79.547133">
        <time>2026-09-09T11:46:18Z</time>
      </trkpt>
      <trkpt lat="8.988549" lon="-79.547151">
        <time>2026-09-09T11:46:19Z</time>
      </trkpt>
      <trkpt lat="8.988547" lon="-79.547166">
        <time>2026-09-09T11:46:20Z</time>
      </trkpt>
      <trkpt lat="8.988547" lon="-79.547181">
        <time>2026-09-09T11:46:21Z</time>
      </trkpt>
      <trkpt lat="8.988547" lon="-79.547195">
        <time>2026-09-09T11:46:22Z</time>
      </trkpt>
      <trkpt lat="8.988548" lon="-79.547208">
        <time>2026-09-09T11:46:23Z</time>
      </trkpt>
      <trkpt lat="8.988548" lon="-79.547219">
        <time>2026-09-09T11:46:24Z</time>
      </trkpt>
      <trkpt lat="8.988549" lon="-79.547231">
        <time>2026-09-09T11:46:25Z</time>
      </trkpt>
      <trkpt lat="8.988550" lon="-79.547243">
        <time>2026-09-09T11:46:26Z</time>
      </trkpt>
      <trkpt lat="8.988550" lon="-79.547255">
        <time>2026-09-09T11:46:27Z</time>
      </trkpt>
      <trkpt lat="8.988549" lon="-79.547263">
        <time>2026-09-09T11:46:28Z</time>
      </trkpt>
      <trkpt lat="8.988542" lon="-79.547272">
        <time>2026-09-09T11:46:29Z</time>
      </trkpt>
      <trkpt lat="8.988532" lon="-79.547274">
        <time>2026-09-09T11:46:30Z</time>
      </trkpt>
      <trkpt lat="8.988518" lon="-79.547280">
        <time>2026-09-09T11:46:31Z</time>
      </trkpt>
      <trkpt lat="8.988499" lon="-79.547293">
        <time>2026-09-09T11:46:32Z</time>
      </trkpt>
      <trkpt lat="8.988482" lon="-79.547303">
        <time>2026-09-09T11:46:33Z</time>
      </trkpt>
      <trkpt lat="8.988467" lon="-79.547314">
        <time>2026-09-09T11:46:34Z</time>
      </trkpt>
      <trkpt lat="8.988454" lon="-79.547326">
        <time>2026-09-09T11:46:35Z</time>
      </trkpt>
      <trkpt lat="8.988441" lon="-79.547342">
        <time>2026-09-09T11:46:36Z</time>
      </trkpt>
      <trkpt lat="8.988434" lon="-79.547361">
        <time>2026-09-09T11:46:37Z</time>
      </trkpt>
      <trkpt lat="8.988429" lon="-79.547381">
        <time>2026-09-09T11:46:38Z</time>
      </trkpt>
      <trkpt lat="8.988427" lon="-79.547400">
        <time>2026-09-09T11:46:39Z</time>
      </trkpt>
      <trkpt lat="8.988426" lon="-79.547419">
        <time>2026-09-09T11:46:40Z</time>
      </trkpt>
      <trkpt lat="8.988426" lon="-79.547433">
        <time>2026-09-09T11:46:41Z</time>
      </trkpt>
      <trkpt lat="8.988428" lon="-79.547445">
        <time>2026-09-09T11:46:42Z</time>
      </trkpt>
      <trkpt lat="8.988429" lon="-79.547458">
        <time>2026-09-09T11:46:43Z</time>
      </trkpt>
      <trkpt lat="8.988432" lon="-79.547469">
        <time>2026-09-09T11:46:44Z</time>
      </trkpt>
      <trkpt lat="8.988433" lon="-79.547482">
        <time>2026-09-09T11:46:45Z</time>
      </trkpt>
      <trkpt lat="8.988432" lon="-79.547495">
        <time>2026-09-09T11:46:46Z</time>
      </trkpt>
      <trkpt lat="8.988431" lon="-79.547505">
        <time>2026-09-09T11:46:47Z</time>
      </trkpt>
      <trkpt lat="8.988431" lon="-79.547514">
        <time>2026-09-09T11:46:48Z</time>
      </trkpt>
      <trkpt lat="8.988432" lon="-79.547524">
        <time>2026-09-09T11:46:49Z</time>
      </trkpt>
      <trkpt lat="8.988431" lon="-79.547533">
        <time>2026-09-09T11:46:50Z</time>
      </trkpt>
      <trkpt lat="8.988431" lon="-79.547541">
        <time>2026-09-09T11:46:51Z</time>
      </trkpt>
      <trkpt lat="8.988430" lon="-79.547550">
        <time>2026-09-09T11:46:52Z</time>
      </trkpt>
      <trkpt lat="8.988435" lon="-79.547561">
        <time>2026-09-09T11:46:53Z</time>
      </trkpt>
      <trkpt lat="8.988440" lon="-79.547571">
        <time>2026-09-09T11:46:54Z</time>
      </trkpt>
      <trkpt lat="8.988442" lon="-79.547576">
        <time>2026-09-09T11:46:55Z</time>
      </trkpt>
      <trkpt lat="8.988443" lon="-79.547581">
        <time>2026-09-09T11:46:56Z</time>
      </trkpt>
      <trkpt lat="8.988437" lon="-79.547588">
        <time>2026-09-09T11:46:57Z</time>
      </trkpt>
      <trkpt lat="8.988424" lon="-79.547593">
        <time>2026-09-09T11:46:58Z</time>
      </trkpt>
      <trkpt lat="8.988412" lon="-79.547598">
        <time>2026-09-09T11:46:59Z</time>
      </trkpt>
      <trkpt lat="8.988400" lon="-79.547600">
        <time>2026-09-09T11:47:00Z</time>
      </trkpt>
      <trkpt lat="8.988389" lon="-79.547602">
        <time>2026-09-09T11:47:01Z</time>
      </trkpt>
      <trkpt lat="8.988379" lon="-79.547602">
        <time>2026-09-09T11:47:02Z</time>
      </trkpt>
      <trkpt lat="8.988369" lon="-79.547601">
        <time>2026-09-09T11:47:03Z</time>
      </trkpt>
      <trkpt lat="8.988356" lon="-79.547598">
        <time>2026-09-09T11:47:04Z</time>
      </trkpt>
      <trkpt lat="8.988342" lon="-79.547595">
        <time>2026-09-09T11:47:05Z</time>
      </trkpt>
      <trkpt lat="8.988330" lon="-79.547594">
        <time>2026-09-09T11:47:06Z</time>
      </trkpt>
      <trkpt lat="8.988316" lon="-79.547600">
        <time>2026-09-09T11:47:07Z</time>
      </trkpt>
      <trkpt lat="8.988299" lon="-79.547603">
        <time>2026-09-09T11:47:08Z</time>
      </trkpt>
      <trkpt lat="8.988283" lon="-79.547608">
        <time>2026-09-09T11:47:09Z</time>
      </trkpt>
      <trkpt lat="8.988267" lon="-79.547611">
        <time>2026-09-09T11:47:10Z</time>
      </trkpt>
      <trkpt lat="8.988252" lon="-79.547613">
        <time>2026-09-09T11:47:11Z</time>
      </trkpt>
      <trkpt lat="8.988239" lon="-79.547615">
        <time>2026-09-09T11:47:12Z</time>
      </trkpt>
      <trkpt lat="8.988224" lon="-79.547616">
        <time>2026-09-09T11:47:13Z</time>
      </trkpt>
      <trkpt lat="8.988205" lon="-79.547617">
        <time>2026-09-09T11:47:14Z</time>
      </trkpt>
      <trkpt lat="8.988188" lon="-79.547609">
        <time>2026-09-09T11:47:15Z</time>
      </trkpt>
      <trkpt lat="8.988172" lon="-79.547605">
        <time>2026-09-09T11:47:16Z</time>
      </trkpt>
      <trkpt lat="8.988156" lon="-79.547600">
        <time>2026-09-09T11:47:17Z</time>
      </trkpt>
      <trkpt lat="8.988138" lon="-79.547602">
        <time>2026-09-09T11:47:18Z</time>
      </trkpt>
      <trkpt lat="8.988121" lon="-79.547602">
        <time>2026-09-09T11:47:19Z</time>
      </trkpt>
      <trkpt lat="8.988102" lon="-79.547603">
        <time>2026-09-09T11:47:20Z</time>
      </trkpt>
      <trkpt lat="8.988081" lon="-79.547605">
        <time>2026-09-09T11:47:21Z</time>
      </trkpt>
      <trkpt lat="8.988062" lon="-79.547610">
        <time>2026-09-09T11:47:22Z</time>
      </trkpt>
      <trkpt lat="8.988039" lon="-79.547611">
        <time>2026-09-09T11:47:23Z</time>
      </trkpt>
      <trkpt lat="8.988020" lon="-79.547615">
        <time>2026-09-09T11:47:24Z</time>
      </trkpt>
      <trkpt lat="8.988002" lon="-79.547618">
        <time>2026-09-09T11:47:25Z</time>
      </trkpt>
      <trkpt lat="8.987982" lon="-79.547618">
        <time>2026-09-09T11:47:26Z</time>
      </trkpt>
      <trkpt lat="8.987961" lon="-79.547616">
        <time>2026-09-09T11:47:27Z</time>
      </trkpt>
      <trkpt lat="8.987939" lon="-79.547615">
        <time>2026-09-09T11:47:28Z</time>
      </trkpt>
      <trkpt lat="8.987918" lon="-79.547620">
        <time>2026-09-09T11:47:29Z</time>
      </trkpt>
      <trkpt lat="8.987898" lon="-79.547625">
        <time>2026-09-09T11:47:30Z</time>
      </trkpt>
      <trkpt lat="8.987881" lon="-79.547628">
        <time>2026-09-09T11:47:31Z</time>
      </trkpt>
      <trkpt lat="8.987866" lon="-79.547630">
        <time>2026-09-09T11:47:32Z</time>
      </trkpt>
      <trkpt lat="8.987851" lon="-79.547629">
        <time>2026-09-09T11:47:33Z</time>
      </trkpt>
      <trkpt lat="8.987831" lon="-79.547629">
        <time>2026-09-09T11:47:34Z</time>
      </trkpt>
      <trkpt lat="8.987812" lon="-79.547627">
        <time>2026-09-09T11:47:35Z</time>
      </trkpt>
      <trkpt lat="8.987795" lon="-79.547623">
        <time>2026-09-09T11:47:36Z</time>
      </trkpt>
      <trkpt lat="8.987781" lon="-79.547621">
        <time>2026-09-09T11:47:37Z</time>
      </trkpt>
      <trkpt lat="8.987768" lon="-79.547615">
        <time>2026-09-09T11:47:38Z</time>
      </trkpt>
      <trkpt lat="8.987755" lon="-79.547606">
        <time>2026-09-09T11:47:39Z</time>
      </trkpt>
      <trkpt lat="8.987742" lon="-79.547600">
        <time>2026-09-09T11:47:40Z</time>
      </trkpt>
      <trkpt lat="8.987725" lon="-79.547594">
        <time>2026-09-09T11:47:41Z</time>
      </trkpt>
      <trkpt lat="8.987702" lon="-79.547594">
        <time>2026-09-09T11:47:42Z</time>
      </trkpt>
      <trkpt lat="8.987679" lon="-79.547600">
        <time>2026-09-09T11:47:43Z</time>
      </trkpt>
      <trkpt lat="8.987656" lon="-79.547608">
        <time>2026-09-09T11:47:44Z</time>
      </trkpt>
      <trkpt lat="8.987633" lon="-79.547613">
        <time>2026-09-09T11:47:45Z</time>
      </trkpt>
      <trkpt lat="8.987614" lon="-79.547614">
        <time>2026-09-09T11:47:46Z</time>
      </trkpt>
      <trkpt lat="8.987595" lon="-79.547615">
        <time>2026-09-09T11:47:47Z</time>
      </trkpt>
      <trkpt lat="8.987576" lon="-79.547615">
        <time>2026-09-09T11:47:48Z</time>
      </trkpt>
      <trkpt lat="8.987554" lon="-79.547619">
        <time>2026-09-09T11:47:49Z</time>
      </trkpt>
      <trkpt lat="8.987532" lon="-79.547628">
        <time>2026-09-09T11:47:50Z</time>
      </trkpt>
      <trkpt lat="8.987514" lon="-79.547636">
        <time>2026-09-09T11:47:51Z</time>
      </trkpt>
      <trkpt lat="8.987498" lon="-79.547642">
        <time>2026-09-09T11:47:52Z</time>
      </trkpt>
      <trkpt lat="8.987480" lon="-79.547641">
        <time>2026-09-09T11:47:53Z</time>
      </trkpt>
      <trkpt lat="8.987462" lon="-79.547640">
        <time>2026-09-09T11:47:54Z</time>
      </trkpt>
      <trkpt lat="8.987445" lon="-79.547641">
        <time>2026-09-09T11:47:55Z</time>
      </trkpt>
      <trkpt lat="8.987426" lon="-79.547642">
        <time>2026-09-09T11:47:56Z</time>
      </trkpt>
      <trkpt lat="8.987410" lon="-79.547643">
        <time>2026-09-09T11:47:57Z</time>
      </trkpt>
      <trkpt lat="8.987396" lon="-79.547642">
        <time>2026-09-09T11:47:58Z</time>
      </trkpt>
      <trkpt lat="8.987381" lon="-79.547645">
        <time>2026-09-09T11:47:59Z</time>
      </trkpt>
      <trkpt lat="8.987366" lon="-79.547646">
        <time>2026-09-09T11:48:00Z</time>
      </trkpt>
      <trkpt lat="8.987349" lon="-79.547647">
        <time>2026-09-09T11:48:01Z</time>
      </trkpt>
      <trkpt lat="8.987331" lon="-79.547647">
        <time>2026-09-09T11:48:02Z</time>
      </trkpt>
      <trkpt lat="8.987314" lon="-79.547648">
        <time>2026-09-09T11:48:03Z</time>
      </trkpt>
      <trkpt lat="8.987301" lon="-79.547653">
        <time>2026-09-09T11:48:04Z</time>
      </trkpt>
      <trkpt lat="8.987285" lon="-79.547655">
        <time>2026-09-09T11:48:05Z</time>
      </trkpt>
      <trkpt lat="8.987269" lon="-79.547659">
        <time>2026-09-09T11:48:06Z</time>
      </trkpt>
      <trkpt lat="8.987250" lon="-79.547669">
        <time>2026-09-09T11:48:07Z</time>
      </trkpt>
      <trkpt lat="8.987233" lon="-79.547681">
        <time>2026-09-09T11:48:08Z</time>
      </trkpt>
      <trkpt lat="8.987214" lon="-79.547690">
        <time>2026-09-09T11:48:09Z</time>
      </trkpt>
      <trkpt lat="8.987193" lon="-79.547700">
        <time>2026-09-09T11:48:10Z</time>
      </trkpt>
      <trkpt lat="8.987175" lon="-79.547711">
        <time>2026-09-09T11:48:11Z</time>
      </trkpt>
      <trkpt lat="8.987157" lon="-79.547723">
        <time>2026-09-09T11:48:12Z</time>
      </trkpt>
      <trkpt lat="8.987143" lon="-79.547743">
        <time>2026-09-09T11:48:13Z</time>
      </trkpt>
      <trkpt lat="8.987129" lon="-79.547761">
        <time>2026-09-09T11:48:14Z</time>
      </trkpt>
      <trkpt lat="8.987119" lon="-79.547779">
        <time>2026-09-09T11:48:15Z</time>
      </trkpt>
      <trkpt lat="8.987108" lon="-79.547796">
        <time>2026-09-09T11:48:16Z</time>
      </trkpt>
      <trkpt lat="8.987096" lon="-79.547810">
        <time>2026-09-09T11:48:17Z</time>
      </trkpt>
      <trkpt lat="8.987083" lon="-79.547817">
        <time>2026-09-09T11:48:18Z</time>
      </trkpt>
      <trkpt lat="8.987068" lon="-79.547828">
        <time>2026-09-09T11:48:19Z</time>
      </trkpt>
      <trkpt lat="8.987054" lon="-79.547837">
        <time>2026-09-09T11:48:20Z</time>
      </trkpt>
      <trkpt lat="8.987037" lon="-79.547845">
        <time>2026-09-09T11:48:21Z</time>
      </trkpt>
      <trkpt lat="8.987021" lon="-79.547847">
        <time>2026-09-09T11:48:22Z</time>
      </trkpt>
      <trkpt lat="8.987014" lon="-79.547850">
        <time>2026-09-09T11:48:23Z</time>
      </trkpt>
      <trkpt lat="8.987000" lon="-79.547846">
        <time>2026-09-09T11:48:24Z</time>
      </trkpt>
      <trkpt lat="8.986988" lon="-79.547839">
        <time>2026-09-09T11:48:25Z</time>
      </trkpt>
      <trkpt lat="8.986975" lon="-79.547833">
        <time>2026-09-09T11:48:26Z</time>
      </trkpt>
      <trkpt lat="8.986966" lon="-79.547831">
        <time>2026-09-09T11:48:27Z</time>
      </trkpt>
      <trkpt lat="8.986953" lon="-79.547826">
        <time>2026-09-09T11:48:28Z</time>
      </trkpt>
      <trkpt lat="8.986938" lon="-79.547818">
        <time>2026-09-09T11:48:29Z</time>
      </trkpt>
      <trkpt lat="8.986920" lon="-79.547810">
        <time>2026-09-09T11:48:30Z</time>
      </trkpt>
      <trkpt lat="8.986899" lon="-79.547804">
        <time>2026-09-09T11:48:31Z</time>
      </trkpt>
      <trkpt lat="8.986880" lon="-79.547799">
        <time>2026-09-09T11:48:32Z</time>
      </trkpt>
      <trkpt lat="8.986858" lon="-79.547798">
        <time>2026-09-09T11:48:33Z</time>
      </trkpt>
      <trkpt lat="8.986835" lon="-79.547795">
        <time>2026-09-09T11:48:34Z</time>
      </trkpt>
      <trkpt lat="8.986815" lon="-79.547796">
        <time>2026-09-09T11:48:35Z</time>
      </trkpt>
      <trkpt lat="8.986793" lon="-79.547797">
        <time>2026-09-09T11:48:36Z</time>
      </trkpt>
      <trkpt lat="8.986778" lon="-79.547797">
        <time>2026-09-09T11:48:37Z</time>
      </trkpt>
      <trkpt lat="8.986755" lon="-79.547798">
        <time>2026-09-09T11:48:38Z</time>
      </trkpt>
      <trkpt lat="8.986735" lon="-79.547799">
        <time>2026-09-09T11:48:39Z</time>
      </trkpt>
      <trkpt lat="8.986715" lon="-79.547802">
        <time>2026-09-09T11:48:40Z</time>
      </trkpt>
      <trkpt lat="8.986695" lon="-79.547804">
        <time>2026-09-09T11:48:41Z</time>
      </trkpt>
      <trkpt lat="8.986673" lon="-79.547805">
        <time>2026-09-09T11:48:42Z</time>
      </trkpt>
      <trkpt lat="8.986651" lon="-79.547809">
        <time>2026-09-09T11:48:43Z</time>
      </trkpt>
      <trkpt lat="8.986624" lon="-79.547813">
        <time>2026-09-09T11:48:44Z</time>
      </trkpt>
      <trkpt lat="8.986597" lon="-79.547815">
        <time>2026-09-09T11:48:45Z</time>
      </trkpt>
      <trkpt lat="8.986573" lon="-79.547813">
        <time>2026-09-09T11:48:46Z</time>
      </trkpt>
      <trkpt lat="8.986549" lon="-79.547810">
        <time>2026-09-09T11:48:47Z</time>
      </trkpt>
      <trkpt lat="8.986523" lon="-79.547810">
        <time>2026-09-09T11:48:48Z</time>
      </trkpt>
      <trkpt lat="8.986499" lon="-79.547810">
        <time>2026-09-09T11:48:49Z</time>
      </trkpt>
      <trkpt lat="8.986479" lon="-79.547806">
        <time>2026-09-09T11:48:50Z</time>
      </trkpt>
      <trkpt lat="8.986459" lon="-79.547802">
        <time>2026-09-09T11:48:51Z</time>
      </trkpt>
      <trkpt lat="8.986439" lon="-79.547797">
        <time>2026-09-09T11:48:52Z</time>
      </trkpt>
      <trkpt lat="8.986423" lon="-79.547788">
        <time>2026-09-09T11:48:53Z</time>
      </trkpt>
      <trkpt lat="8.986409" lon="-79.547777">
        <time>2026-09-09T11:48:54Z</time>
      </trkpt>
      <trkpt lat="8.986393" lon="-79.547767">
        <time>2026-09-09T11:48:55Z</time>
      </trkpt>
      <trkpt lat="8.986375" lon="-79.547759">
        <time>2026-09-09T11:48:56Z</time>
      </trkpt>
      <trkpt lat="8.986356" lon="-79.547751">
        <time>2026-09-09T11:48:57Z</time>
      </trkpt>
      <trkpt lat="8.986339" lon="-79.547740">
        <time>2026-09-09T11:48:58Z</time>
      </trkpt>
      <trkpt lat="8.986320" lon="-79.547729">
        <time>2026-09-09T11:48:59Z</time>
      </trkpt>
      <trkpt lat="8.986303" lon="-79.547718">
        <time>2026-09-09T11:49:00Z</time>
      </trkpt>
      <trkpt lat="8.986286" lon="-79.547709">
        <time>2026-09-09T11:49:01Z</time>
      </trkpt>
      <trkpt lat="8.986270" lon="-79.547699">
        <time>2026-09-09T11:49:02Z</time>
      </trkpt>
      <trkpt lat="8.986253" lon="-79.547692">
        <time>2026-09-09T11:49:03Z</time>
      </trkpt>
      <trkpt lat="8.986230" lon="-79.547693">
        <time>2026-09-09T11:49:04Z</time>
      </trkpt>
      <trkpt lat="8.986208" lon="-79.547690">
        <time>2026-09-09T11:49:05Z</time>
      </trkpt>
      <trkpt lat="8.986181" lon="-79.547689">
        <time>2026-09-09T11:49:06Z</time>
      </trkpt>
      <trkpt lat="8.986155" lon="-79.547685">
        <time>2026-09-09T11:49:07Z</time>
      </trkpt>
      <trkpt lat="8.986133" lon="-79.547681">
        <time>2026-09-09T11:49:08Z</time>
      </trkpt>
      <trkpt lat="8.986113" lon="-79.547674">
        <time>2026-09-09T11:49:09Z</time>
      </trkpt>
      <trkpt lat="8.986093" lon="-79.547660">
        <time>2026-09-09T11:49:10Z</time>
      </trkpt>
      <trkpt lat="8.986071" lon="-79.547649">
        <time>2026-09-09T11:49:11Z</time>
      </trkpt>
      <trkpt lat="8.986044" lon="-79.547640">
        <time>2026-09-09T11:49:12Z</time>
      </trkpt>
      <trkpt lat="8.986017" lon="-79.547629">
        <time>2026-09-09T11:49:13Z</time>
      </trkpt>
      <trkpt lat="8.985993" lon="-79.547614">
        <time>2026-09-09T11:49:14Z</time>
      </trkpt>
      <trkpt lat="8.985969" lon="-79.547603">
        <time>2026-09-09T11:49:15Z</time>
      </trkpt>
      <trkpt lat="8.985944" lon="-79.547592">
        <time>2026-09-09T11:49:16Z</time>
      </trkpt>
      <trkpt lat="8.985923" lon="-79.547585">
        <time>2026-09-09T11:49:17Z</time>
      </trkpt>
      <trkpt lat="8.985904" lon="-79.547571">
        <time>2026-09-09T11:49:18Z</time>
      </trkpt>
      <trkpt lat="8.985889" lon="-79.547549">
        <time>2026-09-09T11:49:19Z</time>
      </trkpt>
      <trkpt lat="8.985873" lon="-79.547522">
        <time>2026-09-09T11:49:20Z</time>
      </trkpt>
      <trkpt lat="8.985859" lon="-79.547494">
        <time>2026-09-09T11:49:21Z</time>
      </trkpt>
      <trkpt lat="8.985850" lon="-79.547465">
        <time>2026-09-09T11:49:22Z</time>
      </trkpt>
      <trkpt lat="8.985847" lon="-79.547434">
        <time>2026-09-09T11:49:23Z</time>
      </trkpt>
      <trkpt lat="8.985852" lon="-79.547412">
        <time>2026-09-09T11:49:24Z</time>
      </trkpt>
      <trkpt lat="8.985864" lon="-79.547395">
        <time>2026-09-09T11:49:25Z</time>
      </trkpt>
      <trkpt lat="8.985881" lon="-79.547378">
        <time>2026-09-09T11:49:26Z</time>
      </trkpt>
      <trkpt lat="8.985896" lon="-79.547363">
        <time>2026-09-09T11:49:27Z</time>
      </trkpt>
      <trkpt lat="8.985912" lon="-79.547350">
        <time>2026-09-09T11:49:28Z</time>
      </trkpt>
      <trkpt lat="8.985931" lon="-79.547336">
        <time>2026-09-09T11:49:29Z</time>
      </trkpt>
      <trkpt lat="8.985949" lon="-79.547322">
        <time>2026-09-09T11:49:30Z</time>
      </trkpt>
      <trkpt lat="8.985970" lon="-79.547306">
        <time>2026-09-09T11:49:31Z</time>
      </trkpt>
      <trkpt lat="8.985990" lon="-79.547290">
        <time>2026-09-09T11:49:32Z</time>
      </trkpt>
      <trkpt lat="8.986008" lon="-79.547278">
        <time>2026-09-09T11:49:33Z</time>
      </trkpt>
      <trkpt lat="8.986029" lon="-79.547262">
        <time>2026-09-09T11:49:34Z</time>
      </trkpt>
      <trkpt lat="8.986048" lon="-79.547249">
        <time>2026-09-09T11:49:35Z</time>
      </trkpt>
      <trkpt lat="8.986069" lon="-79.547236">
        <time>2026-09-09T11:49:36Z</time>
      </trkpt>
      <trkpt lat="8.986089" lon="-79.547223">
        <time>2026-09-09T11:49:37Z</time>
      </trkpt>
      <trkpt lat="8.986108" lon="-79.547212">
        <time>2026-09-09T11:49:38Z</time>
      </trkpt>
      <trkpt lat="8.986129" lon="-79.547202">
        <time>2026-09-09T11:49:39Z</time>
      </trkpt>
      <trkpt lat="8.986147" lon="-79.547190">
        <time>2026-09-09T11:49:40Z</time>
      </trkpt>
      <trkpt lat="8.986166" lon="-79.547178">
        <time>2026-09-09T11:49:41Z</time>
      </trkpt>
      <trkpt lat="8.986186" lon="-79.547165">
        <time>2026-09-09T11:49:42Z</time>
      </trkpt>
      <trkpt lat="8.986205" lon="-79.547153">
        <time>2026-09-09T11:49:43Z</time>
      </trkpt>
      <trkpt lat="8.986225" lon="-79.547141">
        <time>2026-09-09T11:49:44Z</time>
      </trkpt>
      <trkpt lat="8.986245" lon="-79.547129">
        <time>2026-09-09T11:49:45Z</time>
      </trkpt>
      <trkpt lat="8.986266" lon="-79.547115">
        <time>2026-09-09T11:49:46Z</time>
      </trkpt>
      <trkpt lat="8.986285" lon="-79.547103">
        <time>2026-09-09T11:49:47Z</time>
      </trkpt>
      <trkpt lat="8.986305" lon="-79.547091">
        <time>2026-09-09T11:49:48Z</time>
      </trkpt>
      <trkpt lat="8.986320" lon="-79.547077">
        <time>2026-09-09T11:49:49Z</time>
      </trkpt>
      <trkpt lat="8.986324" lon="-79.547053">
        <time>2026-09-09T11:49:50Z</time>
      </trkpt>
      <trkpt lat="8.986326" lon="-79.547033">
        <time>2026-09-09T11:49:51Z</time>
      </trkpt>
      <trkpt lat="8.986329" lon="-79.547013">
        <time>2026-09-09T11:49:52Z</time>
      </trkpt>
      <trkpt lat="8.986332" lon="-79.546994">
        <time>2026-09-09T11:49:53Z</time>
      </trkpt>
      <trkpt lat="8.986334" lon="-79.546974">
        <time>2026-09-09T11:49:54Z</time>
      </trkpt>
      <trkpt lat="8.986338" lon="-79.546954">
        <time>2026-09-09T11:49:55Z</time>
      </trkpt>
      <trkpt lat="8.986343" lon="-79.546935">
        <time>2026-09-09T11:49:56Z</time>
      </trkpt>
      <trkpt lat="8.986348" lon="-79.546915">
        <time>2026-09-09T11:49:57Z</time>
      </trkpt>
      <trkpt lat="8.986352" lon="-79.546894">
        <time>2026-09-09T11:49:58Z</time>
      </trkpt>
      <trkpt lat="8.986356" lon="-79.546876">
        <time>2026-09-09T11:49:59Z</time>
      </trkpt>
      <trkpt lat="8.986360" lon="-79.546855">
        <time>2026-09-09T11:50:00Z</time>
      </trkpt>
      <trkpt lat="8.986365" lon="-79.546832">
        <time>2026-09-09T11:50:01Z</time>
      </trkpt>
      <trkpt lat="8.986369" lon="-79.546813">
        <time>2026-09-09T11:50:02Z</time>
      </trkpt>
      <trkpt lat="8.986373" lon="-79.546793">
        <time>2026-09-09T11:50:03Z</time>
      </trkpt>
      <trkpt lat="8.986372" lon="-79.546772">
        <time>2026-09-09T11:50:04Z</time>
      </trkpt>
      <trkpt lat="8.986370" lon="-79.546752">
        <time>2026-09-09T11:50:05Z</time>
      </trkpt>
      <trkpt lat="8.986371" lon="-79.546732">
        <time>2026-09-09T11:50:06Z</time>
      </trkpt>
      <trkpt lat="8.986375" lon="-79.546714">
        <time>2026-09-09T11:50:07Z</time>
      </trkpt>
      <trkpt lat="8.986385" lon="-79.546699">
        <time>2026-09-09T11:50:08Z</time>
      </trkpt>
      <trkpt lat="8.986397" lon="-79.546681">
        <time>2026-09-09T11:50:09Z</time>
      </trkpt>
      <trkpt lat="8.986413" lon="-79.546666">
        <time>2026-09-09T11:50:10Z</time>
      </trkpt>
      <trkpt lat="8.986427" lon="-79.546646">
        <time>2026-09-09T11:50:11Z</time>
      </trkpt>
      <trkpt lat="8.986442" lon="-79.546631">
        <time>2026-09-09T11:50:12Z</time>
      </trkpt>
      <trkpt lat="8.986456" lon="-79.546615">
        <time>2026-09-09T11:50:13Z</time>
      </trkpt>
      <trkpt lat="8.986472" lon="-79.546600">
        <time>2026-09-09T11:50:14Z</time>
      </trkpt>
      <trkpt lat="8.986490" lon="-79.546586">
        <time>2026-09-09T11:50:15Z</time>
      </trkpt>
      <trkpt lat="8.986505" lon="-79.546571">
        <time>2026-09-09T11:50:16Z</time>
      </trkpt>
      <trkpt lat="8.986517" lon="-79.546556">
        <time>2026-09-09T11:50:17Z</time>
      </trkpt>
      <trkpt lat="8.986533" lon="-79.546544">
        <time>2026-09-09T11:50:18Z</time>
      </trkpt>
      <trkpt lat="8.986545" lon="-79.546529">
        <time>2026-09-09T11:50:19Z</time>
      </trkpt>
      <trkpt lat="8.986555" lon="-79.546513">
        <time>2026-09-09T11:50:20Z</time>
      </trkpt>
      <trkpt lat="8.986562" lon="-79.546494">
        <time>2026-09-09T11:50:21Z</time>
      </trkpt>
      <trkpt lat="8.986573" lon="-79.546474">
        <time>2026-09-09T11:50:22Z</time>
      </trkpt>
      <trkpt lat="8.986589" lon="-79.546461">
        <time>2026-09-09T11:50:23Z</time>
      </trkpt>
      <trkpt lat="8.986604" lon="-79.546450">
        <time>2026-09-09T11:50:24Z</time>
      </trkpt>
      <trkpt lat="8.986621" lon="-79.546440">
        <time>2026-09-09T11:50:25Z</time>
      </trkpt>
      <trkpt lat="8.986638" lon="-79.546432">
        <time>2026-09-09T11:50:26Z</time>
      </trkpt>
      <trkpt lat="8.986656" lon="-79.546425">
        <time>2026-09-09T11:50:27Z</time>
      </trkpt>
      <trkpt lat="8.986673" lon="-79.546417">
        <time>2026-09-09T11:50:28Z</time>
      </trkpt>
      <trkpt lat="8.986689" lon="-79.546409">
        <time>2026-09-09T11:50:29Z</time>
      </trkpt>
      <trkpt lat="8.986705" lon="-79.546402">
        <time>2026-09-09T11:50:30Z</time>
      </trkpt>
      <trkpt lat="8.986721" lon="-79.546394">
        <time>2026-09-09T11:50:31Z</time>
      </trkpt>
      <trkpt lat="8.986738" lon="-79.546386">
        <time>2026-09-09T11:50:32Z</time>
      </trkpt>
      <trkpt lat="8.986759" lon="-79.546381">
        <time>2026-09-09T11:50:33Z</time>
      </trkpt>
      <trkpt lat="8.986777" lon="-79.546378">
        <time>2026-09-09T11:50:34Z</time>
      </trkpt>
      <trkpt lat="8.986797" lon="-79.546372">
        <time>2026-09-09T11:50:35Z</time>
      </trkpt>
      <trkpt lat="8.986810" lon="-79.546369">
        <time>2026-09-09T11:50:36Z</time>
      </trkpt>
      <trkpt lat="8.986826" lon="-79.546361">
        <time>2026-09-09T11:50:37Z</time>
      </trkpt>
      <trkpt lat="8.986838" lon="-79.546346">
        <time>2026-09-09T11:50:38Z</time>
      </trkpt>
      <trkpt lat="8.986846" lon="-79.546323">
        <time>2026-09-09T11:50:39Z</time>
      </trkpt>
      <trkpt lat="8.986850" lon="-79.546303">
        <time>2026-09-09T11:50:40Z</time>
      </trkpt>
      <trkpt lat="8.986858" lon="-79.546279">
        <time>2026-09-09T11:50:41Z</time>
      </trkpt>
      <trkpt lat="8.986866" lon="-79.546256">
        <time>2026-09-09T11:50:42Z</time>
      </trkpt>
      <trkpt lat="8.986878" lon="-79.546236">
        <time>2026-09-09T11:50:43Z</time>
      </trkpt>
      <trkpt lat="8.986893" lon="-79.546217">
        <time>2026-09-09T11:50:44Z</time>
      </trkpt>
      <trkpt lat="8.986908" lon="-79.546199">
        <time>2026-09-09T11:50:45Z</time>
      </trkpt>
      <trkpt lat="8.986922" lon="-79.546184">
        <time>2026-09-09T11:50:46Z</time>
      </trkpt>
      <trkpt lat="8.986939" lon="-79.546171">
        <time>2026-09-09T11:50:47Z</time>
      </trkpt>
      <trkpt lat="8.986957" lon="-79.546160">
        <time>2026-09-09T11:50:48Z</time>
      </trkpt>
      <trkpt lat="8.986976" lon="-79.546150">
        <time>2026-09-09T11:50:49Z</time>
      </trkpt>
      <trkpt lat="8.986993" lon="-79.546141">
        <time>2026-09-09T11:50:50Z</time>
      </trkpt>
      <trkpt lat="8.987010" lon="-79.546132">
        <time>2026-09-09T11:50:51Z</time>
      </trkpt>
      <trkpt lat="8.987026" lon="-79.546126">
        <time>2026-09-09T11:50:52Z</time>
      </trkpt>
      <trkpt lat="8.987044" lon="-79.546119">
        <time>2026-09-09T11:50:53Z</time>
      </trkpt>
      <trkpt lat="8.987062" lon="-79.546113">
        <time>2026-09-09T11:50:54Z</time>
      </trkpt>
      <trkpt lat="8.987078" lon="-79.546112">
        <time>2026-09-09T11:50:55Z</time>
      </trkpt>
      <trkpt lat="8.987094" lon="-79.546113">
        <time>2026-09-09T11:50:56Z</time>
      </trkpt>
      <trkpt lat="8.987109" lon="-79.546112">
        <time>2026-09-09T11:50:57Z</time>
      </trkpt>
      <trkpt lat="8.987127" lon="-79.546107">
        <time>2026-09-09T11:50:58Z</time>
      </trkpt>
      <trkpt lat="8.987144" lon="-79.546100">
        <time>2026-09-09T11:50:59Z</time>
      </trkpt>
      <trkpt lat="8.987162" lon="-79.546092">
        <time>2026-09-09T11:51:00Z</time>
      </trkpt>
      <trkpt lat="8.987181" lon="-79.546081">
        <time>2026-09-09T11:51:01Z</time>
      </trkpt>
      <trkpt lat="8.987197" lon="-79.546064">
        <time>2026-09-09T11:51:02Z</time>
      </trkpt>
      <trkpt lat="8.987213" lon="-79.546046">
        <time>2026-09-09T11:51:03Z</time>
      </trkpt>
      <trkpt lat="8.987229" lon="-79.546031">
        <time>2026-09-09T11:51:04Z</time>
      </trkpt>
      <trkpt lat="8.987245" lon="-79.546017">
        <time>2026-09-09T11:51:05Z</time>
      </trkpt>
      <trkpt lat="8.987264" lon="-79.546004">
        <time>2026-09-09T11:51:06Z</time>
      </trkpt>
      <trkpt lat="8.987283" lon="-79.545991">
        <time>2026-09-09T11:51:07Z</time>
      </trkpt>
      <trkpt lat="8.987303" lon="-79.545987">
        <time>2026-09-09T11:51:08Z</time>
      </trkpt>
      <trkpt lat="8.987323" lon="-79.545976">
        <time>2026-09-09T11:51:09Z</time>
      </trkpt>
      <trkpt lat="8.987342" lon="-79.545965">
        <time>2026-09-09T11:51:10Z</time>
      </trkpt>
      <trkpt lat="8.987360" lon="-79.545952">
        <time>2026-09-09T11:51:11Z</time>
      </trkpt>
      <trkpt lat="8.987377" lon="-79.545939">
        <time>2026-09-09T11:51:12Z</time>
      </trkpt>
      <trkpt lat="8.987393" lon="-79.545925">
        <time>2026-09-09T11:51:13Z</time>
      </trkpt>
      <trkpt lat="8.987409" lon="-79.545908">
        <time>2026-09-09T11:51:14Z</time>
      </trkpt>
      <trkpt lat="8.987425" lon="-79.545893">
        <time>2026-09-09T11:51:15Z</time>
      </trkpt>
      <trkpt lat="8.987440" lon="-79.545878">
        <time>2026-09-09T11:51:16Z</time>
      </trkpt>
      <trkpt lat="8.987458" lon="-79.545861">
        <time>2026-09-09T11:51:17Z</time>
      </trkpt>
      <trkpt lat="8.987476" lon="-79.545847">
        <time>2026-09-09T11:51:18Z</time>
      </trkpt>
      <trkpt lat="8.987492" lon="-79.545832">
        <time>2026-09-09T11:51:19Z</time>
      </trkpt>
      <trkpt lat="8.987511" lon="-79.545814">
        <time>2026-09-09T11:51:20Z</time>
      </trkpt>
      <trkpt lat="8.987532" lon="-79.545800">
        <time>2026-09-09T11:51:21Z</time>
      </trkpt>
      <trkpt lat="8.987549" lon="-79.545787">
        <time>2026-09-09T11:51:22Z</time>
      </trkpt>
      <trkpt lat="8.987564" lon="-79.545773">
        <time>2026-09-09T11:51:23Z</time>
      </trkpt>
      <trkpt lat="8.987581" lon="-79.545761">
        <time>2026-09-09T11:51:24Z</time>
      </trkpt>
      <trkpt lat="8.987598" lon="-79.545750">
        <time>2026-09-09T11:51:25Z</time>
      </trkpt>
      <trkpt lat="8.987614" lon="-79.545740">
        <time>2026-09-09T11:51:26Z</time>
      </trkpt>
      <trkpt lat="8.987630" lon="-79.545731">
        <time>2026-09-09T11:51:27Z</time>
      </trkpt>
      <trkpt lat="8.987649" lon="-79.545720">
        <time>2026-09-09T11:51:28Z</time>
      </trkpt>
      <trkpt lat="8.987668" lon="-79.545709">
        <time>2026-09-09T11:51:29Z</time>
      </trkpt>
      <trkpt lat="8.987686" lon="-79.545699">
        <time>2026-09-09T11:51:30Z</time>
      </trkpt>
      <trkpt lat="8.987705" lon="-79.545688">
        <time>2026-09-09T11:51:31Z</time>
      </trkpt>
      <trkpt lat="8.987723" lon="-79.545676">
        <time>2026-09-09T11:51:32Z</time>
      </trkpt>
      <trkpt lat="8.987741" lon="-79.545664">
        <time>2026-09-09T11:51:33Z</time>
      </trkpt>
      <trkpt lat="8.987760" lon="-79.545652">
        <time>2026-09-09T11:51:34Z</time>
      </trkpt>
      <trkpt lat="8.987775" lon="-79.545632">
        <time>2026-09-09T11:51:35Z</time>
      </trkpt>
      <trkpt lat="8.987793" lon="-79.545622">
        <time>2026-09-09T11:51:36Z</time>
      </trkpt>
      <trkpt lat="8.987812" lon="-79.545610">
        <time>2026-09-09T11:51:37Z</time>
      </trkpt>
      <trkpt lat="8.987832" lon="-79.545601">
        <time>2026-09-09T11:51:38Z</time>
      </trkpt>
      <trkpt lat="8.987850" lon="-79.545591">
        <time>2026-09-09T11:51:39Z</time>
      </trkpt>
      <trkpt lat="8.987869" lon="-79.545580">
        <time>2026-09-09T11:51:40Z</time>
      </trkpt>
      <trkpt lat="8.987888" lon="-79.545568">
        <time>2026-09-09T11:51:41Z</time>
      </trkpt>
      <trkpt lat="8.987907" lon="-79.545556">
        <time>2026-09-09T11:51:42Z</time>
      </trkpt>
      <trkpt lat="8.987925" lon="-79.545546">
        <time>2026-09-09T11:51:43Z</time>
      </trkpt>
      <trkpt lat="8.987944" lon="-79.545535">
        <time>2026-09-09T11:51:44Z</time>
      </trkpt>
      <trkpt lat="8.987964" lon="-79.545522">
        <time>2026-09-09T11:51:45Z</time>
      </trkpt>
      <trkpt lat="8.987985" lon="-79.545511">
        <time>2026-09-09T11:51:46Z</time>
      </trkpt>
      <trkpt lat="8.988005" lon="-79.545503">
        <time>2026-09-09T11:51:47Z</time>
      </trkpt>
      <trkpt lat="8.988027" lon="-79.545492">
        <time>2026-09-09T11:51:48Z</time>
      </trkpt>
      <trkpt lat="8.988045" lon="-79.545483">
        <time>2026-09-09T11:51:49Z</time>
      </trkpt>
      <trkpt lat="8.988064" lon="-79.545474">
        <time>2026-09-09T11:51:50Z</time>
      </trkpt>
      <trkpt lat="8.988084" lon="-79.545461">
        <time>2026-09-09T11:51:51Z</time>
      </trkpt>
      <trkpt lat="8.988104" lon="-79.545453">
        <time>2026-09-09T11:51:52Z</time>
      </trkpt>
      <trkpt lat="8.988124" lon="-79.545443">
        <time>2026-09-09T11:51:53Z</time>
      </trkpt>
      <trkpt lat="8.988143" lon="-79.545430">
        <time>2026-09-09T11:51:54Z</time>
      </trkpt>
      <trkpt lat="8.988160" lon="-79.545421">
        <time>2026-09-09T11:51:55Z</time>
      </trkpt>
      <trkpt lat="8.988180" lon="-79.545410">
        <time>2026-09-09T11:51:56Z</time>
      </trkpt>
      <trkpt lat="8.988199" lon="-79.545398">
        <time>2026-09-09T11:51:57Z</time>
      </trkpt>
      <trkpt lat="8.988218" lon="-79.545390">
        <time>2026-09-09T11:51:58Z</time>
      </trkpt>
      <trkpt lat="8.988239" lon="-79.545382">
        <time>2026-09-09T11:51:59Z</time>
      </trkpt>
      <trkpt lat="8.988258" lon="-79.545374">
        <time>2026-09-09T11:52:00Z</time>
      </trkpt>
      <trkpt lat="8.988275" lon="-79.545365">
        <time>2026-09-09T11:52:01Z</time>
      </trkpt>
      <trkpt lat="8.988294" lon="-79.545350">
        <time>2026-09-09T11:52:02Z</time>
      </trkpt>
      <trkpt lat="8.988312" lon="-79.545339">
        <time>2026-09-09T11:52:03Z</time>
      </trkpt>
      <trkpt lat="8.988329" lon="-79.545329">
        <time>2026-09-09T11:52:04Z</time>
      </trkpt>
      <trkpt lat="8.988349" lon="-79.545319">
        <time>2026-09-09T11:52:05Z</time>
      </trkpt>
      <trkpt lat="8.988367" lon="-79.545308">
        <time>2026-09-09T11:52:06Z</time>
      </trkpt>
      <trkpt lat="8.988382" lon="-79.545293">
        <time>2026-09-09T11:52:07Z</time>
      </trkpt>
      <trkpt lat="8.988399" lon="-79.545280">
        <time>2026-09-09T11:52:08Z</time>
      </trkpt>
      <trkpt lat="8.988418" lon="-79.545266">
        <time>2026-09-09T11:52:09Z</time>
      </trkpt>
      <trkpt lat="8.988437" lon="-79.545255">
        <time>2026-09-09T11:52:10Z</time>
      </trkpt>
      <trkpt lat="8.988453" lon="-79.545243">
        <time>2026-09-09T11:52:11Z</time>
      </trkpt>
      <trkpt lat="8.988469" lon="-79.545233">
        <time>2026-09-09T11:52:12Z</time>
      </trkpt>
      <trkpt lat="8.988486" lon="-79.545222">
        <time>2026-09-09T11:52:13Z</time>
      </trkpt>
      <trkpt lat="8.988504" lon="-79.545213">
        <time>2026-09-09T11:52:14Z</time>
      </trkpt>
      <trkpt lat="8.988522" lon="-79.545205">
        <time>2026-09-09T11:52:15Z</time>
      </trkpt>
      <trkpt lat="8.988543" lon="-79.545196">
        <time>2026-09-09T11:52:16Z</time>
      </trkpt>
      <trkpt lat="8.988564" lon="-79.545188">
        <time>2026-09-09T11:52:17Z</time>
      </trkpt>
      <trkpt lat="8.988585" lon="-79.545185">
        <time>2026-09-09T11:52:18Z</time>
      </trkpt>
      <trkpt lat="8.988605" lon="-79.545183">
        <time>2026-09-09T11:52:19Z</time>
      </trkpt>
      <trkpt lat="8.988624" lon="-79.545182">
        <time>2026-09-09T11:52:20Z</time>
      </trkpt>
      <trkpt lat="8.988642" lon="-79.545191">
        <time>2026-09-09T11:52:21Z</time>
      </trkpt>
      <trkpt lat="8.988660" lon="-79.545198">
        <time>2026-09-09T11:52:22Z</time>
      </trkpt>
      <trkpt lat="8.988680" lon="-79.545201">
        <time>2026-09-09T11:52:23Z</time>
      </trkpt>
      <trkpt lat="8.988700" lon="-79.545200">
        <time>2026-09-09T11:52:24Z</time>
      </trkpt>
      <trkpt lat="8.988721" lon="-79.545199">
        <time>2026-09-09T11:52:25Z</time>
      </trkpt>
      <trkpt lat="8.988742" lon="-79.545196">
        <time>2026-09-09T11:52:26Z</time>
      </trkpt>
      <trkpt lat="8.988760" lon="-79.545192">
        <time>2026-09-09T11:52:27Z</time>
      </trkpt>
      <trkpt lat="8.988780" lon="-79.545190">
        <time>2026-09-09T11:52:28Z</time>
      </trkpt>
      <trkpt lat="8.988799" lon="-79.545187">
        <time>2026-09-09T11:52:29Z</time>
      </trkpt>
      <trkpt lat="8.988819" lon="-79.545183">
        <time>2026-09-09T11:52:30Z</time>
      </trkpt>
      <trkpt lat="8.988834" lon="-79.545173">
        <time>2026-09-09T11:52:31Z</time>
      </trkpt>
      <trkpt lat="8.988853" lon="-79.545164">
        <time>2026-09-09T11:52:32Z</time>
      </trkpt>
      <trkpt lat="8.988869" lon="-79.545155">
        <time>2026-09-09T11:52:33Z</time>
      </trkpt>
      <trkpt lat="8.988884" lon="-79.545139">
        <time>2026-09-09T11:52:34Z</time>
      </trkpt>
      <trkpt lat="8.988899" lon="-79.545124">
        <time>2026-09-09T11:52:35Z</time>
      </trkpt>
      <trkpt lat="8.988911" lon="-79.545106">
        <time>2026-09-09T11:52:36Z</time>
      </trkpt>
      <trkpt lat="8.988924" lon="-79.545095">
        <time>2026-09-09T11:52:37Z</time>
      </trkpt>
      <trkpt lat="8.988936" lon="-79.545086">
        <time>2026-09-09T11:52:38Z</time>
      </trkpt>
      <trkpt lat="8.988946" lon="-79.545082">
        <time>2026-09-09T11:52:39Z</time>
      </trkpt>
      <trkpt lat="8.988957" lon="-79.545079">
        <time>2026-09-09T11:52:40Z</time>
      </trkpt>
      <trkpt lat="8.988969" lon="-79.545079">
        <time>2026-09-09T11:52:41Z</time>
      </trkpt>
      <trkpt lat="8.988981" lon="-79.545082">
        <time>2026-09-09T11:52:42Z</time>
      </trkpt>
      <trkpt lat="8.988992" lon="-79.545081">
        <time>2026-09-09T11:52:43Z</time>
      </trkpt>
      <trkpt lat="8.989004" lon="-79.545080">
        <time>2026-09-09T11:52:44Z</time>
      </trkpt>
      <trkpt lat="8.989017" lon="-79.545079">
        <time>2026-09-09T11:52:45Z</time>
      </trkpt>
      <trkpt lat="8.989027" lon="-79.545080">
        <time>2026-09-09T11:52:46Z</time>
      </trkpt>
      <trkpt lat="8.989040" lon="-79.545082">
        <time>2026-09-09T11:52:47Z</time>
      </trkpt>
      <trkpt lat="8.989057" lon="-79.545082">
        <time>2026-09-09T11:52:48Z</time>
      </trkpt>
      <trkpt lat="8.989070" lon="-79.545084">
        <time>2026-09-09T11:52:49Z</time>
      </trkpt>
      <trkpt lat="8.989084" lon="-79.545089">
        <time>2026-09-09T11:52:50Z</time>
      </trkpt>
      <trkpt lat="8.989096" lon="-79.545095">
        <time>2026-09-09T11:52:51Z</time>
      </trkpt>
      <trkpt lat="8.989108" lon="-79.545102">
        <time>2026-09-09T11:52:52Z</time>
      </trkpt>
      <trkpt lat="8.989118" lon="-79.545106">
        <time>2026-09-09T11:52:53Z</time>
      </trkpt>
      <trkpt lat="8.989123" lon="-79.545119">
        <time>2026-09-09T11:52:54Z</time>
      </trkpt>
      <trkpt lat="8.989129" lon="-79.545128">
        <time>2026-09-09T11:52:55Z</time>
      </trkpt>
      <trkpt lat="8.989135" lon="-79.545136">
        <time>2026-09-09T11:52:56Z</time>
      </trkpt>
      <trkpt lat="8.989142" lon="-79.545145">
        <time>2026-09-09T11:52:57Z</time>
      </trkpt>
      <trkpt lat="8.989150" lon="-79.545155">
        <time>2026-09-09T11:52:58Z</time>
      </trkpt>
      <trkpt lat="8.989159" lon="-79.545163">
        <time>2026-09-09T11:52:59Z</time>
      </trkpt>
      <trkpt lat="8.989170" lon="-79.545167">
        <time>2026-09-09T11:53:00Z</time>
      </trkpt>
      <trkpt lat="8.989183" lon="-79.545169">
        <time>2026-09-09T11:53:01Z</time>
      </trkpt>
      <trkpt lat="8.989197" lon="-79.545171">
        <time>2026-09-09T11:53:02Z</time>
      </trkpt>
      <trkpt lat="8.989215" lon="-79.545175">
        <time>2026-09-09T11:53:03Z</time>
      </trkpt>
      <trkpt lat="8.989226" lon="-79.545177">
        <time>2026-09-09T11:53:04Z</time>
      </trkpt>
      <trkpt lat="8.989239" lon="-79.545179">
        <time>2026-09-09T11:53:05Z</time>
      </trkpt>
      <trkpt lat="8.989253" lon="-79.545176">
        <time>2026-09-09T11:53:06Z</time>
      </trkpt>
      <trkpt lat="8.989266" lon="-79.545173">
        <time>2026-09-09T11:53:07Z</time>
      </trkpt>
      <trkpt lat="8.989278" lon="-79.545172">
        <time>2026-09-09T11:53:08Z</time>
      </trkpt>
      <trkpt lat="8.989291" lon="-79.545166">
        <time>2026-09-09T11:53:09Z</time>
      </trkpt>
      <trkpt lat="8.989304" lon="-79.545157">
        <time>2026-09-09T11:53:10Z</time>
      </trkpt>
      <trkpt lat="8.989319" lon="-79.545151">
        <time>2026-09-09T11:53:11Z</time>
      </trkpt>
      <trkpt lat="8.989333" lon="-79.545145">
        <time>2026-09-09T11:53:12Z</time>
      </trkpt>
      <trkpt lat="8.989344" lon="-79.545140">
        <time>2026-09-09T11:53:13Z</time>
      </trkpt>
      <trkpt lat="8.989360" lon="-79.545127">
        <time>2026-09-09T11:53:14Z</time>
      </trkpt>
      <trkpt lat="8.989372" lon="-79.545122">
        <time>2026-09-09T11:53:15Z</time>
      </trkpt>
      <trkpt lat="8.989387" lon="-79.545117">
        <time>2026-09-09T11:53:16Z</time>
      </trkpt>
      <trkpt lat="8.989405" lon="-79.545114">
        <time>2026-09-09T11:53:17Z</time>
      </trkpt>
      <trkpt lat="8.989422" lon="-79.545110">
        <time>2026-09-09T11:53:18Z</time>
      </trkpt>
      <trkpt lat="8.989437" lon="-79.545105">
        <time>2026-09-09T11:53:19Z</time>
      </trkpt>
      <trkpt lat="8.989455" lon="-79.545102">
        <time>2026-09-09T11:53:20Z</time>
      </trkpt>
      <trkpt lat="8.989477" lon="-79.545099">
        <time>2026-09-09T11:53:21Z</time>
      </trkpt>
      <trkpt lat="8.989498" lon="-79.545098">
        <time>2026-09-09T11:53:22Z</time>
      </trkpt>
      <trkpt lat="8.989517" lon="-79.545097">
        <time>2026-09-09T11:53:23Z</time>
      </trkpt>
      <trkpt lat="8.989536" lon="-79.545095">
        <time>2026-09-09T11:53:24Z</time>
      </trkpt>
      <trkpt lat="8.989555" lon="-79.545091">
        <time>2026-09-09T11:53:25Z</time>
      </trkpt>
      <trkpt lat="8.989575" lon="-79.545086">
        <time>2026-09-09T11:53:26Z</time>
      </trkpt>
      <trkpt lat="8.989594" lon="-79.545081">
        <time>2026-09-09T11:53:27Z</time>
      </trkpt>
      <trkpt lat="8.989612" lon="-79.545076">
        <time>2026-09-09T11:53:28Z</time>
      </trkpt>
      <trkpt lat="8.989632" lon="-79.545069">
        <time>2026-09-09T11:53:29Z</time>
      </trkpt>
      <trkpt lat="8.989650" lon="-79.545063">
        <time>2026-09-09T11:53:30Z</time>
      </trkpt>
      <trkpt lat="8.989669" lon="-79.545056">
        <time>2026-09-09T11:53:31Z</time>
      </trkpt>
      <trkpt lat="8.989688" lon="-79.545046">
        <time>2026-09-09T11:53:32Z</time>
      </trkpt>
      <trkpt lat="8.989706" lon="-79.545037">
        <time>2026-09-09T11:53:33Z</time>
      </trkpt>
      <trkpt lat="8.989723" lon="-79.545028">
        <time>2026-09-09T11:53:34Z</time>
      </trkpt>
      <trkpt lat="8.989742" lon="-79.545018">
        <time>2026-09-09T11:53:35Z</time>
      </trkpt>
      <trkpt lat="8.989760" lon="-79.545011">
        <time>2026-09-09T11:53:36Z</time>
      </trkpt>
      <trkpt lat="8.989778" lon="-79.545004">
        <time>2026-09-09T11:53:37Z</time>
      </trkpt>
      <trkpt lat="8.989799" lon="-79.544996">
        <time>2026-09-09T11:53:38Z</time>
      </trkpt>
      <trkpt lat="8.989820" lon="-79.544987">
        <time>2026-09-09T11:53:39Z</time>
      </trkpt>
      <trkpt lat="8.989838" lon="-79.544978">
        <time>2026-09-09T11:53:40Z</time>
      </trkpt>
      <trkpt lat="8.989855" lon="-79.544969">
        <time>2026-09-09T11:53:41Z</time>
      </trkpt>
      <trkpt lat="8.989872" lon="-79.544959">
        <time>2026-09-09T11:53:42Z</time>
      </trkpt>
      <trkpt lat="8.989884" lon="-79.544949">
        <time>2026-09-09T11:53:43Z</time>
      </trkpt>
      <trkpt lat="8.989900" lon="-79.544932">
        <time>2026-09-09T11:53:44Z</time>
      </trkpt>
      <trkpt lat="8.989916" lon="-79.544914">
        <time>2026-09-09T11:53:45Z</time>
      </trkpt>
      <trkpt lat="8.989933" lon="-79.544896">
        <time>2026-09-09T11:53:46Z</time>
      </trkpt>
      <trkpt lat="8.989947" lon="-79.544878">
        <time>2026-09-09T11:53:47Z</time>
      </trkpt>
      <trkpt lat="8.989961" lon="-79.544863">
        <time>2026-09-09T11:53:48Z</time>
      </trkpt>
      <trkpt lat="8.989978" lon="-79.544843">
        <time>2026-09-09T11:53:49Z</time>
      </trkpt>
      <trkpt lat="8.989992" lon="-79.544824">
        <time>2026-09-09T11:53:50Z</time>
      </trkpt>
      <trkpt lat="8.990007" lon="-79.544806">
        <time>2026-09-09T11:53:51Z</time>
      </trkpt>
      <trkpt lat="8.990024" lon="-79.544788">
        <time>2026-09-09T11:53:52Z</time>
      </trkpt>
      <trkpt lat="8.990042" lon="-79.544772">
        <time>2026-09-09T11:53:53Z</time>
      </trkpt>
      <trkpt lat="8.990060" lon="-79.544759">
        <time>2026-09-09T11:53:54Z</time>
      </trkpt>
      <trkpt lat="8.990080" lon="-79.544746">
        <time>2026-09-09T11:53:55Z</time>
      </trkpt>
      <trkpt lat="8.990103" lon="-79.544738">
        <time>2026-09-09T11:53:56Z</time>
      </trkpt>
      <trkpt lat="8.990125" lon="-79.544732">
        <time>2026-09-09T11:53:57Z</time>
      </trkpt>
      <trkpt lat="8.990149" lon="-79.544729">
        <time>2026-09-09T11:53:58Z</time>
      </trkpt>
      <trkpt lat="8.990171" lon="-79.544728">
        <time>2026-09-09T11:53:59Z</time>
      </trkpt>
      <trkpt lat="8.990192" lon="-79.544727">
        <time>2026-09-09T11:54:00Z</time>
      </trkpt>
      <trkpt lat="8.990214" lon="-79.544728">
        <time>2026-09-09T11:54:01Z</time>
      </trkpt>
      <trkpt lat="8.990238" lon="-79.544733">
        <time>2026-09-09T11:54:02Z</time>
      </trkpt>
      <trkpt lat="8.990260" lon="-79.544739">
        <time>2026-09-09T11:54:03Z</time>
      </trkpt>
      <trkpt lat="8.990280" lon="-79.544747">
        <time>2026-09-09T11:54:04Z</time>
      </trkpt>
      <trkpt lat="8.990303" lon="-79.544753">
        <time>2026-09-09T11:54:05Z</time>
      </trkpt>
      <trkpt lat="8.990323" lon="-79.544757">
        <time>2026-09-09T11:54:06Z</time>
      </trkpt>
      <trkpt lat="8.990344" lon="-79.544769">
        <time>2026-09-09T11:54:07Z</time>
      </trkpt>
      <trkpt lat="8.990365" lon="-79.544772">
        <time>2026-09-09T11:54:08Z</time>
      </trkpt>
      <trkpt lat="8.990385" lon="-79.544775">
        <time>2026-09-09T11:54:09Z</time>
      </trkpt>
      <trkpt lat="8.990404" lon="-79.544770">
        <time>2026-09-09T11:54:10Z</time>
      </trkpt>
      <trkpt lat="8.990423" lon="-79.544760">
        <time>2026-09-09T11:54:11Z</time>
      </trkpt>
      <trkpt lat="8.990443" lon="-79.544746">
        <time>2026-09-09T11:54:12Z</time>
      </trkpt>
      <trkpt lat="8.990461" lon="-79.544732">
        <time>2026-09-09T11:54:13Z</time>
      </trkpt>
      <trkpt lat="8.990478" lon="-79.544717">
        <time>2026-09-09T11:54:14Z</time>
      </trkpt>
      <trkpt lat="8.990493" lon="-79.544700">
        <time>2026-09-09T11:54:15Z</time>
      </trkpt>
      <trkpt lat="8.990511" lon="-79.544684">
        <time>2026-09-09T11:54:16Z</time>
      </trkpt>
      <trkpt lat="8.990529" lon="-79.544671">
        <time>2026-09-09T11:54:17Z</time>
      </trkpt>
      <trkpt lat="8.990547" lon="-79.544662">
        <time>2026-09-09T11:54:18Z</time>
      </trkpt>
      <trkpt lat="8.990565" lon="-79.544653">
        <time>2026-09-09T11:54:19Z</time>
      </trkpt>
      <trkpt lat="8.990583" lon="-79.544648">
        <time>2026-09-09T11:54:20Z</time>
      </trkpt>
      <trkpt lat="8.990604" lon="-79.544646">
        <time>2026-09-09T11:54:21Z</time>
      </trkpt>
      <trkpt lat="8.990626" lon="-79.544638">
        <time>2026-09-09T11:54:22Z</time>
      </trkpt>
      <trkpt lat="8.990646" lon="-79.544627">
        <time>2026-09-09T11:54:23Z</time>
      </trkpt>
      <trkpt lat="8.990669" lon="-79.544612">
        <time>2026-09-09T11:54:24Z</time>
      </trkpt>
      <trkpt lat="8.990689" lon="-79.544599">
        <time>2026-09-09T11:54:25Z</time>
      </trkpt>
      <trkpt lat="8.990709" lon="-79.544589">
        <time>2026-09-09T11:54:26Z</time>
      </trkpt>
      <trkpt lat="8.990729" lon="-79.544581">
        <time>2026-09-09T11:54:27Z</time>
      </trkpt>
      <trkpt lat="8.990750" lon="-79.544575">
        <time>2026-09-09T11:54:28Z</time>
      </trkpt>
      <trkpt lat="8.990772" lon="-79.544567">
        <time>2026-09-09T11:54:29Z</time>
      </trkpt>
      <trkpt lat="8.990791" lon="-79.544556">
        <time>2026-09-09T11:54:30Z</time>
      </trkpt>
      <trkpt lat="8.990810" lon="-79.544542">
        <time>2026-09-09T11:54:31Z</time>
      </trkpt>
      <trkpt lat="8.990828" lon="-79.544531">
        <time>2026-09-09T11:54:32Z</time>
      </trkpt>
      <trkpt lat="8.990848" lon="-79.544522">
        <time>2026-09-09T11:54:33Z</time>
      </trkpt>
      <trkpt lat="8.990868" lon="-79.544515">
        <time>2026-09-09T11:54:34Z</time>
      </trkpt>
      <trkpt lat="8.990886" lon="-79.544512">
        <time>2026-09-09T11:54:35Z</time>
      </trkpt>
      <trkpt lat="8.990911" lon="-79.544514">
        <time>2026-09-09T11:54:36Z</time>
      </trkpt>
      <trkpt lat="8.990931" lon="-79.544516">
        <time>2026-09-09T11:54:37Z</time>
      </trkpt>
      <trkpt lat="8.990951" lon="-79.544516">
        <time>2026-09-09T11:54:38Z</time>
      </trkpt>
      <trkpt lat="8.990973" lon="-79.544512">
        <time>2026-09-09T11:54:39Z</time>
      </trkpt>
      <trkpt lat="8.990997" lon="-79.544507">
        <time>2026-09-09T11:54:40Z</time>
      </trkpt>
      <trkpt lat="8.991018" lon="-79.544501">
        <time>2026-09-09T11:54:41Z</time>
      </trkpt>
      <trkpt lat="8.991037" lon="-79.544494">
        <time>2026-09-09T11:54:42Z</time>
      </trkpt>
      <trkpt lat="8.991057" lon="-79.544485">
        <time>2026-09-09T11:54:43Z</time>
      </trkpt>
      <trkpt lat="8.991077" lon="-79.544482">
        <time>2026-09-09T11:54:44Z</time>
      </trkpt>
      <trkpt lat="8.991097" lon="-79.544475">
        <time>2026-09-09T11:54:45Z</time>
      </trkpt>
      <trkpt lat="8.991118" lon="-79.544470">
        <time>2026-09-09T11:54:46Z</time>
      </trkpt>
      <trkpt lat="8.991140" lon="-79.544468">
        <time>2026-09-09T11:54:47Z</time>
      </trkpt>
      <trkpt lat="8.991155" lon="-79.544466">
        <time>2026-09-09T11:54:48Z</time>
      </trkpt>
      <trkpt lat="8.991174" lon="-79.544458">
        <time>2026-09-09T11:54:49Z</time>
      </trkpt>
      <trkpt lat="8.991193" lon="-79.544449">
        <time>2026-09-09T11:54:50Z</time>
      </trkpt>
      <trkpt lat="8.991210" lon="-79.544439">
        <time>2026-09-09T11:54:51Z</time>
      </trkpt>
      <trkpt lat="8.991227" lon="-79.544423">
        <time>2026-09-09T11:54:52Z</time>
      </trkpt>
      <trkpt lat="8.991243" lon="-79.544401">
        <time>2026-09-09T11:54:53Z</time>
      </trkpt>
      <trkpt lat="8.991259" lon="-79.544381">
        <time>2026-09-09T11:54:54Z</time>
      </trkpt>
      <trkpt lat="8.991276" lon="-79.544365">
        <time>2026-09-09T11:54:55Z</time>
      </trkpt>
      <trkpt lat="8.991297" lon="-79.544350">
        <time>2026-09-09T11:54:56Z</time>
      </trkpt>
      <trkpt lat="8.991318" lon="-79.544339">
        <time>2026-09-09T11:54:57Z</time>
      </trkpt>
      <trkpt lat="8.991338" lon="-79.544327">
        <time>2026-09-09T11:54:58Z</time>
      </trkpt>
      <trkpt lat="8.991359" lon="-79.544317">
        <time>2026-09-09T11:54:59Z</time>
      </trkpt>
      <trkpt lat="8.991379" lon="-79.544306">
        <time>2026-09-09T11:55:00Z</time>
      </trkpt>
      <trkpt lat="8.991399" lon="-79.544297">
        <time>2026-09-09T11:55:01Z</time>
      </trkpt>
      <trkpt lat="8.991420" lon="-79.544290">
        <time>2026-09-09T11:55:02Z</time>
      </trkpt>
      <trkpt lat="8.991440" lon="-79.544282">
        <time>2026-09-09T11:55:03Z</time>
      </trkpt>
      <trkpt lat="8.991459" lon="-79.544273">
        <time>2026-09-09T11:55:04Z</time>
      </trkpt>
      <trkpt lat="8.991477" lon="-79.544262">
        <time>2026-09-09T11:55:05Z</time>
      </trkpt>
      <trkpt lat="8.991494" lon="-79.544252">
        <time>2026-09-09T11:55:06Z</time>
      </trkpt>
      <trkpt lat="8.991510" lon="-79.544239">
        <time>2026-09-09T11:55:07Z</time>
      </trkpt>
      <trkpt lat="8.991522" lon="-79.544226">
        <time>2026-09-09T11:55:08Z</time>
      </trkpt>
      <trkpt lat="8.991533" lon="-79.544213">
        <time>2026-09-09T11:55:09Z</time>
      </trkpt>
      <trkpt lat="8.991537" lon="-79.544189">
        <time>2026-09-09T11:55:10Z</time>
      </trkpt>
      <trkpt lat="8.991538" lon="-79.544172">
        <time>2026-09-09T11:55:11Z</time>
      </trkpt>
      <trkpt lat="8.991533" lon="-79.544156">
        <time>2026-09-09T11:55:12Z</time>
      </trkpt>
      <trkpt lat="8.991527" lon="-79.544143">
        <time>2026-09-09T11:55:13Z</time>
      </trkpt>
      <trkpt lat="8.991523" lon="-79.544129">
        <time>2026-09-09T11:55:14Z</time>
      </trkpt>
      <trkpt lat="8.991519" lon="-79.544118">
        <time>2026-09-09T11:55:15Z</time>
      </trkpt>
      <trkpt lat="8.991514" lon="-79.544104">
        <time>2026-09-09T11:55:16Z</time>
      </trkpt>
      <trkpt lat="8.991512" lon="-79.544093">
        <time>2026-09-09T11:55:17Z</time>
      </trkpt>
      <trkpt lat="8.991514" lon="-79.544084">
        <time>2026-09-09T11:55:18Z</time>
      </trkpt>
      <trkpt lat="8.991519" lon="-79.544079">
        <time>2026-09-09T11:55:19Z</time>
      </trkpt>
      <trkpt lat="8.991528" lon="-79.544075">
        <time>2026-09-09T11:55:20Z</time>
      </trkpt>
      <trkpt lat="8.991537" lon="-79.544072">
        <time>2026-09-09T11:55:21Z</time>
      </trkpt>
      <trkpt lat="8.991544" lon="-79.544072">
        <time>2026-09-09T11:55:22Z</time>
      </trkpt>
      <trkpt lat="8.991554" lon="-79.544068">
        <time>2026-09-09T11:55:23Z</time>
      </trkpt>
      <trkpt lat="8.991567" lon="-79.544062">
        <time>2026-09-09T11:55:24Z</time>
      </trkpt>
      <trkpt lat="8.991579" lon="-79.544054">
        <time>2026-09-09T11:55:25Z</time>
      </trkpt>
      <trkpt lat="8.991590" lon="-79.544046">
        <time>2026-09-09T11:55:26Z</time>
      </trkpt>
      <trkpt lat="8.991603" lon="-79.544038">
        <time>2026-09-09T11:55:27Z</time>
      </trkpt>
      <trkpt lat="8.991614" lon="-79.544027">
        <time>2026-09-09T11:55:28Z</time>
      </trkpt>
      <trkpt lat="8.991629" lon="-79.544018">
        <time>2026-09-09T11:55:29Z</time>
      </trkpt>
      <trkpt lat="8.991642" lon="-79.544009">
        <time>2026-09-09T11:55:30Z</time>
      </trkpt>
      <trkpt lat="8.991652" lon="-79.543997">
        <time>2026-09-09T11:55:31Z</time>
      </trkpt>
      <trkpt lat="8.991660" lon="-79.543985">
        <time>2026-09-09T11:55:32Z</time>
      </trkpt>
      <trkpt lat="8.991663" lon="-79.543975">
        <time>2026-09-09T11:55:33Z</time>
      </trkpt>
      <trkpt lat="8.991666" lon="-79.543967">
        <time>2026-09-09T11:55:34Z</time>
      </trkpt>
      <trkpt lat="8.991664" lon="-79.543963">
        <time>2026-09-09T11:55:35Z</time>
      </trkpt>
      <trkpt lat="8.991661" lon="-79.543959">
        <time>2026-09-09T11:55:36Z</time>
      </trkpt>
      <trkpt lat="8.991660" lon="-79.543954">
        <time>2026-09-09T11:55:37Z</time>
      </trkpt>
      <trkpt lat="8.991658" lon="-79.543947">
        <time>2026-09-09T11:55:38Z</time>
      </trkpt>
      <trkpt lat="8.991661" lon="-79.543948">
        <time>2026-09-09T11:55:39Z</time>
      </trkpt>
      <trkpt lat="8.991661" lon="-79.543950">
        <time>2026-09-09T11:55:40Z</time>
      </trkpt>
      <trkpt lat="8.991664" lon="-79.543949">
        <time>2026-09-09T11:55:41Z</time>
      </trkpt>
      <trkpt lat="8.991663" lon="-79.543949">
        <time>2026-09-09T11:55:42Z</time>
      </trkpt>
      <trkpt lat="8.991663" lon="-79.543949">
        <time>2026-09-09T11:55:43Z</time>
      </trkpt>
      <trkpt lat="8.991663" lon="-79.543949">
        <time>2026-09-09T11:55:44Z</time>
      </trkpt>
      <trkpt lat="8.991664" lon="-79.543948">
        <time>2026-09-09T11:55:45Z</time>
      </trkpt>
      <trkpt lat="8.991663" lon="-79.543947">
        <time>2026-09-09T11:55:46Z</time>
      </trkpt>
      <trkpt lat="8.991661" lon="-79.543944">
        <time>2026-09-09T11:55:47Z</time>
      </trkpt>
      <trkpt lat="8.991663" lon="-79.543949">
        <time>2026-09-09T11:55:48Z</time>
      </trkpt>
      <trkpt lat="8.991663" lon="-79.543949">
        <time>2026-09-09T11:55:49Z</time>
      </trkpt>
      <trkpt lat="8.991663" lon="-79.543949">
        <time>2026-09-09T11:55:50Z</time>
      </trkpt>
      <trkpt lat="8.991662" lon="-79.543936">
        <time>2026-09-09T11:55:51Z</time>
      </trkpt>
      <trkpt lat="8.991663" lon="-79.543917">
        <time>2026-09-09T11:55:52Z</time>
      </trkpt>
      <trkpt lat="8.991664" lon="-79.543901">
        <time>2026-09-09T11:55:53Z</time>
      </trkpt>
      <trkpt lat="8.991664" lon="-79.543890">
        <time>2026-09-09T11:55:54Z</time>
      </trkpt>
      <trkpt lat="8.991665" lon="-79.543879">
        <time>2026-09-09T11:55:55Z</time>
      </trkpt>
      <trkpt lat="8.991667" lon="-79.543871">
        <time>2026-09-09T11:55:56Z</time>
      </trkpt>
      <trkpt lat="8.991669" lon="-79.543866">
        <time>2026-09-09T11:55:57Z</time>
      </trkpt>
      <trkpt lat="8.991673" lon="-79.543859">
        <time>2026-09-09T11:55:58Z</time>
      </trkpt>
      <trkpt lat="8.991666" lon="-79.543861">
        <time>2026-09-09T11:55:59Z</time>
      </trkpt>
      <trkpt lat="8.991659" lon="-79.543861">
        <time>2026-09-09T11:56:00Z</time>
      </trkpt>
      <trkpt lat="8.991657" lon="-79.543863">
        <time>2026-09-09T11:56:01Z</time>
      </trkpt>
      <trkpt lat="8.991657" lon="-79.543864">
        <time>2026-09-09T11:56:02Z</time>
      </trkpt>
      <trkpt lat="8.991657" lon="-79.543862">
        <time>2026-09-09T11:56:03Z</time>
      </trkpt>
      <trkpt lat="8.991656" lon="-79.543861">
        <time>2026-09-09T11:56:04Z</time>
      </trkpt>
      <trkpt lat="8.991656" lon="-79.543861">
        <time>2026-09-09T11:56:05Z</time>
      </trkpt>
      <trkpt lat="8.991656" lon="-79.543861">
        <time>2026-09-09T11:56:06Z</time>
      </trkpt>
      <trkpt lat="8.991656" lon="-79.543861">
        <time>2026-09-09T11:56:07Z</time>
      </trkpt>
      <trkpt lat="8.991650" lon="-79.543848">
        <time>2026-09-09T11:56:08Z</time>
      </trkpt>
      <trkpt lat="8.991642" lon="-79.543837">
        <time>2026-09-09T11:56:09Z</time>
      </trkpt>
      <trkpt lat="8.991632" lon="-79.543829">
        <time>2026-09-09T11:56:10Z</time>
      </trkpt>
      <trkpt lat="8.991622" lon="-79.543826">
        <time>2026-09-09T11:56:11Z</time>
      </trkpt>
      <trkpt lat="8.991612" lon="-79.543819">
        <time>2026-09-09T11:56:12Z</time>
      </trkpt>
      <trkpt lat="8.991605" lon="-79.543808">
        <time>2026-09-09T11:56:13Z</time>
      </trkpt>
      <trkpt lat="8.991599" lon="-79.543801">
        <time>2026-09-09T11:56:14Z</time>
      </trkpt>
      <trkpt lat="8.991593" lon="-79.543794">
        <time>2026-09-09T11:56:15Z</time>
      </trkpt>
      <trkpt lat="8.991583" lon="-79.543785">
        <time>2026-09-09T11:56:16Z</time>
      </trkpt>
      <trkpt lat="8.991571" lon="-79.543777">
        <time>2026-09-09T11:56:17Z</time>
      </trkpt>
      <trkpt lat="8.991564" lon="-79.543769">
        <time>2026-09-09T11:56:18Z</time>
      </trkpt>
      <trkpt lat="8.991559" lon="-79.543761">
        <time>2026-09-09T11:56:19Z</time>
      </trkpt>
      <trkpt lat="8.991553" lon="-79.543754">
        <time>2026-09-09T11:56:20Z</time>
      </trkpt>
      <trkpt lat="8.991543" lon="-79.543751">
        <time>2026-09-09T11:56:21Z</time>
      </trkpt>
      <trkpt lat="8.991529" lon="-79.543750">
        <time>2026-09-09T11:56:22Z</time>
      </trkpt>
      <trkpt lat="8.991516" lon="-79.543746">
        <time>2026-09-09T11:56:23Z</time>
      </trkpt>
      <trkpt lat="8.991507" lon="-79.543742">
        <time>2026-09-09T11:56:24Z</time>
      </trkpt>
      <trkpt lat="8.991495" lon="-79.543735">
        <time>2026-09-09T11:56:25Z</time>
      </trkpt>
      <trkpt lat="8.991483" lon="-79.543728">
        <time>2026-09-09T11:56:26Z</time>
      </trkpt>
      <trkpt lat="8.991474" lon="-79.543723">
        <time>2026-09-09T11:56:27Z</time>
      </trkpt>
      <trkpt lat="8.991468" lon="-79.543717">
        <time>2026-09-09T11:56:28Z</time>
      </trkpt>
      <trkpt lat="8.991465" lon="-79.543708">
        <time>2026-09-09T11:56:29Z</time>
      </trkpt>
      <trkpt lat="8.991465" lon="-79.543697">
        <time>2026-09-09T11:56:30Z</time>
      </trkpt>
      <trkpt lat="8.991467" lon="-79.543686">
        <time>2026-09-09T11:56:31Z</time>
      </trkpt>
      <trkpt lat="8.991471" lon="-79.543677">
        <time>2026-09-09T11:56:32Z</time>
      </trkpt>
      <trkpt lat="8.991476" lon="-79.543667">
        <time>2026-09-09T11:56:33Z</time>
      </trkpt>
      <trkpt lat="8.991486" lon="-79.543660">
        <time>2026-09-09T11:56:34Z</time>
      </trkpt>
      <trkpt lat="8.991497" lon="-79.543649">
        <time>2026-09-09T11:56:35Z</time>
      </trkpt>
      <trkpt lat="8.991506" lon="-79.543636">
        <time>2026-09-09T11:56:36Z</time>
      </trkpt>
      <trkpt lat="8.991516" lon="-79.543623">
        <time>2026-09-09T11:56:37Z</time>
      </trkpt>
      <trkpt lat="8.991521" lon="-79.543606">
        <time>2026-09-09T11:56:38Z</time>
      </trkpt>
      <trkpt lat="8.991531" lon="-79.543589">
        <time>2026-09-09T11:56:39Z</time>
      </trkpt>
      <trkpt lat="8.991542" lon="-79.543576">
        <time>2026-09-09T11:56:40Z</time>
      </trkpt>
      <trkpt lat="8.991551" lon="-79.543557">
        <time>2026-09-09T11:56:41Z</time>
      </trkpt>
      <trkpt lat="8.991561" lon="-79.543537">
        <time>2026-09-09T11:56:42Z</time>
      </trkpt>
      <trkpt lat="8.991572" lon="-79.543518">
        <time>2026-09-09T11:56:43Z</time>
      </trkpt>
      <trkpt lat="8.991585" lon="-79.543499">
        <time>2026-09-09T11:56:44Z</time>
      </trkpt>
      <trkpt lat="8.991596" lon="-79.543481">
        <time>2026-09-09T11:56:45Z</time>
      </trkpt>
      <trkpt lat="8.991608" lon="-79.543464">
        <time>2026-09-09T11:56:46Z</time>
      </trkpt>
      <trkpt lat="8.991621" lon="-79.543448">
        <time>2026-09-09T11:56:47Z</time>
      </trkpt>
      <trkpt lat="8.991633" lon="-79.543430">
        <time>2026-09-09T11:56:48Z</time>
      </trkpt>
      <trkpt lat="8.991645" lon="-79.543411">
        <time>2026-09-09T11:56:49Z</time>
      </trkpt>
      <trkpt lat="8.991658" lon="-79.543392">
        <time>2026-09-09T11:56:50Z</time>
      </trkpt>
      <trkpt lat="8.991671" lon="-79.543374">
        <time>2026-09-09T11:56:51Z</time>
      </trkpt>
      <trkpt lat="8.991686" lon="-79.543357">
        <time>2026-09-09T11:56:52Z</time>
      </trkpt>
      <trkpt lat="8.991701" lon="-79.543336">
        <time>2026-09-09T11:56:53Z</time>
      </trkpt>
      <trkpt lat="8.991715" lon="-79.543317">
        <time>2026-09-09T11:56:54Z</time>
      </trkpt>
      <trkpt lat="8.991730" lon="-79.543299">
        <time>2026-09-09T11:56:55Z</time>
      </trkpt>
      <trkpt lat="8.991745" lon="-79.543280">
        <time>2026-09-09T11:56:56Z</time>
      </trkpt>
      <trkpt lat="8.991759" lon="-79.543265">
        <time>2026-09-09T11:56:57Z</time>
      </trkpt>
      <trkpt lat="8.991773" lon="-79.543249">
        <time>2026-09-09T11:56:58Z</time>
      </trkpt>
      <trkpt lat="8.991787" lon="-79.543230">
        <time>2026-09-09T11:56:59Z</time>
      </trkpt>
      <trkpt lat="8.991802" lon="-79.543213">
        <time>2026-09-09T11:57:00Z</time>
      </trkpt>
      <trkpt lat="8.991817" lon="-79.543192">
        <time>2026-09-09T11:57:01Z</time>
      </trkpt>
      <trkpt lat="8.991831" lon="-79.543173">
        <time>2026-09-09T11:57:02Z</time>
      </trkpt>
      <trkpt lat="8.991845" lon="-79.543154">
        <time>2026-09-09T11:57:03Z</time>
      </trkpt>
      <trkpt lat="8.991858" lon="-79.543134">
        <time>2026-09-09T11:57:04Z</time>
      </trkpt>
      <trkpt lat="8.991870" lon="-79.543114">
        <time>2026-09-09T11:57:05Z</time>
      </trkpt>
      <trkpt lat="8.991882" lon="-79.543091">
        <time>2026-09-09T11:57:06Z</time>
      </trkpt>
      <trkpt lat="8.991894" lon="-79.543072">
        <time>2026-09-09T11:57:07Z</time>
      </trkpt>
      <trkpt lat="8.991907" lon="-79.543051">
        <time>2026-09-09T11:57:08Z</time>
      </trkpt>
      <trkpt lat="8.991920" lon="-79.543029">
        <time>2026-09-09T11:57:09Z</time>
      </trkpt>
      <trkpt lat="8.991933" lon="-79.543008">
        <time>2026-09-09T11:57:10Z</time>
      </trkpt>
      <trkpt lat="8.991945" lon="-79.542982">
        <time>2026-09-09T11:57:11Z</time>
      </trkpt>
      <trkpt lat="8.991956" lon="-79.542959">
        <time>2026-09-09T11:57:12Z</time>
      </trkpt>
      <trkpt lat="8.991966" lon="-79.542937">
        <time>2026-09-09T11:57:13Z</time>
      </trkpt>
      <trkpt lat="8.991976" lon="-79.542913">
        <time>2026-09-09T11:57:14Z</time>
      </trkpt>
      <trkpt lat="8.991983" lon="-79.542892">
        <time>2026-09-09T11:57:15Z</time>
      </trkpt>
      <trkpt lat="8.991996" lon="-79.542868">
        <time>2026-09-09T11:57:16Z</time>
      </trkpt>
      <trkpt lat="8.992001" lon="-79.542846">
        <time>2026-09-09T11:57:17Z</time>
      </trkpt>
      <trkpt lat="8.992007" lon="-79.542824">
        <time>2026-09-09T11:57:18Z</time>
      </trkpt>
      <trkpt lat="8.992017" lon="-79.542802">
        <time>2026-09-09T11:57:19Z</time>
      </trkpt>
      <trkpt lat="8.992024" lon="-79.542779">
        <time>2026-09-09T11:57:20Z</time>
      </trkpt>
      <trkpt lat="8.992031" lon="-79.542755">
        <time>2026-09-09T11:57:21Z</time>
      </trkpt>
      <trkpt lat="8.992040" lon="-79.542732">
        <time>2026-09-09T11:57:22Z</time>
      </trkpt>
      <trkpt lat="8.992050" lon="-79.542708">
        <time>2026-09-09T11:57:23Z</time>
      </trkpt>
      <trkpt lat="8.992057" lon="-79.542685">
        <time>2026-09-09T11:57:24Z</time>
      </trkpt>
      <trkpt lat="8.992061" lon="-79.542663">
        <time>2026-09-09T11:57:25Z</time>
      </trkpt>
      <trkpt lat="8.992070" lon="-79.542642">
        <time>2026-09-09T11:57:26Z</time>
      </trkpt>
      <trkpt lat="8.992081" lon="-79.542618">
        <time>2026-09-09T11:57:27Z</time>
      </trkpt>
      <trkpt lat="8.992091" lon="-79.542596">
        <time>2026-09-09T11:57:28Z</time>
      </trkpt>
      <trkpt lat="8.992102" lon="-79.542577">
        <time>2026-09-09T11:57:29Z</time>
      </trkpt>
      <trkpt lat="8.992111" lon="-79.542551">
        <time>2026-09-09T11:57:30Z</time>
      </trkpt>
      <trkpt lat="8.992120" lon="-79.542527">
        <time>2026-09-09T11:57:31Z</time>
      </trkpt>
      <trkpt lat="8.992133" lon="-79.542501">
        <time>2026-09-09T11:57:32Z</time>
      </trkpt>
      <trkpt lat="8.992142" lon="-79.542477">
        <time>2026-09-09T11:57:33Z</time>
      </trkpt>
      <trkpt lat="8.992152" lon="-79.542455">
        <time>2026-09-09T11:57:34Z</time>
      </trkpt>
      <trkpt lat="8.992164" lon="-79.542434">
        <time>2026-09-09T11:57:35Z</time>
      </trkpt>
      <trkpt lat="8.992172" lon="-79.542412">
        <time>2026-09-09T11:57:36Z</time>
      </trkpt>
      <trkpt lat="8.992181" lon="-79.542390">
        <time>2026-09-09T11:57:37Z</time>
      </trkpt>
      <trkpt lat="8.992195" lon="-79.542366">
        <time>2026-09-09T11:57:38Z</time>
      </trkpt>
      <trkpt lat="8.992206" lon="-79.542342">
        <time>2026-09-09T11:57:39Z</time>
      </trkpt>
      <trkpt lat="8.992217" lon="-79.542315">
        <time>2026-09-09T11:57:40Z</time>
      </trkpt>
      <trkpt lat="8.992227" lon="-79.542290">
        <time>2026-09-09T11:57:41Z</time>
      </trkpt>
      <trkpt lat="8.992237" lon="-79.542268">
        <time>2026-09-09T11:57:42Z</time>
      </trkpt>
      <trkpt lat="8.992246" lon="-79.542245">
        <time>2026-09-09T11:57:43Z</time>
      </trkpt>
      <trkpt lat="8.992255" lon="-79.542222">
        <time>2026-09-09T11:57:44Z</time>
      </trkpt>
      <trkpt lat="8.992264" lon="-79.542198">
        <time>2026-09-09T11:57:45Z</time>
      </trkpt>
      <trkpt lat="8.992270" lon="-79.542173">
        <time>2026-09-09T11:57:46Z</time>
      </trkpt>
      <trkpt lat="8.992278" lon="-79.542151">
        <time>2026-09-09T11:57:47Z</time>
      </trkpt>
      <trkpt lat="8.992286" lon="-79.542127">
        <time>2026-09-09T11:57:48Z</time>
      </trkpt>
      <trkpt lat="8.992295" lon="-79.542105">
        <time>2026-09-09T11:57:49Z</time>
      </trkpt>
      <trkpt lat="8.992304" lon="-79.542081">
        <time>2026-09-09T11:57:50Z</time>
      </trkpt>
      <trkpt lat="8.992303" lon="-79.542054">
        <time>2026-09-09T11:57:51Z</time>
      </trkpt>
      <trkpt lat="8.992306" lon="-79.542032">
        <time>2026-09-09T11:57:52Z</time>
      </trkpt>
      <trkpt lat="8.992315" lon="-79.542008">
        <time>2026-09-09T11:57:53Z</time>
      </trkpt>
      <trkpt lat="8.992322" lon="-79.541984">
        <time>2026-09-09T11:57:54Z</time>
      </trkpt>
      <trkpt lat="8.992328" lon="-79.541959">
        <time>2026-09-09T11:57:55Z</time>
      </trkpt>
      <trkpt lat="8.992335" lon="-79.541933">
        <time>2026-09-09T11:57:56Z</time>
      </trkpt>
      <trkpt lat="8.992339" lon="-79.541908">
        <time>2026-09-09T11:57:57Z</time>
      </trkpt>
      <trkpt lat="8.992347" lon="-79.541883">
        <time>2026-09-09T11:57:58Z</time>
      </trkpt>
      <trkpt lat="8.992354" lon="-79.541858">
        <time>2026-09-09T11:57:59Z</time>
      </trkpt>
      <trkpt lat="8.992362" lon="-79.541833">
        <time>2026-09-09T11:58:00Z</time>
      </trkpt>
      <trkpt lat="8.992370" lon="-79.541807">
        <time>2026-09-09T11:58:01Z</time>
      </trkpt>
      <trkpt lat="8.992379" lon="-79.541782">
        <time>2026-09-09T11:58:02Z</time>
      </trkpt>
      <trkpt lat="8.992390" lon="-79.541756">
        <time>2026-09-09T11:58:03Z</time>
      </trkpt>
      <trkpt lat="8.992399" lon="-79.541733">
        <time>2026-09-09T11:58:04Z</time>
      </trkpt>
      <trkpt lat="8.992409" lon="-79.541710">
        <time>2026-09-09T11:58:05Z</time>
      </trkpt>
      <trkpt lat="8.992421" lon="-79.541685">
        <time>2026-09-09T11:58:06Z</time>
      </trkpt>
      <trkpt lat="8.992431" lon="-79.541662">
        <time>2026-09-09T11:58:07Z</time>
      </trkpt>
      <trkpt lat="8.992443" lon="-79.541636">
        <time>2026-09-09T11:58:08Z</time>
      </trkpt>
      <trkpt lat="8.992454" lon="-79.541615">
        <time>2026-09-09T11:58:09Z</time>
      </trkpt>
      <trkpt lat="8.992465" lon="-79.541591">
        <time>2026-09-09T11:58:10Z</time>
      </trkpt>
      <trkpt lat="8.992478" lon="-79.541568">
        <time>2026-09-09T11:58:11Z</time>
      </trkpt>
      <trkpt lat="8.992489" lon="-79.541546">
        <time>2026-09-09T11:58:12Z</time>
      </trkpt>
      <trkpt lat="8.992502" lon="-79.541521">
        <time>2026-09-09T11:58:13Z</time>
      </trkpt>
      <trkpt lat="8.992516" lon="-79.541499">
        <time>2026-09-09T11:58:14Z</time>
      </trkpt>
      <trkpt lat="8.992531" lon="-79.541474">
        <time>2026-09-09T11:58:15Z</time>
      </trkpt>
      <trkpt lat="8.992547" lon="-79.541450">
        <time>2026-09-09T11:58:16Z</time>
      </trkpt>
      <trkpt lat="8.992565" lon="-79.541430">
        <time>2026-09-09T11:58:17Z</time>
      </trkpt>
      <trkpt lat="8.992581" lon="-79.541407">
        <time>2026-09-09T11:58:18Z</time>
      </trkpt>
      <trkpt lat="8.992597" lon="-79.541385">
        <time>2026-09-09T11:58:19Z</time>
      </trkpt>
      <trkpt lat="8.992616" lon="-79.541364">
        <time>2026-09-09T11:58:20Z</time>
      </trkpt>
      <trkpt lat="8.992634" lon="-79.541345">
        <time>2026-09-09T11:58:21Z</time>
      </trkpt>
      <trkpt lat="8.992648" lon="-79.541325">
        <time>2026-09-09T11:58:22Z</time>
      </trkpt>
      <trkpt lat="8.992664" lon="-79.541304">
        <time>2026-09-09T11:58:23Z</time>
      </trkpt>
      <trkpt lat="8.992680" lon="-79.541287">
        <time>2026-09-09T11:58:24Z</time>
      </trkpt>
      <trkpt lat="8.992696" lon="-79.541264">
        <time>2026-09-09T11:58:25Z</time>
      </trkpt>
      <trkpt lat="8.992714" lon="-79.541244">
        <time>2026-09-09T11:58:26Z</time>
      </trkpt>
      <trkpt lat="8.992730" lon="-79.541222">
        <time>2026-09-09T11:58:27Z</time>
      </trkpt>
      <trkpt lat="8.992746" lon="-79.541199">
        <time>2026-09-09T11:58:28Z</time>
      </trkpt>
      <trkpt lat="8.992762" lon="-79.541180">
        <time>2026-09-09T11:58:29Z</time>
      </trkpt>
      <trkpt lat="8.992778" lon="-79.541160">
        <time>2026-09-09T11:58:30Z</time>
      </trkpt>
      <trkpt lat="8.992796" lon="-79.541142">
        <time>2026-09-09T11:58:31Z</time>
      </trkpt>
      <trkpt lat="8.992815" lon="-79.541122">
        <time>2026-09-09T11:58:32Z</time>
      </trkpt>
      <trkpt lat="8.992832" lon="-79.541104">
        <time>2026-09-09T11:58:33Z</time>
      </trkpt>
      <trkpt lat="8.992847" lon="-79.541083">
        <time>2026-09-09T11:58:34Z</time>
      </trkpt>
      <trkpt lat="8.992866" lon="-79.541061">
        <time>2026-09-09T11:58:35Z</time>
      </trkpt>
      <trkpt lat="8.992886" lon="-79.541045">
        <time>2026-09-09T11:58:36Z</time>
      </trkpt>
      <trkpt lat="8.992904" lon="-79.541022">
        <time>2026-09-09T11:58:37Z</time>
      </trkpt>
      <trkpt lat="8.992920" lon="-79.541001">
        <time>2026-09-09T11:58:38Z</time>
      </trkpt>
      <trkpt lat="8.992942" lon="-79.540983">
        <time>2026-09-09T11:58:39Z</time>
      </trkpt>
      <trkpt lat="8.992959" lon="-79.540961">
        <time>2026-09-09T11:58:40Z</time>
      </trkpt>
      <trkpt lat="8.992977" lon="-79.540945">
        <time>2026-09-09T11:58:41Z</time>
      </trkpt>
      <trkpt lat="8.993001" lon="-79.540929">
        <time>2026-09-09T11:58:42Z</time>
      </trkpt>
      <trkpt lat="8.993019" lon="-79.540915">
        <time>2026-09-09T11:58:43Z</time>
      </trkpt>
      <trkpt lat="8.993038" lon="-79.540899">
        <time>2026-09-09T11:58:44Z</time>
      </trkpt>
      <trkpt lat="8.993060" lon="-79.540880">
        <time>2026-09-09T11:58:45Z</time>
      </trkpt>
      <trkpt lat="8.993082" lon="-79.540867">
        <time>2026-09-09T11:58:46Z</time>
      </trkpt>
      <trkpt lat="8.993104" lon="-79.540851">
        <time>2026-09-09T11:58:47Z</time>
      </trkpt>
      <trkpt lat="8.993125" lon="-79.540841">
        <time>2026-09-09T11:58:48Z</time>
      </trkpt>
      <trkpt lat="8.993150" lon="-79.540829">
        <time>2026-09-09T11:58:49Z</time>
      </trkpt>
      <trkpt lat="8.993172" lon="-79.540815">
        <time>2026-09-09T11:58:50Z</time>
      </trkpt>
      <trkpt lat="8.993192" lon="-79.540803">
        <time>2026-09-09T11:58:51Z</time>
      </trkpt>
      <trkpt lat="8.993217" lon="-79.540794">
        <time>2026-09-09T11:58:52Z</time>
      </trkpt>
      <trkpt lat="8.993238" lon="-79.540782">
        <time>2026-09-09T11:58:53Z</time>
      </trkpt>
      <trkpt lat="8.993261" lon="-79.540770">
        <time>2026-09-09T11:58:54Z</time>
      </trkpt>
      <trkpt lat="8.993287" lon="-79.540761">
        <time>2026-09-09T11:58:55Z</time>
      </trkpt>
      <trkpt lat="8.993311" lon="-79.540750">
        <time>2026-09-09T11:58:56Z</time>
      </trkpt>
      <trkpt lat="8.993337" lon="-79.540741">
        <time>2026-09-09T11:58:57Z</time>
      </trkpt>
      <trkpt lat="8.993360" lon="-79.540734">
        <time>2026-09-09T11:58:58Z</time>
      </trkpt>
      <trkpt lat="8.993383" lon="-79.540723">
        <time>2026-09-09T11:58:59Z</time>
      </trkpt>
      <trkpt lat="8.993407" lon="-79.540716">
        <time>2026-09-09T11:59:00Z</time>
      </trkpt>
      <trkpt lat="8.993431" lon="-79.540710">
        <time>2026-09-09T11:59:01Z</time>
      </trkpt>
      <trkpt lat="8.993456" lon="-79.540704">
        <time>2026-09-09T11:59:02Z</time>
      </trkpt>
      <trkpt lat="8.993483" lon="-79.540698">
        <time>2026-09-09T11:59:03Z</time>
      </trkpt>
      <trkpt lat="8.993513" lon="-79.540692">
        <time>2026-09-09T11:59:04Z</time>
      </trkpt>
      <trkpt lat="8.993540" lon="-79.540688">
        <time>2026-09-09T11:59:05Z</time>
      </trkpt>
      <trkpt lat="8.993568" lon="-79.540681">
        <time>2026-09-09T11:59:06Z</time>
      </trkpt>
      <trkpt lat="8.993598" lon="-79.540680">
        <time>2026-09-09T11:59:07Z</time>
      </trkpt>
      <trkpt lat="8.993624" lon="-79.540679">
        <time>2026-09-09T11:59:08Z</time>
      </trkpt>
      <trkpt lat="8.993650" lon="-79.540674">
        <time>2026-09-09T11:59:09Z</time>
      </trkpt>
      <trkpt lat="8.993673" lon="-79.540672">
        <time>2026-09-09T11:59:10Z</time>
      </trkpt>
      <trkpt lat="8.993701" lon="-79.540672">
        <time>2026-09-09T11:59:11Z</time>
      </trkpt>
      <trkpt lat="8.993727" lon="-79.540671">
        <time>2026-09-09T11:59:12Z</time>
      </trkpt>
      <trkpt lat="8.993754" lon="-79.540673">
        <time>2026-09-09T11:59:13Z</time>
      </trkpt>
      <trkpt lat="8.993781" lon="-79.540673">
        <time>2026-09-09T11:59:14Z</time>
      </trkpt>
      <trkpt lat="8.993808" lon="-79.540672">
        <time>2026-09-09T11:59:15Z</time>
      </trkpt>
      <trkpt lat="8.993834" lon="-79.540674">
        <time>2026-09-09T11:59:16Z</time>
      </trkpt>
      <trkpt lat="8.993858" lon="-79.540676">
        <time>2026-09-09T11:59:17Z</time>
      </trkpt>
      <trkpt lat="8.993882" lon="-79.540680">
        <time>2026-09-09T11:59:18Z</time>
      </trkpt>
      <trkpt lat="8.993907" lon="-79.540683">
        <time>2026-09-09T11:59:19Z</time>
      </trkpt>
      <trkpt lat="8.993932" lon="-79.540688">
        <time>2026-09-09T11:59:20Z</time>
      </trkpt>
      <trkpt lat="8.993957" lon="-79.540695">
        <time>2026-09-09T11:59:21Z</time>
      </trkpt>
      <trkpt lat="8.993981" lon="-79.540701">
        <time>2026-09-09T11:59:22Z</time>
      </trkpt>
      <trkpt lat="8.994009" lon="-79.540705">
        <time>2026-09-09T11:59:23Z</time>
      </trkpt>
      <trkpt lat="8.994034" lon="-79.540712">
        <time>2026-09-09T11:59:24Z</time>
      </trkpt>
      <trkpt lat="8.994061" lon="-79.540718">
        <time>2026-09-09T11:59:25Z</time>
      </trkpt>
      <trkpt lat="8.994087" lon="-79.540723">
        <time>2026-09-09T11:59:26Z</time>
      </trkpt>
      <trkpt lat="8.994111" lon="-79.540728">
        <time>2026-09-09T11:59:27Z</time>
      </trkpt>
      <trkpt lat="8.994138" lon="-79.540733">
        <time>2026-09-09T11:59:28Z</time>
      </trkpt>
      <trkpt lat="8.994162" lon="-79.540740">
        <time>2026-09-09T11:59:29Z</time>
      </trkpt>
      <trkpt lat="8.994186" lon="-79.540743">
        <time>2026-09-09T11:59:30Z</time>
      </trkpt>
      <trkpt lat="8.994211" lon="-79.540748">
        <time>2026-09-09T11:59:31Z</time>
      </trkpt>
      <trkpt lat="8.994235" lon="-79.540752">
        <time>2026-09-09T11:59:32Z</time>
      </trkpt>
      <trkpt lat="8.994262" lon="-79.540755">
        <time>2026-09-09T11:59:33Z</time>
      </trkpt>
      <trkpt lat="8.994288" lon="-79.540759">
        <time>2026-09-09T11:59:34Z</time>
      </trkpt>
      <trkpt lat="8.994313" lon="-79.540763">
        <time>2026-09-09T11:59:35Z</time>
      </trkpt>
      <trkpt lat="8.994336" lon="-79.540768">
        <time>2026-09-09T11:59:36Z</time>
      </trkpt>
      <trkpt lat="8.994360" lon="-79.540772">
        <time>2026-09-09T11:59:37Z</time>
      </trkpt>
      <trkpt lat="8.994385" lon="-79.540776">
        <time>2026-09-09T11:59:38Z</time>
      </trkpt>
      <trkpt lat="8.994410" lon="-79.540780">
        <time>2026-09-09T11:59:39Z</time>
      </trkpt>
      <trkpt lat="8.994435" lon="-79.540785">
        <time>2026-09-09T11:59:40Z</time>
      </trkpt>
      <trkpt lat="8.994462" lon="-79.540790">
        <time>2026-09-09T11:59:41Z</time>
      </trkpt>
      <trkpt lat="8.994486" lon="-79.540793">
        <time>2026-09-09T11:59:42Z</time>
      </trkpt>
      <trkpt lat="8.994513" lon="-79.540797">
        <time>2026-09-09T11:59:43Z</time>
      </trkpt>
      <trkpt lat="8.994537" lon="-79.540801">
        <time>2026-09-09T11:59:44Z</time>
      </trkpt>
      <trkpt lat="8.994562" lon="-79.540804">
        <time>2026-09-09T11:59:45Z</time>
      </trkpt>
      <trkpt lat="8.994589" lon="-79.540809">
        <time>2026-09-09T11:59:46Z</time>
      </trkpt>
      <trkpt lat="8.994615" lon="-79.540814">
        <time>2026-09-09T11:59:47Z</time>
      </trkpt>
      <trkpt lat="8.994643" lon="-79.540820">
        <time>2026-09-09T11:59:48Z</time>
      </trkpt>
      <trkpt lat="8.994668" lon="-79.540827">
        <time>2026-09-09T11:59:49Z</time>
      </trkpt>
      <trkpt lat="8.994694" lon="-79.540834">
        <time>2026-09-09T11:59:50Z</time>
      </trkpt>
      <trkpt lat="8.994720" lon="-79.540840">
        <time>2026-09-09T11:59:51Z</time>
      </trkpt>
      <trkpt lat="8.994748" lon="-79.540845">
        <time>2026-09-09T11:59:52Z</time>
      </trkpt>
      <trkpt lat="8.994777" lon="-79.540850">
        <time>2026-09-09T11:59:53Z</time>
      </trkpt>
      <trkpt lat="8.994803" lon="-79.540858">
        <time>2026-09-09T11:59:54Z</time>
      </trkpt>
      <trkpt lat="8.994828" lon="-79.540862">
        <time>2026-09-09T11:59:55Z</time>
      </trkpt>
      <trkpt lat="8.994855" lon="-79.540865">
        <time>2026-09-09T11:59:56Z</time>
      </trkpt>
      <trkpt lat="8.994881" lon="-79.540872">
        <time>2026-09-09T11:59:57Z</time>
      </trkpt>
      <trkpt lat="8.994907" lon="-79.540878">
        <time>2026-09-09T11:59:58Z</time>
      </trkpt>
      <trkpt lat="8.994932" lon="-79.540883">
        <time>2026-09-09T11:59:59Z</time>
      </trkpt>
      <trkpt lat="8.994957" lon="-79.540886">
        <time>2026-09-09T12:00:00Z</time>
      </trkpt>
      <trkpt lat="8.994983" lon="-79.540894">
        <time>2026-09-09T12:00:01Z</time>
      </trkpt>
      <trkpt lat="8.995008" lon="-79.540899">
        <time>2026-09-09T12:00:02Z</time>
      </trkpt>
      <trkpt lat="8.995037" lon="-79.540903">
        <time>2026-09-09T12:00:03Z</time>
      </trkpt>
      <trkpt lat="8.995063" lon="-79.540911">
        <time>2026-09-09T12:00:04Z</time>
      </trkpt>
      <trkpt lat="8.995090" lon="-79.540917">
        <time>2026-09-09T12:00:05Z</time>
      </trkpt>
      <trkpt lat="8.995117" lon="-79.540923">
        <time>2026-09-09T12:00:06Z</time>
      </trkpt>
      <trkpt lat="8.995140" lon="-79.540928">
        <time>2026-09-09T12:00:07Z</time>
      </trkpt>
      <trkpt lat="8.995168" lon="-79.540935">
        <time>2026-09-09T12:00:08Z</time>
      </trkpt>
      <trkpt lat="8.995192" lon="-79.540942">
        <time>2026-09-09T12:00:09Z</time>
      </trkpt>
      <trkpt lat="8.995217" lon="-79.540949">
        <time>2026-09-09T12:00:10Z</time>
      </trkpt>
      <trkpt lat="8.995242" lon="-79.540955">
        <time>2026-09-09T12:00:11Z</time>
      </trkpt>
      <trkpt lat="8.995267" lon="-79.540963">
        <time>2026-09-09T12:00:12Z</time>
      </trkpt>
      <trkpt lat="8.995292" lon="-79.540967">
        <time>2026-09-09T12:00:13Z</time>
      </trkpt>
      <trkpt lat="8.995315" lon="-79.540971">
        <time>2026-09-09T12:00:14Z</time>
      </trkpt>
      <trkpt lat="8.995339" lon="-79.540976">
        <time>2026-09-09T12:00:15Z</time>
      </trkpt>
      <trkpt lat="8.995365" lon="-79.540978">
        <time>2026-09-09T12:00:16Z</time>
      </trkpt>
      <trkpt lat="8.995393" lon="-79.540979">
        <time>2026-09-09T12:00:17Z</time>
      </trkpt>
      <trkpt lat="8.995422" lon="-79.540974">
        <time>2026-09-09T12:00:18Z</time>
      </trkpt>
      <trkpt lat="8.995454" lon="-79.540969">
        <time>2026-09-09T12:00:19Z</time>
      </trkpt>
      <trkpt lat="8.995484" lon="-79.540969">
        <time>2026-09-09T12:00:20Z</time>
      </trkpt>
      <trkpt lat="8.995515" lon="-79.540968">
        <time>2026-09-09T12:00:21Z</time>
      </trkpt>
      <trkpt lat="8.995543" lon="-79.540968">
        <time>2026-09-09T12:00:22Z</time>
      </trkpt>
      <trkpt lat="8.995572" lon="-79.540967">
        <time>2026-09-09T12:00:23Z</time>
      </trkpt>
      <trkpt lat="8.995604" lon="-79.540967">
        <time>2026-09-09T12:00:24Z</time>
      </trkpt>
      <trkpt lat="8.995635" lon="-79.540969">
        <time>2026-09-09T12:00:25Z</time>
      </trkpt>
      <trkpt lat="8.995665" lon="-79.540966">
        <time>2026-09-09T12:00:26Z</time>
      </trkpt>
      <trkpt lat="8.995695" lon="-79.540962">
        <time>2026-09-09T12:00:27Z</time>
      </trkpt>
      <trkpt lat="8.995723" lon="-79.540958">
        <time>2026-09-09T12:00:28Z</time>
      </trkpt>
      <trkpt lat="8.995754" lon="-79.540948">
        <time>2026-09-09T12:00:29Z</time>
      </trkpt>
      <trkpt lat="8.995779" lon="-79.540941">
        <time>2026-09-09T12:00:30Z</time>
      </trkpt>
      <trkpt lat="8.995806" lon="-79.540937">
        <time>2026-09-09T12:00:31Z</time>
      </trkpt>
      <trkpt lat="8.995831" lon="-79.540929">
        <time>2026-09-09T12:00:32Z</time>
      </trkpt>
      <trkpt lat="8.995855" lon="-79.540918">
        <time>2026-09-09T12:00:33Z</time>
      </trkpt>
      <trkpt lat="8.995882" lon="-79.540907">
        <time>2026-09-09T12:00:34Z</time>
      </trkpt>
      <trkpt lat="8.995906" lon="-79.540899">
        <time>2026-09-09T12:00:35Z</time>
      </trkpt>
      <trkpt lat="8.995928" lon="-79.540886">
        <time>2026-09-09T12:00:36Z</time>
      </trkpt>
      <trkpt lat="8.995951" lon="-79.540873">
        <time>2026-09-09T12:00:37Z</time>
      </trkpt>
      <trkpt lat="8.995974" lon="-79.540862">
        <time>2026-09-09T12:00:38Z</time>
      </trkpt>
      <trkpt lat="8.996000" lon="-79.540850">
        <time>2026-09-09T12:00:39Z</time>
      </trkpt>
      <trkpt lat="8.996024" lon="-79.540840">
        <time>2026-09-09T12:00:40Z</time>
      </trkpt>
      <trkpt lat="8.996045" lon="-79.540830">
        <time>2026-09-09T12:00:41Z</time>
      </trkpt>
      <trkpt lat="8.996070" lon="-79.540816">
        <time>2026-09-09T12:00:42Z</time>
      </trkpt>
      <trkpt lat="8.996093" lon="-79.540806">
        <time>2026-09-09T12:00:43Z</time>
      </trkpt>
      <trkpt lat="8.996118" lon="-79.540794">
        <time>2026-09-09T12:00:44Z</time>
      </trkpt>
      <trkpt lat="8.996138" lon="-79.540779">
        <time>2026-09-09T12:00:45Z</time>
      </trkpt>
      <trkpt lat="8.996158" lon="-79.540764">
        <time>2026-09-09T12:00:46Z</time>
      </trkpt>
      <trkpt lat="8.996169" lon="-79.540736">
        <time>2026-09-09T12:00:47Z</time>
      </trkpt>
      <trkpt lat="8.996174" lon="-79.540712">
        <time>2026-09-09T12:00:48Z</time>
      </trkpt>
      <trkpt lat="8.996176" lon="-79.540685">
        <time>2026-09-09T12:00:49Z</time>
      </trkpt>
      <trkpt lat="8.996185" lon="-79.540660">
        <time>2026-09-09T12:00:50Z</time>
      </trkpt>
      <trkpt lat="8.996196" lon="-79.540639">
        <time>2026-09-09T12:00:51Z</time>
      </trkpt>
      <trkpt lat="8.996213" lon="-79.540617">
        <time>2026-09-09T12:00:52Z</time>
      </trkpt>
      <trkpt lat="8.996235" lon="-79.540603">
        <time>2026-09-09T12:00:53Z</time>
      </trkpt>
      <trkpt lat="8.996253" lon="-79.540583">
        <time>2026-09-09T12:00:54Z</time>
      </trkpt>
      <trkpt lat="8.996275" lon="-79.540565">
        <time>2026-09-09T12:00:55Z</time>
      </trkpt>
      <trkpt lat="8.996294" lon="-79.540547">
        <time>2026-09-09T12:00:56Z</time>
      </trkpt>
      <trkpt lat="8.996313" lon="-79.540529">
        <time>2026-09-09T12:00:57Z</time>
      </trkpt>
      <trkpt lat="8.996335" lon="-79.540514">
        <time>2026-09-09T12:00:58Z</time>
      </trkpt>
      <trkpt lat="8.996354" lon="-79.540498">
        <time>2026-09-09T12:00:59Z</time>
      </trkpt>
      <trkpt lat="8.996373" lon="-79.540483">
        <time>2026-09-09T12:01:00Z</time>
      </trkpt>
      <trkpt lat="8.996393" lon="-79.540467">
        <time>2026-09-09T12:01:01Z</time>
      </trkpt>
      <trkpt lat="8.996413" lon="-79.540448">
        <time>2026-09-09T12:01:02Z</time>
      </trkpt>
      <trkpt lat="8.996431" lon="-79.540429">
        <time>2026-09-09T12:01:03Z</time>
      </trkpt>
      <trkpt lat="8.996449" lon="-79.540409">
        <time>2026-09-09T12:01:04Z</time>
      </trkpt>
      <trkpt lat="8.996470" lon="-79.540389">
        <time>2026-09-09T12:01:05Z</time>
      </trkpt>
      <trkpt lat="8.996488" lon="-79.540369">
        <time>2026-09-09T12:01:06Z</time>
      </trkpt>
      <trkpt lat="8.996506" lon="-79.540344">
        <time>2026-09-09T12:01:07Z</time>
      </trkpt>
      <trkpt lat="8.996521" lon="-79.540318">
        <time>2026-09-09T12:01:08Z</time>
      </trkpt>
      <trkpt lat="8.996537" lon="-79.540292">
        <time>2026-09-09T12:01:09Z</time>
      </trkpt>
      <trkpt lat="8.996550" lon="-79.540263">
        <time>2026-09-09T12:01:10Z</time>
      </trkpt>
      <trkpt lat="8.996559" lon="-79.540237">
        <time>2026-09-09T12:01:11Z</time>
      </trkpt>
      <trkpt lat="8.996573" lon="-79.540211">
        <time>2026-09-09T12:01:12Z</time>
      </trkpt>
      <trkpt lat="8.996583" lon="-79.540184">
        <time>2026-09-09T12:01:13Z</time>
      </trkpt>
      <trkpt lat="8.996591" lon="-79.540154">
        <time>2026-09-09T12:01:14Z</time>
      </trkpt>
      <trkpt lat="8.996604" lon="-79.540127">
        <time>2026-09-09T12:01:15Z</time>
      </trkpt>
      <trkpt lat="8.996611" lon="-79.540101">
        <time>2026-09-09T12:01:16Z</time>
      </trkpt>
      <trkpt lat="8.996619" lon="-79.540072">
        <time>2026-09-09T12:01:17Z</time>
      </trkpt>
      <trkpt lat="8.996629" lon="-79.540048">
        <time>2026-09-09T12:01:18Z</time>
      </trkpt>
      <trkpt lat="8.996637" lon="-79.540022">
        <time>2026-09-09T12:01:19Z</time>
      </trkpt>
      <trkpt lat="8.996647" lon="-79.539991">
        <time>2026-09-09T12:01:20Z</time>
      </trkpt>
      <trkpt lat="8.996654" lon="-79.539962">
        <time>2026-09-09T12:01:21Z</time>
      </trkpt>
      <trkpt lat="8.996657" lon="-79.539931">
        <time>2026-09-09T12:01:22Z</time>
      </trkpt>
      <trkpt lat="8.996661" lon="-79.539900">
        <time>2026-09-09T12:01:23Z</time>
      </trkpt>
      <trkpt lat="8.996663" lon="-79.539871">
        <time>2026-09-09T12:01:24Z</time>
      </trkpt>
      <trkpt lat="8.996666" lon="-79.539841">
        <time>2026-09-09T12:01:25Z</time>
      </trkpt>
      <trkpt lat="8.996668" lon="-79.539812">
        <time>2026-09-09T12:01:26Z</time>
      </trkpt>
      <trkpt lat="8.996669" lon="-79.539782">
        <time>2026-09-09T12:01:27Z</time>
      </trkpt>
      <trkpt lat="8.996668" lon="-79.539752">
        <time>2026-09-09T12:01:28Z</time>
      </trkpt>
      <trkpt lat="8.996663" lon="-79.539721">
        <time>2026-09-09T12:01:29Z</time>
      </trkpt>
      <trkpt lat="8.996661" lon="-79.539693">
        <time>2026-09-09T12:01:30Z</time>
      </trkpt>
      <trkpt lat="8.996661" lon="-79.539664">
        <time>2026-09-09T12:01:31Z</time>
      </trkpt>
      <trkpt lat="8.996663" lon="-79.539634">
        <time>2026-09-09T12:01:32Z</time>
      </trkpt>
      <trkpt lat="8.996662" lon="-79.539607">
        <time>2026-09-09T12:01:33Z</time>
      </trkpt>
      <trkpt lat="8.996661" lon="-79.539577">
        <time>2026-09-09T12:01:34Z</time>
      </trkpt>
      <trkpt lat="8.996660" lon="-79.539549">
        <time>2026-09-09T12:01:35Z</time>
      </trkpt>
      <trkpt lat="8.996662" lon="-79.539523">
        <time>2026-09-09T12:01:36Z</time>
      </trkpt>
      <trkpt lat="8.996660" lon="-79.539494">
        <time>2026-09-09T12:01:37Z</time>
      </trkpt>
      <trkpt lat="8.996655" lon="-79.539468">
        <time>2026-09-09T12:01:38Z</time>
      </trkpt>
      <trkpt lat="8.996641" lon="-79.539439">
        <time>2026-09-09T12:01:39Z</time>
      </trkpt>
      <trkpt lat="8.996620" lon="-79.539418">
        <time>2026-09-09T12:01:40Z</time>
      </trkpt>
      <trkpt lat="8.996595" lon="-79.539402">
        <time>2026-09-09T12:01:41Z</time>
      </trkpt>
      <trkpt lat="8.996569" lon="-79.539387">
        <time>2026-09-09T12:01:42Z</time>
      </trkpt>
      <trkpt lat="8.996542" lon="-79.539374">
        <time>2026-09-09T12:01:43Z</time>
      </trkpt>
      <trkpt lat="8.996515" lon="-79.539366">
        <time>2026-09-09T12:01:44Z</time>
      </trkpt>
      <trkpt lat="8.996489" lon="-79.539359">
        <time>2026-09-09T12:01:45Z</time>
      </trkpt>
      <trkpt lat="8.996460" lon="-79.539354">
        <time>2026-09-09T12:01:46Z</time>
      </trkpt>
      <trkpt lat="8.996436" lon="-79.539350">
        <time>2026-09-09T12:01:47Z</time>
      </trkpt>
      <trkpt lat="8.996406" lon="-79.539346">
        <time>2026-09-09T12:01:48Z</time>
      </trkpt>
      <trkpt lat="8.996377" lon="-79.539347">
        <time>2026-09-09T12:01:49Z</time>
      </trkpt>
      <trkpt lat="8.996348" lon="-79.539345">
        <time>2026-09-09T12:01:50Z</time>
      </trkpt>
      <trkpt lat="8.996320" lon="-79.539338">
        <time>2026-09-09T12:01:51Z</time>
      </trkpt>
      <trkpt lat="8.996291" lon="-79.539332">
        <time>2026-09-09T12:01:52Z</time>
      </trkpt>
      <trkpt lat="8.996263" lon="-79.539334">
        <time>2026-09-09T12:01:53Z</time>
      </trkpt>
      <trkpt lat="8.996234" lon="-79.539333">
        <time>2026-09-09T12:01:54Z</time>
      </trkpt>
      <trkpt lat="8.996207" lon="-79.539333">
        <time>2026-09-09T12:01:55Z</time>
      </trkpt>
      <trkpt lat="8.996181" lon="-79.539330">
        <time>2026-09-09T12:01:56Z</time>
      </trkpt>
      <trkpt lat="8.996154" lon="-79.539324">
        <time>2026-09-09T12:01:57Z</time>
      </trkpt>
      <trkpt lat="8.996127" lon="-79.539322">
        <time>2026-09-09T12:01:58Z</time>
      </trkpt>
      <trkpt lat="8.996099" lon="-79.539317">
        <time>2026-09-09T12:01:59Z</time>
      </trkpt>
      <trkpt lat="8.996069" lon="-79.539317">
        <time>2026-09-09T12:02:00Z</time>
      </trkpt>
      <trkpt lat="8.996043" lon="-79.539319">
        <time>2026-09-09T12:02:01Z</time>
      </trkpt>
      <trkpt lat="8.996015" lon="-79.539318">
        <time>2026-09-09T12:02:02Z</time>
      </trkpt>
      <trkpt lat="8.995986" lon="-79.539318">
        <time>2026-09-09T12:02:03Z</time>
      </trkpt>
      <trkpt lat="8.995956" lon="-79.539316">
        <time>2026-09-09T12:02:04Z</time>
      </trkpt>
      <trkpt lat="8.995925" lon="-79.539316">
        <time>2026-09-09T12:02:05Z</time>
      </trkpt>
      <trkpt lat="8.995894" lon="-79.539313">
        <time>2026-09-09T12:02:06Z</time>
      </trkpt>
      <trkpt lat="8.995867" lon="-79.539317">
        <time>2026-09-09T12:02:07Z</time>
      </trkpt>
      <trkpt lat="8.995840" lon="-79.539314">
        <time>2026-09-09T12:02:08Z</time>
      </trkpt>
      <trkpt lat="8.995813" lon="-79.539306">
        <time>2026-09-09T12:02:09Z</time>
      </trkpt>
      <trkpt lat="8.995786" lon="-79.539300">
        <time>2026-09-09T12:02:10Z</time>
      </trkpt>
      <trkpt lat="8.995757" lon="-79.539301">
        <time>2026-09-09T12:02:11Z</time>
      </trkpt>
      <trkpt lat="8.995728" lon="-79.539301">
        <time>2026-09-09T12:02:12Z</time>
      </trkpt>
      <trkpt lat="8.995699" lon="-79.539299">
        <time>2026-09-09T12:02:13Z</time>
      </trkpt>
      <trkpt lat="8.995669" lon="-79.539299">
        <time>2026-09-09T12:02:14Z</time>
      </trkpt>
      <trkpt lat="8.995638" lon="-79.539295">
        <time>2026-09-09T12:02:15Z</time>
      </trkpt>
      <trkpt lat="8.995612" lon="-79.539295">
        <time>2026-09-09T12:02:16Z</time>
      </trkpt>
      <trkpt lat="8.995584" lon="-79.539297">
        <time>2026-09-09T12:02:17Z</time>
      </trkpt>
      <trkpt lat="8.995558" lon="-79.539297">
        <time>2026-09-09T12:02:18Z</time>
      </trkpt>
      <trkpt lat="8.995530" lon="-79.539295">
        <time>2026-09-09T12:02:19Z</time>
      </trkpt>
      <trkpt lat="8.995504" lon="-79.539295">
        <time>2026-09-09T12:02:20Z</time>
      </trkpt>
      <trkpt lat="8.995474" lon="-79.539294">
        <time>2026-09-09T12:02:21Z</time>
      </trkpt>
      <trkpt lat="8.995447" lon="-79.539292">
        <time>2026-09-09T12:02:22Z</time>
      </trkpt>
      <trkpt lat="8.995420" lon="-79.539292">
        <time>2026-09-09T12:02:23Z</time>
      </trkpt>
      <trkpt lat="8.995392" lon="-79.539295">
        <time>2026-09-09T12:02:24Z</time>
      </trkpt>
      <trkpt lat="8.995364" lon="-79.539292">
        <time>2026-09-09T12:02:25Z</time>
      </trkpt>
      <trkpt lat="8.995334" lon="-79.539292">
        <time>2026-09-09T12:02:26Z</time>
      </trkpt>
      <trkpt lat="8.995305" lon="-79.539294">
        <time>2026-09-09T12:02:27Z</time>
      </trkpt>
      <trkpt lat="8.995278" lon="-79.539294">
        <time>2026-09-09T12:02:28Z</time>
      </trkpt>
      <trkpt lat="8.995249" lon="-79.539298">
        <time>2026-09-09T12:02:29Z</time>
      </trkpt>
      <trkpt lat="8.995224" lon="-79.539299">
        <time>2026-09-09T12:02:30Z</time>
      </trkpt>
      <trkpt lat="8.995197" lon="-79.539301">
        <time>2026-09-09T12:02:31Z</time>
      </trkpt>
      <trkpt lat="8.995169" lon="-79.539297">
        <time>2026-09-09T12:02:32Z</time>
      </trkpt>
      <trkpt lat="8.995140" lon="-79.539296">
        <time>2026-09-09T12:02:33Z</time>
      </trkpt>
      <trkpt lat="8.995111" lon="-79.539297">
        <time>2026-09-09T12:02:34Z</time>
      </trkpt>
      <trkpt lat="8.995083" lon="-79.539296">
        <time>2026-09-09T12:02:35Z</time>
      </trkpt>
      <trkpt lat="8.995052" lon="-79.539296">
        <time>2026-09-09T12:02:36Z</time>
      </trkpt>
      <trkpt lat="8.995025" lon="-79.539292">
        <time>2026-09-09T12:02:37Z</time>
      </trkpt>
      <trkpt lat="8.994997" lon="-79.539293">
        <time>2026-09-09T12:02:38Z</time>
      </trkpt>
      <trkpt lat="8.994970" lon="-79.539295">
        <time>2026-09-09T12:02:39Z</time>
      </trkpt>
      <trkpt lat="8.994943" lon="-79.539297">
        <time>2026-09-09T12:02:40Z</time>
      </trkpt>
      <trkpt lat="8.994913" lon="-79.539299">
        <time>2026-09-09T12:02:41Z</time>
      </trkpt>
      <trkpt lat="8.994885" lon="-79.539301">
        <time>2026-09-09T12:02:42Z</time>
      </trkpt>
      <trkpt lat="8.994855" lon="-79.539303">
        <time>2026-09-09T12:02:43Z</time>
      </trkpt>
      <trkpt lat="8.994827" lon="-79.539305">
        <time>2026-09-09T12:02:44Z</time>
      </trkpt>
      <trkpt lat="8.994799" lon="-79.539302">
        <time>2026-09-09T12:02:45Z</time>
      </trkpt>
      <trkpt lat="8.994771" lon="-79.539303">
        <time>2026-09-09T12:02:46Z</time>
      </trkpt>
      <trkpt lat="8.994745" lon="-79.539302">
        <time>2026-09-09T12:02:47Z</time>
      </trkpt>
      <trkpt lat="8.994716" lon="-79.539300">
        <time>2026-09-09T12:02:48Z</time>
      </trkpt>
      <trkpt lat="8.994691" lon="-79.539297">
        <time>2026-09-09T12:02:49Z</time>
      </trkpt>
      <trkpt lat="8.994663" lon="-79.539296">
        <time>2026-09-09T12:02:50Z</time>
      </trkpt>
      <trkpt lat="8.994635" lon="-79.539297">
        <time>2026-09-09T12:02:51Z</time>
      </trkpt>
      <trkpt lat="8.994606" lon="-79.539297">
        <time>2026-09-09T12:02:52Z</time>
      </trkpt>
      <trkpt lat="8.994576" lon="-79.539295">
        <time>2026-09-09T12:02:53Z</time>
      </trkpt>
      <trkpt lat="8.994548" lon="-79.539291">
        <time>2026-09-09T12:02:54Z</time>
      </trkpt>
      <trkpt lat="8.994522" lon="-79.539292">
        <time>2026-09-09T12:02:55Z</time>
      </trkpt>
      <trkpt lat="8.994495" lon="-79.539289">
        <time>2026-09-09T12:02:56Z</time>
      </trkpt>
      <trkpt lat="8.994468" lon="-79.539288">
        <time>2026-09-09T12:02:57Z</time>
      </trkpt>
      <trkpt lat="8.994442" lon="-79.539288">
        <time>2026-09-09T12:02:58Z</time>
      </trkpt>
      <trkpt lat="8.994415" lon="-79.539287">
        <time>2026-09-09T12:02:59Z</time>
      </trkpt>
      <trkpt lat="8.994387" lon="-79.539286">
        <time>2026-09-09T12:03:00Z</time>
      </trkpt>
      <trkpt lat="8.994359" lon="-79.539284">
        <time>2026-09-09T12:03:01Z</time>
      </trkpt>
      <trkpt lat="8.994330" lon="-79.539283">
        <time>2026-09-09T12:03:02Z</time>
      </trkpt>
      <trkpt lat="8.994302" lon="-79.539281">
        <time>2026-09-09T12:03:03Z</time>
      </trkpt>
      <trkpt lat="8.994272" lon="-79.539277">
        <time>2026-09-09T12:03:04Z</time>
      </trkpt>
      <trkpt lat="8.994243" lon="-79.539272">
        <time>2026-09-09T12:03:05Z</time>
      </trkpt>
      <trkpt lat="8.994216" lon="-79.539270">
        <time>2026-09-09T12:03:06Z</time>
      </trkpt>
      <trkpt lat="8.994186" lon="-79.539266">
        <time>2026-09-09T12:03:07Z</time>
      </trkpt>
      <trkpt lat="8.994154" lon="-79.539264">
        <time>2026-09-09T12:03:08Z</time>
      </trkpt>
      <trkpt lat="8.994121" lon="-79.539265">
        <time>2026-09-09T12:03:09Z</time>
      </trkpt>
      <trkpt lat="8.994092" lon="-79.539266">
        <time>2026-09-09T12:03:10Z</time>
      </trkpt>
      <trkpt lat="8.994062" lon="-79.539262">
        <time>2026-09-09T12:03:11Z</time>
      </trkpt>
      <trkpt lat="8.994033" lon="-79.539260">
        <time>2026-09-09T12:03:12Z</time>
      </trkpt>
      <trkpt lat="8.994005" lon="-79.539257">
        <time>2026-09-09T12:03:13Z</time>
      </trkpt>
      <trkpt lat="8.993976" lon="-79.539248">
        <time>2026-09-09T12:03:14Z</time>
      </trkpt>
      <trkpt lat="8.993949" lon="-79.539244">
        <time>2026-09-09T12:03:15Z</time>
      </trkpt>
      <trkpt lat="8.993923" lon="-79.539240">
        <time>2026-09-09T12:03:16Z</time>
      </trkpt>
      <trkpt lat="8.993896" lon="-79.539231">
        <time>2026-09-09T12:03:17Z</time>
      </trkpt>
      <trkpt lat="8.993868" lon="-79.539223">
        <time>2026-09-09T12:03:18Z</time>
      </trkpt>
      <trkpt lat="8.993837" lon="-79.539218">
        <time>2026-09-09T12:03:19Z</time>
      </trkpt>
      <trkpt lat="8.993805" lon="-79.539214">
        <time>2026-09-09T12:03:20Z</time>
      </trkpt>
      <trkpt lat="8.993774" lon="-79.539205">
        <time>2026-09-09T12:03:21Z</time>
      </trkpt>
      <trkpt lat="8.993742" lon="-79.539198">
        <time>2026-09-09T12:03:22Z</time>
      </trkpt>
      <trkpt lat="8.993711" lon="-79.539191">
        <time>2026-09-09T12:03:23Z</time>
      </trkpt>
      <trkpt lat="8.993682" lon="-79.539185">
        <time>2026-09-09T12:03:24Z</time>
      </trkpt>
      <trkpt lat="8.993655" lon="-79.539178">
        <time>2026-09-09T12:03:25Z</time>
      </trkpt>
      <trkpt lat="8.993627" lon="-79.539171">
        <time>2026-09-09T12:03:26Z</time>
      </trkpt>
      <trkpt lat="8.993599" lon="-79.539162">
        <time>2026-09-09T12:03:27Z</time>
      </trkpt>
      <trkpt lat="8.993574" lon="-79.539155">
        <time>2026-09-09T12:03:28Z</time>
      </trkpt>
      <trkpt lat="8.993547" lon="-79.539145">
        <time>2026-09-09T12:03:29Z</time>
      </trkpt>
      <trkpt lat="8.993521" lon="-79.539133">
        <time>2026-09-09T12:03:30Z</time>
      </trkpt>
      <trkpt lat="8.993493" lon="-79.539122">
        <time>2026-09-09T12:03:31Z</time>
      </trkpt>
      <trkpt lat="8.993468" lon="-79.539111">
        <time>2026-09-09T12:03:32Z</time>
      </trkpt>
      <trkpt lat="8.993442" lon="-79.539099">
        <time>2026-09-09T12:03:33Z</time>
      </trkpt>
      <trkpt lat="8.993418" lon="-79.539084">
        <time>2026-09-09T12:03:34Z</time>
      </trkpt>
      <trkpt lat="8.993394" lon="-79.539072">
        <time>2026-09-09T12:03:35Z</time>
      </trkpt>
      <trkpt lat="8.993367" lon="-79.539061">
        <time>2026-09-09T12:03:36Z</time>
      </trkpt>
      <trkpt lat="8.993343" lon="-79.539045">
        <time>2026-09-09T12:03:37Z</time>
      </trkpt>
      <trkpt lat="8.993316" lon="-79.539033">
        <time>2026-09-09T12:03:38Z</time>
      </trkpt>
      <trkpt lat="8.993290" lon="-79.539019">
        <time>2026-09-09T12:03:39Z</time>
      </trkpt>
      <trkpt lat="8.993260" lon="-79.539005">
        <time>2026-09-09T12:03:40Z</time>
      </trkpt>
      <trkpt lat="8.993231" lon="-79.538993">
        <time>2026-09-09T12:03:41Z</time>
      </trkpt>
      <trkpt lat="8.993201" lon="-79.538977">
        <time>2026-09-09T12:03:42Z</time>
      </trkpt>
      <trkpt lat="8.993173" lon="-79.538962">
        <time>2026-09-09T12:03:43Z</time>
      </trkpt>
      <trkpt lat="8.993147" lon="-79.538948">
        <time>2026-09-09T12:03:44Z</time>
      </trkpt>
      <trkpt lat="8.993120" lon="-79.538935">
        <time>2026-09-09T12:03:45Z</time>
      </trkpt>
      <trkpt lat="8.993092" lon="-79.538919">
        <time>2026-09-09T12:03:46Z</time>
      </trkpt>
      <trkpt lat="8.993066" lon="-79.538906">
        <time>2026-09-09T12:03:47Z</time>
      </trkpt>
      <trkpt lat="8.993042" lon="-79.538896">
        <time>2026-09-09T12:03:48Z</time>
      </trkpt>
      <trkpt lat="8.993018" lon="-79.538881">
        <time>2026-09-09T12:03:49Z</time>
      </trkpt>
      <trkpt lat="8.992995" lon="-79.538864">
        <time>2026-09-09T12:03:50Z</time>
      </trkpt>
      <trkpt lat="8.992974" lon="-79.538850">
        <time>2026-09-09T12:03:51Z</time>
      </trkpt>
      <trkpt lat="8.992950" lon="-79.538832">
        <time>2026-09-09T12:03:52Z</time>
      </trkpt>
      <trkpt lat="8.992927" lon="-79.538817">
        <time>2026-09-09T12:03:53Z</time>
      </trkpt>
      <trkpt lat="8.992907" lon="-79.538801">
        <time>2026-09-09T12:03:54Z</time>
      </trkpt>
      <trkpt lat="8.992884" lon="-79.538784">
        <time>2026-09-09T12:03:55Z</time>
      </trkpt>
      <trkpt lat="8.992861" lon="-79.538764">
        <time>2026-09-09T12:03:56Z</time>
      </trkpt>
      <trkpt lat="8.992838" lon="-79.538745">
        <time>2026-09-09T12:03:57Z</time>
      </trkpt>
      <trkpt lat="8.992817" lon="-79.538727">
        <time>2026-09-09T12:03:58Z</time>
      </trkpt>
      <trkpt lat="8.992793" lon="-79.538708">
        <time>2026-09-09T12:03:59Z</time>
      </trkpt>
      <trkpt lat="8.992770" lon="-79.538687">
        <time>2026-09-09T12:04:00Z</time>
      </trkpt>
      <trkpt lat="8.992748" lon="-79.538669">
        <time>2026-09-09T12:04:01Z</time>
      </trkpt>
      <trkpt lat="8.992724" lon="-79.538649">
        <time>2026-09-09T12:04:02Z</time>
      </trkpt>
      <trkpt lat="8.992701" lon="-79.538627">
        <time>2026-09-09T12:04:03Z</time>
      </trkpt>
      <trkpt lat="8.992677" lon="-79.538606">
        <time>2026-09-09T12:04:04Z</time>
      </trkpt>
      <trkpt lat="8.992653" lon="-79.538585">
        <time>2026-09-09T12:04:05Z</time>
      </trkpt>
      <trkpt lat="8.992632" lon="-79.538563">
        <time>2026-09-09T12:04:06Z</time>
      </trkpt>
      <trkpt lat="8.992607" lon="-79.538540">
        <time>2026-09-09T12:04:07Z</time>
      </trkpt>
      <trkpt lat="8.992584" lon="-79.538519">
        <time>2026-09-09T12:04:08Z</time>
      </trkpt>
      <trkpt lat="8.992560" lon="-79.538496">
        <time>2026-09-09T12:04:09Z</time>
      </trkpt>
      <trkpt lat="8.992538" lon="-79.538474">
        <time>2026-09-09T12:04:10Z</time>
      </trkpt>
      <trkpt lat="8.992516" lon="-79.538452">
        <time>2026-09-09T12:04:11Z</time>
      </trkpt>
      <trkpt lat="8.992489" lon="-79.538431">
        <time>2026-09-09T12:04:12Z</time>
      </trkpt>
      <trkpt lat="8.992463" lon="-79.538411">
        <time>2026-09-09T12:04:13Z</time>
      </trkpt>
      <trkpt lat="8.992439" lon="-79.538386">
        <time>2026-09-09T12:04:14Z</time>
      </trkpt>
      <trkpt lat="8.992416" lon="-79.538358">
        <time>2026-09-09T12:04:15Z</time>
      </trkpt>
      <trkpt lat="8.992401" lon="-79.538334">
        <time>2026-09-09T12:04:16Z</time>
      </trkpt>
      <trkpt lat="8.992397" lon="-79.538309">
        <time>2026-09-09T12:04:17Z</time>
      </trkpt>
      <trkpt lat="8.992403" lon="-79.538285">
        <time>2026-09-09T12:04:18Z</time>
      </trkpt>
      <trkpt lat="8.992414" lon="-79.538265">
        <time>2026-09-09T12:04:19Z</time>
      </trkpt>
      <trkpt lat="8.992427" lon="-79.538243">
        <time>2026-09-09T12:04:20Z</time>
      </trkpt>
      <trkpt lat="8.992437" lon="-79.538223">
        <time>2026-09-09T12:04:21Z</time>
      </trkpt>
      <trkpt lat="8.992449" lon="-79.538200">
        <time>2026-09-09T12:04:22Z</time>
      </trkpt>
      <trkpt lat="8.992465" lon="-79.538182">
        <time>2026-09-09T12:04:23Z</time>
      </trkpt>
      <trkpt lat="8.992483" lon="-79.538164">
        <time>2026-09-09T12:04:24Z</time>
      </trkpt>
      <trkpt lat="8.992502" lon="-79.538145">
        <time>2026-09-09T12:04:25Z</time>
      </trkpt>
      <trkpt lat="8.992521" lon="-79.538133">
        <time>2026-09-09T12:04:26Z</time>
      </trkpt>
      <trkpt lat="8.992536" lon="-79.538116">
        <time>2026-09-09T12:04:27Z</time>
      </trkpt>
      <trkpt lat="8.992554" lon="-79.538098">
        <time>2026-09-09T12:04:28Z</time>
      </trkpt>
      <trkpt lat="8.992573" lon="-79.538084">
        <time>2026-09-09T12:04:29Z</time>
      </trkpt>
      <trkpt lat="8.992592" lon="-79.538069">
        <time>2026-09-09T12:04:30Z</time>
      </trkpt>
      <trkpt lat="8.992610" lon="-79.538056">
        <time>2026-09-09T12:04:31Z</time>
      </trkpt>
      <trkpt lat="8.992631" lon="-79.538040">
        <time>2026-09-09T12:04:32Z</time>
      </trkpt>
      <trkpt lat="8.992651" lon="-79.538025">
        <time>2026-09-09T12:04:33Z</time>
      </trkpt>
      <trkpt lat="8.992672" lon="-79.538008">
        <time>2026-09-09T12:04:34Z</time>
      </trkpt>
      <trkpt lat="8.992694" lon="-79.537990">
        <time>2026-09-09T12:04:35Z</time>
      </trkpt>
      <trkpt lat="8.992713" lon="-79.537977">
        <time>2026-09-09T12:04:36Z</time>
      </trkpt>
      <trkpt lat="8.992731" lon="-79.537962">
        <time>2026-09-09T12:04:37Z</time>
      </trkpt>
      <trkpt lat="8.992750" lon="-79.537946">
        <time>2026-09-09T12:04:38Z</time>
      </trkpt>
      <trkpt lat="8.992770" lon="-79.537930">
        <time>2026-09-09T12:04:39Z</time>
      </trkpt>
      <trkpt lat="8.992788" lon="-79.537916">
        <time>2026-09-09T12:04:40Z</time>
      </trkpt>
      <trkpt lat="8.992807" lon="-79.537900">
        <time>2026-09-09T12:04:41Z</time>
      </trkpt>
      <trkpt lat="8.992823" lon="-79.537883">
        <time>2026-09-09T12:04:42Z</time>
      </trkpt>
      <trkpt lat="8.992843" lon="-79.537864">
        <time>2026-09-09T12:04:43Z</time>
      </trkpt>
      <trkpt lat="8.992864" lon="-79.537849">
        <time>2026-09-09T12:04:44Z</time>
      </trkpt>
      <trkpt lat="8.992883" lon="-79.537830">
        <time>2026-09-09T12:04:45Z</time>
      </trkpt>
      <trkpt lat="8.992901" lon="-79.537810">
        <time>2026-09-09T12:04:46Z</time>
      </trkpt>
      <trkpt lat="8.992921" lon="-79.537791">
        <time>2026-09-09T12:04:47Z</time>
      </trkpt>
      <trkpt lat="8.992939" lon="-79.537773">
        <time>2026-09-09T12:04:48Z</time>
      </trkpt>
      <trkpt lat="8.992956" lon="-79.537753">
        <time>2026-09-09T12:04:49Z</time>
      </trkpt>
      <trkpt lat="8.992975" lon="-79.537730">
        <time>2026-09-09T12:04:50Z</time>
      </trkpt>
      <trkpt lat="8.992994" lon="-79.537710">
        <time>2026-09-09T12:04:51Z</time>
      </trkpt>
      <trkpt lat="8.993011" lon="-79.537693">
        <time>2026-09-09T12:04:52Z</time>
      </trkpt>
      <trkpt lat="8.993028" lon="-79.537675">
        <time>2026-09-09T12:04:53Z</time>
      </trkpt>
      <trkpt lat="8.993046" lon="-79.537654">
        <time>2026-09-09T12:04:54Z</time>
      </trkpt>
      <trkpt lat="8.993064" lon="-79.537633">
        <time>2026-09-09T12:04:55Z</time>
      </trkpt>
      <trkpt lat="8.993082" lon="-79.537613">
        <time>2026-09-09T12:04:56Z</time>
      </trkpt>
      <trkpt lat="8.993098" lon="-79.537594">
        <time>2026-09-09T12:04:57Z</time>
      </trkpt>
      <trkpt lat="8.993113" lon="-79.537572">
        <time>2026-09-09T12:04:58Z</time>
      </trkpt>
      <trkpt lat="8.993128" lon="-79.537551">
        <time>2026-09-09T12:04:59Z</time>
      </trkpt>
      <trkpt lat="8.993143" lon="-79.537532">
        <time>2026-09-09T12:05:00Z</time>
      </trkpt>
      <trkpt lat="8.993158" lon="-79.537509">
        <time>2026-09-09T12:05:01Z</time>
      </trkpt>
      <trkpt lat="8.993169" lon="-79.537484">
        <time>2026-09-09T12:05:02Z</time>
      </trkpt>
      <trkpt lat="8.993184" lon="-79.537460">
        <time>2026-09-09T12:05:03Z</time>
      </trkpt>
      <trkpt lat="8.993197" lon="-79.537434">
        <time>2026-09-09T12:05:04Z</time>
      </trkpt>
      <trkpt lat="8.993211" lon="-79.537408">
        <time>2026-09-09T12:05:05Z</time>
      </trkpt>
      <trkpt lat="8.993223" lon="-79.537383">
        <time>2026-09-09T12:05:06Z</time>
      </trkpt>
      <trkpt lat="8.993236" lon="-79.537356">
        <time>2026-09-09T12:05:07Z</time>
      </trkpt>
      <trkpt lat="8.993248" lon="-79.537327">
        <time>2026-09-09T12:05:08Z</time>
      </trkpt>
      <trkpt lat="8.993258" lon="-79.537300">
        <time>2026-09-09T12:05:09Z</time>
      </trkpt>
      <trkpt lat="8.993267" lon="-79.537274">
        <time>2026-09-09T12:05:10Z</time>
      </trkpt>
      <trkpt lat="8.993275" lon="-79.537250">
        <time>2026-09-09T12:05:11Z</time>
      </trkpt>
      <trkpt lat="8.993284" lon="-79.537223">
        <time>2026-09-09T12:05:12Z</time>
      </trkpt>
      <trkpt lat="8.993292" lon="-79.537199">
        <time>2026-09-09T12:05:13Z</time>
      </trkpt>
      <trkpt lat="8.993298" lon="-79.537174">
        <time>2026-09-09T12:05:14Z</time>
      </trkpt>
      <trkpt lat="8.993306" lon="-79.537148">
        <time>2026-09-09T12:05:15Z</time>
      </trkpt>
      <trkpt lat="8.993314" lon="-79.537122">
        <time>2026-09-09T12:05:16Z</time>
      </trkpt>
      <trkpt lat="8.993321" lon="-79.537092">
        <time>2026-09-09T12:05:17Z</time>
      </trkpt>
      <trkpt lat="8.993328" lon="-79.537064">
        <time>2026-09-09T12:05:18Z</time>
      </trkpt>
      <trkpt lat="8.993333" lon="-79.537038">
        <time>2026-09-09T12:05:19Z</time>
      </trkpt>
      <trkpt lat="8.993339" lon="-79.537007">
        <time>2026-09-09T12:05:20Z</time>
      </trkpt>
      <trkpt lat="8.993342" lon="-79.536976">
        <time>2026-09-09T12:05:21Z</time>
      </trkpt>
      <trkpt lat="8.993344" lon="-79.536944">
        <time>2026-09-09T12:05:22Z</time>
      </trkpt>
      <trkpt lat="8.993347" lon="-79.536916">
        <time>2026-09-09T12:05:23Z</time>
      </trkpt>
      <trkpt lat="8.993349" lon="-79.536885">
        <time>2026-09-09T12:05:24Z</time>
      </trkpt>
      <trkpt lat="8.993348" lon="-79.536855">
        <time>2026-09-09T12:05:25Z</time>
      </trkpt>
      <trkpt lat="8.993344" lon="-79.536825">
        <time>2026-09-09T12:05:26Z</time>
      </trkpt>
      <trkpt lat="8.993343" lon="-79.536797">
        <time>2026-09-09T12:05:27Z</time>
      </trkpt>
      <trkpt lat="8.993343" lon="-79.536770">
        <time>2026-09-09T12:05:28Z</time>
      </trkpt>
      <trkpt lat="8.993342" lon="-79.536742">
        <time>2026-09-09T12:05:29Z</time>
      </trkpt>
      <trkpt lat="8.993340" lon="-79.536708">
        <time>2026-09-09T12:05:30Z</time>
      </trkpt>
      <trkpt lat="8.993337" lon="-79.536680">
        <time>2026-09-09T12:05:31Z</time>
      </trkpt>
      <trkpt lat="8.993329" lon="-79.536650">
        <time>2026-09-09T12:05:32Z</time>
      </trkpt>
      <trkpt lat="8.993329" lon="-79.536624">
        <time>2026-09-09T12:05:33Z</time>
      </trkpt>
      <trkpt lat="8.993326" lon="-79.536598">
        <time>2026-09-09T12:05:34Z</time>
      </trkpt>
      <trkpt lat="8.993322" lon="-79.536572">
        <time>2026-09-09T12:05:35Z</time>
      </trkpt>
      <trkpt lat="8.993322" lon="-79.536548">
        <time>2026-09-09T12:05:36Z</time>
      </trkpt>
      <trkpt lat="8.993319" lon="-79.536522">
        <time>2026-09-09T12:05:37Z</time>
      </trkpt>
      <trkpt lat="8.993317" lon="-79.536500">
        <time>2026-09-09T12:05:38Z</time>
      </trkpt>
      <trkpt lat="8.993314" lon="-79.536475">
        <time>2026-09-09T12:05:39Z</time>
      </trkpt>
      <trkpt lat="8.993315" lon="-79.536448">
        <time>2026-09-09T12:05:40Z</time>
      </trkpt>
      <trkpt lat="8.993318" lon="-79.536422">
        <time>2026-09-09T12:05:41Z</time>
      </trkpt>
      <trkpt lat="8.993319" lon="-79.536394">
        <time>2026-09-09T12:05:42Z</time>
      </trkpt>
      <trkpt lat="8.993312" lon="-79.536372">
        <time>2026-09-09T12:05:43Z</time>
      </trkpt>
      <trkpt lat="8.993319" lon="-79.536377">
        <time>2026-09-09T12:05:44Z</time>
      </trkpt>
      <trkpt lat="8.993318" lon="-79.536360">
        <time>2026-09-09T12:05:45Z</time>
      </trkpt>
      <trkpt lat="8.993320" lon="-79.536340">
        <time>2026-09-09T12:05:46Z</time>
      </trkpt>
      <trkpt lat="8.993319" lon="-79.536314">
        <time>2026-09-09T12:05:47Z</time>
      </trkpt>
      <trkpt lat="8.993319" lon="-79.536287">
        <time>2026-09-09T12:05:48Z</time>
      </trkpt>
      <trkpt lat="8.993317" lon="-79.536262">
        <time>2026-09-09T12:05:49Z</time>
      </trkpt>
      <trkpt lat="8.993311" lon="-79.536236">
        <time>2026-09-09T12:05:50Z</time>
      </trkpt>
      <trkpt lat="8.993309" lon="-79.536211">
        <time>2026-09-09T12:05:51Z</time>
      </trkpt>
      <trkpt lat="8.993308" lon="-79.536188">
        <time>2026-09-09T12:05:52Z</time>
      </trkpt>
      <trkpt lat="8.993308" lon="-79.536162">
        <time>2026-09-09T12:05:53Z</time>
      </trkpt>
      <trkpt lat="8.993307" lon="-79.536141">
        <time>2026-09-09T12:05:54Z</time>
      </trkpt>
      <trkpt lat="8.993310" lon="-79.536125">
        <time>2026-09-09T12:05:55Z</time>
      </trkpt>
      <trkpt lat="8.993315" lon="-79.536102">
        <time>2026-09-09T12:05:56Z</time>
      </trkpt>
      <trkpt lat="8.993319" lon="-79.536079">
        <time>2026-09-09T12:05:57Z</time>
      </trkpt>
      <trkpt lat="8.993320" lon="-79.536054">
        <time>2026-09-09T12:05:58Z</time>
      </trkpt>
      <trkpt lat="8.993322" lon="-79.536026">
        <time>2026-09-09T12:05:59Z</time>
      </trkpt>
      <trkpt lat="8.993319" lon="-79.536002">
        <time>2026-09-09T12:06:00Z</time>
      </trkpt>
      <trkpt lat="8.993310" lon="-79.535979">
        <time>2026-09-09T12:06:01Z</time>
      </trkpt>
      <trkpt lat="8.993305" lon="-79.535956">
        <time>2026-09-09T12:06:02Z</time>
      </trkpt>
      <trkpt lat="8.993300" lon="-79.535936">
        <time>2026-09-09T12:06:03Z</time>
      </trkpt>
      <trkpt lat="8.993298" lon="-79.535913">
        <time>2026-09-09T12:06:04Z</time>
      </trkpt>
      <trkpt lat="8.993294" lon="-79.535894">
        <time>2026-09-09T12:06:05Z</time>
      </trkpt>
      <trkpt lat="8.993291" lon="-79.535878">
        <time>2026-09-09T12:06:06Z</time>
      </trkpt>
      <trkpt lat="8.993289" lon="-79.535858">
        <time>2026-09-09T12:06:07Z</time>
      </trkpt>
      <trkpt lat="8.993289" lon="-79.535840">
        <time>2026-09-09T12:06:08Z</time>
      </trkpt>
      <trkpt lat="8.993288" lon="-79.535820">
        <time>2026-09-09T12:06:09Z</time>
      </trkpt>
      <trkpt lat="8.993285" lon="-79.535801">
        <time>2026-09-09T12:06:10Z</time>
      </trkpt>
      <trkpt lat="8.993284" lon="-79.535789">
        <time>2026-09-09T12:06:11Z</time>
      </trkpt>
      <trkpt lat="8.993284" lon="-79.535776">
        <time>2026-09-09T12:06:12Z</time>
      </trkpt>
      <trkpt lat="8.993282" lon="-79.535753">
        <time>2026-09-09T12:06:13Z</time>
      </trkpt>
      <trkpt lat="8.993282" lon="-79.535734">
        <time>2026-09-09T12:06:14Z</time>
      </trkpt>
      <trkpt lat="8.993283" lon="-79.535711">
        <time>2026-09-09T12:06:15Z</time>
      </trkpt>
      <trkpt lat="8.993284" lon="-79.535688">
        <time>2026-09-09T12:06:16Z</time>
      </trkpt>
      <trkpt lat="8.993285" lon="-79.535665">
        <time>2026-09-09T12:06:17Z</time>
      </trkpt>
      <trkpt lat="8.993284" lon="-79.535639">
        <time>2026-09-09T12:06:18Z</time>
      </trkpt>
      <trkpt lat="8.993283" lon="-79.535617">
        <time>2026-09-09T12:06:19Z</time>
      </trkpt>
      <trkpt lat="8.993284" lon="-79.535597">
        <time>2026-09-09T12:06:20Z</time>
      </trkpt>
      <trkpt lat="8.993283" lon="-79.535573">
        <time>2026-09-09T12:06:21Z</time>
      </trkpt>
      <trkpt lat="8.993282" lon="-79.535553">
        <time>2026-09-09T12:06:22Z</time>
      </trkpt>
      <trkpt lat="8.993281" lon="-79.535532">
        <time>2026-09-09T12:06:23Z</time>
      </trkpt>
      <trkpt lat="8.993279" lon="-79.535508">
        <time>2026-09-09T12:06:24Z</time>
      </trkpt>
      <trkpt lat="8.993274" lon="-79.535489">
        <time>2026-09-09T12:06:25Z</time>
      </trkpt>
      <trkpt lat="8.993273" lon="-79.535470">
        <time>2026-09-09T12:06:26Z</time>
      </trkpt>
      <trkpt lat="8.993272" lon="-79.535449">
        <time>2026-09-09T12:06:27Z</time>
      </trkpt>
      <trkpt lat="8.993271" lon="-79.535431">
        <time>2026-09-09T12:06:28Z</time>
      </trkpt>
      <trkpt lat="8.993269" lon="-79.535407">
        <time>2026-09-09T12:06:29Z</time>
      </trkpt>
      <trkpt lat="8.993264" lon="-79.535384">
        <time>2026-09-09T12:06:30Z</time>
      </trkpt>
      <trkpt lat="8.993261" lon="-79.535364">
        <time>2026-09-09T12:06:31Z</time>
      </trkpt>
      <trkpt lat="8.993260" lon="-79.535344">
        <time>2026-09-09T12:06:32Z</time>
      </trkpt>
      <trkpt lat="8.993259" lon="-79.535324">
        <time>2026-09-09T12:06:33Z</time>
      </trkpt>
      <trkpt lat="8.993259" lon="-79.535305">
        <time>2026-09-09T12:06:34Z</time>
      </trkpt>
      <trkpt lat="8.993261" lon="-79.535283">
        <time>2026-09-09T12:06:35Z</time>
      </trkpt>
      <trkpt lat="8.993259" lon="-79.535263">
        <time>2026-09-09T12:06:36Z</time>
      </trkpt>
      <trkpt lat="8.993259" lon="-79.535243">
        <time>2026-09-09T12:06:37Z</time>
      </trkpt>
      <trkpt lat="8.993256" lon="-79.535220">
        <time>2026-09-09T12:06:38Z</time>
      </trkpt>
      <trkpt lat="8.993255" lon="-79.535199">
        <time>2026-09-09T12:06:39Z</time>
      </trkpt>
      <trkpt lat="8.993254" lon="-79.535184">
        <time>2026-09-09T12:06:40Z</time>
      </trkpt>
      <trkpt lat="8.993249" lon="-79.535162">
        <time>2026-09-09T12:06:41Z</time>
      </trkpt>
      <trkpt lat="8.993250" lon="-79.535141">
        <time>2026-09-09T12:06:42Z</time>
      </trkpt>
      <trkpt lat="8.993248" lon="-79.535119">
        <time>2026-09-09T12:06:43Z</time>
      </trkpt>
      <trkpt lat="8.993248" lon="-79.535096">
        <time>2026-09-09T12:06:44Z</time>
      </trkpt>
      <trkpt lat="8.993255" lon="-79.535076">
        <time>2026-09-09T12:06:45Z</time>
      </trkpt>
      <trkpt lat="8.993259" lon="-79.535053">
        <time>2026-09-09T12:06:46Z</time>
      </trkpt>
      <trkpt lat="8.993260" lon="-79.535032">
        <time>2026-09-09T12:06:47Z</time>
      </trkpt>
      <trkpt lat="8.993264" lon="-79.535009">
        <time>2026-09-09T12:06:48Z</time>
      </trkpt>
      <trkpt lat="8.993263" lon="-79.534982">
        <time>2026-09-09T12:06:49Z</time>
      </trkpt>
      <trkpt lat="8.993260" lon="-79.534959">
        <time>2026-09-09T12:06:50Z</time>
      </trkpt>
      <trkpt lat="8.993257" lon="-79.534935">
        <time>2026-09-09T12:06:51Z</time>
      </trkpt>
      <trkpt lat="8.993252" lon="-79.534910">
        <time>2026-09-09T12:06:52Z</time>
      </trkpt>
      <trkpt lat="8.993248" lon="-79.534887">
        <time>2026-09-09T12:06:53Z</time>
      </trkpt>
      <trkpt lat="8.993246" lon="-79.534866">
        <time>2026-09-09T12:06:54Z</time>
      </trkpt>
      <trkpt lat="8.993245" lon="-79.534845">
        <time>2026-09-09T12:06:55Z</time>
      </trkpt>
      <trkpt lat="8.993244" lon="-79.534825">
        <time>2026-09-09T12:06:56Z</time>
      </trkpt>
      <trkpt lat="8.993244" lon="-79.534803">
        <time>2026-09-09T12:06:57Z</time>
      </trkpt>
      <trkpt lat="8.993242" lon="-79.534784">
        <time>2026-09-09T12:06:58Z</time>
      </trkpt>
      <trkpt lat="8.993243" lon="-79.534765">
        <time>2026-09-09T12:06:59Z</time>
      </trkpt>
      <trkpt lat="8.993243" lon="-79.534744">
        <time>2026-09-09T12:07:00Z</time>
      </trkpt>
      <trkpt lat="8.993242" lon="-79.534723">
        <time>2026-09-09T12:07:01Z</time>
      </trkpt>
      <trkpt lat="8.993241" lon="-79.534702">
        <time>2026-09-09T12:07:02Z</time>
      </trkpt>
      <trkpt lat="8.993243" lon="-79.534682">
        <time>2026-09-09T12:07:03Z</time>
      </trkpt>
      <trkpt lat="8.993243" lon="-79.534663">
        <time>2026-09-09T12:07:04Z</time>
      </trkpt>
      <trkpt lat="8.993241" lon="-79.534644">
        <time>2026-09-09T12:07:05Z</time>
      </trkpt>
      <trkpt lat="8.993242" lon="-79.534624">
        <time>2026-09-09T12:07:06Z</time>
      </trkpt>
      <trkpt lat="8.993241" lon="-79.534605">
        <time>2026-09-09T12:07:07Z</time>
      </trkpt>
      <trkpt lat="8.993238" lon="-79.534587">
        <time>2026-09-09T12:07:08Z</time>
      </trkpt>
      <trkpt lat="8.993237" lon="-79.534565">
        <time>2026-09-09T12:07:09Z</time>
      </trkpt>
      <trkpt lat="8.993237" lon="-79.534545">
        <time>2026-09-09T12:07:10Z</time>
      </trkpt>
      <trkpt lat="8.993236" lon="-79.534522">
        <time>2026-09-09T12:07:11Z</time>
      </trkpt>
      <trkpt lat="8.993234" lon="-79.534500">
        <time>2026-09-09T12:07:12Z</time>
      </trkpt>
      <trkpt lat="8.993234" lon="-79.534480">
        <time>2026-09-09T12:07:13Z</time>
      </trkpt>
      <trkpt lat="8.993233" lon="-79.534456">
        <time>2026-09-09T12:07:14Z</time>
      </trkpt>
      <trkpt lat="8.993230" lon="-79.534434">
        <time>2026-09-09T12:07:15Z</time>
      </trkpt>
      <trkpt lat="8.993230" lon="-79.534413">
        <time>2026-09-09T12:07:16Z</time>
      </trkpt>
      <trkpt lat="8.993226" lon="-79.534389">
        <time>2026-09-09T12:07:17Z</time>
      </trkpt>
      <trkpt lat="8.993224" lon="-79.534369">
        <time>2026-09-09T12:07:18Z</time>
      </trkpt>
      <trkpt lat="8.993224" lon="-79.534353">
        <time>2026-09-09T12:07:19Z</time>
      </trkpt>
      <trkpt lat="8.993218" lon="-79.534333">
        <time>2026-09-09T12:07:20Z</time>
      </trkpt>
      <trkpt lat="8.993215" lon="-79.534316">
        <time>2026-09-09T12:07:21Z</time>
      </trkpt>
      <trkpt lat="8.993212" lon="-79.534300">
        <time>2026-09-09T12:07:22Z</time>
      </trkpt>
      <trkpt lat="8.993209" lon="-79.534281">
        <time>2026-09-09T12:07:23Z</time>
      </trkpt>
      <trkpt lat="8.993204" lon="-79.534267">
        <time>2026-09-09T12:07:24Z</time>
      </trkpt>
      <trkpt lat="8.993201" lon="-79.534255">
        <time>2026-09-09T12:07:25Z</time>
      </trkpt>
      <trkpt lat="8.993197" lon="-79.534250">
        <time>2026-09-09T12:07:26Z</time>
      </trkpt>
      <trkpt lat="8.993194" lon="-79.534243">
        <time>2026-09-09T12:07:27Z</time>
      </trkpt>
      <trkpt lat="8.993189" lon="-79.534236">
        <time>2026-09-09T12:07:28Z</time>
      </trkpt>
      <trkpt lat="8.993185" lon="-79.534226">
        <time>2026-09-09T12:07:29Z</time>
      </trkpt>
      <trkpt lat="8.993184" lon="-79.534225">
        <time>2026-09-09T12:07:30Z</time>
      </trkpt>
      <trkpt lat="8.993180" lon="-79.534218">
        <time>2026-09-09T12:07:31Z</time>
      </trkpt>
      <trkpt lat="8.993177" lon="-79.534211">
        <time>2026-09-09T12:07:32Z</time>
      </trkpt>
      <trkpt lat="8.993174" lon="-79.534202">
        <time>2026-09-09T12:07:33Z</time>
      </trkpt>
      <trkpt lat="8.993170" lon="-79.534192">
        <time>2026-09-09T12:07:34Z</time>
      </trkpt>
      <trkpt lat="8.993167" lon="-79.534180">
        <time>2026-09-09T12:07:35Z</time>
      </trkpt>
      <trkpt lat="8.993162" lon="-79.534168">
        <time>2026-09-09T12:07:36Z</time>
      </trkpt>
      <trkpt lat="8.993148" lon="-79.534154">
        <time>2026-09-09T12:07:37Z</time>
      </trkpt>
      <trkpt lat="8.993137" lon="-79.534147">
        <time>2026-09-09T12:07:38Z</time>
      </trkpt>
      <trkpt lat="8.993127" lon="-79.534138">
        <time>2026-09-09T12:07:39Z</time>
      </trkpt>
      <trkpt lat="8.993123" lon="-79.534127">
        <time>2026-09-09T12:07:40Z</time>
      </trkpt>
      <trkpt lat="8.993113" lon="-79.534110">
        <time>2026-09-09T12:07:41Z</time>
      </trkpt>
      <trkpt lat="8.993096" lon="-79.534094">
        <time>2026-09-09T12:07:42Z</time>
      </trkpt>
      <trkpt lat="8.993085" lon="-79.534081">
        <time>2026-09-09T12:07:43Z</time>
      </trkpt>
      <trkpt lat="8.993075" lon="-79.534069">
        <time>2026-09-09T12:07:44Z</time>
      </trkpt>
      <trkpt lat="8.993063" lon="-79.534057">
        <time>2026-09-09T12:07:45Z</time>
      </trkpt>
      <trkpt lat="8.993054" lon="-79.534046">
        <time>2026-09-09T12:07:46Z</time>
      </trkpt>
      <trkpt lat="8.993050" lon="-79.534029">
        <time>2026-09-09T12:07:47Z</time>
      </trkpt>
      <trkpt lat="8.993049" lon="-79.534010">
        <time>2026-09-09T12:07:48Z</time>
      </trkpt>
      <trkpt lat="8.993049" lon="-79.533990">
        <time>2026-09-09T12:07:49Z</time>
      </trkpt>
      <trkpt lat="8.993048" lon="-79.533969">
        <time>2026-09-09T12:07:50Z</time>
      </trkpt>
      <trkpt lat="8.993047" lon="-79.533950">
        <time>2026-09-09T12:07:51Z</time>
      </trkpt>
      <trkpt lat="8.993049" lon="-79.533933">
        <time>2026-09-09T12:07:52Z</time>
      </trkpt>
      <trkpt lat="8.993051" lon="-79.533913">
        <time>2026-09-09T12:07:53Z</time>
      </trkpt>
      <trkpt lat="8.993051" lon="-79.533895">
        <time>2026-09-09T12:07:54Z</time>
      </trkpt>
      <trkpt lat="8.993047" lon="-79.533880">
        <time>2026-09-09T12:07:55Z</time>
      </trkpt>
      <trkpt lat="8.993046" lon="-79.533862">
        <time>2026-09-09T12:07:56Z</time>
      </trkpt>
      <trkpt lat="8.993047" lon="-79.533848">
        <time>2026-09-09T12:07:57Z</time>
      </trkpt>
      <trkpt lat="8.993045" lon="-79.533835">
        <time>2026-09-09T12:07:58Z</time>
      </trkpt>
      <trkpt lat="8.993045" lon="-79.533824">
        <time>2026-09-09T12:07:59Z</time>
      </trkpt>
      <trkpt lat="8.993047" lon="-79.533811">
        <time>2026-09-09T12:08:00Z</time>
      </trkpt>
      <trkpt lat="8.993048" lon="-79.533797">
        <time>2026-09-09T12:08:01Z</time>
      </trkpt>
      <trkpt lat="8.993051" lon="-79.533782">
        <time>2026-09-09T12:08:02Z</time>
      </trkpt>
      <trkpt lat="8.993056" lon="-79.533771">
        <time>2026-09-09T12:08:03Z</time>
      </trkpt>
      <trkpt lat="8.993059" lon="-79.533757">
        <time>2026-09-09T12:08:04Z</time>
      </trkpt>
      <trkpt lat="8.993061" lon="-79.533744">
        <time>2026-09-09T12:08:05Z</time>
      </trkpt>
      <trkpt lat="8.993064" lon="-79.533729">
        <time>2026-09-09T12:08:06Z</time>
      </trkpt>
      <trkpt lat="8.993066" lon="-79.533719">
        <time>2026-09-09T12:08:07Z</time>
      </trkpt>
      <trkpt lat="8.993069" lon="-79.533710">
        <time>2026-09-09T12:08:08Z</time>
      </trkpt>
      <trkpt lat="8.993076" lon="-79.533697">
        <time>2026-09-09T12:08:09Z</time>
      </trkpt>
      <trkpt lat="8.993081" lon="-79.533684">
        <time>2026-09-09T12:08:10Z</time>
      </trkpt>
      <trkpt lat="8.993091" lon="-79.533670">
        <time>2026-09-09T12:08:11Z</time>
      </trkpt>
      <trkpt lat="8.993097" lon="-79.533657">
        <time>2026-09-09T12:08:12Z</time>
      </trkpt>
      <trkpt lat="8.993104" lon="-79.533641">
        <time>2026-09-09T12:08:13Z</time>
      </trkpt>
      <trkpt lat="8.993112" lon="-79.533624">
        <time>2026-09-09T12:08:14Z</time>
      </trkpt>
      <trkpt lat="8.993120" lon="-79.533608">
        <time>2026-09-09T12:08:15Z</time>
      </trkpt>
      <trkpt lat="8.993122" lon="-79.533597">
        <time>2026-09-09T12:08:16Z</time>
      </trkpt>
      <trkpt lat="8.993120" lon="-79.533577">
        <time>2026-09-09T12:08:17Z</time>
      </trkpt>
      <trkpt lat="8.993120" lon="-79.533560">
        <time>2026-09-09T12:08:18Z</time>
      </trkpt>
      <trkpt lat="8.993120" lon="-79.533545">
        <time>2026-09-09T12:08:19Z</time>
      </trkpt>
      <trkpt lat="8.993120" lon="-79.533531">
        <time>2026-09-09T12:08:20Z</time>
      </trkpt>
      <trkpt lat="8.993120" lon="-79.533515">
        <time>2026-09-09T12:08:21Z</time>
      </trkpt>
      <trkpt lat="8.993121" lon="-79.533501">
        <time>2026-09-09T12:08:22Z</time>
      </trkpt>
      <trkpt lat="8.993123" lon="-79.533486">
        <time>2026-09-09T12:08:23Z</time>
      </trkpt>
      <trkpt lat="8.993128" lon="-79.533471">
        <time>2026-09-09T12:08:24Z</time>
      </trkpt>
      <trkpt lat="8.993132" lon="-79.533457">
        <time>2026-09-09T12:08:25Z</time>
      </trkpt>
      <trkpt lat="8.993137" lon="-79.533443">
        <time>2026-09-09T12:08:26Z</time>
      </trkpt>
      <trkpt lat="8.993142" lon="-79.533431">
        <time>2026-09-09T12:08:27Z</time>
      </trkpt>
      <trkpt lat="8.993151" lon="-79.533415">
        <time>2026-09-09T12:08:28Z</time>
      </trkpt>
      <trkpt lat="8.993158" lon="-79.533403">
        <time>2026-09-09T12:08:29Z</time>
      </trkpt>
      <trkpt lat="8.993164" lon="-79.533391">
        <time>2026-09-09T12:08:30Z</time>
      </trkpt>
      <trkpt lat="8.993169" lon="-79.533379">
        <time>2026-09-09T12:08:31Z</time>
      </trkpt>
      <trkpt lat="8.993176" lon="-79.533365">
        <time>2026-09-09T12:08:32Z</time>
      </trkpt>
      <trkpt lat="8.993183" lon="-79.533353">
        <time>2026-09-09T12:08:33Z</time>
      </trkpt>
      <trkpt lat="8.993190" lon="-79.533338">
        <time>2026-09-09T12:08:34Z</time>
      </trkpt>
      <trkpt lat="8.993200" lon="-79.533328">
        <time>2026-09-09T12:08:35Z</time>
      </trkpt>
      <trkpt lat="8.993206" lon="-79.533321">
        <time>2026-09-09T12:08:36Z</time>
      </trkpt>
      <trkpt lat="8.993214" lon="-79.533309">
        <time>2026-09-09T12:08:37Z</time>
      </trkpt>
      <trkpt lat="8.993220" lon="-79.533293">
        <time>2026-09-09T12:08:38Z</time>
      </trkpt>
      <trkpt lat="8.993226" lon="-79.533281">
        <time>2026-09-09T12:08:39Z</time>
      </trkpt>
      <trkpt lat="8.993232" lon="-79.533269">
        <time>2026-09-09T12:08:40Z</time>
      </trkpt>
      <trkpt lat="8.993238" lon="-79.533256">
        <time>2026-09-09T12:08:41Z</time>
      </trkpt>
      <trkpt lat="8.993242" lon="-79.533240">
        <time>2026-09-09T12:08:42Z</time>
      </trkpt>
      <trkpt lat="8.993247" lon="-79.533224">
        <time>2026-09-09T12:08:43Z</time>
      </trkpt>
      <trkpt lat="8.993252" lon="-79.533209">
        <time>2026-09-09T12:08:44Z</time>
      </trkpt>
      <trkpt lat="8.993256" lon="-79.533195">
        <time>2026-09-09T12:08:45Z</time>
      </trkpt>
      <trkpt lat="8.993259" lon="-79.533180">
        <time>2026-09-09T12:08:46Z</time>
      </trkpt>
      <trkpt lat="8.993262" lon="-79.533163">
        <time>2026-09-09T12:08:47Z</time>
      </trkpt>
      <trkpt lat="8.993268" lon="-79.533149">
        <time>2026-09-09T12:08:48Z</time>
      </trkpt>
      <trkpt lat="8.993270" lon="-79.533136">
        <time>2026-09-09T12:08:49Z</time>
      </trkpt>
      <trkpt lat="8.993275" lon="-79.533124">
        <time>2026-09-09T12:08:50Z</time>
      </trkpt>
      <trkpt lat="8.993279" lon="-79.533107">
        <time>2026-09-09T12:08:51Z</time>
      </trkpt>
      <trkpt lat="8.993282" lon="-79.533093">
        <time>2026-09-09T12:08:52Z</time>
      </trkpt>
      <trkpt lat="8.993289" lon="-79.533081">
        <time>2026-09-09T12:08:53Z</time>
      </trkpt>
      <trkpt lat="8.993292" lon="-79.533070">
        <time>2026-09-09T12:08:54Z</time>
      </trkpt>
      <trkpt lat="8.993295" lon="-79.533057">
        <time>2026-09-09T12:08:55Z</time>
      </trkpt>
      <trkpt lat="8.993298" lon="-79.533042">
        <time>2026-09-09T12:08:56Z</time>
      </trkpt>
      <trkpt lat="8.993298" lon="-79.533027">
        <time>2026-09-09T12:08:57Z</time>
      </trkpt>
      <trkpt lat="8.993301" lon="-79.533015">
        <time>2026-09-09T12:08:58Z</time>
      </trkpt>
      <trkpt lat="8.993302" lon="-79.533000">
        <time>2026-09-09T12:08:59Z</time>
      </trkpt>
      <trkpt lat="8.993308" lon="-79.532987">
        <time>2026-09-09T12:09:00Z</time>
      </trkpt>
      <trkpt lat="8.993313" lon="-79.532974">
        <time>2026-09-09T12:09:01Z</time>
      </trkpt>
      <trkpt lat="8.993315" lon="-79.532961">
        <time>2026-09-09T12:09:02Z</time>
      </trkpt>
      <trkpt lat="8.993319" lon="-79.532947">
        <time>2026-09-09T12:09:03Z</time>
      </trkpt>
      <trkpt lat="8.993321" lon="-79.532933">
        <time>2026-09-09T12:09:04Z</time>
      </trkpt>
      <trkpt lat="8.993325" lon="-79.532916">
        <time>2026-09-09T12:09:05Z</time>
      </trkpt>
      <trkpt lat="8.993327" lon="-79.532900">
        <time>2026-09-09T12:09:06Z</time>
      </trkpt>
      <trkpt lat="8.993320" lon="-79.532886">
        <time>2026-09-09T12:09:07Z</time>
      </trkpt>
      <trkpt lat="8.993316" lon="-79.532872">
        <time>2026-09-09T12:09:08Z</time>
      </trkpt>
      <trkpt lat="8.993310" lon="-79.532860">
        <time>2026-09-09T12:09:09Z</time>
      </trkpt>
      <trkpt lat="8.993300" lon="-79.532847">
        <time>2026-09-09T12:09:10Z</time>
      </trkpt>
      <trkpt lat="8.993286" lon="-79.532834">
        <time>2026-09-09T12:09:11Z</time>
      </trkpt>
      <trkpt lat="8.993276" lon="-79.532824">
        <time>2026-09-09T12:09:12Z</time>
      </trkpt>
      <trkpt lat="8.993267" lon="-79.532814">
        <time>2026-09-09T12:09:13Z</time>
      </trkpt>
      <trkpt lat="8.993257" lon="-79.532802">
        <time>2026-09-09T12:09:14Z</time>
      </trkpt>
      <trkpt lat="8.993247" lon="-79.532789">
        <time>2026-09-09T12:09:15Z</time>
      </trkpt>
      <trkpt lat="8.993242" lon="-79.532774">
        <time>2026-09-09T12:09:16Z</time>
      </trkpt>
      <trkpt lat="8.993238" lon="-79.532762">
        <time>2026-09-09T12:09:17Z</time>
      </trkpt>
      <trkpt lat="8.993233" lon="-79.532749">
        <time>2026-09-09T12:09:18Z</time>
      </trkpt>
      <trkpt lat="8.993229" lon="-79.532738">
        <time>2026-09-09T12:09:19Z</time>
      </trkpt>
      <trkpt lat="8.993225" lon="-79.532724">
        <time>2026-09-09T12:09:20Z</time>
      </trkpt>
      <trkpt lat="8.993225" lon="-79.532710">
        <time>2026-09-09T12:09:21Z</time>
      </trkpt>
      <trkpt lat="8.993226" lon="-79.532694">
        <time>2026-09-09T12:09:22Z</time>
      </trkpt>
      <trkpt lat="8.993223" lon="-79.532678">
        <time>2026-09-09T12:09:23Z</time>
      </trkpt>
      <trkpt lat="8.993218" lon="-79.532665">
        <time>2026-09-09T12:09:24Z</time>
      </trkpt>
      <trkpt lat="8.993211" lon="-79.532649">
        <time>2026-09-09T12:09:25Z</time>
      </trkpt>
      <trkpt lat="8.993208" lon="-79.532632">
        <time>2026-09-09T12:09:26Z</time>
      </trkpt>
      <trkpt lat="8.993206" lon="-79.532616">
        <time>2026-09-09T12:09:27Z</time>
      </trkpt>
      <trkpt lat="8.993204" lon="-79.532599">
        <time>2026-09-09T12:09:28Z</time>
      </trkpt>
      <trkpt lat="8.993197" lon="-79.532583">
        <time>2026-09-09T12:09:29Z</time>
      </trkpt>
      <trkpt lat="8.993192" lon="-79.532566">
        <time>2026-09-09T12:09:30Z</time>
      </trkpt>
      <trkpt lat="8.993185" lon="-79.532549">
        <time>2026-09-09T12:09:31Z</time>
      </trkpt>
      <trkpt lat="8.993179" lon="-79.532534">
        <time>2026-09-09T12:09:32Z</time>
      </trkpt>
      <trkpt lat="8.993173" lon="-79.532517">
        <time>2026-09-09T12:09:33Z</time>
      </trkpt>
      <trkpt lat="8.993168" lon="-79.532502">
        <time>2026-09-09T12:09:34Z</time>
      </trkpt>
      <trkpt lat="8.993163" lon="-79.532485">
        <time>2026-09-09T12:09:35Z</time>
      </trkpt>
      <trkpt lat="8.993159" lon="-79.532471">
        <time>2026-09-09T12:09:36Z</time>
      </trkpt>
      <trkpt lat="8.993153" lon="-79.532456">
        <time>2026-09-09T12:09:37Z</time>
      </trkpt>
      <trkpt lat="8.993148" lon="-79.532440">
        <time>2026-09-09T12:09:38Z</time>
      </trkpt>
      <trkpt lat="8.993144" lon="-79.532420">
        <time>2026-09-09T12:09:39Z</time>
      </trkpt>
      <trkpt lat="8.993138" lon="-79.532405">
        <time>2026-09-09T12:09:40Z</time>
      </trkpt>
      <trkpt lat="8.993131" lon="-79.532389">
        <time>2026-09-09T12:09:41Z</time>
      </trkpt>
      <trkpt lat="8.993125" lon="-79.532372">
        <time>2026-09-09T12:09:42Z</time>
      </trkpt>
      <trkpt lat="8.993118" lon="-79.532353">
        <time>2026-09-09T12:09:43Z</time>
      </trkpt>
      <trkpt lat="8.993113" lon="-79.532338">
        <time>2026-09-09T12:09:44Z</time>
      </trkpt>
      <trkpt lat="8.993105" lon="-79.532322">
        <time>2026-09-09T12:09:45Z</time>
      </trkpt>
      <trkpt lat="8.993094" lon="-79.532307">
        <time>2026-09-09T12:09:46Z</time>
      </trkpt>
      <trkpt lat="8.993083" lon="-79.532288">
        <time>2026-09-09T12:09:47Z</time>
      </trkpt>
      <trkpt lat="8.993073" lon="-79.532272">
        <time>2026-09-09T12:09:48Z</time>
      </trkpt>
      <trkpt lat="8.993059" lon="-79.532256">
        <time>2026-09-09T12:09:49Z</time>
      </trkpt>
      <trkpt lat="8.993042" lon="-79.532241">
        <time>2026-09-09T12:09:50Z</time>
      </trkpt>
      <trkpt lat="8.993028" lon="-79.532226">
        <time>2026-09-09T12:09:51Z</time>
      </trkpt>
      <trkpt lat="8.993013" lon="-79.532213">
        <time>2026-09-09T12:09:52Z</time>
      </trkpt>
      <trkpt lat="8.992995" lon="-79.532200">
        <time>2026-09-09T12:09:53Z</time>
      </trkpt>
      <trkpt lat="8.992981" lon="-79.532184">
        <time>2026-09-09T12:09:54Z</time>
      </trkpt>
      <trkpt lat="8.992964" lon="-79.532168">
        <time>2026-09-09T12:09:55Z</time>
      </trkpt>
      <trkpt lat="8.992947" lon="-79.532152">
        <time>2026-09-09T12:09:56Z</time>
      </trkpt>
      <trkpt lat="8.992930" lon="-79.532137">
        <time>2026-09-09T12:09:57Z</time>
      </trkpt>
      <trkpt lat="8.992912" lon="-79.532122">
        <time>2026-09-09T12:09:58Z</time>
      </trkpt>
      <trkpt lat="8.992894" lon="-79.532107">
        <time>2026-09-09T12:09:59Z</time>
      </trkpt>
      <trkpt lat="8.992875" lon="-79.532094">
        <time>2026-09-09T12:10:00Z</time>
      </trkpt>
      <trkpt lat="8.992856" lon="-79.532083">
        <time>2026-09-09T12:10:01Z</time>
      </trkpt>
      <trkpt lat="8.992834" lon="-79.532070">
        <time>2026-09-09T12:10:02Z</time>
      </trkpt>
      <trkpt lat="8.992812" lon="-79.532055">
        <time>2026-09-09T12:10:03Z</time>
      </trkpt>
      <trkpt lat="8.992792" lon="-79.532042">
        <time>2026-09-09T12:10:04Z</time>
      </trkpt>
      <trkpt lat="8.992774" lon="-79.532029">
        <time>2026-09-09T12:10:05Z</time>
      </trkpt>
      <trkpt lat="8.992754" lon="-79.532017">
        <time>2026-09-09T12:10:06Z</time>
      </trkpt>
      <trkpt lat="8.992734" lon="-79.532004">
        <time>2026-09-09T12:10:07Z</time>
      </trkpt>
      <trkpt lat="8.992714" lon="-79.531991">
        <time>2026-09-09T12:10:08Z</time>
      </trkpt>
      <trkpt lat="8.992693" lon="-79.531979">
        <time>2026-09-09T12:10:09Z</time>
      </trkpt>
      <trkpt lat="8.992667" lon="-79.531966">
        <time>2026-09-09T12:10:10Z</time>
      </trkpt>
      <trkpt lat="8.992646" lon="-79.531955">
        <time>2026-09-09T12:10:11Z</time>
      </trkpt>
      <trkpt lat="8.992624" lon="-79.531943">
        <time>2026-09-09T12:10:12Z</time>
      </trkpt>
      <trkpt lat="8.992597" lon="-79.531931">
        <time>2026-09-09T12:10:13Z</time>
      </trkpt>
      <trkpt lat="8.992573" lon="-79.531919">
        <time>2026-09-09T12:10:14Z</time>
      </trkpt>
      <trkpt lat="8.992552" lon="-79.531908">
        <time>2026-09-09T12:10:15Z</time>
      </trkpt>
      <trkpt lat="8.992530" lon="-79.531896">
        <time>2026-09-09T12:10:16Z</time>
      </trkpt>
      <trkpt lat="8.992507" lon="-79.531886">
        <time>2026-09-09T12:10:17Z</time>
      </trkpt>
      <trkpt lat="8.992484" lon="-79.531875">
        <time>2026-09-09T12:10:18Z</time>
      </trkpt>
      <trkpt lat="8.992460" lon="-79.531864">
        <time>2026-09-09T12:10:19Z</time>
      </trkpt>
      <trkpt lat="8.992436" lon="-79.531856">
        <time>2026-09-09T12:10:20Z</time>
      </trkpt>
      <trkpt lat="8.992413" lon="-79.531845">
        <time>2026-09-09T12:10:21Z</time>
      </trkpt>
      <trkpt lat="8.992390" lon="-79.531833">
        <time>2026-09-09T12:10:22Z</time>
      </trkpt>
      <trkpt lat="8.992368" lon="-79.531822">
        <time>2026-09-09T12:10:23Z</time>
      </trkpt>
      <trkpt lat="8.992345" lon="-79.531811">
        <time>2026-09-09T12:10:24Z</time>
      </trkpt>
      <trkpt lat="8.992319" lon="-79.531799">
        <time>2026-09-09T12:10:25Z</time>
      </trkpt>
      <trkpt lat="8.992292" lon="-79.531792">
        <time>2026-09-09T12:10:26Z</time>
      </trkpt>
      <trkpt lat="8.992268" lon="-79.531781">
        <time>2026-09-09T12:10:27Z</time>
      </trkpt>
      <trkpt lat="8.992242" lon="-79.531770">
        <time>2026-09-09T12:10:28Z</time>
      </trkpt>
      <trkpt lat="8.992215" lon="-79.531760">
        <time>2026-09-09T12:10:29Z</time>
      </trkpt>
      <trkpt lat="8.992190" lon="-79.531753">
        <time>2026-09-09T12:10:30Z</time>
      </trkpt>
      <trkpt lat="8.992162" lon="-79.531744">
        <time>2026-09-09T12:10:31Z</time>
      </trkpt>
      <trkpt lat="8.992134" lon="-79.531736">
        <time>2026-09-09T12:10:32Z</time>
      </trkpt>
      <trkpt lat="8.992108" lon="-79.531725">
        <time>2026-09-09T12:10:33Z</time>
      </trkpt>
      <trkpt lat="8.992078" lon="-79.531714">
        <time>2026-09-09T12:10:34Z</time>
      </trkpt>
      <trkpt lat="8.992047" lon="-79.531706">
        <time>2026-09-09T12:10:35Z</time>
      </trkpt>
      <trkpt lat="8.992020" lon="-79.531694">
        <time>2026-09-09T12:10:36Z</time>
      </trkpt>
      <trkpt lat="8.991991" lon="-79.531681">
        <time>2026-09-09T12:10:37Z</time>
      </trkpt>
      <trkpt lat="8.991960" lon="-79.531670">
        <time>2026-09-09T12:10:38Z</time>
      </trkpt>
      <trkpt lat="8.991933" lon="-79.531656">
        <time>2026-09-09T12:10:39Z</time>
      </trkpt>
      <trkpt lat="8.991900" lon="-79.531646">
        <time>2026-09-09T12:10:40Z</time>
      </trkpt>
      <trkpt lat="8.991870" lon="-79.531635">
        <time>2026-09-09T12:10:41Z</time>
      </trkpt>
      <trkpt lat="8.991843" lon="-79.531625">
        <time>2026-09-09T12:10:42Z</time>
      </trkpt>
      <trkpt lat="8.991815" lon="-79.531615">
        <time>2026-09-09T12:10:43Z</time>
      </trkpt>
      <trkpt lat="8.991790" lon="-79.531604">
        <time>2026-09-09T12:10:44Z</time>
      </trkpt>
      <trkpt lat="8.991760" lon="-79.531592">
        <time>2026-09-09T12:10:45Z</time>
      </trkpt>
      <trkpt lat="8.991733" lon="-79.531580">
        <time>2026-09-09T12:10:46Z</time>
      </trkpt>
      <trkpt lat="8.991706" lon="-79.531570">
        <time>2026-09-09T12:10:47Z</time>
      </trkpt>
      <trkpt lat="8.991676" lon="-79.531559">
        <time>2026-09-09T12:10:48Z</time>
      </trkpt>
      <trkpt lat="8.991649" lon="-79.531545">
        <time>2026-09-09T12:10:49Z</time>
      </trkpt>
      <trkpt lat="8.991617" lon="-79.531534">
        <time>2026-09-09T12:10:50Z</time>
      </trkpt>
      <trkpt lat="8.991586" lon="-79.531525">
        <time>2026-09-09T12:10:51Z</time>
      </trkpt>
      <trkpt lat="8.991562" lon="-79.531512">
        <time>2026-09-09T12:10:52Z</time>
      </trkpt>
      <trkpt lat="8.991532" lon="-79.531499">
        <time>2026-09-09T12:10:53Z</time>
      </trkpt>
      <trkpt lat="8.991507" lon="-79.531483">
        <time>2026-09-09T12:10:54Z</time>
      </trkpt>
      <trkpt lat="8.991479" lon="-79.531468">
        <time>2026-09-09T12:10:55Z</time>
      </trkpt>
      <trkpt lat="8.991451" lon="-79.531454">
        <time>2026-09-09T12:10:56Z</time>
      </trkpt>
      <trkpt lat="8.991425" lon="-79.531441">
        <time>2026-09-09T12:10:57Z</time>
      </trkpt>
      <trkpt lat="8.991393" lon="-79.531427">
        <time>2026-09-09T12:10:58Z</time>
      </trkpt>
      <trkpt lat="8.991364" lon="-79.531414">
        <time>2026-09-09T12:10:59Z</time>
      </trkpt>
      <trkpt lat="8.991335" lon="-79.531406">
        <time>2026-09-09T12:11:00Z</time>
      </trkpt>
      <trkpt lat="8.991304" lon="-79.531398">
        <time>2026-09-09T12:11:01Z</time>
      </trkpt>
      <trkpt lat="8.991278" lon="-79.531390">
        <time>2026-09-09T12:11:02Z</time>
      </trkpt>
      <trkpt lat="8.991249" lon="-79.531386">
        <time>2026-09-09T12:11:03Z</time>
      </trkpt>
      <trkpt lat="8.991224" lon="-79.531376">
        <time>2026-09-09T12:11:04Z</time>
      </trkpt>
      <trkpt lat="8.991204" lon="-79.531367">
        <time>2026-09-09T12:11:05Z</time>
      </trkpt>
      <trkpt lat="8.991177" lon="-79.531360">
        <time>2026-09-09T12:11:06Z</time>
      </trkpt>
      <trkpt lat="8.991151" lon="-79.531359">
        <time>2026-09-09T12:11:07Z</time>
      </trkpt>
      <trkpt lat="8.991124" lon="-79.531362">
        <time>2026-09-09T12:11:08Z</time>
      </trkpt>
      <trkpt lat="8.991094" lon="-79.531375">
        <time>2026-09-09T12:11:09Z</time>
      </trkpt>
      <trkpt lat="8.991069" lon="-79.531390">
        <time>2026-09-09T12:11:10Z</time>
      </trkpt>
      <trkpt lat="8.991045" lon="-79.531408">
        <time>2026-09-09T12:11:11Z</time>
      </trkpt>
      <trkpt lat="8.991021" lon="-79.531430">
        <time>2026-09-09T12:11:12Z</time>
      </trkpt>
      <trkpt lat="8.991001" lon="-79.531448">
        <time>2026-09-09T12:11:13Z</time>
      </trkpt>
      <trkpt lat="8.990981" lon="-79.531465">
        <time>2026-09-09T12:11:14Z</time>
      </trkpt>
      <trkpt lat="8.990959" lon="-79.531480">
        <time>2026-09-09T12:11:15Z</time>
      </trkpt>
      <trkpt lat="8.990939" lon="-79.531497">
        <time>2026-09-09T12:11:16Z</time>
      </trkpt>
      <trkpt lat="8.990916" lon="-79.531513">
        <time>2026-09-09T12:11:17Z</time>
      </trkpt>
      <trkpt lat="8.990896" lon="-79.531528">
        <time>2026-09-09T12:11:18Z</time>
      </trkpt>
      <trkpt lat="8.990876" lon="-79.531544">
        <time>2026-09-09T12:11:19Z</time>
      </trkpt>
      <trkpt lat="8.990855" lon="-79.531563">
        <time>2026-09-09T12:11:20Z</time>
      </trkpt>
      <trkpt lat="8.990835" lon="-79.531578">
        <time>2026-09-09T12:11:21Z</time>
      </trkpt>
      <trkpt lat="8.990817" lon="-79.531593">
        <time>2026-09-09T12:11:22Z</time>
      </trkpt>
      <trkpt lat="8.990796" lon="-79.531605">
        <time>2026-09-09T12:11:23Z</time>
      </trkpt>
      <trkpt lat="8.990777" lon="-79.531616">
        <time>2026-09-09T12:11:24Z</time>
      </trkpt>
      <trkpt lat="8.990756" lon="-79.531628">
        <time>2026-09-09T12:11:25Z</time>
      </trkpt>
      <trkpt lat="8.990736" lon="-79.531639">
        <time>2026-09-09T12:11:26Z</time>
      </trkpt>
      <trkpt lat="8.990716" lon="-79.531650">
        <time>2026-09-09T12:11:27Z</time>
      </trkpt>
      <trkpt lat="8.990697" lon="-79.531663">
        <time>2026-09-09T12:11:28Z</time>
      </trkpt>
      <trkpt lat="8.990677" lon="-79.531677">
        <time>2026-09-09T12:11:29Z</time>
      </trkpt>
      <trkpt lat="8.990658" lon="-79.531687">
        <time>2026-09-09T12:11:30Z</time>
      </trkpt>
      <trkpt lat="8.990639" lon="-79.531701">
        <time>2026-09-09T12:11:31Z</time>
      </trkpt>
      <trkpt lat="8.990619" lon="-79.531715">
        <time>2026-09-09T12:11:32Z</time>
      </trkpt>
      <trkpt lat="8.990600" lon="-79.531726">
        <time>2026-09-09T12:11:33Z</time>
      </trkpt>
      <trkpt lat="8.990580" lon="-79.531738">
        <time>2026-09-09T12:11:34Z</time>
      </trkpt>
      <trkpt lat="8.990560" lon="-79.531753">
        <time>2026-09-09T12:11:35Z</time>
      </trkpt>
      <trkpt lat="8.990538" lon="-79.531764">
        <time>2026-09-09T12:11:36Z</time>
      </trkpt>
      <trkpt lat="8.990516" lon="-79.531778">
        <time>2026-09-09T12:11:37Z</time>
      </trkpt>
      <trkpt lat="8.990494" lon="-79.531790">
        <time>2026-09-09T12:11:38Z</time>
      </trkpt>
      <trkpt lat="8.990469" lon="-79.531803">
        <time>2026-09-09T12:11:39Z</time>
      </trkpt>
      <trkpt lat="8.990447" lon="-79.531819">
        <time>2026-09-09T12:11:40Z</time>
      </trkpt>
      <trkpt lat="8.990429" lon="-79.531838">
        <time>2026-09-09T12:11:41Z</time>
      </trkpt>
      <trkpt lat="8.990411" lon="-79.531850">
        <time>2026-09-09T12:11:42Z</time>
      </trkpt>
      <trkpt lat="8.990390" lon="-79.531863">
        <time>2026-09-09T12:11:43Z</time>
      </trkpt>
      <trkpt lat="8.990369" lon="-79.531875">
        <time>2026-09-09T12:11:44Z</time>
      </trkpt>
      <trkpt lat="8.990344" lon="-79.531889">
        <time>2026-09-09T12:11:45Z</time>
      </trkpt>
      <trkpt lat="8.990323" lon="-79.531905">
        <time>2026-09-09T12:11:46Z</time>
      </trkpt>
      <trkpt lat="8.990299" lon="-79.531917">
        <time>2026-09-09T12:11:47Z</time>
      </trkpt>
      <trkpt lat="8.990278" lon="-79.531935">
        <time>2026-09-09T12:11:48Z</time>
      </trkpt>
      <trkpt lat="8.990254" lon="-79.531947">
        <time>2026-09-09T12:11:49Z</time>
      </trkpt>
      <trkpt lat="8.990231" lon="-79.531961">
        <time>2026-09-09T12:11:50Z</time>
      </trkpt>
      <trkpt lat="8.990206" lon="-79.531976">
        <time>2026-09-09T12:11:51Z</time>
      </trkpt>
      <trkpt lat="8.990183" lon="-79.531988">
        <time>2026-09-09T12:11:52Z</time>
      </trkpt>
      <trkpt lat="8.990159" lon="-79.532005">
        <time>2026-09-09T12:11:53Z</time>
      </trkpt>
      <trkpt lat="8.990133" lon="-79.532022">
        <time>2026-09-09T12:11:54Z</time>
      </trkpt>
      <trkpt lat="8.990107" lon="-79.532037">
        <time>2026-09-09T12:11:55Z</time>
      </trkpt>
      <trkpt lat="8.990082" lon="-79.532054">
        <time>2026-09-09T12:11:56Z</time>
      </trkpt>
      <trkpt lat="8.990056" lon="-79.532072">
        <time>2026-09-09T12:11:57Z</time>
      </trkpt>
      <trkpt lat="8.990033" lon="-79.532087">
        <time>2026-09-09T12:11:58Z</time>
      </trkpt>
      <trkpt lat="8.990012" lon="-79.532103">
        <time>2026-09-09T12:11:59Z</time>
      </trkpt>
      <trkpt lat="8.989986" lon="-79.532113">
        <time>2026-09-09T12:12:00Z</time>
      </trkpt>
      <trkpt lat="8.989959" lon="-79.532129">
        <time>2026-09-09T12:12:01Z</time>
      </trkpt>
      <trkpt lat="8.989933" lon="-79.532141">
        <time>2026-09-09T12:12:02Z</time>
      </trkpt>
      <trkpt lat="8.989906" lon="-79.532155">
        <time>2026-09-09T12:12:03Z</time>
      </trkpt>
      <trkpt lat="8.989880" lon="-79.532170">
        <time>2026-09-09T12:12:04Z</time>
      </trkpt>
      <trkpt lat="8.989854" lon="-79.532185">
        <time>2026-09-09T12:12:05Z</time>
      </trkpt>
      <trkpt lat="8.989828" lon="-79.532198">
        <time>2026-09-09T12:12:06Z</time>
      </trkpt>
      <trkpt lat="8.989803" lon="-79.532215">
        <time>2026-09-09T12:12:07Z</time>
      </trkpt>
      <trkpt lat="8.989777" lon="-79.532226">
        <time>2026-09-09T12:12:08Z</time>
      </trkpt>
      <trkpt lat="8.989749" lon="-79.532240">
        <time>2026-09-09T12:12:09Z</time>
      </trkpt>
      <trkpt lat="8.989724" lon="-79.532257">
        <time>2026-09-09T12:12:10Z</time>
      </trkpt>
      <trkpt lat="8.989699" lon="-79.532269">
        <time>2026-09-09T12:12:11Z</time>
      </trkpt>
      <trkpt lat="8.989672" lon="-79.532281">
        <time>2026-09-09T12:12:12Z</time>
      </trkpt>
      <trkpt lat="8.989650" lon="-79.532299">
        <time>2026-09-09T12:12:13Z</time>
      </trkpt>
      <trkpt lat="8.989624" lon="-79.532316">
        <time>2026-09-09T12:12:14Z</time>
      </trkpt>
      <trkpt lat="8.989599" lon="-79.532329">
        <time>2026-09-09T12:12:15Z</time>
      </trkpt>
      <trkpt lat="8.989570" lon="-79.532343">
        <time>2026-09-09T12:12:16Z</time>
      </trkpt>
      <trkpt lat="8.989543" lon="-79.532358">
        <time>2026-09-09T12:12:17Z</time>
      </trkpt>
      <trkpt lat="8.989518" lon="-79.532378">
        <time>2026-09-09T12:12:18Z</time>
      </trkpt>
      <trkpt lat="8.989491" lon="-79.532395">
        <time>2026-09-09T12:12:19Z</time>
      </trkpt>
      <trkpt lat="8.989467" lon="-79.532412">
        <time>2026-09-09T12:12:20Z</time>
      </trkpt>
      <trkpt lat="8.989440" lon="-79.532431">
        <time>2026-09-09T12:12:21Z</time>
      </trkpt>
      <trkpt lat="8.989414" lon="-79.532450">
        <time>2026-09-09T12:12:22Z</time>
      </trkpt>
      <trkpt lat="8.989393" lon="-79.532467">
        <time>2026-09-09T12:12:23Z</time>
      </trkpt>
      <trkpt lat="8.989369" lon="-79.532482">
        <time>2026-09-09T12:12:24Z</time>
      </trkpt>
      <trkpt lat="8.989345" lon="-79.532496">
        <time>2026-09-09T12:12:25Z</time>
      </trkpt>
      <trkpt lat="8.989320" lon="-79.532511">
        <time>2026-09-09T12:12:26Z</time>
      </trkpt>
      <trkpt lat="8.989299" lon="-79.532522">
        <time>2026-09-09T12:12:27Z</time>
      </trkpt>
      <trkpt lat="8.989277" lon="-79.532533">
        <time>2026-09-09T12:12:28Z</time>
      </trkpt>
      <trkpt lat="8.989255" lon="-79.532546">
        <time>2026-09-09T12:12:29Z</time>
      </trkpt>
      <trkpt lat="8.989237" lon="-79.532558">
        <time>2026-09-09T12:12:30Z</time>
      </trkpt>
      <trkpt lat="8.989218" lon="-79.532566">
        <time>2026-09-09T12:12:31Z</time>
      </trkpt>
      <trkpt lat="8.989211" lon="-79.532561">
        <time>2026-09-09T12:12:32Z</time>
      </trkpt>
      <trkpt lat="8.989208" lon="-79.532556">
        <time>2026-09-09T12:12:33Z</time>
      </trkpt>
      <trkpt lat="8.989202" lon="-79.532548">
        <time>2026-09-09T12:12:34Z</time>
      </trkpt>
      <trkpt lat="8.989195" lon="-79.532545">
        <time>2026-09-09T12:12:35Z</time>
      </trkpt>
      <trkpt lat="8.989186" lon="-79.532553">
        <time>2026-09-09T12:12:36Z</time>
      </trkpt>
      <trkpt lat="8.989164" lon="-79.532564">
        <time>2026-09-09T12:12:37Z</time>
      </trkpt>
      <trkpt lat="8.989144" lon="-79.532575">
        <time>2026-09-09T12:12:38Z</time>
      </trkpt>
      <trkpt lat="8.989126" lon="-79.532584">
        <time>2026-09-09T12:12:39Z</time>
      </trkpt>
      <trkpt lat="8.989107" lon="-79.532590">
        <time>2026-09-09T12:12:40Z</time>
      </trkpt>
      <trkpt lat="8.989085" lon="-79.532599">
        <time>2026-09-09T12:12:41Z</time>
      </trkpt>
      <trkpt lat="8.989064" lon="-79.532608">
        <time>2026-09-09T12:12:42Z</time>
      </trkpt>
      <trkpt lat="8.989040" lon="-79.532614">
        <time>2026-09-09T12:12:43Z</time>
      </trkpt>
      <trkpt lat="8.989013" lon="-79.532618">
        <time>2026-09-09T12:12:44Z</time>
      </trkpt>
      <trkpt lat="8.988986" lon="-79.532622">
        <time>2026-09-09T12:12:45Z</time>
      </trkpt>
      <trkpt lat="8.988962" lon="-79.532627">
        <time>2026-09-09T12:12:46Z</time>
      </trkpt>
      <trkpt lat="8.988942" lon="-79.532630">
        <time>2026-09-09T12:12:47Z</time>
      </trkpt>
      <trkpt lat="8.988917" lon="-79.532627">
        <time>2026-09-09T12:12:48Z</time>
      </trkpt>
      <trkpt lat="8.988897" lon="-79.532611">
        <time>2026-09-09T12:12:49Z</time>
      </trkpt>
      <trkpt lat="8.988881" lon="-79.532579">
        <time>2026-09-09T12:12:50Z</time>
      </trkpt>
      <trkpt lat="8.988861" lon="-79.532562">
        <time>2026-09-09T12:12:51Z</time>
      </trkpt>
      <trkpt lat="8.988843" lon="-79.532545">
        <time>2026-09-09T12:12:52Z</time>
      </trkpt>
      <trkpt lat="8.988830" lon="-79.532522">
        <time>2026-09-09T12:12:53Z</time>
      </trkpt>
      <trkpt lat="8.988815" lon="-79.532505">
        <time>2026-09-09T12:12:54Z</time>
      </trkpt>
      <trkpt lat="8.988801" lon="-79.532489">
        <time>2026-09-09T12:12:55Z</time>
      </trkpt>
      <trkpt lat="8.988791" lon="-79.532471">
        <time>2026-09-09T12:12:56Z</time>
      </trkpt>
      <trkpt lat="8.988791" lon="-79.532453">
        <time>2026-09-09T12:12:57Z</time>
      </trkpt>
      <trkpt lat="8.988797" lon="-79.532431">
        <time>2026-09-09T12:12:58Z</time>
      </trkpt>
      <trkpt lat="8.988807" lon="-79.532412">
        <time>2026-09-09T12:12:59Z</time>
      </trkpt>
      <trkpt lat="8.988819" lon="-79.532396">
        <time>2026-09-09T12:13:00Z</time>
      </trkpt>
      <trkpt lat="8.988837" lon="-79.532383">
        <time>2026-09-09T12:13:01Z</time>
      </trkpt>
      <trkpt lat="8.988854" lon="-79.532371">
        <time>2026-09-09T12:13:02Z</time>
      </trkpt>
      <trkpt lat="8.988876" lon="-79.532363">
        <time>2026-09-09T12:13:03Z</time>
      </trkpt>
      <trkpt lat="8.988897" lon="-79.532353">
        <time>2026-09-09T12:13:04Z</time>
      </trkpt>
      <trkpt lat="8.988918" lon="-79.532343">
        <time>2026-09-09T12:13:05Z</time>
      </trkpt>
      <trkpt lat="8.988944" lon="-79.532331">
        <time>2026-09-09T12:13:06Z</time>
      </trkpt>
      <trkpt lat="8.988969" lon="-79.532322">
        <time>2026-09-09T12:13:07Z</time>
      </trkpt>
      <trkpt lat="8.988990" lon="-79.532310">
        <time>2026-09-09T12:13:08Z</time>
      </trkpt>
      <trkpt lat="8.989010" lon="-79.532297">
        <time>2026-09-09T12:13:09Z</time>
      </trkpt>
      <trkpt lat="8.989027" lon="-79.532290">
        <time>2026-09-09T12:13:10Z</time>
      </trkpt>
      <trkpt lat="8.989048" lon="-79.532278">
        <time>2026-09-09T12:13:11Z</time>
      </trkpt>
      <trkpt lat="8.989067" lon="-79.532269">
        <time>2026-09-09T12:13:12Z</time>
      </trkpt>
      <trkpt lat="8.989086" lon="-79.532259">
        <time>2026-09-09T12:13:13Z</time>
      </trkpt>
      <trkpt lat="8.989108" lon="-79.532246">
        <time>2026-09-09T12:13:14Z</time>
      </trkpt>
      <trkpt lat="8.989128" lon="-79.532233">
        <time>2026-09-09T12:13:15Z</time>
      </trkpt>
      <trkpt lat="8.989147" lon="-79.532223">
        <time>2026-09-09T12:13:16Z</time>
      </trkpt>
      <trkpt lat="8.989168" lon="-79.532211">
        <time>2026-09-09T12:13:17Z</time>
      </trkpt>
      <trkpt lat="8.989187" lon="-79.532201">
        <time>2026-09-09T12:13:18Z</time>
      </trkpt>
      <trkpt lat="8.989208" lon="-79.532187">
        <time>2026-09-09T12:13:19Z</time>
      </trkpt>
      <trkpt lat="8.989227" lon="-79.532176">
        <time>2026-09-09T12:13:20Z</time>
      </trkpt>
      <trkpt lat="8.989247" lon="-79.532166">
        <time>2026-09-09T12:13:21Z</time>
      </trkpt>
      <trkpt lat="8.989268" lon="-79.532154">
        <time>2026-09-09T12:13:22Z</time>
      </trkpt>
      <trkpt lat="8.989288" lon="-79.532144">
        <time>2026-09-09T12:13:23Z</time>
      </trkpt>
      <trkpt lat="8.989308" lon="-79.532132">
        <time>2026-09-09T12:13:24Z</time>
      </trkpt>
      <trkpt lat="8.989327" lon="-79.532119">
        <time>2026-09-09T12:13:25Z</time>
      </trkpt>
      <trkpt lat="8.989344" lon="-79.532108">
        <time>2026-09-09T12:13:26Z</time>
      </trkpt>
      <trkpt lat="8.989365" lon="-79.532095">
        <time>2026-09-09T12:13:27Z</time>
      </trkpt>
      <trkpt lat="8.989382" lon="-79.532081">
        <time>2026-09-09T12:13:28Z</time>
      </trkpt>
      <trkpt lat="8.989401" lon="-79.532069">
        <time>2026-09-09T12:13:29Z</time>
      </trkpt>
      <trkpt lat="8.989420" lon="-79.532053">
        <time>2026-09-09T12:13:30Z</time>
      </trkpt>
      <trkpt lat="8.989440" lon="-79.532042">
        <time>2026-09-09T12:13:31Z</time>
      </trkpt>
      <trkpt lat="8.989460" lon="-79.532028">
        <time>2026-09-09T12:13:32Z</time>
      </trkpt>
      <trkpt lat="8.989479" lon="-79.532016">
        <time>2026-09-09T12:13:33Z</time>
      </trkpt>
      <trkpt lat="8.989497" lon="-79.532005">
        <time>2026-09-09T12:13:34Z</time>
      </trkpt>
      <trkpt lat="8.989518" lon="-79.531992">
        <time>2026-09-09T12:13:35Z</time>
      </trkpt>
      <trkpt lat="8.989537" lon="-79.531982">
        <time>2026-09-09T12:13:36Z</time>
      </trkpt>
      <trkpt lat="8.989555" lon="-79.531971">
        <time>2026-09-09T12:13:37Z</time>
      </trkpt>
      <trkpt lat="8.989575" lon="-79.531958">
        <time>2026-09-09T12:13:38Z</time>
      </trkpt>
      <trkpt lat="8.989595" lon="-79.531947">
        <time>2026-09-09T12:13:39Z</time>
      </trkpt>
      <trkpt lat="8.989614" lon="-79.531934">
        <time>2026-09-09T12:13:40Z</time>
      </trkpt>
      <trkpt lat="8.989633" lon="-79.531922">
        <time>2026-09-09T12:13:41Z</time>
      </trkpt>
      <trkpt lat="8.989652" lon="-79.531912">
        <time>2026-09-09T12:13:42Z</time>
      </trkpt>
      <trkpt lat="8.989672" lon="-79.531901">
        <time>2026-09-09T12:13:43Z</time>
      </trkpt>
      <trkpt lat="8.989692" lon="-79.531891">
        <time>2026-09-09T12:13:44Z</time>
      </trkpt>
      <trkpt lat="8.989710" lon="-79.531881">
        <time>2026-09-09T12:13:45Z</time>
      </trkpt>
      <trkpt lat="8.989729" lon="-79.531869">
        <time>2026-09-09T12:13:46Z</time>
      </trkpt>
      <trkpt lat="8.989748" lon="-79.531859">
        <time>2026-09-09T12:13:47Z</time>
      </trkpt>
      <trkpt lat="8.989765" lon="-79.531845">
        <time>2026-09-09T12:13:48Z</time>
      </trkpt>
      <trkpt lat="8.989785" lon="-79.531832">
        <time>2026-09-09T12:13:49Z</time>
      </trkpt>
      <trkpt lat="8.989804" lon="-79.531821">
        <time>2026-09-09T12:13:50Z</time>
      </trkpt>
      <trkpt lat="8.989823" lon="-79.531807">
        <time>2026-09-09T12:13:51Z</time>
      </trkpt>
      <trkpt lat="8.989843" lon="-79.531797">
        <time>2026-09-09T12:13:52Z</time>
      </trkpt>
      <trkpt lat="8.989863" lon="-79.531785">
        <time>2026-09-09T12:13:53Z</time>
      </trkpt>
      <trkpt lat="8.989883" lon="-79.531774">
        <time>2026-09-09T12:13:54Z</time>
      </trkpt>
      <trkpt lat="8.989900" lon="-79.531765">
        <time>2026-09-09T12:13:55Z</time>
      </trkpt>
      <trkpt lat="8.989919" lon="-79.531753">
        <time>2026-09-09T12:13:56Z</time>
      </trkpt>
      <trkpt lat="8.989939" lon="-79.531742">
        <time>2026-09-09T12:13:57Z</time>
      </trkpt>
      <trkpt lat="8.989957" lon="-79.531729">
        <time>2026-09-09T12:13:58Z</time>
      </trkpt>
      <trkpt lat="8.989976" lon="-79.531717">
        <time>2026-09-09T12:13:59Z</time>
      </trkpt>
      <trkpt lat="8.989995" lon="-79.531705">
        <time>2026-09-09T12:14:00Z</time>
      </trkpt>
      <trkpt lat="8.990015" lon="-79.531694">
        <time>2026-09-09T12:14:01Z</time>
      </trkpt>
      <trkpt lat="8.990038" lon="-79.531682">
        <time>2026-09-09T12:14:02Z</time>
      </trkpt>
      <trkpt lat="8.990061" lon="-79.531671">
        <time>2026-09-09T12:14:03Z</time>
      </trkpt>
      <trkpt lat="8.990083" lon="-79.531657">
        <time>2026-09-09T12:14:04Z</time>
      </trkpt>
      <trkpt lat="8.990104" lon="-79.531647">
        <time>2026-09-09T12:14:05Z</time>
      </trkpt>
      <trkpt lat="8.990125" lon="-79.531638">
        <time>2026-09-09T12:14:06Z</time>
      </trkpt>
      <trkpt lat="8.990145" lon="-79.531628">
        <time>2026-09-09T12:14:07Z</time>
      </trkpt>
      <trkpt lat="8.990163" lon="-79.531617">
        <time>2026-09-09T12:14:08Z</time>
      </trkpt>
      <trkpt lat="8.990179" lon="-79.531603">
        <time>2026-09-09T12:14:09Z</time>
      </trkpt>
      <trkpt lat="8.990196" lon="-79.531591">
        <time>2026-09-09T12:14:10Z</time>
      </trkpt>
      <trkpt lat="8.990212" lon="-79.531581">
        <time>2026-09-09T12:14:11Z</time>
      </trkpt>
      <trkpt lat="8.990232" lon="-79.531569">
        <time>2026-09-09T12:14:12Z</time>
      </trkpt>
      <trkpt lat="8.990249" lon="-79.531558">
        <time>2026-09-09T12:14:13Z</time>
      </trkpt>
      <trkpt lat="8.990270" lon="-79.531546">
        <time>2026-09-09T12:14:14Z</time>
      </trkpt>
      <trkpt lat="8.990287" lon="-79.531533">
        <time>2026-09-09T12:14:15Z</time>
      </trkpt>
      <trkpt lat="8.990306" lon="-79.531523">
        <time>2026-09-09T12:14:16Z</time>
      </trkpt>
      <trkpt lat="8.990327" lon="-79.531510">
        <time>2026-09-09T12:14:17Z</time>
      </trkpt>
      <trkpt lat="8.990347" lon="-79.531499">
        <time>2026-09-09T12:14:18Z</time>
      </trkpt>
      <trkpt lat="8.990368" lon="-79.531488">
        <time>2026-09-09T12:14:19Z</time>
      </trkpt>
      <trkpt lat="8.990388" lon="-79.531472">
        <time>2026-09-09T12:14:20Z</time>
      </trkpt>
      <trkpt lat="8.990405" lon="-79.531459">
        <time>2026-09-09T12:14:21Z</time>
      </trkpt>
      <trkpt lat="8.990425" lon="-79.531447">
        <time>2026-09-09T12:14:22Z</time>
      </trkpt>
      <trkpt lat="8.990445" lon="-79.531436">
        <time>2026-09-09T12:14:23Z</time>
      </trkpt>
      <trkpt lat="8.990462" lon="-79.531425">
        <time>2026-09-09T12:14:24Z</time>
      </trkpt>
      <trkpt lat="8.990482" lon="-79.531411">
        <time>2026-09-09T12:14:25Z</time>
      </trkpt>
      <trkpt lat="8.990500" lon="-79.531398">
        <time>2026-09-09T12:14:26Z</time>
      </trkpt>
      <trkpt lat="8.990518" lon="-79.531387">
        <time>2026-09-09T12:14:27Z</time>
      </trkpt>
      <trkpt lat="8.990537" lon="-79.531374">
        <time>2026-09-09T12:14:28Z</time>
      </trkpt>
      <trkpt lat="8.990557" lon="-79.531364">
        <time>2026-09-09T12:14:29Z</time>
      </trkpt>
      <trkpt lat="8.990576" lon="-79.531353">
        <time>2026-09-09T12:14:30Z</time>
      </trkpt>
      <trkpt lat="8.990595" lon="-79.531343">
        <time>2026-09-09T12:14:31Z</time>
      </trkpt>
      <trkpt lat="8.990614" lon="-79.531333">
        <time>2026-09-09T12:14:32Z</time>
      </trkpt>
      <trkpt lat="8.990633" lon="-79.531322">
        <time>2026-09-09T12:14:33Z</time>
      </trkpt>
      <trkpt lat="8.990651" lon="-79.531314">
        <time>2026-09-09T12:14:34Z</time>
      </trkpt>
      <trkpt lat="8.990670" lon="-79.531305">
        <time>2026-09-09T12:14:35Z</time>
      </trkpt>
      <trkpt lat="8.990690" lon="-79.531294">
        <time>2026-09-09T12:14:36Z</time>
      </trkpt>
      <trkpt lat="8.990708" lon="-79.531284">
        <time>2026-09-09T12:14:37Z</time>
      </trkpt>
      <trkpt lat="8.990728" lon="-79.531269">
        <time>2026-09-09T12:14:38Z</time>
      </trkpt>
      <trkpt lat="8.990747" lon="-79.531255">
        <time>2026-09-09T12:14:39Z</time>
      </trkpt>
      <trkpt lat="8.990766" lon="-79.531241">
        <time>2026-09-09T12:14:40Z</time>
      </trkpt>
      <trkpt lat="8.990783" lon="-79.531220">
        <time>2026-09-09T12:14:41Z</time>
      </trkpt>
      <trkpt lat="8.990797" lon="-79.531200">
        <time>2026-09-09T12:14:42Z</time>
      </trkpt>
      <trkpt lat="8.990804" lon="-79.531178">
        <time>2026-09-09T12:14:43Z</time>
      </trkpt>
      <trkpt lat="8.990807" lon="-79.531160">
        <time>2026-09-09T12:14:44Z</time>
      </trkpt>
      <trkpt lat="8.990808" lon="-79.531141">
        <time>2026-09-09T12:14:45Z</time>
      </trkpt>
      <trkpt lat="8.990812" lon="-79.531118">
        <time>2026-09-09T12:14:46Z</time>
      </trkpt>
      <trkpt lat="8.990809" lon="-79.531096">
        <time>2026-09-09T12:14:47Z</time>
      </trkpt>
      <trkpt lat="8.990806" lon="-79.531075">
        <time>2026-09-09T12:14:48Z</time>
      </trkpt>
      <trkpt lat="8.990803" lon="-79.531053">
        <time>2026-09-09T12:14:49Z</time>
      </trkpt>
      <trkpt lat="8.990799" lon="-79.531033">
        <time>2026-09-09T12:14:50Z</time>
      </trkpt>
      <trkpt lat="8.990797" lon="-79.531010">
        <time>2026-09-09T12:14:51Z</time>
      </trkpt>
      <trkpt lat="8.990793" lon="-79.530987">
        <time>2026-09-09T12:14:52Z</time>
      </trkpt>
      <trkpt lat="8.990788" lon="-79.530962">
        <time>2026-09-09T12:14:53Z</time>
      </trkpt>
      <trkpt lat="8.990782" lon="-79.530941">
        <time>2026-09-09T12:14:54Z</time>
      </trkpt>
      <trkpt lat="8.990776" lon="-79.530918">
        <time>2026-09-09T12:14:55Z</time>
      </trkpt>
      <trkpt lat="8.990768" lon="-79.530896">
        <time>2026-09-09T12:14:56Z</time>
      </trkpt>
      <trkpt lat="8.990761" lon="-79.530876">
        <time>2026-09-09T12:14:57Z</time>
      </trkpt>
      <trkpt lat="8.990756" lon="-79.530857">
        <time>2026-09-09T12:14:58Z</time>
      </trkpt>
      <trkpt lat="8.990751" lon="-79.530837">
        <time>2026-09-09T12:14:59Z</time>
      </trkpt>
      <trkpt lat="8.990745" lon="-79.530813">
        <time>2026-09-09T12:15:00Z</time>
      </trkpt>
      <trkpt lat="8.990740" lon="-79.530792">
        <time>2026-09-09T12:15:01Z</time>
      </trkpt>
      <trkpt lat="8.990733" lon="-79.530773">
        <time>2026-09-09T12:15:02Z</time>
      </trkpt>
      <trkpt lat="8.990727" lon="-79.530752">
        <time>2026-09-09T12:15:03Z</time>
      </trkpt>
      <trkpt lat="8.990720" lon="-79.530729">
        <time>2026-09-09T12:15:04Z</time>
      </trkpt>
      <trkpt lat="8.990716" lon="-79.530711">
        <time>2026-09-09T12:15:05Z</time>
      </trkpt>
      <trkpt lat="8.990707" lon="-79.530692">
        <time>2026-09-09T12:15:06Z</time>
      </trkpt>
      <trkpt lat="8.990696" lon="-79.530672">
        <time>2026-09-09T12:15:07Z</time>
      </trkpt>
      <trkpt lat="8.990694" lon="-79.530656">
        <time>2026-09-09T12:15:08Z</time>
      </trkpt>
      <trkpt lat="8.990690" lon="-79.530636">
        <time>2026-09-09T12:15:09Z</time>
      </trkpt>
      <trkpt lat="8.990684" lon="-79.530615">
        <time>2026-09-09T12:15:10Z</time>
      </trkpt>
      <trkpt lat="8.990677" lon="-79.530596">
        <time>2026-09-09T12:15:11Z</time>
      </trkpt>
      <trkpt lat="8.990669" lon="-79.530573">
        <time>2026-09-09T12:15:12Z</time>
      </trkpt>
      <trkpt lat="8.990662" lon="-79.530553">
        <time>2026-09-09T12:15:13Z</time>
      </trkpt>
      <trkpt lat="8.990656" lon="-79.530535">
        <time>2026-09-09T12:15:14Z</time>
      </trkpt>
      <trkpt lat="8.990649" lon="-79.530512">
        <time>2026-09-09T12:15:15Z</time>
      </trkpt>
      <trkpt lat="8.990643" lon="-79.530493">
        <time>2026-09-09T12:15:16Z</time>
      </trkpt>
      <trkpt lat="8.990638" lon="-79.530474">
        <time>2026-09-09T12:15:17Z</time>
      </trkpt>
      <trkpt lat="8.990631" lon="-79.530454">
        <time>2026-09-09T12:15:18Z</time>
      </trkpt>
      <trkpt lat="8.990627" lon="-79.530436">
        <time>2026-09-09T12:15:19Z</time>
      </trkpt>
      <trkpt lat="8.990619" lon="-79.530417">
        <time>2026-09-09T12:15:20Z</time>
      </trkpt>
      <trkpt lat="8.990612" lon="-79.530396">
        <time>2026-09-09T12:15:21Z</time>
      </trkpt>
      <trkpt lat="8.990607" lon="-79.530376">
        <time>2026-09-09T12:15:22Z</time>
      </trkpt>
      <trkpt lat="8.990597" lon="-79.530354">
        <time>2026-09-09T12:15:23Z</time>
      </trkpt>
      <trkpt lat="8.990591" lon="-79.530333">
        <time>2026-09-09T12:15:24Z</time>
      </trkpt>
      <trkpt lat="8.990588" lon="-79.530313">
        <time>2026-09-09T12:15:25Z</time>
      </trkpt>
      <trkpt lat="8.990583" lon="-79.530288">
        <time>2026-09-09T12:15:26Z</time>
      </trkpt>
      <trkpt lat="8.990577" lon="-79.530265">
        <time>2026-09-09T12:15:27Z</time>
      </trkpt>
      <trkpt lat="8.990574" lon="-79.530246">
        <time>2026-09-09T12:15:28Z</time>
      </trkpt>
      <trkpt lat="8.990569" lon="-79.530223">
        <time>2026-09-09T12:15:29Z</time>
      </trkpt>
      <trkpt lat="8.990564" lon="-79.530204">
        <time>2026-09-09T12:15:30Z</time>
      </trkpt>
      <trkpt lat="8.990560" lon="-79.530182">
        <time>2026-09-09T12:15:31Z</time>
      </trkpt>
      <trkpt lat="8.990557" lon="-79.530159">
        <time>2026-09-09T12:15:32Z</time>
      </trkpt>
      <trkpt lat="8.990554" lon="-79.530138">
        <time>2026-09-09T12:15:33Z</time>
      </trkpt>
      <trkpt lat="8.990551" lon="-79.530120">
        <time>2026-09-09T12:15:34Z</time>
      </trkpt>
      <trkpt lat="8.990543" lon="-79.530099">
        <time>2026-09-09T12:15:35Z</time>
      </trkpt>
      <trkpt lat="8.990534" lon="-79.530078">
        <time>2026-09-09T12:15:36Z</time>
      </trkpt>
      <trkpt lat="8.990526" lon="-79.530059">
        <time>2026-09-09T12:15:37Z</time>
      </trkpt>
      <trkpt lat="8.990517" lon="-79.530041">
        <time>2026-09-09T12:15:38Z</time>
      </trkpt>
      <trkpt lat="8.990510" lon="-79.530024">
        <time>2026-09-09T12:15:39Z</time>
      </trkpt>
      <trkpt lat="8.990511" lon="-79.530008">
        <time>2026-09-09T12:15:40Z</time>
      </trkpt>
      <trkpt lat="8.990508" lon="-79.529987">
        <time>2026-09-09T12:15:41Z</time>
      </trkpt>
      <trkpt lat="8.990507" lon="-79.529968">
        <time>2026-09-09T12:15:42Z</time>
      </trkpt>
      <trkpt lat="8.990503" lon="-79.529947">
        <time>2026-09-09T12:15:43Z</time>
      </trkpt>
      <trkpt lat="8.990498" lon="-79.529928">
        <time>2026-09-09T12:15:44Z</time>
      </trkpt>
      <trkpt lat="8.990493" lon="-79.529908">
        <time>2026-09-09T12:15:45Z</time>
      </trkpt>
      <trkpt lat="8.990488" lon="-79.529885">
        <time>2026-09-09T12:15:46Z</time>
      </trkpt>
      <trkpt lat="8.990485" lon="-79.529864">
        <time>2026-09-09T12:15:47Z</time>
      </trkpt>
      <trkpt lat="8.990478" lon="-79.529841">
        <time>2026-09-09T12:15:48Z</time>
      </trkpt>
      <trkpt lat="8.990469" lon="-79.529817">
        <time>2026-09-09T12:15:49Z</time>
      </trkpt>
      <trkpt lat="8.990457" lon="-79.529795">
        <time>2026-09-09T12:15:50Z</time>
      </trkpt>
      <trkpt lat="8.990438" lon="-79.529778">
        <time>2026-09-09T12:15:51Z</time>
      </trkpt>
      <trkpt lat="8.990413" lon="-79.529769">
        <time>2026-09-09T12:15:52Z</time>
      </trkpt>
      <trkpt lat="8.990389" lon="-79.529768">
        <time>2026-09-09T12:15:53Z</time>
      </trkpt>
      <trkpt lat="8.990366" lon="-79.529770">
        <time>2026-09-09T12:15:54Z</time>
      </trkpt>
      <trkpt lat="8.990353" lon="-79.529770">
        <time>2026-09-09T12:15:55Z</time>
      </trkpt>
      <trkpt lat="8.990338" lon="-79.529772">
        <time>2026-09-09T12:15:56Z</time>
      </trkpt>
      <trkpt lat="8.990327" lon="-79.529775">
        <time>2026-09-09T12:15:57Z</time>
      </trkpt>
      <trkpt lat="8.990316" lon="-79.529781">
        <time>2026-09-09T12:15:58Z</time>
      </trkpt>
      <trkpt lat="8.990306" lon="-79.529783">
        <time>2026-09-09T12:15:59Z</time>
      </trkpt>
      <trkpt lat="8.990306" lon="-79.529783">
        <time>2026-09-09T12:16:00Z</time>
      </trkpt>
      <trkpt lat="8.990305" lon="-79.529782">
        <time>2026-09-09T12:16:01Z</time>
      </trkpt>
      <trkpt lat="8.990307" lon="-79.529781">
        <time>2026-09-09T12:16:02Z</time>
      </trkpt>
    </trkseg>
  </trk>
</gpx>
